step,optimizer_phase,optimizer_iteration,optimizer_evaluation,learning_rate,evaluation_success,objective,gradient_rms,gradient_inf,activation_update_rms,forward_converged,forward_iterations,forward_failure,line_search_failures,equilibrium_residual_rms,min_det_f,min_det_g,min_det_ainv,min_singular_ainv,top_target_mae,top_target_rms,top_target_max,top_error_rms,top_highpass_rms,top_slope_rms,top_curvature_rms,activation_neighbor_jump_rms,activation_rms
0,adam,0,1,0.03,1,0.0013400335000000002,7.889102619888023e-07,3.9911966286339254e-06,0.0,1,1,,0,4.800886920765453e-18,0.9999999999999716,0.9999999999999716,1.0,1.0,0.0335,0.03660646800771689,0.05,0.03660646800771689,0.0,0.0,0.0,0.0,0.0
1,adam,1,2,0.029699999999999997,1,0.0012511191416647476,8.021848868695408e-07,3.3687044148938114e-06,0.028401179329831397,1,18,,0,1.8193832816549538e-09,0.9646088877450871,0.9352264997265325,0.9401697261241649,0.9403802609822888,0.03233879077447012,0.035371162571574424,0.04826326964185072,0.03536271066905629,6.747038942441923e-05,0.011254690475056757,0.49859127281660887,0.008492364486982313,0.0284011793298314
2,adam,2,3,0.029403,1,0.0011588293366052722,8.291679199687065e-07,2.8469633052554577e-06,0.02809774463635851,1,10,,0,2.5199795604918115e-10,0.9128271404091801,0.8712060052727718,0.881376559243495,0.8817665318586113,0.031059712714026452,0.03404158246329439,0.04648881230681013,0.03400719814399667,0.00012416854424174956,0.021146791390742225,0.8797475633427109,0.015106522968677002,0.05643518552740212
3,adam,3,4,0.029108969999999998,1,0.0010625872843414179,8.668642426382491e-07,2.3786117953218828e-06,0.027855780224393847,1,23,,0,3.2561819702423817e-10,0.867213788861712,0.8072758244514382,0.8235395953340717,0.8242788375373574,0.029648290619426025,0.03259735087919596,0.044743188219039325,0.032517923142456606,0.00017806705159948314,0.03071683767971446,1.236754688589474,0.020831148345275313,0.0842075810061868
4,adam,4,5,0.028817880299999998,1,0.0009619200611590463,9.126713608784452e-07,2.0772175875035134e-06,0.027595289332575317,1,17,,0,6.469251138904357e-10,0.8292533348317455,0.7418498944727389,0.7663370262076243,0.767739034925064,0.028085566864023897,0.031014836145932582,0.042962060951626004,0.030868217317482138,0.00023361183921425077,0.04062444150474299,1.624577066975736,0.02589179755474863,0.11168809483813237
5,adam,5,6,0.028529701496999998,1,0.000856577155905205,9.652740313412599e-07,2.06320756056014e-06,0.027308210092769118,1,16,,0,2.77415477320278e-10,0.7962235359287112,0.6747367932439887,0.7092609126633536,0.7113034609615911,0.02634987213703005,0.02926733940598641,0.04114900034209449,0.029025693704703835,0.00029750055842463923,0.051701253661260015,2.1157220848955,0.030580576986670677,0.13883925128355937
6,adam,6,7,0.02824440448203,1,0.0007468653930153488,1.036479151556675e-06,2.9671966155656294e-06,0.02700664049132522,1,29,,0,1.7810911016333908e-09,0.7622320899416761,0.6053125095764731,0.6526664457603434,0.6554057671444545,0.02441874727093765,0.027328838120479048,0.03939596315401661,0.026951354701349114,0.00038593211873277146,0.06597080230133118,2.8499239164374512,0.03524576155557287,0.16563498798728934
7,adam,7,8,0.027961960437209697,1,0.0006355804327702497,1.2413351535887855e-06,6.5881691103836405e-06,0.026584272964134868,1,41,,0,2.3538952143973412e-09,0.7114570521768754,0.568590354203141,0.5966083151889232,0.5992166311288336,0.02228012278038279,0.025210720592046744,0.03782786631984026,0.024636234501928412,0.0005262845341566835,0.0872426396303686,3.8266579238477854,0.04040777737032192,0.19194677883864225
8,adam,8,9,0.0276823408328376,1,0.0005697370775476532,1.7122470379601577e-06,8.776990644797909e-06,0.025351464716845917,1,39,,0,2.0073688040330073e-10,0.5233015115054142,0.5020643971556351,0.5412698907492818,0.5440420927340028,0.021441233106322094,0.02386916583267319,0.03474764512506214,0.023195398750825814,0.0010283762305538062,0.1522716935939545,6.963025169800077,0.04597776429028603,0.21674961207583274
9,adam,9,10,0.027405517424509224,1,0.00045362010769310336,3.7358028832527574e-06,4.125722229544372e-05,0.023191701109870674,1,30,,0,3.341020680231369e-10,0.4311113154407287,0.4311113154407287,0.4867653037546299,0.4910947658512869,0.018345820995633352,0.021298359272326668,0.03148558109368939,0.020347087184264298,0.0010682305369885076,0.15389929231608498,7.226460733894782,0.05270913883435237,0.2381982881971582
10,adam,10,11,0.02713146225026413,1,0.0004598981847783488,3.2760479281549603e-06,1.590226981898409e-05,0.01975839102716787,1,59,,0,5.3432390318122865e-11,0.31553040187559067,0.31553040187559067,0.4360328625279312,0.4405239414890649,0.018330936473783373,0.021445236878578626,0.03641645734056891,0.018500115698942003,0.0015218009661913702,0.2360207870382162,12.763543166169821,0.05884105384239468,0.2556407686806484
11,adam,11,12,0.02686014762776149,1,0.0003954858102951146,3.780807610674877e-06,1.9437148807450327e-05,0.01667349312054093,1,50,,0,9.581912370777236e-11,0.6021767911871069,0.46175388346435486,0.389113868254234,0.39275048963272013,0.01702504275746191,0.01988682504310617,0.0331055110690366,0.01745187611267411,0.0019997918253267613,0.28774507208465955,16.159527942716775,0.06646270481352586,0.26800765162462864
12,adam,12,13,0.026591546151483875,1,0.00045539320119168745,7.186419197276579e-06,6.219234266267599e-05,0.015549316966537224,1,66,,0,6.779802304131968e-11,0.5217387261356229,0.4509833855177704,0.3400152994544255,0.3497374407935751,0.017974375105427643,0.021339943795420067,0.03718121183298669,0.01858649922915097,0.0024964130832693127,0.3784115326340294,18.614983501090936,0.07731295898107694,0.2777869427011071
13,adam,13,14,0.026325630689969032,1,0.0002924669398719966,8.163493298356602e-06,9.99779675354244e-05,0.013014573202324659,1,20,,0,8.573127619359622e-09,0.4890396973740663,0.41187348853695394,0.2915908144106483,0.30294328894818473,0.01441869283357516,0.0171016648274955,0.0359060987849392,0.015344899495852039,0.002514391365957706,0.34611843450622376,19.54827086553402,0.08712391747512847,0.283670502032943
14,adam,14,15,0.026062374383069346,1,0.00028111768948933027,3.0053835899703403e-06,2.6517516863557566e-05,0.013065557021737097,1,27,,0,3.866949307891747e-09,0.5185735396852914,0.38762772372918025,0.24624142937471563,0.2573055052407118,0.014433098933619298,0.01676656462992137,0.034558332598593734,0.015040546462866771,0.002734600640884554,0.37480514117117586,21.660308621935584,0.09818053744157824,0.28925642354958997
15,adam,15,16,0.025801750639238653,1,0.0002526038454047756,2.88970415739666e-06,1.9264307137302947e-05,0.011582425412201405,1,48,,0,5.245253965291833e-10,0.5432532195958704,0.3707147683133985,0.2042659487491692,0.21468710562716645,0.013815522283891069,0.015893515828940292,0.030792227990452822,0.013826260037674776,0.002745017730225762,0.3738175406307658,22.145367124226322,0.10879673403720068,0.29432461123021614
16,adam,16,17,0.025543733132846264,1,0.00019745134328725527,2.1417452209033656e-06,1.3046808964077939e-05,0.010953120413066668,1,30,,0,1.1460247422728185e-09,0.45815773466150383,0.3636233493947532,0.1653497040804993,0.17474837387620695,0.012289442968866767,0.014051738087768903,0.027050474233135495,0.012027718817452975,0.002715900863997494,0.36497022201447316,22.748657382008428,0.11930880035226311,0.2991834084356569
17,adam,17,18,0.025288295801517802,1,0.000150947123946045,1.5790030784470352e-06,1.2204031504980787e-05,0.010697920549852686,1,39,,0,6.444304296966543e-09,0.5230465564950044,0.36333350194822583,0.1247873709791096,0.13211365223878851,0.010762741074548459,0.01228605404294011,0.025303565807365636,0.010192545276635816,0.0026171632196440747,0.3516558346465786,23.42350356429162,0.12946090236797508,0.3040519500083144
18,adam,18,19,0.025035412843502625,1,0.0001170314751775543,1.8212292066633942e-06,2.2639712660812875e-05,0.010267487118403695,1,40,,0,1.501806700114043e-09,0.423333959913181,0.36513196914114177,0.07788759381080698,0.08259624694962868,0.00962024737182725,0.010818108669150735,0.021529960909659255,0.008403878451247855,0.0024769989622009337,0.33644661080478727,24.223893400113646,0.13926571512230976,0.3088741111648308
19,adam,19,20,0.024785058715067598,1,9.93828593442665e-05,7.973952993853997e-06,0.0003916774320633273,0.009651348829435594,1,107,,0,3.3315392376074837e-09,0.38057274470811986,0.1003826206424015,0.03578758239718827,0.038008380745104375,0.008982853792334346,0.009969095211917002,0.01693758259309375,0.007260303139121109,0.00233111661306532,0.3214730946403147,23.28592811298279,0.14864122419724288,0.31340416463557297
20,adam,20,21,0.02453720812791692,1,9.055156943517251e-05,1.878098697141748e-06,2.6327942794427414e-05,0.008924217402205807,1,31,,0,3.125870771470167e-09,0.2606143176132287,-0.002528342250476174,-0.0031168802887611346,0.003312717084437559,0.008426227617961767,0.009515858838548021,0.01771263708596372,0.006737217483372068,0.0023345167155460773,0.3191653522518313,23.877446501673347,0.15707025557498863,0.31722879202233223
21,adam,21,22,0.024291836046637753,1,7.382206967585776e-05,2.2059941864448113e-06,3.4655531657626296e-05,0.008315780846566308,1,37,,0,1.6554304844876883e-09,-0.7139194625063098,-0.06288506504593537,-0.04463781699288045,0.0021798067067653293,0.007650287097486931,0.008591977052800931,0.01649087076233003,0.0061473317055623115,0.002212353208935429,0.30158705345994463,23.28557912828721,0.16478484404075602,0.3203752467447034
22,adam,22,23,0.024048917686171376,1,6.520549163398214e-05,1.9531503558737037e-06,4.729936193489795e-05,0.007785088984256686,1,44,,0,4.692020989868532e-11,-13.47682459498361,-0.0970796017162506,-0.08069311861535416,0.00029306132793371117,0.007150775980025648,0.008074991742038014,0.016903301694347075,0.00607347918943623,0.0021299530328983906,0.29090678090711836,22.979335829653387,0.17173990739669595,0.3227180821593953
23,adam,23,24,0.02380842850930966,1,6.676554926001059e-05,6.506448221167929e-06,0.0003164652489078304,0.007416623028580375,1,102,,0,2.1216441630230023e-11,-19.541860485614432,-0.1275129449520126,-0.11362445936662652,0.0009644845607932205,0.0073215620787263885,0.008171018863031133,0.01458331525480952,0.006721451087651018,0.0019617512326492955,0.2730068065461461,21.98962565581635,0.17791504217906634,0.32436973271342523
24,adam,24,25,0.023570344224216562,1,5.140818986110089e-05,5.4582708479189966e-06,0.00016821509713776462,0.007173393570056784,1,118,,0,6.023908169356667e-09,-46.44574822476825,-0.15049119507401745,-0.14457559393251004,0.0015262740558744054,0.006480074591574793,0.0071699504782879,0.012954163317369339,0.005487220732041603,0.0018747447934048661,0.2564057840584122,20.39182477564095,0.18340505160139803,0.32558969193289755
25,adam,25,26,0.0233346407819744,1,4.0619514654543136e-05,2.0742978628134657e-06,4.768812067528264e-05,0.006906826787856228,1,54,,0,5.149364353433069e-10,-21.242435496751195,-0.15863549493206466,-0.1758676837783846,0.0011833552044396099,0.005747405445166218,0.006373344071564247,0.013123000991255641,0.004700186514656447,0.0019520017546890464,0.2593390308986282,20.49774288332431,0.18807234704494966,0.3263722722961952
26,adam,26,27,0.023101294374154653,1,3.3893512311122096e-05,1.6656425868731551e-06,4.2525611138036536e-05,0.00643450861673957,1,43,,0,1.4191716802367403e-09,-16.82650884117721,-0.17668608677564923,-0.20373981426346544,0.0005216439980967864,0.005240058381660221,0.005821813489894888,0.010654161274104063,0.004042119621827095,0.0017198938724550807,0.23512188349737795,19.330805608914233,0.19227288679395826,0.32694758770460336
27,adam,27,28,0.022870281430413107,1,4.1914374983005095e-05,3.923314079014689e-06,9.498104477404204e-05,0.006037886401243295,1,112,,0,4.4210474071848895e-10,-25.606965471608454,-0.04037784971220034,-0.22909578118298426,6.731626548006579e-05,0.005668906885624466,0.006474131214534124,0.015418707595419141,0.004569981354746175,0.0016647602756563998,0.23256808733686343,18.759484066166454,0.19608570754989293,0.3274116522997246
28,adam,28,29,0.022641578616108975,1,2.442222552355814e-05,9.422234339050831e-07,2.5156109515747898e-05,0.0058746363919068255,1,62,,0,1.2136661728521203e-09,-18.856002018678893,-0.2221545549048777,-0.2526248043059832,0.0007311376305584251,0.004500500349740238,0.00494188481488168,0.011511634743398672,0.003491324491541097,0.0016818479447782736,0.2280355676550955,19.11989689240519,0.1995377535578482,0.3278125928661301
29,adam,29,30,0.022415162829947884,1,2.4176961410607714e-05,2.424447042231443e-06,7.952278172574679e-05,0.005445073981683684,1,90,,0,4.856113441887823e-09,-14.802294933458567,-0.2672458764545921,-0.28350872777775693,0.002523192179368516,0.004431580297844735,0.0049170073632858954,0.010908326848808112,0.003474588614758208,0.0016643167504886607,0.22723205662778578,19.862258863409714,0.20277585655631786,0.32818056439020227
30,adam,30,31,0.022191011201648406,1,2.7520336360135587e-05,1.1456699737471067e-05,0.0003583330266700959,0.005022194307701949,1,35,,0,2.6742883623024645e-10,-16.107854077407065,-0.257247029879504,-0.31297069451089843,0.0018516963890716105,0.004446940463682288,0.005245982878368513,0.014925098023699018,0.003639799001970036,0.0015652146014260818,0.2224003559248254,20.220584989024037,0.2057402619129316,0.32855999755270415
31,adam,31,32,0.021969101089631925,1,2.6857788824350583e-05,6.656735965964809e-06,0.00021398149920262438,0.004849786137414025,1,108,,0,1.184948194092913e-11,-15.22887062163186,-0.2396663863909355,-0.33978938890550886,0.0005182847006482119,0.004292651565049501,0.005182450079291703,0.016920526335899227,0.0034230930081607853,0.0016188910873441466,0.22656938198346765,20.30911775713081,0.2084377985618641,0.3288633792390716
32,adam,32,33,0.0217494100787356,1,2.9629858476014872e-05,5.275671169382756e-06,0.0002090999545315538,0.004508076959247644,1,41,,0,4.595636146599536e-09,-15.782647051113763,-0.2253293160033315,-0.3653850167343025,0.0009079122629091764,0.00438353758721068,0.0054433315603603346,0.01714674139318839,0.003511424368981021,0.0015663405412454563,0.22246288790458071,20.389830047357307,0.2109503226668046,0.3291309659708772
33,adam,33,34,0.021531915977948245,1,1.7508709079284864e-05,3.864672380524701e-06,0.0001627422144471407,0.004339252192746802,1,55,,0,1.7235576404861498e-09,-18.621568064999977,-0.21198851196466492,-0.39175918201192794,0.0007395424846472285,0.0036519608149447745,0.004184340937266568,0.008787806580012159,0.003031013087727712,0.0013318195448697883,0.1975074927248247,18.97719711882259,0.21323334332132562,0.32928949982176453
34,adam,34,35,0.021316596818168762,1,1.6828571873144517e-05,3.2125619600369463e-06,9.870746033085933e-05,0.00399117291702163,1,24,,0,1.1905572215829945e-09,-20.34004537738175,-0.1960463551820741,-0.4178464579592489,0.0007235949400232407,0.003628866097377985,0.004102264237362644,0.008767285280936633,0.0028204713487793246,0.00136770467033336,0.20220450995291456,19.263502073502572,0.21538791136116914,0.3295552299914433
35,adam,35,36,0.021103430849987073,1,1.4683312195091124e-05,1.7128453807827895e-06,5.494644499017209e-05,0.003753744316648876,1,52,,0,4.984363219967849e-10,-22.54884158772614,-0.17442996663751947,-0.44410754210007497,0.0008146065836593234,0.003339809788881873,0.0038318810256962733,0.009188884358889865,0.002312819626550225,0.0012459121257933747,0.19129718744990787,18.62784495007221,0.21744332649441067,0.32988382007989947
36,adam,36,37,0.020892396541487203,1,1.2312551159561984e-05,9.529704442307337e-07,2.8591075393455484e-05,0.0034569669707511822,1,27,,0,5.890358821114052e-09,-22.813110840180304,-0.15644852393838532,-0.46772741993625844,0.0010699831101217492,0.003119889348636815,0.0035089245018327174,0.007710935511593594,0.0021653412582853153,0.0012191076517359832,0.1894192014481877,18.581276342825216,0.2194246792016826,0.33023210459001473
37,adam,37,38,0.02068347257607233,1,1.4044738527198853e-05,1.8519819360969024e-06,5.6700915756878195e-05,0.0032659401928470454,1,27,,0,8.855088387114045e-10,-32.43935635669739,-0.1554837393534065,-0.4885472197709107,0.001634760343470054,0.003305268964653565,0.0037476310553733612,0.008879535273691924,0.0025859261567952084,0.0012559334685240968,0.1939013846061467,19.267973036363966,0.22129729802939924,0.3305957499361572
38,adam,38,39,0.020476637850311608,1,1.1756410647286256e-05,1.2510516664012878e-06,3.839026544087715e-05,0.0030368708733035923,1,43,,0,2.7590307362277492e-09,-24.828485525426185,-0.16267682992084284,-0.5070493357219606,0.006684635115960211,0.003069560927916359,0.003428762261704106,0.007748594395837031,0.0022329209627629477,0.0012265615924930914,0.19107059087850845,19.27630683433856,0.22305948922682978,0.33102987956411234
39,adam,39,40,0.020271871471808492,1,9.346459536685826e-06,4.7657315267157117e-07,7.563613180033328e-06,0.0028965353852079085,1,26,,0,1.3318885110703756e-10,-20.536993891381098,-0.18157276434020253,-0.5237336681997683,0.0006768830873734527,0.0027674128397058313,0.003057197987812668,0.00706923826139216,0.001872664968474455,0.0011345235180585357,0.18364663876675405,18.747830355047103,0.22470290335258256,0.331497305387837
40,adam,40,41,0.020069152757090408,1,8.67062715873349e-06,7.238802092964317e-07,2.2197299926017583e-05,0.0027548995576037673,1,10,,0,4.772215931566724e-09,-20.032128118809162,-0.19760356017762198,-0.5388208560778298,0.0021139873969008805,0.002643490654307158,0.002944592868077604,0.006509326236169674,0.0017273161476426655,0.0010439684817275055,0.1762096359545137,18.067733328192677,0.2262406945868204,0.331947546860122
41,adam,41,42,0.019868461229519505,1,8.280509239199529e-06,5.43903069450441e-07,6.272545758595833e-06,0.002533465641730379,1,20,,0,6.706730629580565e-09,-20.21497325541529,-0.2158009682133436,-0.5520320562572708,0.005661959811575841,0.0026197182272354566,0.0028775873990548972,0.005959564228704576,0.001568989032869234,0.00098255795803127,0.17109182751819418,17.754692182002614,0.22766611550921997,0.3323625998043427
42,adam,42,43,0.019669776617224306,1,9.004152469242976e-06,1.1688527605554767e-06,2.6517690319514663e-05,0.0022442836494705773,1,22,,0,4.613429566631892e-11,-20.561667575517244,-0.1541060310679113,-0.5636786952968272,0.0033799565325801843,0.002729834275866617,0.003000691998396866,0.0060996423543951675,0.0016921175847782882,0.0009298117431805659,0.16602355863723472,17.34875951943853,0.22893815873938078,0.33271336069598223
43,adam,43,44,0.019473078851052063,1,7.803134623161925e-06,6.334519624537395e-07,1.199606834450225e-05,0.002109519323442382,1,14,,0,5.4852791134771615e-09,-20.907010706739367,-0.10574087855965347,-0.5736462855552924,0.006329017936813881,0.002523887516375291,0.002793409139951025,0.0058973194472832745,0.0015826333653576794,0.000927523630836431,0.1660366343743062,17.45589965340843,0.23004068606127773,0.33308138944948756
44,adam,44,45,0.019278348062541542,1,7.2032532841729214e-06,6.033324006979864e-07,1.3662112160665159e-05,0.002005296463387773,1,14,,0,3.9183806587115706e-09,-21.10835990327873,-0.06131812651094026,-0.5829416593532619,0.011153352731102371,0.0024036485587741385,0.00268388771824995,0.005952179314714226,0.0014878700131802326,0.00090454760447892,0.16408591390654145,17.37688169921166,0.23107790282220583,0.3334663203879932
45,adam,45,46,0.019085564581916126,1,7.545932474386344e-06,6.037100220898547e-07,1.4270090925483667e-05,0.0019136300911006792,1,44,,0,8.370686352241883e-11,-21.149410139134297,-0.06080998894155292,-0.5918365087284593,0.006754510958166578,0.0024448413915866027,0.0027469860710215375,0.005992307656900466,0.0015211230791233388,0.0008825281371091897,0.16270646077652845,17.081273085328856,0.23205220385888684,0.3338655020598652
46,adam,46,47,0.018894708936096967,1,6.904528529819981e-06,4.6279337678371617e-07,1.2687785851916952e-05,0.0017930547750021157,1,12,,0,7.43875741372807e-09,-21.126300389938447,-0.06339127608182485,-0.6005497190374846,0.0033730459901132855,0.0023470694806188215,0.002627646956845607,0.005727818036687853,0.0013761354447539697,0.0008743520098195196,0.16205810745834634,17.04393279421689,0.23292752035713568,0.33425328573555857
47,adam,47,48,0.018705761846736,1,6.595582154897807e-06,4.90200589900361e-07,1.232194072692067e-05,0.0017066443438036043,1,13,,0,4.563388776292315e-09,-21.295169200143295,-0.0661908897366578,-0.6088024652679261,3.4820395684679224e-05,0.0022974489120143682,0.0025681865498631143,0.005408583325382827,0.0012864355997424131,0.0008823070642613589,0.16298001171803966,17.197710022217198,0.23370532679445294,0.3346338905945981
48,adam,48,49,0.018518704228268637,1,5.9707005668985825e-06,1.400580911817957e-06,7.15281758705738e-05,0.0016967296237254176,1,22,,0,2.714621456641136e-09,-21.54187498344185,-0.06835226166177343,-0.6164411887194992,0.0007046681233333054,0.0022175000336865287,0.002443501701840738,0.00488202050168911,0.0014163804426076067,0.0008906711470050393,0.16348004825697368,17.168888349532335,0.23439877268565565,0.33500189571394823
49,adam,49,50,0.01833351718598595,1,5.5722687474446705e-06,9.971948410776466e-07,5.073396984628613e-05,0.0016019013464989328,1,16,,0,7.290500584847934e-09,-21.703831186305063,-0.07031650140425706,-0.6236113658584402,0.0020703486886677457,0.0021586861938579643,0.002360565344879203,0.004679952192148765,0.0013247915546313216,0.0008805530366209483,0.16331574881585373,17.194105301540013,0.2350152130023923,0.33535300278916286
50,adam,50,51,0.01815018201412609,1,5.137628037753313e-06,6.006077977889839e-07,1.9151933627979367e-05,0.001504738345287082,1,14,,0,8.174217210289977e-09,-21.709607258504754,-0.07159156213967204,-0.6303860548469348,0.004731016175257032,0.00205536584370502,0.0022666336355382432,0.004145951301210404,0.0012139204391389037,0.0008663203262380319,0.16154407317191957,16.963710819416203,0.2355570484563428,0.33565021272850104
51,adam,51,52,0.01796868019398483,1,5.748817234095426e-06,7.43688652240583e-07,1.940778589175772e-05,0.0014480534879173224,1,14,,0,4.134980443852111e-09,-21.5202924880693,-0.07442016732476331,-0.6365823005775776,0.0026972083350584896,0.0020883266824517554,0.002397669125232968,0.005453656698747769,0.0012743482977976865,0.0008715463154387259,0.16174042424388704,16.789608258703435,0.23604742734796166,0.3359105252032357
52,adam,52,53,0.017788993392044983,1,5.294144772142124e-06,4.992644091993253e-07,1.5507531474746207e-05,0.0013352246021040588,1,12,,0,6.946521768327005e-10,-21.194131710060258,-0.07456515940456646,-0.6421678725236941,0.005306164250788866,0.0020353474309096303,0.002300900860998171,0.004685140810778892,0.00125034765270941,0.0008477272295667624,0.16010091969918835,16.51437147504137,0.23646238919675608,0.33612198462941506
53,adam,53,54,0.01761110345812453,1,4.692377214769389e-06,5.820645893309113e-07,1.57579715632164e-05,0.0013396890727302658,1,5,,0,3.7198342734014918e-09,-20.71631941398565,-0.07370089426336379,-0.6469782051312675,0.0009673533565517223,0.0019564411101766605,0.0021661895611348025,0.004278084583399068,0.001214587664861249,0.0008180867950037986,0.15799546852084512,16.337467946418755,0.236796870277738,0.33626061295132825
54,adam,54,55,0.017434992423543287,1,4.588914319848344e-06,4.6512503542471966e-07,8.570231699461046e-06,0.0013144090249776516,1,10,,0,1.3460806730840304e-10,-18.8104653901556,-0.07343806975406077,-0.6510555369849471,4.5323761096822494e-05,0.00191648323892833,0.002142175137529223,0.004641138329573455,0.0011374839059601785,0.000800973426861302,0.15638976726288312,16.14070705312779,0.23708742809534403,0.33633113527548386
55,adam,55,56,0.017260642499307855,1,4.2089685480268405e-06,4.2718182343024825e-07,1.0775593468802267e-05,0.001236422672417124,1,13,,0,4.813492168572559e-10,-17.89822710864543,-0.0668570481810769,-0.6544522828470398,0.0011198515098109916,0.001834933320086533,0.002051577088004943,0.004649188215671008,0.0010271583757253684,0.0007876430356909699,0.15271246936831492,14.61926058242929,0.2373347271443916,0.3363461060580469
56,adam,56,57,0.017088036074314774,1,4.288064236594779e-06,2.4798286831746313e-07,3.532614181972634e-06,0.001198152194413414,1,22,,0,5.977781198322413e-09,-18.84865237361197,-0.051032443435109515,-0.6573217075174207,0.00014177485948488975,0.0018640978172777157,0.0020707641673050987,0.004418372957699591,0.0011975659700074904,0.00080328368225004,0.1528546871434264,14.506394778435794,0.23754166977570512,0.3363267498822662
57,adam,57,58,0.016917155713571625,1,4.094785547347987e-06,2.771545263954708e-07,4.313869764285107e-06,0.0010902806331208608,1,14,,0,2.8207961449464752e-11,-19.308559982443768,-0.04874183028064632,-0.6600032936369657,0.0001192574027530749,0.0018205092177317277,0.002023557646163802,0.004155192905192299,0.00115801237227049,0.0007964475861526186,0.15216184656923668,14.530216793345643,0.23773092659261705,0.33630727849150466
58,adam,58,59,0.01674798415643591,1,3.593433681574635e-06,1.9826695388742157e-07,3.3137439193361127e-06,0.001079200331308596,1,13,,0,6.152846773117713e-09,-19.30946334013134,-0.04672028799882864,-0.6626099046522683,8.656507039045829e-07,0.0017131679269793926,0.0018956354294997323,0.00393978665114763,0.0010014662141017905,0.0007512705420207445,0.14932615573344143,14.299956186467472,0.2379245404000262,0.33631203169912455
59,adam,59,60,0.016580504314871552,1,3.536929824402501e-06,2.0108278254333509e-07,3.4683842700276883e-06,0.0010054675503041917,1,4,,0,5.753244346786761e-09,-19.131746793535047,-0.06256576957896152,-0.6651949419978006,0.0020527214977917266,0.0016980559002007828,0.0018806727052846012,0.003834421682934607,0.0010249866082335283,0.0007437741846389525,0.14905169238784893,14.352129284070484,0.23810737719466446,0.3363406501081886
60,adam,60,61,0.016414699271722837,1,3.5563361666404105e-06,3.3416131818177913e-07,1.2412731401519142e-05,0.00092731936211232,1,5,,0,1.3339944633661214e-09,-19.039458604923862,-0.07666059376606883,-0.6677500086038461,0.0005785573735973725,0.001690553620855864,0.0018858250625761687,0.0040780369900870975,0.0010439420946102484,0.0007516592325812021,0.1498097036214697,14.43767337419782,0.23827978856759163,0.3363959703137616
61,adam,61,62,0.016250552279005605,1,3.3125660231103476e-06,1.8740949412590546e-07,3.865515582109136e-06,0.0008903640129501251,1,6,,0,7.291391408572278e-09,-19.268342142289512,-0.0838416178660022,-0.6702103232338908,0.0019031963908465455,0.0016346649434830249,0.0018200456101730934,0.003782723653950261,0.0009980430308315614,0.0007365524966333563,0.14905079889746228,14.394650412638832,0.23844040967774013,0.3364701266555659
62,adam,62,63,0.01608804675621555,1,3.1194260189854994e-06,1.411596688949796e-07,2.454449957697001e-06,0.0008690180591443181,1,3,,0,7.29667750991966e-09,-19.4490131769567,-0.08681180833533333,-0.6726106886618292,0.004470931406165584,0.0015828145132378755,0.0017661896894120687,0.0037670647156204176,0.0009416110086369642,0.0007355589526553584,0.14901617356409258,14.371022734662322,0.23859339680510808,0.3365562888142646
63,adam,63,64,0.015927166288653396,1,2.9817932108748687e-06,1.2886251931313094e-07,2.217262602687345e-06,0.0008396999881485139,1,3,,0,1.5359697361850195e-09,-19.536681167157404,-0.08629549928970721,-0.6748943630828574,0.007019343548669381,0.0015466699088153813,0.0017267869616356469,0.0036145564054095494,0.0008942352493772536,0.0007340587092103128,0.14883838469475305,14.32660541597839,0.2387427896200309,0.3366460681850522
64,adam,64,65,0.01576789462576686,1,2.89324463584227e-06,1.5292101851324668e-07,3.7315315733837862e-06,0.0007920330145188304,1,3,,0,7.015863099963618e-10,-19.566392828175243,-0.08348405801466809,-0.6769705983377945,0.009027053807454038,0.0015276036797203043,0.0017009540369575746,0.003442991305673607,0.00086711422209603,0.000731765390018868,0.14856926498239514,14.275542150946428,0.23889075682401206,0.3367332720204417
65,adam,65,66,0.01561021567950919,1,2.7909982831426635e-06,1.4726653791643097e-07,3.9495223821284315e-06,0.0007442256395447419,1,3,,0,2.6449845424333665e-10,-19.563890224184977,-0.07917266234535447,-0.6787605122332604,0.008380855089761823,0.0015050878464527202,0.0016706281103652792,0.003332211894666137,0.0008471133611073922,0.0007283235485098491,0.14820612938264194,14.22617911432472,0.23903484339716355,0.33681235551252875
66,adam,66,67,0.015454113522714098,1,2.6718437697824033e-06,1.1238544757301839e-07,2.4532384689222773e-06,0.000709930437216722,1,3,,0,4.981387429504982e-10,-19.537940183837915,-0.07378919519611142,-0.680231262678922,0.0017091153826290684,0.001479245167961954,0.001634577550862119,0.003114159694019238,0.0008319026062688081,0.0007239082493876308,0.14778558678300913,14.179100195416435,0.23916887595676792,0.33687837613916505
67,adam,67,68,0.015299572387486958,1,2.5856667262518596e-06,1.1007236736113043e-07,2.082792707561487e-06,0.0006764558896903428,1,3,,0,1.372479694892042e-09,-19.491228479949633,-0.0675967584776333,-0.6814033293742227,0.005084803917678859,0.001465758323568592,0.001608000847714907,0.0031186603056426268,0.0008324769021927074,0.0007195128304985048,0.1473933753697912,14.130692773758545,0.23928521944442804,0.33692786250945045
68,adam,68,69,0.015146576663612089,1,2.535443522672493e-06,1.399189698423573e-07,3.040275102330637e-06,0.0006318347969911104,1,3,,0,1.1608185311753178e-09,-19.426482607364044,-0.06087798420226674,-0.6823326628092414,0.0019607098443836326,0.00146041826167805,0.0015923076093118731,0.003052635141508971,0.0008450540572897969,0.0007156111201420172,0.14703886750208273,14.074369137890404,0.2393771188039274,0.3369598213874445
69,adam,69,70,0.014995110896975966,1,2.470632956011634e-06,1.297871265887554e-07,3.4048143780936203e-06,0.0005898340316483205,1,3,,0,4.2692283161500744e-10,-19.346131646774104,-0.05408881804959888,-0.6830872659665223,0.0009247282841489739,0.0014458749530868397,0.0015718247217840905,0.002901511888895897,0.000846303105059222,0.0007111634458762324,0.14660758707240867,14.000711385111325,0.23944220664216728,0.33697684253817384
70,adam,70,71,0.014845159788006207,1,2.3917515630447478e-06,9.586150723153995e-08,1.6754185166749928e-06,0.000565911094838024,1,3,,0,3.627666456853836e-10,-19.251394626259966,-0.04789471819053151,-0.6837293208845661,0.0017701978094743856,0.001420151969997977,0.0015465288755935815,0.0028395081975991156,0.0008325911862029924,0.0007053863600540884,0.1460693869310922,13.90878462212619,0.23948592590792242,0.33698543513848134
71,adam,71,72,0.014696708190126147,1,2.331920926168749e-06,1.204397021405078e-07,1.8076162507275976e-06,0.0005469388905135202,1,3,,0,3.8362363949180654e-10,-19.1433972944697,-0.042924983481394126,-0.6843045689075967,0.0033642154664919434,0.001397253687848742,0.0015270628429009557,0.003022144423788507,0.0008196214017773643,0.0006985846971364491,0.14551818366224398,13.810426717888854,0.2395192403786161,0.3369935602984904
72,adam,72,73,0.014549741108224885,1,2.263064462758762e-06,1.3587446425382362e-07,3.098625027593563e-06,0.0005269951812979244,1,3,,0,3.8421870535336294e-10,-19.025348678750987,-0.03943404441847009,-0.6848389600952317,0.0024714269238636333,0.001375569182113764,0.0015043485177174743,0.003057835526563905,0.0008042852237304718,0.0006907983742192708,0.1449743437050669,13.717251891620089,0.23955210625779297,0.3370067031039793
73,adam,73,74,0.014404243697142636,1,2.1625103416935237e-06,9.592785870949291e-08,2.077721080759629e-06,0.0005196968467606389,1,3,,0,5.325396909394005e-10,-18.903731107000816,-0.03721106573277901,-0.6853414028493278,0.001261729318435407,0.0013469427828193404,0.0014705476332623584,0.0029042986534585655,0.0007794166821068474,0.0006820763191064337,0.14441736193906077,13.63449649824548,0.239589215182922,0.33702588925500193
74,adam,74,75,0.014260201260171208,1,2.072127121741666e-06,6.295393442353432e-08,1.120346506168341e-06,0.0005207020501032548,1,3,,0,1.0455447218387954e-09,-18.787707746069636,-0.03568475304295264,-0.6858082733477788,0.00016362841898983068,0.0013212241694606753,0.001439488493091093,0.0026914272673802322,0.0007556814174969919,0.0006731388725339967,0.14387600242360432,13.560878148133801,0.2396294627679263,0.3370481722592505
75,adam,75,76,0.014117599247569496,1,2.014296332933715e-06,1.0653298157239697e-07,3.3046530207238847e-06,0.0005126979040766431,1,3,,0,3.3729039046206216e-09,-18.685446961340855,-0.034136430969171655,-0.686225910418654,0.001519407710589358,0.0013008089971351692,0.0014192590788625293,0.002788635239759652,0.0007368364963152735,0.0006645965866549352,0.14334739376897035,13.486805017647976,0.23966755383448343,0.33706839704149616
76,adam,76,77,0.0139764232550938,1,1.9539890463961744e-06,1.0358418814187188e-07,2.706094737264431e-06,0.0004993090995450503,1,3,,0,1.0991648675674634e-09,-18.599175487454602,-0.03198381760184412,-0.686573328722847,0.0014050321067715572,0.0012775861253576165,0.0013978515823921274,0.0028140841000127625,0.000709656231278755,0.0006563223662488655,0.14272855308264623,13.386298275088057,0.23969771377623247,0.33708181946826676
77,adam,77,78,0.013836659022542863,1,1.893025377476912e-06,7.780290632944936e-08,1.410945652433459e-06,0.0004884559744918318,1,3,,0,4.74480054442792e-09,-18.525355569738256,-0.029067858583382386,-0.6868279377149686,0.0003726478541147371,0.0012569787649584887,0.0013758725876609767,0.0027842343697524695,0.0006813604887726902,0.0006487056925787893,0.14207157126065567,13.269698740948716,0.23971950588091712,0.3370878460902787
78,adam,78,79,0.013698292432317434,1,1.86144787613638e-06,1.1497947929412856e-07,3.99700269330583e-06,0.00047186450682101474,1,9,,0,6.3216488313462434e-09,-18.458914848989092,-0.025613111799302785,-0.6869776495038155,0.0006044810061563925,0.0012490049547894985,0.0013643488835838069,0.002736184201464084,0.000674284030949336,0.000645404288618981,0.14155055771952807,13.158862449765603,0.23973823721738122,0.3370905052810094
79,adam,79,80,0.01356130950799426,1,1.7865429057416674e-06,8.007180381912794e-08,2.63293437516458e-06,0.0004586037678236931,1,3,,0,1.0171848351044631e-09,-18.396353992351806,-0.022073845409163247,-0.6870352148889206,0.0019439473395759792,0.0012207716281804617,0.001336616214828201,0.002697352001312771,0.0006552516008801341,0.0006399800183063605,0.14109094129029176,13.074043402013674,0.23975979548161533,0.3370954470094269
80,adam,80,81,0.013425696412914318,1,1.7270535828236793e-06,8.747980815521317e-08,3.267828917893669e-06,0.0004553746446409973,1,4,,0,7.05321675366446e-09,-18.33697126102612,-0.01854492954270168,-0.6870409204432929,0.003569482838813686,0.001199208807525883,0.001314174106739164,0.0026395507104129672,0.0006462833900721793,0.0006354775722900498,0.14070781156213208,13.00086042034454,0.2397845397142655,0.3371048369368158
81,adam,81,82,0.013291439448785174,1,1.6884208821238556e-06,1.108003378235664e-07,3.3545914967866697e-06,0.0004342635259060834,1,5,,0,7.610627033257434e-10,-18.284371335014193,-0.016427842966937896,-0.6870341126753083,0.0047199846548937364,0.0011833022278214726,0.001299392505028352,0.002706506549487016,0.0006391573503183391,0.0006314199248905963,0.14041573611743313,12.92864835534646,0.23981061095966624,0.3371174089398259
82,adam,82,83,0.013158525054297323,1,1.6402742420402116e-06,8.274622780705882e-08,2.986800356966367e-06,0.00041494501036371635,1,3,,0,8.768056959277759e-09,-18.241359516933752,-0.02125118753367073,-0.6870727578259711,0.00478195385488516,0.0011657123830973247,0.0012807319165384346,0.002711726280951682,0.0006215853098563456,0.0006271228874721617,0.14005153603501636,12.847647628597688,0.23983605797387775,0.3371337864110285
83,adam,83,84,0.013026939803754349,1,1.6079241054539986e-06,1.31343630588347e-07,3.5670266684979034e-06,0.0003978424089524332,1,5,,0,8.28693909934e-09,-18.20944980393086,-0.03073984277462942,-0.6871715939383908,0.0037953280689471233,0.0011555947318082288,0.0012680394731450588,0.0026449280743027453,0.0006122948618068288,0.0006240727553489487,0.13976139264810536,12.786192039699303,0.23986435102130568,0.33715538490452046
84,adam,84,85,0.012896670405716805,1,1.5632505545699474e-06,9.182180313987557e-08,2.5233045918792933e-06,0.0003795095699053149,1,4,,0,9.135045474512607e-09,-18.186978090456265,-0.03263517851329307,-0.6873036209354393,0.002361834229742375,0.0011406410305951657,0.0012503001857833772,0.002567667060810329,0.0006044314117103607,0.000620818552394656,0.13940438070008648,12.698795375855264,0.23989882316986813,0.33718346208190125
85,adam,85,86,0.012767703701659637,1,1.5355436753130395e-06,8.173688344244471e-08,2.6652846891095963e-06,0.00037235218332651874,1,6,,0,5.452140686256742e-10,-18.167559332594042,-0.032821283482733256,-0.6874385075571511,0.001253887310787535,0.0011293119838927364,0.0012391705594118347,0.002539517371831178,0.0006004617874567794,0.0006172102326428051,0.1389665410525133,12.567688717206591,0.2399356556203827,0.33721674676800284
86,adam,86,87,0.01264002666464304,1,1.5051228078638716e-06,9.050645452857596e-08,1.8477772066627576e-06,0.0003556198042521427,1,3,,0,6.653829462009892e-10,-18.147411113389005,-0.03897491485080307,-0.6875611212143213,0.0009881245293061837,0.001113220169785481,0.001226834466366132,0.0025191273566331127,0.0005932291085398371,0.0006146552053300343,0.13873040995998345,12.503579628376688,0.23996696198620315,0.33725190057017385
87,adam,87,88,0.01251362639799661,1,1.5375747639822011e-06,1.6081385864890322e-07,4.896758540579743e-06,0.0003445075864817766,1,7,,0,1.0855705495257068e-09,-18.119847124754152,-0.04641656437025077,-0.6876595828961446,0.0014975917185958657,0.0011159027667269892,0.0012399898241446182,0.0025357107031971624,0.0006052439017279053,0.0006152573444570566,0.1389628451916585,12.568305354526046,0.23999390984248783,0.33728912527178984
88,adam,88,89,0.012388490134016644,1,1.4859623002683672e-06,9.666994555097798e-08,2.7853811122361262e-06,0.00032649982941122184,1,3,,0,9.516621580747523e-10,-18.081986474568936,-0.05209236341304556,-0.6877297765056675,0.002237125101733648,0.0010985925691382131,0.0012190005333339142,0.002634927185150759,0.000597002389801743,0.0006129944049183772,0.13893509847178498,12.560653202650208,0.24002387803183847,0.3373278896344063
89,adam,89,90,0.012264605232676477,1,1.4446912602887095e-06,6.532744219585924e-08,1.2570401261673543e-06,0.0003348693268749342,1,4,,0,2.549242780803104e-09,-18.04177197322246,-0.05607405274518559,-0.68778732349403,0.0026158006772836404,0.0010882719640749432,0.0012019531023666063,0.0027158999643727734,0.00059311176875175,0.0006098391381027363,0.13888105796604724,12.554293945417593,0.24005282101445682,0.33736327708645836
90,adam,90,91,0.012141959180349713,1,1.4934697931158957e-06,2.431512089908396e-07,8.447540691774318e-06,0.0003284114446648669,1,9,,0,1.9395344319878448e-09,-18.00668633017688,-0.05786776445336019,-0.6878479265734487,0.00241408867681888,0.0011166891894344088,0.0012220760177320785,0.0026085036725743537,0.0006237064460331477,0.0006089609871219307,0.13895185709921698,12.5037256640132,0.24007617186652067,0.33739108143109897
91,adam,91,92,0.012020539588546215,1,1.442619487079132e-06,1.0943986555599814e-07,2.8512586292301845e-06,0.00033989434977997184,1,4,,0,3.1744988469034223e-09,-17.98646134918648,-0.05958311411328475,-0.6878658254131953,0.0023490443204544297,0.0010980437650808623,0.0012010909570382801,0.002623928595115201,0.0006240465656946065,0.0006042015213158854,0.13867112218840846,12.45393256517938,0.24008896054659423,0.33740823709484236
92,adam,92,93,0.011900334192660752,1,1.4039180972982254e-06,8.740866413046398e-08,2.740811963848514e-06,0.00033176893192977757,1,3,,0,1.3427596693038078e-09,-17.973492850051365,-0.06035701704558425,-0.6878819409228214,0.0022753975686684467,0.001079977736213692,0.0011848704981128637,0.0026001616099092153,0.0006204708133305078,0.0006021758308802359,0.13851621548515158,12.425148299055305,0.24009568220796032,0.3374199995685042
93,adam,93,94,0.011781330850734146,1,1.3664144250118835e-06,5.304237266282791e-08,7.127317167112832e-07,0.00033102133822022,1,3,,0,5.138187044877648e-09,-17.96160228858706,-0.060847915963433,-0.6879161890317181,0.0021964450374959733,0.0010580727014010889,0.0011689373058517225,0.0025550850969424345,0.0006117700210530599,0.0006015532666677601,0.13839526763272014,12.396034970148774,0.2401004102828691,0.33742928003053513
94,adam,94,95,0.011663517542226803,1,1.5774477933177464e-06,2.469058437447748e-07,9.25957939344645e-06,0.0003220962859611676,1,15,,0,5.489900829587018e-10,-17.943382132360526,-0.06078253633240831,-0.6879774561021335,0.0021414458936482497,0.0011170762215108757,0.0012559648853840406,0.0028846623567656106,0.0007570176995372575,0.0006255707493873913,0.1402659954331051,12.63620282537006,0.24010773730137508,0.3374391530479621
95,adam,95,96,0.011546882366804536,1,2.2553041275755547e-06,3.0936654105609716e-07,6.714308346432152e-06,0.0003470603398516543,1,19,,0,5.365854715479074e-10,-17.914296553911967,-0.062393101949592085,-0.6880331540705227,0.0022708129955293067,0.0013366868100579184,0.0015017670017601116,0.004321878994810731,0.0010566336864313063,0.0006507857630935007,0.14152185242198045,12.221292249922728,0.24012804551139594,0.3374519211834187
96,adam,96,97,0.01143141354313649,1,1.9675878201903858e-06,2.1928720639307252e-07,4.910631325362847e-06,0.0003863300617053716,1,5,,0,6.665818422025885e-10,-17.870545619896227,-0.06392238193419124,-0.6880329318954398,0.0016967436277467566,0.0012611303590680711,0.0014027073180782888,0.0038861430005870472,0.0009502536715363753,0.0006431065600172725,0.14071309599197196,12.161456553997686,0.2401408203105339,0.33745521840192816
97,adam,97,98,0.011317099407705125,1,1.7283552091482764e-06,1.0451377775731223e-07,1.5970703293128709e-06,0.0005649465089203201,1,5,,0,5.4942333752896305e-09,-17.854671825073446,-0.06537807251461869,-0.6880361890716942,0.00025016494859381964,0.001197076563978969,0.0013146692394470467,0.003148728160397956,0.0008146395427031483,0.0006349129577048966,0.13986052258981257,12.148930205578557,0.24014936142749074,0.33745006820402046
98,adam,98,99,0.011203928413628075,1,1.6766074655181144e-06,1.7186941680358293e-07,5.517343385346885e-06,0.0005766332499788893,1,4,,0,2.4741263133849053e-09,-17.845395187133228,-0.06611938105943654,-0.6880824530299214,0.0009642170284929222,0.0011800067510620838,0.0012948387797398233,0.0027991198797545553,0.0007328062853123966,0.0006274466801405992,0.13920749670771462,12.129717892869957,0.24015863161452708,0.33743952498759733
99,adam,99,100,0.011091889129491793,1,1.6338556565221596e-06,2.0863935002301565e-07,5.793934343620096e-06,0.0005302939153533751,1,3,,0,8.482870477125219e-09,-17.837148417504437,-0.06608443639923205,-0.6881779672092994,0.0013751737641343748,0.0011669175852085686,0.0012782236332200088,0.0027992910992500415,0.0006794070918857641,0.0006226785972885131,0.13876620810370668,12.102714036761427,0.24016434257810138,0.3374225282453563
100,adam,100,101,0.010980970238196875,1,1.4910561874150042e-06,1.557173644084956e-07,3.876189977937674e-06,0.0005171816821542141,1,4,,0,8.778308066537692e-09,-17.83086086514151,-0.06541069051472324,-0.6883168975069761,0.0009158282156531662,0.0011177943160444552,0.0012210881161550152,0.0027842304003548443,0.0006361658261326485,0.0006209824842842369,0.13846625580329833,12.064664528427919,0.2401611024617552,0.3373987279822355
101,adam,101,102,0.010871160535814906,1,1.4449292654998152e-06,1.200905165038142e-07,2.7504629599283407e-06,0.0005282180777890532,1,11,,0,5.103678187039779e-10,-17.82888956100287,-0.06537837077624921,-0.6884893124504801,0.0009267408449046455,0.0010889209851788638,0.0012020521059836861,0.0027252259062820845,0.0006759662078813777,0.0006361169931270783,0.1402281262085635,12.652007950803053,0.240152309131656,0.3373724646328319
102,adam,102,103,0.010762448930456758,1,1.4061929186494432e-06,1.3224367300054248e-07,4.478108559686167e-06,0.0004993558251649606,1,5,,0,1.4723743962651847e-09,-17.836071789743922,-0.06446317387867517,-0.6886613564991905,0.0011234119168782627,0.0010651523875396085,0.0011858300547082804,0.0027942302034720916,0.0006868216487855458,0.0006349774814873294,0.14000596723979108,12.585312193408871,0.24014016808660002,0.33734719944939284
103,adam,103,104,0.01065482444115219,1,1.3830403010191522e-06,1.6457189633652348e-07,5.691349920551948e-06,0.0004553420451642314,1,3,,0,2.61259802190268e-09,-17.850659312346064,-0.06354344025557782,-0.6888159712760054,0.0012397145860444643,0.0010541255034503944,0.0011760273385509165,0.002752611380275821,0.0006948976704446637,0.0006353882698835622,0.1399423235252727,12.585040101512368,0.24012515883492677,0.33732495799024137
104,adam,104,105,0.010548276196740668,1,1.4284493434871328e-06,1.237510866863107e-07,3.3209019022529894e-06,0.0004312611871139903,1,9,,0,4.233982845125458e-09,-17.86655851676955,-0.06270200494238003,-0.6889266546046307,0.001092227474140627,0.0010918270743902289,0.0011951775363882693,0.0024205677056584607,0.0007312283418991207,0.0006653703677657172,0.14185956835353397,12.84920821080042,0.24010453992261163,0.33730718697645146
105,adam,105,106,0.01044279343477326,1,1.4121317740956242e-06,1.314602220398516e-07,3.5097115764972593e-06,0.0004012441746918079,1,3,,0,1.55006456182752e-10,-17.871416176155773,-0.06235063528289334,-0.6890021936539419,0.00012924355496193635,0.001082465394531637,0.0011883315085007315,0.002408578018549362,0.0007256129675054343,0.0006619238947190622,0.14148214467737483,12.778499452179233,0.24009228920500866,0.33730062911400766
106,adam,106,107,0.010338365500425528,1,1.3756524476224386e-06,9.577498925903131e-08,2.4313518026139697e-06,0.00037904098850922275,1,3,,0,6.38384873838205e-10,-17.864948173551728,-0.06243075285331818,-0.6890473780852417,0.0002009262403430704,0.0010628193900272293,0.001172882111562129,0.002475208086845489,0.0007117244053811865,0.0006556737118931875,0.14096874613135107,12.68903389831931,0.24008862644922782,0.3373057031033652
107,adam,107,108,0.010234981845421274,1,1.3460717955198461e-06,5.991614840218072e-08,1.1957050921650644e-06,0.00035809796571301654,1,3,,0,1.0105530666076293e-09,-17.852008866055286,-0.06271950718549377,-0.6890822259118394,0.0002951277288733371,0.0010460038576571655,0.001160203342315409,0.0025758416490272336,0.0006946905197454369,0.0006489135195146382,0.14045289036592276,12.59468883038488,0.24009224035950397,0.33731990700259806
108,adam,108,109,0.01013263202696706,1,1.3354218142564692e-06,7.289178022012104e-08,1.953743212513227e-06,0.0003298136537837704,1,3,,0,5.596671287245164e-10,-17.839283691120908,-0.06303377495101509,-0.6891299033893735,0.0006659122318950813,0.00103935534719286,0.001155604523293531,0.0026570950996449632,0.0006804420172012069,0.0006432806852923024,0.14004807246310896,12.51964091050509,0.24010119970213623,0.3373394484381189
109,adam,109,110,0.010031305706697389,1,1.327332472580471e-06,8.473583051395126e-08,2.7154784755060467e-06,0.0002990182869982225,1,3,,0,2.9810406213303346e-11,-17.832167317259195,-0.06327769912498193,-0.6892036178333685,0.0002477336257763724,0.001036091241250377,0.0011520991591787884,0.0026924251079692976,0.0006678311952618469,0.0006383641128911107,0.1396962654203033,12.454260787508584,0.2401129375434207,0.337360531118789
110,adam,110,111,0.009930992649630415,1,1.3090415270894724e-06,8.150517181275364e-08,2.6365983314724897e-06,0.0002766390689548961,1,3,,0,2.0760356044599428e-10,-17.83396800936972,-0.06345930548724149,-0.6893030739683504,7.142228644549309e-05,0.0010305041267050557,0.0011441335267745073,0.0026743174872221327,0.0006559653208644913,0.000634635987632726,0.13945244516987212,12.417166389671648,0.2401248767967335,0.33738041559235976
111,adam,111,112,0.009831682723134111,1,1.2811697156062277e-06,5.98717008807472e-08,1.048897655227759e-06,0.0002673218144633083,1,3,,0,5.868715318673968e-10,-17.844254422969716,-0.06365237589729873,-0.6894159342326511,0.0003930551282577986,0.0010216258801499887,0.0011318876779991148,0.00261848373192627,0.0006446671472069646,0.0006321410823064969,0.13935762287345113,12.428209705674922,0.24013529278344467,0.33739802691867393
112,adam,112,113,0.00973336589590277,1,1.2524076720453418e-06,4.897163375236201e-08,9.869859754355645e-07,0.00026602144156273,1,3,,0,1.405467632992449e-09,-17.858634469018327,-0.0638310599087013,-0.6895235806704214,0.0004694645691269224,0.0010114405513994482,0.0011191102144316894,0.0025727774722299453,0.0006345704699672018,0.0006303458841009928,0.1393225381632545,12.450894564945616,0.2401430283232884,0.3374134810690982
113,adam,113,114,0.009636032236943742,1,1.2280689936491195e-06,5.1717939879078544e-08,1.3036930635996314e-06,0.00026510879777216523,1,3,,0,4.609968034330673e-10,-17.872511043905742,-0.06394333631081259,-0.6896118346616564,0.00024739069445827187,0.001002251635994234,0.001108182743796852,0.002571694826149305,0.0006271272853446092,0.0006286708290213112,0.1392773108486912,12.460730788230078,0.24014795350117635,0.3374276215790845
114,adam,114,115,0.009539671914574305,1,1.210613351738063e-06,1.255903402362294e-07,4.609549640909402e-06,0.00025926320428605154,1,3,,0,5.807633270821609e-09,-17.88238889386724,-0.06398674126264255,-0.6896773766108375,0.0002069784900418828,0.0009963042675197274,0.001100278760922914,0.0025829700187840606,0.0006234100005568684,0.0006264831158117782,0.13916804750302486,12.444123722051287,0.24015083965168665,0.33744138696313847
115,adam,115,116,0.00944427519542856,1,1.196383056186886e-06,4.8245461781034785e-08,1.4940832868420862e-06,0.0002465928320117037,1,5,,0,6.726154422998794e-09,-17.891263895755575,-0.06385152043556581,-0.6897311076079968,0.0009442283609541978,0.0009900456141522628,0.0010937929676985887,0.002604902032374587,0.0006208867264579406,0.0006239975419493367,0.1390368202532964,12.41796559110803,0.2401508537955986,0.3374533407386799
116,adam,116,117,0.009349832443474275,1,1.187256007370612e-06,3.9969458606024233e-08,7.40055463072071e-07,0.00022995016824420712,1,3,,0,4.4940052453555037e-10,-17.89255530257928,-0.06373114106995383,-0.6897886678172572,0.0007407781139524694,0.0009857140158196023,0.0010896127786377196,0.002635752754355508,0.00062069425901325,0.000621948430108168,0.13894633035390727,12.396444440004876,0.24015058560438377,0.33746498534776076
117,adam,117,118,0.009256334119039531,1,1.1809925240494241e-06,4.302609246144326e-08,8.14407074860729e-07,0.00021142481951449943,1,3,,0,2.2812262219014293e-10,-17.887159321131744,-0.0636628135446195,-0.6898703179427323,0.0004997742023495125,0.0009819674206015601,0.0010867347993183177,0.0026599025082588907,0.0006212974075949347,0.0006199246299293449,0.13883806732163412,12.36442802190284,0.24015113824893294,0.33747572733971076
118,adam,118,119,0.009163770777849137,1,1.1742535811447137e-06,4.490861783566742e-08,8.231093374438574e-07,0.0001952011304795885,1,3,,0,3.197684139934889e-10,-17.87602295780489,-0.06367231646926498,-0.6899919026047378,0.0008708825537970069,0.0009779534972536581,0.0010836298173937046,0.0026657341867879795,0.0006211519386569055,0.0006171532556260844,0.13861755605525108,12.296482621151183,0.24015330485979655,0.3374848246384751
119,adam,119,120,0.009072133070070645,1,1.1653238901594416e-06,4.5871917467949935e-08,1.194662640529419e-06,0.0001844498790284626,1,3,,0,6.266821087205754e-11,-17.861198583302894,-0.0637603162667649,-0.690161477763666,0.000976662114009449,0.000973460141386075,0.001079501686038258,0.002644383276815095,0.000619687442263941,0.0006147118660453332,0.1384177000225527,12.237021493848944,0.24015680387139843,0.33749113673763137
120,adam,120,121,0.008981411739369938,1,1.1544187334678766e-06,4.019430628590395e-08,1.2151690125386086e-06,0.00017929604394949976,1,3,,0,3.944914948095574e-11,-17.845161579785028,-0.06391582471992611,-0.6903757460464174,0.0007131014584508081,0.0009689124494863213,0.0010744387993124023,0.0025980428741413297,0.0006165344836003069,0.000612713819658584,0.1382637080938772,12.198594765427961,0.24016108113810278,0.3374939135224578
121,adam,121,122,0.008891597621976239,1,1.1436331277072788e-06,3.44234917303379e-08,8.059890228214635e-07,0.0001766374716958262,1,3,,0,2.796102333139253e-11,-17.830334301633464,-0.06411909790717188,-0.6906212931468827,0.0006391285200912042,0.0009648291527877167,0.0010694078397446311,0.0025720236076436785,0.0006119843923533354,0.0006105647834097425,0.13808433410164933,12.159336995919682,0.24016539115899202,0.3374928803686695
122,adam,122,123,0.008802681645756478,1,1.1341241706601846e-06,3.20637536486104e-08,5.641095725702724e-07,0.00017366624520397017,1,3,,0,4.4842179796793216e-11,-17.81842780730119,-0.06435082462802273,-0.6908792432311254,0.0009687228741756356,0.0009612833218530681,0.0010649526612296833,0.002552602922462856,0.0006061387009035368,0.0006079569616243445,0.13784653450974352,12.108645774545858,0.2401686672252656,0.33748805567209506
123,adam,123,124,0.008714654829298913,1,1.1255436664172527e-06,3.862860883225572e-08,7.178519752185238e-07,0.00016929612490176977,1,3,,0,5.414407437841779e-12,-17.810042049792685,-0.06458100281389888,-0.6911304267949555,0.0009873552144343501,0.0009579748741914369,0.001060916427630967,0.0025119078510237353,0.0005994493550773621,0.0006056556366330958,0.1376401689664359,12.071776176104276,0.2401695600833185,0.3374795751653914
124,adam,124,125,0.008627508281005922,1,1.1161354646958444e-06,4.037272142242631e-08,9.124263854149837e-07,0.00016464864562937167,1,2,,0,5.127030980395876e-09,-17.80466128351229,-0.06477688704205632,-0.691358939419125,0.0006998063942178302,0.0009540423496825116,0.0010564731254016093,0.002452010684056235,0.000592001639731908,0.0006035266798880379,0.13744725385737602,12.04043141003643,0.24016731798019603,0.33746807009755936
125,adam,125,126,0.008541233198195863,1,1.1055883914667524e-06,3.445889072320505e-08,6.28580987274611e-07,0.0001609396742437909,1,2,,0,9.621451313097105e-09,-17.80175081799933,-0.06492674583734666,-0.6915556038676067,0.0005712128907610813,0.0009494631222698573,0.0010514696341153902,0.00239565448242434,0.0005848154420839927,0.0006012560091973639,0.13722961579099893,12.00035579236065,0.24016193814425957,0.33745450715071557
126,adam,126,127,0.008455820866213905,1,1.0948500755725118e-06,2.9484158553660795e-08,6.4654061196438e-07,0.00015841171959359599,1,3,,0,3.098794816698429e-11,-17.80120355085635,-0.06506478963413681,-0.691719010273172,0.0008332098137712692,0.0009446922767059428,0.001046350837708133,0.0024033828806936377,0.0005786619122298599,0.0005987647267025557,0.13698933724079637,11.954422440266189,0.24015407537733688,0.33744001828011727
127,adam,127,128,0.008371262657551766,1,1.084950363112683e-06,2.956904017433891e-08,1.000651264822988e-06,0.00015610358630309689,1,3,,0,1.0934191272395928e-10,-17.802900639349833,-0.06520013556533957,-0.6918529654542833,0.0009931430165477288,0.0009399499072530984,0.0010416095060591004,0.0024209369374750033,0.0005743326793335631,0.0005967711036154148,0.13680680021221867,11.926713365121326,0.24014452135536962,0.33742567336900275
128,adam,128,129,0.008287550030976249,1,1.0761454129638716e-06,2.765594711649702e-08,9.150175029352396e-07,0.00015334979114091146,1,3,,0,2.2352857722133862e-10,-17.80599490128165,-0.06533556083140853,-0.6919631861845857,0.0008876004440507954,0.0009354360709561466,0.001037374287788102,0.0024444710352781326,0.0005717351317738917,0.0005954569498528587,0.13669815076958303,11.92072185869027,0.24013432044401067,0.33741262698994423
129,adam,129,130,0.008204674530666487,1,1.0686018955557396e-06,2.7431587810332804e-08,4.6161512006706305e-07,0.00014981972025471425,1,3,,0,1.5002679863756023e-10,-17.80781748827573,-0.06547284459300172,-0.6920556764422975,0.0007139675084243555,0.0009316388124757599,0.0010337320230870957,0.002464797736404769,0.000570524850369831,0.0005946356669257618,0.13664296486016228,11.92866622628369,0.24012460506406352,0.33740198897642654
130,adam,130,131,0.008122627785359821,1,1.0617883701192412e-06,2.6962005965927294e-08,5.258690160788361e-07,0.00014563391378120301,1,3,,0,6.874714856798419e-11,-17.80466708489141,-0.06561337999087745,-0.692135419687853,0.0008708578420038094,0.0009287706408059558,0.0010304311573895858,0.002469488560654876,0.0005696320904733374,0.0005936213782830325,0.13656626839636837,11.926114863064338,0.24011633495862708,0.3373946191280897
131,adam,131,132,0.008041401507506223,1,1.0553102844589291e-06,2.5593879288172634e-08,5.484379203749665e-07,0.00014143278051336925,1,3,,0,1.408643408109786e-10,-17.795166809140426,-0.06574771913493148,-0.6922060146961151,0.0011358728168744813,0.0009264425280114138,0.0010272829622158294,0.002455173686504549,0.0005682941284788043,0.0005924081505581571,0.13645923789384867,11.906792040253125,0.2401098722036224,0.33739076206582486
132,adam,132,133,0.00796098749243116,1,1.0492056376839948e-06,3.0100106912031164e-08,5.609171435962942e-07,0.00013738934315065174,1,3,,0,4.0066691366455633e-10,-17.782474961020686,-0.0658881684964777,-0.6922700225649144,0.0003981026492649345,0.0009242469848302842,0.0010243073941371287,0.00243524839329612,0.0005664164582648214,0.0005913863086147177,0.136366413870731,11.885540544199186,0.24010513514545703,0.337390088902661
133,adam,133,134,0.007881377617506848,1,1.0428528790385864e-06,2.5764262042284317e-08,5.527699670383655e-07,0.0001335855234793628,1,3,,0,7.901413594978007e-10,-17.779219523892827,-0.0660305567945315,-0.6923290952339952,0.0006722891313490343,0.0009221986722577877,0.001021201683820873,0.0024604688881997186,0.000565573787491469,0.0005914298983499968,0.13636498563167368,11.890439204125265,0.24010168559502118,0.3373918524613654
134,adam,134,135,0.0078025638413317805,1,1.0372012907314786e-06,2.098775279070676e-08,3.3935876690863385e-07,0.00013005242249527837,1,3,,0,3.896618452858489e-09,-17.78324806823632,-0.06618173595382267,-0.6923841138340406,0.0012192099219916015,0.0009201719872923336,0.0010184307982045117,0.0025315302191380677,0.0005655809170206555,0.0005916199283780866,0.13636200269914964,11.893030528763889,0.24009930381296607,0.3373956463313365
135,adam,135,136,0.007724538202918462,1,1.0319556511253378e-06,2.1246889897965246e-08,4.0278768503767697e-07,0.00012597821728184665,1,2,,0,7.97564094809269e-09,-17.776802952430916,-0.06635636148327878,-0.6924376747441368,0.0014108131093344418,0.0009181246309196524,0.0010158521797610802,0.0025446155762925064,0.000564477518701281,0.0005908518923317183,0.1362820607438088,11.868797103948623,0.24009757627164915,0.33740090137335776
136,adam,136,137,0.0076472928208892775,1,1.026916735458298e-06,2.045452767144995e-08,3.5272239134813207e-07,0.00012204672899210125,1,2,,0,4.961695885066317e-09,-17.769473877298676,-0.06652501679473997,-0.6924907229457187,0.001324628027973444,0.0009159505986172109,0.0010133690026137064,0.0025484595828664212,0.0005635386397466457,0.0005901953991049878,0.13622670463540076,11.851305053312725,0.24009583200775253,0.3374067271280742
137,adam,137,138,0.007570819892680385,1,1.0218695476820833e-06,2.305642051785369e-08,5.387669104780621e-07,0.00011859655683756495,1,2,,0,3.8814994775083335e-09,-17.761356641491368,-0.06668143375536427,-0.6925434836564075,0.001268455981016027,0.000913627932343798,0.0010108756341321535,0.0025387527588133485,0.0005626877640629396,0.0005892886612812601,0.13615567731898867,11.829155462852876,0.2400937597836725,0.33741251156562946
138,adam,138,139,0.00749511169375358,1,1.0164926658844683e-06,2.1569402382482487e-08,4.103171930290403e-07,0.000115936294470361,1,2,,0,7.516829835091257e-09,-17.75266673781715,-0.06682396269394437,-0.6925958329631563,0.0015641844346201363,0.0009109969644185978,0.0010082126094651208,0.0025172439105674987,0.0005614123423109862,0.0005876583379958793,0.13601429420578406,11.786406647283785,0.24009130941370296,0.33741787665505424
139,adam,139,140,0.007420160576816045,1,1.0163642262946465e-06,7.53518952266417e-08,1.689645699059038e-06,0.00011398218359455539,1,6,,0,1.9534277816203413e-09,-17.725121856930716,-0.06701350197891622,-0.6926480880488053,0.0015710513794996719,0.0009091878503442832,0.0010081489107739226,0.0023986085325834374,0.0005586827511713448,0.0005839561500570624,0.1357123561149092,11.690169132640941,0.24008832108926853,0.33742239375448885
140,adam,140,141,0.007345958971047884,1,1.0062980553390783e-06,2.6945394228865123e-08,1.0914515113046522e-06,0.00011400340134420745,1,5,,0,9.482976773890501e-09,-17.757657025068156,-0.06709115871754039,-0.6927019243473248,0.0013580102361142221,0.0009055823430655369,0.0010031440850341881,0.0025427244824818796,0.0005604474356041969,0.0005864349359280119,0.13596252843682996,11.782957164067893,0.24008458286644047,0.3374250379329065
141,adam,141,142,0.007272499381337405,1,1.0016916897479336e-06,2.2130498364895233e-08,8.320787139405203e-07,0.00011179712778322726,1,3,,0,6.822054610567246e-10,-17.764305293019145,-0.06721702785844992,-0.6927544941729379,0.0018517548783156532,0.0009028860969854161,0.0010008454874494532,0.0025736060955444257,0.0005595954886833068,0.0005851956958897295,0.1358657539900593,11.762542511846778,0.24008126500779667,0.33742765282815557
142,adam,142,143,0.007199774387524031,1,9.97233642358614e-07,1.8804642569298696e-08,5.984224624827081e-07,0.00010950229975777218,1,2,,0,4.614118682953453e-09,-17.76758203392727,-0.06732751973883304,-0.6928061080015974,0.00177838540146773,0.0009002282020581881,0.0009986158632620523,0.002587365440470078,0.0005582559911267654,0.0005843163419653806,0.13581218094868663,11.754515938582209,0.24007812039394072,0.33743014449678826
143,adam,143,144,0.00712777664364879,1,9.927448736847333e-07,2.1387926017071604e-08,8.042055923092312e-07,0.00010754206606948792,1,2,,0,3.022050878345477e-09,-17.768010907548298,-0.06743031717268855,-0.6928561814126311,0.0013453721318632539,0.0008975481685159345,0.0009963658332584138,0.002593856275135623,0.0005563912869277374,0.0005836339504241524,0.13578215792605788,11.753416691690688,0.24007534201603314,0.3374327363063085
144,adam,144,145,0.007056498877212303,1,9.886575274039675e-07,1.9067350061784407e-08,5.355908100602665e-07,0.00010542880961399394,1,2,,0,2.0928783848419043e-09,-17.76622012834079,-0.06753305225909523,-0.6929037955287325,0.0014524876972653532,0.0008952841447256364,0.000994312590387936,0.002595484290352986,0.000554856516046167,0.0005825415367026554,0.13569945405330414,11.734402606675246,0.24007323232860384,0.3374357243855123
145,adam,145,146,0.00698593388844018,1,9.841698147870378e-07,2.432228666674596e-08,9.429358702099424e-07,0.00010376748969805763,1,2,,0,4.933191405167676e-09,-17.762211417647187,-0.06763683911857578,-0.6929482527262062,0.0018757481145925924,0.0008929616884057646,0.0009920533326323933,0.0025929899866641744,0.0005528982620258213,0.0005810321995639698,0.13556552583699755,11.69884712010498,0.24007158174690485,0.3374389986967458
146,adam,146,147,0.006916074549555778,1,9.797967064085876e-07,1.7706886383681117e-08,3.407135816455274e-07,0.00010206004656413622,1,2,,0,3.272152463071889e-09,-17.756389243996136,-0.06773900703532526,-0.6929892938080063,0.0016859771132523562,0.0008907353809348228,0.0009898468095663024,0.0025841682169911017,0.0005510981825174806,0.0005802464539618761,0.13551396983643782,11.687887428589168,0.24006985954856255,0.3374421770351281
147,adam,147,148,0.00684691380406022,1,9.75365500707702e-07,2.7458184764739464e-08,1.2200061915709249e-06,0.00010073727269651115,1,3,,0,7.875588451086144e-09,-17.748904597888185,-0.06783674353139467,-0.6930257723006376,0.001313458302285423,0.0008883890311493372,0.0009876059440423097,0.002572117351319506,0.0005485596851889965,0.0005793314136675219,0.13544728351875823,11.670042724334058,0.2400679530846757,0.33744517405844787
148,adam,148,149,0.006778444666019619,1,9.70781591999258e-07,1.6057382846404984e-08,2.874172158328376e-07,9.934873909358406e-05,1,2,,0,9.425241908200977e-09,-17.740023759016974,-0.06792623752398003,-0.6930555059328104,0.0017096895968242252,0.0008863080229385851,0.0009852824935008527,0.002555165793439039,0.0005481136006600511,0.0005784990449047897,0.1353808817167119,11.654264772847956,0.24006578981738774,0.3374479069330485
149,adam,149,150,0.0067106602193594215,1,9.667272920348343e-07,1.9008397657161984e-08,5.995602224427245e-07,9.75806031435098e-05,1,4,,0,8.16133794041677e-09,-17.730195131285207,-0.06800382341476191,-0.6930814993491102,0.001895659489858129,0.0008843643275621873,0.0009832229106539545,0.002536081654645694,0.0005476807064057787,0.0005777608728075995,0.13532130946465426,11.637938666984878,0.2400631959090155,0.3374501339971144
150,adam,150,151,0.006643553617165827,1,9.62579803700469e-07,2.5793612941734524e-07,5.859128405057592e-06,9.545599695909757e-05,1,3,,0,9.445114296747391e-09,-17.71973446602283,-0.0680709126640566,-0.6931054259309591,0.0017112876824631063,0.0008822853873581693,0.0009811115144062212,0.002516237255543137,0.0005471034739407934,0.0005773459303542779,0.13529782487976807,11.633082303141048,0.24006017928341228,0.3374517345818255
151,adam,151,152,0.006577118080994169,1,1.1921822349819883e-06,1.2882425797985512e-07,5.006790659884186e-06,0.0002705773490632386,1,6,,0,3.0366563506408104e-09,-17.709107428318386,-0.06808945503538746,-0.6931566416113611,0.002307943049108202,0.0009709527840108622,0.001091870979091389,0.0025024054575708537,0.0006196926731571729,0.0005860277625219464,0.1360021553812215,11.734233059224179,0.24005950143352098,0.33745598549292877
152,adam,152,153,0.006511346900184227,1,1.1709401340778815e-06,1.1671465987134571e-07,4.4442104700130805e-06,0.00023796603196776447,1,3,,0,4.094562743124807e-10,-17.693214157521645,-0.06808537208923784,-0.6931417421216666,0.0021528212125232794,0.0009653381019823457,0.0010820998725061756,0.002492661359445965,0.0006154284834241005,0.0005857331916753256,0.13596040120572628,11.723934293573663,0.24004872175116831,0.3374524339895723
153,adam,153,154,0.006446233431182385,1,1.12691426413691e-06,9.05612549761993e-08,2.9449447643633777e-06,0.00023308540641695088,1,3,,0,2.3419787767083846e-09,-17.673535446714613,-0.06807611083529902,-0.6930750637192807,0.0016377665459180646,0.0009506713244787424,0.001061562181003501,0.002448044746549406,0.0006021687122736435,0.000584058594678924,0.1358775078680443,11.721290572584504,0.2400296562440232,0.33744182352872126
154,adam,154,155,0.006381771096870561,1,1.1059876757314936e-06,1.3778605814961875e-07,5.00975600246478e-06,0.0002460049711889471,1,9,,0,8.024694887389095e-09,-17.645713250924924,-0.0682011056696275,-0.6929808410147944,0.0015696438854117904,0.0009418110144479648,0.0010516594865884554,0.0024879859146595337,0.0005975448063840419,0.0005810414201784071,0.1357314871639578,11.675263130863136,0.24000590114410852,0.33742586083473314
155,adam,155,156,0.006317953385901855,1,1.1322162052593521e-06,1.1317315309281241e-07,5.124665926768952e-06,0.0002576303424358259,1,11,,0,3.730691993970495e-09,-17.643551784661852,-0.06817719483820729,-0.6929012092720928,0.0012746168535777394,0.0009486068702316763,0.0010640564859345353,0.002348091352284085,0.0006337173166399186,0.0005906706546779416,0.13681968750825782,11.95721029890265,0.23998018132674845,0.3374039622636844
156,adam,156,157,0.006254773852042837,1,1.0902516525948972e-06,8.07303751453232e-08,2.347033475222478e-06,0.0002585967499197263,1,3,,0,1.7568779389380895e-09,-17.639589535943283,-0.06871522088732053,-0.6928213238547151,0.004968662229377062,0.0009295092062489176,0.0010441511636707097,0.002283732543612276,0.0006192028934732094,0.0005919270344001711,0.13704048382966635,12.064908050914347,0.2399538933111373,0.3373768271255138
157,adam,157,158,0.006192226113522408,1,1.0516751220619111e-06,4.956562506150963e-08,1.7635707724024345e-06,0.00025212829154961915,1,11,,0,3.1119324437428625e-09,-17.67411633045863,-0.07208110861256568,-0.6927482611285478,0.004945538371355751,0.000910559035135173,0.001025512126725916,0.00241530302051354,0.0006100137517074189,0.000601413298964682,0.1379426240543006,12.379916756984146,0.2399279965643535,0.3373463278395868
158,adam,158,159,0.006130303852387184,1,1.055120888863387e-06,4.552173455023332e-08,1.325604271977731e-06,0.00023134211508092902,1,7,,0,2.300024102542042e-09,-17.68028091025959,-0.07451225385155438,-0.692682791478513,0.004923401897427759,0.0009086065298923155,0.0010271907753009598,0.0024748829642865008,0.0006160915511762488,0.0006040808949407967,0.13827270651253853,12.470403945988924,0.23990363952332272,0.3373156822315791
159,adam,159,160,0.006069000813863312,1,1.0661394717683118e-06,6.362686636814812e-08,1.924526205517599e-06,0.0002012405898082503,1,3,,0,7.827610832784175e-11,-17.685191513983856,-0.07697000791839849,-0.6926406101186534,0.0044994615461187845,0.0009100930644340782,0.0010325403003119597,0.0025269166079564093,0.0006209931053836488,0.0006073664661542067,0.13850780025362414,12.52605971670568,0.23988257270118232,0.3372867854150613
160,adam,160,161,0.006008310805724679,1,1.0741916588002075e-06,6.93828838082436e-08,2.3265340955122396e-06,0.0001717353052803316,1,3,,0,2.243828597303552e-10,-17.69054181028526,-0.0793676426692649,-0.6926319569789556,0.003835604117031792,0.000911563385444427,0.0010364321776171403,0.0025581597164403406,0.0006243941702116209,0.0006094752671436896,0.13866388900555582,12.573136840640977,0.23986581873090526,0.33726102187621027
161,adam,161,162,0.005948227697667433,1,1.0737487324305714e-06,7.456980898637494e-08,2.4507498221233807e-06,0.00015106501980930587,1,3,,0,5.731722193094219e-10,-17.696228583523514,-0.08160983386417382,-0.6926579329252883,0.004084931644219622,0.0009108449509605908,0.0010362184771709928,0.0025655417416643447,0.0006248225838720904,0.0006103902659866098,0.13874830630197696,12.61716038837605,0.23985354693351824,0.33723940442102335
162,adam,162,163,0.005888745420690758,1,1.0637433455474125e-06,7.410484680592245e-08,2.4146044113322556e-06,0.00014338687555466183,1,3,,0,2.599176333558861e-12,-17.701122993445292,-0.0836110307046834,-0.6927104079458396,0.004870025880023245,0.0009062656073605646,0.0010313793412452144,0.002565662832787131,0.0006212077710607296,0.0006098861118710024,0.13868328615619432,12.617856442642296,0.23984525768408535,0.3372226799606044
163,adam,163,164,0.00582985796648385,1,1.04665561800935e-06,6.295086749714228e-08,2.238336659394253e-06,0.00014619178916433327,1,3,,0,9.147559748868983e-10,-17.704457713973426,-0.0852859963908482,-0.6927804173615837,0.004858961108227077,0.0008986412343751223,0.0010230618837633186,0.0025614330690386647,0.0006141851295579809,0.0006082074003133465,0.13848645650109276,12.576333074864284,0.23984059600238275,0.33721112191174796
164,adam,164,165,0.005771559386819012,1,1.0270936186660201e-06,5.336768261615778e-08,1.858996963365702e-06,0.00015291199990929513,1,3,,0,6.20133189713165e-10,-17.706222807928746,-0.08656668119871619,-0.692859806292033,0.0048432196209816205,0.0008910391010745067,0.0010134562736823036,0.0025399442188980734,0.0006061253312495123,0.0006059564416406659,0.13827692870228625,12.542125433019777,0.2398394796704933,0.33720460080358844
165,adam,165,166,0.005713843792950822,1,1.0093227964632005e-06,4.168522895031043e-08,1.2597681472557425e-06,0.00015773299190306332,1,3,,0,7.603718659700364e-11,-17.705706381644323,-0.08743358349194898,-0.692935969640572,0.004820205199881884,0.0008855772548612623,0.001004650584264599,0.0025118204101042484,0.000598351205503823,0.0006033249455537671,0.13805439233944417,12.506890978750882,0.23984111191147534,0.33720271823205866
166,adam,166,167,0.005656705355021313,1,9.965451606091266e-07,3.7358782542430424e-08,6.150579670453945e-07,0.00015757746169792176,1,3,,0,4.362363896793864e-10,-17.701963352477875,-0.08791371608207857,-0.6929965270412564,0.004787824780898985,0.0008827883849820704,0.0009982710857322909,0.0024875187283743823,0.0005925396618173766,0.0006006751688813,0.13783100061432388,12.465929656948697,0.23984452112164942,0.3372048468304642
167,adam,167,168,0.005600138301471101,1,9.833384138646147e-07,3.8478531741710603e-08,6.85108923732922e-07,0.00015232653015047253,1,7,,0,3.0140636342326357e-09,-17.694052644900754,-0.08821596094418012,-0.6930326489182014,0.004744818409624515,0.0008789958479500296,0.0009916342137424538,0.002483397497943392,0.0005851688228790762,0.0005956345683487575,0.1374197781427859,12.38211741766936,0.2398487787901423,0.33721017556038996
168,adam,168,169,0.005544136918456389,1,9.78601135692491e-07,4.738813926859804e-08,1.3678892547698535e-06,0.00014628451641239516,1,3,,0,1.1695986057214594e-10,-17.68311546745805,-0.08793950011124711,-0.6930444378775796,0.0046919077509752,0.0008793704660997989,0.0009892427081826234,0.0024813829808209087,0.0005851433343932593,0.0005944261836944971,0.13728977391150263,12.343429120580398,0.23985355101953476,0.33721823121660716
169,adam,169,170,0.005488695549271825,1,9.758896935687155e-07,5.6888395997724684e-08,2.118288305674149e-06,0.00013754456243225092,1,3,,0,3.3755378137523704e-11,-17.668752189494953,-0.08740580924880358,-0.6930313282676382,0.0046296574800646405,0.000879790114765312,0.0009878712940301058,0.002496397331745993,0.0005861828356958113,0.0005939863304964416,0.13721802390845173,12.314328333513428,0.23985788624978943,0.33722781236281907
170,adam,170,171,0.005433808593779107,1,9.712574538394243e-07,5.8348510128335965e-08,2.326070087315529e-06,0.0001294954381710246,1,3,,0,9.516669854393003e-12,-17.651556513870762,-0.08671313167646244,-0.6929968810646385,0.004559876572084776,0.0008786692833083734,0.0009855239488918695,0.002527714044867711,0.0005857431497449851,0.0005941395385080544,0.13719620365038634,12.298152605310397,0.23986113152229938,0.3372377894223535
171,adam,171,172,0.005379470507841316,1,9.637174273068563e-07,5.1161466980011026e-08,1.9499657658808353e-06,0.00012432311579175956,1,3,,0,4.018995733993505e-12,-17.632597563456727,-0.0859295620275475,-0.6929476564318958,0.0044855045616531575,0.0008755863153035564,0.0009816911058509476,0.0025700079126761703,0.0005826802108416625,0.0005946390057342338,0.13720685851100478,12.293658409806763,0.23986304008118037,0.3372472438879038
172,adam,172,173,0.005325675802762902,1,9.555370801125042e-07,4.226952696517076e-08,1.2135039783995488e-06,0.00012117636413478915,1,3,,0,4.240808870898591e-12,-17.613265574939543,-0.0850894312591933,-0.6928917871380014,0.0044101909412955186,0.000871365560088971,0.000977515769751314,0.002614444340745311,0.0005777823741027514,0.0005953030154162579,0.1372333226008294,12.296325747103165,0.2398637565392005,0.33725554878610847
173,adam,173,174,0.005272419044735273,1,9.491625115127939e-07,4.002079009790207e-08,1.3481594034072402e-06,0.00011766090773606971,1,3,,0,4.5323161708127686e-12,-17.594998600174435,-0.08420678630453156,-0.692837546525865,0.004337653516521501,0.000867160326833522,0.0009742497172248981,0.0026511076883407553,0.0005724690562601942,0.0005959895162076049,0.13726124820970115,12.301043010843664,0.23986368975963301,0.3372623788225892
174,adam,174,175,0.00521969485428792,1,9.449975746581308e-07,4.377775504133088e-08,1.5458175738978212e-06,0.00011243761354847915,1,3,,0,3.152891773446074e-12,-17.578992870778443,-0.08329454261648325,-0.692791996434327,0.004271028813031518,0.0008636095933433108,0.0009721098572991279,0.002671616268657827,0.000567626889619263,0.0005965612996401095,0.13727880396972805,12.304224028056291,0.23986334748326069,0.3372676786365441
175,adam,175,176,0.0051674979057450415,1,9.417724858529806e-07,4.690693565414945e-08,1.4912777276932018e-06,0.0001059892173427823,1,3,,0,2.621385821474037e-12,-17.56598460709682,-0.08237721334425864,-0.692759841608302,0.004212403049055191,0.0008607119792101048,0.0009704496307655439,0.0026709604810211817,0.0005634534207356188,0.0005968993980673749,0.1372778575648137,12.304279318777844,0.23986319320395924,0.33727161020376595
176,adam,176,177,0.00511582292668759,1,9.380667233020823e-07,4.579985339357665e-08,1.1984744310508581e-06,9.981337246397014e-05,1,3,,0,2.498546370443158e-11,-17.55615005197265,-0.08149331003017972,-0.6927427228148122,0.004162611612638873,0.0008582228216766683,0.0009685384469922102,0.002648208331040729,0.0005598001715069168,0.0005969272462018185,0.1372549604213351,12.30122788970221,0.23986354997179732,0.3372744872608613
177,adam,177,178,0.005064664697420715,1,9.333960141208481e-07,4.00108893846307e-08,1.0566730434721268e-06,9.517016469286994e-05,1,3,,0,2.977983284692766e-10,-17.549143895636377,-0.08069021957882244,-0.6927391231624963,0.004121301717389212,0.0008560613461575632,0.0009661242229241786,0.002606100144763352,0.000556485136206619,0.0005966227516387354,0.13721301295300456,12.297037893871535,0.2398645534840714,0.33727670332787735
178,adam,178,179,0.005014018050446508,1,9.307005151585891e-07,2.1071561981168265e-07,1.115735271579035e-05,9.220492419479124e-05,1,5,,0,2.0718919774073617e-09,-17.544396360427687,-0.0800163353048967,-0.6927448213448449,0.004087187966779173,0.000856388784913428,0.0009647282079210648,0.0025415679449815824,0.0005546043571213192,0.0005963578771441632,0.13724320540172308,12.332941173698016,0.23986613195116757,0.3372786598819907
179,adam,179,180,0.004963877869942042,1,9.235334063512278e-07,3.3457021816866666e-08,9.081937896640413e-07,9.03336510471195e-05,1,4,,0,3.406876989835521e-09,-17.537649660160774,-0.0795230096126438,-0.6927487026799678,0.004057983674843033,0.0008536860338437666,0.0009610064548957139,0.0025149608320154436,0.0005519581914715321,0.0005953550092664931,0.1370642921505096,12.261903001422436,0.23986604241474493,0.33728032761770227
180,adam,180,181,0.004914239091242623,1,9.193449267221928e-07,3.613918879509264e-08,1.3706693392890702e-06,8.838371940164935e-05,1,3,,0,3.7287964938587185e-10,-17.53240683807407,-0.07920055402018707,-0.6927581597089663,0.004033919460496578,0.0008534330634134242,0.000958824763302551,0.0024696875751200305,0.0005509311019753986,0.0005945626814976797,0.13696941123112222,12.23478842925088,0.23986627348993408,0.3372819373788463
181,adam,181,182,0.004865096700330196,1,9.150657400493066e-07,3.515769531744024e-08,1.4975749371182694e-06,8.672150843319977e-05,1,3,,0,4.509107201425215e-11,-17.528307968760384,-0.07904521557437275,-0.6927720554288358,0.004014216144003859,0.000852614144911452,0.0009565906857425001,0.0024193579450514087,0.0005497600475400956,0.0005936655140124307,0.13687762084547864,12.213580384548093,0.23986656353187635,0.3372834431898689
182,adam,182,183,0.004816445733326894,1,9.108945213079745e-07,3.0516742200128605e-08,1.3178132172503782e-06,8.53843064536764e-05,1,2,,0,9.410231660990218e-09,-17.524809084616372,-0.07904593762955157,-0.6927883084448246,0.003997308134870534,0.0008511950074076675,0.0009544079428147979,0.002368727445419008,0.0005485295689864922,0.0005927814417375828,0.13678982085078167,12.195805283591536,0.2398667369223619,0.33728488096344345
183,adam,183,184,0.004768281275993625,1,9.074765622498552e-07,2.732796345769932e-08,8.661578053091424e-07,8.365806826649363e-05,1,4,,0,1.4724795914828469e-09,-17.516649273363573,-0.07918174939836918,-0.6928044738060718,0.003981282687283277,0.000849702018424372,0.000952615642454949,0.0022805073723915783,0.0005463049429814858,0.0005912706690593453,0.13664779625431972,12.162357349493625,0.23986675125857884,0.3372863807269851
184,adam,184,185,0.004720598463233689,1,9.211132404791005e-07,8.622983393026999e-08,2.0505481172585306e-06,8.122874476624678e-05,1,8,,0,9.087465433183027e-10,-17.51236972891607,-0.07942922270142233,-0.6928181084706172,0.003963889871995142,0.0008517225781955582,0.0009597464459319974,0.0024045742961706514,0.0005466156255484556,0.0005890334976452917,0.13640811260525557,12.079715552569152,0.2398667695643855,0.3372881191344659
185,adam,185,186,0.004673392478601351,1,9.137838802737388e-07,7.338117909112772e-08,1.5526196325239962e-06,7.97999723767133e-05,1,3,,0,8.603559949159396e-11,-17.51272611417808,-0.07973537263357196,-0.692839888395797,0.0039592983203426664,0.0008487919874154261,0.000955920436162832,0.0023446403072976147,0.000544739073950076,0.0005887196676320377,0.13640043972337304,12.0930977071483,0.2398668267145262,0.3372893482703678
186,adam,186,187,0.004626658553815338,1,9.046330958119696e-07,4.8821144880662455e-08,1.052872758748338e-06,8.131887489767572e-05,1,3,,0,6.527860891465135e-09,-17.51657783601831,-0.08006624358373464,-0.6928627940943572,0.003962672441250512,0.0008459740515062639,0.0009511220194128457,0.0022026290042208,0.0005422751431265417,0.0005887386978300338,0.13643854129697752,12.125519696046569,0.23986676678623461,0.3372903546273661
187,adam,187,188,0.004580391968277185,1,9.031829476493726e-07,4.13084457544756e-08,9.391168000972349e-07,8.11626937190255e-05,1,4,,0,5.337747609530473e-09,-17.546981754548746,-0.08038808686916098,-0.6928758606989264,0.00396612426956039,0.0008449319468607944,0.0009503593781561649,0.0023344932872773664,0.0005461162990036741,0.0005917461781128288,0.13673001230308607,12.229351922552604,0.23986621332621666,0.33729149980887235
188,adam,188,189,0.004534588048594413,1,9.014625274515953e-07,3.98690153663796e-08,8.293936361616364e-07,7.65324393740333e-05,1,3,,0,3.685830710608741e-11,-17.552965939694683,-0.08066084536829612,-0.6928751791471919,0.0039585712609069585,0.0008431103540893749,0.0009494538048012632,0.002372225542596018,0.0005453633300642702,0.0005919026845183209,0.13676829900640464,12.248752403145899,0.23986532342323663,0.3372934575270749
189,adam,189,190,0.004489242168108469,1,8.984613578066496e-07,3.5254189746218394e-08,7.963918523304965e-07,7.463249412210875e-05,1,2,,0,9.201198700777913e-09,-17.55461092070089,-0.08084468534174918,-0.6928619576343428,0.00394106082618959,0.0008407713744373437,0.0009478720155203706,0.002415903679981435,0.0005443866088893345,0.0005920117888435047,0.13680341283071845,12.264313031970103,0.2398640552213117,0.3372961280123737
190,adam,190,191,0.004444349746427384,1,8.950073229317918e-07,3.0985677006719714e-08,7.123963296197471e-07,7.397193915666205e-05,1,2,,0,4.761749786747903e-09,-17.5524626064402,-0.08091179508616199,-0.6928394780732547,0.003915446403783557,0.0008383331505466956,0.0009460482667030218,0.002458695640101054,0.0005433248310827238,0.0005919695994249985,0.13682723676487307,12.274596430030938,0.2398624589739643,0.3372993674115228
191,adam,191,192,0.00439990624896311,1,8.916912811529446e-07,2.9378567820826038e-08,6.026503586831127e-07,7.327003203346531e-05,1,2,,0,3.830398053055121e-09,-17.54772803614863,-0.0808539593551975,-0.6928123923462115,0.003883974526871942,0.0008360951976595028,0.0009442940649781426,0.0024987888029638196,0.0005423627747077656,0.0005918014443672588,0.13684188242938053,12.281018175829981,0.23986065762632722,0.33730301755632536
192,adam,192,193,0.004355907186473479,1,8.88529283295021e-07,2.9405091622478134e-08,6.246739721478669e-07,7.213585679601989e-05,1,2,,0,5.207754202993035e-09,-17.541282189892073,-0.0806853915480041,-0.6927857647345422,0.003848854140357897,0.0008341050685254068,0.0009426183126244796,0.002531728958396864,0.0005414965361551273,0.0005914808118430778,0.13684493750336457,12.283879784058213,0.2398588172289248,0.33730693321529626
193,adam,193,194,0.004312348114608744,1,8.85318467676743e-07,2.874695037218161e-08,7.565035641319191e-07,7.079934152078603e-05,1,2,,0,8.37389449018442e-09,-17.533875283419963,-0.08044151752575676,-0.6927642363777822,0.003811958899524183,0.0008322786408183144,0.0009409136345471581,0.0025553117922570995,0.0005407483863563716,0.0005910070991945539,0.13683637816188918,12.284009032932435,0.23985712060813946,0.3373110037621516
194,adam,194,195,0.004269224633462657,1,1.047674711387185e-06,1.4610650969740404e-07,5.352292452809859e-06,6.954707936937588e-05,1,15,,0,8.008816236770301e-09,-17.529951922978757,-0.08036253250109174,-0.6927514102004572,0.003774657288281542,0.0008902060866149012,0.0010235598230622306,0.002498955302355739,0.000623108327419863,0.0006066220986239965,0.1383703518957352,12.573491648423648,0.23985573558998569,0.3373151601629408
195,adam,195,196,0.00422653238712803,1,1.017168512834535e-06,1.1605983711565437e-07,4.395707725297916e-06,8.508003368815417e-05,1,3,,0,1.539346123757197e-10,-17.51564019147473,-0.0808023388514216,-0.6927122651922061,0.0037219682196455873,0.0008798246182656184,0.0010085477246191848,0.0025445020992077333,0.0006172941202763821,0.0006071323659064114,0.13839633570800697,12.580624971244449,0.2398515429681869,0.3373156547524562
196,adam,196,197,0.00418426706325675,1,9.808911195315041e-07,8.073048890921221e-08,3.051101428940336e-06,0.00010898131549438561,1,3,,0,2.463067656198134e-10,-17.497069777513993,-0.08179787954396107,-0.6926589641757516,0.003659003160522981,0.000866625562922572,0.0009903994747229544,0.0026070594041877537,0.000608282570530116,0.0006085054264076523,0.13846843638856407,12.600652147057643,0.2398457325868722,0.337313225240483
197,adam,197,198,0.004142424392624182,1,9.517585121710984e-07,5.182044472403076e-08,1.788185583373062e-06,0.00012432972009332566,1,3,,0,1.1279653979230656e-10,-17.47649029110725,-0.0831310291045438,-0.6926047473736813,0.003591580257027391,0.0008546172068676698,0.0009755811151160618,0.00267326589703135,0.0005992201935802478,0.000610490959875584,0.13857585395888447,12.629349100627703,0.23983944681700797,0.3373086256880082
198,adam,198,199,0.00410100014869794,1,9.349168519157404e-07,4.231454112891694e-08,9.057954458732852e-07,0.00012823193766579513,1,3,,0,1.3670647044459428e-10,-17.45604667179476,-0.0845754929062129,-0.69256158283371,0.0035252176555321635,0.0008457376051268213,0.0009669109844839598,0.0027308277122898217,0.0005919228477097736,0.0006128048199346945,0.1387014284140065,12.661103222062708,0.23983359799880777,0.33730255500137757
199,adam,199,200,0.004059990147210961,1,9.28436666686214e-07,5.153427112559979e-08,1.43776390880785e-06,0.00012287599382984247,1,3,,0,1.6401969315561805e-10,-17.43760619399492,-0.08593304022756627,-0.6925384202658734,0.0034644055829380865,0.0008402665147896904,0.0009635541846135141,0.002770098650368109,0.0005869009312581064,0.0006151862298132573,0.13883028577466644,12.692324659483083,0.23982880834743198,0.3372956413073733
200,adam,200,201,0.004019390245738851,1,9.271782430079152e-07,6.324753843390812e-08,1.7461438825440199e-06,0.00011249792659801471,1,3,,0,2.536740576974315e-10,-17.42253017839544,-0.08705246082985117,-0.6925401741323349,0.0034121804683261117,0.0008372403821808229,0.0009629009518158736,0.002785106203461178,0.0005839820115619212,0.0006174288637949371,0.1389507331785236,12.720539300515336,0.2398254090096095,0.3372884515757479
201,adam,201,202,0.003979196343281463,1,9.261455294272039e-07,6.970260782122957e-08,1.8496197723373302e-06,0.00010200863883032819,1,3,,0,5.402745091053106e-10,-17.411452174538667,-0.087836936077696,-0.6925674483671397,0.0033699736644170124,0.0008354288063256429,0.0009623645512108205,0.0027738375811802167,0.0005826764902299264,0.0006193754463592736,0.1390533267618206,12.74385562588796,0.23982347919194183,0.33728150187106437
202,adam,202,203,0.003939404379848648,1,9.224926878528819e-07,6.835185968558739e-08,1.7670310809651816e-06,9.541499829089008e-05,1,3,,0,1.7925873852311913e-09,-17.40419482108459,-0.08824508738800943,-0.6926168805422027,0.0033377420155133466,0.0008339014153397066,0.0009604648290556412,0.0027379657365272387,0.0005823976310145014,0.0006209017116108939,0.13912873527898248,12.760401599854,0.2398229025142344,0.3372752591777585
203,adam,203,204,0.0039000103360501614,1,9.162232894058596e-07,5.840676396342869e-08,1.4464196800108052e-06,9.377774982024365e-05,1,4,,0,2.7808202776333783e-09,-17.400220255973828,-0.08829118146576928,-0.6926819003512174,0.0033144442322808262,0.0008321716883129316,0.0009571955335279515,0.0026818703282276896,0.0005829148774145908,0.0006218341572092183,0.13915332890974844,12.764276227815497,0.23982343378654494,0.33727014583835296
204,adam,204,205,0.00386101023268966,1,1.0050532799866468e-06,1.1420953781715504e-07,3.7343807024525234e-06,9.464769710477103e-05,1,10,,0,1.8580446707198373e-10,-17.40413499796871,-0.08829091166333818,-0.6927530060702014,0.0032983314012240035,0.0008616980201317401,0.0010025234560780345,0.002789140686365262,0.0006207344589864885,0.0006331762929275737,0.13946301076888198,12.680395901391217,0.23982475720046773,0.3372666410268814
205,adam,205,206,0.0038224001303627637,1,1.3767418947787719e-06,2.3155508975202017e-07,6.472372305017817e-06,9.888506892421779e-05,1,13,,0,7.291391416796069e-11,-17.392791304340257,-0.08781739724197468,-0.6927495231731977,0.0032819092806930057,0.0009718922677686464,0.0011733464513001997,0.003844552104986631,0.0007698301458241553,0.000687097994993932,0.14493229074099634,14.045906327887488,0.23982398103064373,0.3372641038524764
206,adam,206,207,0.003784176129059135,1,1.3188844284310788e-06,1.8836198056994884e-07,4.312668149384671e-06,0.00011735012626639563,1,3,,0,8.647611982349474e-10,-17.381720486374213,-0.08727712931979754,-0.6926564226903673,0.0032574844128911724,0.0009542193392472438,0.0011484269364792341,0.0037150145361869603,0.0007613467297561927,0.0006857842019120923,0.14485446599923646,14.045457392069165,0.23982084312934862,0.33726255309406217
207,adam,207,208,0.003746334367768544,1,1.2468677143660964e-06,6.564160079919488e-07,2.2418018909811343e-05,0.00014294276739156714,1,3,,0,6.267656315917147e-09,-17.369096399783874,-0.08673260779711663,-0.6924936937303858,0.003227002243970089,0.0009316841311092197,0.00111663230938662,0.0035342391923344108,0.0007502822727370526,0.0006835187843183267,0.14469164944026205,14.028502030601597,0.23981585552097046,0.3372618993842262
208,adam,208,209,0.0037088710240908585,1,1.2101502488017584e-06,1.374415765684633e-07,3.9004352228842135e-06,0.0001833853239494766,1,4,,0,2.768795872802687e-09,-17.32469915894603,-0.08624480808587728,-0.6922461504853097,0.0031176008554803826,0.0009260756569705723,0.0011000682927899334,0.0032330652333242785,0.0007418315014991775,0.0006822678387247243,0.14465145637674742,14.02606110839194,0.23980557219736115,0.33726179678211415
209,adam,209,210,0.00367178231384995,1,1.1856758908641374e-06,1.617526125913275e-07,4.90606557718659e-06,0.0001805755590543019,1,3,,0,6.921330062454421e-10,-17.290279685806865,-0.08580411965680844,-0.6919785928765042,0.0030189261731634193,0.0009191958833111813,0.0010888874555545847,0.0030136500367027434,0.0007357998421806566,0.000680920340777599,0.14460034912306807,14.02721879456063,0.23979427219243102,0.33726047370430257
210,adam,210,211,0.00363506449071145,1,1.1599361049299498e-06,1.7537663380044843e-07,6.482639487118847e-06,0.00017651824901050616,1,3,,0,2.6217291314316155e-10,-17.25992014910474,-0.08542859683040266,-0.6917113915932301,0.0029341484627687193,0.0009103593680341579,0.0010770032984768199,0.0028545399912912953,0.0007282520451861527,0.0006792498158098661,0.1445479282362763,14.045895600556817,0.23978241287130392,0.3372569518145396
211,adam,211,212,0.0035987138458043358,1,1.1287028843997589e-06,1.7268959251619156e-07,6.915295399329069e-06,0.0001722692127149948,1,3,,0,6.745815714596986e-10,-17.23406952390331,-0.08515584094634279,-0.6914618820242474,0.002864398356097589,0.0009003871763849058,0.0010624042942306657,0.0027464628315348972,0.0007175112235221373,0.0006772135763784276,0.1445033007933224,14.087078553454363,0.23977107945974074,0.3372511819775313
212,adam,212,213,0.0035627267073462927,1,1.0955743659582046e-06,1.559232231116297e-07,6.148090131703007e-06,0.0001662639364017451,1,3,,0,1.9679937814304333e-09,-17.212614294176202,-0.08503531130425579,-0.691243445260877,0.002809276431056803,0.0008913063781740567,0.001046696883514136,0.002752869504260203,0.0007044478109228834,0.0006750884020649987,0.1444779932070093,14.146847824412948,0.23976149689902185,0.337243721100944
213,adam,213,214,0.0035270994402728296,1,1.0650882915457467e-06,1.5002172706182568e-07,4.469416038309581e-06,0.00015826856635798884,1,3,,0,2.608370616196442e-09,-17.195320484185597,-0.08511967609848739,-0.6910649466521184,0.002767364802577788,0.000884892113881473,0.0010320311485346489,0.002744437518827281,0.0006897534837523877,0.0006725793760298423,0.1444144115463624,14.199348051892658,0.23975451749924992,0.3372353758810604
214,adam,214,215,0.0034918284458701015,1,1.0322909512660875e-06,8.053707950829285e-08,1.1280521303233921e-06,0.00015300876853930505,1,5,,0,1.2449344173317167e-11,-17.182258327645997,-0.08546078891455765,-0.6909300107949538,0.0027366472292233526,0.000876938045329556,0.0010160172002806288,0.002756387440345825,0.0006705875758358356,0.0006672740832591093,0.14403199294182284,14.15464015170111,0.2397503166791004,0.3372269718649208
215,adam,215,216,0.0034569101614114,1,1.0368970326508146e-06,1.3720985810396002e-07,3.165865740261999e-06,0.0001505197544804189,1,5,,0,8.871493701005225e-09,-17.16057003645524,-0.08612205830621199,-0.6908311359564241,0.0027097322198998065,0.000877955726349001,0.0010182814113253833,0.0028076697861009444,0.0006576704152225316,0.0006606922324784659,0.14342530848624938,14.007450019849601,0.2397493639761595,0.33721950777448517
216,adam,216,217,0.0034223410597972862,1,1.0149422477367942e-06,1.3113958841183905e-07,2.8938189026274853e-06,0.00015143514866897812,1,3,,0,2.407468063502813e-09,-17.15926815349013,-0.0871177266552155,-0.6907678939160952,0.00269845489811413,0.0008694474120391815,0.0010074434216057963,0.0027435393308583122,0.0006477823081351081,0.0006570037771645072,0.1431205412473756,13.953358397476471,0.23975052075869888,0.33721241716823513
217,adam,217,218,0.003388117649199313,1,9.820293565372044e-07,6.790891287908088e-08,1.972155498748096e-06,0.00015723405997568834,1,8,,0,7.33326203037503e-11,-17.183418031099144,-0.08841600680758217,-0.6907336373126047,0.002697706578261609,0.0008577968748263616,0.0009909739434199086,0.0026116194867400176,0.0006383857222694555,0.00065604579266138,0.14309447759676494,13.98631114987199,0.23975325282864104,0.33720619870813545
218,adam,218,219,0.00335423647270732,1,9.722694615447513e-07,5.497899205617638e-08,1.3003896345471271e-06,0.0001539858265807613,1,3,,0,2.000184032580858e-09,-17.190135903656703,-0.08994936515129114,-0.6907174348383059,0.0026891863270678273,0.000856727740005531,0.0009860372516009481,0.0024680054997008876,0.0006345560872417031,0.0006536217050215081,0.14290977171378202,13.953988815116153,0.23975742159102764,0.3372020322525497
219,adam,219,220,0.003320694107980247,1,9.703958602871752e-07,5.460657367986067e-08,7.090612860025881e-07,0.0001421734467714724,1,3,,0,6.681691196924197e-11,-17.19214972392185,-0.09161281816898804,-0.6907162648054441,0.002673897359151,0.0008598537492621963,0.0009850867272921584,0.0024526249292776505,0.0006333685690517516,0.0006512976472646965,0.14274063794770772,13.922040781829118,0.23976190205004383,0.3371995073073658
220,adam,220,221,0.0032874871669004444,1,9.718765638938796e-07,6.153223036464304e-08,6.975361627435842e-07,0.00012403788794141413,1,3,,0,4.148224273941948e-11,-17.191995177972778,-0.09328928988039194,-0.6907279207695803,0.0026537383940434933,0.0008629790481538474,0.0009858380008367904,0.0024832479883072937,0.0006327747660910338,0.0006492642693734545,0.14260238320060117,13.897754864935163,0.23976554104426848,0.33719796178923944
221,adam,221,222,0.0032546122952314396,1,9.702060593325721e-07,6.310321897715657e-08,7.668162130821574e-07,0.00010697895615534043,1,3,,0,1.0359007822531407e-11,-17.190427130082185,-0.09485940187136684,-0.6907508829634017,0.0026307077273249975,0.0008629839115176771,0.000984990385401082,0.0025231256318295056,0.0006299358759193249,0.0006474471329046581,0.14248394952782115,13.881507408639445,0.23976751321449746,0.33719675944957067
222,adam,222,223,0.0032220661722791254,1,9.631977908940841e-07,5.54350622022016e-08,7.408679505258041e-07,9.831135009922985e-05,1,3,,0,1.057976637039342e-11,-17.188112261009692,-0.09621487045323798,-0.6907841641041822,0.0026065072372816987,0.0008589959318584147,0.000981426406254735,0.0025682345971706276,0.0006238070574905554,0.0006457628557524859,0.14237619878019497,13.872090790460632,0.23976761908934463,0.33719554011827746
223,adam,223,224,0.0031898455105563344,1,9.53941956235387e-07,4.323519576657713e-08,6.410710757514536e-07,9.739903304233423e-05,1,3,,0,2.7204491727469284e-11,-17.1854916780598,-0.09727150351341919,-0.6908270782197349,0.002582366716952558,0.0008529168524721217,0.0009766995219797066,0.002613262796812679,0.0006157901226616464,0.0006441844522085675,0.14227834522024368,13.86710915922618,0.23976624159337506,0.33719425361826116
224,adam,224,225,0.0031579470554507706,1,9.465184811786546e-07,3.608279113055904e-08,6.079464709605256e-07,9.7539517044203e-05,1,3,,0,3.8320582904959866e-11,-17.182831217758086,-0.09797956151980365,-0.6908789419838857,0.00255904743205579,0.000847269677753641,0.000972891813707287,0.0026526641030434834,0.0006081114694184554,0.0006426889255494505,0.142190014574112,13.863109963422945,0.23976405969832246,0.3371930213748699
225,adam,225,226,0.003126367584896263,1,9.423290767035519e-07,3.8710229349949066e-08,7.44084810842409e-07,9.441819126736406e-05,1,3,,0,2.5814723406502243e-11,-17.180269477113963,-0.09832773457606098,-0.6909388186544746,0.0025369392875175425,0.0008432842620785392,0.0009707363579796277,0.002681809089855673,0.0006021531531042529,0.0006412140165157495,0.14210529847616168,13.856533156100246,0.23976172963081277,0.3371919595528419
226,adam,226,227,0.0030951039090473006,1,9.401055437632044e-07,4.484671751505202e-08,8.092697373970601e-07,8.80009376243698e-05,1,2,,0,9.679889734389405e-09,-17.177831097850454,-0.09834007680298663,-0.691005391333766,0.0025161579194592364,0.0008411444841533697,0.0009695903999953818,0.0026977220367026492,0.0005981503159820501,0.0006397035092863754,0.14201695585635513,13.844826582637513,0.23975975709958236,0.337191129260901
227,adam,227,228,0.0030641528699568276,1,9.377556404206549e-07,4.813369112449987e-08,8.0177006828524e-07,8.059035113695678e-05,1,2,,0,5.713224140639359e-09,-17.17551307237346,-0.09806904632519314,-0.6910769313309334,0.002496631605811902,0.0008401952304431322,0.0009683778396992854,0.0026994892492219744,0.0005956413509651043,0.0006381202850924931,0.14191863491700285,13.826258761483794,0.23975847939979264,0.33719054489013617
228,adam,228,229,0.0030335113412572594,1,9.339705801172498e-07,4.6833105677313786e-08,7.3088267976624e-07,7.481453190489775e-05,1,2,,0,4.1506391480648145e-09,-17.173203427279322,-0.09758860138302691,-0.691151365142386,0.0024781771485508654,0.000839347233694082,0.00096642153334725,0.002688458026551003,0.0005939408450613915,0.0006364818400930588,0.14180939916405053,13.801459707976129,0.2397580725174307,0.3371901921731244
229,adam,229,230,0.0030031762278446865,1,9.286947275521204e-07,4.152849073508674e-08,6.12689288721009e-07,7.186916759224191e-05,1,2,,0,3.931689474035291e-09,-17.17078415476528,-0.09698705161830956,-0.6912264014443059,0.0024605616683067055,0.0008381169096353971,0.0009636880862354377,0.0026674133227400374,0.0005925975033316714,0.0006348257706724678,0.14169154562792405,13.771876689730354,0.23975857139384443,0.33719003406486403
230,adam,230,231,0.0029731444655662397,1,9.228762872478351e-07,3.4379892379787325e-08,4.7095153922507496e-07,7.0994791965839e-05,1,2,,0,3.999509418155499e-09,-17.168132830224888,-0.09635622883061337,-0.6912997218622903,0.002443555883947145,0.0008366278792756659,0.0009606645029602348,0.00263965983672851,0.0005914708561991782,0.0006332117740161225,0.14157035747722602,13.739772584955402,0.23975987912755717,0.337190007338316
231,adam,231,232,0.002943413020910577,1,9.176448582793219e-07,2.8589226127669648e-08,3.856016130480019e-07,7.03809908234581e-05,1,2,,0,4.140110230820064e-09,-17.16513531456027,-0.09577830623349745,-0.6913691964027244,0.002426956360053316,0.0008352998564717722,0.0009579378154553258,0.002608218053030587,0.0005906009471825852,0.000631699852534767,0.14145161702730497,13.707417627804732,0.23976179630943373,0.3371900263819221
232,adam,232,233,0.002913978890701471,1,9.136198914317489e-07,2.7132138782062386e-08,5.770147619975589e-07,6.862797501158948e-05,1,2,,0,4.3831889934222475e-09,-17.161681521836584,-0.09531666828055305,-0.6914330736034175,0.0024105892818838525,0.0008344382536826362,0.0009558346569526284,0.0025754100193445158,0.000589997529485344,0.0006303352693517467,0.14133982359333525,13.676667077435582,0.23976406464237124,0.3371899945064642
233,adam,233,234,0.0028848391017944567,1,9.106538619186712e-07,2.9572581010774204e-08,7.048146000368956e-07,6.545100652728679e-05,1,2,,0,4.794775907710838e-09,-17.157643781719013,-0.09501162361124713,-0.6914901204156397,0.0023943084741815043,0.0008339884371355825,0.0009542818566433459,0.00254261328245779,0.0005895084364312918,0.0006291378386840516,0.1412370703897005,13.648695571139061,0.23976641770674914,0.33718982130968655
234,adam,234,235,0.0028559907107765124,1,9.080578544249872e-07,3.262494279981629e-08,7.531277132905236e-07,6.160796232261272e-05,1,2,,0,6.194118970175111e-09,-17.152816450696402,-0.09487999518162536,-0.6915396988947826,0.002378000219597352,0.0008336072108714518,0.0009529206968184642,0.0025098726057994065,0.000588831773907937,0.0006280940961775663,0.1411423902276783,13.62376346164574,0.23976862777725072,0.33718944087000324
235,adam,235,236,0.002827430803668747,1,9.051204994720054e-07,3.3203989147063135e-08,7.017778064447205e-07,5.83665055751694e-05,1,3,,0,2.703822126004223e-09,-17.145182597365853,-0.09491736780161363,-0.6915817723001457,0.0023616133765707293,0.0008329763922559916,0.0009513782105303891,0.0024641910971020266,0.0005873802437999286,0.0006269600518147148,0.14103362727713328,13.595838675238781,0.23977053874552265,0.337188824524725
236,adam,236,237,0.0027991564956320594,1,9.100119255908456e-07,8.828853763160046e-08,2.0147380287758443e-06,5.653217490699505e-05,1,5,,0,5.199306452233249e-09,-17.12858507174556,-0.09510595150629685,-0.6916167789179704,0.002345854084519413,0.0008340911420697511,0.000953945452104493,0.0024540842535162445,0.00058558067003336,0.0006248054441362796,0.14082268328036146,13.53369604264127,0.2397720312075463,0.3371879488171596
237,adam,237,238,0.0027711649306757387,1,9.04698741570688e-07,9.48927040477226e-08,2.219292473879562e-06,5.513384534017852e-05,1,2,,0,7.387256261388271e-09,-17.130695789348607,-0.09540630956909757,-0.6916482843778508,0.0023418100018035093,0.0008320614509387105,0.0009511565284277283,0.002423819774977793,0.0005836494963522939,0.0006246677022766678,0.14080073214104458,13.535012238290653,0.23977257546508546,0.33718618606797657
238,adam,238,239,0.0027434532813689814,1,8.951321627569692e-07,2.7499753068297695e-08,4.3606454058302517e-07,5.896452456371857e-05,1,5,,0,7.82090056128444e-10,-17.156323053812137,-0.09577865406162384,-0.6916753386608556,0.002347754884756499,0.0008283818192380144,0.0009461142440302699,0.0024900617915499085,0.0005838523276756201,0.0006269022982890789,0.1409928281712932,13.601863316498775,0.23977219646430167,0.33718374129366785
239,adam,239,240,0.0027160187485552917,1,8.92310322165006e-07,2.4941001545962397e-08,3.8261292023609637e-07,5.8109854129798914e-05,1,3,,0,4.864380723730577e-10,-17.16399403625113,-0.0961878379521756,-0.6916973463705934,0.0023493863481541264,0.0008264036741196007,0.0009446217878945022,0.002514828076483471,0.0005827916937118645,0.0006272433782164466,0.14101024807549647,13.613914998692971,0.23977183364133003,0.33718164897647196
240,adam,240,241,0.0026888585610697385,1,8.89665752006208e-07,2.3694953843172664e-08,3.68567986700737e-07,5.7027070750960505e-05,1,2,,0,4.57779795878942e-09,-17.168841043306127,-0.09659325666380705,-0.6917153221532096,0.002346459929478512,0.0008244759999360399,0.0009432209454874335,0.0025311905772105485,0.0005817240254840659,0.0006274504240985734,0.14101574957116844,13.62205995144657,0.23977160553015023,0.3371800453533961
241,adam,241,242,0.0026619699754590414,1,8.872480190085439e-07,2.404208485043868e-08,3.6526532227794614e-07,5.542781512665164e-05,1,2,,0,2.1771123311845127e-09,-17.171423148432712,-0.096961524603372,-0.6917304855621361,0.0023390907981925726,0.0008227218105823606,0.0009419384369525133,0.0025417234447391293,0.0005807734657441222,0.0006275316113485456,0.14101116461932703,13.626556497543032,0.2397716168600989,0.3371790167625234
242,adam,242,243,0.0026353502757044504,1,8.849342503481397e-07,2.4989722454002617e-08,3.92787471230932e-07,5.350107218418593e-05,1,2,,0,1.7378886633898423e-09,-17.17241378523933,-0.0972715806185054,-0.6917441713245214,0.002327673645656984,0.0008211349497855414,0.0009407094399165663,0.002549875583092857,0.0005800132613358692,0.0006275331164470966,0.14100116459406525,13.628518727860895,0.23977194216139175,0.33717859918338805
243,adam,243,244,0.0026089967729474063,1,8.825059153957167e-07,2.535059433398139e-08,3.8785194607287034e-07,5.1681783142998214e-05,1,2,,0,1.523781978788798e-09,-17.172034069429234,-0.09751170998310402,-0.6917577182838808,0.0023127972523926408,0.0008196734761831643,0.0009394178598449769,0.002554961688386704,0.0005793733842054385,0.0006274431895702469,0.14098450969991194,13.627504817846882,0.23977261837923652,0.3371787837184858
244,adam,244,245,0.002582906805217932,1,8.798522772247337e-07,2.4493749759907476e-08,3.4938334158451903e-07,5.032567413624439e-05,1,2,,0,1.4364759239530513e-09,-17.170569712864303,-0.09768009171265243,-0.6917723635528019,0.002295186809528182,0.0008183129941600466,0.0009380044121563254,0.0025570705742139627,0.0005788069273624075,0.0006272693264043754,0.1409615780553745,13.623647102536543,0.23977364418467956,0.3371795245208441
245,adam,245,246,0.0025570777371657525,1,8.770232339400629e-07,2.2480400289863934e-08,2.810366045619737e-07,4.948317007946903e-05,1,2,,0,1.4260876192536671e-09,-17.168281095679855,-0.09778362215047695,-0.6917891620654362,0.0022756366736282107,0.0008170761555868941,0.0009364951862877155,0.0025563689220958995,0.000578300207390131,0.000627026013712469,0.1409333147845095,13.617323679356183,0.23977498471723754,0.3371807491365896
246,adam,246,247,0.002531506959794095,1,8.741850451989529e-07,1.99649511328228e-08,2.16154991858236e-07,4.890645046824518e-05,1,2,,0,1.4631983989824146e-09,-17.165406782063872,-0.09783595466407392,-0.691808930161938,0.0022549444573224152,0.0008160154078939327,0.0009349786335521005,0.002553204212267223,0.000577869552159837,0.0006267337098698686,0.14090122515030565,13.60913866694288,0.2397765795203532,0.33718236900166665
247,adam,247,248,0.0025061918901961543,1,8.715124814847232e-07,1.7983309188859656e-08,2.0428239666667603e-07,4.825263267164986e-05,1,2,,0,1.4961990647382204e-09,-17.162155530877964,-0.09785507017272184,-0.691832214607418,0.002233850846611507,0.0008151713989306153,0.0009335483284140801,0.0025480422157646843,0.0005775352106539061,0.0006264151981411006,0.14086707264626516,13.599819660256369,0.23977835241139317,0.33718428930073296
248,adam,248,249,0.0024811299712941925,1,8.690913556593972e-07,1.74097849424125e-08,2.0320037683537124e-07,4.7305127603109464e-05,1,2,,0,1.4932287254930625e-09,-17.158700106606332,-0.09786059940671424,-0.691859285614703,0.002212989764067225,0.0008145245199248571,0.0009322506935687402,0.002541392474254026,0.0005772955374534395,0.0006260921151274355,0.14083257136400218,13.59010846167447,0.23978022237946822,0.3371864179064128
249,adam,249,250,0.0024563186715812505,1,8.668833522686189e-07,1.8191669404353053e-08,2.248525517708974e-07,4.6078791010165987e-05,1,2,,0,1.474295702179399e-09,-17.15517306788342,-0.0978712226022913,-0.6918901504603944,0.0021928524478883474,0.000813981367148197,0.0009310657078147701,0.0025337423540429706,0.0005771168994395968,0.0006257823188347605,0.14079915460237732,13.580665027901508,0.23978211442620836,0.33718867309522776
250,adam,250,251,0.0024317554848654385,1,8.647615996299863e-07,1.94320786901897e-08,2.5288518677152906e-07,4.478685843721319e-05,1,2,,0,1.4910350004859108e-09,-17.151665224430904,-0.09790249933111066,-0.6919245828329363,0.0021737676927432665,0.0008134206830574827,0.000929925588221975,0.0025255111662656933,0.0005769430391087441,0.0006254983401988545,0.1407678500671275,13.57199662834609,0.23978396888719597,0.33719098943599685
251,adam,251,252,0.0024074379300167838,1,8.625868622527898e-07,2.0230083543179826e-08,2.736244001338172e-07,4.370962212839557e-05,1,2,,0,1.5842866364879636e-09,-17.148227122921483,-0.09796536157759997,-0.6919621625280963,0.0021558989417992096,0.0008127426539661894,0.0009287555449378431,0.0025170234562325866,0.0005767163013847296,0.0006252467840746951,0.14073924125551535,13.56441521762856,0.2397857476847472,0.3371933210979467
252,adam,252,253,0.002383363550716616,1,8.602786422971475e-07,2.0126563076411052e-08,2.694717595221591e-07,4.303388336792108e-05,1,2,,0,1.7698502233613185e-09,-17.14487353804237,-0.09806533318177822,-0.6920023204696065,0.0021392572684782968,0.0008118981201783384,0.0009275120712406645,0.0025084957975088215,0.0005763979417182142,0.000625028419133122,0.14071347585706392,13.558021599956488,0.23978743643696987,0.3371956420741845
253,adam,253,254,0.00235952991520945,1,8.578457959766433e-07,1.9121202743702777e-08,2.4175194675493174e-07,4.275260678813234e-05,1,2,,0,2.0518799086102232e-09,-17.141590471705882,-0.09820240438924989,-0.6920443849367403,0.00212372771083635,0.000810896501246534,0.0009261996523302324,0.0025000318939069357,0.0005759771664472123,0.0006248387361268229,0.14069029321076926,13.552713709802543,0.2397890423062174,0.33719794342746495
254,adam,254,255,0.0023359346160573553,1,8.553676932763972e-07,1.758085685520702e-08,1.949463310733291e-07,4.2685907663197954e-05,1,2,,0,2.4367427287563674e-09,-17.13834371064724,-0.09837140172463564,-0.692087625918813,0.0021091051149349283,0.0008097914262088289,0.0009248609048264486,0.0024916238770000413,0.0005754660000502732,0.0006246688540768547,0.1406690673683259,13.548215986987149,0.23979058848149967,0.33720022834785846
255,adam,255,256,0.002312575269896782,1,8.529434687084909e-07,1.6109279891414822e-08,1.6236080178270368e-07,4.259667180794443e-05,1,2,,0,2.963091827630977e-09,-17.135087683051204,-0.0985626128056279,-0.6921312954193228,0.002095134817359386,0.0008086529268919791,0.0009235493861773126,0.0024831608548490283,0.000574884749611948,0.0006245067656845631,0.14064887806496196,13.544125616058661,0.23979210675563012,0.33720250621171916
256,adam,256,257,0.002289449517197814,1,8.506398043087594e-07,1.5303696260891394e-08,1.633797427880103e-07,4.2313315269403635e-05,1,2,,0,3.768641942668476e-09,-17.131773236861072,-0.0987622697618073,-0.6921746622215241,0.0020815533427685907,0.0008075407776541352,0.0009223013630634834,0.0024744472449499855,0.0005742463994318173,0.0006243389947688525,0.1406286186993213,13.53996887352698,0.23979362970298637,0.3372047868380797
257,adam,257,258,0.0022665550220258355,1,8.484625279643619e-07,1.5396497022239992e-08,1.656118005359767e-07,4.1794652292790955e-05,1,2,,0,5.232956363493954e-09,-17.128352923172184,-0.09895197616637293,-0.6922170400793412,0.002068124915873481,0.0008064889190728518,0.0009211202570589585,0.0024652333095063466,0.0005735457708951272,0.0006241527185771872,0.14060713227587876,13.535256016618888,0.23979518377392098,0.337207075906192
258,adam,258,259,0.0022438894718055775,1,8.463602560558933e-07,1.6147611632971736e-08,1.6739349092273697e-07,4.1126964949303186e-05,1,2,,0,8.560835200741579e-09,-17.12478188886635,-0.0991037549942884,-0.6922578082636761,0.002054670978249668,0.0008055029563638247,0.0009199783997768063,0.0024552637982070296,0.0005727499504602485,0.0006239381578615088,0.14058330133906613,13.529502044453988,0.23979678433525856,0.33720937219595476
259,adam,259,260,0.0022214505770875217,1,8.451215508767762e-07,1.843296531992714e-08,1.8421430676654762e-07,4.0481506879887267e-05,1,9,,0,3.7077056209465056e-10,-17.120449286561357,-0.0886346218469591,-0.6922964217486464,0.002041092030208648,0.0008045107832801424,0.0009193049281260142,0.002453951933054243,0.0005671432673190662,0.0006224390169818181,0.1403479380122042,13.447941200512131,0.23979843360584738,0.33721166738247493
260,adam,260,261,0.0021992360713166464,1,8.429372055547144e-07,5.6362477439180285e-08,1.0620006010504481e-06,4.000099560474774e-05,1,2,,0,4.318665038127689e-09,-17.116539108732063,-0.08831162177938402,-0.6923332772513429,0.0020276812525203375,0.0008036782073012201,0.0009181161176859463,0.0024407812854379232,0.0005671297526591128,0.000622584622860002,0.14035354032774752,13.446668543055777,0.23980013721381482,0.3372139283556087
261,adam,261,262,0.00217724371060348,1,8.538906909568587e-07,5.0995327758720104e-08,1.5360592589758432e-06,4.2753984691250944e-05,1,4,,0,6.209635011537878e-09,-17.109924166683122,-0.08796705523908104,-0.6923678585636556,0.0020141841524820474,0.000806393538186599,0.0009240620601219697,0.0024396483268357815,0.0005750063643946901,0.0006272299931016932,0.14068982264893354,13.50809365528917,0.23980169358917608,0.3372157061321029
262,adam,262,263,0.0021554712734974447,1,8.500710624351543e-07,4.639857674519223e-08,1.3848370375830944e-06,4.2958704225284726e-05,1,2,,0,9.205168198656724e-09,-17.106011484650512,-0.08776122564804022,-0.6924012936820105,0.0020050386566085716,0.000805042879315445,0.0009219929839403086,0.002413008668812828,0.0005738513996980448,0.0006263913260481971,0.14061547255342835,13.490116039057227,0.2398031269245703,0.3372177062944714
263,adam,263,264,0.0021339165607624703,1,8.824312124988973e-07,4.905285619979988e-07,1.1347733061042681e-05,4.435483757874959e-05,1,6,,0,5.63900820252631e-09,-17.1073328215547,-0.08771349894935651,-0.6924332623547995,0.001999713730424187,0.0008143106038101222,0.0009393780987966971,0.0026257637157598083,0.0005763779347915543,0.0006235794431218647,0.14028218327554692,13.372132644933187,0.239804475681974,0.3372199194248657
264,adam,264,265,0.002112577395154846,1,8.429088214889307e-07,3.298385075706249e-08,8.644102680081145e-07,7.305936140393192e-05,1,6,,0,2.952195336342556e-09,-17.135976645388443,-0.08773942062526259,-0.6924598065525727,0.002052977608882524,0.0008021280378576191,0.0009181006597802502,0.002466944510394272,0.0005751193838146191,0.0006266724510335816,0.14067021662628534,13.515972213273399,0.23980290117699876,0.3372196210672258
265,adam,265,266,0.0020914516212032974,1,8.409885901003787e-07,2.8087325748910645e-08,5.814385975189487e-07,6.80438275828564e-05,1,3,,0,4.5785864394477693e-10,-17.160535913803947,-0.08774917987907709,-0.6924842926724103,0.0021006427206491686,0.0008011872146325282,0.0009170543005189925,0.0025076891995408196,0.0005762518181889474,0.0006270137760700474,0.14072086825491514,13.536169135496158,0.23980186081651028,0.33722008374814333
266,adam,266,267,0.0020705371049912643,1,8.395510274634407e-07,2.5941709956317057e-08,3.4196349740524397e-07,6.342563393855903e-05,1,3,,0,4.902357360269561e-11,-17.181193431232245,-0.08763866997193641,-0.692506116874328,0.002141757774914499,0.0008004364293566523,0.000916270171654322,0.0025398307628742953,0.00057714593252646,0.0006272156738969963,0.140754419148119,13.550074018434145,0.23980144276362667,0.3372213953550378
267,adam,267,268,0.0020498317339413515,1,8.383942476821536e-07,2.5987511054868515e-08,3.317408598131311e-07,5.926092367452872e-05,1,3,,0,3.7376087711894635e-11,-17.198566252432563,-0.08736542371651337,-0.6925250340115048,0.002175802552190547,0.0007997386068066845,0.0009156387102357313,0.00256871813604947,0.0005777693591687387,0.0006273541399432368,0.14077787234925665,13.55995881941449,0.23980168009837913,0.3372235752124507
268,adam,268,269,0.002029333416601938,1,8.373035351860756e-07,2.698030246627615e-08,3.7954781090621644e-07,5.5619826723435875e-05,1,2,,0,8.59280244463999e-09,-17.21299046170535,-0.08693946450622415,-0.6925410944134258,0.002202641450712968,0.000799044224513594,0.0009150429143958635,0.0025961454917977616,0.0005780954180762775,0.0006274626139633481,0.14079313786101583,13.566582110621336,0.23980254398253378,0.3372265757635763
269,adam,269,270,0.002009040082435919,1,8.360991263946578e-07,2.8136141891998125e-08,4.147305390048221e-07,5.255854524486767e-05,1,2,,0,8.05592340857617e-09,-17.224766794427783,-0.08640345529704066,-0.6925545494590669,0.0022224709020283342,0.0007980558950404967,0.0009143845615465398,0.0026194560853625174,0.0005778487530756191,0.0006273876933707464,0.14081095126697474,13.570299235821285,0.23980391121947822,0.3372302758834416
270,adam,270,271,0.001988949681611559,1,8.346921353569672e-07,5.945038295153415e-08,1.0575062074552681e-06,4.9927939725467646e-05,1,2,,0,5.113384592370507e-09,-17.234220584247755,-0.08592315983519029,-0.6925658575797253,0.0022357136938312757,0.000797338540169943,0.0009136148725567942,0.0026396818078936258,0.0005775812233568756,0.0006273293522214735,0.1408065244902617,13.569521452067988,0.2398057002872311,0.33723451476566657
271,adam,271,272,0.001969060184795444,1,8.52751183987644e-07,3.024230818591767e-08,6.790580058481704e-07,7.298714498254735e-05,1,5,,0,1.3745452875555393e-09,-17.241746687061912,-0.08594784358017044,-0.6925754365043987,0.002243033335671604,0.0008103863502079041,0.0009234452793683251,0.0026533816648453695,0.0005821824086274881,0.0006317639634177348,0.14118530983867694,13.69681229525574,0.23980554334136386,0.33723816098915066
272,adam,272,273,0.0019493695829474894,1,8.497543651291908e-07,2.7201750974661057e-08,4.160387538582955e-07,7.013330890050942e-05,1,2,,0,4.472841324785895e-09,-17.247434797535956,-0.08667207974118785,-0.6925836313722652,0.002245401677223046,0.0008089011677161169,0.0009218212218913116,0.0026660881572804474,0.0005815497798196423,0.0006311466772943486,0.14116227488681218,13.689873089550034,0.23980550480331103,0.33724207763217356
273,adam,273,274,0.0019298758871180146,1,8.469426479966387e-07,2.5213752737382054e-08,4.046470371128667e-07,6.763402962679197e-05,1,2,,0,6.65044398753935e-09,-17.251600621137133,-0.08748518135156079,-0.6925912255404683,0.002243431252360316,0.0008076169024677968,0.0009202948701349142,0.002675345136407939,0.000581014084470894,0.0006305041131167321,0.14113683480190778,13.6818479435893,0.23980564301289947,0.3372461682788366
274,adam,274,275,0.0019105771282468345,1,8.44292309010859e-07,2.4519086554757757e-08,3.8581848728897224e-07,6.512936280994161e-05,1,2,,0,4.424989119189995e-09,-17.254431905039613,-0.08802819793845225,-0.692598913118331,0.002237749677121018,0.0008064508717516917,0.0009188538017611175,0.002682689072991598,0.0005804948991969759,0.0006299137515577485,0.14111142702780227,13.673091830312982,0.2398060049154706,0.33725033578483704
275,adam,275,276,0.001891471356964366,1,8.416683267920246e-07,2.406013915364904e-08,3.615148154895333e-07,6.272815365683877e-05,1,2,,0,2.187511185765786e-09,-17.256124049531127,-0.08827222460980894,-0.6926072066910938,0.0022290177303987274,0.00080529429874866,0.0009174248344098958,0.002688680517960613,0.0005798937153336739,0.0006294132400966607,0.14108737691028322,13.66412003575519,0.23980657798560462,0.3372544603446502
276,adam,276,277,0.0018725566433947223,1,8.38962920701732e-07,2.3244841146421033e-08,3.522939568812342e-07,6.064667455023457e-05,1,2,,0,1.7966778973731306e-09,-17.256870953667143,-0.08825441762732955,-0.6926164089425885,0.002217911574532305,0.0008040543381614621,0.0009159491911136403,0.002693541028984587,0.0005791613153348531,0.000629011239186516,0.14106496485323913,13.655268833354553,0.23980730023276453,0.3372584088728996
277,adam,277,278,0.001853831076960775,1,8.361874627029924e-07,2.208765676115882e-08,3.5348238770459556e-07,5.894995237245596e-05,1,2,,0,1.9044888903411757e-09,-17.256857575345947,-0.08801381455283565,-0.692626628114268,0.002205092159433506,0.0008027055754799497,0.0009144328639670561,0.0026972165964957127,0.0005783224774820185,0.000628697256793307,0.14104384780525991,13.646706148557644,0.23980808038797008,0.3372620491287743
278,adam,278,279,0.0018352927661911672,1,8.334423794117496e-07,2.1079988011168987e-08,3.935373858692761e-07,5.751640734789985e-05,1,2,,0,2.729401335168254e-09,-17.25625452855777,-0.08759722525866141,-0.692637821551925,0.002191172249798137,0.0008012816693023812,0.0009129306542184623,0.00269945219049505,0.0005774558167094365,0.0006284459478443472,0.1410231875282155,13.638448311696418,0.23980881493276734,0.33726526128597506
279,adam,279,280,0.0018169398385292556,1,8.308253306472237e-07,2.083488625747699e-08,4.2099674172853273e-07,5.615087101688288e-05,1,2,,0,3.022282068398317e-09,-17.255213886630248,-0.08710183620732802,-0.6926498540054897,0.002176685573956707,0.0007998333369272714,0.0009114962044063726,0.0026998662665325577,0.0005766497428537585,0.0006282181102556895,0.14100161164312355,13.630384392058852,0.23980940204607543,0.3372679468577372
280,adam,280,281,0.001798770440143963,1,8.283452344431286e-07,2.1246072957503792e-08,4.358887534207908e-07,5.4738295931382335e-05,1,2,,0,2.1464185346387023e-09,-17.25386440782972,-0.08670102059604708,-0.6926625612632312,0.0021620591714759285,0.0007983862772426483,0.0009101347342251743,0.0026980591915444136,0.0005759547368519844,0.0006279652153145318,0.14097731117596174,13.622325770484197,0.23980975927371104,0.3372700385226054
281,adam,281,282,0.0017807827357425234,1,8.259359980350169e-07,2.1366771582643278e-08,4.392533521381685e-07,5.330248309216757e-05,1,2,,0,1.7283626505133698e-09,-17.252304136401072,-0.08657681011272876,-0.6926758077358302,0.0021475914344752144,0.0007969423650839288,0.000908810210129165,0.002693795857498037,0.0005753663187394593,0.0006276452122395221,0.14094861473863446,13.614078008572998,0.2398098492948918,0.3372715131471274
282,adam,282,283,0.001762974908385098,1,8.235707530499141e-07,2.0809120724680537e-08,4.3189204743810455e-07,5.188925827553312e-05,1,2,,0,2.010862846751912e-09,-17.250593092507867,-0.08676517946112547,-0.6926895220370813,0.002133444552689466,0.0007955232758993095,0.0009075079906259306,0.0026872088641966456,0.0005748538977230379,0.000627245254231242,0.14091489715684294,13.605505435088782,0.23980970160264306,0.33727240163904276
283,adam,283,284,0.0017453451593012472,1,8.212959525880031e-07,2.0218380577283243e-08,4.140796160767974e-07,5.044461779072915e-05,1,2,,0,2.7969466084209498e-09,-17.24875645818254,-0.0871172231997478,-0.6927036979670658,0.0021196625707760237,0.0007941785330956463,0.0009062538014198909,0.0026788106964383282,0.000574387787222632,0.0006267860709497548,0.14087682096003917,13.596553426121917,0.2398094042750524,0.33727278208453326
284,adam,284,285,0.0017278917077082347,1,8.191369174060595e-07,2.005438757328282e-08,3.865368946876192e-07,4.890059855626271e-05,1,2,,0,3.120906614230302e-09,-17.246800559095398,-0.08745674113878893,-0.6927183657898264,0.002106211910829061,0.0007929404521593164,0.0009050618307088525,0.0026692593245793367,0.0005739325794330167,0.0006262997524823748,0.14083555413134324,13.587227389118143,0.2398090660001423,0.337272756409538
285,adam,285,286,0.0017106127906311524,1,8.170553108441419e-07,2.0109175346617924e-08,3.5098007584569156e-07,4.7293837226490714e-05,1,2,,0,2.9350121581642144e-09,-17.24472768865138,-0.08768991669164126,-0.6927335547267305,0.0020930241981121102,0.0007918049159356393,0.0009039111188851158,0.002659142782465972,0.0005734460278543659,0.0006258107314536436,0.14079207861219356,13.577558130084386,0.23980878043735024,0.33727242796756474
286,adam,286,287,0.0016935066627248407,1,8.149923786762573e-07,2.0003125883748077e-08,3.214672847775965e-07,4.573552241156005e-05,1,2,,0,2.8416489832580696e-09,-17.242543030822283,-0.08779031240338914,-0.6927492639345285,0.0020800270636612797,0.0007907502241055518,0.0009027692831926977,0.002648903212677593,0.0005728954582895165,0.0006253323294259014,0.14074707226890532,13.567581869491834,0.23980860952506639,0.3372718892475734
287,adam,287,288,0.0016765715960975925,1,8.129164201130769e-07,1.9547335203889768e-08,3.075276333691452e-07,4.4318046094093276e-05,1,2,,0,2.8610706679531778e-09,-17.24025700792629,-0.08776209013877077,-0.6927654475740753,0.002067161531196263,0.0007897575954282847,0.0009016187775956515,0.002638827871319499,0.0005722709265725635,0.0006248690353412354,0.14070100197415292,13.557338669054207,0.23980858080525308,0.3372712172821476
288,adam,288,289,0.0016598058801366165,1,8.108374134598174e-07,1.8797965423109285e-08,2.89081643830744e-07,4.3060460757360174e-05,1,2,,0,2.8319915989133303e-09,-17.237885472395295,-0.08762139067868191,-0.6927820129256647,0.002054388874865301,0.0007888182483167509,0.0009004651095183074,0.0026290617899085993,0.0005715860380633821,0.0006244189800412328,0.14065420142781446,13.546875550430917,0.23980869142088845,0.33727047295500456
289,adam,289,290,0.0016432078213352503,1,8.087919833014142e-07,1.7991906282178832e-08,2.6778828398377536e-07,4.19157461066502e-05,1,2,,0,2.785198560706556e-09,-17.235448619736236,-0.08739468216788186,-0.6927988282977435,0.002041689910107845,0.0007879295618525359,0.0008993286292014805,0.0026196304024231707,0.0005708686149809724,0.0006239754575861389,0.14060688667196555,13.536245491795764,0.23980891486327027,0.33726970218793634
290,adam,290,291,0.0016267757431218978,1,8.068147620432988e-07,1.7411819011879507e-08,2.455256431083549e-07,4.081765363535244e-05,1,2,,0,2.6837783567779236e-09,-17.23296895538785,-0.08712502460129158,-0.6928157374177947,0.00202905906322703,0.000787086585496457,0.0008982286802609338,0.0026104718385865215,0.0005701469474562342,0.0006235280469367531,0.14055914446745865,13.525503668510549,0.23980920938460065,0.3372689384681815
291,adam,291,292,0.0016105079856906788,1,8.04914754932205e-07,1.7182639291754854e-08,2.2419386247534685e-07,3.973076464914572e-05,1,2,,0,2.433573730399767e-09,-17.230468413518448,-0.08687419180480788,-0.6928325771549592,0.0020164952695139945,0.0007862751138106969,0.0008971704157696045,0.0026014832610080827,0.0005694382718745476,0.0006230646570102468,0.1405109621650599,13.514706109285315,0.23980952826919683,0.33726820681714886
292,adam,292,293,0.001594402905833772,1,8.030727117565529e-07,1.716583674334831e-08,2.0552539967776334e-07,3.867039887111867e-05,1,2,,0,2.1294274010205074e-09,-17.227964810200785,-0.08670875106835309,-0.6928491949112432,0.002003992092824783,0.0007854722424218697,0.0008961432428783654,0.002592583367936997,0.0005687454289234983,0.0006225755112969705,0.14046234932680024,13.503912462789017,0.23980983160092062,0.3372675289604646
293,adam,293,294,0.0015784588767754342,1,8.012610585357761e-07,1.7136739655252038e-08,1.9092042632450804e-07,3.7678233678089046e-05,1,2,,0,1.891067884141744e-09,-17.225468445331632,-0.08666993682988858,-0.6928654613728902,0.0019915301995899522,0.0007846551506822582,0.0008951318665625619,0.002583778943612985,0.0005680626835419161,0.0006220582188649173,0.14041351709217095,13.493188362065482,0.23981009692089353,0.3372669282403716
294,adam,294,295,0.0015626742880076798,1,7.994655591605993e-07,1.7039083685326937e-08,1.8133268094022037e-07,3.677762168208238e-05,1,2,,0,1.7047268344952263e-09,-17.222980512722863,-0.08674964655402138,-0.6928812749571106,0.0019790753987461653,0.0007838098659060578,0.0008941283795745437,0.002575203606995604,0.0005673835526505599,0.0006215205569734388,0.14036497489038363,13.482600024438762,0.23981032419638681,0.3372664317683409
295,adam,295,296,0.0015470475451276032,1,7.976865011120161e-07,1.6977854988202788e-08,1.7722873255657996e-07,3.595683436171612e-05,1,2,,0,1.6124153614067506e-09,-17.22049459388958,-0.08689808992306927,-0.6928965571591096,0.00196658354164726,0.0007829312958904909,0.0008931329694463284,0.002567102610223653,0.0005667024978543275,0.0006209780359719638,0.14031742568230254,13.472197915586012,0.2398105322897904,0.3372660682821251
296,adam,296,297,0.0015315770696763269,1,7.959252451695285e-07,1.7032638100818737e-08,1.7862504696686236e-07,3.5192572918864495e-05,1,2,,0,1.6451912790322337e-09,-17.218000426617035,-0.08705526313045579,-0.692911241912534,0.001954010174368879,0.0007820170880792532,0.000892146425857061,0.00255978163329846,0.000566012144718228,0.0006204478734476021,0.1402715258916151,13.461992836598986,0.2398107493875504,0.3372658630056841
297,adam,297,298,0.0015162612989795638,1,7.941767627142305e-07,1.7182238486758754e-08,1.8519710219334386e-07,3.4475762920585794e-05,1,2,,0,1.8963094623718326e-09,-17.215487857847943,-0.08717597940599302,-0.6929252642330408,0.0019413208301626052,0.0007810633203735762,0.0008911659568869484,0.002553571796422481,0.0005653029159179598,0.0006199437219952673,0.14022767628193303,13.451927656487028,0.23981100286940202,0.3372658324197817
298,adam,298,299,0.001501098685989768,1,7.924335186069631e-07,1.7380067326853122e-08,1.9648072663590036e-07,3.381196471551162e-05,1,2,,0,2.610127629805127e-09,-17.212950029974532,-0.08723658889025933,-0.6929385526480152,0.0019284987382522166,0.000780062964150082,0.0008901873502847381,0.0025488640406919243,0.0005645658891995679,0.0006194731648513105,0.14018590276279574,13.441836219091792,0.23981131226984764,0.33726598082088577
299,adam,299,300,0.0014860876991298704,1,7.906928470983034e-07,1.7646263718405938e-08,2.122975754317563e-07,3.320667913872842e-05,1,2,,0,4.351870939194501e-09,-17.210387196560117,-0.08723171792421103,-0.6929510277531195,0.0019155488702368578,0.000778999938997264,0.0008892091132564395,0.002546316551286424,0.0005637937746457214,0.0006190371932940901,0.14014573579006376,13.431341143321125,0.2398116859627982,0.3372662988037916
300,adam,300,301,0.0014712268221385716,1,7.889679423632993e-07,1.7984237956552676e-08,2.3420915885739173e-07,3.26560536723028e-05,1,2,,0,9.824442859017393e-09,-17.207819802045552,-0.08717005444774785,-0.6929626076587982,0.0019024991611504053,0.0007778168462903529,0.0008882386742105408,0.0025478087280440755,0.0005629711862818875,0.0006186300373101742,0.14010573082081437,13.419424219324432,0.2398121209797411,0.3372667627989129
301,adam,301,302,0.001456514553917186,1,7.874513621487706e-07,2.0739598932135453e-08,2.796210460200636e-07,3.2146527664610275e-05,1,3,,0,9.704122791290379e-09,-17.205504626328533,-0.08707109842904674,-0.6929732233650938,0.001889403435875846,0.0007761081559940273,0.0008873845627171855,0.0025662218531216107,0.000561992189489572,0.0006182126446550183,0.1400523462045751,13.396248875396493,0.23981260881901803,0.3372673353332543
302,adam,302,303,0.001441949408378014,1,8.862116006522375e-07,1.0117453401345253e-07,1.7135542301636978e-06,3.1740332800031834e-05,1,14,,0,4.0883956918777344e-09,-17.192072806333698,-0.0868983133458456,-0.6929828530474894,0.001876377175975402,0.000801958485743139,0.0009413881243420471,0.0030094340734501926,0.0006077669993109588,0.0006260809696633518,0.14043890864389627,13.254343767881009,0.23981312726676673,0.33726791990152255
303,adam,303,304,0.001427529914294234,1,8.784397126300156e-07,9.535295973796565e-08,1.623413344214415e-06,3.4905013964508225e-05,1,2,,0,2.248233827978791e-09,-17.188434398229294,-0.08725909041387848,-0.6929939130435933,0.0018660225943239153,0.0007995172432920601,0.0009372511470411843,0.0029768301545436944,0.0006054577192829278,0.0006254301944297968,0.14037848361681868,13.242442381291555,0.23981321541213288,0.33726683534344704
304,adam,304,305,0.0014132546151512915,1,8.673621540342698e-07,8.585519907529002e-08,1.472774473981959e-06,4.079828774114627e-05,1,2,,0,5.074968003417712e-09,-17.184172567665826,-0.08778242680418447,-0.6930061655195467,0.001857773142831905,0.0007962392935407476,0.0009313227979783754,0.002925638949183111,0.0006021777976947779,0.0006245795523867922,0.14029591293584562,13.226264632945735,0.23981300420564805,0.3372643935130565
305,adam,305,306,0.0013991220689997786,1,8.550704925061467e-07,7.483305309989292e-08,1.2835271418307561e-06,4.621348899433516e-05,1,2,,0,5.182257393936281e-09,-17.17920757639766,-0.08820571616723635,-0.6930193967955958,0.0018508943827120453,0.0007927410993256767,0.000924700217641451,0.002861068203711766,0.0005985279806464174,0.0006236509501022515,0.1402007226777692,13.207250980538587,0.23981265329537607,0.3372609572681734
306,adam,306,307,0.0013851308483097808,1,8.431997633167729e-07,6.405176997587597e-08,1.07497663829966e-06,4.9987595026666944e-05,1,2,,0,3.946113767519913e-09,-17.17348448718814,-0.08844672147269522,-0.6930333943808887,0.0018445859764779499,0.000789529734494344,0.0009182590937838693,0.0027881054735150023,0.0005949881341792673,0.0006227434258853304,0.14010134024900855,13.186816978437353,0.2398122963712528,0.337256887770873
307,adam,307,308,0.001371279539826683,1,8.32720543084746e-07,5.507531217949741e-08,8.630851812734508e-07,5.200087180282924e-05,1,2,,0,3.6176281312433226e-09,-17.16695937479776,-0.08849661779414213,-0.6930479126280708,0.0018380585513548481,0.0007869522692437827,0.0009125352284075098,0.0027113446019041555,0.0005918603149550018,0.0006219382242468889,0.1400053107625755,13.16627071942898,0.23981201989934464,0.3372525143352161
308,adam,308,309,0.0013575667444284162,1,8.240735159017197e-07,5.277662999171873e-08,7.56131848889994e-07,5.249681122438007e-05,1,2,,0,4.965670908974945e-09,-17.159608130404038,-0.0883420916040966,-0.6930626589420567,0.0018305993793207571,0.0007852228935907259,0.0009077849502507296,0.002634639490757091,0.0005893160238542179,0.000621332335737564,0.13992148245103314,13.146725031551115,0.23981184401755418,0.3372481025644023
309,adam,309,310,0.001343991076984132,1,8.174975415883664e-07,4.540523600733708e-08,9.327187331807624e-07,5.186982240903119e-05,1,3,,0,4.185223882140405e-10,-17.151443537942686,-0.0879106597716458,-0.6930772711748943,0.0018216760881883335,0.0007844916593120491,0.0009041557064954943,0.002560771571040241,0.000587577563388624,0.0006210580479579734,0.13986460480686935,13.130687184426115,0.23981156451019656,0.3372436962833212
310,adam,310,311,0.0013305511662142907,1,8.113347217618878e-07,4.3602857483344754e-08,1.0299364428907444e-06,5.0857621289896684e-05,1,3,,0,6.332505261409707e-11,-17.1425008419764,-0.08708524173553181,-0.6930914045579875,0.0018107258179972747,0.0007828612739182522,0.0009007412068745872,0.002494850939398592,0.0005856055054680475,0.0006206720427235516,0.13979651305361168,13.117330539246371,0.23981141814288343,0.33723970536965353
311,adam,311,312,0.0013172456545521478,1,8.062733667088813e-07,4.3521366489953404e-08,1.0082018493537334e-06,4.9524747968450606e-05,1,3,,0,4.3352627963504774e-11,-17.13282810924262,-0.08572074193060623,-0.6931047778240955,0.001797474247492157,0.0007813435209552986,0.0008979272613685817,0.0024367526240673893,0.0005839635565654282,0.0006204935045059544,0.13974671981784256,13.10750325879434,0.23981133970799529,0.3372362342757654
312,adam,312,313,0.001304073198006626,1,8.014644686515901e-07,4.154157674861037e-08,8.885928955325904e-07,4.804696821425097e-05,1,4,,0,8.189665728519316e-10,-17.122550223794264,-0.0838269224922021,-0.6931171507556947,0.0017818427551991197,0.0007791600772687743,0.0008952454795482578,0.0023884478371338884,0.0005821808739708939,0.0006202529782190832,0.13969875180565847,13.10377859912264,0.23981116618155685,0.33723326899453543
313,adam,313,314,0.00129103246602656,1,7.98158028255747e-07,4.481556360404735e-08,1.0893253335847502e-06,4.56148809421415e-05,1,3,,0,5.215816620968459e-11,-17.111777014278854,-0.08201671017637166,-0.6931284822384689,0.0017638401656713998,0.0007778106160944043,0.0008933969041001581,0.002346682761352809,0.000581001705546082,0.00062024644806147,0.13967724818482521,13.10108986466464,0.23981088863575167,0.33723091504238023
314,adam,314,315,0.0012781221413662943,1,7.94758520224923e-07,4.624280582111957e-08,1.3070546958265727e-06,4.319478145917347e-05,1,2,,0,2.387435399083614e-09,-17.100703582156157,-0.08154797985381915,-0.6931388129111489,0.0017436260341727808,0.000776233846524053,0.0008914922995881248,0.0023112585892156143,0.00057957567872824,0.0006200960484394509,0.139658726533463,13.100076035506035,0.23981037408317685,0.33722911929933413
315,adam,315,316,0.0012653409199526314,1,7.908129231866704e-07,4.238187552859817e-08,8.80163561266482e-07,4.182731474229203e-05,1,2,,0,6.878205952716639e-09,-17.089450919427364,-0.08276591004521845,-0.693148382023516,0.0017214006056147434,0.00077430719347982,0.0008892766291692762,0.002281247291367834,0.0005777086985143093,0.0006197353917032441,0.13963851482428785,13.100218684674354,0.23980963497463367,0.33722786205527866
316,adam,316,317,0.0012526875107531051,1,7.868991913188766e-07,3.8801021056915354e-08,5.874150419906773e-07,4.1048584900225825e-05,1,3,,0,1.7682232921758692e-11,-17.078060126145765,-0.08440738096684801,-0.6931576063566361,0.0016973826406904355,0.0007723674168991456,0.0008870733855318153,0.0022573957377113913,0.0005757394989947393,0.0006192919937858172,0.13961989480753537,13.101081634847388,0.23980886219512612,0.33722718649411454
317,adam,317,318,0.001240160635645574,1,7.83317101246506e-07,3.6745843600136584e-08,5.510665792967648e-07,4.0054081983069164e-05,1,3,,0,2.052128370346415e-11,-17.0666313282741,-0.08580477318865165,-0.6931669742959848,0.0016718620638529452,0.0007706175366173436,0.0008850520330729183,0.0022401883020788456,0.000573859618836184,0.0006188628743129844,0.13960523390963256,13.102434188342086,0.23980824600966263,0.33722711263486294
318,adam,318,319,0.0012277590292891184,1,7.800261060496165e-07,3.4973818475607214e-08,4.888958473834035e-07,3.8752446112983195e-05,1,3,,0,7.666306002269019e-12,-17.05523202858187,-0.08672630657673826,-0.6931769215286184,0.0016452101296264253,0.0007690751681792334,0.0008831908661493372,0.0022289200927375517,0.0005720943350133572,0.0006184775527359825,0.1395931491384042,13.103554829821794,0.2398079048099105,0.33722760718041084
319,adam,319,320,0.001215481438996227,1,7.769245768135625e-07,3.288289709140162e-08,4.405011781991047e-07,3.73816171681835e-05,1,2,,0,4.850722400937572e-09,-17.043984370470998,-0.08727968568137559,-0.6931877676159746,0.0016178751008410648,0.0007676984328175403,0.0008814332514794086,0.002222674685043866,0.000570417287588942,0.000618131834044888,0.13958190316765912,13.104096997430565,0.2398078778223764,0.3372285875654625
320,adam,320,321,0.001203326624606265,1,7.739927293043634e-07,3.056425248214644e-08,4.411902635844946e-07,3.6099337382025076e-05,1,2,,0,2.6609404469314505e-09,-17.03290049059157,-0.08751784411979424,-0.693199680131738,0.0015903468801642027,0.0007664600456503231,0.0008797685657628167,0.0022196908264541116,0.0005687957853279084,0.0006177907050271082,0.13956730599211556,13.103010094718806,0.23980814725087543,0.33722994103646015
321,adam,321,322,0.0011912933583602021,1,7.712758038482011e-07,2.8480628634542933e-08,5.611671865566527e-07,3.491943639904004e-05,1,2,,0,3.3600827226800788e-09,-17.022015102670842,-0.08758406411274257,-0.6932126803941735,0.0015631531604980331,0.0007653653965253552,0.0008782230945768855,0.0022183068681646953,0.0005672089133894667,0.000617413328401678,0.139546061364357,13.099638116326256,0.23980865565126336,0.33723154034740777
322,adam,322,323,0.0011793804247766002,1,7.688555973603427e-07,3.165136424013547e-08,7.016293452986899e-07,3.376830211180386e-05,1,2,,0,6.755322519474833e-09,-17.01122783869496,-0.08752529121268528,-0.6932266483944389,0.0015368805662112567,0.0007644253331688078,0.0008768441123485649,0.0022164792005660494,0.0005656073715745366,0.0006169383756174954,0.1395128169972837,13.092607093067356,0.23980931694350843,0.3372332540075843
323,adam,323,324,0.001167586620528834,1,7.750270150983151e-07,1.3316895842347735e-07,3.2114490066215947e-06,3.251052415244471e-05,1,5,,0,7.481881909501188e-10,-17.001750944340234,-0.08739635496598436,-0.6932412483877902,0.001512686266277136,0.0007652278667614822,0.0008803561864940321,0.0022819057811152383,0.0005641587636219511,0.0006155371868788414,0.1393753542275086,13.047916295261643,0.23980996970926247,0.3372349275077504
324,adam,324,325,0.0011559107543235457,1,7.704692031832165e-07,1.4314478568220594e-07,3.839756389580468e-06,3.1249766443703465e-05,1,2,,0,9.666360168470748e-09,-16.995772390970114,-0.08724073895849746,-0.6932565809470711,0.0014991106280138767,0.0007640272244645059,0.0008777637513495396,0.002264221343617453,0.0005628736520729712,0.0006154023912640976,0.13938074852768498,13.055937506921023,0.23981005378927084,0.3372360470922242
325,adam,325,326,0.0011443516467803103,1,7.633337746200802e-07,2.833941101563533e-08,9.127112199932096e-07,3.3773797205731384e-05,1,5,,0,6.186312883943783e-11,-17.00108337141051,-0.08710273010371014,-0.6932712898313884,0.0014950414786270231,0.0007626454356702834,0.0008736897473474667,0.0022674044465567154,0.0005639901671377136,0.0006168652715459449,0.13953140354164856,13.10804975834505,0.23980948257112417,0.33723659227190494
326,adam,326,327,0.0011329081303125073,1,7.620361253548894e-07,2.8900422857411903e-08,8.871410536461204e-07,3.1818898963776316e-05,1,2,,0,8.596062672058517e-09,-17.001309186735003,-0.08702611637219897,-0.6932854922378011,0.0014901304882153164,0.0007623005964600485,0.0008729468055700126,0.0022882168200114715,0.0005637471533396494,0.0006168028878802513,0.13953349747229,13.112882010889093,0.2398089144146997,0.3372370411334708
327,adam,327,328,0.0011215790490093822,1,7.606560781084454e-07,2.8693521720969144e-08,8.103120519814462e-07,3.0131909199487413e-05,1,2,,0,2.383618587908242e-09,-17.000279093800813,-0.08701940200010422,-0.6932987651508848,0.0014844266256359038,0.0007619260781221132,0.0008721559941366255,0.0023006265778321463,0.0005632559647854099,0.0006164923117495647,0.1395120472012886,13.111340438023927,0.2398083028140858,0.33723736620405975
328,adam,328,329,0.0011103632585192883,1,7.592149545814684e-07,2.7829086665756963e-08,6.875399308069007e-07,2.8719537435383957e-05,1,2,,0,2.1573143641079244e-09,-16.99878096667534,-0.08707569021033308,-0.6933108132959452,0.0014780135301606947,0.0007615043262297878,0.0008713294179479242,0.002311633632285081,0.0005627952818344587,0.0006161240975038753,0.13948473281696036,13.10839273136092,0.23980762940620276,0.3372375614785291
329,adam,329,330,0.0010992596259340954,1,7.577355808395314e-07,2.6499099364606573e-08,7.028399299382971e-07,2.7540160222938884e-05,1,2,,0,1.8956519407477784e-09,-16.996716453860163,-0.0871696380478292,-0.6933214432676404,0.0014709251252409583,0.0007610386102237327,0.000870480086411821,0.0023201605180527387,0.0005623246903675861,0.0006156855129667643,0.13945021849339753,13.103543562014137,0.23980689794575505,0.33723764049400456
330,adam,330,331,0.0010882670296747544,1,7.562682905843474e-07,2.504257195107924e-08,7.026013067665231e-07,2.6531321572458132e-05,1,2,,0,1.9193373369457335e-09,-16.9941816815274,-0.08727018092333311,-0.6933305594839038,0.0014631717632479697,0.0007605400489906239,0.0008696368728293134,0.0023272828279755037,0.0005618821833314161,0.0006152156087806544,0.13941189654483424,13.09761926376106,0.23980612732707604,0.33723762998707296
331,adam,331,332,0.001077384359378007,1,7.548457918142544e-07,2.375289272435107e-08,6.762677476403753e-07,2.564300890501808e-05,1,2,,0,1.9109935781995257e-09,-16.991221904031963,-0.08735107630573614,-0.6933381449053531,0.0014547471165060827,0.000760017264196361,0.0008688186184781346,0.0023335533583770936,0.000561478258777573,0.0006147411777832178,0.1393720427610351,13.091135307616351,0.2398053431672098,0.3372375637560211
332,adam,332,333,0.0010666105157842267,1,7.534785182411479e-07,2.2780766468536333e-08,6.274272728976713e-07,2.485297799739194e-05,1,2,,0,1.8766133728806037e-09,-16.987882391076642,-0.08739509128937971,-0.6933442389347373,0.0014456390974097594,0.0007594725568894351,0.0008680314039486981,0.0023394714800996424,0.0005611103167479813,0.0006142856473710598,0.13933272572111444,13.084574520123315,0.23980457072366348,0.3372374772222256
333,adam,333,334,0.0010559444106263845,1,7.521579542339557e-07,2.2096899198662175e-08,5.603587563704484e-07,2.4160910315474336e-05,1,2,,0,1.8608532106093253e-09,-16.984206725250214,-0.08739375258272136,-0.6933489155707776,0.00143583881557373,0.0007589032214166849,0.0008672704043341706,0.0023453989618995256,0.000560763911740046,0.0006138666816898311,0.13929561547557795,13.078339851150192,0.23980382991818738,0.33723740331176466
334,adam,334,335,0.0010453849665201206,1,7.508679863769597e-07,2.1545457948397498e-08,4.798202988719353e-07,2.3570863208404464e-05,1,2,,0,1.8777173231121025e-09,-16.980239247088782,-0.08734574113365544,-0.693352264714803,0.0014253471769629935,0.000758305563663257,0.0008665263910447043,0.0023515559941417355,0.0005604200748668646,0.0006134958780828706,0.13926195850881623,13.07274635018988,0.23980313251844393,0.3372373696996479
335,adam,335,336,0.0010349311168549194,1,7.495962925571383e-07,2.0950428954623833e-08,4.279921485567827e-07,2.3075180608815367e-05,1,2,,0,1.9076755212227004e-09,-16.97602553905693,-0.08725587268979058,-0.6933543782617215,0.0014141787813668099,0.0007576787579476378,0.0008657922918097263,0.0023580218385776106,0.0005600627974138168,0.0006131787641845242,0.13923256302094128,13.068012557541726,0.23980248114260422,0.3372373972643044
336,adam,336,337,0.0010245818056863702,1,7.483406088189676e-07,2.0208398361685152e-08,4.775182804976724e-07,2.2649017347435533e-05,1,2,,0,1.9115958783744414e-09,-16.97161200711928,-0.08713507522197717,-0.6933553416144593,0.0014023631833971777,0.0007570266642161209,0.0008650668233257865,0.002364747808797925,0.0005596839666751224,0.0006129151438424186,0.1392078052913174,13.06425759634248,0.2398018697143577,0.3372374995684309
337,adam,337,338,0.0010143359876295065,1,7.471080198064265e-07,1.9326816530726915e-08,4.847555031648052e-07,2.2257356471954216e-05,1,2,,0,1.8462316743984584e-09,-16.96704484793527,-0.08700062670601375,-0.693355230427611,0.0013899438169450063,0.0007563570822967793,0.000864354105564627,0.0023715804478494228,0.0005592843189950981,0.0006126998003403331,0.13918765817576054,13.06150530564057,0.23980128509909335,0.3372376832215841
338,adam,338,339,0.0010041926277532115,1,7.459091295072906e-07,1.84030202231001e-08,4.550449702862506e-07,2.1869162537626672e-05,1,2,,0,1.690527061751565e-09,-16.962368673760956,-0.08687522876438578,-0.6933541116970012,0.0013769750712331334,0.0007556792723956852,0.0008636603090957061,0.0023782928121062383,0.0005588709418742139,0.0006125236546758297,0.1391717480275214,13.059696133488563,0.23980070972825818,0.33723794900084525
339,adam,339,340,0.0009941507014756793,1,7.44751489017393e-07,1.7561985465969352e-08,3.966495526097482e-07,2.1469569990771572e-05,1,2,,0,1.462536477863856e-09,-16.957625011523973,-0.08678354577869071,-0.693352047778647,0.001363518173299526,0.0007550014209899804,0.0008629898545274986,0.0023846213663576313,0.0005584533293382828,0.0006123754267358748,0.13915944375737516,13.058705809363778,0.23980012495202738,0.33723829355335977
340,adam,340,341,0.0009842091944609226,1,7.436364624868547e-07,1.6891053486822587e-08,3.19288423041638e-07,2.1062613353376968e-05,1,2,,0,1.200038274206316e-09,-16.952850881554653,-0.086746119253344,-0.6933491016071676,0.0013496366606983016,0.0007543295429425291,0.0008623435872590777,0.002390304888102105,0.0005580402033516152,0.0006122436346466444,0.1391499710102702,13.058368024384604,0.23979951463057422,0.3372387113747276
341,adam,341,342,0.0009743671025163132,1,7.425606275853353e-07,1.6414775271326818e-08,2.4545692402909583e-07,2.0663260162766803e-05,1,2,,0,9.316866701079878e-10,-16.948077693965157,-0.0867728408355259,-0.693345341383052,0.0013353922580062372,0.0007536680706378425,0.000861719575955737,0.0023951199567769925,0.0005576381503294612,0.0006121184761120951,0.1391425297917847,13.058497337583209,0.23979886821582652,0.3372391966238341
342,adam,342,343,0.0009646234314911502,1,7.415191958476362e-07,1.6115551372711784e-08,2.3570377197446566e-07,2.0284946280049857e-05,1,2,,0,7.003508818343484e-10,-16.943330698561763,-0.08685963227920562,-0.6933408433758554,0.001320841828184357,0.0007530210510605165,0.0008611150886191904,0.002398906834737739,0.0005572515592243706,0.0006119930091490018,0.13913638649744112,13.05890877201432,0.23979818254971302,0.33723974433258824
343,adam,343,344,0.0009549771971762386,1,7.405081148634031e-07,1.596190504797306e-08,2.281229468317031e-07,1.9931668276971114e-05,1,2,,0,5.903437083685892e-10,-16.938629093880486,-0.08699054507996662,-0.6933356921939511,0.0013060357468052334,0.0007523927016925328,0.0008605278117896033,0.0024015818397554733,0.0005568827748626689,0.0006118633092759787,0.1391309213175853,13.059431911227492,0.2397974619780114,0.3372403507803098
344,adam,344,345,0.0009454274252044762,1,7.39523869987157e-07,1.5917020612741966e-08,2.337298956758098e-07,1.959883768315543e-05,1,2,,0,6.031542333737912e-10,-16.93398667750359,-0.08714387311679636,-0.6933299786800895,0.0012910176569955179,0.000751787079323532,0.0008599557372255604,0.002403136823412165,0.0005565320488208699,0.0006117277971373817,0.139125634466531,13.059919133506028,0.2397967169772304,0.33724101313067284
345,adam,345,346,0.0009359731509524314,1,7.385624084893278e-07,1.5937346317714177e-08,2.5588686845501474e-07,1.9279486457063975e-05,1,2,,0,6.146419148133647e-10,-16.929412768589284,-0.08729859349904387,-0.6933237962080631,0.0012758252760636602,0.0007512074846168742,0.0008593965373966361,0.0024036295977385895,0.0005561976218766495,0.0006115862704880346,0.1391201311175686,13.060249195361482,0.23979596191755753,0.33724172866009433
346,adam,346,347,0.0009266134194429071,1,7.376187435141555e-07,1.597639337739591e-08,2.6788883404713474e-07,1.896971963527959e-05,1,2,,0,5.545374408572445e-10,-16.92491315352427,-0.08743836736757427,-0.6933172363960408,0.0012604918239409707,0.0007506561534246862,0.0008588473342301037,0.002403169335098281,0.0005558762464349687,0.0006114391058498977,0.13911410448982892,13.06032810397881,0.23979521263026646,0.33724249392778133
347,adam,347,348,0.000917347285248478,1,7.366875650952263e-07,1.5992746087885136e-08,2.7033242077652445e-07,1.8670274684528076e-05,1,2,,0,4.3726068420521085e-10,-16.920490928153896,-0.08755266001227831,-0.6933103851434917,0.0012450476794925052,0.0007501342857947268,0.0008583050536349103,0.002401899800350526,0.0005555640360788959,0.0006112868076219855,0.13910732591778183,13.060088893014077,0.23979448424372918,0.3372433041197668
348,adam,348,349,0.0009081738123959933,1,7.357643293879061e-07,1.5955764490044044e-08,2.640487110440209e-07,1.838479677243401e-05,1,2,,0,3.200910670837815e-10,-16.916147218015183,-0.08763600632126996,-0.6933033196002483,0.0012295219566506763,0.000749642219750705,0.0008577670600972657,0.002399982586867583,0.0005552573362581018,0.0006111298517645116,0.1390996412300657,13.059490969064743,0.23979378951931307,0.33724415266529745
349,adam,349,350,0.0008990920742720333,1,7.348462299454802e-07,1.5847435816178742e-08,2.500965731101581e-07,1.8116909290548344e-05,1,2,,0,2.6707939494495844e-10,-16.91188180146177,-0.08768663242250486,-0.6932961063496513,0.0012139437842365911,0.0007491796076452032,0.0008572317247661103,0.0023975822046333087,0.0005549533944149737,0.0006109686874726167,0.13909096885988134,13.058518896934268,0.23979313775668612,0.33724503113318877
350,adam,350,351,0.000890101153529313,1,7.33932722451315e-07,1.5662290987676973e-08,2.297335898608961e-07,1.7867786200460942e-05,1,2,,0,2.844001234591211e-10,-16.907693654898598,-0.08770521161927375,-0.6932888008270014,0.001198343162332974,0.0007487455474601631,0.0008566987349420536,0.0023948542651754984,0.0005546507402607323,0.0006108037773072508,0.13908129553293014,13.057180254534178,0.23979253424422764,0.3372459293688118
351,adam,351,352,0.0008812001419940199,1,7.33025512193544e-07,1.540687528933337e-08,2.26720354010723e-07,1.7635056615234842e-05,1,2,,0,3.2310981805396156e-10,-16.903581419132713,-0.08769405891365234,-0.6932814478257495,0.0011827513485755763,0.00074833865262404,0.0008561690908889108,0.0023919371969393158,0.0005543492610383516,0.0006106356092425532,0.13907066757181732,13.055502388927328,0.2397919801815524,0.33724683581485077
352,adam,352,353,0.0008723881405740797,1,7.321280479774125e-07,1.5098832534573502e-08,2.281317108751569e-07,1.741316687667354e-05,1,2,,0,3.6009219763117566e-10,-16.89954377345642,-0.08765676407336355,-0.6932740828546072,0.0011672007919535739,0.0007479570444310551,0.0008556448141474432,0.0023889473036046364,0.0005540499947191576,0.000610464664883569,0.13905917812771212,13.053528248829958,0.23979147298376194,0.337247737959535
353,adam,353,354,0.0008636642591683388,1,7.312446449105832e-07,1.476482319665873e-08,2.2889703316133005e-07,1.7194886250050698e-05,1,2,,0,3.941282567156139e-10,-16.895579703455926,-0.08759812029131976,-0.6932667340746006,0.0011517246764232837,0.0007475982637432021,0.0008551284376692096,0.002385976692338853,0.0005537547003539586,0.000610291362898608,0.13904695227926658,13.051311750974477,0.23979100687974939,0.3372486228657335
354,adam,354,355,0.0008550276165766554,1,7.30379425445513e-07,1.4436419786638015e-08,2.2896098715422706e-07,1.6973397304860864e-05,1,2,,0,4.217926812193721e-10,-16.89168865501923,-0.08752415414797741,-0.693259424542488,0.0011363561647081838,0.0007472591332244151,0.0008546223876341603,0.002383093546308256,0.0005534653046930645,0.0006101160131302973,0.13903413265924366,13.048913246386922,0.2397905737270596,0.33724947774507313
355,adam,355,356,0.0008464773404108889,1,7.295353260986085e-07,1.4143825430459533e-08,2.2834957749832442e-07,1.67443085616189e-05,1,2,,0,4.34737807711239e-10,-16.887870576140344,-0.08744205433396232,-0.6932521744990694,0.0011211274491795893,0.0007469356437562415,0.000854128401411994,0.002380344247148695,0.0005531833549214742,0.0006099388162575582,0.1390208680401199,13.046395557198021,0.23979016397238684,0.3372502905473375
356,adam,356,357,0.00083801256700678,1,7.28713433199482e-07,1.3908704881932806e-08,2.2715331743758922e-07,1.650695843576664e-05,1,2,,0,4.283265886603525e-10,-16.884125858165348,-0.08735982674139711,-0.6932450034603878,0.0011060687254993594,0.0007466229630699441,0.0008536471362333983,0.0023777568685292077,0.0005529096115665771,0.0006097599292808777,0.1390073063179021,13.043820819328399,0.2397897676838841,0.3372510505344712
357,adam,357,358,0.0008296324413367123,1,7.279128433243208e-07,1.3738893931319388e-08,2.2550867292545572e-07,1.626456562457533e-05,1,2,,0,4.067478222829769e-10,-16.880455198779764,-0.0872855913790725,-0.6932379318981717,0.001091207206845425,0.0007463156466798996,0.0008531780841795697,0.0023753455206920186,0.000552643880353467,0.0006095795929332747,0.1389935919245456,13.041248109037458,0.2397893755697602,0.3372517488018581
358,adam,358,359,0.000821336116923345,1,7.271310823613556e-07,1.3627795398847154e-08,2.2357881940047988e-07,1.602313077067125e-05,1,2,,0,3.7976141369151353e-10,-16.876859419211158,-0.08722658585629182,-0.6932309823395209,0.0010765662903444476,0.0007460080647728292,0.0008527198146878936,0.0023731149433273042,0.000552385108027405,0.0006093982898452764,0.13897986627492556,13.038731650381955,0.23978897988429565,0.3372523787016952
359,adam,359,360,0.0008131227557541116,1,7.263649121901344e-07,1.3559023868907735e-08,2.2153448531353315e-07,1.5789447730844025e-05,1,2,,0,3.546335489530192e-10,-16.873339274979088,-0.08718810707953475,-0.6932241797804642,0.0010621649697362511,0.0007456949677315158,0.0008522704454515212,0.0023710646868967677,0.0005521316782374336,0.0006092168813068029,0.13896626885017058,13.03631933936176,0.23978857511910967,0.33725293612087714
360,adam,360,361,0.0008049915281965705,1,7.256112078052405e-07,1.3513719136634141e-08,2.195355842408171e-07,1.5568966830654928e-05,1,2,,0,3.319056814085952e-10,-16.869895298893606,-0.08717271957823584,-0.6932175513932882,0.001048017557319656,0.000745372045254761,0.0008518281562646544,0.0023691922805519744,0.0005518817807205629,0.0006090366665567378,0.1389529363625285,13.034051373471499,0.2397881583955918,0.3372534195750079
361,adam,361,362,0.0007969416129146048,1,7.248675908681829e-07,1.3476626049145474e-08,2.1771444457478503e-07,1.5364333637539438e-05,1,2,,0,3.0944638337830437e-10,-16.866527704324046,-0.08718000752714064,-0.6932111256037663,0.001034133735904672,0.0007450363319299081,0.0008513915614264584,0.0023674950108367094,0.0005516337251181981,0.0006088593278775259,0.13893999834140264,13.031958906115573,0.23978772951742874,0.33725383010284327
362,adam,362,363,0.0007889721967854587,1,7.241326600458233e-07,1.3438571880163092e-08,2.16161729603433e-07,1.5175093884276241e-05,1,2,,0,2.876678385303674e-10,-16.863236357987876,-0.08720695232399904,-0.6932049307037931,0.0010205189151145293,0.0007446863780811446,0.0008509598463181581,0.0023659702846882784,0.0005513861285867776,0.0006086867620936625,0.1389275691418935,13.030062801486102,0.23978729070075958,0.3372541709765912
363,adam,363,364,0.0007810824748176041,1,7.234058636293958e-07,1.3395680579025135e-08,2.1491651768918575e-07,1.499847793121804e-05,1,2,,0,2.688789014596079e-10,-16.860020811498377,-0.08724878308064525,-0.6931989932270275,0.0010071748264841012,0.0007443221955172927,0.000850532694039092,0.0023646148865317748,0.0005511379825625108,0.0006085208377128393,0.13891573805662322,13.028372692383076,0.239786846054415,0.3372544472726835
364,adam,364,365,0.000773271650069428,1,7.226871911028061e-07,1.3347250752114148e-08,2.1396221894635586e-07,1.4830718663647117e-05,1,2,,0,2.535725291727603e-10,-16.856880367516087,-0.08730000511051114,-0.693193336335158,0.000994100267287119,0.0007439450492356037,0.000850110105282137,0.0023634236262771407,0.0005508886499230016,0.0006083631388540461,0.13890456012450636,13.026886597341148,0.2397864009156413,0.33725466536496546
365,adam,365,366,0.0007655389335687338,1,7.219768654030568e-07,1.3293985054724769e-08,2.1322965085960105e-07,1.4668269787228864e-05,1,2,,0,2.396781807333274e-10,-16.853814153574916,-0.08735531965465372,-0.6931879784371157,0.000981291897064146,0.0007435571756159782,0.0008496922180431316,0.002362387875715274,0.0005506378422273113,0.0006082147546984536,0.1388940500567389,13.025591312733905,0.23978596115077744,0.3372548324038548
366,adam,366,367,0.0007578835442330464,1,7.212751377172628e-07,1.3237124994914163e-08,2.1260746205106216e-07,1.4508533829278346e-05,1,2,,0,2.251635818034265e-10,-16.85082118282949,-0.08741026352359348,-0.6931829322024465,0.0009687450004409381,0.0007431614825688471,0.0008492791871447592,0.002361494374216672,0.0005503855977608527,0.0006080761524218384,0.13888418070985953,13.02446367032544,0.23978553251159748,0.33725495583405973
367,adam,367,368,0.000750304708790716,1,7.205821975406597e-07,1.317819689715475e-08,2.1195846917596806e-07,1.4350043500953605e-05,1,2,,0,2.100459941636058e-10,-16.847900391058616,-0.08746153245076581,-0.6931782040508726,0.0009564541490841343,0.000742761258186642,0.0008488711312918232,0.0023607245439272915,0.0005501322550522135,0.0006079471450789728,0.13887488629745343,13.023472584757453,0.23978512010863642,0.3372550429865149
368,adam,368,369,0.0007428016617028088,1,7.198981598708574e-07,1.3118911659886478e-08,2.111391106191628e-07,1.4192264546247402e-05,1,2,,0,1.9609733232007858e-10,-16.845050648352643,-0.08750704374488182,-0.6931737941220993,0.0009444137189386157,0.0007423598985116474,0.0008484681254300938,0.0023600544333486893,0.0005498784081602102,0.0006078269443779832,0.1388660695394151,13.022581670326767,0.23978472803324088,0.3372551007631157
369,adam,369,370,0.0007353736450857807,1,7.192230828455599e-07,1.3060992677393885e-08,2.1001882209564816e-07,1.4035248308479368e-05,1,2,,0,1.8541518789682786e-10,-16.84227074935107,-0.08754582750432736,-0.6931696966676726,0.0009326182423891775,0.0007419606608228458,0.0008480702110353599,0.0023594553003222756,0.0005496248357557154,0.0006077142763027275,0.13885761142613512,13.021752130712898,0.2397843591357753,0.3372551354187502
370,adam,370,371,0.0007280199086349228,1,7.185569840468497e-07,1.3005952015334806e-08,2.0849682655153883e-07,1.3879310175366901e-05,1,2,,0,1.792988727701769e-10,-16.83955938764147,-0.08757782820135447,-0.6931659007668372,0.0009210625960439702,0.0007415664485237377,0.0008476774056484281,0.002358894740190809,0.0005493724057576358,0.0006076075344086849,0.1388493821959753,13.020945630242815,0.23978401494986687,0.3372551524349774
371,adam,371,372,0.0007207397095485736,1,7.178998430576975e-07,1.2954939753070666e-08,2.065151336947407e-07,1.3724820572914369e-05,1,2,,0,1.7798440659055406e-10,-16.83691511928831,-0.08760367398564782,-0.6931623912503141,0.0009097420414546684,0.0007411796325291845,0.0008472897043265057,0.0023583381728211968,0.0005491219642399842,0.0006075049480813611,0.13884125232346042,13.020126916207026,0.23978369574149594,0.3372551564733212
372,adam,372,373,0.0007135323124530878,1,7.172515913895526e-07,1.2908760131595068e-08,2.040678086826484e-07,1.3572118247880366e-05,1,2,,0,1.809646604774935e-10,-16.834336319078574,-0.08762444679785804,-0.6931591497148566,0.0008986521468389462,0.000740801911820457,0.0008469070736447728,0.0023577504467847624,0.0005488742198701517,0.0006074047477217561,0.13883310261254075,13.019266039800945,0.23978340065640474,0.33725515139305506
373,adam,373,374,0.000706396989328557,1,7.166120964533766e-07,1.2868008543119517e-08,2.0120729529743614e-07,1.3421510256994175e-05,1,2,,0,1.873544001247814e-10,-16.8318211319914,-0.08764146986489411,-0.69315615552138,0.0008877886222627351,0.0007404342147320672,0.0008465294421657032,0.002357097321416901,0.0005486296348042406,0.0006073053133813717,0.1388248327553666,13.018340085138915,0.23978312793895676,0.3372551403180277
374,adam,374,375,0.0006993330194352714,1,7.159811467326358e-07,1.2833063095735889e-08,1.980483949702936e-07,1.3273307795774945e-05,1,2,,0,1.9608158798485318e-10,-16.82936742255679,-0.08765612098142715,-0.6931533866855343,0.0008771470994207931,0.0007400766458601324,0.000846156691595969,0.0023563466670222326,0.0005483883330673092,0.0006072052966083421,0.1388163678807992,13.017334338138003,0.2397828751995099,0.33725512573899985
375,adam,375,376,0.0006923396892409187,1,7.153584460477332e-07,1.2803479468931142e-08,1.9476886776140131e-07,1.3127850389729275e-05,1,2,,0,2.0605425247777704e-10,-16.826972727435447,-0.08766967743985521,-0.6931508205892023,0.0008667228820939427,0.0007397284959231831,0.0008457886532980525,0.002355469410786733,0.0005481500428025117,0.0006071037066279066,0.13880766263513536,13.016242789502364,0.23978263971454528,0.33725510964149585
376,adam,376,377,0.0006854162923485094,1,7.147436302870218e-07,1.2776561857605895e-08,1.91601649133022e-07,1.2985480523598527e-05,1,2,,0,2.1647079245341041e-10,-16.8246342238339,-0.0876831981195464,-0.6931484344654282,0.0008565106885434391,0.0007393883579765498,0.0008454251180838086,0.00235444059075941,0.0005479141043278401,0.0006069999512185789,0.1387987021792457,13.015067750512957,0.23978241875173362,0.3372550936529958
377,adam,377,378,0.0006785621294250244,1,7.141363274568067e-07,1.2746162750204762e-08,1.8880713624838785e-07,1.2846442374447685e-05,1,2,,0,2.2715661271839843e-10,-16.82234873940288,-0.08769744747056418,-0.6931462056439777,0.0008465044096649424,0.0007390544270726877,0.000845065871667296,0.0023532413296746533,0.0005476795992526573,0.0006068938206236342,0.13878949920843994,13.013818192211371,0.23978220991423987,0.3372550792042009
378,adam,378,379,0.0006717765081307741,1,7.135362714994485e-07,1.2704828601851484e-08,1.8660958372072914e-07,1.2710708079950798e-05,1,2,,0,2.384793583125979e-10,-16.82011284101962,-0.08771286382342072,-0.6931441116022158,0.0008366969272524509,0.0007387250584351237,0.0008447107620360052,0.00235186274150905,0.0005474456580981871,0.000606785404686883,0.138780086125156,13.012506397268782,0.23978201148157205,0.33725506769090313
379,adam,379,380,0.0006650587430494664,1,7.129434216519959e-07,1.2651174561376014e-08,1.850951675842767e-07,1.257781628867607e-05,1,2,,0,2.5063432483312327e-10,-16.817923024898903,-0.08772957095495845,-0.6931421299539406,0.0008270800811032101,0.000738399523380776,0.0008443597702709408,0.0023503117664786964,0.0005472119169016304,0.000606674951665194,0.138770502897551,13.011143140637364,0.2397818226747971,0.33725506059975396
380,adam,380,381,0.0006584081556189718,1,7.123579602875064e-07,1.2595163170275081e-08,1.8411558149610783e-07,1.244691915215807e-05,1,2,,0,2.6310249213810863e-10,-16.81577596101933,-0.0877474279244817,-0.6931402385949428,0.0008176449173535215,0.0007380785952700948,0.0008440130095487311,0.002348615970252737,0.0005469788898749383,0.000606562719897292,0.13876078468385644,13.009733221358244,0.2397816437109017,0.3372550595324954
381,adam,381,382,0.000651824074062782,1,7.117800978761751e-07,1.2549075236768036e-08,1.8328212048748625e-07,1.2317183470846772e-05,1,2,,0,2.75059357529668e-10,-16.813668668158975,-0.08776610774835772,-0.6931384162061062,0.0008083823179704776,0.0007377644302227852,0.0008436706098212591,0.0023468219092393204,0.0005467479156552861,0.0006064489061056298,0.1387509561622821,13.008274400223799,0.2397814755197346,0.3372550660693584
382,adam,382,383,0.0006453058333221542,1,7.112098589497709e-07,1.2510839236728858e-08,1.8208494711410897e-07,1.21883161213176e-05,1,2,,0,2.86078639713988e-10,-16.81159854106865,-0.08778519026583537,-0.6931366431148438,0.0007992839481760995,0.0007374596500473955,0.0008433325909448602,0.0023449849018843433,0.0005465206307673417,0.0006063336889606342,0.13874103585859623,13.006760997777306,0.23978131914792275,0.3372550814860568
383,adam,383,384,0.0006388527749889326,1,7.10647115914897e-07,1.2463250921940768e-08,1.8006644015948966e-07,1.2060692624682664e-05,1,2,,0,2.964704399143829e-10,-16.80956328565757,-0.08780425142756693,-0.6931349022675791,0.0007903432692359793,0.0007371661875201581,0.0008429988825110606,0.002343154735644086,0.0005462983378643978,0.0006062173353714996,0.13873104605478967,13.00518984467378,0.23978117505264518,0.337255106425191
384,adam,384,385,0.0006324642472390434,1,7.100918468556106e-07,1.2397281248288689e-08,1.7698106925459275e-07,1.193493017001937e-05,1,2,,0,3.0705682138567184e-10,-16.807560804524872,-0.08782293419270333,-0.6931331800001751,0.0007815563234092089,0.0007368843031199297,0.0008426694766369614,0.002341361803822256,0.0005460814934349287,0.0006061003143736193,0.1387210235475585,13.003566263329512,0.2397810425028463,0.3372551406310454
385,adam,385,386,0.0006261396047666528,1,7.095442539120645e-07,1.234591436029462e-08,1.7300800823377213e-07,1.1811384835958076e-05,1,2,,0,3.169818627090891e-10,-16.805588882572664,-0.08784099331804555,-0.6931314663673167,0.0007729220741938577,0.0007366113580679853,0.0008423444983568566,0.002339600607450562,0.0005458689591249999,0.0006059834574023569,0.1387110345473177,13.00191158620268,0.2397809192091917,0.3372551828112532
386,adam,386,387,0.0006198782087189864,1,7.090043335514488e-07,1.2354568839630566e-08,1.692361721138856e-07,1.1690212448984618e-05,1,2,,0,3.206057203665638e-10,-16.80364437675188,-0.08785831088110801,-0.693129754689926,0.0007644420411574627,0.0007363395657954667,0.0008420239506994137,0.0023378030909541447,0.0005456563869936176,0.0006058682485004289,0.13870120111089804,13.000275658724357,0.2397808014022101,0.3372552307324648
387,adam,387,388,0.0006136794266317965,1,7.084714283547196e-07,1.2277168905331726e-08,1.6813182418664811e-07,1.1571763175664588e-05,1,2,,0,3.191282189296158e-10,-16.80172245983612,-0.08787487245281786,-0.6931280393327822,0.0007561185417097992,0.0007360555285541517,0.0008417074481996222,0.002335829778979256,0.0005454354787689263,0.0006057568444045305,0.138691705466091,12.998738832877107,0.23978068537971803,0.3372552820196841
388,adam,388,389,0.0006075426323654784,1,7.079459901111298e-07,1.2214515826890937e-08,1.7023308295969346e-07,1.1454380950365158e-05,1,2,,0,3.215229745260781e-10,-16.799820792334753,-0.08789067664914643,-0.6931263106370538,0.0007479508719375684,0.000735757899720535,0.0008413952638986802,0.0023336611357354753,0.0005452051333809939,0.0006056494807345688,0.13868256911872043,12.99731053276737,0.23978057221635674,0.3372553364090904
389,adam,389,390,0.0006014672060418237,1,7.074284079498969e-07,1.226911003957213e-08,1.7035569190923443e-07,1.1334123316968021e-05,1,2,,0,3.2272544570001773e-10,-16.797945237603194,-0.08790569233875808,-0.6931245543894299,0.0007399349957941191,0.0007354737058060028,0.0008410876339299591,0.002331606626226663,0.0005449821899602073,0.0006055418430189666,0.13867342201083854,12.995824936376264,0.23978046870574132,0.33725539620237194
390,adam,390,391,0.0005954525339814055,1,7.06917921784198e-07,1.2049909798423417e-08,1.6474966189461643e-07,1.1214289863474582e-05,1,2,,0,3.374612344355575e-10,-16.796100114167306,-0.08792003943180131,-0.6931227632117296,0.0007320722326139108,0.0007352193285945979,0.0008407841112819616,0.002329861853701502,0.0005447769426633983,0.0006054310426527751,0.13866401496192213,12.994174652197113,0.23978037741779382,0.3372554616118105
391,adam,391,392,0.0005894980086415914,1,7.064167494166898e-07,1.4795198613089278e-08,2.2927703153851277e-07,1.1097768488609676e-05,1,2,,0,3.631826007890054e-10,-16.794282648306854,-0.08793407404589686,-0.6931209438148046,0.0007243747839662992,0.0007349792701594002,0.0008404860197627857,0.0023282376250688664,0.00054458092582858,0.0006053194066866222,0.13865454646809944,12.992456799750983,0.23978028959969916,0.337255527498892
392,adam,392,393,0.0005836030285551755,1,7.059690488918722e-07,1.678649112115513e-08,2.592893435603017e-07,1.1000685616462443e-05,1,2,,0,3.067695454681093e-09,-16.792403389661267,-0.08794877139180979,-0.6931191193023835,0.0007168670112189963,0.0007344941553232298,0.0008402196432432844,0.0023232636144655087,0.0005442293679305208,0.0006052513147005024,0.13864891718934508,12.99242548354879,0.2397801755880056,0.3372555793157784
393,adam,393,394,0.0005777669982696237,1,7.054465404724081e-07,1.5512748844670232e-08,2.1986531702512763e-07,1.084927910446619e-05,1,2,,0,1.0483877020302454e-09,-16.7906530449327,-0.08796215296259334,-0.693117198312332,0.0007094871860975599,0.0007343181039234459,0.000839908650075952,0.0023225099624054205,0.0005440669769852346,0.0006051285395171849,0.13863851360644386,12.990230775612897,0.23978011024578905,0.3372556516027351
394,adam,394,395,0.0005719893282869274,1,7.049832736853346e-07,2.7960042857112974e-08,5.765850801456238e-07,1.0761956443127842e-05,1,2,,0,4.0581385978792605e-09,-16.78896446969731,-0.08797535696583834,-0.6931152169973039,0.0007022737014169211,0.0007343065312100826,0.0008396328207528185,0.002323278800820913,0.000544011178608714,0.0006049849885504818,0.13862637980937648,12.987209009972041,0.23978007941524862,0.33725573608010956
395,adam,395,396,0.0005662694350040583,1,7.850084823082198e-07,1.234612858946698e-07,1.3311122179432572e-06,1.0891434309633656e-05,1,7,,0,1.329222381347644e-10,-16.790393248329117,-0.08797459894570155,-0.6931132025791756,0.0006952638320299119,0.0007838588368039977,0.0008860070441639952,0.002417867558488973,0.0005886212175923317,0.0006050014562676882,0.1386822076858892,12.954119329543152,0.23978012178449476,0.3372558471453499
396,adam,396,397,0.0005606067406540177,1,7.778013174166119e-07,1.1806421796664302e-07,1.2822700387900026e-06,1.7883766550532798e-05,1,2,,0,7.777832125343334e-10,-16.78891503058527,-0.08801134487809684,-0.6931124277740812,0.0006899172508657934,0.0007799357591146678,0.0008819304493080006,0.0024126079348723187,0.0005851439241679352,0.0006048494295132209,0.13866366173238132,12.95251413178023,0.23977967332497085,0.33725560232322965
397,adam,397,398,0.0005550006732474775,1,7.659496194842424e-07,1.089186469902791e-07,1.1919888141044604e-06,2.8073979691592344e-05,1,2,,0,2.154723121342769e-09,-16.78781474842869,-0.08806396544859982,-0.6931127417440475,0.0006861024367572597,0.0007733516698308465,0.000875185477189974,0.002405954703747545,0.0005793932957082247,0.0006046919952259378,0.13864045548686635,12.951472748504251,0.2397788229686561,0.33725506630106883
398,adam,398,399,0.0005494506665150027,1,7.517399276401473e-07,9.461428805407936e-08,1.0608473387863655e-06,3.660766386474806e-05,1,2,,0,3.813799101577049e-09,-16.787600802190386,-0.08812511446205785,-0.6931139998572935,0.0006837035730085749,0.0007651865755595927,0.000867029369537242,0.002403503240901273,0.0005725492740323268,0.0006046608403634761,0.13862660951849806,12.954221348878114,0.2397776687074825,0.33725430942945145
399,adam,399,400,0.0005439561598498526,1,7.374370421303878e-07,7.93854392177849e-08,9.077109163715764e-07,4.277710530336354e-05,1,2,,0,5.174985339679125e-09,-16.787426478541065,-0.08818769948773715,-0.6931161289631059,0.000682215601080425,0.0007565803994271262,0.000858741545594708,0.0023983646259098084,0.0005653794245396938,0.0006045993005761167,0.1386088434787449,12.956203888642493,0.23977634984405272,0.33725341602555897
400,adam,400,401,0.0005385165982513541,1,7.247002148384672e-07,6.398580637798459e-08,7.387641800153543e-07,4.653945064173621e-05,1,2,,0,6.099253725594675e-09,-16.787410959457745,-0.0882455266748115,-0.6931190269918809,0.0006813279168996898,0.0007484306655696347,0.0008512932601862105,0.002392547704473903,0.0005587527210190999,0.0006045524765720608,0.1385926288697821,12.958541083964281,0.2397749721085571,0.3372524516107536
401,adam,401,402,0.0005331314322688406,1,7.144605634510988e-07,1.1081056753209599e-07,2.5461736898423607e-06,4.813189670341213e-05,1,2,,0,7.205962284100456e-09,-16.787435148331266,-0.08829380947906322,-0.6931225856000808,0.0006807686404599477,0.0007414294150977497,0.0008452576905601621,0.002385892161324206,0.0005531399975908508,0.000604478838327615,0.1385753281159581,12.961008114748404,0.23977361229794988,0.33725145879503143
402,adam,402,403,0.0005278001179461521,1,7.067133787278671e-07,2.924155376070593e-08,3.668076454714752e-07,5.264976121540018e-05,1,3,,0,5.80536334222762e-09,-16.787522016369348,-0.08832859868962598,-0.6931266427404027,0.0006804675866817361,0.0007361217916841286,0.0008406624642077622,0.0023800183668099537,0.0005488171920031358,0.0006043195640398139,0.13856140930519026,12.971011250325164,0.23977190036322668,0.3372500782246481
403,adam,403,404,0.0005225221167666907,1,7.0402479255936e-07,2.1317771039569603e-08,5.121359996219552e-07,4.905441377990958e-05,1,2,,0,6.62949140984644e-09,-16.787596064595203,-0.08834956118318249,-0.693131177993796,0.0006800236621410815,0.000733612909436549,0.0008390618526421995,0.002372536070777282,0.0005470196601955852,0.0006044372338539215,0.13856686140017124,12.976650423745879,0.23977045543323633,0.33724884745253564
404,adam,404,405,0.0005172968955990236,1,7.041286246393714e-07,2.406056810846178e-08,6.215755360201832e-07,4.4126462146284814e-05,1,2,,0,4.786297227410004e-09,-16.787632156050236,-0.08835561134823482,-0.6931360520694765,0.0006792653293162226,0.0007328930474043773,0.0008391237242739425,0.002365133344476512,0.0005465669188488337,0.00060457112588405,0.13857380812396938,12.980188647285214,0.23976931326184264,0.3372477819847144
405,adam,405,406,0.0005121239266430334,1,7.059980741889575e-07,3.209044404644401e-08,6.975458266556314e-07,3.834950067767259e-05,1,2,,0,3.497770584715082e-09,-16.787611540563528,-0.08834684736560737,-0.6931411160689015,0.0006780607425857315,0.0007338839269949573,0.0008402369155119034,0.002358457861894263,0.0005470589249116626,0.0006047262781874287,0.1385843920639445,12.984020841480323,0.23976848683369717,0.3372468822586187
406,adam,406,407,0.0005070026873766031,1,7.086328819234654e-07,4.0200722025307175e-08,7.372173307982041e-07,3.216191441529846e-05,1,2,,0,2.2513368707413545e-09,-16.787511375801657,-0.0883243982675553,-0.693146225408121,0.0006763177961863326,0.0007357800919427228,0.0008418033511001637,0.002352663707697317,0.0005480124530485457,0.0006048850247267697,0.13859597126995288,12.987390498005352,0.23976797486423196,0.33724614036083367
407,adam,407,408,0.0005019326605028371,1,7.111860780269198e-07,4.6643744332462174e-08,7.41653999523036e-07,2.6058868625529662e-05,1,2,,0,1.2793728896804073e-09,-16.787314232697607,-0.08829028086261971,-0.6931512432601462,0.0006739833601697904,0.000737568171399677,0.0008433184914532112,0.002347895398223617,0.0005490320405793492,0.0006050369463373815,0.13860733093540145,12.990331322820222,0.23976776411171385,0.3372455425124919
408,adam,408,409,0.0004969133338978088,1,7.130386970875196e-07,5.090353272657412e-08,7.135641456703346e-07,2.0624916970535227e-05,1,2,,0,6.997448694589033e-10,-16.78700753663354,-0.08824733671535329,-0.6931560458277473,0.0006710412162563445,0.0007388007537243803,0.0008444161871302087,0.002344190580124249,0.0005498186052237184,0.0006051719537387557,0.13861728134544993,12.99275913573189,0.23976783220934228,0.3372450715395429
409,adam,409,410,0.0004919442005588306,1,7.138421256084874e-07,5.290885134977859e-08,6.571998436788265e-07,1.659650071057922e-05,1,2,,0,6.269798863321528e-10,-16.786584156523602,-0.08819912370933171,-0.6931605263102351,0.0006675084398256363,0.0007392909517478595,0.0008448917833713897,0.0023415043573953983,0.0005501949307451457,0.0006052821094827892,0.13862498337378987,12.99462371216308,0.23976814999203958,0.33724470874433293
410,adam,410,411,0.0004870247585532423,1,7.135037099267833e-07,5.280598983324153e-08,5.778447481552613e-07,1.4719936913168876e-05,1,2,,0,7.666803627959717e-10,-16.786042380534987,-0.08814974473008323,-0.6931645977418451,0.0006634303330893118,0.0007390095608924717,0.0008446914880160586,0.002339722091551709,0.0005500988971401918,0.0006053615919928699,0.13862992374248412,12.995893669318727,0.23976868351739136,0.3372444352572628
411,adam,411,412,0.0004821545109677099,1,7.121374397649265e-07,5.0870378372457235e-08,5.803240058124849e-07,1.5072697745492192e-05,1,2,,0,8.836556959237791e-10,-16.78538546976193,-0.08810357373451744,-0.6931681945995091,0.00065887424198944,0.0007380459114081947,0.0008438823613306102,0.0023386787165670716,0.0005495623451612077,0.0006054066397376915,0.1386318840191271,12.996559282367677,0.23976939584700013,0.3372442329474325
412,adam,412,413,0.00047733296585803273,1,7.099948835856939e-07,4.745434180523836e-08,5.685597375739249e-07,1.676875783195217e-05,1,2,,0,9.708125073580874e-10,-16.784620833343055,-0.08806486850047628,-0.6931712732880208,0.0006539227882495826,0.0007365783053853267,0.0008426119412788392,0.002338180148686481,0.0005486815612357405,0.0006054153327435588,0.13863087836209714,12.996630950123606,0.2397702486343355,0.3372440849938188
413,adam,413,414,0.00047255963619945244,1,7.073927614267691e-07,4.295043383048342e-08,5.428798073109666e-07,1.8807048688874653e-05,1,2,,0,1.0516492698315007e-09,-16.783758955361655,-0.0880373062743009,-0.6931738116829299,0.0006486671183590252,0.0007348513783628014,0.0008410664429322865,0.002338024280573087,0.0005475862556507967,0.0006053873257840958,0.13862708229752405,12.996136275629757,0.2397712035261724,0.33724397621399443
414,adam,414,415,0.0004678340398374579,1,7.046496548413397e-07,3.776841723195364e-08,5.063551353616038e-07,2.0588396083579692e-05,1,2,,0,1.1255918488546055e-09,-16.78281223223676,-0.08802352811869345,-0.6931758079140327,0.000643200710521019,0.0007331500788462075,0.0008394341277559185,0.002338019086938565,0.0005464120091979641,0.0006053235890614191,0.13862076633046425,12.995116427455466,0.2397722233667098,0.3372438932306223
415,adam,415,416,0.00046315569943908335,1,7.020391445215502e-07,3.2327670720184096e-08,4.6200334135468417e-07,2.183739617123905e-05,1,2,,0,1.1741975613746466e-09,-16.781793872559135,-0.0880248022691513,-0.6931772785367897,0.0006376141298849544,0.0007317137988246178,0.0008378777622789318,0.002337996192280164,0.0005452791636526899,0.0006052261766802048,0.13861224262877014,12.993622423629093,0.23977327319702985,0.33724382453642904
416,adam,416,417,0.00045852414244469246,1,6.997617377229497e-07,2.7066560162408614e-08,4.126648215903435e-07,2.2457152806266787e-05,1,2,,0,1.1796552820050065e-09,-16.780716971378496,-0.0880408977306047,-0.6931782562080042,0.0006319909410258817,0.0007306484552274669,0.0008365176254705873,0.0023378192227145856,0.0005442793135969762,0.0006050980173058614,0.13860182754837286,12.99171171361038,0.23977432105513075,0.33724376050041044
417,adam,417,418,0.0004539389010202456,1,6.97934334436215e-07,2.2464709125819213e-08,3.797440430478884e-07,2.2446631049425105e-05,1,2,,0,1.1345848849299132e-09,-16.779593814154527,-0.08807020047298018,-0.6931787869748338,0.0006264048228371931,0.0007299670213555181,0.0008354246431822651,0.0023373871038517543,0.0005434691805411291,0.0006049427130374437,0.13858981899821574,12.989445192709969,0.23977533859171576,0.3372436933428041
418,adam,418,419,0.0004493995120100431,1,6.965938569146803e-07,1.9043780704603094e-08,4.0015923882926044e-07,2.1859242167592076e-05,1,2,,0,1.042732006258456e-09,-16.778435412178574,-0.08811003228468006,-0.6931789272970252,0.0006209178103623669,0.0007296273888083946,0.0008346219844424661,0.0023366330357183222,0.0005428707413005006,0.0006047643373910728,0.1385764857232347,12.986884631769579,0.23977630151993282,0.33724361709379785
419,adam,419,420,0.0004449055168899427,1,6.957107559609435e-07,1.7237492543414714e-08,4.0186218547814455e-07,2.0781004739193487e-05,1,2,,0,9.156483859844692e-10,-16.777251233647238,-0.08815707989101974,-0.6931787409363358,0.0006155795164149089,0.0007295530756394853,0.0008340927741929812,0.002335520144822276,0.0005424759763008104,0.0006045672324286492,0.13856206500483909,12.984090449085354,0.23977718991428748,0.3372435275407477
420,adam,420,421,0.0004404564617210432,1,6.952080403484651e-07,1.707579263562962e-08,3.8637968899527804e-07,1.931803880711757e-05,1,2,,0,7.687575775846712e-10,-16.77604907282346,-0.0882078292428231,-0.6931782958539121,0.0006104271569817234,0.0007296577250030519,0.0008337913649999411,0.0023340348209412694,0.0005422544268802791,0.0006043558106872694,0.13854676534050603,12.981119729613278,0.23977798836776085,0.3372434221608445
421,adam,421,422,0.0004360518971038328,1,6.949819502207683e-07,1.8063535689282093e-08,3.873910079524358e-07,1.7589047432269084e-05,1,2,,0,6.183821432455741e-10,-16.774834986035934,-0.08825892418914183,-0.6931776612522752,0.000605486207532463,0.0007298604024794077,0.0008336557744181757,0.002332178547375572,0.0005421618384318081,0.0006041343660419196,0.13853077081980586,12.978024327697279,0.23977868600970398,0.33724330003111125
422,adam,422,423,0.0004316913781327945,1,6.949211938127166e-07,1.953201547234524e-08,4.068574582659158e-07,1.5720946118846345e-05,1,2,,0,4.803926573974292e-10,-16.77361320629187,-0.08830741126844041,-0.6931769048834223,0.0006007715420406663,0.0007300912424808404,0.0008336193338765102,0.002329958637810737,0.000542148447625777,0.0006039068887566927,0.13851424384651687,12.974848714114444,0.23977927638290314,0.3372431617057524
423,adam,423,424,0.0004273744643514665,1,6.949226267252526e-07,2.097277993524129e-08,4.116501342401447e-07,1.3846630017047962e-05,1,2,,0,3.706799871068583e-10,-16.772385910143395,-0.0883508721645288,-0.693176090718604,0.0005962889472970944,0.0007302938565361089,0.0008336201933286241,0.0023273775839142232,0.0005421658611614014,0.0006036768632835964,0.13849732225612824,12.971626874355776,0.23977975717765254,0.33724300905209703
424,adam,424,425,0.0004231007197079519,1,6.949022417792275e-07,2.208946669506162e-08,4.026381083829414e-07,1.2103325195268157e-05,1,2,,0,3.0620332277842057e-10,-16.771152606529615,-0.08838746967969925,-0.6931752770381444,0.0005920369682640619,0.0007304265498683263,0.000833607966480184,0.002324419245604918,0.0005421718692371778,0.0006034469952038707,0.13848010483153647,12.968376789692213,0.23978012982256952,0.33724284503944096
425,adam,425,426,0.00041886971251087234,1,6.948012525496472e-07,2.2735056174859297e-08,3.808083017733545e-07,1.0627391449883914e-05,1,2,,0,3.013832776347326e-10,-16.769908599078743,-0.0884159395635728,-0.6931745149472112,0.0005880091647977434,0.0007304625977756989,0.0008335473907041202,0.002321026281080825,0.0005421328072575331,0.0006032187320119904,0.13846261239490312,12.965088902554113,0.23978039892998607,0.33724267347682907
426,adam,426,427,0.0004146810153857636,1,6.945878603386926e-07,2.2855038837879645e-08,3.4668780193890315e-07,9.53707677927537e-06,1,2,,0,3.670776226850547e-10,-16.76864082762359,-0.08843555431994428,-0.693173847231562,0.0005841972134582154,0.0007303896715823934,0.0008334193784276273,0.002317050334994274,0.0005420229298508281,0.0006029911646197426,0.13844468619993514,12.96169753687723,0.2397805715658698,0.33724249868734213
427,adam,427,428,0.00041053420523190596,1,6.942562454180373e-07,2.259886757164325e-08,2.966484006087039e-07,8.896289272621896e-06,1,2,,0,5.614869079649332e-10,-16.767314044678788,-0.08844607416855522,-0.6931733071829081,0.0005805967889761217,0.0007302088786500753,0.0008332204062659755,0.002312097730954932,0.0005418183204607542,0.0006027576145932901,0.13842566533416542,12.957989777984405,0.23978065614802457,0.3372423250462126
428,adam,428,429,0.0004064288631795869,1,6.938283268349905e-07,3.3655304422405177e-07,1.1278586257263697e-05,8.673548420287718e-06,1,2,,0,1.3135805420059753e-09,-16.76580192268877,-0.08844769140632529,-0.6931729149421626,0.0005772300348935287,0.0007299362919526461,0.0008329635807374717,0.002304773708837435,0.0005414675321207912,0.0006024889995576564,0.13840281945665894,12.953158046134513,0.23978065933763149,0.33724215578902733
429,adam,429,430,0.000402364574547791,1,7.940592696324125e-07,1.1054383052241443e-07,3.892709844823001e-06,1.4386328706376036e-05,1,8,,0,1.410556032236023e-09,-16.908537931722922,-0.08847273471649758,-0.6931734302375857,0.0005698936663930188,0.0007559189263247486,0.0008911000334599997,0.0028489929722396736,0.0005499737296341727,0.0005988636475378255,0.13763118640720412,12.63389829902077,0.23978110137891062,0.3372421682391547
430,adam,430,431,0.0003983409288023131,1,7.921867673856457e-07,1.0935592257106898e-07,3.88967734540738e-06,1.360347281480531e-05,1,2,,0,5.496820661565615e-10,-16.908203376527243,-0.08847434642710582,-0.6931800472658771,0.0005667947139363194,0.0007553288776559514,0.0008900487443874328,0.0028391479820712735,0.0005499864873567627,0.0005988081628838719,0.13762751400010614,12.634099472583234,0.239781679760685,0.3372421435233239
431,adam,431,432,0.00039435751951429,1,7.888056713842676e-07,1.0645469768156171e-07,3.8215132522349246e-06,1.430160834868482e-05,1,2,,0,1.0835975062320181e-09,-16.90900217241011,-0.08848174301763999,-0.6931919628632441,0.0005673852192195618,0.0007542988214932296,0.000888147325270007,0.0028237136847890218,0.0005499102133651951,0.000598771625911984,0.1376254710726305,12.634611968404874,0.2397823851286188,0.3372420927842342
432,adam,432,433,0.0003904139443191471,1,7.842638053495857e-07,1.0212275309636446e-07,3.696250341938634e-06,1.5765400045358794e-05,1,2,,0,2.696822552609439e-09,-16.91076152785526,-0.08849271063427469,-0.6932083673106579,0.0005711491108024939,0.0007529412244010739,0.0008855867012041146,0.002803577797636367,0.0005497443085982254,0.0005987474040884833,0.13762454153285317,12.63532620552685,0.2397832081407218,0.3372420247702989
433,adam,433,434,0.0003865098048759556,1,7.789456219046121e-07,9.663000604884734e-08,3.522237044222273e-06,1.7407621680924077e-05,1,2,,0,4.7094977430627464e-09,-16.913328205971016,-0.08850497803604954,-0.6932284637448733,0.0005776063739932472,0.0007513921690207358,0.000882578960719443,0.0027796156557492483,0.0005495048583671619,0.0005987398490363045,0.13762512170811958,12.636357687082981,0.2397841388131946,0.33724194612080743
434,adam,434,435,0.000382644706827196,1,7.732187165835811e-07,9.024436656678138e-08,3.308373156213737e-06,1.889741292658977e-05,1,2,,0,6.701092444059345e-09,-16.916555528102055,-0.08851627534955393,-0.6932514844230203,0.0005863151766284227,0.0007497884700257592,0.000879328560086377,0.002752680790001776,0.0005492077436462109,0.0005987519569351192,0.13762746480801702,12.637783127823603,0.23978516623210733,0.3372418617391552
435,adam,435,436,0.00037881825975892406,1,7.674089443953608e-07,8.323189668394551e-08,3.063768666788943e-06,2.0079291467456035e-05,1,2,,0,8.40265808071497e-09,-16.920306213470038,-0.08852440251663886,-0.6932767031575408,0.000596872946915327,0.0007482371042330968,0.0008760188036768165,0.0027235838307578704,0.0005488673110700712,0.0005987852755508984,0.13763168869011727,12.63964459648759,0.23978627865759286,0.337241775191466
436,adam,436,437,0.0003750300771613349,1,7.61784347007011e-07,7.585506747983648e-08,2.797365961935161e-06,2.0894138040196227e-05,1,2,,0,9.65910584337313e-09,-16.924454882934274,-0.08852727304621108,-0.6933034446670162,0.0006089165890701019,0.0007467985868841652,0.0008728025819204541,0.002693071217689368,0.000548495529010257,0.0005988399757680147,0.1376377988075816,12.641958303784719,0.23978746384449814,0.3372416890921261
437,adam,437,438,0.0003712797763897215,1,7.565414134016848e-07,6.835292226489133e-08,2.517114718958399e-06,2.133463531196106e-05,1,3,,0,2.9681055259575606e-13,-16.92888909756282,-0.08852305827691194,-0.6933310916339628,0.00062212203069562,0.0007455015710839198,0.000869793891333852,0.0026617574861336813,0.0005481012511081488,0.0005989146641993655,0.13764564198640045,12.644715344477138,0.2397887094300619,0.33724160545357224
438,adam,438,439,0.00036756697862582425,1,7.518276529049251e-07,6.100503055554033e-08,2.2315567879709213e-06,2.142157291859828e-05,1,3,,0,6.356607000584819e-13,-16.933512768891063,-0.0885097812514445,-0.6933590883671049,0.0006362027997748699,0.000744363191176849,0.0008670799576192066,0.0026303128457087857,0.0005476904162346939,0.0005990081832447288,0.13765526049723883,12.647938681666066,0.2397900033818246,0.3372415261695789
439,adam,439,440,0.00036389130883956604,1,7.477103435317727e-07,5.402268351130962e-08,1.94706294201144e-06,2.1193693915848998e-05,1,3,,0,7.444359080168496e-13,-16.93824527378085,-0.08848630023198872,-0.6933869490433012,0.0006509098104408796,0.0007433836143915102,0.0008647024595384083,0.00259916115875761,0.0005472664336165764,0.0005991177667052466,0.13766644557897034,12.651621216205815,0.2397913340562294,0.3372414529183057
440,adam,440,441,0.00036025239575117037,1,7.442098698866728e-07,4.759642935444873e-08,1.6692580229901197e-06,2.069811511804727e-05,1,3,,0,1.5152534455618525e-12,-16.94302001740355,-0.08845173620996519,-0.6934142592334728,0.0006660293600770605,0.0007425538150515038,0.0008626759935727161,0.002568679366501263,0.0005468298970940544,0.000599240676168266,0.13767907255760292,12.655779194699859,0.23979269037915496,0.3372413875570149
441,adam,441,442,0.00035664987179365865,1,7.413147256269396e-07,4.1863086453710455e-08,1.4029959174444747e-06,1.998597660010441e-05,1,2,,0,9.424927701106515e-09,-16.94777390578598,-0.08840542238604754,-0.693440678719213,0.0006813815317398188,0.0007418628954145298,0.0008609963563377837,0.002539337388082788,0.0005463825120544405,0.0005993742090539287,0.13769296890375401,12.660376652444796,0.2397940615983658,0.3372413322475435
442,adam,442,443,0.00035308337307572203,1,7.389642719827175e-07,3.682208557560157e-08,1.1503536534553062e-06,1.9107871930819886e-05,1,2,,0,8.53059114892603e-09,-16.952489053231783,-0.08834778976414873,-0.6934659407696542,0.0006968182238430597,0.0007412852772285365,0.0008596303112284475,0.0025109781698117828,0.000545924425371368,0.0005995152358065292,0.13770800637465633,12.66549171838503,0.2397954364745484,0.3372412890619412
443,adam,443,444,0.00034955253934496484,1,7.371087993786617e-07,3.2566187086481705e-08,9.133953601307015e-07,1.8107857391333984e-05,1,2,,0,8.091801449387244e-09,-16.957106173294214,-0.08827902800553813,-0.693489855246829,0.0007122210841092728,0.0007408052496186488,0.0008585504058461924,0.00248417449688289,0.0005454487259991259,0.0005996599385738633,0.1377238112857666,12.671017267418065,0.2397968017734784,0.3372412603338383
444,adam,444,445,0.0003460570139515152,1,7.356864755043663e-07,2.9492791575799353e-08,6.943524545848689e-07,1.7021351313380722e-05,1,2,,0,7.542455333960855e-09,-16.961589728086413,-0.08819953530367468,-0.6935122982890483,0.000727498742956985,0.0007404200613120854,0.0008577216771799383,0.0024592427471263343,0.0005449653938785309,0.0005998018280371111,0.13773942820250049,12.676621129097288,0.23979814052754975,0.3372412477200646
445,adam,445,446,0.00034259644381200003,1,7.3462294209815e-07,2.792691811808731e-08,4.955045113859922e-07,1.5880847421166127e-05,1,2,,0,6.531924763970523e-09,-16.965894049223266,-0.08810986142695787,-0.6935331911660483,0.0007425813572639952,0.0007401291625718572,0.0008571014771298379,0.002436570250233473,0.0005444874650810251,0.0005999323383503018,0.13775361234128727,12.681840771319395,0.2397994329866044,0.33724125181423115
446,adam,446,447,0.00033917047937388,1,7.338303844863197e-07,2.7616869048182106e-08,3.9577683326206227e-07,1.4725914130298879e-05,1,2,,0,5.236988105448658e-09,-16.969990255876915,-0.08801131819829995,-0.6935524762074734,0.0007574142753180642,0.0007399210366570445,0.0008566390047659047,0.002416275266466243,0.0005440288397137672,0.0006000450374480139,0.13776559063176247,12.686387944361353,0.23980066047805626,0.33724127228226003
447,adam,447,448,0.00033577877458014125,1,7.332216111810974e-07,2.804902769355682e-08,4.3722442263634927e-07,1.3601251416597098e-05,1,2,,0,4.048337187401696e-09,-16.97386825799898,-0.08790609698539537,-0.6935701078057143,0.0007719537305493371,0.000739773925876865,0.0008562836044098341,0.0023982490262832563,0.0005435973008133965,0.0006001362331358777,0.13777510881632363,12.690183539092837,0.23980180820759006,0.337241308191709
448,adam,448,449,0.0003324209868343398,1,7.327204099890662e-07,2.8766957495211994e-08,4.6879390793573444e-07,1.2549670074363752e-05,1,2,,0,3.0897838630646267e-09,-16.977527145397836,-0.08779701791343346,-0.6935860547971304,0.000786164724545215,0.0007396645039479044,0.0008559908936367642,0.0023823170395200163,0.0005431944063319526,0.0006002034932693085,0.13778209855196083,12.693225849184234,0.23980286600458342,0.3372413583164743
449,adam,449,450,0.0003290967769659964,1,7.322659545818362e-07,2.9442452719883956e-08,4.909628514154309e-07,1.1607670875699676e-05,1,2,,0,2.352143427977545e-09,-16.98097030864356,-0.08768733443056194,-0.6936003044627965,0.0008000197615200432,0.0007395725214266335,0.0008557253967142942,0.002368304036985395,0.0005428180382804438,0.0006002452726086415,0.1377865672080568,12.695538503457454,0.2398038283775857,0.3372414214242361
450,adam,450,451,0.00032580580919633643,1,7.318142893231123e-07,2.987266971223345e-08,5.04281275527191e-07,1.0802055572866437e-05,1,2,,0,1.787370523740575e-09,-16.9842039258403,-0.08758055537723523,-0.6936128649719568,0.0008134978640353951,0.0007394824069236507,0.0008554614481805199,0.002356052427944784,0.0005424642548073052,0.0006002609690123435,0.13778858725471024,12.69716158238905,0.23980469446480016,0.33724149654256563
451,adam,451,452,0.00032254775110437305,1,7.313380572474614e-07,2.996785477045719e-08,5.093681373325703e-07,1.014656869020677e-05,1,2,,0,1.343030636580208e-09,-16.98723660727808,-0.08748023427482657,-0.6936237658975075,0.0008265837554880822,0.0007393834568050625,0.0008551830548177749,0.002345426090397397,0.0005421284777349753,0.0006002510383324855,0.13778830887517626,12.698155120768806,0.23980546785075316,0.33724158316052244
452,adam,452,453,0.00031932227359332934,1,7.308243978310992e-07,2.9733037425576518e-08,5.069138687478259e-07,9.639927891700441e-06,1,2,,0,9.863143411447236e-10,-16.990079277209738,-0.08738972556006101,-0.6936330570958279,0.0008392672184830459,0.0007392691757133241,0.0008548826807411057,0.0023363068388830696,0.0005418063121231643,0.0006002170188541135,0.13778596840540372,12.698602748963927,0.23980615608878333,0.3372416813267511
453,adam,453,454,0.00031612905085739605,1,7.302712398736543e-07,2.9239863415597756e-08,4.976817558675181e-07,9.267157378833343e-06,1,2,,0,7.117744028655613e-10,-16.99274503453118,-0.08731193802297652,-0.6936408064830522,0.0008515426456393181,0.0007391360142938278,0.0008545590909197879,0.002328585293754329,0.0005414940482378094,0.0006001614322320111,0.1377818863346477,12.698612334890825,0.2398067698713484,0.33724179163805623
454,adam,454,455,0.0003129677603488221,1,7.296828800380843e-07,2.858906123935874e-08,4.825077565798251e-07,9.004494140215605e-06,1,2,,0,5.18979207171727e-10,-16.995248937075598,-0.08724912267373773,-0.693647097409952,0.0008634087832825216,0.000738981878726582,0.0008542147739521275,0.0023221492731644792,0.0005411888813580804,0.0006000875928990962,0.13777645619218795,12.69831364386534,0.23980732192744517,0.3372419151462872
455,adam,455,456,0.00030983808274533386,1,7.290660203824305e-07,2.786600083986068e-08,4.6229591089127093e-07,8.825839847247675e-06,1,2,,0,3.8081793080317187e-10,-16.997607641499695,-0.08720272226538123,-0.6936520263335287,0.0008748686487322463,0.0007388049145296043,0.0008538536293665504,0.002316874413083143,0.0005408889712935719,0.0005999993690127683,0.13777012547705506,12.697852891138899,0.23980782578449653,0.3372420532227444
456,adam,456,457,0.00030673970191788053,1,7.284272787301072e-07,2.7097654101742654e-08,4.37998828805006e-07,8.70785360420045e-06,1,2,,0,2.601048714013346e-10,-16.999838723461224,-0.08717329165557008,-0.6936557012346645,0.0008859295750566187,0.0007386030661718498,0.0008534795127770245,0.0023126218870356827,0.0005405934937312433,0.000599900903894156,0.13776336481530405,12.697382118348742,0.23980829451147873,0.3372422074079478
457,adam,457,458,0.0003036723048987017,1,7.277727401234958e-07,2.6235482653908636e-08,4.1057015429032095e-07,8.631773361178867e-06,1,2,,0,1.604854686187033e-10,-17.00195950148416,-0.08716048490787541,-0.693658240767167,0.0008966032931342844,0.000738374718568913,0.0008530959735712599,0.002309246386959344,0.0005403027497682017,0.0005997962783916859,0.1377566194520439,12.697040812488847,0.23980873954211904,0.33724237925927397
458,adam,458,459,0.0003006355818497147,1,7.271092605298817e-07,2.5191360080002238e-08,3.808910400559128e-07,8.582000973433812e-06,1,2,,0,1.1313979581907334e-10,-17.003985479471595,-0.08716310670975798,-0.6936597735526313,0.0009069059026782896,0.0007381201939974341,0.0008527070191630192,0.0023066126963236303,0.000540018235974275,0.0005996891223662809,0.13775024641105937,12.69693144388559,0.23980916971467472,0.33724257020493953
459,adam,459,460,0.00029762922603121755,1,7.26446097587708e-07,2.3913573476451276e-08,3.4970030623718046e-07,8.54341832501133e-06,1,2,,0,1.0812843419651823e-10,-17.00592898727374,-0.0871792367713765,-0.693660436636664,0.0009168575517845176,0.0007378431586979301,0.000852318073014827,0.0023046122661494767,0.0005397424777740056,0.0005995822627859764,0.13774445883807088,12.697098244027222,0.2398095907116344,0.3372427814177859
460,adam,460,461,0.00029465293377090534,1,7.257950804953283e-07,2.244373633405946e-08,3.17568223807272e-07,8.50015583438344e-06,1,2,,0,1.639290793597618e-10,-17.00779873335939,-0.08720643321396816,-0.6936603722963877,0.0009264816997219878,0.0007375508041792698,0.0008519360777049698,0.002303168779979572,0.0005394785328687949,0.000599477544708182,0.13773930710902343,12.697521416266955,0.23981000504322114,0.3372430137244112
461,adam,461,462,0.0002917064044331963,1,7.251687467154294e-07,2.0909046529916167e-08,2.849274769281042e-07,8.437123036773355e-06,1,2,,0,2.546197439384786e-10,-17.009600485357172,-0.08724199208820038,-0.6936597232138234,0.0009358039875996072,0.0007372524778407589,0.0008515684040142808,0.0023022289857077085,0.000539229299862586,0.0005993758984233239,0.13773470832215226,12.69813103127128,0.23981041256840602,0.3372432675583922
462,adam,462,463,0.00028878934038886436,1,7.245775959586536e-07,1.9463769654315807e-08,2.5213450882875177e-07,8.343084070983142e-06,1,2,,0,3.131542183857506e-10,-17.011338384974884,-0.08728320818639797,-0.6936586269506105,0.0009448508995692502,0.0007369575523669125,0.0008512212379626425,0.0023017461279981376,0.0005389968864970044,0.0005992775895010095,0.1377305054680803,12.698832437485223,0.23981081137317642,0.3372435429541681
463,adam,463,464,0.0002859014469849757,1,7.240280941492506e-07,1.822735707962296e-08,2.1952021752231777e-07,8.212951868374649e-06,1,2,,0,3.104546254132279e-10,-17.013016152398304,-0.08732758062795125,-0.6936572109809951,0.0009536484590583764,0.0007366736630355846,0.0008508984041289833,0.002301667040877676,0.0005387822244321104,0.0005991825102192272,0.13772652481025127,12.699530188715466,0.2398111987471543,0.337243839569721
464,adam,464,465,0.00028304243251512593,1,7.235221944401977e-07,1.7251024779258242e-08,1.9390708469210425e-07,8.048032094675528e-06,1,2,,0,2.554651134855593e-10,-17.014637765227533,-0.0873729370449389,-0.6936555891511031,0.0009622211512285403,0.0007364058992995172,0.0008506010783206178,0.002301928428699847,0.0005385849813172769,0.0005990904127119831,0.13772261302667754,12.700143043421441,0.2398115720547042,0.33724415672766184
465,adam,465,466,0.0002802120081899747,1,7.23058141717628e-07,1.6517403905223017e-08,1.917134630539531e-07,7.85451129158833e-06,1,2,,0,1.7861744297443958e-10,-17.01620765716459,-0.08741748448837118,-0.6936538597866746,0.0009705911603303044,0.0007361568571962867,0.0008503282552741782,0.002302460763533001,0.000538403724139979,0.0005990010699671869,0.13771865487044876,12.700610492058333,0.23981192940930104,0.3372444934700291
466,adam,466,467,0.00027740988810807493,1,7.226319178888707e-07,1.5965116469507668e-08,1.8940060579107616e-07,7.641140846281503e-06,1,2,,0,1.1514888237205952e-10,-17.017730677584026,-0.08745981154877626,-0.6936521052005963,0.0009787779273152308,0.000735927163334948,0.0008500775952163842,0.00230319538617975,0.0005382362444093851,0.0005989143900107797,0.13771457999033063,12.70089456178042,0.2398122701347622,0.3372448486225369
467,adam,467,468,0.0002746357892269942,1,7.222387189491981e-07,1.5524975285221064e-08,1.8695770489182954e-07,7.416950025856543e-06,1,2,,0,8.509585018496162e-11,-17.019211998182993,-0.08749886541730857,-0.6936503921633934,0.0009867979900468262,0.000735716109875667,0.0008498462913663847,0.002304071062630182,0.0005380799437538182,0.0005988304977096944,0.13771036518518479,12.700979737862177,0.2398125950120031,0.33724522085865627
468,adam,468,469,0.0002718894313347242,1,7.218740306397398e-07,1.5151555261284805e-08,1.8439961534814345e-07,7.189543213976366e-06,1,2,,0,7.434043258476961e-11,-17.020657033493062,-0.08753391986881365,-0.693648772914608,0.000994665054239546,0.0007355221708684092,0.0008496317029394205,0.0023050378001275517,0.0005379321866632048,0.0005987497777284594,0.13770603388092556,12.700871970451301,0.2398129063026427,0.33724560874984405
469,adam,469,470,0.000269170537021377,1,7.215340932201268e-07,1.4837399467538657e-08,1.8176418564385197e-07,6.964302240549541e-06,1,2,,0,7.37656337827248e-11,-17.022071369137098,-0.0875645423327607,-0.6936472864178418,0.0010023902423492103,0.0007353433021912109,0.0008494316295147755,0.0023060571348988085,0.0005377905562845109,0.0005986728668427889,0.13770165238359103,12.700596704976908,0.23981320754992017,0.33724601079143424
470,adam,470,471,0.0002664788316511632,1,7.212157988988221e-07,1.4606379919406907e-08,1.791073190230202e-07,6.744536619121645e-06,1,2,,0,9.350810861039922e-11,-17.023460677388506,-0.08759056260917242,-0.6936459597255384,0.0010099824711230895,0.0007351770424055436,0.0008492442516136462,0.0023070993562609166,0.0005376529955449646,0.0005986005954365798,0.13769732263503268,12.700195809760954,0.23981350319017677,0.33724642540352984
471,adam,471,472,0.0002638140433346516,1,7.209162695325436e-07,1.4491627487368337e-08,2.0485727521459218e-07,6.5323014687643345e-06,1,2,,0,1.1979491662924332e-10,-17.024830608420164,-0.0876120423636487,-0.6936448094543045,0.0010174489126108194,0.0007350205140815026,0.000849067882758819,0.002308139109927168,0.0005375178591381779,0.0005985338928310858,0.1376931720748187,12.699723533605288,0.23981379804273598,0.3372468509161466
472,adam,472,473,0.00026117590290130504,1,7.20632431480653e-07,1.450871625503582e-08,2.3089917286719757e-07,6.3293880903904124e-06,1,2,,0,1.3084382388604534e-10,-17.026186642967396,-0.08762924271764284,-0.6936438434275675,0.0010247954964330704,0.0007348704562141007,0.0008489007194487781,0.0023091512377383266,0.0005373839195674113,0.0005984736751883813,0.13768934124404356,12.699241603522912,0.2398140967582231,0.3372472855514514
473,adam,473,474,0.00025856414387229204,1,7.203608392697183e-07,1.463686534297523e-08,2.532212298470515e-07,6.1379967223183e-06,1,2,,0,1.1762504709076666e-10,-17.02753387555601,-0.08764258679819215,-0.693643062510138,0.0010320274117776324,0.0007347233992749894,0.0008487407373690263,0.0023101084999877183,0.0005372503597905861,0.0005984207271652496,0.13768596889372195,12.698813237178147,0.2398144032929444,0.33724772741246484
474,adam,474,475,0.0002559785024335691,1,7.200978609734465e-07,1.4818873320572135e-08,2.717595549046136e-07,5.960786043179786e-06,1,2,,0,8.527326272043647e-11,-17.028876696630082,-0.08765261531147354,-0.6936424625660502,0.001039149565228701,0.0007345760350463794,0.0008485858005961722,0.002310982136040604,0.0005371167618259528,0.0005983755806119008,0.13768317394197135,12.698495727423865,0.23981472045796534,0.3372481744816104
475,adam,475,476,0.0002534187174092334,1,7.198401684404855e-07,1.4981936888560975e-08,2.8651508793831067e-07,5.8002743300909815e-06,1,2,,0,4.9494395873531483e-11,-17.03021838749878,-0.08765993630194979,-0.693642036360481,0.001046166946539278,0.0007344257363169039,0.000848433950546821,0.002311745134136483,0.0005369830816488827,0.0005983383968587083,0.1376810351045508,12.698331921455281,0.23981504958338837,0.3372486246289056
476,adam,476,477,0.00025088453023514105,1,7.195853061352998e-07,1.5069123756911924e-08,2.975630120898424e-07,5.657891605496386e-06,1,2,,0,2.918597956829248e-11,-17.031560726280453,-0.08766517437558659,-0.6936417751503885,0.0010530848544935696,0.0007342710665680655,0.0008482837415247918,0.0023123767733788385,0.0005368495943186151,0.0005983088737011134,0.1376795722747404,12.698342285228746,0.23981539034091798,0.33724907562982154
477,adam,477,478,0.00024837568493278964,1,7.193320274684834e-07,1.506358252567882e-08,3.050618799801593e-07,5.5332397251608116e-06,1,2,,0,2.7204537795020072e-11,-17.032903764336567,-0.08766892727984642,-0.6936416697220364,0.001059908947801447,0.0007341120568661542,0.0008481344395014763,0.0023128661295824743,0.0005367168009572605,0.0005982862104245032,0.1376787362908271,12.698520293517184,0.2398157407651059,0.3372495251947198
478,adam,478,479,0.00024589192808346173,1,7.190801889819659e-07,1.499097990616909e-08,3.092529450963879e-07,5.424084441296067e-06,1,2,,0,3.103776114236128e-11,-17.034245900974085,-0.08767173626012825,-0.6936417107635877,0.0010666451161148371,0.0007339500953650141,0.0008479859603684284,0.002313212668074773,0.0005365853059674389,0.0005982691572840939,0.13767841249713106,12.698833368221845,0.239816097490636,0.33724997101230664
479,adam,479,480,0.00024343300880262712,1,7.1883025565485e-07,1.4898746597691763e-08,3.104462466906507e-07,5.32717440132784e-06,1,2,,0,3.797958713328056e-11,-17.035584261793606,-0.08767407136751716,-0.6936418886630922,0.0010732992064474082,0.0007337874591011874,0.0008478385787724276,0.002313423776783743,0.0005364556887515259,0.0005982561482658672,0.13767843825414156,12.69922945066729,0.23981645618164696,0.33725041080755197
480,adam,480,481,0.00024099867871460088,1,7.185827058744668e-07,1.4825241396481625e-08,3.089979074063128e-07,5.239429050213513e-06,1,2,,0,4.234999447127412e-11,-17.03691526107477,-0.087676327589313,-0.6936421929910501,0.00107987667336204,0.000733626689199969,0.0008476925774562774,0.0023135108565865985,0.0005363284011216129,0.0005982454863726825,0.13767862896987648,12.699647043029326,0.23981681208768627,0.3372508424110641
481,adam,481,482,0.00023858869192745487,1,7.183376557713219e-07,1.4777976588751579e-08,3.052858403906203e-07,5.158812864741609e-06,1,2,,0,4.175356385459635e-11,-17.038235186637827,-0.08767882594646716,-0.6936426119735248,0.001086382232813737,0.0007334700483422864,0.000847548025642985,0.002313486049821588,0.0005362037173275158,0.0005982355391182225,0.1376788052300235,12.700025752137924,0.23981716063778286,0.33725126383374104
482,adam,482,483,0.0002362028050081803,1,7.180948529252281e-07,1.4732994201766277e-08,2.996879677874331e-07,5.084470597072356e-06,1,2,,0,4.05044733119303e-11,-17.039540690760944,-0.08768181577322666,-0.6936431321814627,0.0010928195879859202,0.0007333192020793739,0.0008474047751371407,0.0023133607556643943,0.0005360817484877589,0.0005982249101396346,0.13767881552404754,12.700315136905234,0.2398174979836967,0.337251673338425
483,adam,483,484,0.00023384077695809847,1,7.178539613655709e-07,1.4653036806903356e-08,2.925631845938065e-07,5.016183689376334e-06,1,2,,0,4.130365563288134e-11,-17.040829143466354,-0.0876854776350418,-0.693643738522557,0.0010991912705363089,0.0007331751252626805,0.0008472626283305377,0.0023131457141712716,0.0005359625096801125,0.0005982125675485786,0.13767855224807388,12.70048094510543,0.23981782141752797,0.33725206949914843
484,adam,484,485,0.0002315023691885175,1,7.176149118594973e-07,1.451178923658243e-08,2.84234618126264e-07,4.953579350066528e-06,1,2,,0,4.364535000402632e-11,-17.042098851494856,-0.08768992819478257,-0.6936444145038597,0.0011054986141859169,0.0007330381402234569,0.0008471215449151894,0.0023128515825946963,0.0005358460052615831,0.0005981979196229076,0.13767796076084332,12.700508679479997,0.2398181296089073,0.33725245123851977
485,adam,485,486,0.0002291873454966323,1,7.173780843254109e-07,1.4310680144164778e-08,2.7497625441524166e-07,4.895603941920801e-06,1,2,,0,5.1530269856312656e-11,-17.043349156695662,-0.08769522807756533,-0.6936451426813768,0.0011117418566563213,0.0007329079785750159,0.0008469817497003172,0.0023124889070368143,0.0005357322904235031,0.000598180833188013,0.1376770418879234,12.700404677356227,0.2398184226312187,0.3372528178358175
486,adam,486,487,0.000226895472041666,1,7.171442084220123e-07,1.4079997961725981e-08,2.6500472720817693e-07,4.8405644578078585e-06,1,2,,0,6.576709039845127e-11,-17.044580417632716,-0.08770139215855359,-0.6936459052257528,0.0011179203520073945,0.0007327838106209365,0.0008468436741347321,0.0023120670387382592,0.0005356214824143763,0.0005981615941771777,0.13767584815894757,12.70019480725109,0.23981870177592202,0.3372531689029773
487,adam,487,488,0.00022462651732124936,1,7.169140441656232e-07,1.3863011010465064e-08,2.5447750059376207e-07,4.786678813326753e-06,1,2,,0,7.708977213422706e-11,-17.04579386397403,-0.08770839986586146,-0.6936466845752527,0.0011240328662893582,0.0007326642669993582,0.00084670776786659,0.002311592456158779,0.0005355137250487553,0.0005981408150170811,0.13767447381319678,12.699920731841159,0.23981896918611414,0.33725350433166934
488,adam,488,489,0.00022238025214803682,1,7.166880408691299e-07,1.369022633242481e-08,2.434988242407048e-07,4.732764610461254e-06,1,2,,0,7.679959646565544e-11,-17.046991304799327,-0.08771620209147638,-0.693647464171727,0.0011300779217953065,0.0007325475386811061,0.0008465742973118957,0.002311067653726428,0.0005354091353550998,0.0005981192979240934,0.13767303847114523,12.699633594667539,0.23981922736849265,0.337253824219828
489,adam,489,490,0.00022015644962655647,1,7.164661913836472e-07,1.3559945336411436e-08,2.3213585701554403e-07,4.678612782247933e-06,1,2,,0,6.475406736506781e-11,-17.048174685253738,-0.08772472203241155,-0.6936482292504661,0.0011360541468099469,0.0007324316405985526,0.0008464432593999713,0.0023104918080361957,0.0005353077658696102,0.0005980978674918527,0.13767166488310262,12.699385207036663,0.2398194786631246,0.33725412878904115
490,adam,490,491,0.0002179548851302909,1,7.16248176425135e-07,1.3441843475355183e-08,2.2044569947383394e-07,4.62478868053414e-06,1,2,,0,4.957921417079088e-11,-17.049345539922363,-0.08773385017669443,-0.6936489675846842,0.0011419605796075692,0.0007323148412703817,0.0008463144666287673,0.002309863608187633,0.0005352095994199895,0.0005980771944290146,0.13767045316411283,12.699217682709484,0.23981972476295163,0.3372544183055485
491,adam,491,492,0.00021577533627898797,1,7.160336898372188e-07,1.330378802895891e-08,2.085076541614599e-07,4.571985336594813e-06,1,2,,0,4.0588705949687826e-11,-17.050504474996035,-0.08774343771113136,-0.6936496700143062,0.0011477968733443942,0.000732196128705121,0.0008461877391201191,0.002309185216970424,0.0005351145682614673,0.0005980576453125066,0.13766945717820567,12.699153860947437,0.23981996637660993,0.3372546930176672
492,adam,492,493,0.0002136175829161981,1,7.158226935427514e-07,1.3140310119625128e-08,1.9644859960841298e-07,4.52039052933059e-06,1,2,,0,3.7322945182721626e-11,-17.051650861911277,-0.08775329507695333,-0.6936503305826063,0.001153563360775142,0.0007320754983821234,0.0008460630552995157,0.002308465264807819,0.0005350225743459203,0.0005980392001312918,0.1376686708154948,12.699191731758091,0.23982020310954164,0.33725495312046294
493,adam,493,494,0.00021148140708703614,1,7.156154067627314e-07,1.2977874367585952e-08,1.8445018664564586e-07,4.469539022304226e-06,1,2,,0,3.565006442975628e-11,-17.052782875573783,-0.08776320066879947,-0.6936509462009349,0.0011592609678161851,0.0007319539061696423,0.0008459405456429733,0.0023077191098435667,0.0005349334932778627,0.0005980214666590939,0.13766802988605614,12.699305228316783,0.23982043359402144,0.3372551987534924
494,adam,494,495,0.00020936659301616577,1,7.154120597107406e-07,1.2852136980885961e-08,1.727351337480686e-07,4.418733898983727e-06,1,2,,0,3.420101893423324e-11,-17.05389787286416,-0.0877729194492325,-0.6936515159246125,0.0011648910044180958,0.0007318329072151928,0.0008458203471841645,0.002306966273465517,0.0005348471649668374,0.0005980037893909758,0.13766742943958293,12.699451308130621,0.23982065583846027,0.3372554300301366
495,adam,495,496,0.0002072729270860041,1,7.15212635107323e-07,1.2777237040097958e-08,1.642154915130429e-07,4.3676524341652525e-06,1,2,,0,3.1766665744383566e-11,-17.054992975234004,-0.08778222637850165,-0.6936520400560127,0.0011704548928997967,0.0007317141623714488,0.0008457024506925134,0.0023062266119349187,0.000534763390499582,0.0005979854193006441,0.13766675042196003,12.699580835568216,0.23982086771199373,0.3372556470896471
496,adam,496,497,0.00020520019781514407,1,7.150168105890508e-07,1.2734114380552233e-08,1.6383195574440443e-07,4.3166290369439295e-06,1,2,,0,2.8722272728098155e-11,-17.056065673705568,-0.08779092828117006,-0.6936525193173606,0.0011759539044527089,0.0007315990177564365,0.000845586666515651,0.0023055170996908905,0.0005346819528069431,0.0005979656967133206,0.1376658874195294,12.699649908928876,0.23982106745086054,0.3372558501577716
497,adam,497,498,0.00020314819583699262,1,7.14824131332105e-07,1.2686819533790897e-08,1.6331769959070498e-07,4.2664159164997715e-06,1,2,,0,2.647427532680076e-11,-17.057114315401478,-0.08779887991050421,-0.6936529542596146,0.0011813889631117627,0.000731488261484268,0.0008454727265453955,0.002304850104910292,0.0005346026594166129,0.0005979442048264916,0.13766477098032737,12.699628992861808,0.23982125407388805,0.3372560395999056
498,adam,498,499,0.00020111671387862268,1,7.146342570705412e-07,1.261126691935866e-08,1.6266049134377153e-07,4.217655937952898e-06,1,2,,0,2.734469688743017e-11,-17.058138400256464,-0.08780599292530547,-0.6936533449627909,0.001186760552566673,0.0007313820394247181,0.0008453604302725206,0.002304232822979149,0.0005345253842804612,0.0005979208653835257,0.13766338110504006,12.69950848575766,0.23982142761930592,0.3372562159522608
499,adam,499,500,0.00019910554673983647,1,7.14447084662168e-07,1.2512981675831503e-08,1.61880959115511e-07,4.170503348890637e-06,1,2,,0,3.4435156648105866e-11,-17.05913866434624,-0.08781223806088073,-0.6936536910049934,0.0011920687356495846,0.0007312798606502972,0.0008452497173393009,0.002303667082948817,0.0005344500806868696,0.0005978959615658055,0.1376617507475411,12.699300259232194,0.23982158915494656,0.33725637992125407
500,adam,500,501,0.0001971144912724381,1,7.14262662719413e-07,1.2420715143490387e-08,1.6102845967252976e-07,4.12467115372112e-06,1,2,,0,4.312095803346088e-11,-17.06011694305706,-0.08781764068267127,-0.6936539916531131,0.0011973132750480518,0.0007311806579933358,0.0008451406171279505,0.002303149217707367,0.0005343767551506034,0.000597870084527002,0.13765995915448426,12.699035081693426,0.23982174056148192,0.33725653234859904
501,adam,501,502,0.00019514334635971372,1,7.140809894347069e-07,1.2360783393488116e-08,1.601711915544728e-07,4.079818874603597e-06,1,2,,0,4.525017272807326e-11,-17.061075815100512,-0.08782226937356682,-0.6936542462299743,0.0012024938271079889,0.0007310829361037232,0.0008450331291935878,0.0023026705171522257,0.0005343054198519027,0.0005978440110587581,0.13765811545102097,12.698756041372762,0.23982188413699906,0.3372566741479915
502,adam,502,503,0.00019319191289611658,1,7.139018797221543e-07,1.2333532527893685e-08,1.5938095347892291e-07,4.035916000071698e-06,1,2,,0,3.821305856009491e-11,-17.062018057855113,-0.08782621778032546,-0.6936544545977418,0.001207610166803297,0.0007309850610865287,0.0008449271446238157,0.0023022191309662963,0.0005342360554799584,0.0005978185326504226,0.13765633419428872,12.698508619898119,0.23982202211297973,0.3372568062267424
503,adam,503,504,0.00019125999376715542,1,7.137250213471164e-07,1.2314549716288622e-08,1.587149396955832e-07,3.9932528270551304e-06,1,2,,0,2.6590463061201602e-11,-17.062946012136447,-0.08782958238046955,-0.6936546176492764,0.0012126623919022689,0.0007308856775674855,0.0008448224791914076,0.0023017836300028792,0.0005341686046744999,0.0005977942714697406,0.13765470734769733,12.698329225882809,0.23982215619755423,0.33725692941029745
504,adam,504,505,0.00018934739382948386,1,7.135501612120969e-07,1.2280231842799752e-08,1.581997559245327e-07,3.952102586738775e-06,1,2,,0,1.7688148685199988e-11,-17.063861032935527,-0.08783244199572944,-0.693654737649929,0.0012176510534905095,0.0007307841185995162,0.0008447189835750686,0.002301357090574086,0.000534102989299259,0.0005977715318084944,0.13765328031774643,12.698235351029506,0.23982228726169869,0.3372570443877774
505,adam,505,506,0.000187453919891189,1,7.133772372649936e-07,1.2231301668356797e-08,1.5782384417665596e-07,3.912377196580501e-06,1,2,,0,1.4141945100226065e-11,-17.064763220816964,-0.08783484596863154,-0.6936548182814641,0.001222577175192559,0.0007306806129437342,0.000844616621470945,0.0023009396946068717,0.0005340391276759253,0.0005977502343902924,0.13765204049460714,12.69822084551331,0.23982241525093898,0.33725715169181814
506,adam,506,507,0.0001855793806922771,1,7.133772372649936e-07,1.223164577347349e-08,1.5779909523723172e-07,3.873626773592479e-06,1,1,,0,9.963338768921658e-09,-17.064763220816964,-0.0878319629786498,-0.693654864336039,0.0012274421548055866,0.0007306806129437342,0.000844616621470945,0.0023009396946068717,0.0005340391276759253,0.0005977502343902924,0.13765204049460714,12.69822084551331,0.2398225393443294,0.3372572517171508
507,adam,507,508,0.00018372358688535436,1,7.130375195015523e-07,1.2180166202050517e-08,1.5734182667752176e-07,3.836212064794e-06,1,2,,0,5.156719621275909e-11,-17.066526539545603,-0.0878384116873271,-0.6936548798212386,0.0012322483930428554,0.0007304710526171013,0.000844415489851739,0.002300154592888671,0.0005339162770446426,0.0005977106326673954,0.13764991818489508,12.698342689171676,0.2398226598818626,0.33725734521361406
508,adam,508,509,0.0001818863510165008,1,7.130375195015523e-07,1.2180093298629043e-08,1.5731857920687844e-07,3.7980600911117858e-06,1,1,,0,9.776760156812373e-09,-17.066526539545603,-0.08783716604483291,-0.6936548718274794,0.001236996699058813,0.0007304710526171013,0.000844415489851739,0.002300154592888671,0.0005339162770446426,0.0005977106326673954,0.13764991818489508,12.698342689171676,0.2398227735830904,0.3372574319239447
509,adam,509,510,0.0001800674875063358,1,7.127058059721902e-07,1.2218860903309988e-08,1.5678883966441893e-07,3.761118868552928e-06,1,2,,0,4.598468509281772e-11,-17.068224240386122,-0.08784030157152664,-0.6936548431487858,0.0012416892164703926,0.0007302674966853025,0.0008442190509412768,0.002299500816725768,0.0005337992981417971,0.0005976707107980026,0.1376476176251584,12.698393116490386,0.23982288114483563,0.3372575125554051
510,adam,510,511,0.00017826681263127242,1,7.127058059721902e-07,1.2217922257747251e-08,1.5676686967944347e-07,3.7241995479858333e-06,1,1,,0,9.609065925031236e-09,-17.068224240386122,-0.08784017326434422,-0.6936548000923695,0.0012463263635571794,0.0007302674966853025,0.0008442190509412768,0.002299500816725768,0.0005337992981417971,0.0005976707107980026,0.1376476176251584,12.698393116490386,0.23982298040849842,0.33725758704483516
511,adam,511,512,0.0001764841445049597,1,7.12380822504825e-07,1.2124228932613614e-08,1.5575209845840607e-07,3.688711266826427e-06,1,2,,0,8.191860225396679e-11,-17.06984530118275,-0.08784066978518212,-0.6936547444491138,0.0012509100958612985,0.0007300785322138635,0.0008440265531989056,0.00229904760534169,0.0005336874856282437,0.0005976263642851864,0.13764451429730942,12.698110127035868,0.23982307226180838,0.33725765603868724
512,adam,512,513,0.0001747193030599101,1,7.12380822504825e-07,1.2123612632350816e-08,1.5573066537855878e-07,3.6536629140466154e-06,1,1,,0,9.449628995889805e-09,-17.06984530118275,-0.08784113323047182,-0.6936546787028637,0.0012554393485048028,0.0007300785322138635,0.0008440265531989056,0.00229904760534169,0.0005336874856282437,0.0005976263642851864,0.13764451429730942,12.698110127035868,0.23982315840290355,0.3372577201303854
513,adam,513,514,0.000172972110029311,1,7.120630743488918e-07,1.2027883908547439e-08,1.543216593241238e-07,3.6194899918315225e-06,1,2,,0,1.8687898943775668e-10,-17.071396879310907,-0.08784019522783425,-0.6936546041650562,0.001259916077091782,0.0007299023743176283,0.0008438382986976189,0.002298765667893241,0.0005335808867426298,0.0005975786842249826,0.13764077238479341,12.69755632067472,0.23982323943219522,0.3372577798324713
514,adam,514,515,0.0001712423889290179,1,7.120630743488918e-07,1.2028401571593834e-08,1.5430014379044515e-07,3.5847925275730035e-06,1,1,,0,9.278678957513845e-09,-17.071396879310907,-0.0878407483742394,-0.6936545204237362,0.0012643381961216973,0.0007299023743176283,0.0008438382986976189,0.002298765667893241,0.0005335808867426298,0.0005975786842249826,0.13764077238479341,12.69755632067472,0.23982331988825448,0.3372578362378563
515,adam,515,516,0.0001695299650397277,1,7.117525478888742e-07,1.2082083427994907e-08,1.531217548293362e-07,3.5510571167133695e-06,1,2,,0,1.2811918255076885e-10,-17.072904774659648,-0.0878400727620457,-0.6936544286748612,0.0012687077769424548,0.0007297255277099349,0.0008436542822085799,0.002298514370736662,0.0005334793754440498,0.0005975339430689065,0.1376373697771348,12.697132571984321,0.23982339977030623,0.33725788967713677
516,adam,516,517,0.00016783466538933045,1,7.117525478888742e-07,1.2082569108788979e-08,1.531004202305186e-07,3.5178746484185933e-06,1,1,,0,9.097953518949351e-09,-17.072904774659648,-0.08784029401144444,-0.693654330486975,0.0012730235422613266,0.0007297255277099349,0.0008436542822085799,0.002298514370736662,0.0005334793754440498,0.0005975339430689065,0.1376373697771348,12.697132571984321,0.23982348187012664,0.33725794095532075
517,adam,517,518,0.00016615631873543712,1,7.114475945155127e-07,1.196068824937161e-08,1.5268777410755203e-07,3.4861096091192055e-06,1,2,,0,3.640746667847716e-11,-17.074391496519834,-0.08784128601234903,-0.6936542267301025,0.0012772875723168953,0.0007295359318837713,0.0008434735292322531,0.0022981450411429113,0.0005333826585426651,0.0005974974135156477,0.13763515723373446,12.697186266940209,0.23982356585217368,0.33725799027349834
518,adam,518,519,0.00016449475554808276,1,7.114475945155127e-07,1.1961176901106715e-08,1.526674414041779e-07,3.4537681740333924e-06,1,1,,0,8.927578647959706e-09,-17.074391496519834,-0.08784092225798507,-0.6936541250416441,0.001281500698994627,0.0007295359318837713,0.0008434735292322531,0.0022981450411429113,0.0005333826585426651,0.0005974974135156477,0.13763515723373446,12.697186266940209,0.23982364934598938,0.3372580375435435
519,adam,519,520,0.00016284980799260193,1,7.111500299203483e-07,1.2016898244597605e-08,1.5272534966415227e-07,3.422066132849505e-06,1,2,,0,4.976185283730167e-11,-17.075850631292358,-0.08784374192529293,-0.6936540253203619,0.0012856647650309287,0.000729340580909285,0.0008432971184110309,0.002297698136466634,0.000533290629022971,0.0005974664176913023,0.1376337254282252,12.697545080678536,0.23982373233054213,0.33725808295798043
520,adam,520,521,0.00016122130991267592,1,7.111500299203483e-07,1.2016251934430581e-08,1.5270650005182487e-07,3.387856401492791e-06,1,1,,0,8.76805017883659e-09,-17.075850631292358,-0.08784273087464217,-0.6936539379092747,0.001289781642568993,0.000729340580909285,0.0008432971184110309,0.002297698136466634,0.000533290629022971,0.0005974664176913023,0.1376337254282252,12.697545080678536,0.23982380946610546,0.3372581258709128
521,adam,521,522,0.00015960909681354916,1,7.108592851850955e-07,1.2158285949594316e-08,1.5230312142182188e-07,3.355022712271886e-06,1,2,,0,3.368965406044142e-11,-17.07725165629701,-0.08784644394724651,-0.6936538615374289,0.0012938528390945496,0.0007291596325154192,0.0008431247150837742,0.002297380449731629,0.0005332021913529295,0.0005974315159490779,0.1376315980594681,12.697600570331725,0.23982388137156357,0.3372581665352073
522,adam,522,523,0.00015801300584541365,1,7.108592851850955e-07,1.2155952325330662e-08,1.5228522823114605e-07,3.3227388733329897e-06,1,1,,0,8.624997478317161e-09,-17.07725165629701,-0.08784480738612165,-0.6936538018091153,0.0012978787397649925,0.0007291596325154192,0.0008431247150837742,0.002297380449731629,0.0005332021913529295,0.0005974315159490779,0.1376315980594681,12.697600570331725,0.23982394642123356,0.3372582049225907
523,adam,523,524,0.00015643287578695952,1,7.105736655322877e-07,1.185897088743458e-08,1.5091334391458745e-07,3.2921691052419677e-06,1,2,,0,1.964880621776453e-10,-17.078578653961372,-0.08784880048381809,-0.6936537569410911,0.0013018607212618616,0.0007290035799612063,0.0008429553164505742,0.002297295010906289,0.0005331170057791192,0.0005973876269222547,0.1376279740938111,12.697018052619839,0.23982400537292894,0.33725824126722687
524,adam,524,525,0.00015486854702908992,1,7.105736655322877e-07,1.1858909638751856e-08,1.5089509933023037e-07,3.260694827702403e-06,1,1,,0,8.475764880408658e-09,-17.078578653961372,-0.08784652479694198,-0.6936537249951525,0.0013057966262828408,0.0007290035799612063,0.0008429553164505742,0.002297295010906289,0.0005331170057791192,0.0005973876269222547,0.1376279740938111,12.697018052619839,0.23982406375114967,0.33725827682450993
525,adam,525,526,0.00015331986155879904,1,7.102959407983344e-07,1.2055193641674863e-08,1.4926099193183486e-07,3.2298011435058434e-06,1,2,,0,2.906565740287604e-10,-17.079859789413632,-0.0878515753644652,-0.6936537045634616,0.0013096880058409788,0.0007288579694848797,0.000842790567577933,0.002297288247935869,0.0005330354372269605,0.0005973420071404848,0.13762397673376123,12.696261535338769,0.23982412158121522,0.3372583116555604
526,adam,526,527,0.00015178666294321104,1,7.102959407983344e-07,1.2055181320770101e-08,1.4924219411982265e-07,3.1982348438413735e-06,1,1,,0,8.299335964064318e-09,-17.079859789413632,-0.08784861897756292,-0.693653691541631,0.001313532268639291,0.0007288579694848797,0.000842790567577933,0.002297288247935869,0.0005330354372269605,0.0005973420071404848,0.13762397673376123,12.696261535338769,0.23982418547203263,0.3372583471892577
527,adam,527,528,0.00015026879631377892,1,7.100223824487319e-07,1.2002640042146795e-08,1.486344499531036e-07,3.169079863486353e-06,1,2,,0,3.7863911149737625e-11,-17.08114204112529,-0.08785610072707058,-0.6936536851019363,0.0013173311712393757,0.0007286940334672245,0.000842628258752774,0.0022970469953182628,0.0005329564533755633,0.00059730679493403,0.13762156660822816,12.696144302718585,0.23982425465466034,0.3372583833083168
528,adam,528,529,0.00014876610835064114,1,7.100223824487319e-07,1.2002434484703801e-08,1.486163387788781e-07,3.141031206082158e-06,1,1,,0,8.129001117553443e-09,-17.08114204112529,-0.08785254321342006,-0.6936536891288999,0.00132108487524842,0.0007286940334672245,0.000842628258752774,0.0022970469953182628,0.0005329564533755633,0.00059730679493403,0.13762156660822816,12.696144302718585,0.2398243283142516,0.3372584200792941
529,adam,529,530,0.00014727844726713471,1,7.097545200072688e-07,1.187564297573357e-08,1.491316300755793e-07,3.1142791118880163e-06,1,2,,0,1.19128454117592e-10,-17.08243151062809,-0.08786232861827771,-0.6936537024253835,0.0013247950024416043,0.0007285100356190295,0.0008424692991482057,0.0022965120374534315,0.0005328805921764363,0.0005972834232559473,0.13762097987269492,12.69675630876824,0.23982440585397966,0.3372584573890457
530,adam,530,531,0.00014580566279446335,1,7.097545200072688e-07,1.1875222483272226e-08,1.4911530839400672e-07,3.0818938670616733e-06,1,1,,0,7.973136445841377e-09,-17.08243151062809,-0.08785847008147547,-0.6936537365450761,0.0013284643030518019,0.0007285100356190295,0.0008424692991482057,0.0022965120374534315,0.0005328805921764363,0.0005972834232559473,0.13762097987269492,12.69675630876824,0.2398244789041341,0.33725849387299667
531,adam,531,532,0.00014434760616651872,1,7.094947639893641e-07,1.2568108160413972e-08,2.0627135990258585e-07,3.051012084816969e-06,1,2,,0,5.5449520859703765e-11,-17.08367732834893,-0.0878683015959851,-0.6936537891010123,0.0013320939767898518,0.0007283384643205318,0.0008423151215485593,0.0022960669103211035,0.000532807067084167,0.0005972575459388958,0.1376198980349766,12.697142754822774,0.2398245479240774,0.3372585295943187
532,adam,532,533,0.00014290413010485355,1,7.094947639893641e-07,1.2562287837644569e-08,2.055815301758337e-07,3.020284815339092e-06,1,1,,0,7.840779760574661e-09,-17.08367732834893,-0.08786448155428471,-0.6936538669549817,0.0013356855472201694,0.0007283384643205318,0.0008423151215485593,0.0022960669103211035,0.000532807067084167,0.0005972575459388958,0.1376198980349766,12.697142754822774,0.23982460733430738,0.33725856362337475
533,adam,533,534,0.000141475088803805,1,7.092367385680085e-07,1.1818310157691005e-08,1.4775829203829478e-07,2.993787402021621e-06,1,2,,0,2.521750613689671e-10,-17.084831240034543,-0.08787224968710217,-0.6936539671972449,0.0013392399759192526,0.0007282060042902543,0.0008421619431962053,0.002296029798031287,0.0005327349812862871,0.0005972156711188571,0.13761616852254405,12.696409254167841,0.23982465822453297,0.3372585961328614
534,adam,534,535,0.00014006033791576694,1,7.092367385680085e-07,1.1817135365948957e-08,1.4774295105562617e-07,2.9659110787212507e-06,1,1,,0,7.718593411808123e-09,-17.084831240034543,-0.08786855746257945,-0.6936540845596737,0.0013427546941227548,0.0007282060042902543,0.0008421619431962053,0.002296029798031287,0.0005327349812862871,0.0005972156711188571,0.13761616852254405,12.696409254167841,0.2398247079478293,0.3372586286590203
535,adam,535,536,0.0001386597345366093,1,7.08988461398489e-07,1.2359762235012333e-08,1.4547797755895767e-07,2.9385056087169417e-06,1,2,,0,6.146261141043139e-10,-17.085929995194476,-0.08787519425888074,-0.6936542170084985,0.00134623092060267,0.0007280948878439643,0.0008420145256457806,0.002296186017192432,0.0005326661511941546,0.0005971677832643867,0.13761133919709903,12.695194636348942,0.23982475661190253,0.33725866117422304
536,adam,536,537,0.0001372731371912432,1,7.08988461398489e-07,1.2358053738627154e-08,1.454614087301038e-07,2.907337971530227e-06,1,1,,0,7.554601087560261e-09,-17.085929995194476,-0.0878714795018909,-0.6936543536118607,0.0013496646584058275,0.0007280948878439643,0.0008420145256457806,0.002296186017192432,0.0005326661511941546,0.0005971677832643867,0.13761133919709903,12.695194636348942,0.23982481514308787,0.33725869583104107
537,adam,537,538,0.00013590040581933075,1,7.087418312714128e-07,1.2383941163373e-08,1.4483961884176912e-07,2.8812628073272755e-06,1,2,,0,3.6805337290714995e-11,-17.08705747535152,-0.0878797327139512,-0.6936544937581614,0.0013530575217026227,0.0007279516755671253,0.0008418680604889419,0.0022959520139528063,0.0005325975642562409,0.0005971355364900588,0.1376089814689714,12.694993090142953,0.23982488232769394,0.3372587323437621
538,adam,538,539,0.00013454140176113745,1,7.087418312714128e-07,1.2381761869362486e-08,1.448237336797589e-07,2.8587201878689253e-06,1,1,,0,7.381037520882451e-09,-17.08705747535152,-0.08787595396054926,-0.6936546391891308,0.0013564096180766318,0.0007279516755671253,0.0008418680604889419,0.0022959520139528063,0.0005325975642562409,0.0005971355364900588,0.1376089814689714,12.694993090142953,0.23982495746956506,0.33725877067579285
539,adam,539,540,0.00013319598774352606,1,7.084993624495227e-07,1.188597609074403e-08,1.460979253847022e-07,2.8389763611336952e-06,1,2,,0,3.764884408943864e-10,-17.088225199182936,-0.08788615335303453,-0.6936547891550611,0.0013597224411599374,0.0007277712533809332,0.0008417240417438026,0.0022951904006277475,0.0005325310669354326,0.0005971224399128258,0.13760967892009165,12.69602801039784,0.2398250395586981,0.33725881057476853
540,adam,540,541,0.00013186402786609082,1,7.084993624495227e-07,1.1885345656465722e-08,1.4608428017782386e-07,2.8063065186196455e-06,1,1,,0,7.241396724539371e-09,-17.088225199182936,-0.08788262459689167,-0.6936549585752516,0.001363000164195287,0.0007277712533809332,0.0008417240417438026,0.0022951904006277475,0.0005325310669354326,0.0005971224399128258,0.13760967892009165,12.69602801039784,0.2398251156762063,0.33725884965984365
541,adam,541,542,0.0001305453875874299,1,7.082684781531944e-07,1.4012197853467752e-08,3.396097363226923e-07,2.7762424713045623e-06,1,2,,0,2.075207851642412e-10,-17.089351384132733,-0.08789158250710849,-0.6936551450859366,0.0013662436999440065,0.0007276063337402144,0.0008415868809298268,0.0022945709928972858,0.0005324664991320211,0.000597106051356619,0.1376097273081154,12.696777738414657,0.23982518644768558,0.3372588879895995
542,adam,542,543,0.0001292399337115556,1,7.082684781531944e-07,1.3996595640265723e-08,3.3846453307428406e-07,2.747084177242332e-06,1,1,,0,7.124909012565711e-09,-17.089351384132733,-0.08788868751073654,-0.693655356884578,0.0013694556414389045,0.0007276063337402144,0.0008415868809298268,0.0022945709928972858,0.0005324664991320211,0.000597106051356619,0.1376097273081154,12.696777738414657,0.23982524178820533,0.3372589235623196
543,adam,543,544,0.00012794753437444004,1,7.08032090462335e-07,1.173041737007716e-08,1.4473022000130613e-07,2.7290611722640003e-06,1,2,,0,6.110331372474142e-10,-17.090341770321825,-0.08789299883034589,-0.6936555909542749,0.001372636562737835,0.0007275054666879623,0.000841446427565258,0.002294716093439329,0.0005324022939353283,0.0005970607502785294,0.13760501584309343,12.695531309733932,0.23982528348556262,0.3372589566781593
544,adam,544,545,0.00012666805903069564,1,7.08032090462335e-07,1.1728781418086533e-08,1.447173077082057e-07,2.7037707725776546e-06,1,1,,0,7.055800084913309e-09,-17.090341770321825,-0.08789063740383235,-0.6936558364687513,0.0013757824674696054,0.0007275054666879623,0.000841446427565258,0.002294716093439329,0.0005324022939353283,0.0005970607502785294,0.13760501584309343,12.695531309733932,0.23982532497913248,0.3372589900823712
545,adam,545,546,0.0001254013784403887,1,7.078133294852824e-07,1.3616668035095975e-08,2.584074308271848e-07,2.6788200122294865e-06,1,2,,0,1.3071836826006801e-09,-17.0912741867776,-0.08789289536375369,-0.6936560919223722,0.0013788943849072205,0.0007274333866782003,0.0008413164264920081,0.0022951433768054466,0.000532343212842378,0.0005970079182811903,0.13759889323598723,12.693673033765677,0.23982536627486428,0.337259023715527
546,adam,546,547,0.00012414736465598479,1,7.078133294852824e-07,1.360996384062034e-08,2.57883722790855e-07,2.6449800835298614e-06,1,1,,0,6.942520756808419e-09,-17.0912741867776,-0.08789058114139693,-0.6936563386534165,0.001381966654456778,0.0007274333866782003,0.0008413164264920081,0.0022951433768054466,0.000532343212842378,0.0005970079182811903,0.13759889323598723,12.693673033765677,0.23982542276058885,0.33725906047317467
547,adam,547,548,0.00012290589100942494,1,7.075877213208636e-07,1.3234656863601415e-08,2.295227955247145e-07,2.6239434914235642e-06,1,2,,0,2.0325403558047085e-11,-17.09228323538214,-0.08789570751387309,-0.6936565774117979,0.0013850009075471474,0.0007272985479002549,0.0008411823353595008,0.0022948439978244185,0.000532280490570258,0.0005969814481041825,0.13759712133014404,12.6936271918042,0.2398254925937637,0.33725909994962
548,adam,548,549,0.0001216768320993307,1,7.075877213208636e-07,1.3229839317077218e-08,2.2912478862008273e-07,2.6100313230920045e-06,1,1,,0,6.714966228013643e-09,-17.09228323538214,-0.08789323809638494,-0.6936568121834901,0.0013879981955416734,0.0007272985479002549,0.0008411823353595008,0.0022948439978244185,0.000532280490570258,0.0005969814481041825,0.13759712133014404,12.6936271918042,0.23982557296838136,0.3372591416733449
549,adam,549,550,0.00012046006377833737,1,7.073671707989796e-07,1.2236100768026563e-08,1.8819432035503682e-07,2.6010332881938475e-06,1,2,,0,1.0961486891546048e-09,-17.093364112832678,-0.08790140733447181,-0.6936570431954225,0.0013909599123438723,0.0007271095944110667,0.0008410512295924545,0.0022937500177737935,0.0005322201778841353,0.0005969818268876853,0.13759974174664455,12.695364471510217,0.23982566256477955,0.3372591853375789
550,adam,550,551,0.00011925546314055401,1,7.073671707989796e-07,1.2234961837469347e-08,1.8803196042999256e-07,2.5619888874525013e-06,1,1,,0,6.650838704836452e-09,-17.093364112832678,-0.08789919199703791,-0.6936572921063618,0.0013938922668375682,0.0007271095944110667,0.0008410512295924545,0.0022937500177737935,0.0005322201778841353,0.0005969818268876853,0.13759974174664455,12.695364471510217,0.23982574236958748,0.33725922731346275
551,adam,551,552,0.00011806290850914847,1,7.071671129885836e-07,1.8059845677966472e-08,5.835762288848365e-07,2.5293391367935997e-06,1,2,,0,6.221937298201727e-10,-17.094397833937165,-0.087905825566665,-0.6936575566555706,0.0013967958394229655,0.0007269455081221324,0.0008409322879926681,0.0022929312343719023,0.0005321626647510772,0.000596976272616149,0.13760124074179064,12.696633526794512,0.23982581344634643,0.33725926775780196
552,adam,552,553,0.00011688227942405698,1,7.071671129885836e-07,1.8017302369907856e-08,5.813301500615224e-07,2.5034608548063143e-06,1,1,,0,6.515125826837913e-09,-17.094397833937165,-0.08790441196868981,-0.6936578469234188,0.0013996743950325367,0.0007269455081221324,0.0008409322879926681,0.0022929312343719023,0.0005321626647510772,0.000596976272616149,0.13760124074179064,12.696633526794512,0.23982585909026027,0.33725930309585184
553,adam,553,554,0.00011571345662981642,1,7.069444078134939e-07,1.1534917841684831e-08,1.4170703228942565e-07,2.5085240090424443e-06,1,2,,0,2.035670364289473e-09,-17.095210039511105,-0.08790362064569185,-0.6936581598135461,0.0014025280691504997,0.0007268898162358357,0.0008407998619252348,0.002293508788795524,0.00053210518148807,0.0005969183058970511,0.13759413183795863,12.694302570502417,0.23982588230816376,0.33725933391459817
554,adam,554,555,0.00011455632206351825,1,7.069444078134939e-07,1.1535008148986646e-08,1.4169571520887504e-07,2.4778198874752935e-06,1,1,,0,6.734462029624894e-09,-17.095210039511105,-0.08790270082511599,-0.6936584758880596,0.0014053499369278077,0.0007268898162358357,0.0008407998619252348,0.002293508788795524,0.00053210518148807,0.0005969183058970511,0.13759413183795863,12.694302570502417,0.2398259097462665,0.33725936580695615
555,adam,555,556,0.00011341075884288306,1,7.067594813204071e-07,1.5927451289792172e-08,4.1756236433800637e-07,2.449104004613635e-06,1,2,,0,2.4081146108598922e-09,-17.09598872094848,-0.08790067566690167,-0.6936587945099657,0.001408140965813768,0.0007268595206366903,0.0008406898841549166,0.002294321317707026,0.0005320562737737588,0.0005968587409062847,0.13758645513011816,12.691718644886855,0.23982594090332723,0.33725939862163695
556,adam,556,557,0.00011227665125445423,1,7.067594813204071e-07,1.5914614717803394e-08,4.168028988591485e-07,2.4082116988396464e-06,1,1,,0,6.617798193471518e-09,-17.09598872094848,-0.08789944842751232,-0.693659089303028,0.0014108939564817296,0.0007268595206366903,0.0008406898841549166,0.002294321317707026,0.0005320562737737588,0.0005968587409062847,0.13758645513011816,12.691718644886855,0.23982599254680853,0.3372594352238371
557,adam,557,558,0.00011115388474190968,1,7.065492347300728e-07,1.5023039589208907e-08,3.6406774471499727e-07,2.3935945438894808e-06,1,2,,0,2.8378144065055032e-11,-17.09689622353883,-0.08790258913327863,-0.6936593627005593,0.0014136106597215374,0.0007267276748090557,0.0008405648307715907,0.0022939685898919495,0.000531997334457082,0.0005968372656183021,0.13758528849452648,12.691864143308525,0.23982606221247457,0.33725947512745663
558,adam,558,559,0.0001100423458944906,1,7.065492347300728e-07,1.501639501355826e-08,3.636720094865338e-07,2.392907820581035e-06,1,1,,0,6.1404592855207476e-09,-17.09689622353883,-0.08790081825370276,-0.6936596222444938,0.0014162931207798715,0.0007267276748090557,0.0008405648307715907,0.0022939685898919495,0.000531997334457082,0.0005968372656183021,0.13758528849452648,12.691864143308525,0.2398261457922431,0.3372595177071409
559,adam,559,560,0.00010894192243554568,1,7.06341724792242e-07,1.1989080017855128e-08,1.6705585030805836e-07,2.401310269285583e-06,1,2,,0,2.101803833966991e-09,-17.097901755899677,-0.08790860364617432,-0.6936598692727003,0.0014189427201192926,0.0007265254871898799,0.0008404413868868203,0.0022925564585323673,0.0005319406081760683,0.0005968493832819101,0.13758972567141733,12.69428074725508,0.2398262415707274,0.33725956260496553
560,adam,560,561,0.00010785250321119023,1,7.06341724792242e-07,1.1990119307157536e-08,1.6717736214757432e-07,2.3568889367502606e-06,1,1,,0,6.33771905108864e-09,-17.097901755899677,-0.08790684700485597,-0.6936601327937348,0.0014215673584413316,0.0007265254871898799,0.0008404413868868203,0.0022925564585323673,0.0005319406081760683,0.0005968493832819101,0.13758972567141733,12.69428074725508,0.23982632784362487,0.3372596058250841
561,adam,561,562,0.00010677397817907833,1,7.061846694034927e-07,2.6148638539092854e-08,9.678980523696327e-07,2.319687713835835e-06,1,2,,0,2.4223718521173714e-09,-17.098896498488642,-0.08791444295697225,-0.6936604106791485,0.001424167401006932,0.0007263428382168336,0.0008403479454389668,0.0022912421570232115,0.0005318927317671802,0.0005968651232062089,0.13759446928444666,12.696817662079447,0.23982640562372465,0.3372596475185926
562,adam,562,563,0.00010570623839728754,1,7.061846694034927e-07,2.6059900460620508e-08,9.638994180821262e-07,2.282628717515142e-06,1,1,,0,6.334840863274651e-09,-17.098896498488642,-0.08791363805210012,-0.6936607188660467,0.0014267492879167967,0.0007263428382168336,0.0008403479454389668,0.0022912421570232115,0.0005318927317671802,0.0005968651232062089,0.13759446928444666,12.696817662079447,0.23982644296194372,0.33725968061698863
563,adam,563,564,0.00010464917601331466,1,7.059605108080223e-07,1.1571709728491208e-08,1.3999296063630898e-07,2.3303649691287533e-06,1,2,,0,3.737190323106685e-09,-17.09955747207957,-0.08791017491671638,-0.6936610537768357,0.0014293126490940386,0.0007263160500538415,0.0008402145623636991,0.0022921899960508924,0.0005318383699315806,0.0005967966090680437,0.13758544411114207,12.69363437840045,0.2398264447122417,0.33725970614237494
564,adam,564,565,0.00010360268425318152,1,7.059605108080223e-07,1.156858111987131e-08,1.3998385588730361e-07,2.3003684336566523e-06,1,1,,0,7.0132317255225584e-09,-17.09955747207957,-0.08791001794132676,-0.6936613933852483,0.0014318489368955523,0.0007263160500538415,0.0008402145623636991,0.0022921899960508924,0.0005318383699315806,0.0005967966090680437,0.13758544411114207,12.69363437840045,0.23982644982299844,0.3372597326104355
565,adam,565,566,0.0001025666574106497,1,7.058185451074141e-07,1.771195845416798e-08,5.204760357928758e-07,2.271982712705395e-06,1,2,,0,5.7465818052331374e-09,-17.100157300183774,-0.08790420054266641,-0.6936617368697189,0.0014343588452867828,0.0007263538902451097,0.0008401300763021248,0.002293703185894308,0.0005318055429370404,0.0005967210718267164,0.1375746006356933,12.689641699562852,0.23982645792964835,0.33725975989462054
566,adam,566,567,0.0001015409908365432,1,7.058185451074141e-07,1.7695375184834174e-08,5.195701436806215e-07,2.202601296296018e-06,1,1,,0,7.970813214105452e-09,-17.100157300183774,-0.08790356995115615,-0.6936620440788849,0.0014368317707879298,0.0007263538902451097,0.0008401300763021248,0.002293703185894308,0.0005318055429370404,0.0005967210718267164,0.1375746006356933,12.689641699562852,0.23982648997824252,0.3372597911398594
567,adam,567,568,0.00010052558092817777,1,7.056296074150625e-07,1.8082835612578427e-08,5.420870476574168e-07,2.1750343047123783e-06,1,2,,0,2.9853746750628934e-11,-17.10094094632677,-0.08790480357626601,-0.693662318861449,0.001439269610250104,0.0007262482093605888,0.0008400176232764777,0.002293676901542442,0.0005317509350250752,0.000596694546205949,0.13757233321519177,12.68929703021712,0.23982654311524454,0.3372598258428717
568,adam,568,569,9.9520325118896e-05,1,7.056296074150625e-07,1.8075008715633302e-08,5.417093909896053e-07,2.1788047251295087e-06,1,1,,0,5.600582240095451e-09,-17.10094094632677,-0.08790330286987455,-0.6936625644978366,0.0014416734924477812,0.0007262482093605888,0.0008400176232764777,0.002293676901542442,0.0005317509350250752,0.000596694546205949,0.13757233321519177,12.68929703021712,0.23982661553656268,0.33725986375902817
569,adam,569,570,9.852512186770703e-05,1,7.054172856015935e-07,1.3436248206278853e-08,2.609692755196425e-07,2.204385087976819e-06,1,2,,0,1.3096012457685113e-09,-17.10181911789876,-0.0879099841527849,-0.6936627840979764,0.0014440450313619154,0.0007260607288978897,0.0008398912343878781,0.002292493167173914,0.0005316936261753338,0.000596700510118321,0.13757569088384078,12.691216780641838,0.2398267049090058,0.3372599044707279
570,adam,570,571,9.753987064902997e-05,1,7.054172856015935e-07,1.3433031050367256e-08,2.6074513577135705e-07,2.205208291144802e-06,1,1,,0,5.745387015198015e-09,-17.10181911789876,-0.08790796221724849,-0.6936630040067182,0.0014463907569577166,0.0007260607288978897,0.0008398912343878781,0.002292493167173914,0.0005316936261753338,0.000596700510118321,0.13757569088384078,12.691216780641838,0.23982680025986308,0.3372599465835798
571,adam,571,572,9.656447194253965e-05,1,7.052616000095509e-07,2.0794297281994744e-08,7.275792769780014e-07,2.2060242940261847e-06,1,2,,0,5.578412426892429e-09,-17.102789507666945,-0.08791863959796098,-0.6936632239782204,0.0014487113981428682,0.0007258347234591281,0.0008397985472775902,0.0022904623329178878,0.0005316479645055071,0.0005967384002273402,0.1375841187726621,12.695187471473266,0.23982690079316893,0.33725998989113704
572,adam,572,573,9.559882722311426e-05,1,7.052616000095509e-07,2.0779152457327328e-08,7.268818088192402e-07,2.099748024824295e-06,1,1,,0,7.619332539604194e-09,-17.102789507666945,-0.08791715518115213,-0.6936634780117015,0.0014510171250119355,0.0007258347234591281,0.0008397985472775902,0.0022904623329178878,0.0005316479645055071,0.0005967384002273402,0.1375841187726621,12.695187471473266,0.23982697090916968,0.33726002716913567
573,adam,573,574,9.464283895088311e-05,1,7.051361335851932e-07,4.107727398834762e-08,1.6059806638463026e-06,2.0562557255279988e-06,1,2,,0,1.3188793049002691e-09,-17.103633686361935,-0.08792285258105743,-0.6936637620045009,0.0014533074487102545,0.0007256914645311444,0.0008397238436445598,0.0022896250376905074,0.0005316047352358674,0.0005967451648271441,0.137587117276404,12.696973846433007,0.23982701410547388,0.3372600590918738
574,adam,574,575,9.369641056137428e-05,1,7.051361335851932e-07,4.0775402295472364e-08,1.5931641823685872e-06,2.1485387161584457e-06,1,1,,0,5.782251726478607e-09,-17.103633686361935,-0.08792296076140592,-0.6936640771360366,0.0014555854749598598,0.0007256914645311444,0.0008397238436445598,0.0022896250376905074,0.0005316047352358674,0.0005967451648271441,0.137587117276404,12.696973846433007,0.23982700021181727,0.3372600782110057
575,adam,575,576,9.275944645576054e-05,1,7.049282119113728e-07,1.691428040830344e-08,4.818109456408596e-07,2.3845960480815473e-06,1,3,,0,1.0872706895496482e-09,-17.103918560914313,-0.08790995263160425,-0.6936644199788887,0.0014578504612989404,0.000725832547304887,0.0008396000309143472,0.002292882957498723,0.000531566721657231,0.0005966103880999927,0.1375663575603426,12.688838740806261,0.2398269365190041,0.33726008618160247
576,adam,576,577,9.183185199120294e-05,1,7.049282119113728e-07,1.688881290596651e-08,4.803184132840123e-07,2.1996319888919025e-06,1,1,,0,5.889821555223699e-09,-17.103918560914313,-0.08791036430499911,-0.6936647326167323,0.0014600830422717805,0.000725832547304887,0.0008396000309143472,0.002292882957498723,0.000531566721657231,0.0005966103880999927,0.1375663575603426,12.688838740806261,0.2398269010195407,0.33726009949735736
577,adam,577,578,9.091353347129091e-05,1,7.04865449626828e-07,2.0137907840026425e-08,6.428137156375334e-07,2.0713475252412726e-06,1,2,,0,3.886009813452967e-09,-17.104450673975506,-0.08790469625051946,-0.6936650181689817,0.0014622848148844083,0.000725886249412079,0.0008395626537828062,0.0022942994589825946,0.0005315575293365533,0.0005965519005040813,0.13755751926977527,12.68555655594254,0.23982689041613423,0.33726011750747775
578,adam,578,579,9.000439813657799e-05,1,7.04865449626828e-07,2.0123009821380244e-08,6.420489993783007e-07,1.9826699743082304e-06,1,1,,0,6.341561508123651e-09,-17.104450673975506,-0.08790395049016743,-0.693665248693055,0.0014644491175322158,0.000725886249412079,0.0008395626537828062,0.0022942994589825946,0.0005315575293365533,0.0005965519005040813,0.13755751926977527,12.68555655594254,0.23982690565608814,0.33726013870165483
579,adam,579,580,8.910435415521222e-05,1,7.046949723385637e-07,2.0059627106226653e-08,6.402683139195361e-07,1.950327434070203e-06,1,2,,0,1.2540315840012559e-11,-17.105133896188324,-0.08790599720678399,-0.6936654302719973,0.001466578199142758,0.000725784051386489,0.0008394611202066262,0.002294227929973367,0.000531512284536294,0.0005965319215483224,0.1375559923877667,12.685408664774691,0.23982694368294843,0.3372601626767337
580,adam,580,581,8.821331061366008e-05,1,7.046949723385637e-07,2.0054084903949858e-08,6.400339209215268e-07,1.95885629570915e-06,1,1,,0,5.0562323240022745e-09,-17.105133896188324,-0.08790417234080983,-0.6936655701839158,0.0014686740289940963,0.000725784051386489,0.0008394611202066262,0.002294227929973367,0.000531512284536294,0.0005965319215483224,0.1375559923877667,12.685408664774691,0.23982700177280467,0.3372601891499805
581,adam,581,582,8.733117750752349e-05,1,7.044831156444296e-07,1.853724519284633e-08,5.673416767517225e-07,1.9946412460066537e-06,1,2,,0,5.663353760254446e-10,-17.105868257288208,-0.08791094629445104,-0.6936656730879782,0.001470738434890988,0.0007256151853621542,0.0008393349245947231,0.002293423208389828,0.0005314573465822112,0.000596532217629181,0.13755810459356305,12.686723965914345,0.23982707751723856,0.33726021779813337
582,adam,582,583,8.645786573244826e-05,1,7.044831156444296e-07,1.8537810731558738e-08,5.674491902179996e-07,2.0350261831063808e-06,1,1,,0,5.217200530827194e-09,-17.105868257288208,-0.0879083524662417,-0.6936657588096844,0.0014727762298271283,0.0007256151853621542,0.0008393349245947231,0.002293423208389828,0.0005314573465822112,0.000596532217629181,0.13755810459356305,12.686723965914345,0.23982716719193006,0.33726024881547817
583,adam,583,584,8.559328707512377e-05,1,7.042606737146344e-07,1.3287028605499561e-08,2.558241825991045e-07,2.0810344966861977e-06,1,2,,0,3.2482742402473165e-09,-17.1066796116333,-0.08791949012255258,-0.6936658292510052,0.001474788529547124,0.0007253831685899689,0.0008392024033060406,0.0022917592988440623,0.0005313969908829081,0.0005965575525008518,0.13756460182624436,12.689839262142748,0.239827269084879,0.3372602818939245
584,adam,584,585,8.473735420437252e-05,1,7.042606737146344e-07,1.3285211159045848e-08,2.5571710574375485e-07,2.072595974282893e-06,1,1,,0,6.098988828225047e-09,-17.1066796116333,-0.08791667657355307,-0.6936659182089134,0.0014767835979509762,0.0007253831685899689,0.0008392024033060406,0.0022917592988440623,0.0005313969908829081,0.0005965575525008518,0.13756460182624436,12.689839262142748,0.2398273735019145,0.33726031644277665
585,adam,585,586,8.38899806623288e-05,1,7.042228292696613e-07,5.9373897796141014e-08,2.3562487452483387e-06,2.06343473312784e-06,1,3,,0,1.9070645951835126e-09,-17.10772749146843,-0.087934518822926,-0.69366602345952,0.001478761506793627,0.0007250936465258448,0.000839179855138135,0.002288507169388861,0.0005313636597526154,0.000596651072456801,0.13758182034067354,12.697399790263063,0.23982748004327428,0.3372603522561195
586,adam,586,587,8.305108085570551e-05,1,7.042228292696613e-07,5.909823480620999e-08,2.3449531337901963e-06,1.8319503130620097e-06,1,1,,0,5.067138525278864e-09,-17.10772749146843,-0.0879333966939792,-0.6936661794729881,0.0014807371274639415,0.0007250936465258448,0.000839179855138135,0.002288507169388861,0.0005313636597526154,0.000596651072456801,0.13758182034067354,12.697399790263063,0.23982750303392736,0.33726036960011024
587,adam,587,588,8.222057004714846e-05,1,7.039511790452395e-07,1.4609192100353713e-08,4.0088904795179665e-07,2.0435612085583807e-06,1,3,,0,1.4342049940001091e-10,-17.10809111837683,-0.08792814671202615,-0.693666380648546,0.0014827088478365914,0.0007250960157376014,0.0008390179849355075,0.0022902986057138546,0.0005313089818464268,0.0005965636359771038,0.13756915325665012,12.69258585799773,0.23982745313830112,0.33726037089346345
588,adam,588,589,8.139836434667697e-05,1,7.039511790452395e-07,1.4554104946027821e-08,3.972752763693776e-07,2.041393570361948e-06,1,1,,0,5.477128001182638e-09,-17.10809111837683,-0.08792859935673038,-0.6936666124862247,0.0014846671303492384,0.0007250960157376014,0.0008390179849355075,0.0022902986057138546,0.0005313089818464268,0.0005965636359771038,0.13756915325665012,12.69258585799773,0.23982740269095978,0.3372603734003573
589,adam,589,590,8.058438070321021e-05,1,7.038590871231706e-07,1.7079869683848003e-08,4.926432662312118e-07,2.0375254467252886e-06,1,3,,0,1.0824716740922599e-09,-17.108386200239448,-0.08791856435425192,-0.693666871320519,0.0014866116461722118,0.0007252234124053502,0.0008389631023609862,0.00229296803190626,0.000531303543002505,0.0005964692254091459,0.13755393889440296,12.686605856373484,0.2398273519052649,0.3372603770056168
590,adam,590,591,7.97785368961781e-05,1,7.038590871231706e-07,1.7063167595207887e-08,4.916671316668947e-07,1.8943277085397929e-06,1,1,,0,5.091144794423689e-09,-17.108386200239448,-0.08791862301823757,-0.6936671058235299,0.0014885291544127262,0.0007252234124053502,0.0008389631023609862,0.00229296803190626,0.000531303543002505,0.0005964692254091459,0.13755393889440296,12.686605856373484,0.23982732520045819,0.3372603850925733
591,adam,591,592,7.898075152721632e-05,1,7.038590871231706e-07,1.7049807148864203e-08,4.908975590302402e-07,1.7987161558512873e-06,1,1,,0,9.780836178853906e-09,-17.108386200239448,-0.08791823599393273,-0.6936673185280605,0.0014904209299312135,0.0007252234124053502,0.0008389631023609862,0.00229296803190626,0.000531303543002505,0.0005964692254091459,0.13755393889440296,12.686605856373484,0.2398273197706378,0.3372603971222275
592,adam,592,593,7.819094401194416e-05,1,7.037168948944173e-07,1.8386734156195353e-08,5.561120808869708e-07,1.7422786462733401e-06,1,2,,0,1.942537858208861e-09,-17.109160997115552,-0.087915806027232,-0.693667511706721,0.0014922881250616037,0.0007251984983018054,0.0008388783552425329,0.0022939323050553385,0.0005312761867738291,0.0005964182614053736,0.13754699785126345,12.684269857552701,0.23982733312203897,0.33726041261635636
593,adam,593,594,7.740903457182472e-05,1,7.037168948944173e-07,1.8380280179109448e-08,5.557849253208028e-07,1.7182427820907135e-06,1,1,,0,4.780840610193562e-09,-17.109160997115552,-0.08791459004629101,-0.6936676708812998,0.0014941270765840159,0.0007251984983018054,0.0008388783552425329,0.0022939323050553385,0.0005312761867738291,0.0005964182614053736,0.13754699785126345,12.684269857552701,0.23982736416048514,0.33726043031003927
594,adam,594,595,7.663494422610647e-05,1,7.037168948944173e-07,1.8376058783037008e-08,5.555937368095354e-07,1.7213433772859135e-06,1,1,,0,9.017410111460504e-09,-17.109160997115552,-0.08791299032227008,-0.6936677998059648,0.0014959392789392996,0.0007251984983018054,0.0008388783552425329,0.0022939323050553385,0.0005312761867738291,0.0005964182614053736,0.13754699785126345,12.684269857552701,0.23982741078402672,0.33726044992482107
595,adam,595,596,7.58685947838454e-05,1,7.034554736994629e-07,1.7243858892112722e-08,5.005223398471688e-07,1.7426263345647987e-06,1,2,,0,3.9779776197803525e-10,-17.110079502686546,-0.08792079058658941,-0.693667901839428,0.0014977260795954828,0.0007250042235846678,0.0008387225248551889,0.002293198323531131,0.0005312092379804369,0.0005964086724566553,0.1375480719206936,12.68532721882433,0.23982747112369887,0.337260471213908
596,adam,596,597,7.510990883600694e-05,1,7.034554736994629e-07,1.7242697623639032e-08,5.005118942325505e-07,1.7675015624284758e-06,1,1,,0,4.537868957478348e-09,-17.110079502686546,-0.08791862729205674,-0.6936679928948577,0.0014994911377052822,0.0007250042235846678,0.0008387225248551889,0.002293198323531131,0.0005312092379804369,0.0005964086724566553,0.1375480719206936,12.68532721882433,0.23982754252420996,0.3372604944355636
597,adam,597,598,7.435880974764687e-05,1,7.034554736994629e-07,1.7242884703420067e-08,5.005856053182926e-07,1.7966152946561084e-06,1,1,,0,9.121422650519732e-09,-17.110079502686546,-0.08791626658867742,-0.693668074151036,0.0015012352669063135,0.0007250042235846678,0.0008387225248551889,0.002293198323531131,0.0005312092379804369,0.0005964086724566553,0.1375480719206936,12.68532721882433,0.23982762362511173,0.33726051934041773
598,adam,598,599,7.36152216501704e-05,1,7.031773431986205e-07,1.272686446895584e-08,2.1489940216084663e-07,1.82717854696844e-06,1,2,,0,3.6824657182585958e-09,-17.111080392868008,-0.08793063559191781,-0.6936681466650337,0.0015029592068489873,0.0007247293299146739,0.0008385567024349758,0.002291361064901532,0.0005311335032494143,0.0005964303645942931,0.13755469613158453,12.688641322717194,0.2398277132165825,0.33726054570702985
599,adam,599,600,7.28790694336687e-05,1,7.031773431986205e-07,1.2725113968695278e-08,2.1476720328752912e-07,1.8118464664464865e-06,1,1,,0,5.792660338207753e-09,-17.111080392868008,-0.08792822312875567,-0.6936682418737475,0.0015046703761310005,0.0007247293299146739,0.0008385567024349758,0.002291361064901532,0.0005311335032494143,0.0005964303645942931,0.13755469613158453,12.688641322717194,0.23982780391311095,0.3372605734481028
600,adam,600,601,7.215027873933202e-05,1,7.031773431986205e-07,1.2723416821198094e-08,2.1463947312599463e-07,1.7966368637028704e-06,1,1,,0,9.777581647596946e-09,-17.111080392868008,-0.0879259199102824,-0.6936683570613766,0.0015063686016293443,0.0007247293299146739,0.0008385567024349758,0.002291361064901532,0.0005311335032494143,0.0005964303645942931,0.13755469613158453,12.688641322717194,0.2398278954933408,0.33726060237560684
601,adam,601,602,7.14287759519387e-05,1,7.0319125909748e-07,8.690896631556093e-08,3.4634221579958054e-06,1.7815261053583317e-06,1,3,,0,4.226635893647222e-09,-17.112398847684943,-0.08794911102397611,-0.6936684898077284,0.0015080537425685063,0.0007243957346209261,0.0008385649999239653,0.0022872182535724765,0.000531101148167532,0.0005965457598625773,0.13757614932912168,12.698076869034319,0.23982798776089972,0.33726063232222825
602,adam,602,603,7.071448819241931e-05,1,7.0319125909748e-07,8.626428525163014e-08,3.437118839701539e-06,1.6402313628800325e-06,1,1,,0,5.884169361120963e-09,-17.112398847684943,-0.08794900785617328,-0.6936686660638527,0.0015097404187892482,0.0007243957346209261,0.0008385649999239653,0.0022872182535724765,0.000531101148167532,0.0005965457598625773,0.13757614932912168,12.698076869034319,0.23982797602197903,0.33726063846983645
603,adam,603,604,7.000734331049511e-05,1,7.028384880537296e-07,1.1498267767434707e-08,1.3409501749995934e-07,2.1594287052275413e-06,1,3,,0,1.3699301739990106e-09,-17.11244827501535,-0.0879351322163612,-0.6936688813622319,0.0015114268726104314,0.0007244942543496323,0.0008383546314381102,0.0022907810623778112,0.0005310465498473802,0.0005964023947752755,0.13755376906891792,12.689202546702559,0.23982787479760187,0.3372606243008572
604,adam,604,605,6.930726987739016e-05,1,7.028384880537296e-07,1.149991945421006e-08,1.340892833408171e-07,2.017149012284705e-06,1,1,,0,5.5014653004424095e-09,-17.11244827501535,-0.08793663150218442,-0.6936691123710164,0.0015130985142532128,0.0007244942543496323,0.0008383546314381102,0.0022907810623778112,0.0005310465498473802,0.0005964023947752755,0.13755376906891792,12.689202546702559,0.23982779139881674,0.33726061528899315
605,adam,605,606,6.861419717861625e-05,1,7.027874116980129e-07,1.6157829235314762e-08,4.420396988267638e-07,1.8976169516904454e-06,1,3,,0,4.337028205255176e-10,-17.112735613386445,-0.08792667776858962,-0.6936693570511724,0.0015147554439779631,0.0007245952923303758,0.0008383241686233392,0.002292857789874217,0.0005310524808733487,0.0005963335379146254,0.1375423856035187,12.684765425765349,0.23982772383988457,0.3372606108447972
606,adam,606,607,6.792805520683009e-05,1,7.027874116980129e-07,1.614636846539786e-08,4.4131939146745054e-07,1.7418045675375582e-06,1,1,,0,4.6741298518847925e-09,-17.112735613386445,-0.08792747611948293,-0.6936695821130264,0.0015163896516681642,0.0007245952923303758,0.0008383241686233392,0.002292857789874217,0.0005310524808733487,0.0005963335379146254,0.1375423856035187,12.684765425765349,0.2398276781577591,0.3372606105340945
607,adam,607,608,6.724877465476178e-05,1,7.027874116980129e-07,1.6136791337756976e-08,4.407252775607039e-07,1.6274056407281741e-06,1,1,,0,9.005026106173e-09,-17.112735613386445,-0.08792784492685068,-0.6936697895639912,0.0015180021879282308,0.0007245952923303758,0.0008383241686233392,0.002292857789874217,0.0005310524808733487,0.0005963335379146254,0.1375423856035187,12.684765425765349,0.23982765183290702,0.3372606138700603
608,adam,608,609,6.657628690821418e-05,1,7.027100888343124e-07,1.7270105345234558e-08,4.925568013390811e-07,1.548583967619394e-06,1,2,,0,2.945279335452219e-09,-17.11334190602998,-0.08792149800862688,-0.6936699812047695,0.0015195940028175663,0.0007246244568101011,0.000838278049834488,0.002294148726345911,0.0005310491769798849,0.0005962813523977446,0.13753441823449608,12.681878966447108,0.23982764262368644,0.337260620420059
609,adam,609,610,6.591052403913205e-05,1,7.027100888343124e-07,1.7265131351179676e-08,4.922784161916436e-07,1.4989023068281901e-06,1,1,,0,4.778847654705973e-09,-17.11334190602998,-0.08792105281901688,-0.6936701405176976,0.001521161006107338,0.0007246244568101011,0.000838278049834488,0.002294148726345911,0.0005310491769798849,0.0005962813523977446,0.13753441823449608,12.681878966447108,0.23982764908155482,0.3372606286762853
610,adam,610,611,6.525141879874071e-05,1,7.027100888343124e-07,1.726124702859564e-08,4.920734611992279e-07,1.4759953206091112e-06,1,1,,0,8.161521811779082e-09,-17.11334190602998,-0.08792022445226659,-0.6936702710665774,0.0015227045559236603,0.0007246244568101011,0.000838278049834488,0.002294148726345911,0.0005310491769798849,0.0005962813523977446,0.13753441823449608,12.681878966447108,0.2398276693684286,0.33726063842852644
611,adam,611,612,6.459890461075331e-05,1,7.025070412319527e-07,1.69481163560839e-08,4.776297215626255e-07,1.4726944493388182e-06,1,2,,0,1.9552320481240272e-11,-17.11407831205885,-0.08792348819918026,-0.6936703760375026,0.0015242258759660993,0.0007244914553922547,0.0008381569311483099,0.002293921383656426,0.0005310002619860924,0.0005962638903706791,0.13753350079617,12.682020927248102,0.2398277018483851,0.33726064949017537
612,adam,612,613,6.395291556464577e-05,1,7.025070412319527e-07,1.694597518534989e-08,4.775400196900922e-07,1.4814613745746396e-06,1,1,,0,3.830663552344857e-09,-17.11407831205885,-0.08792203140495627,-0.6936704626004647,0.001525726652173796,0.0007244914553922547,0.0008381569311483099,0.002293921383656426,0.0005310002619860924,0.0005962638903706791,0.13753350079617,12.682020927248102,0.23982774487509304,0.33726066186800757
613,adam,613,614,6.331338640899932e-05,1,7.025070412319527e-07,1.6944557247066506e-08,4.774993814541338e-07,1.4981640481157178e-06,1,1,,0,7.682733217254664e-09,-17.11407831205885,-0.08792031931053707,-0.6936705327961302,0.001527207812915991,0.0007244914553922547,0.0008381569311483099,0.002293921383656426,0.0005310002619860924,0.0005962638903706791,0.13753350079617,12.682020927248102,0.23982779717518785,0.3372606753948245
614,adam,614,615,6.268025254490932e-05,1,7.022695068203355e-07,1.5964992614095236e-08,4.292281760545998e-07,1.5193162985025805e-06,1,2,,0,5.546906771946579e-10,-17.114840708516997,-0.08792900679111965,-0.6936705884491469,0.0015286701980596114,0.0007243029286906436,0.0008380152187283567,0.0022931458267639593,0.0005309396847858444,0.0005962625894016225,0.13753551694837543,12.683334002225541,0.23982785761530762,0.3372606899220754
615,adam,615,616,6.205345001946022e-05,1,7.022695068203355e-07,1.5964400922122344e-08,4.292394460596528e-07,1.535404894838942e-06,1,1,,0,3.949955272594105e-09,-17.114840708516997,-0.08792694948082462,-0.6936706431193048,0.0015301170078170835,0.0007243029286906436,0.0008380152187283567,0.0022931458267639593,0.0005309396847858444,0.0005962625894016225,0.13753551694837543,12.683334002225541,0.2398279245426822,0.33726070585035145
616,adam,616,617,6.143291551926563e-05,1,7.022695068203355e-07,1.5964245947119196e-08,4.292809329328813e-07,1.5513762240542616e-06,1,1,,0,7.898525788874232e-09,-17.114840708516997,-0.08792478723035273,-0.6936706968694057,0.0015315486472083386,0.0007243029286906436,0.0008380152187283567,0.0022931458267639593,0.0005309396847858444,0.0005962625894016225,0.13753551694837543,12.683334002225541,0.2398279971355117,0.3372607230002374
617,adam,617,618,6.0818586364072964e-05,1,7.020238402513673e-07,1.3498892970982988e-08,2.7949625028746915e-07,1.566437458882385e-06,1,2,,0,2.2493928543454303e-09,-17.115646441564937,-0.08793729195746132,-0.6936707497582485,0.00153296548895782,0.0007240685203092151,0.000837868629470854,0.0022917237565191627,0.0005308713334563207,0.0005962780901905791,0.1375406489651165,12.685937542167242,0.23982807466248215,0.3372607412121342
618,adam,618,619,6.021040050043223e-05,1,7.020238402513673e-07,1.349797020073091e-08,2.79460703807855e-07,1.5580939631574664e-06,1,1,,0,4.485419117990819e-09,-17.115646441564937,-0.08793511571412167,-0.693670822109551,0.0015343723680966222,0.0007240685203092151,0.000837868629470854,0.0022917237565191627,0.0005308713334563207,0.0005962780901905791,0.1375406489651165,12.685937542167242,0.2398281539934294,0.3372607609089072
619,adam,619,620,5.960829649542791e-05,1,7.020238402513673e-07,1.3497132073588446e-08,2.7943176417409847e-07,1.549426847515466e-06,1,1,,0,8.153623599051956e-09,-17.115646441564937,-0.08793300964927353,-0.6936709116022277,0.0015357690776561634,0.0007240685203092151,0.000837868629470854,0.0022917237565191627,0.0005308713334563207,0.0005962780901905791,0.1375406489651165,12.685937542167242,0.23982823483915677,0.33726078189812186
620,adam,620,621,5.901221353047363e-05,1,7.018412071853964e-07,1.3021177930589993e-08,2.927976566406425e-07,1.5404341360180264e-06,1,2,,0,5.907272809999797e-09,-17.116519309251014,-0.08794756390373606,-0.6936710161680645,0.0015371554443412276,0.0007238163641501505,0.0008377596356863921,0.002289538213716566,0.0005308113989153403,0.0005963155174464969,0.13754952073649448,12.690084899477151,0.2398283169426997,0.33726080400846753
621,adam,621,622,5.8422091395168896e-05,1,7.018412071853964e-07,1.3027348786139219e-08,2.933100513317505e-07,1.4609149803730896e-06,1,1,,0,6.841978607097116e-09,-17.116519309251014,-0.08794594073775715,-0.6936711626576484,0.001538538163871627,0.0007238163641501505,0.0008377596356863921,0.002289538213716566,0.0005308113989153403,0.0005963155174464969,0.13754952073649448,12.690084899477151,0.23982838881830285,0.33726082580507644
622,adam,622,623,5.783787048121721e-05,1,7.018412071853964e-07,1.3031348780422119e-08,2.9364175671512153e-07,1.3988112490826908e-06,1,1,,0,9.179028001358467e-09,-17.116519309251014,-0.08794468975542626,-0.6936713460777103,0.0015399163209988407,0.0007238163641501505,0.0008377596356863921,0.002289538213716566,0.0005308113989153403,0.0005963155174464969,0.13754952073649448,12.690084899477151,0.23982845157164753,0.33726084729975975
623,adam,623,624,5.7259491776405034e-05,1,7.018265036297441e-07,5.43898764833286e-08,2.1708944104664743e-06,1.3511403248502902e-06,1,2,,0,9.273965246171782e-09,-17.117439207151673,-0.08795722778873075,-0.693671561980646,0.0015412891107685486,0.0007236195801104236,0.0008377508601187731,0.0022870673240013425,0.0005307859082151918,0.0005963700821179482,0.13756063585387854,12.695146273848872,0.23982850619292923,0.3372608685043841
624,adam,624,625,5.668689685864098e-05,1,7.018265036297441e-07,5.418737218617615e-08,2.1624136149948193e-06,1.3161821538842975e-06,1,1,,0,9.729203411422115e-09,-17.117439207151673,-0.08795748702202373,-0.6936718250451701,0.0015426628037941595,0.0007236195801104236,0.0008377508601187731,0.0022870673240013425,0.0005307859082151918,0.0005963700821179482,0.13756063585387854,12.695146273848872,0.23982851204102237,0.3372608798884616
625,adam,625,626,5.6120027890054576e-05,1,7.016316664744824e-07,3.248678709527229e-08,1.2617270615202556e-06,1.4953911731354075e-06,1,2,,0,1.9803516271407387e-09,-17.117740216240378,-0.08795244570284111,-0.6936721297553033,0.0015440359758480422,0.0007235920552974979,0.0008376345661889094,0.0022880008055256662,0.0005307435740478856,0.0005963186153884736,0.1375535366884917,12.692638091982664,0.23982847522945802,0.3372608827175688
626,adam,626,627,5.555882761115403e-05,1,7.016316664744824e-07,3.227652120976898e-08,1.252364292218077e-06,1.6145536025994168e-06,1,1,,0,4.777796564113938e-09,-17.117740216240378,-0.08795422387176616,-0.6936724674696432,0.0015454045688699104,0.0007235920552974979,0.0008376345661889094,0.0022880008055256662,0.0005307435740478856,0.0005963186153884736,0.1375535366884917,12.692638091982664,0.2398284210249048,0.3372608828473667
627,adam,627,628,5.500323933504249e-05,1,7.016316664744824e-07,3.2041427119076066e-08,1.2418729832328257e-06,1.7345458650468641e-06,1,1,,0,9.286720102400328e-09,-17.117740216240378,-0.0879564204459113,-0.6936728342171666,0.0015467677944556273,0.0007235920552974979,0.0008376345661889094,0.0022880008055256662,0.0005307435740478856,0.0005963186153884736,0.1375535366884917,12.692638091982664,0.23982835171876818,0.3372608806538893
628,adam,628,629,5.445320694169206e-05,1,7.014564330661875e-07,1.4055583756268574e-08,3.181826734407266e-07,1.8478869559697364e-06,1,3,,0,3.837184390580409e-10,-17.117921101022446,-0.08793499963080462,-0.6936732264732189,0.0015481249609222418,0.0007237743944526311,0.0008375299595036512,0.0022918092036516647,0.0005307430649480337,0.0005961852217916969,0.13753154117116695,12.683960553087005,0.23982826936774235,0.3372608764763379
629,adam,629,630,5.3908674872275135e-05,1,7.014564330661875e-07,1.405000758955462e-08,3.17742893254463e-07,1.672089352463333e-06,1,1,,0,4.586055823106533e-09,-17.117921101022446,-0.08793707238297735,-0.6936735952408721,0.0015494627153721475,0.0007237743944526311,0.0008375299595036512,0.0022918092036516647,0.0005307430649480337,0.0005961852217916969,0.13753154117116695,12.683960553087005,0.23982820560624282,0.337260875709236
630,adam,630,631,5.3369588123552385e-05,1,7.014564330661875e-07,1.4045104837074301e-08,3.173600890733256e-07,1.5290043571108246e-06,1,1,,0,8.713711130458309e-09,-17.117921101022446,-0.08793871249703558,-0.6936739428597453,0.0015507820102381854,0.0007237743944526311,0.0008375299595036512,0.0022918092036516647,0.0005307430649480337,0.0005961852217916969,0.13753154117116695,12.683960553087005,0.23982815832367874,0.3372608779530315
631,adam,631,632,5.2835892242316866e-05,1,7.014642754417228e-07,1.5901536574296756e-08,4.1360165989592065e-07,1.41523276189213e-06,1,2,,0,6.2239662914320814e-09,-17.118314973037755,-0.08792486422758511,-0.6936742714229189,0.0015520837055166136,0.0007239016544590722,0.0008375346413383286,0.002293714382649347,0.0005307727514461885,0.0005961203122745902,0.13752052456134964,12.679700669465085,0.23982812564077932,0.3372608828523104
632,adam,632,633,5.23075333198937e-05,1,7.014642754417228e-07,1.5898152049005015e-08,4.1337758860882515e-07,1.3184248740015634e-06,1,1,,0,7.0081468155225466e-09,-17.118314973037755,-0.08792563614775585,-0.6936745596019642,0.0015533625102750104,0.0007239016544590722,0.0008375346413383286,0.002293714382649347,0.0005307727514461885,0.0005961203122745902,0.13752052456134964,12.679700669465085,0.23982810689065664,0.3372608887958612
633,adam,633,634,5.1784457986694756e-05,1,7.014642754417228e-07,1.5895260182930736e-08,4.13192548828967e-07,1.2501025453754803e-06,1,1,,0,9.025524022334692e-09,-17.118314973037755,-0.08792597950120845,-0.6936748117772841,0.0015546198371978752,0.0007239016544590722,0.0008375346413383286,0.002293714382649347,0.0005307727514461885,0.0005961203122745902,0.13752052456134964,12.679700669465085,0.2398281004644529,0.33726089565371253
634,adam,634,635,5.126661340682781e-05,1,7.013274053032889e-07,1.5945968889117007e-08,4.151287499771e-07,1.2054612930685908e-06,1,2,,0,7.597235821167102e-11,-17.118879310151904,-0.08792313757187975,-0.6936750318610473,0.0015558569562010504,0.0007238334408626421,0.0008374529272163832,0.0022937929075186347,0.0005307406806848696,0.0005960952505484086,0.13751790800399571,12.679110685247023,0.23982810492954573,0.33726090331052355
635,adam,635,636,5.075394727275953e-05,1,7.013274053032889e-07,1.5943956005291596e-08,4.1501300922811864e-07,1.1797002438233699e-06,1,1,,0,3.091983277339812e-09,-17.118879310151904,-0.08792272482214179,-0.6936752223074425,0.0015570744739144616,0.0007238334408626421,0.0008374529272163832,0.0022937929075186347,0.0005307406806848696,0.0005960952505484086,0.13751790800399571,12.679110685247023,0.23982811899583742,0.3372609115932228
636,adam,636,637,5.0246407800031936e-05,1,7.013274053032889e-07,1.5942274571300555e-08,4.1492363605417074e-07,1.1682440262088255e-06,1,1,,0,6.125570221843924e-09,-17.118879310151904,-0.08792197932372404,-0.6936753863580463,0.0015582734816163599,0.0007238334408626421,0.0008374529272163832,0.0022937929075186347,0.0005307406806848696,0.0005960952505484086,0.13751790800399571,12.679110685247023,0.23982814152900014,0.3372609204192034
637,adam,637,638,4.9743943722031614e-05,1,7.013274053032889e-07,1.594088656758255e-08,4.1485757710092736e-07,1.1670084987941892e-06,1,1,,0,9.1269600779845e-09,-17.118879310151904,-0.08792094022855908,-0.6936755269073736,0.001559454962106222,0.0007238334408626421,0.0008374529272163832,0.0022937929075186347,0.0005307406806848696,0.0005960952505484086,0.13751790800399571,12.679110685247023,0.23982817151892633,0.33726092971515204
638,adam,638,639,4.924650428481129e-05,1,7.011175843929593e-07,1.5629892596748933e-08,3.9961865762374657e-07,1.1726390188757146e-06,1,2,,0,1.7460841376140387e-11,-17.11962449640322,-0.08792550729140317,-0.6936756465398985,0.0015606198013033267,0.0007236956999381159,0.000837327644588998,0.0022935719159640267,0.0005306919705198945,0.0005960787518243026,0.13751706542346193,12.679266033039253,0.23982820806614807,0.33726093941599894
639,adam,639,640,4.875403924196319e-05,1,7.011175843929593e-07,1.562898273094197e-08,3.9958842105412655e-07,1.1812122795705548e-06,1,1,,0,3.0375679794872655e-09,-17.11962449640322,-0.08792399481542357,-0.6936757507933972,0.0015617692276115491,0.0007236956999381159,0.000837327644588998,0.0022935719159640267,0.0005306919705198945,0.0005960787518243026,0.13751706542346193,12.679266033039253,0.23982825020719428,0.3372609495891856
640,adam,640,641,4.826649884954355e-05,1,7.011175843929593e-07,1.562825874725482e-08,3.9957312811048527e-07,1.1918497335306603e-06,1,1,,0,6.0923783121435746e-09,-17.11962449640322,-0.08792229397924017,-0.693675841350155,0.001562903913010045,0.0007236956999381159,0.000837327644588998,0.0022935719159640267,0.0005306919705198945,0.0005960787518243026,0.13751706542346193,12.679266033039253,0.23982829724820226,0.3372609601688578
641,adam,641,642,4.7783833861048115e-05,1,7.011175843929593e-07,1.5627699744631752e-08,3.995710553424119e-07,1.203288311138437e-06,1,1,,0,9.166857267717602e-09,-17.11962449640322,-0.08792042819808403,-0.6936759197123613,0.001564024465860876,0.0007236956999381159,0.000837327644588998,0.0022935719159640267,0.0005306919705198945,0.0005960787518243026,0.13751706542346193,12.679266033039253,0.2398283485714105,0.337260971096508
642,adam,642,643,4.7305995522437634e-05,1,7.008642764668612e-07,1.4851708861698647e-08,3.620258381505219e-07,1.2146492355345409e-06,1,2,,0,5.915833661344922e-10,-17.120389281937367,-0.08793213199527983,-0.693675987221305,0.0015651314376831464,0.000723493790786622,0.0008371763711828358,0.0022928101898989865,0.0005306262365651862,0.000596078701305032,0.13751927966577623,12.68065431035484,0.23982840362687013,0.33726098232016327
643,adam,643,644,4.683293556721326e-05,1,7.008642764668612e-07,1.4851269460004413e-08,3.620305635760041e-07,1.2202031632835397e-06,1,1,,0,3.1532627315886784e-09,-17.120389281937367,-0.08793005850294905,-0.6936760545276512,0.0015662273310552552,0.000723493790786622,0.0008371763711828358,0.0022928101898989865,0.0005306262365651862,0.000596078701305032,0.13751927966577623,12.68065431035484,0.23982846160659704,0.33726099428003337
644,adam,644,645,4.636460621154113e-05,1,7.008642764668612e-07,1.4850933828481402e-08,3.6204352988790067e-07,1.2248845589849422e-06,1,1,,0,6.252590101308892e-09,-17.120389281937367,-0.08792793096358983,-0.6936761215936964,0.00156731236714884,0.000723493790786622,0.0008371763711828358,0.0022928101898989865,0.0005306262365651862,0.000596078701305032,0.13751927966577623,12.68065431035484,0.2398285221124758,0.33726100687824745
645,adam,645,646,4.5900960149425716e-05,1,7.008642764668612e-07,1.4850690509197941e-08,3.620637846388973e-07,1.2285685939797152e-06,1,1,,0,9.377222525888197e-09,-17.120389281937367,-0.08792575763980327,-0.6936761883870665,0.001568386751953775,0.000723493790786622,0.0008371763711828358,0.0022928101898989865,0.0005306262365651862,0.000596078701305032,0.13751927966577623,12.68065431035484,0.23982858479028077,0.337261020027718
646,adam,646,647,4.544195054793146e-05,1,7.006088061609343e-07,1.3299560575668322e-08,2.675346798423262e-07,1.2311980339845362e-06,1,2,,0,1.7765217311828474e-09,-17.12117292381763,-0.08794108444568673,-0.6936762548800234,0.0015694506778365816,0.0007232592386614815,0.0008370237787308878,0.0022915627401687206,0.0005305539273252905,0.0005960908777963795,0.1375238215222167,12.683005483568218,0.23982864932490647,0.33726103365096755
647,adam,647,648,4.498753104245214e-05,1,7.006088061609343e-07,1.3298970693976105e-08,2.6751539075699076e-07,1.2207774421594986e-06,1,1,,0,3.526437922714673e-09,-17.12117292381763,-0.08793894680233125,-0.69367633502779,0.0015705074471479361,0.0007232592386614815,0.0008370237787308878,0.0022915627401687206,0.0005305539273252905,0.0005960908777963795,0.1375238215222167,12.683005483568218,0.2398287143776843,0.33726104826140163
648,adam,648,649,4.453765573202762e-05,1,7.006088061609343e-07,1.3298411237715598e-08,2.6749830043633193e-07,1.210456895566182e-06,1,1,,0,6.385035498303867e-09,-17.12117292381763,-0.08793687703249267,-0.6936764271728938,0.0015715568638107929,0.0007232592386614815,0.0008370237787308878,0.0022915627401687206,0.0005305539273252905,0.0005960908777963795,0.1375238215222167,12.683005483568218,0.23982877982337122,0.3372610637295432
649,adam,649,650,4.409227917470734e-05,1,7.006088061609343e-07,1.3297879325044295e-08,2.674831765719348e-07,1.2002175159649589e-06,1,1,,0,9.362794444120573e-09,-17.12117292381763,-0.08793486916660158,-0.6936765298385483,0.0015725987615101045,0.0007232592386614815,0.0008370237787308878,0.0022915627401687206,0.0005305539273252905,0.0005960908777963795,0.1375238215222167,12.683005483568218,0.23982884555093126,0.33726107994013216
650,adam,650,651,4.3651356382960265e-05,1,7.003973180697448e-07,1.1155798826544849e-08,1.3219401602450543e-07,1.1900460031963591e-06,1,2,,0,3.725318339346084e-09,-17.12198828111995,-0.08795098002110598,-0.6936766417091099,0.0015736330004072058,0.0007230173716281166,0.0008368974358126238,0.0022897687662685037,0.0005304858087831621,0.0005961149990135164,0.1375306133889828,12.686314300804623,0.23982891146199004,0.3372610967905858
651,adam,651,652,4.3214842819130665e-05,1,7.003973180697448e-07,1.1155768057027016e-08,1.3219179622965538e-07,1.1512457806920875e-06,1,1,,0,4.649270406565137e-09,-17.12198828111995,-0.08794926010386893,-0.6936767797541974,0.0015746636351487014,0.0007230173716281166,0.0008368974358126238,0.0022897687662685037,0.0005304858087831621,0.0005961149990135164,0.1375306133889828,12.686314300804623,0.2398289737228775,0.3372611143094565
652,adam,652,653,4.278269439093936e-05,1,7.003973180697448e-07,1.1155751740632013e-08,1.321894799973852e-07,1.117522311071362e-06,1,1,,0,6.752279283824704e-09,-17.12198828111995,-0.08794774661766981,-0.6936769408060656,0.0015756900826320074,0.0007230173716281166,0.0008368974358126238,0.0022897687662685037,0.0005304858087831621,0.0005961149990135164,0.1375306133889828,12.686314300804623,0.23982903269288897,0.33726113240082456
653,adam,653,654,4.2354867447029966e-05,1,7.003973180697448e-07,1.1155747989229607e-08,1.3218708069554165e-07,1.088074580258593e-06,1,1,,0,9.19382370827885e-09,-17.12198828111995,-0.08794641694504793,-0.6936771220421588,0.0015767118313109983,0.0007230173716281166,0.0008368974358126238,0.0022897687662685037,0.0005304858087831621,0.0005961149990135164,0.1375306133889828,12.686314300804623,0.23982908869320593,0.33726115097947107
654,adam,654,655,4.193131877255966e-05,1,7.002913393206164e-07,2.353244546603288e-08,8.65815289543839e-07,1.0622143478261932e-06,1,2,,0,5.9495903333812835e-09,-17.12283648903506,-0.08796012216086288,-0.6936773209477952,0.0015777284334016573,0.0007228075173074738,0.0008368341169674049,0.0022875580582622733,0.0005304375568366868,0.0005961498533752587,0.13753914095145012,12.690371444476906,0.23982914201095526,0.3372611699697021
655,adam,655,656,4.1512005584834066e-05,1,7.002913393206164e-07,2.3528890837513478e-08,8.656757625893249e-07,9.933350886716754e-07,1,1,,0,6.366317931163292e-09,-17.12283648903506,-0.08795946280302955,-0.6936775543240582,0.0015787443203235329,0.0007228075173074738,0.0008368341169674049,0.0022875580582622733,0.0005304375568366868,0.0005961498533752587,0.13753914095145012,12.690371444476906,0.23982917992646913,0.33726118701908225
656,adam,656,657,4.1096885528985725e-05,1,7.002913393206164e-07,2.351182605187729e-08,8.648807121134197e-07,9.641452122044203e-07,1,1,,0,7.614885426117026e-09,-17.12283648903506,-0.08795925186573113,-0.6936778179630672,0.0015797585885747394,0.0007228075173074738,0.0008368341169674049,0.0022875580582622733,0.0005304375568366868,0.0005961498533752587,0.13753914095145012,12.690371444476906,0.23982920420256879,0.3372612023397248
657,adam,657,658,4.068591667369587e-05,1,7.002913393206164e-07,2.3482940977208233e-08,8.635116188214517e-07,9.652967450879996e-07,1,1,,0,9.365524538019863e-09,-17.12283648903506,-0.08795943707804743,-0.6936781081238544,0.0015807704410368837,0.0007228075173074738,0.0008368341169674049,0.0022875580582622733,0.0005304375568366868,0.0005961498533752587,0.13753914095145012,12.690371444476906,0.23982921641975327,0.33726121612333904
658,adam,658,659,4.027905750695891e-05,1,7.001566682927035e-07,3.236195906319359e-08,1.2595592384850218e-06,9.870412247548498e-07,1,2,,0,1.9930132121742458e-10,-17.123498635705214,-0.08796030459988917,-0.6936784214806203,0.0015817791753937045,0.0007227069053144509,0.0008367536485087493,0.0022869996987192626,0.0005303955331937175,0.0005961332981676681,0.13753874715216152,12.690843392143767,0.23982921799436854,0.33726122854299995
659,adam,659,660,3.987626693188932e-05,1,7.001566682927035e-07,3.2262925589788236e-08,1.2551326484024443e-06,1.052989454569055e-06,1,1,,0,2.822678202968902e-09,-17.123498635705214,-0.08796126795694821,-0.6936787578986999,0.001582784869847104,0.0007227069053144509,0.0008367536485087493,0.0022869996987192626,0.0005303955331937175,0.0005961332981676681,0.13753874715216152,12.690843392143767,0.23982920408977734,0.33726123832386395
660,adam,660,661,3.947750426257042e-05,1,7.001566682927035e-07,3.214157867386582e-08,1.2496935127301069e-06,1.1353528978055051e-06,1,1,,0,5.883545274728478e-09,-17.123498635705214,-0.08796260795028639,-0.693679114445071,0.0015837869013206405,0.0007227069053144509,0.0008367536485087493,0.0022869996987192626,0.0005303955331937175,0.0005961332981676681,0.13753874715216152,12.690843392143767,0.23982917660835681,0.3372612457894233
661,adam,661,662,3.9082729219944726e-05,1,7.001566682927035e-07,3.20014934819779e-08,1.2434019817806168e-06,1.222115831930679e-06,1,1,,0,9.181795774168437e-09,-17.123498635705214,-0.0879642779240679,-0.6936794885179093,0.0015847847226667566,0.0007227069053144509,0.0008367536485087493,0.0022869996987192626,0.0005303955331937175,0.0005961332981676681,0.13753874715216152,12.690843392143767,0.23982913725624608,0.3372612512310066
662,adam,662,663,3.869190192774527e-05,1,6.999508665624762e-07,1.2466106677333813e-08,2.0444470618008674e-07,1.30643089674725e-06,1,3,,0,3.317107800018564e-09,-17.123693398304923,-0.08794371553496828,-0.6936798778087139,0.0015857778543548616,0.0007228633767259622,0.0008366306631737067,0.002290383534947324,0.0005303967834029082,0.0005960063518118469,0.1375180134211723,12.682722434920557,0.2398290875619959,0.33726125491053394
663,adam,663,664,3.830498290846782e-05,1,6.999508665624762e-07,1.2465189744342398e-08,2.0433368165356008e-07,1.1999591155398575e-06,1,1,,0,4.478725581270101e-09,-17.123693398304923,-0.08794537915295966,-0.6936802483692067,0.0015867569901523162,0.0007228633767259622,0.0008366306631737067,0.002290383534947324,0.0005303967834029082,0.0005960063518118469,0.1375180134211723,12.682722434920557,0.2398290489443245,0.3372612604762819
664,adam,664,665,3.7921933079383146e-05,1,6.999508665624762e-07,1.2464318777650163e-08,2.04230916921372e-07,1.1121838060114233e-06,1,1,,0,6.880421764718502e-09,-17.123693398304923,-0.08794678098580702,-0.693680602006439,0.0015877228007410713,0.0007228633767259622,0.0008366306631737067,0.002290383534947324,0.0005303967834029082,0.0005960063518118469,0.1375180134211723,12.682722434920557,0.23982902015007432,0.33726126770238024
665,adam,665,666,3.754271374858931e-05,1,6.999508665624762e-07,1.2463488661681426e-08,2.0413548589540838e-07,1.040870606808522e-06,1,1,,0,9.431905232684112e-09,-17.123693398304923,-0.08794794984153202,-0.6936809403352524,0.001588675891940892,0.0007228633767259622,0.0008366306631737067,0.002290383534947324,0.0005303967834029082,0.0005960063518118469,0.1375180134211723,12.682722434920557,0.23982900006268829,0.3372612763877633
666,adam,666,667,3.716728661110342e-05,1,6.99859971109026e-07,1.3642573283341952e-08,2.8930521398812025e-07,9.838267556904843e-07,1,2,,0,1.7353337412847194e-09,-17.12416790836857,-0.08793606977558992,-0.6936812647988845,0.0015896168116374264,0.0007228885961486321,0.0008365763390803172,0.0022911582878721516,0.0005303891392639727,0.000595955874460113,0.1375108705842454,12.680284864512831,0.23982898768730376,0.3372612863534473
667,adam,667,668,3.6795613744992385e-05,1,6.99859971109026e-07,1.3641233624852092e-08,2.891956771288816e-07,9.335563469970032e-07,1,1,,0,2.9973269721476123e-09,-17.12416790836857,-0.08793676735046296,-0.6936815677052792,0.0015905435446329772,0.0007228885961486321,0.0008365763390803172,0.0022911582878721516,0.0005303891392639727,0.000595955874460113,0.1375108705842454,12.680284864512831,0.23982898297497476,0.33726129711526015
668,adam,668,669,3.642765760754246e-05,1,6.99859971109026e-07,1.3640020559535785e-08,2.8909927586340316e-07,8.965260503272421e-07,1,1,,0,5.118659029659346e-09,-17.12416790836857,-0.08793723083310998,-0.6936818512558499,0.0015914568345651982,0.0007228885961486321,0.0008365763390803172,0.0022911582878721516,0.0005303891392639727,0.000595955874460113,0.1375108705842454,12.680284864512831,0.2398289850368031,0.33726130856914666
669,adam,669,670,3.6063381031467036e-05,1,6.99859971109026e-07,1.3638919905766713e-08,2.8901452454894825e-07,8.702523861201189e-07,1,1,,0,7.302981035832688e-09,-17.12416790836857,-0.08793748678516948,-0.6936821174165452,0.0015923573518735103,0.0007228885961486321,0.0008365763390803172,0.0022911582878721516,0.0005303891392639727,0.000595955874460113,0.1375108705842454,12.680284864512831,0.2398289930809448,0.3372613206225884
670,adam,670,671,3.570274722115236e-05,1,6.99859971109026e-07,1.3637919174460534e-08,2.88940110984619e-07,8.524422001232392e-07,1,1,,0,9.460712714746063e-09,-17.12416790836857,-0.08793755889994344,-0.6936823679431117,0.0015932457016305955,0.0007228885961486321,0.0008365763390803172,0.0022911582878721516,0.0005303891392639727,0.000595955874460113,0.1375108705842454,12.680284864512831,0.23982900640203014,0.3372613331933295
671,adam,671,672,3.534571974894084e-05,1,6.997069047853542e-07,1.3874993251722955e-08,3.024155678825056e-07,8.41073003232846e-07,1,2,,0,2.3229481860348356e-10,-17.12481690685536,-0.08793299722482478,-0.6936826044036472,0.0015941224305314938,0.0007228277591857144,0.0008364848503023556,0.002291219554053974,0.0005303574935831761,0.0005959203769709317,0.13750699450788414,12.679287824990684,0.2398290243717444,0.3372613462082469
672,adam,672,673,3.499226255145143e-05,1,6.997069047853542e-07,1.3874186228363953e-08,3.023630863420973e-07,8.347374393520918e-07,1,1,,0,2.1702865872543926e-09,-17.12481690685536,-0.08793273986477242,-0.6936828258242294,0.001594987126234384,0.0007228277591857144,0.0008364848503023556,0.002291219554053974,0.0005303574935831761,0.0005959203769709317,0.13750699450788414,12.679287824990684,0.23982904651295534,0.33726135948869534
673,adam,673,674,3.464233992593692e-05,1,6.997069047853542e-07,1.3873452362355766e-08,3.0231800068281356e-07,8.320292503593342e-07,1,1,,0,4.315646298752899e-09,-17.12481690685536,-0.08793233522580368,-0.6936830337337234,0.0015958403428674936,0.0007228277591857144,0.0008364848503023556,0.002291219554053974,0.0005303574935831761,0.0005959203769709317,0.13750699450788414,12.679287824990684,0.2398290723174817,0.3372613729902097
674,adam,674,675,3.4295916526677546e-05,1,6.997069047853542e-07,1.387278372787991e-08,3.02279482914022e-07,8.317454865040632e-07,1,1,,0,6.453985488249301e-09,-17.12481690685536,-0.0879318006941462,-0.693683229497365,0.001596682581411059,0.0007228277591857144,0.0008364848503023556,0.002291219554053974,0.0005303574935831761,0.0005959203769709317,0.13750699450788414,12.679287824990684,0.2398291013327522,0.3372613866733222
675,adam,675,676,3.395295736141077e-05,1,6.997069047853542e-07,1.3872173303513462e-08,3.022467985169468e-07,8.329656695197854e-07,1,1,,0,8.586790719883892e-09,-17.12481690685536,-0.08793115177260827,-0.6936834143343321,0.0015975142953713408,0.0007228277591857144,0.0008364848503023556,0.002291219554053974,0.0005303574935831761,0.0005959203769709317,0.13750699450788414,12.679287824990684,0.2398291331557596,0.33726140050301184
676,adam,676,677,3.361342778779666e-05,1,6.995154878304451e-07,1.3446049551536941e-08,2.763984419671748e-07,8.350042375226985e-07,1,2,,0,1.1243816521392277e-10,-17.1254895402979,-0.08793482749444846,-0.6936835893334328,0.0015983358958437345,0.0007226961824395998,0.0008363704250094244,0.0022906702642251026,0.0005303079460728986,0.0005959058023378594,0.13750684244319214,12.679765120580395,0.23982916742767457,0.33726141444821534
677,adam,677,678,3.3277293509918694e-05,1,6.995154878304451e-07,1.3445512986176595e-08,2.763698491368818e-07,8.357723317136281e-07,1,1,,0,2.145625627709306e-09,-17.1254895402979,-0.0879340125143176,-0.6936837586675073,0.0015991482752495897,0.0007226961824395998,0.0008363704250094244,0.0022906702642251026,0.0005303079460728986,0.0005959058023378594,0.13750684244319214,12.679765120580395,0.23982920360913523,0.33726142863915587
678,adam,678,679,3.294452057481951e-05,1,6.995154878304451e-07,1.344500882845475e-08,2.763445900002508e-07,8.364421356689667e-07,1,1,,0,4.288796551043863e-09,-17.1254895402979,-0.08793314039055794,-0.6936839228304453,0.0015999517121868365,0.0007226961824395998,0.0008363704250094244,0.0022906702642251026,0.0005303079460728986,0.0005959058023378594,0.13750684244319214,12.679765120580395,0.23982924144165466,0.3372614430329731
679,adam,679,680,3.2615075369071314e-05,1,6.995154878304451e-07,1.3444533809537828e-08,2.7632230053620304e-07,8.368443629517329e-07,1,1,,0,6.431383339325072e-09,-17.1254895402979,-0.08793221852795174,-0.6936840822640863,0.0016007464615818083,0.0007226961824395998,0.0008363704250094244,0.0022906702642251026,0.0005303079460728986,0.0005959058023378594,0.13750684244319214,12.679765120580395,0.23982928069520826,0.3372614575916032
680,adam,680,681,3.2288924615380604e-05,1,6.995154878304451e-07,1.3444085021987632e-08,2.7630265696027517e-07,8.368699435220409e-07,1,1,,0,8.571927041284821e-09,-17.1254895402979,-0.08793125352407108,-0.6936842373637938,0.0016015327571867054,0.0007226961824395998,0.0008363704250094244,0.0022906702642251026,0.0005303079460728986,0.0005959058023378594,0.13750684244319214,12.679765120580395,0.23982932116514522,0.337261472281256
681,adam,681,682,3.196603536922679e-05,1,6.993158334866352e-07,1.2536403644525149e-08,2.120381367007624e-07,8.364541786559869e-07,1,2,,0,6.547293860624226e-10,-17.126166086576596,-0.08793927158356285,-0.6936843884834325,0.0016023108138077738,0.000722530593343899,0.0008362510588852102,0.0022897646205538597,0.0005302507443330647,0.0005959040122456409,0.1375089005006531,12.681110647288687,0.23982936266943491,0.3372614870719503
682,adam,682,683,3.1646375015534524e-05,1,6.993158334866352e-07,1.2535906092068746e-08,2.1200321273765185e-07,8.309402500675831e-07,1,1,,0,2.2018905987531757e-09,-17.126166086576596,-0.08793828558354432,-0.6936845420415096,0.001603082107074382,0.000722530593343899,0.0008362510588852102,0.0022897646205538597,0.0005302507443330647,0.0005959040122456409,0.1375089005006531,12.681110647288687,0.2398294044891004,0.3372615021872296
683,adam,683,684,3.132991126537918e-05,1,6.993158334866352e-07,1.2535418297823604e-08,2.1196920228917994e-07,8.252961695699328e-07,1,1,,0,4.26477090682249e-09,-17.126166086576596,-0.08793731493683518,-0.6936846976071142,0.001603846670107635,0.000722530593343899,0.0008362510588852102,0.0022897646205538597,0.0005302507443330647,0.0005959040122456409,0.1375089005006531,12.681110647288687,0.2398294465455708,0.3372615175742343
684,adam,684,685,3.101661215272539e-05,1,6.993158334866352e-07,1.2534939622023151e-08,2.11936031822624e-07,8.195330621464446e-07,1,1,,0,6.344974682759328e-09,-17.126166086576596,-0.08793635873055461,-0.6936848547974039,0.0016046045386761134,0.000722530593343899,0.0008362510588852102,0.0022897646205538597,0.0005302507443330647,0.0005959040122456409,0.1375089005006531,12.681110647288687,0.23982948876918722,0.33726153318598584
685,adam,685,686,3.070644603119813e-05,1,6.993158334866352e-07,1.2534469491004225e-08,2.1190363562807593e-07,8.136628313504133e-07,1,1,,0,8.418262697984587e-09,-17.126166086576596,-0.08793541614505584,-0.6936850132723937,0.001605355750854772,0.000722530593343899,0.0008362510588852102,0.0022897646205538597,0.0005302507443330647,0.0005959040122456409,0.1375089005006531,12.681110647288687,0.2398295310982341,0.33726154898074956
686,adam,686,687,3.0399381570886156e-05,1,6.991338503145447e-07,1.1322566397324123e-08,1.2792480902541766e-07,8.076976518124981e-07,1,2,,0,1.3184192659125306e-09,-17.126843562108483,-0.08794466127640328,-0.6936851727303056,0.001606100346722257,0.0007223557905315318,0.0008361422428717166,0.0022885780311269724,0.0005301934039215662,0.0005959101882957105,0.13751236652353227,12.683027523358987,0.23982957347807662,0.3372615649214655
687,adam,687,688,3.009538775517729e-05,1,6.991338503145447e-07,1.1322200117082236e-08,1.2792302525262843e-07,7.930664310943809e-07,1,1,,0,2.375429614586065e-09,-17.126843562108483,-0.08794381413991215,-0.6936853406652708,0.0016068400834077109,0.0007223557905315318,0.0008361422428717166,0.0022885780311269724,0.0005301934039215662,0.0005959101882957105,0.13751236652353227,12.683027523358987,0.2398296146109462,0.3372615811441835
688,adam,688,689,2.979443387762552e-05,1,6.991338503145447e-07,1.1321849805341916e-08,1.279212155681884e-07,7.796128611431043e-07,1,1,,0,4.185125221170222e-09,-17.126843562108483,-0.08794304081987972,-0.693685515930946,0.0016075748034605748,0.0007223557905315318,0.0008361422428717166,0.0022885780311269724,0.0005301934039215662,0.0005959101882957105,0.13751236652353227,12.683027523358987,0.23982965460025515,0.3372615975998446
689,adam,689,690,2.9496489538849264e-05,1,6.991338503145447e-07,1.1321513987030357e-08,1.2791938471655328e-07,7.671678880827143e-07,1,1,,0,6.081284248451145e-09,-17.126843562108483,-0.08794233341635395,-0.6936856975068646,0.0016083043725218704,0.0007223557905315318,0.0008361422428717166,0.0022885780311269724,0.0005301934039215662,0.0005959101882957105,0.13751236652353227,12.683027523358987,0.23982969353857378,0.3372616142448789
690,adam,690,691,2.9201524643460766e-05,1,6.991338503145447e-07,1.1321191342918462e-08,1.279175369122764e-07,7.555886154368275e-07,1,1,,0,7.981748660904846e-09,-17.126843562108483,-0.08794168488217846,-0.6936858844848205,0.0016090286767792771,0.0007223557905315318,0.0008361422428717166,0.0022885780311269724,0.0005301934039215662,0.0005959101882957105,0.13751236652353227,12.683027523358987,0.23982973150879353,0.33726163104060886
691,adam,691,692,2.890950939702616e-05,1,6.991338503145447e-07,1.1320880692955913e-08,1.279156758975912e-07,7.447543255379237e-07,1,1,,0,9.86874727906411e-09,-17.126843562108483,-0.08794108893105443,-0.6936860760567249,0.0016097476206959399,0.0007223557905315318,0.0008361422428717166,0.0022885780311269724,0.0005301934039215662,0.0005959101882957105,0.13751236652353227,12.683027523358987,0.2398297685851651,0.33726164795271674
692,adam,692,693,2.86204143030559e-05,1,6.989647511521767e-07,1.210504488219601e-08,2.257559800451231e-07,7.345630456837493e-07,1,2,,0,2.255079974828488e-09,-17.12763900539192,-0.08795018778507532,-0.6936862715037727,0.00161046112498449,0.0007221693253980637,0.0008360411180989705,0.0022870237820486554,0.0005301346661377476,0.0005959198413167482,0.13751687019345477,12.685477389201912,0.23982980483422545,0.33726166495077065
693,adam,693,694,2.8334210160025338e-05,1,6.989647511521767e-07,1.210608507836259e-08,2.2585777301518397e-07,7.121374426388597e-07,1,1,,0,2.84116978006144e-09,-17.12763900539192,-0.08794979198774915,-0.6936864793036271,0.0016111711885445892,0.0007221693253980637,0.0008360411180989705,0.0022870237820486554,0.0005301346661377476,0.0005959198413167482,0.13751687019345477,12.685477389201912,0.23982983730974533,0.3372616817900992
694,adam,694,695,2.8050868058425085e-05,1,6.989647511521767e-07,1.2106744744970634e-08,2.2592041060484027e-07,6.943885648509729e-07,1,1,,0,4.1775154785258814e-09,-17.12763900539192,-0.0879495319281325,-0.6936866978218681,0.0016118775178920583,0.0007221693253980637,0.0008360411180989705,0.0022870237820486554,0.0005301346661377476,0.0005959198413167482,0.13751687019345477,12.685477389201912,0.23982986641697196,0.33726169847217746
695,adam,695,696,2.7770359377840834e-05,1,6.989647511521767e-07,1.2107067053092967e-08,2.259483594289212e-07,6.80357421768516e-07,1,1,,0,5.731976248104279e-09,-17.12763900539192,-0.08794939199942405,-0.6936869256037146,0.001612579857185628,0.0007221693253980637,0.0008360411180989705,0.0022870237820486554,0.0005301346661377476,0.0005959198413167482,0.13751687019345477,12.685477389201912,0.2398298925177935,0.3372617149985864
696,adam,696,697,2.749265578406243e-05,1,6.989647511521767e-07,1.2107090854737042e-08,2.259456256956064e-07,6.692315044746151e-07,1,1,,0,7.349662112655112e-09,-17.12763900539192,-0.08794935828503268,-0.6936871613545343,0.0016132779841090713,0.0007221693253980637,0.0008360411180989705,0.0022870237820486554,0.0005301346661377476,0.0005959198413167482,0.13751687019345477,12.685477389201912,0.2398299159353606,0.33726173137098153
697,adam,697,698,2.72177292262218e-05,1,6.989647511521767e-07,1.2106851059613404e-08,2.259157990468822e-07,6.603368557289303e-07,1,1,,0,8.985746228945978e-09,-17.12763900539192,-0.08794941837674428,-0.693687403922468,0.001613971706199378,0.0007221693253980637,0.0008360411180989705,0.0022870237820486554,0.0005301346661377476,0.0005959198413167482,0.13751687019345477,12.685477389201912,0.2398299369582174,0.3372617475910669
698,adam,698,699,2.6945551933959582e-05,1,6.988245925707252e-07,1.6586180057461423e-08,5.28127714963145e-07,6.531249719140812e-07,1,2,,0,7.484600822921043e-10,-17.12835371667439,-0.08795161443783572,-0.6936876522829337,0.0016146608575708273,0.0007220423714498169,0.0008359572911164333,0.002285975082894487,0.0005300878906056951,0.0005959127574578575,0.13751838336527458,12.686729460264697,0.23982995584399408,0.33726176366057475
699,adam,699,700,2.6676096414619988e-05,1,6.988245925707252e-07,1.658048770975574e-08,5.278073379021917e-07,6.492366438718507e-07,1,1,,0,1.8254783030731227e-09,-17.12835371667439,-0.08795191142002952,-0.6936879101718517,0.0016153463082493513,0.0007220423714498169,0.0008359572911164333,0.002285975082894487,0.0005300878906056951,0.0005959127574578575,0.13751838336527458,12.686729460264697,0.2398299698000939,0.3372617790874356
700,adam,700,701,2.6409335450473786e-05,1,6.988245925707252e-07,1.6572917176309434e-08,5.27378851886307e-07,6.505110136589751e-07,1,1,,0,3.459611789630008e-09,-17.12835371667439,-0.0879523441939304,-0.6936881762390424,0.0016160278187163533,0.0007220423714498169,0.0008359572911164333,0.002285975082894487,0.0005300878906056951,0.0005959127574578575,0.13751838336527458,12.686729460264697,0.23982997938932327,0.33726179393220196
701,adam,701,702,2.614524209596905e-05,1,6.988245925707252e-07,1.65637081517306e-08,5.268559165602153e-07,6.551394961430858e-07,1,1,,0,5.160909318408728e-09,-17.12835371667439,-0.08795289639133888,-0.6936884492840235,0.0016167051810537412,0.0007220423714498169,0.0008359572911164333,0.002285975082894487,0.0005300878906056951,0.0005959127574578575,0.13751838336527458,12.686729460264697,0.2398299851142957,0.33726180824922003
702,adam,702,703,2.5883789675009356e-05,1,6.988245925707252e-07,1.6553075737839095e-08,5.26250777940845e-07,6.617365092353255e-07,1,1,,0,6.895373142445029e-09,-17.12835371667439,-0.08795355341547341,-0.693688728239651,0.0016173782154773827,0.0007220423714498169,0.0008359572911164333,0.002285975082894487,0.0005300878906056951,0.0005959127574578575,0.13751838336527458,12.686729460264697,0.2398299874237826,0.3372618220872549
703,adam,703,704,2.5624951778259265e-05,1,6.988245925707252e-07,1.6541212546348613e-08,5.255743948454093e-07,6.692848678089129e-07,1,1,,0,8.656602278676932e-09,-17.12835371667439,-0.0879543022517009,-0.6936890121575476,0.0016180467672480012,0.0007220423714498169,0.0008359572911164333,0.002285975082894487,0.0005300878906056951,0.0005959127574578575,0.13751838336527458,12.686729460264697,0.23982998671839859,0.3372618354900542
704,adam,704,705,2.5368702260476674e-05,1,6.986421952545532e-07,1.1121180064735628e-08,1.291395723686889e-07,6.770652050397899e-07,1,2,,0,2.394891688632963e-09,-17.128831526278436,-0.08794430322790378,-0.6936893001951216,0.0016187107039148617,0.0007220372146204613,0.0008358481891196231,0.0022867601896200416,0.0005300602814649254,0.0005958520554583571,0.13751016152141904,12.683903651628137,0.2398299833556918,0.3372618484968565
705,adam,705,706,2.5115015237871907e-05,1,6.986421952545532e-07,1.1120692449154363e-08,1.291377368831685e-07,6.62503731549062e-07,1,1,,0,2.9260129006644055e-09,-17.128831526278436,-0.08794508870134891,-0.6936895841889612,0.0016193677236730286,0.0007220372146204613,0.0008358481891196231,0.0022867601896200416,0.0005300602814649254,0.0005958520554583571,0.13751016152141904,12.683903651628137,0.23982998165881406,0.3372618618001741
706,adam,706,707,2.4863865085493185e-05,1,6.986421952545532e-07,1.1120249621208821e-08,1.291359241206382e-07,6.494539816242235e-07,1,1,,0,4.172069876900458e-09,-17.128831526278436,-0.08794583486946164,-0.6936898643349859,0.001620017987664372,0.0007220372146204613,0.0008358481891196231,0.0022867601896200416,0.0005300602814649254,0.0005958520554583571,0.13751016152141904,12.683903651628137,0.23982998143662987,0.3372618753526817
707,adam,707,708,2.4615226434638252e-05,1,6.986421952545532e-07,1.1119846670968234e-08,1.2913413319355301e-07,6.37673321134977e-07,1,1,,0,5.648888036133094e-09,-17.128831526278436,-0.0879465454563892,-0.693690140809925,0.001620661644866515,0.0007220372146204613,0.0008358481891196231,0.0022867601896200416,0.0005300602814649254,0.0005958520554583571,0.13751016152141904,12.683903651628137,0.239829982518687,0.3372618891122857
708,adam,708,709,2.4369074170291873e-05,1,6.986421952545532e-07,1.111947925258227e-08,1.2913236329481208e-07,6.269580189154097e-07,1,1,,0,7.194580905957128e-09,-17.128831526278436,-0.08794722379193165,-0.6936904137733885,0.0016212988333614642,0.0007220372146204613,0.0008358481891196231,0.0022867601896200416,0.0005300602814649254,0.0005958520554583571,0.13751016152141904,12.683903651628137,0.23982998475298783,0.33726190304156
709,adam,709,710,2.4125383428588952e-05,1,6.986421952545532e-07,1.1119143516390074e-08,1.2913061368952563e-07,6.171376322205829e-07,1,1,,0,8.757335543393215e-09,-17.128831526278436,-0.08794787285385376,-0.6936906833697138,0.0016219296814667633,0.0007220372146204613,0.0008358481891196231,0.0022867601896200416,0.0005300602814649254,0.0005958520554583571,0.13751016152141904,12.683903651628137,0.23982998800400157,0.3372619171072421
710,adam,710,711,2.3884129594303063e-05,1,6.985010277326175e-07,1.1295037305561724e-08,1.258082363270405e-07,6.080699815851977e-07,1,2,,0,1.3420338796488656e-09,-17.129313093600285,-0.08793753569818638,-0.6936909497296114,0.0016225543087453618,0.0007220324992096376,0.0008357637391826816,0.0022873144514254386,0.0005300372772220094,0.0005958010111054892,0.13750344933517109,12.68169479104174,0.23982999215088982,0.3372619312797839
711,adam,711,712,2.3645288298360033e-05,1,6.985010277326175e-07,1.1295049378881982e-08,1.258062545267273e-07,5.945826308534274e-07,1,1,,0,2.0255825332458318e-09,-17.129313093600285,-0.08793807246965815,-0.6936912075157781,0.0016231712513246968,0.0007220324992096376,0.0008357637391826816,0.0022873144514254386,0.0005300372772220094,0.0005958010111054892,0.13750344933517109,12.68169479104174,0.239829998506436,0.3372619456026763
712,adam,712,713,2.340883541537643e-05,1,6.985010277326175e-07,1.129504034522861e-08,1.2580432437721918e-07,5.833996671728374e-07,1,1,,0,3.3378413652583143e-09,-17.129313093600285,-0.08793853297412935,-0.6936914574728874,0.001623780798320434,0.0007220324992096376,0.0008357637391826816,0.0022873144514254386,0.0005300372772220094,0.0005958010111054892,0.13750344933517109,12.68169479104174,0.23983000680727432,0.33726196004423525
713,adam,713,714,2.3174747061222666e-05,1,6.985010277326175e-07,1.1295012702556564e-08,1.258024417559392e-07,5.740358034307848e-07,1,1,,0,4.757727531061382e-09,-17.129313093600285,-0.08793892554083806,-0.6936917002667613,0.0016243832124650174,0.0007220324992096376,0.0008357637391826816,0.0022873144514254386,0.0005300372772220094,0.0005958010111054892,0.13750344933517109,12.68169479104174,0.23983001681873875,0.33726197457634216
714,adam,714,715,2.294299959061044e-05,1,6.985010277326175e-07,1.1294968672707076e-08,1.2580060297105502e-07,5.660921847770676e-07,1,1,,0,6.1936708691156824e-09,-17.129313093600285,-0.0879392576009906,-0.6936919364928749,0.0016249787329129057,0.0007220324992096376,0.0008357637391826816,0.0022873144514254386,0.0005300372772220094,0.0005958010111054892,0.13750344933517109,12.68169479104174,0.23983002833175557,0.3372619891740561
715,adam,715,716,2.2713569594704337e-05,1,6.985010277326175e-07,1.1294910232145014e-08,1.257988047153761e-07,5.592452665116754e-07,1,1,,0,7.624490002888644e-09,-17.129313093600285,-0.0879395357845629,-0.6936921666839428,0.0016255675777459308,0.0007220324992096376,0.0008357637391826816,0.0022873144514254386,0.0005300372772220094,0.0005958010111054892,0.13750344933517109,12.68169479104174,0.23983004116007303,0.3372620038152688
716,adam,716,717,2.248643389875729e-05,1,6.985010277326175e-07,1.129483913916653e-08,1.2579704402546282e-07,5.532356544085205e-07,1,1,,0,9.044072728355695e-09,-17.129313093600285,-0.08793976600666566,-0.6936923913166865,0.0016261499462070347,0.0007220324992096376,0.0008357637391826816,0.0022873144514254386,0.0005300372772220094,0.0005958010111054892,0.13750344933517109,12.68169479104174,0.2398300551377912,0.33726201848039694
717,adam,717,718,2.2261569559769718e-05,1,6.983456130860592e-07,1.1498635246520158e-08,1.245928695946593e-07,5.478575838292794e-07,1,2,,0,1.17374641404771e-10,-17.129915767138595,-0.08793398206233113,-0.6936926108178696,0.001626726020693941,0.0007219703482549168,0.0008356707563903737,0.002287189416477055,0.0005300006676408575,0.0005957669174294827,0.1375000532976407,12.680899933387206,0.23983007011715918,0.33726203315210806
718,adam,718,719,2.203895386417202e-05,1,6.983456130860592e-07,1.1498478172523722e-08,1.2459114706066748e-07,5.430213238599095e-07,1,1,,0,1.4132439139919106e-09,-17.129915767138595,-0.08793411567866515,-0.6936928242120101,0.001627295432642576,0.0007219703482549168,0.0008356707563903737,0.002287189416477055,0.0005300006676408575,0.0005957669174294827,0.1375000532976407,12.680899933387206,0.23983008617877022,0.33726204781516106
719,adam,719,720,2.18185643255303e-05,1,6.983456130860592e-07,1.149831250026427e-08,1.245894634898428e-07,5.3869678296435e-07,1,1,,0,2.8120185153890107e-09,-17.129915767138595,-0.0879342014549792,-0.6936930320004039,0.0016278583986779323,0.0007219703482549168,0.0008356707563903737,0.002287189416477055,0.0005300006676408575,0.0005957669174294827,0.1375000532976407,12.680899933387206,0.23983010318056447,0.3372620624559922
720,adam,720,721,2.1600378682274997e-05,1,6.983456130860592e-07,1.1498139408343062e-08,1.2458781598669382e-07,5.347317542140309e-07,1,1,,0,4.199571048016201e-09,-17.129915767138595,-0.08793424480408014,-0.6936932346315968,0.001628415116533002,0.0007219703482549168,0.0008356707563903737,0.002287189416477055,0.0005300006676408575,0.0005957669174294827,0.1375000532976407,12.680899933387206,0.2398301209960724,0.33726207706263606
721,adam,721,722,2.1384374895452244e-05,1,6.983456130860592e-07,1.149795994478559e-08,1.2458620195661536e-07,5.310101755760793e-07,1,1,,0,5.5755296351048706e-09,-17.129915767138595,-0.08793425055348884,-0.6936934325070707,0.0016289657670497844,0.0007219703482549168,0.0008356707563903737,0.002287189416477055,0.0005300006676408575,0.0005957669174294827,0.1375000532976407,12.680899933387206,0.23983013951272641,0.33726209162455084
722,adam,722,723,2.1170531146497724e-05,1,6.983456130860592e-07,1.1497775041368438e-08,1.2458461907368442e-07,5.274446702816005e-07,1,1,,0,6.940286944248532e-09,-17.129915767138595,-0.0879342230085669,-0.6936936259863148,0.0016295105159646142,0.0007219703482549168,0.0008356707563903737,0.002287189416477055,0.0005300006676408575,0.0005957669174294827,0.1375000532976407,12.680899933387206,0.23983015863035542,0.33726210613246405
723,adam,723,724,2.0958825835032745e-05,1,6.983456130860592e-07,1.1497585526357068e-08,1.2458306525165912e-07,5.23970408770488e-07,1,1,,0,8.294235373696856e-09,-17.129915767138595,-0.08793416600883742,-0.6936938153913491,0.0016300495155004975,0.0007219703482549168,0.0008356707563903737,0.002287189416477055,0.0005300006676408575,0.0005957669174294827,0.1375000532976407,12.680899933387206,0.23983017825984237,0.3372621205782334
724,adam,724,725,2.0749237576682418e-05,1,6.983456130860592e-07,1.1497392135828406e-08,1.245815386184611e-07,5.205401308277255e-07,1,1,,0,9.637686968141727e-09,-17.129915767138595,-0.08793408297823067,-0.6936940010107613,0.0016305829057879006,0.0007219703482549168,0.0008356707563903737,0.002287189416477055,0.0005300006676408575,0.0005957669174294827,0.1375000532976407,12.680899933387206,0.2398301983219271,0.33726213495472407
725,adam,725,726,2.0541745200915595e-05,1,6.981699007342925e-07,1.1208443374885524e-08,1.2498566905389244e-07,5.171201542812402e-07,1,2,,0,7.890804749790015e-11,-17.130602031330618,-0.08793361791730188,-0.6936941831033047,0.0016311108161336345,0.0007218578213940068,0.0008355656172523451,0.002286585454008124,0.0005299521720589698,0.0005957473448944319,0.13749934124895097,12.681205651087767,0.2398302187461385,0.3372621492556982
726,adam,726,727,2.0336327748906438e-05,1,6.981699007342925e-07,1.120831628414736e-08,1.2498426038529246e-07,5.12829592736034e-07,1,1,,0,1.3260561964774742e-09,-17.130602031330618,-0.08793350342990162,-0.6936943632940414,0.0016316335339268016,0.0007218578213940068,0.0008355656172523451,0.002286585454008124,0.0005299521720589698,0.0005957473448944319,0.13749934124895097,12.681205651087767,0.23983023917809218,0.33726216350928634
727,adam,727,728,2.0132964471417376e-05,1,6.981699007342925e-07,1.120818873627839e-08,1.2498286753714988e-07,5.085445875422793e-07,1,1,,0,2.6394382181915487e-09,-17.130602031330618,-0.08793338150928995,-0.6936945416282664,0.0016321511504646207,0.0007218578213940068,0.0008355656172523451,0.002286585454008124,0.0005299521720589698,0.0005957473448944319,0.13749934124895097,12.681205651087767,0.23983025959636473,0.3372621777068301
728,adam,728,729,1.9931634826703198e-05,1,6.981699007342925e-07,1.1208060924533821e-08,1.2498149001994506e-07,5.042662544178359e-07,1,1,,0,3.942309781384546e-09,-17.130602031330618,-0.0879332530885318,-0.6936947181478006,0.0016326637513933188,0.0007218578213940068,0.0008355656172523451,0.002286585454008124,0.0005299521720589698,0.0005957473448944319,0.13749934124895097,12.681205651087767,0.23983027998203885,0.33726219184073314
729,adam,729,730,1.973231847843617e-05,1,6.981699007342925e-07,1.1207933019689673e-08,1.2498012738615066e-07,4.999960574979998e-07,1,1,,0,5.234136388407251e-09,-17.130602031330618,-0.08793311899966531,-0.6936948928913547,0.0016331714172822221,0.0007218578213940068,0.0008355656172523451,0.002286585454008124,0.0005299521720589698,0.0005957473448944319,0.13749934124895097,12.681205651087767,0.239830300318431,0.3372622059043451
730,adam,730,731,1.9534995293651806e-05,1,6.981699007342925e-07,1.1207805172489549e-08,1.2497877922613468e-07,4.957356704348574e-07,1,1,,0,6.514853072031826e-09,-17.130602031330618,-0.0879329799845941,-0.6936950658948524,0.0016336742241355295,0.0007218578213940068,0.0008355656172523451,0.002286585454008124,0.0005299521720589698,0.0005957473448944319,0.13749934124895097,12.681205651087767,0.2398303205908482,0.3372622198918582
731,adam,731,732,1.933964534071529e-05,1,6.981699007342925e-07,1.1207677515833726e-08,1.249774451638455e-07,4.914868728995646e-07,1,1,,0,7.784475037296693e-09,-17.130602031330618,-0.08793283670480656,-0.6936952371917205,0.0016341722438485318,0.0007218578213940068,0.0008355656172523451,0.002286585454008124,0.0005299521720589698,0.0005957473448944319,0.13749934124895097,12.681205651087767,0.23983034078637128,0.3372622337982152
732,adam,732,733,1.9146248887308135e-05,1,6.981699007342925e-07,1.1207550166734448e-08,1.2497612485358662e-07,4.872514745759294e-07,1,1,,0,9.043042119523425e-09,-17.130602031330618,-0.08793268975004395,-0.693695406813146,0.0016346655446156948,0.0007218578213940068,0.0008355656172523451,0.002286585454008124,0.0005299521720589698,0.0005957473448944319,0.13749934124895097,12.681205651087767,0.2398303608936618,0.33726224761902723
733,adam,733,734,1.8954786398435054e-05,1,6.980074537915472e-07,1.0928897044064459e-08,1.2613830727702018e-07,4.830312603719379e-07,1,2,,0,2.983832899857191e-10,-17.13125931730498,-0.08793477051797133,-0.6936955747883066,0.0016351541912939078,0.0007217347107578334,0.0008354684038259898,0.002285816758793884,0.0005299036959379036,0.0005957370538571796,0.13750002069383324,12.682020234154644,0.2398303809027893,0.3372622613505003
734,adam,734,735,1.8765238534450703e-05,1,6.980074537915472e-07,1.0928937619161857e-08,1.2613712094634224e-07,4.770872697183173e-07,1,1,,0,1.2572719265890166e-09,-17.13125931730498,-0.0879346409977386,-0.6936957434993404,0.0016356386934253053,0.0007217347107578334,0.0008354684038259898,0.002285816758793884,0.0005299036959379036,0.0005957370538571796,0.13750002069383324,12.682020234154644,0.23983040022307484,0.3372622749998329
735,adam,735,736,1.8577586149106196e-05,1,6.980074537915472e-07,1.092897816922735e-08,1.261359367749663e-07,4.714585594042921e-07,1,1,,0,2.4588381070083713e-09,-17.13125931730498,-0.08793452975381508,-0.6936959126963004,0.0016361190577060768,0.0007217347107578334,0.0008354684038259898,0.002285816758793884,0.0005299036959379036,0.0005957370538571796,0.13750002069383324,12.682020234154644,0.23983041891519002,0.33726228856299884
736,adam,736,737,1.8391810287615136e-05,1,6.980074537915472e-07,1.0929018655493646e-08,1.261347556572215e-07,4.6609608969696605e-07,1,1,,0,3.658907451184611e-09,-17.13125931730498,-0.08793443472595226,-0.6936960821577822,0.0016365952940701977,0.0007217347107578334,0.0008354684038259898,0.002285816758793884,0.0005299036959379036,0.0005957370538571796,0.13750002069383324,12.682020234154644,0.23983043703339066,0.3372623020365302
737,adam,737,738,1.8207892184738984e-05,1,6.980074537915472e-07,1.0929059044619502e-08,1.2613357838082044e-07,4.6095958187330567e-07,1,1,,0,4.849211419342495e-09,-17.13125931730498,-0.08793435407782596,-0.6936962516878259,0.0016370674153044107,0.0007217347107578334,0.0008354684038259898,0.002285816758793884,0.0005299036959379036,0.0005957370538571796,0.13750002069383324,12.682020234154644,0.23983045462620708,0.3372623154174557
738,adam,738,739,1.802581326289159e-05,1,6.980074537915472e-07,1.0929099307921154e-08,1.2613240563855328e-07,4.560159492282993e-07,1,1,,0,6.028390213655533e-09,-17.13125931730498,-0.08793428617285752,-0.6936964211131501,0.0016375354367047894,0.0007217347107578334,0.0008354684038259898,0.002285816758793884,0.0005299036959379036,0.0005957370538571796,0.13750002069383324,12.682020234154644,0.23983047173706,0.3372623287032449
739,adam,739,740,1.7845555130262677e-05,1,6.980074537915472e-07,1.0929139420721175e-08,1.2613123803862187e-07,4.512379993369003e-07,1,1,,0,7.1962156989482635e-09,-17.13125931730498,-0.08793422955264116,-0.6936965902806865,0.0016379993757722644,0.0007217347107578334,0.0008354684038259898,0.002285816758793884,0.0005299036959379036,0.0005957370538571796,0.13750002069383324,12.682020234154644,0.23983048840481017,0.3372623418917591
740,adam,740,741,1.766709957896005e-05,1,6.980074537915472e-07,1.092917936179738e-08,1.261300761138866e-07,4.4660336480868016e-07,1,1,,0,8.352753783701723e-09,-17.13125931730498,-0.08793418291769904,-0.6936967590553818,0.0016384592519392148,0.0007217347107578334,0.0008354684038259898,0.002285816758793884,0.0005299036959379036,0.0005957370538571796,0.13750002069383324,12.682020234154644,0.23983050466424885,0.33726235498120727
741,adam,741,742,1.749042858317045e-05,1,6.980074537915472e-07,1.0929219112909044e-08,1.2612892032997823e-07,4.4209362500431386e-07,1,1,,0,9.498159241535658e-09,-17.13125931730498,-0.08793414511031049,-0.6936969273182355,0.0016389150863272191,0.0007217347107578334,0.0008354684038259898,0.002285816758793884,0.0005299036959379036,0.0005957370538571796,0.13750002069383324,12.682020234154644,0.2398305205465353,0.33726236797010734
742,adam,742,743,1.7315524297338745e-05,1,6.978451967497764e-07,1.114345228988392e-08,1.2709914159882897e-07,4.3769358634868803e-07,1,2,,0,2.328757531580157e-10,-17.131935661387068,-0.08793540941002317,-0.6936970949645522,0.0016393669015313812,0.0007216160676363265,0.0008353712927493836,0.0022850877503345136,0.0005298555335260342,0.0005957241324705389,0.13750032872926898,12.682707076700362,0.23983053607958746,0.33726238085725124
743,adam,743,744,1.7142369054365355e-05,1,6.978451967497764e-07,1.114353766792367e-08,1.2709810746353056e-07,4.325242370314115e-07,1,1,,0,1.1381886428669078e-09,-17.131935661387068,-0.08793540740794768,-0.6936972637926258,0.0016398150654987648,0.0007216160676363265,0.0008353712927493836,0.0022850877503345136,0.0005298555335260342,0.0005957241324705389,0.13750032872926898,12.682707076700362,0.2398305506645532,0.3372623936107027
744,adam,744,745,1.6970945363821705e-05,1,6.978451967497764e-07,1.1143595372963493e-08,1.2709707319989087e-07,4.2778026070712865e-07,1,1,,0,2.2390830491983865e-09,-17.131935661387068,-0.08793543011811156,-0.6936974335006746,0.0016402595629244553,0.0007216160676363265,0.0008353712927493836,0.0022850877503345136,0.0005298555335260342,0.0005957241324705389,0.13750032872926898,12.682707076700362,0.23983056439707354,0.337262406233351
745,adam,745,746,1.6801235910183485e-05,1,6.978451967497764e-07,1.1143628577567614e-08,1.2709603981691722e-07,4.2336855767045677e-07,1,1,,0,3.337459885884537e-09,-17.131935661387068,-0.08793547460225579,-0.6936976038211232,0.0016407003838417695,0.0007216160676363265,0.0008353712927493836,0.0022850877503345136,0.0005298555335260342,0.0005957241324705389,0.13750032872926898,12.682707076700362,0.23983057736254448,0.3372624187278886
746,adam,746,747,1.663322355108165e-05,1,6.978451967497764e-07,1.1143640115700485e-08,1.2709500820610696e-07,4.1921547262965947e-07,1,1,,0,4.4278997687216395e-09,-17.131935661387068,-0.08793553824235596,-0.6936977745168859,0.0016411375230131345,0.0007216160676363265,0.0008353712927493836,0.0022850877503345136,0.0005298555335260342,0.0005957241324705389,0.13750032872926898,12.682707076700362,0.23983058963721934,0.3372624310968297
747,adam,747,748,1.6466891315570834e-05,1,6.978451967497764e-07,1.1143632517723282e-08,1.270939791540235e-07,4.1526307815950077e-07,1,1,,0,5.509590277453127e-09,-17.131935661387068,-0.08793561870604988,-0.6936979453780513,0.0016415709793862377,0.0007216160676363265,0.0008353712927493836,0.0022850877503345136,0.0005298555335260342,0.0005957241324705389,0.13750032872926898,12.682707076700362,0.2398306012891922,0.3372624433425276
748,adam,748,749,1.6302222402415126e-05,1,6.978451967497764e-07,1.11436080419684e-08,1.2709295335386548e-07,4.1146608586391045e-07,1,1,,0,6.58243022608624e-09,-17.131935661387068,-0.08793571391579331,-0.6936981162189291,0.001642000755610282,0.0007216160676363265,0.0008353712927493836,0.0022850877503345136,0.0005298555335260342,0.0005957241324705389,0.13750032872926898,12.682707076700362,0.239830612379276,0.3372624554671897
749,adam,749,750,1.6139200178390973e-05,1,6.978451967497764e-07,1.114356870318362e-08,1.2709193141556964e-07,4.077893064134009e-07,1,1,,0,7.646479133400342e-09,-17.131935661387068,-0.08793582202133847,-0.6936982868754139,0.0016424268576034175,0.0007216160676363265,0.0008353712927493836,0.0022850877503345136,0.0005298555335260342,0.0005957241324705389,0.13750032872926898,12.682707076700362,0.23983062296178595,0.33726246747289146
750,adam,750,751,1.5977808176607064e-05,1,6.978451967497764e-07,1.1143516298125463e-08,1.2709091387489095e-07,4.042055787783574e-07,1,1,,0,8.701829331195202e-09,-17.131935661387068,-0.08793594137518285,-0.6936984572026361,0.001642849294168346,0.0007216160676363265,0.0008353712927493836,0.0022850877503345136,0.0005298555335260342,0.0005957241324705389,0.13750032872926898,12.682707076700362,0.23983063308523866,0.3372624793615891
751,adam,751,752,1.5818030094840994e-05,1,6.978451967497764e-07,1.1143452428559922e-08,1.270899012014343e-07,4.0069409377294874e-07,1,1,,0,9.748570269527934e-09,-17.131935661387068,-0.08793607051066304,-0.693698627072866,0.0016432680766493464,0.0007216160676363265,0.0008353712927493836,0.0022850877503345136,0.0005298555335260342,0.0005957241324705389,0.13750032872926898,12.682707076700362,0.2398306427929762,0.3372624911351303
752,adam,752,753,1.5659849793892583e-05,1,6.976784943054336e-07,1.1130181196498966e-08,1.2662662025945242e-07,3.972390446568556e-07,1,2,,0,1.4994005378290247e-11,-17.13257964870963,-0.08793366024507243,-0.6936987963736467,0.0016436832186260838,0.0007215287321333524,0.0008352715093342006,0.002284763474233471,0.0005298124304606728,0.000595697572906257,0.1374982821741422,12.682444766292017,0.2398306521237229,0.337262502795265
753,adam,753,754,1.5503251295953658e-05,1,6.976784943054336e-07,1.1130097762958916e-08,1.266256328118448e-07,3.938041033598445e-07,1,1,,0,1.0320753404349385e-09,-17.13257964870963,-0.08793380368809349,-0.6936989649322473,0.0016440945856887022,0.0007215287321333524,0.0008352715093342006,0.002284763474233471,0.0005298124304606728,0.000595697572906257,0.1374982821741422,12.682444766292017,0.2398306611039169,0.3372625143557271
754,adam,754,755,1.5348218782994118e-05,1,6.976784943054336e-07,1.1130006646050589e-08,1.266246520726267e-07,3.904081769735041e-07,1,1,,0,2.0561949139809315e-09,-17.13257964870963,-0.08793395210677006,-0.693699132670604,0.0016445022126837432,0.0007215287321333524,0.0008352715093342006,0.002284763474233471,0.0005298124304606728,0.000595697572906257,0.1374982821741422,12.682444766292017,0.2398306697654415,0.33726252581668115
755,adam,755,756,1.5194736595164179e-05,1,6.976784943054336e-07,1.1129908860559797e-08,1.266236782086474e-07,3.870443722789043e-07,1,1,,0,3.0719534909762613e-09,-17.13257964870963,-0.08793410473702658,-0.6936992995205057,0.0016449061340490841,0.0007215287321333524,0.0008352715093342006,0.002284763474233471,0.0005298124304606728,0.000595697572906257,0.1374982821741422,12.682444766292017,0.23983067813679423,0.33726253717837196
756,adam,756,757,1.5042789229212538e-05,1,6.976784943054336e-07,1.1129805309536407e-08,1.266227113607265e-07,3.8370769175781785e-07,1,1,,0,4.079338770971875e-09,-17.13257964870963,-0.0879342608999798,-0.6936994654225164,0.0016453063838275759,0.0007215287321333524,0.0008352715093342006,0.002284763474233471,0.0005298124304606728,0.000595697572906257,0.1374982821741422,12.682444766292017,0.23983068624345127,0.33726254844111553
757,adam,757,758,1.489236133692041e-05,1,6.976784943054336e-07,1.1129696796295179e-08,1.266217516471193e-07,3.8039459601151497e-07,1,1,,0,5.078359763538765e-09,-17.13257964870963,-0.08793441999271644,-0.6936996303250114,0.0016457029956809758,0.0007215287321333524,0.0008352715093342006,0.002284763474233471,0.0005298124304606728,0.000595697572906257,0.1374982821741422,12.682444766292017,0.2398306941081924,0.3372625596052898
758,adam,758,759,1.4743437723551208e-05,1,6.976784943054336e-07,1.1129584035148662e-08,1.2662079916560486e-07,3.7710265906277977e-07,1,1,,0,6.0690299547065726e-09,-17.13257964870963,-0.08793458148006578,-0.6936997941833215,0.0016460960029012505,0.0007215287321333524,0.0008352715093342006,0.002284763474233471,0.0005298124304606728,0.000595697572906257,0.1374982821741422,12.682444766292017,0.2398307017513915,0.3372625706713267
759,adam,759,760,1.4596003346315696e-05,1,6.976784943054336e-07,1.1129467660995208e-08,1.2661985399576015e-07,3.7383029776615133e-07,1,1,,0,7.051365597367845e-09,-17.13257964870963,-0.0879347448872588,-0.6936999569589667,0.0016464854384217963,0.0007215287321333524,0.0008352715093342006,0.002284763474233471,0.0005298124304606728,0.000595697572906257,0.1374982821741422,12.682444766292017,0.23983070919127522,0.3372625816397056
760,adam,760,761,1.4450043312852539e-05,1,6.976784943054336e-07,1.1129348237903633e-08,1.2661891620107444e-07,3.7057656015149787e-07,1,1,,0,8.02538565723381e-09,-17.13257964870963,-0.08793490979338016,-0.6937001186189758,0.0016468713348274078,0.0007215287321333524,0.0008352715093342006,0.002284763474233471,0.0005298124304606728,0.000595697572906257,0.1374982821741422,12.682444766292017,0.23983071644415394,0.3372625925109468
761,adam,761,762,1.4305542879724013e-05,1,6.976784943054336e-07,1.112922626676785e-08,1.2661798583098003e-07,3.6734096054710016e-07,1,1,,0,8.991111973598516e-09,-17.13257964870963,-0.08793507582552516,-0.6937002791352777,0.0016472537243632888,0.0007215287321333524,0.0008352715093342006,0.002284763474233471,0.0005298124304606728,0.000595697572906257,0.1374982821741422,12.682444766292017,0.23983072352462811,0.33726260328560603
762,adam,762,763,1.4162487450926773e-05,1,6.976784943054336e-07,1.1129102192150586e-08,1.2661706292196544e-07,3.641233517136908e-07,1,1,,0,9.94856938459167e-09,-17.13257964870963,-0.08793524265358772,-0.6937004384841587,0.0016476326389436007,0.0007215287321333524,0.0008352715093342006,0.002284763474233471,0.0005298124304606728,0.000595697572906257,0.1374982821741422,12.682444766292017,0.23983073044577205,0.33726261396427004
763,adam,763,764,1.4020862576417504e-05,1,6.975106724194594e-07,1.0887622669849442e-08,1.2497929080983263e-07,3.6092382621918083e-07,1,2,,0,2.6366117901708023e-10,-17.13318469267151,-0.08793013696582994,-0.6937005966457811,0.001648008110159222,0.0007214681854951832,0.0008351710438104636,0.0022847840029978804,0.000529774908429327,0.0005956606832056418,0.13749436866889822,12.681408077934913,0.23983073721929807,0.3372626245475519
764,adam,764,765,1.388065395065333e-05,1,6.975106724194594e-07,1.0887648703406e-08,1.249783241222322e-07,3.57035624561972e-07,1,1,,0,9.617783750464971e-10,-17.13318469267151,-0.08793028851543536,-0.693700752205535,0.0016483796896945417,0.0007214681854951832,0.0008351710438104636,0.0022847840029978804,0.000529774908429327,0.0005956606832056418,0.13749436866889822,12.681408077934913,0.2398307442729324,0.3372626350771394
765,adam,765,766,1.3741847411146797e-05,1,6.975106724194594e-07,1.0887675814587102e-08,1.2497737193528006e-07,3.5330381587220564e-07,1,1,,0,1.8714711992981653e-09,-17.13318469267151,-0.08793042594552984,-0.69370090531371,0.0016487474647255307,0.0007214681854951832,0.0008351710438104636,0.0022847840029978804,0.000529774908429327,0.0005956606832056418,0.13749436866889822,12.681408077934913,0.2398307515670536,0.33726264554884905
766,adam,766,767,1.3604428937035329e-05,1,6.975106724194594e-07,1.0887703850663249e-08,1.2497643349015094e-07,3.497028526100067e-07,1,1,,0,2.7830336592337952e-09,-17.13318469267151,-0.08793055073149755,-0.6937010561055034,0.001649111516008359,0.0007214681854951832,0.0008351710438104636,0.0022847840029978804,0.000529774908429327,0.0005956606832056418,0.13749436866889822,12.681408077934913,0.2398307590664044,0.3372626559590387
767,adam,767,768,1.3468384647664975e-05,1,6.975106724194594e-07,1.088773267615624e-08,1.2497550810306438e-07,3.462121341032975e-07,1,1,,0,3.6878815449778858e-09,-17.13318469267151,-0.08793066419037819,-0.6937012047026421,0.0016494719185463705,0.0007214681854951832,0.0008351710438104636,0.0022847840029978804,0.000529774908429327,0.0005956606832056418,0.13749436866889822,12.681408077934913,0.2398307667396199,0.3372626663045481
768,adam,768,769,1.3333700801188325e-05,1,6.975106724194594e-07,1.0887762170873808e-08,1.2497459515679695e-07,3.4281505999671586e-07,1,1,,0,4.58449296599466e-09,-17.13318469267151,-0.08793076749794461,-0.693701351214831,0.0016498287421861549,0.0007214681854951832,0.0008351710438104636,0.0022847840029978804,0.000529774908429327,0.0005956606832056418,0.13749436866889822,12.681408077934913,0.23983077455880641,0.3372626765826464
769,adam,769,770,1.3200363793176441e-05,1,6.975106724194594e-07,1.0887792228178676e-08,1.2497369409387274e-07,3.394982590262025e-07,1,1,,0,5.47252627682365e-09,-17.13318469267151,-0.08793086170393687,-0.693701495741044,0.0016501820521480541,0.0007214681854951832,0.0008351710438104636,0.0022847840029978804,0.000529774908429327,0.0005956606832056418,0.13749436866889822,12.681408077934913,0.2398307824991662,0.3372626867909852
770,adam,770,771,1.3068360155244677e-05,1,6.975106724194594e-07,1.0887822753460753e-08,1.2497280441004692e-07,3.3625096257322204e-07,1,1,,0,6.351958136070319e-09,-17.13318469267151,-0.08793094774565283,-0.6937016383706741,0.0016505319095006016,0.0007214681854951832,0.0008351710438104636,0.0022847840029978804,0.000529774908429327,0.0005956606832056418,0.13749436866889822,12.681408077934913,0.23983079053866224,0.33726269692755634
771,adam,771,772,1.293767655369223e-05,1,6.975106724194594e-07,1.0887853662782288e-08,1.249719256486533e-07,3.33064497103697e-07,1,1,,0,7.222869939960565e-09,-17.13318469267151,-0.08793102646007135,-0.6937017791845613,0.001650878371583338,0.0007214681854951832,0.0008351710438104636,0.0022847840029978804,0.000529774908429327,0.0005956606832056418,0.13749436866889822,12.681408077934913,0.23983079865771934,0.3372627069906548
772,adam,772,773,1.2808299788155307e-05,1,6.975106724194594e-07,1.0887884881689102e-08,1.2497105739541527e-07,3.2993187377926587e-07,1,1,,0,8.085378969493302e-09,-17.13318469267151,-0.0879310985946672,-0.6937019182559081,0.0016512214923846997,0.0007214681854951832,0.0008351710438104636,0.0022847840029978804,0.000529774908429327,0.0005956606832056418,0.13749436866889822,12.681408077934913,0.23983080683895794,0.3372627169788451
773,adam,773,774,1.2680216790273755e-05,1,6.975106724194594e-07,1.088791634415201e-08,1.2497019927433435e-07,3.268474572080274e-07,1,1,,0,8.939612653574053e-09,-17.13318469267151,-0.08793116481705915,-0.693702055651096,0.0016515613228785678,0.0007214681854951832,0.0008351710438104636,0.0022847840029978804,0.000529774908429327,0.0005956606832056418,0.13749436866889822,12.681408077934913,0.239830815066956,0.3372627268909314
774,adam,774,775,1.2553414622371016e-05,1,6.975106724194594e-07,1.0887947991627605e-08,1.2496935094295401e-07,3.2380669844265706e-07,1,1,,0,9.785698210550496e-09,-17.13318469267151,-0.08793122572361688,-0.6937021914304143,0.0016518979113249997,0.0007214681854951832,0.0008351710438104636,0.0022847840029978804,0.000529774908429327,0.0005956606832056418,0.13749436866889822,12.681408077934913,0.2398308233280371,0.3372627367259311
775,adam,775,776,1.2427880476147307e-05,1,6.973481473041165e-07,1.089295398032927e-08,1.239528486616772e-07,3.208059200373497e-07,1,2,,0,8.476982958580992e-11,-17.13379340397768,-0.08792763960539107,-0.6937023256487098,0.0016522313035393357,0.000721396271241383,0.000835073737644836,0.002284651328423405,0.0005297358832794297,0.0005956298047844136,0.13749145972566515,12.680768631144453,0.2398308316100812,0.33726274648305116
776,adam,776,777,1.2303601671385834e-05,1,6.973481473041165e-07,1.0892979361414531e-08,1.2395200264310882e-07,3.177952258302189e-07,1,1,,0,8.2965811172752e-10,-17.13379340397768,-0.08792768439045823,-0.6937024577147775,0.0016525612762401795,0.000721396271241383,0.000835073737644836,0.002284651328423405,0.0005297358832794297,0.0005956298047844136,0.13749145972566515,12.680768631144453,0.2398308400516364,0.33726275617417895
777,adam,777,778,1.2180565654671974e-05,1,6.973481473041165e-07,1.0893003742305888e-08,1.2395116909234644e-07,3.148527485033403e-07,1,1,,0,1.649933690955765e-09,-17.13379340397768,-0.08792771908982884,-0.6937025877493596,0.0016528879023368476,0.000721396271241383,0.000835073737644836,0.002284651328423405,0.0005297358832794297,0.0005956298047844136,0.13749145972566515,12.680768631144453,0.23983084862567727,0.33726276579736786
778,adam,778,779,1.2058759998125255e-05,1,6.973481473041165e-07,1.089302721770575e-08,1.2395034737296815e-07,3.119670709773638e-07,1,1,,0,2.463671127225024e-09,-17.13379340397768,-0.08792774481903234,-0.693702715861139,0.0016532112495320959,0.000721396271241383,0.000835073737644836,0.002284651328423405,0.0005297358832794297,0.0005956298047844136,0.13749145972566515,12.680768631144453,0.23983085730818876,0.33726277535096366
779,adam,779,780,1.1938172398144002e-05,1,6.973481473041165e-07,1.0893049872180071e-08,1.2394953691071061e-07,3.0912929581926165e-07,1,1,,0,3.269963002264845e-09,-17.13379340397768,-0.08792776257325519,-0.6937028421480345,0.0016535313808619671,0.000721396271241383,0.000835073737644836,0.002284651328423405,0.0005297358832794297,0.0005956298047844136,0.13749145972566515,12.680768631144453,0.23983086607784007,0.337262784833572
780,adam,780,781,1.1818790674162561e-05,1,6.973481473041165e-07,1.0893071781241187e-08,1.2394873718738957e-07,3.0633251916131726e-07,1,1,,0,4.06874431463657e-09,-17.13379340397768,-0.08792777324033228,-0.6937029666983572,0.0016538483551764506,0.000721396271241383,0.000835073737644836,0.002284651328423405,0.0005297358832794297,0.0005956298047844136,0.13749145972566515,12.680768631144453,0.239830874915694,0.33726279424403033
781,adam,781,782,1.1700602767420937e-05,1,6.973481473041165e-07,1.0893093012319226e-08,1.2394794773457562e-07,3.0357140973426167e-07,1,1,,0,4.8600772882725145e-09,-17.13379340397768,-0.087927777612333,-0.6937030895918406,0.001654162227568258,0.000721396271241383,0.000835073737644836,0.002284651328423405,0.0005297358832794297,0.0005956298047844136,0.13749145972566515,12.680768631144453,0.23983088380494733,0.3372628035813815
782,adam,782,783,1.1583596739746725e-05,1,6.973481473041165e-07,1.0893113625628784e-08,1.2394716812817469e-07,3.0084187286077675e-07,1,1,,0,5.644051571157946e-09,-17.13379340397768,-0.08792777639589681,-0.6937032109005603,0.0016544730497563417,0.000721396271241383,0.000835073737644836,0.002284651328423405,0.0005297358832794297,0.0005956298047844136,0.13749145972566515,12.680768631144453,0.23983089273069974,0.33726281284485105
783,adam,783,784,1.1467760772349259e-05,1,6.973481473041165e-07,1.089313367494587e-08,1.239463979840279e-07,2.9814078290158867e-07,1,1,,0,6.420760965192479e-09,-17.13379340397768,-0.08792777022145375,-0.6937033306897542,0.0016547808704269558,0.000721396271241383,0.000835073737644836,0.002284651328423405,0.0005297358832794297,0.0005956298047844136,0.13749145972566515,12.680768631144453,0.23983090167974735,0.33726282203382724
784,adam,784,785,1.1353083164625766e-05,1,6.973481473041165e-07,1.0893153208298499e-08,1.2394563695329026e-07,2.9546577069922124e-07,1,1,,0,7.19029683967422e-09,-17.13379340397768,-0.08792775965144804,-0.6937034490185532,0.0016550857355396354,0.000721396271241383,0.000835073737644836,0.002284651328423405,0.0005297358832794297,0.0005956298047844136,0.13749145972566515,12.680768631144453,0.23983091064039855,0.33726283114784256
785,adam,785,786,1.1239552332979509e-05,1,6.973481473041165e-07,1.0893172268591663e-08,1.2394488471904372e-07,2.9281505508731407e-07,1,1,,0,7.952746323201526e-09,-17.13379340397768,-0.08792774518767466,-0.6937035659406339,0.00165538768859852,0.000721396271241383,0.000835073737644836,0.002284651328423405,0.0005297358832794297,0.0005956298047844136,0.13749145972566515,12.680768631144453,0.23983091960231,0.33726284018655733
786,adam,786,787,1.1127156809649713e-05,1,6.973481473041165e-07,1.0893190894153251e-08,1.239441409924972e-07,2.9018730964973305e-07,1,1,,0,8.7081920706693e-09,-17.13379340397768,-0.08792772727782365,-0.6937036815048003,0.0016556867708958087,0.000721396271241383,0.000835073737644836,0.002284651328423405,0.0005297358832794297,0.0005956298047844136,0.13749145972566515,12.680768631144453,0.23983092855634006,0.33726284914974525
787,adam,787,788,1.1015885241553217e-05,1,6.973481473041165e-07,1.0893209119233573e-08,1.2394340551019452e-07,2.875815576080614e-07,1,1,,0,9.456712569687344e-09,-17.13379340397768,-0.0879277063213169,-0.693703795755503,0.0016559830217286141,0.000721396271241383,0.000835073737644836,0.002284651328423405,0.0005297358832794297,0.0005956298047844136,0.13749145972566515,12.680768631144453,0.2398309374944183,0.33726285803728095
788,adam,788,789,1.0905726389137684e-05,1,6.971905654662864e-07,1.0867117695679495e-08,1.2374367611032794e-07,2.849970891328638e-07,1,2,,0,1.2152219569828535e-11,-17.13440016774623,-0.08792671156602945,-0.6937039087333013,0.0016562764785924876,0.0007213076783714184,0.0008349793802641394,0.0022843201140441078,0.0005296945804432121,0.0005956075386665039,0.1374899505307558,12.680668819931102,0.239830946409429,0.3372628668491278
789,adam,789,790,1.0796669125246308e-05,1,6.971905654662864e-07,1.086714236355959e-08,1.237429733616789e-07,2.8237387491719573e-07,1,1,,0,7.349989375880156e-10,-17.13440016774623,-0.08792668704885698,-0.6937040206244421,0.0016565671307793423,0.0007213076783714184,0.0008349793802641394,0.0022843201140441078,0.0005296945804432121,0.0005956075386665039,0.1374899505307558,12.680668819931102,0.23983095524477782,0.337262875590409
790,adam,790,791,1.0688702433993845e-05,1,6.971905654662864e-07,1.0867166824139864e-08,1.237422777540997e-07,2.7977628405223684e-07,1,1,,0,1.463438476498379e-09,-17.13440016774623,-0.08792666176847094,-0.6937041314454233,0.0016568550181482477,0.0007213076783714184,0.0008349793802641394,0.0022843201140441078,0.0005296945804432121,0.0005956075386665039,0.1374899505307558,12.680668819931102,0.2398309640008662,0.337262884260641
791,adam,791,792,1.0581815409653906e-05,1,6.971905654662864e-07,1.0867191078658378e-08,1.2374158913617057e-07,2.772038761371179e-07,1,1,,0,2.1852061351439352e-09,-17.13440016774623,-0.08792663582088366,-0.6937042412118642,0.0016571401786269959,0.0007213076783714184,0.0008349793802641394,0.0022843201140441078,0.0005296945804432121,0.0005956075386665039,0.1374899505307558,12.680668819931102,0.23983097267812822,0.3372628928594665
792,adam,792,793,1.0475997255557366e-05,1,6.971905654662864e-07,1.0867215128383893e-08,1.237409073673425e-07,2.7465623943878537e-07,1,1,,0,2.900343334107487e-09,-17.13440016774623,-0.08792660929192654,-0.6937043499385919,0.0016574226483996697,0.0007213076783714184,0.0008349793802641394,0.0022843201140441078,0.0005296945804432121,0.0005956075386665039,0.1374899505307558,12.680668819931102,0.23983098127702623,0.3372629013866405
793,adam,793,794,1.0371237283001793e-05,1,6.971905654662864e-07,1.0867238974609325e-08,1.237402323166409e-07,2.721329875814284e-07,1,1,,0,3.608910245937173e-09,-17.13440016774623,-0.08792658225834346,-0.6937044576397194,0.0016577024620738135,0.0007213076783714184,0.0008349793802641394,0.0022843201140441078,0.0005296945804432121,0.0005956075386665039,0.1374899505307558,12.680668819931102,0.2398309897980472,0.3372629098420172
794,adam,794,795,1.0267524910171774e-05,1,6.971905654662864e-07,1.0867262618650196e-08,1.2373956386192588e-07,2.6963375667102753e-07,1,1,,0,4.310969217978028e-09,-17.13440016774623,-0.08792655478876525,-0.6937045643287151,0.001657979652830467,0.0007213076783714184,0.0008349793802641394,0.0022843201140441078,0.0005296945804432121,0.0005956075386665039,0.1374899505307558,12.680668819931102,0.2398309982416995,0.33726291822553883
795,adam,795,796,1.0164849661070057e-05,1,6.971905654662864e-07,1.0867286061841808e-08,1.237389018889619e-07,2.67158202791194e-07,1,1,,0,5.006582467492521e-09,-17.13440016774623,-0.08792652694457993,-0.6937046700184645,0.001658254252557045,0.0007213076783714184,0.0008349793802641394,0.0022843201140441078,0.0005296945804432121,0.0005956075386665039,0.1374899505307558,12.680668819931102,0.23983100660850964,0.3372629265372254
796,adam,796,797,1.0063201164459356e-05,1,6.971905654662864e-07,1.0867309305534995e-08,1.2373824629043752e-07,2.647059998163973e-07,1,1,,0,5.695811553763588e-09,-17.13440016774623,-0.08792649878070848,-0.6937047747213256,0.0016585262919680134,0.0007213076783714184,0.0008349793802641394,0.0022843201140441078,0.0005296945804432121,0.0005956075386665039,0.1374899505307558,12.680668819931102,0.23983101489901987,0.33726293477716557
797,adam,797,798,9.962569152814763e-06,1,6.971905654662864e-07,1.0867332351095022e-08,1.237375969654358e-07,2.622768375037382e-07,1,1,,0,6.378717239346753e-09,-17.13440016774623,-0.08792647034629714,-0.693704878449179,0.0016587958007097774,0.0007213076783714184,0.0008349793802641394,0.0022843201140441078,0.0005296945804432121,0.0005956075386665039,0.1374899505307558,12.680668819931102,0.23983102311378565,0.3372629429455087
798,adam,798,799,9.862943461286614e-06,1,6.971905654662864e-07,1.0867355199896533e-08,1.2373695381865555e-07,2.5987041982013684e-07,1,1,,0,7.0553594642592485e-09,-17.13440016774623,-0.08792644168533519,-0.6937049812134711,0.0016590628074573755,0.0007213076783714184,0.0008349793802641394,0.0022843201140441078,0.0005296945804432121,0.0005956075386665039,0.1374899505307558,12.680668819931102,0.23983103125337366,0.3372629510424574
799,adam,799,800,9.76431402667375e-06,1,6.971905654662864e-07,1.0867377853323583e-08,1.2373631675995452e-07,2.5748646347083596e-07,1,1,,0,7.725797357660387e-09,-17.13440016774623,-0.08792641283720552,-0.6937050830252538,0.0016593273399986821,0.0007213076783714184,0.0008349793802641394,0.0022843201140441078,0.0005296945804432121,0.0005956075386665039,0.1374899505307558,12.680668819931102,0.23983103931835992,0.33726295906826154
800,adam,800,801,9.666670886407011e-06,1,6.971905654662864e-07,1.0867400312768983e-08,1.2373568570378119e-07,2.551246966181427e-07,1,1,,0,8.390089262709609e-09,-17.13440016774623,-0.08792638383717637,-0.69370518389522,0.0016595894253111606,0.0007213076783714184,0.0008349793802641394,0.0022843201140441078,0.0005296945804432121,0.0005956075386665039,0.1374899505307558,12.680668819931102,0.2398310473093281,0.33726296702321223
801,adam,801,802,9.57000417754294e-06,1,6.971905654662864e-07,1.0867422579629509e-08,1.2373506056877097e-07,2.5278485773875064e-07,1,1,,0,9.048292765548141e-09,-17.13440016774623,-0.08792635471683975,-0.6937052838337351,0.001659849089629511,0.0007213076783714184,0.0008349793802641394,0.0022843201140441078,0.0005296945804432121,0.0005956075386665039,0.1374899505307558,12.680668819931102,0.23983105522686804,0.33726297490763674
802,adam,802,803,9.474304135767512e-06,1,6.971905654662864e-07,1.0867444655307147e-08,1.2373444127719667e-07,2.5046669462675246e-07,1,1,,0,9.700464724294932e-09,-17.13440016774623,-0.08792632550450298,-0.6937053828508649,0.0016601063585065692,0.0007213076783714184,0.0008349793802641394,0.0022843201140441078,0.0005296945804432121,0.0005956075386665039,0.1374899505307558,12.680668819931102,0.23983106307157448,0.3372629827218941
803,adam,803,804,9.379561094409836e-06,1,6.97030934687159e-07,1.0854757645519133e-08,1.2379980374999612e-07,2.4816996351326433e-07,1,2,,0,1.9254109079137318e-11,-17.13502008343674,-0.08792634159872452,-0.6937054809564008,0.001660361256868029,0.0007212113391573608,0.000834883785138482,0.0022839238124952566,0.0005296516013545258,0.0005955876654929545,0.13748887276971128,12.680743564068166,0.23983107084404587,0.3372629904663709
804,adam,804,805,9.285765483465738e-06,1,6.97030934687159e-07,1.0854789288568065e-08,1.2379921973174987e-07,2.457955076310996e-07,1,1,,0,6.399398751129389e-10,-17.13502008343674,-0.08792631595451833,-0.6937055784952919,0.0016606138223160644,0.0007212113391573608,0.000834883785138482,0.0022839238124952566,0.0005296516013545258,0.0005955876654929545,0.13748887276971128,12.680743564068166,0.23983107844688858,0.33726299814348165
805,adam,805,806,9.192907828631079e-06,1,6.97030934687159e-07,1.0854820171870996e-08,1.237986400232374e-07,2.434601998218506e-07,1,1,,0,1.2740909057415646e-09,-17.13502008343674,-0.08792629353366449,-0.6937056754375364,0.0016608640771126168,0.0007212113391573608,0.000834883785138482,0.0022839238124952566,0.0005296516013545258,0.0005955876654929545,0.13748887276971128,12.680743564068166,0.23983108589220925,0.33726300575342283
806,adam,806,807,9.10097875034477e-06,1,6.97030934687159e-07,1.0854850353545797e-08,1.2379806468960997e-07,2.411604935952116e-07,1,1,,0,1.902493581465215e-09,-17.13502008343674,-0.08792627396962874,-0.6937057717571989,0.0016611120431922904,0.0007212113391573608,0.000834883785138482,0.0022839238124952566,0.0005296516013545258,0.0005955876654929545,0.13748887276971128,12.680743564068166,0.2398310931908639,0.33726301329643527
807,adam,807,808,9.009968962841322e-06,1,6.97030934687159e-07,1.0854879885675172e-08,1.2379749378411901e-07,2.38893472341295e-07,1,1,,0,2.525142986328193e-09,-17.13502008343674,-0.08792625693590639,-0.693705867431964,0.0016613577421787883,0.0007212113391573608,0.000834883785138482,0.0022839238124952566,0.0005296516013545258,0.0005955876654929545,0.13748887276971128,12.680743564068166,0.23983110035259259,0.3372630207727983
808,adam,808,809,8.919869273212909e-06,1,6.97030934687159e-07,1.0854908814945907e-08,1.2379692734962927e-07,2.366567298244371e-07,1,1,,0,3.1420881311917476e-09,-17.13502008343674,-0.08792624214168873,-0.6937059624427363,0.0016616011954005095,0.0007212113391573608,0.000834883785138482,0.0022839238124952566,0.0005296516013545258,0.0005955876654929545,0.13748887276971128,12.680743564068166,0.23983110738613936,0.337263028182825
809,adam,809,810,8.830670580480779e-06,1,6.97030934687159e-07,1.0854937183224666e-08,1.2379636541964808e-07,2.3444827356238765e-07,1,1,,0,3.753384550313901e-09,-17.13502008343674,-0.08792622932799801,-0.6937060567732856,0.0016618424239041914,0.0007212113391573608,0.000834883785138482,0.0022839238124952566,0.0005296516013545258,0.0005955876654929545,0.13748887276971128,12.680743564068166,0.23983111429935947,0.3372630355268581
810,adam,810,811,8.74236387467597e-06,1,6.97030934687159e-07,1.0854965028076395e-08,1.237958080195677e-07,2.3226644670839104e-07,1,1,,0,4.359087965764831e-09,-17.13502008343674,-0.08792621826423984,-0.693706150409929,0.00166208144846692,0.0007212113391573608,0.000834883785138482,0.0022839238124952566,0.0005296516013545258,0.0005955876654929545,0.13748887276971128,12.680743564068166,0.23983112109931468,0.337263042805266
811,adam,811,812,8.654940235929212e-06,1,6.97030934687159e-07,1.0854992383216214e-08,1.237952551673424e-07,2.3010986490020771e-07,1,1,,0,4.959253000507997e-09,-17.13502008343674,-0.08792620874512848,-0.6937062433412496,0.0016623182896077242,0.0007212113391573608,0.000834883785138482,0.0022839238124952566,0.0005296516013545258,0.0005955876654929545,0.13748887276971128,12.680743564068166,0.23983112779235866,0.3372630500184392
812,adam,812,813,8.56839083356992e-06,1,6.97030934687159e-07,1.0855019278927125e-08,1.2379470687471657e-07,2.2797736520044236e-07,1,1,,0,5.5539329541923166e-09,-17.13502008343674,-0.08792620058794406,-0.693706335557843,0.00166255296759734,0.0007212113391573608,0.000834883785138482,0.0022839238124952566,0.0005296516013545258,0.0005955876654929545,0.13748887276971128,12.680743564068166,0.23983113438421289,0.33726305716678795
813,adam,813,814,8.48270692523422e-06,1,6.97030934687159e-07,1.0855045742422328e-08,1.2379416314735968e-07,2.2586796480070003e-07,1,1,,0,6.143179856261633e-09,-17.13502008343674,-0.08792619363008686,-0.6937064270520931,0.0016627855024677176,0.0007212113391573608,0.000834883785138482,0.0022839238124952566,0.0005296516013545258,0.0005955876654929545,0.13748887276971128,12.680743564068166,0.2398311408800344,0.3372630642507386
814,adam,814,815,8.397879855981878e-06,1,6.97030934687159e-07,1.0855071798175615e-08,1.2379362398604364e-07,2.2378082761833023e-07,1,1,,0,6.727044590220922e-09,-17.13502008343674,-0.08792618772689517,-0.6937065178179721,0.001663015914020071,0.0007212113391573608,0.000834883785138482,0.0022839238124952566,0.0005296516013545258,0.0005955876654929545,0.13748887276971128,12.680743564068166,0.23983114728447644,0.33726307127073224
815,adam,815,816,8.313901057422059e-06,1,6.97030934687159e-07,1.0855097468214913e-08,1.237930893870979e-07,2.2171523725413904e-07,1,1,,0,7.305577026178123e-09,-17.13502008343674,-0.08792618274969989,-0.6937066078508617,0.0016632442218328877,0.0007212113391573608,0.000834883785138482,0.0022839238124952566,0.0005296516013545258,0.0005955876654929545,0.13748887276971128,12.680743564068166,0.23983115360174218,0.3372630782272217
816,adam,816,817,8.230762046847837e-06,1,6.97030934687159e-07,1.085512277237866e-08,1.2379255934283075e-07,2.1967057509919566e-07,1,1,,0,7.878826142036548e-09,-17.13502008343674,-0.08792617858408933,-0.6937066971473934,0.001663470445268478,0.0007212113391573608,0.000834883785138482,0.0022839238124952566,0.0005296516013545258,0.0005955876654929545,0.13748887276971128,12.680743564068166,0.23983115983563308,0.33726308512067027
817,adam,817,818,8.14845442637936e-06,1,6.97030934687159e-07,1.0855147728557406e-08,1.2379203384195995e-07,2.1764630259109953e-07,1,1,,0,8.44684012772365e-09,-17.13502008343674,-0.08792617512836054,-0.6937067857053074,0.001663694603479437,0.0007212113391573608,0.000834883785138482,0.0022839238124952566,0.0005296516013545258,0.0005955876654929545,0.13748887276971128,12.680743564068166,0.23983116598959167,0.33726309195154974
818,adam,818,819,8.066969882115566e-06,1,6.97030934687159e-07,1.0855172352897746e-08,1.2379151287032014e-07,2.1564194682435492e-07,1,1,,0,9.009666472529987e-09,-17.13502008343674,-0.08792617229213948,-0.6937068735233253,0.0016639167154143195,0.0007212113391573608,0.000834883785138482,0.0022839238124952566,0.0005296516013545258,0.0005955876654929545,0.13748887276971128,12.680743564068166,0.23983117206673982,0.3372630987203391
819,adam,819,820,7.98630018329441e-06,1,6.97030934687159e-07,1.0855196659987385e-08,1.2379099641090602e-07,2.136570888720279e-07,1,1,,0,9.567352037089252e-09,-17.13502008343674,-0.08792616999514999,-0.6937069606010381,0.0016641367998233962,0.0007212113391573608,0.000834883785138482,0.0022839238124952566,0.0005296516013545258,0.0005955876654929545,0.13748887276971128,12.680743564068166,0.23983117806991308,0.3372631054275231
820,adam,820,821,7.906437181461466e-06,1,6.968752233164254e-07,1.0857162927009422e-08,1.236057679981655e-07,2.1169135429604334e-07,1,2,,0,1.177519856123614e-11,-17.135616935123004,-0.08792557957746129,-0.6937070469388048,0.0016643548752629063,0.0007211232928568445,0.000834790526609176,0.002283612662899422,0.0005296108677361874,0.0005955658438402727,0.13748740209562435,12.680646360855235,0.239831184001691,0.33726311207359105
821,adam,821,822,7.827372809646852e-06,1,6.968752233164254e-07,1.0857186168734804e-08,1.2360527311471853e-07,2.0972530091012066e-07,1,1,,0,5.474087466760797e-10,-17.135616935123004,-0.08792557952892244,-0.6937071326480104,0.0016645709278215704,0.0007211232928568445,0.000834790526609176,0.002283612662899422,0.0005296108677361874,0.0005955658438402727,0.13748740209562435,12.680646360855235,0.23983118982657767,0.3372631186616447
822,adam,822,823,7.749099081550383e-06,1,6.968752233164254e-07,1.0857208788483688e-08,1.2360478237683962e-07,2.0778193654021515e-07,1,1,,0,1.0900166936480386e-09,-17.135616935123004,-0.08792558104323296,-0.6937072177173583,0.0016647849794705935,0.0007211232928568445,0.000834790526609176,0.002283612662899422,0.0005296108677361874,0.0005955658438402727,0.13748740209562435,12.680646360855235,0.23983119555116314,0.33726312519187357
823,adam,823,824,7.671608090734879e-06,1,6.968752233164254e-07,1.0857230836685253e-08,1.2360429578265626e-07,2.0586011559075205e-07,1,1,,0,1.627728249339389e-09,-17.135616935123004,-0.08792558392670718,-0.6937073021374889,0.0016649970515875273,0.0007211232928568445,0.000834790526609176,0.002283612662899422,0.0005296108677361874,0.0005955658438402727,0.13748740209562435,12.680646360855235,0.2398312011813712,0.33726313166450284
824,adam,824,825,7.59489200982753e-06,1,6.968752233164254e-07,1.0857252358464307e-08,1.2360381332627797e-07,2.0395888731279626e-07,1,1,,0,2.1605562418303754e-09,-17.135616935123004,-0.08792558800701276,-0.6937073859007625,0.0016652071650043218,0.0007211232928568445,0.000834790526609176,0.002283612662899422,0.0005296108677361874,0.0005955658438402727,0.13748740209562435,12.680646360855235,0.23983120672253078,0.3372631380797884
825,adam,825,826,7.518943089729256e-06,1,6.968752233164254e-07,1.0857273394214228e-08,1.2360333499869652e-07,2.0207745784503194e-07,1,1,,0,2.6885378476740496e-09,-17.135616935123004,-0.08792559313085484,-0.693707469001068,0.0016654153400502412,0.0007211232928568445,0.000834790526609176,0.002283612662899422,0.0005296108677361874,0.0005955658438402727,0.13748740209562435,12.680646360855235,0.23983121217943976,0.33726314443801353
826,adam,826,827,7.443753658831962e-06,1,6.968752233164254e-07,1.085729398010233e-08,1.2360286078793267e-07,2.0021515969023237e-07,1,1,,0,3.2117137317448913e-09,-17.135616935123004,-0.08792559916191119,-0.6937075514336508,0.0016656215965910322,0.0007211232928568445,0.000834790526609176,0.002283612662899422,0.0005296108677361874,0.0005955658438402727,0.13748740209562435,12.680646360855235,0.23983121755642206,0.33726315073948493
827,adam,827,828,7.369316122243643e-06,1,6.968752233164254e-07,1.0857314148527514e-08,1.2360239067942086e-07,1.983714271768928e-07,1,1,,0,3.730125161768063e-09,-17.135616935123004,-0.08792560597899121,-0.6937076331949596,0.0016658259540631255,0.0007211232928568445,0.000834790526609176,0.002283612662899422,0.0005296108677361874,0.0005955658438402727,0.13748740209562435,12.680646360855235,0.23983122285737846,0.3372631569845301
828,adam,828,829,7.295622961021206e-06,1,6.968752233164254e-07,1.085733392852435e-08,1.236019246562874e-07,1.96545776738241e-07,1,1,,0,4.243813347170249e-09,-17.135616935123004,-0.08792561347439314,-0.6937077142825109,0.001666028431504876,0.0007211232928568445,0.000834790526609176,0.002283612662899422,0.0005296108677361874,0.0005955658438402727,0.13748740209562435,12.680646360855235,0.23983122808583174,0.33726316317349414
829,adam,829,830,7.222666731410994e-06,1,6.968752233164254e-07,1.0857353346124322e-08,1.23601462699708e-07,1.9473779105611084e-07,1,1,,0,4.7528192574610565e-09,-17.135616935123004,-0.08792562155243965,-0.693707794694766,0.0016662290475842577,0.0007211232928568445,0.000834790526609176,0.002283612662899422,0.0005296108677361874,0.0005955658438402727,0.13748740209562435,12.680646360855235,0.2398312332449673,0.33726316930673805
830,adam,830,831,7.150440064096884e-06,1,6.968752233164254e-07,1.0857372424681828e-08,1.236010047891193e-07,1.9294710631730963e-07,1,1,,0,5.25718357418698e-09,-17.135616935123004,-0.08792563012817138,-0.6937078744310241,0.0016664278206233894,0.0007211232928568445,0.000834790526609176,0.002283612662899422,0.0005296108677361874,0.0005955658438402727,0.13748740209562435,12.680646360855235,0.23983123833766923,0.33726317538463546
831,adam,831,832,7.078935663455915e-06,1,6.968752233164254e-07,1.0857391185159531e-08,1.236005509024458e-07,1.911734019772366e-07,1,1,,0,5.756946684725118e-09,-17.135616935123004,-0.08792563912618143,-0.6937079534913252,0.0016666247686219363,0.0007211232928568445,0.000834790526609176,0.002283612662899422,0.0005296108677361874,0.0005955658438402727,0.13748740209562435,12.680646360855235,0.23983124336655234,0.337263181407572
832,adam,832,833,7.008146306821355e-06,1,6.968752233164254e-07,1.0857409646386193e-08,1.2360010101632965e-07,1.89416392520165e-07,1,1,,0,6.2521486885229085e-09,-17.135616935123004,-0.08792564847957697,-0.6937080318763633,0.0016668199092758332,0.0007211232928568445,0.000834790526609176,0.002283612662899422,0.0005296108677361874,0.0005955658438402727,0.13748740209562435,12.680646360855235,0.239831248333991,0.33726318737594235
833,adam,833,834,6.938064843753142e-06,1,6.968752233164254e-07,1.0857427825286316e-08,1.235996551060497e-07,1.876758208446571e-07,1,1,,0,6.742829405849044e-09,-17.135616935123004,-0.08792565812905251,-0.6937081095874111,0.0016670132599962237,0.0007211232928568445,0.000834790526609176,0.002283612662899422,0.0005296108677361874,0.0005955658438402727,0.13748740209562435,12.680646360855235,0.2398312532421447,0.3372631932901497
834,adam,834,835,6.868684195315611e-06,1,6.968752233164254e-07,1.0857445737087282e-08,1.235992131462175e-07,1.8595145294426017e-07,1,1,,0,7.229028385887708e-09,-17.135616935123004,-0.08792566802206354,-0.6937081866262506,0.001667204837925768,0.0007211232928568445,0.000834790526609176,0.002283612662899422,0.0005296108677361874,0.0005955658438402727,0.13748740209562435,12.680646360855235,0.2398312580929808,0.3372631991506038
835,adam,835,836,6.799997353362454e-06,1,6.968752233164254e-07,1.0857463395497497e-08,1.235987751103528e-07,1.842430736263775e-07,1,1,,0,7.710784912680033e-09,-17.135616935123004,-0.08792567811208955,-0.6937082629951122,0.001667394659952451,0.0007211232928568445,0.000834790526609176,0.002283612662899422,0.0005296108677361874,0.0005955658438402727,0.13748740209562435,12.680646360855235,0.23983126288829512,0.3372632049577201
836,adam,836,837,6.73199737982883e-06,1,6.968752233164254e-07,1.0857480812873465e-08,1.23598340971322e-07,1.825504830717519e-07,1,1,,0,8.188138009041843e-09,-17.135616935123004,-0.08792568835797694,-0.6937083386966216,0.001667582742723216,0.0007211232928568445,0.000834790526609176,0.002283612662899422,0.0005296108677361874,0.0005955658438402727,0.13748740209562435,12.680646360855235,0.23983126762972992,0.33726321071191856
837,adam,837,838,6.664677406030541e-06,1,6.968752233164254e-07,1.0857498000362003e-08,1.235979107014625e-07,1.8087349407001966e-07,1,1,,0,8.661126438729347e-09,-17.135616935123004,-0.0879256987233527,-0.6937084137337498,0.0016677691026558152,0.0007211232928568445,0.000834790526609176,0.002283612662899422,0.0005296108677361874,0.0005955658438402727,0.13748740209562435,12.680646360855235,0.23983127231879015,0.33726321641362256
838,adam,838,839,6.5980306319702365e-06,1,6.968752233164254e-07,1.0857514968032101e-08,1.235974842723959e-07,1.7921192978961238e-07,1,1,,0,9.129788707070657e-09,-17.135616935123004,-0.0879257091761022,-0.6937084881097711,0.0016679537559495699,0.0007211232928568445,0.000834790526609176,0.002283612662899422,0.0005296108677361874,0.0005955658438402727,0.13748740209562435,12.680646360855235,0.23983127695685807,0.33726322206325837
839,adam,839,840,6.532050325650534e-06,1,6.968752233164254e-07,1.0857531724990918e-08,1.23597061655533e-07,1.7756562198523836e-07,1,1,,0,9.594163060598443e-09,-17.135616935123004,-0.08792571968790325,-0.6937085618282249,0.0016681367185946286,0.0007211232928568445,0.000834790526609176,0.002283612662899422,0.0005296108677361874,0.0005955658438402727,0.13748740209562435,12.680646360855235,0.23983128154520594,0.3372632276612541
840,adam,840,841,6.466729822394028e-06,1,6.96720720757927e-07,1.0836078567822316e-08,1.2309437562959664e-07,1.7593440955804e-07,1,2,,0,1.89508267216762e-11,-17.136197773417233,-0.08792429861944154,-0.6937086348928807,0.001668318006381019,0.0007210435908929863,0.0008346979817622222,0.0022833977831630777,0.0005295720791147111,0.0005955411345192987,0.1374854107341917,12.68033305138115,0.2398312860850077,0.33726323320803936
841,adam,841,842,6.402062524170088e-06,1,6.96720720757927e-07,1.0836096057719906e-08,1.23093962488301e-07,1.743050585368712e-07,1,1,,0,4.5490159550468375e-10,-17.136197773417233,-0.08792430845571646,-0.6937087072203607,0.0016684975620379814,0.0007210435908929863,0.0008346979817622222,0.0022833977831630777,0.0005295720791147111,0.0005955411345192987,0.1374854107341917,12.68033305138115,0.23983129059635963,0.33726323870829145
842,adam,842,843,6.338041898928387e-06,1,6.96720720757927e-07,1.0836113486676092e-08,1.2309355365231317e-07,1.726922369618038e-07,1,1,,0,9.063192546783513e-10,-17.136197773417233,-0.08792431764802051,-0.6937087788250531,0.001668675409529249,0.0007210435908929863,0.0008346979817622222,0.0022833977831630777,0.0005295720791147111,0.0005955411345192987,0.1374854107341917,12.68033305138115,0.23983129507803613,0.33726324416194253
843,adam,843,844,6.274661479939103e-06,1,6.96720720757927e-07,1.0836130844720829e-08,1.2309314902194878e-07,1.710955684584065e-07,1,1,,0,1.3536657777547642e-09,-17.136197773417233,-0.08792432625499838,-0.6937088497203786,0.0016688515717092028,0.0007210435908929863,0.0008346979817622222,0.0022833977831630777,0.0005295720791147111,0.0005955411345192987,0.1374854107341917,12.68033305138115,0.23983129952898377,0.3372632495689785
844,adam,844,845,6.211914865139712e-06,1,6.96720720757927e-07,1.0836148123111245e-08,1.2309274850500392e-07,1.6951471341551856e-07,1,1,,0,1.7968879760587636e-09,-17.136197773417233,-0.08792433432918424,-0.6937089199188913,0.0016690260704288137,0.0007210435908929863,0.0008346979817622222,0.0022833977831630777,0.0005295720791147111,0.0005955411345192987,0.1374854107341917,12.68033305138115,0.23983130394830252,0.33726325492943326
845,adam,845,846,6.149795716488315e-06,1,6.96720720757927e-07,1.0836165314191906e-08,1.2309235201587097e-07,1.6794936331507393e-07,1,1,,0,2.2360099172972445e-09,-17.136197773417233,-0.08792434191765863,-0.6937089894323655,0.0016691989266314914,0.0007210435908929863,0.0008346979817622222,0.0022833977831630777,0.0005295720791147111,0.0005955411345192987,0.1374854107341917,12.68033305138115,0.23983130833522856,0.3372632602433827
846,adam,846,847,6.088297759323432e-06,1,6.96720720757927e-07,1.083618241128118e-08,1.230919594751368e-07,1.663992360288156e-07,1,1,,0,2.6710676495733097e-09,-17.136197773417233,-0.08792434906263344,-0.6937090582718766,0.001669370160437715,0.0007210435908929863,0.0008346979817622222,0.0022833977831630777,0.0005295720791147111,0.0005955411345192987,0.1374854107341917,12.68033305138115,0.23983131268911942,0.33726326551094
847,adam,847,848,6.027414781730197e-06,1,6.96720720757927e-07,1.0836199408561984e-08,1.230915708087411e-07,1.648640719091991e-07,1,1,,0,3.102099966902618e-09,-17.136197773417233,-0.08792435580197407,-0.6937091264478704,0.0016695397912215692,0.0007210435908929863,0.0008346979817622222,0.0022833977831630777,0.0005295720791147111,0.0005955411345192987,0.1374854107341917,12.68033305138115,0.23983131700944033,0.337263270732251
848,adam,848,849,5.967140633912895e-06,1,6.96720720757927e-07,1.0836216300985938e-08,1.2309118594739326e-07,1.633436305331773e-07,1,1,,0,3.529146160048658e-09,-17.136197773417233,-0.08792436216966468,-0.6937091939702276,0.001669707837678271,0.0007210435908929863,0.0008346979817622222,0.0022833977831630777,0.0005295720791147111,0.0005955411345192987,0.1374854107341917,12.68033305138115,0.23983132129575238,0.3372632759074905
849,adam,849,850,5.907469227573766e-06,1,6.96720720757927e-07,1.0836233084192264e-08,1.2309080482625354e-07,1.61837687982366e-07,1,1,,0,3.952245310800451e-09,-17.136197773417233,-0.08792436819622432,-0.6937092608483177,0.0016698743178850273,0.0007210435908929863,0.0008346979817622222,0.0022833977831630777,0.0005295720791147111,0.0005955411345192987,0.1374854107341917,12.68033305138115,0.2398313255477017,0.3372632810368585
850,adam,850,851,5.848394535298028e-06,1,6.96720720757927e-07,1.0836249754428806e-08,1.2309042738439394e-07,1.6034603456167172e-07,1,1,,0,4.371436043881927e-09,-17.136197773417233,-0.08792437390907709,-0.6937093270910515,0.0016700392493554652,0.0007210435908929863,0.0008346979817622222,0.0022833977831630777,0.0005295720791147111,0.0005955411345192987,0.1374854107341917,12.68033305138115,0.23983132976500995,0.3372632861205772
851,adam,851,852,5.789910589945049e-06,1,6.96720720757927e-07,1.0836266308486364e-08,1.2309005356425815e-07,1.5886847288634442e-07,1,1,,0,4.786756440688325e-09,-17.136197773417233,-0.08792437933288268,-0.693709392706925,0.0016702026490872201,0.0007210435908929863,0.0008346979817622222,0.0022833977831630777,0.0005295720791147111,0.0005955411345192987,0.1374854107341917,12.68033305138115,0.23983133394746584,0.33726329115888815
852,adam,852,853,5.7320114840455976e-06,1,6.96720720757927e-07,1.0836282743639704e-08,1.2308968331165983e-07,1.5740481626857654e-07,1,1,,0,5.1982440173007436e-09,-17.136197773417233,-0.08792438448983178,-0.6937094577040588,0.0016703645336066514,0.0007210435908929863,0.0008346979817622222,0.0022833977831630777,0.0005295720791147111,0.0005955411345192987,0.1374854107341917,12.68033305138115,0.23983133809491747,0.33726329615204975
853,adam,853,854,5.674691369205142e-06,1,6.96720720757927e-07,1.0836299057593748e-08,1.2308931657517516e-07,1.5595488735799655e-07,1,1,,0,5.6059357295470206e-09,-17.136197773417233,-0.08792438939990882,-0.6937095220902351,0.0016705249190066731,0.0007210435908929863,0.0008346979817622222,0.0022833977831630777,0.0005295720791147111,0.0005955411345192987,0.1374854107341917,12.68033305138115,0.23983134220726568,0.33726330110033514
854,adam,854,855,5.617944455513089e-06,1,6.96720720757927e-07,1.0836315248432541e-08,1.230889533058776e-07,1.5451851698392115e-07,1,1,,0,6.009867989440219e-09,-17.136197773417233,-0.08792439408112677,-0.6937095858729284,0.0016706838209815387,0.0007210435908929863,0.0008346979817622222,0.0022833977831630777,0.0005295720791147111,0.0005955411345192987,0.1374854107341917,12.68033305138115,0.23983134628445799,0.3372633060040301
855,adam,855,856,5.561765010957959e-06,1,6.96720720757927e-07,1.0836331314582812e-08,1.2308859345712177e-07,1.530955431788353e-07,1,1,,0,6.4100766860570945e-09,-17.136197773417233,-0.08792439854973672,-0.693709649059335,0.0016708412548580823,0.0007210435908929863,0.0008346979817622222,0.0022833977831630777,0.0005295720791147111,0.0005955411345192987,0.1374854107341917,12.68033305138115,0.2398313503264831,0.3372633108634314
856,adam,856,857,5.50614736084838e-06,1,6.96720720757927e-07,1.0836347254770284e-08,1.230882369845428e-07,1.5168581033946992e-07,1,1,,0,6.806597207645046e-09,-17.136197773417233,-0.08792440282041486,-0.6937097116563975,0.0016709972356234127,0.0007210435908929863,0.0008346979817622222,0.0022833977831630777,0.0005295720791147111,0.0005955411345192987,0.1374854107341917,12.68033305138115,0.23983135433336625,0.33726331567884504
857,adam,857,858,5.451085887239895e-06,1,6.96720720757927e-07,1.083636306799176e-08,1.2308788384559391e-07,1.5028916851631158e-07,1,1,,0,7.1994644633070824e-09,-17.136197773417233,-0.08792440690642883,-0.693709773670828,0.001671151777949984,0.0007210435908929863,0.0008346979817622222,0.0022833977831630777,0.0005295720791147111,0.0005955411345192987,0.1374854107341917,12.68033305138115,0.239831358305165,0.3372633204505852
858,adam,858,859,5.396575028367497e-06,1,6.96720720757927e-07,1.0836378753479781e-08,1.2308753399935946e-07,1.4890547279859337e-07,1,1,,0,7.58871290350018e-09,-17.136197773417233,-0.08792441081978704,-0.6937098351091282,0.0016713048962174477,0.0007210435908929863,0.0008346979817622222,0.0022833977831630777,0.0005295720791147111,0.0005955411345192987,0.1374854107341917,12.68033305138115,0.2398313622419651,0.33726332517897273
859,adam,859,860,5.342609278083822e-06,1,6.96720720757927e-07,1.0836394310676448e-08,1.2308718740643514e-07,1.475345827903311e-07,1,1,,0,7.97437653927725e-09,-17.136197773417233,-0.08792441457137089,-0.6937098959776085,0.0016714566045331345,0.0007210435908929863,0.0008346979817622222,0.0022833977831630777,0.0005295720791147111,0.0005955411345192987,0.1374854107341917,12.68033305138115,0.23983136614387757,0.33726332986433405
860,adam,860,861,5.289183185302983e-06,1,6.96720720757927e-07,1.0836409739214567e-08,1.2308684402894858e-07,1.4617636215625888e-07,1,1,,0,8.356488960016775e-09,-17.136197773417233,-0.08792441817105337,-0.6937099562824025,0.001671606916749447,0.0007210435908929863,0.0008346979817622222,0.0022833977831630777,0.0005295720791147111,0.0005955411345192987,0.1374854107341917,12.68033305138115,0.23983137001103527,0.33726333450700036
861,adam,861,862,5.236291353449953e-06,1,6.96720720757927e-07,1.08364250388903e-08,1.2308650383032934e-07,1.4483067822942084e-07,1,1,,0,8.735083349537743e-09,-17.136197773417233,-0.0879244216278057,-0.6937100160294829,0.0016717558464808342,0.0007210435908929863,0.0008346979817622222,0.0022833977831630777,0.0005295720791147111,0.0005955411345192987,0.1374854107341917,12.68033305138115,0.23983137384359046,0.33726333910730655
862,adam,862,863,5.183928439915454e-06,1,6.96720720757927e-07,1.0836440209647664e-08,1.2308616677505737e-07,1.434974016721198e-07,1,1,,0,9.110192500903182e-09,-17.136197773417233,-0.08792442494978983,-0.693710075224674,0.001671903407117183,0.0007210435908929863,0.0008346979817622222,0.0022833977831630777,0.0005295720791147111,0.0005955411345192987,0.1374854107341917,12.68033305138115,0.23983137764171222,0.3372633436655907
863,adam,863,864,5.132089155516299e-06,1,6.96720720757927e-07,1.0836455251559789e-08,1.2308583282877065e-07,1.4217640618053997e-07,1,1,,0,9.481848830019784e-09,-17.136197773417233,-0.0879244281444444,-0.6937101338736632,0.001672049611837579,0.0007210435908929863,0.0008346979817622222,0.0022833977831630777,0.0005295720791147111,0.0005955411345192987,0.1374854107341917,12.68033305138115,0.23983138140558452,0.3372633481821931
864,adam,864,865,5.080768263961136e-06,1,6.96720720757927e-07,1.0836470164815268e-08,1.2308550195804822e-07,1.4086756822649072e-07,1,1,,0,9.850084387919766e-09,-17.136197773417233,-0.08792443121855892,-0.6937101919820117,0.0016721944736216136,0.0007210435908929863,0.0008346979817622222,0.0022833977831630777,0.0005295720791147111,0.0005955411345192987,0.1374854107341917,12.68033305138115,0.23983138513540417,0.3372633526574559
865,adam,865,866,5.029960581321525e-06,1,6.965638659132098e-07,1.0818596691489744e-08,1.2257502037508426e-07,1.395707668340055e-07,1,2,,0,2.021262981497957e-11,-17.136785778609358,-0.08792301421697786,-0.6937102495551638,0.0016723380052603497,0.000720962716441547,0.0008346040174317458,0.0022831863866951273,0.0005295328496987345,0.0005955159909806303,0.1374833789236683,12.680009184137074,0.2398313888313791,0.3372633570917222
866,adam,866,867,4.979660975508309e-06,1,6.965638659132098e-07,1.0818611577534566e-08,1.2257469701800872e-07,1.3827835428227386e-07,1,1,,0,3.605147203314805e-10,-17.136785778609358,-0.08792301651324347,-0.6937103065270843,0.0016724801605268495,0.000720962716441547,0.0008346040174317458,0.0022831863866951273,0.0005295328496987345,0.0005955159909806303,0.1374833789236683,12.680009184137074,0.23983139250928817,0.3372633614884271
867,adam,867,868,4.929864365753227e-06,1,6.965638659132098e-07,1.0818626400838448e-08,1.2257437711913313e-07,1.3699900466817957e-07,1,1,,0,7.18293752049934e-10,-17.136785778609358,-0.08792301821643118,-0.6937103629113819,0.0016726209587686715,0.000720962716441547,0.0008346040174317458,0.0022831863866951273,0.0005295328496987345,0.0005955159909806303,0.1374833789236683,12.680009184137074,0.2398313961675297,0.3372633658475521
868,adam,868,869,4.880565722095694e-06,1,6.965638659132098e-07,1.0818641154078971e-08,1.225740605906719e-07,1.3573238892666878e-07,1,1,,0,1.0729198946532687e-09,-17.136785778609358,-0.08792301938941444,-0.6937104187206581,0.0016727604184173877,0.000720962716441547,0.0008346040174317458,0.0022831863866951273,0.0005295328496987345,0.0005955159909806303,0.1374833789236683,12.680009184137074,0.23983139980470836,0.3372633701691181
869,adam,869,870,4.831760064874737e-06,1,6.965638659132098e-07,1.0818655830852749e-08,1.2257374735186639e-07,1.3447821842249275e-07,1,1,,0,1.42428864840597e-09,-17.136785778609358,-0.08792302008835931,-0.6937104739666129,0.0016728985570779232,0.000720962716441547,0.0008346040174317458,0.0022831863866951273,0.0005295328496987345,0.0005955159909806303,0.1374833789236683,12.680009184137074,0.2398314034196122,0.33726337445318083
870,adam,870,871,4.78344246422599e-06,1,6.965638659132098e-07,1.0818670425574497e-08,1.2257343732801506e-07,1.3323623764530507e-07,1,1,,0,1.772407123703064e-09,-17.136785778609358,-0.08792302036344773,-0.693710528660137,0.0016730353916070153,0.000720962716441547,0.0008346040174317458,0.0022831863866951273,0.0005295328496987345,0.0005955159909806303,0.1374833789236683,12.680009184137074,0.2398314070111927,0.33726337869982664
871,adam,871,872,4.73560803958373e-06,1,6.965638659132098e-07,1.0818684933385997e-08,1.225731304501232e-07,1.3200621829297344e-07,1,1,,0,2.117300228084864e-09,-17.136785778609358,-0.08792302025952285,-0.693710582811397,0.0016731709381842025,0.000720962716441547,0.0008346040174317458,0.0022831863866951273,0.0005295328496987345,0.0005955159909806303,0.1374833789236683,12.680009184137074,0.23983141057854684,0.33726338290916913
872,adam,872,873,4.688251959187892e-06,1,6.965638659132098e-07,1.081869935007769e-08,1.2257282665407074e-07,1.3078795447228512e-07,1,1,,0,2.458997363360567e-09,-17.136785778609358,-0.08792301981666326,-0.6937106364299082,0.001673305212374347,0.000720962716441547,0.0008346040174317458,0.0022831863866951273,0.0005295328496987345,0.0005955159909806303,0.1374833789236683,12.680009184137074,0.23983141412090095,0.33726338708134557
873,adam,873,874,4.641369439596014e-06,1,6.965638659132098e-07,1.0818713672017428e-08,1.2257252588024608e-07,1.2958125879700192e-07,1,1,,0,2.797529158589616e-09,-17.136785778609358,-0.0879230190706967,-0.6937106895246017,0.001673438229183943,0.000720962716441547,0.0008346040174317458,0.0022831863866951273,0.0005295328496987345,0.0005955159909806303,0.1374833789236683,12.680009184137074,0.23983141763759647,0.33726339121651405
874,adam,874,875,4.594955745200053e-06,1,6.965638659132098e-07,1.0818727896085097e-08,1.2257222807292938e-07,1.2838595922707048e-07,1,1,,0,3.1329264235591336e-09,-17.136785778609358,-0.08792301805365778,-0.693710742103884,0.0016735700031116697,0.000720962716441547,0.0008346040174317458,0.0022831863866951273,0.0005295328496987345,0.0005955159909806303,0.1374833789236683,12.680009184137074,0.23983142112807726,0.33726339531485117
875,adam,875,876,4.5490061877480526e-06,1,6.965638659132098e-07,1.0818742019618717e-08,1.2257193318004934e-07,1.2720189647861835e-07,1,1,,0,3.4652197618727583e-09,-17.136785778609358,-0.08792301679419559,-0.6937107941756889,0.001673700548192977,0.000720962716441547,0.0008346040174317458,0.0022831863866951273,0.0005295328496987345,0.0005955159909806303,0.1374833789236683,12.680009184137074,0.23983142459187817,0.3372633993765494
876,adam,876,877,4.503516125870572e-06,1,6.965638659132098e-07,1.081875604036249e-08,1.2257164115279991e-07,1.2602892192863976e-07,1,1,,0,3.7944394201623465e-09,-17.136785778609358,-0.08792301531793856,-0.6937108457475257,0.0016738298780406744,0.000720962716441547,0.0008346040174317458,0.0022831863866951273,0.0005295328496987345,0.0005955159909806303,0.1374833789236683,12.680009184137074,0.23983142802861498,0.3372634034018152
877,adam,877,878,4.458480964611867e-06,1,6.965638659132098e-07,1.0818769956420223e-08,1.225713519451073e-07,1.248668958989045e-07,1,1,,0,4.120615231460981e-09,-17.136785778609358,-0.08792301364781814,-0.6937108968265207,0.0016739580058801262,0.000720962716441547,0.0008346040174317458,0.0022831863866951273,0.0005295328496987345,0.0005955159909806303,0.1374833789236683,12.680009184137074,0.2398314314379753,0.33726340739086713
878,adam,878,879,4.413896154965748e-06,1,6.965638659132098e-07,1.0818783766218853e-08,1.225710655136722e-07,1.237156862478158e-07,1,1,,0,4.443776600102387e-09,-17.136785778609358,-0.08792301180435945,-0.6937109474194549,0.001674084944581874,0.000720962716441547,0.0008346040174317458,0.0022831863866951273,0.0005295328496987345,0.0005955159909806303,0.1374833789236683,12.680009184137074,0.2398314348197106,0.3372634113439344
879,adam,879,880,4.369757193416091e-06,1,6.965638659132098e-07,1.0818797468470602e-08,1.2257078181738223e-07,1.2257516723104168e-07,1,1,,0,4.763952505149916e-09,-17.136785778609358,-0.08792300980593921,-0.693710997532798,0.0016742107066900404,0.000720962716441547,0.0008346040174317458,0.0022831863866951273,0.0005295328496987345,0.0005955159909806303,0.1374833789236683,12.680009184137074,0.23983143817362887,0.33726341526125514
880,adam,880,881,4.326059621481929e-06,1,6.965638659132098e-07,1.0818811062140518e-08,1.2257050081735837e-07,1.214452185504336e-07,1,1,,0,5.081171511990739e-09,-17.136785778609358,-0.08792300766901599,-0.6937110471727373,0.0016743353044485641,0.000720962716441547,0.0008346040174317458,0.0022831863866951273,0.0005295328496987345,0.0005955159909806303,0.1374833789236683,12.680009184137074,0.23983144149958846,0.3372634191430753
881,adam,881,882,4.28279902526711e-06,1,6.965638659132098e-07,1.0818824546419614e-08,1.22570222476549e-07,1.203257245824747e-07,1,1,,0,5.395461787453593e-09,-17.136785778609358,-0.08792300540833667,-0.6937110963452059,0.0016744587498234288,0.000720962716441547,0.0008346040174317458,0.0022831863866951273,0.0005295328496987345,0.0005955159909806303,0.1374833789236683,12.680009184137074,0.23983144479749222,0.33726342298964745
882,adam,882,883,4.239971035014439e-06,1,6.965638659132098e-07,1.081883792069675e-08,1.2256994675959827e-07,1.1921657373998893e-07,1,1,,0,5.706851115911588e-09,-17.136785778609358,-0.08792300303711865,-0.6937111450559051,0.0016745810545236064,0.000720962716441547,0.0008346040174317458,0.0022831863866951273,0.0005295328496987345,0.0005955159909806303,0.1374833789236683,12.680009184137074,0.23983144806728243,0.3372634268012299
883,adam,883,884,4.197571324664295e-06,1,6.965638659132098e-07,1.0818851184540272e-08,1.2256967363275351e-07,1.1811765794671354e-07,1,1,,0,6.015366915294996e-09,-17.136785778609358,-0.08792300056721428,-0.6937111933103269,0.001674702230019654,0.000720962716441547,0.0008346040174317458,0.0022831863866951273,0.0005295328496987345,0.0005955159909806303,0.1374833789236683,12.680009184137074,0.23983145130893627,0.33726343057808544
884,adam,884,885,4.1555956114176515e-06,1,6.965638659132098e-07,1.081886433767498e-08,1.2256940306360706e-07,1.1702887219603202e-07,1,1,,0,6.321036252115389e-09,-17.136785778609358,-0.08792299800925656,-0.6937112411137724,0.001674822287559985,0.000720962716441547,0.0008346040174317458,0.0022831863866951273,0.0005295328496987345,0.0005955159909806303,0.1374833789236683,12.680009184137074,0.2398314545224618,0.33726343432048095
885,adam,885,886,4.114039655303475e-06,1,6.965638659132098e-07,1.0818877379964858e-08,1.2256913502107545e-07,1.1595011419181849e-07,1,1,,0,6.623885855790402e-09,-17.136785778609358,-0.08792299537278954,-0.6937112884713688,0.0016749412381857982,0.000720962716441547,0.0008346040174317458,0.0022831863866951273,0.0005295328496987345,0.0005955159909806303,0.1374833789236683,12.680009184137074,0.23983145770789438,0.33726343802868636
886,adam,886,887,4.072899258750441e-06,1,6.965638659132098e-07,1.0818890311396807e-08,1.2256886947525101e-07,1.1488128404617541e-07,1,1,,0,6.923942131589689e-09,-17.136785778609358,-0.08792299266638384,-0.6937113353880853,0.0016750590927446373,0.000720962716441547,0.0008346040174317458,0.0022831863866951273,0.0005295328496987345,0.0005955159909806303,0.1374833789236683,12.680009184137074,0.23983146086529336,0.33726344170297423
887,adam,887,888,4.032170266162936e-06,1,6.965638659132098e-07,1.0818903132066384e-08,1.225686063971757e-07,1.1382228402668769e-07,1,1,,0,7.221231172759998e-09,-17.136785778609358,-0.08792298989774121,-0.6937113818687458,0.0016751758619018568,0.000720962716441547,0.0008346040174317458,0.0022831863866951273,0.0005295328496987345,0.0005955159909806303,0.1374833789236683,12.680009184137074,0.23983146399473937,0.3372634453436192
888,adam,888,889,3.991848563501306e-06,1,6.965638659132098e-07,1.0818915842165502e-08,1.2256834575890017e-07,1.1277301834494881e-07,1,1,,0,7.515778771286956e-09,-17.136785778609358,-0.08792298707378586,-0.6937114279180419,0.0016752915561515102,0.000720962716441547,0.0008346040174317458,0.0022831863866951273,0.0005295328496987345,0.0005955159909806303,0.1374833789236683,12.680009184137074,0.23983146709633166,0.33726344895089705
889,adam,889,890,3.951930077866294e-06,1,6.965638659132098e-07,1.0818928441971185e-08,1.2256808753331626e-07,1.117333929804837e-07,1,1,,0,7.807610428135028e-09,-17.136785778609358,-0.08792298420074826,-0.6937114735405431,0.0016754061858264438,0.000720962716441547,0.0008346040174317458,0.0022831863866951273,0.0005295328496987345,0.0005955159909806303,0.1374833789236683,12.680009184137074,0.23983147017018586,0.337263452525085
890,adam,890,891,3.91241077708763e-06,1,6.965638659132098e-07,1.081894093183605e-08,1.2256783169419177e-07,1.1070331552839829e-07,1,1,,0,8.096751362114079e-09,-17.136785778609358,-0.08792298128423742,-0.6937115187407066,0.001675519761106264,0.000720962716441547,0.0008346040174317458,0.0022831863866951273,0.0005295328496987345,0.0005955159909806303,0.1374833789236683,12.680009184137074,0.239831473216432,0.33726345606646063
891,adam,891,892,3.8732866693167535e-06,1,6.965638659132098e-07,1.0818953312176283e-08,1.225675782159605e-07,1.096826950735372e-07,1,1,,0,8.383226518306244e-09,-17.136785778609358,-0.08792297832930727,-0.6937115635228867,0.0016756322920255932,0.000720962716441547,0.0008346040174317458,0.0022831863866951273,0.0005295328496987345,0.0005955159909806303,0.1374833789236683,12.680009184137074,0.2398314762352126,0.337263459575302
892,adam,892,893,3.834553802623586e-06,1,6.965638659132098e-07,1.0818965583468195e-08,1.225673270736275e-07,1.0867144208394444e-07,1,1,,0,8.66706057575857e-09,-17.136785778609358,-0.08792297534051556,-0.6937116078913416,0.0016757437884811631,0.000720962716441547,0.0008346040174317458,0.0022831863866951273,0.0005295328496987345,0.0005955159909806303,0.1374833789236683,12.680009184137074,0.2398314792266812,0.33726346305188704
893,adam,893,894,3.79620826459735e-06,1,6.965638659132098e-07,1.081897774623764e-08,1.2256707824305508e-07,1.0766946831630566e-07,1,1,,0,8.948277954205868e-09,-17.136785778609358,-0.08792297232197518,-0.693711651850241,0.001675854260238197,0.000720962716441547,0.0008346040174317458,0.0022831863866951273,0.0005295328496987345,0.0005955159909806303,0.1374833789236683,12.680009184137074,0.2398314821910008,0.3372634664964934
894,adam,894,895,3.758246181951377e-06,1,6.965638659132098e-07,1.0818989801053912e-08,1.2256683170039543e-07,1.0667668673718988e-07,1,1,,0,9.226902820669016e-09,-17.136785778609358,-0.08792296927740159,-0.6937116954036722,0.0016759637169357431,0.000720962716441547,0.0008346040174317458,0.0022831863866951273,0.0005295328496987345,0.0005955159909806303,0.1374833789236683,12.680009184137074,0.2398314851283428,0.3372634699093983
895,adam,895,896,3.7206637201318626e-06,1,6.965638659132098e-07,1.0819001748526348e-08,1.225665874225663e-07,1.0569301145654214e-07,1,1,,0,9.502959095189176e-09,-17.136785778609358,-0.0879229662101543,-0.6937117385556459,0.0016760721680922712,0.000720962716441547,0.0008346040174317458,0.0022831863866951273,0.0005295328496987345,0.0005955159909806303,0.1374833789236683,12.680009184137074,0.23983148803888557,0.3372634732908782
896,adam,896,897,3.683457082930544e-06,1,6.965638659132098e-07,1.0819013589297823e-08,1.225663453868008e-07,1.0471835766698045e-07,1,1,,0,9.776470456255363e-09,-17.136785778609358,-0.0879229631232741,-0.6937117813101011,0.0016761796231104218,0.000720962716441547,0.0008346040174317458,0.0022831863866951273,0.0005295328496987345,0.0005955159909806303,0.1374833789236683,12.680009184137074,0.23983149092281358,0.3372634766412084
897,adam,897,898,3.646622512101239e-06,1,6.964095077722929e-07,1.0808020854790728e-08,1.2221436722442751e-07,1.0375264159288293e-07,1,2,,0,1.2763106110146816e-11,-17.13736693587319,-0.0879220289232474,-0.6937118236709089,0.0016762860912813472,0.0007208795275557698,0.0008345115384296929,0.0022829448303527634,0.000529493661630016,0.000595492658191138,0.1374816208253578,12.679785447607447,0.2398314937803167,0.33726347996066347
898,adam,898,899,3.610156286980226e-06,1,6.964095077722929e-07,1.0808032474564827e-08,1.2221413279886064e-07,1.0279031627231939e-07,1,1,,0,2.6797980420992914e-10,-17.13736693587319,-0.08792202591484126,-0.6937118656379857,0.0016763915515404853,0.0007208795275557698,0.0008345115384296929,0.0022829448303527634,0.000529493661630016,0.000595492658191138,0.1374816208253578,12.679785447607447,0.23983149661059608,0.3372634832512092
899,adam,899,900,3.574054724110424e-06,1,6.964095077722929e-07,1.0808043990233438e-08,1.222139006697438e-07,1.0183740885760554e-07,1,1,,0,5.338232811197199e-10,-17.13736693587319,-0.08792202299113829,-0.6937119072155375,0.0016764960165187007,0.0007208795275557698,0.0008345115384296929,0.0022829448303527634,0.000529493661630016,0.000595492658191138,0.1374816208253578,12.679785447607447,0.23983149941396625,0.33726348651291865
900,adam,900,901,3.5383141768693195e-06,1,6.964095077722929e-07,1.0808055402482094e-08,1.2221367079878739e-07,1.0089376761568188e-07,1,1,,0,7.973017453338464e-10,-17.13736693587319,-0.08792202014272088,-0.6937119484076644,0.001676599498358895,0.0007208795275557698,0.0008345115384296929,0.0022829448303527634,0.000529493661630016,0.000595492658191138,0.1374816208253578,12.679785447607447,0.23983150219073218,0.337263489745885
901,adam,901,902,3.5029310351006267e-06,1,6.964095077722929e-07,1.0808066712018687e-08,1.2221344314987126e-07,9.995924946838303e-08,1,1,,0,1.0583637657451015e-09,-17.13736693587319,-0.0879220173612386,-0.6937119892183684,0.0016767020087606354,0.0007208795275557698,0.0008345115384296929,0.0022829448303527634,0.000529493661630016,0.000595492658191138,0.1374816208253578,12.679785447607447,0.23983150494119004,0.3372634929502192
902,adam,902,903,3.46790172474962e-06,1,6.964095077722929e-07,1.0808077919569249e-08,1.222132176889521e-07,9.903371910605521e-08,1,1,,0,1.3170179734842083e-09,-17.13736693587319,-0.08792201463929114,-0.6937120296515616,0.001676803559021076,0.0007208795275557698,0.0008345115384296929,0.0022829448303527634,0.000529493661630016,0.000595492658191138,0.1374816208253578,12.679785447607447,0.23983150766562786,0.33726349612604783
903,adam,903,904,3.433222707502124e-06,1,6.964095077722929e-07,1.080808902587352e-08,1.2221299438382995e-07,9.811704819327534e-08,1,1,,0,1.5732826955272121e-09,-17.13736693587319,-0.08792201197032454,-0.6937120697110724,0.0016769041600694882,0.0007208795275557698,0.0008345115384296929,0.0022829448303527634,0.000529493661630016,0.000595492658191138,0.1374816208253578,12.679785447607447,0.23983151036432634,0.33726349927351107
904,adam,904,905,3.3988904804271028e-06,1,6.964095077722929e-07,1.0808100031685066e-08,1.2221277320382208e-07,9.720911467468544e-08,1,1,,0,1.8271787857289634e-09,-17.13736693587319,-0.08792200934853796,-0.6937121094006512,0.0016770038225002145,0.0007208795275557698,0.0008345115384296929,0.0022829448303527634,0.000529493661630016,0.000595492658191138,0.1374816208253578,12.679785447607447,0.2398315130375592,0.3372635023927609
905,adam,905,906,3.364901575622832e-06,1,6.964095077722929e-07,1.0808110937767221e-08,1.222125541199885e-07,9.63098021461388e-08,1,1,,0,2.078727846479991e-09,-17.13736693587319,-0.08792200676880162,-0.693712148723977,0.0016771025566012824,0.0007208795275557698,0.0008345115384296929,0.0022829448303527634,0.000529493661630016,0.000595492658191138,0.1374816208253578,12.679785447607447,0.23983151568559394,0.33726350548395995
906,adam,906,907,3.3312525598666034e-06,1,6.964095077722929e-07,1.0808121744891814e-08,1.222123371043885e-07,9.541899930608539e-08,1,1,,0,2.327951646606409e-09,-17.13736693587319,-0.08792200422658229,-0.6937121876846607,0.0016772003723792182,0.0007208795275557698,0.0008345115384296929,0.0022829448303527634,0.000529493661630016,0.000595492658191138,0.1374816208253578,12.679785447607447,0.2398315183086922,0.33726350854727966
907,adam,907,908,3.2979400342679372e-06,1,6.964095077722929e-07,1.0808132453838005e-08,1.2221212213056452e-07,9.453659946172775e-08,1,1,,0,2.574871896343649e-09,-17.13736693587319,-0.0879220017178783,-0.6937122262862503,0.001677297279583076,0.0007208795275557698,0.0008345115384296929,0.0022829448303527634,0.000529493661630016,0.000595492658191138,0.1374816208253578,12.679785447607447,0.23983152090711019,0.3372635115828992
908,adam,908,909,3.264960633925258e-06,1,6.964095077722929e-07,1.0808143065389252e-08,1.2221190917302207e-07,9.366250009030289e-08,1,1,,0,2.819510151695169e-09,-17.13736693587319,-0.08792199923915983,-0.6937122645322347,0.001677393287723704,0.0007208795275557698,0.0008345115384296929,0.0022829448303527634,0.000529493661630016,0.000595492658191138,0.1374816208253578,12.679785447607447,0.23983152348109896,0.3372635145910046
909,adam,909,910,3.232311027586005e-06,1,6.964095077722929e-07,1.0808153580333965e-08,1.222116982072096e-07,9.279660245090189e-08,1,1,,0,3.06188777192919e-09,-17.13736693587319,-0.08792199678731794,-0.693712302426047,0.0016774884060929746,0.0007208795275557698,0.0008345115384296929,0.0022829448303527634,0.000529493661630016,0.000595492658191138,0.1374816208253578,12.679785447607447,0.23983152603090505,0.33726351757178746
910,adam,910,911,3.1999879173101453e-06,1,6.964095077722929e-07,1.080816399946269e-08,1.2221148920956832e-07,9.19388112351629e-08,1,1,,0,3.3020259008478224e-09,-17.13736693587319,-0.08792199435961714,-0.6937123399710674,0.0016775826437797196,0.0007208795275557698,0.0008345115384296929,0.0022829448303527634,0.000529493661630016,0.000595492658191138,0.1374816208253578,12.679785447607447,0.2398315285567704,0.33726352052544456
911,adam,911,912,3.1679880381370436e-06,1,6.964095077722929e-07,1.0808174323567186e-08,1.222112821573753e-07,9.108903425910193e-08,1,1,,0,3.539945459772242e-09,-17.13736693587319,-0.08792199195365429,-0.6937123771706272,0.0016776760096845309,0.0007208795275557698,0.0008345115384296929,0.0022829448303527634,0.000529493661630016,0.000595492658191138,0.1374816208253578,12.679785447607447,0.23983153105893293,0.33726352345217636
912,adam,912,913,3.1363081577556734e-06,1,6.964095077722929e-07,1.0808184553441392e-08,1.222110770286771e-07,9.024718218649605e-08,1,1,,0,3.775667146349326e-09,-17.13736693587319,-0.08792198956732132,-0.6937124140280095,0.0016777685125330742,0.0007208795275557698,0.0008345115384296929,0.0022829448303527634,0.000529493661630016,0.000595492658191138,0.1374816208253578,12.679785447607447,0.2398315335376266,0.33726352635218726
913,adam,913,914,3.1049450761781164e-06,1,6.964095077722929e-07,1.0808194689876318e-08,1.2221087380190973e-07,8.941316828291586e-08,1,1,,0,4.0092114361914994e-09,-17.13736693587319,-0.08792198719877257,-0.693712450546453,0.001677860160887844,0.0007208795275557698,0.0008345115384296929,0.0022829448303527634,0.000529493661630016,0.000595492658191138,0.1374816208253578,12.679785447607447,0.23983153599308168,0.3372635292256841
914,adam,914,915,3.0738956254163354e-06,1,6.964095077722929e-07,1.0808204733666083e-08,1.222106724565175e-07,8.858690819576612e-08,1,1,,0,4.240598586191921e-09,-17.13736693587319,-0.08792198484639531,-0.6937124867291535,0.0016779509631585532,0.0007208795275557698,0.0008345115384296929,0.0022829448303527634,0.000529493661630016,0.000595492658191138,0.1374816208253578,12.679785447607447,0.23983153842552504,0.3372635320728761
915,adam,915,916,3.043156669162172e-06,1,6.964095077722929e-07,1.0808214685599903e-08,1.2221047297231484e-07,8.776831975788354e-08,1,1,,0,4.46984863844372e-09,-17.13736693587319,-0.0879219825087833,-0.6937125225792659,0.0016780409276117673,0.0007208795275557698,0.0008345115384296929,0.0022829448303527634,0.000529493661630016,0.000595492658191138,0.1374816208253578,12.679785447607447,0.23983154083518013,0.3372635348939746
916,adam,916,917,3.01272510247055e-06,1,6.964095077722929e-07,1.0808224546465698e-08,1.222102753296179e-07,8.695732281488775e-08,1,1,,0,4.6969814244430825e-09,-17.13736693587319,-0.08792198018471394,-0.6937125580999052,0.0016781300623796211,0.0007208795275557698,0.0008345115384296929,0.0022829448303527634,0.000529493661630016,0.000595492658191138,0.1374816208253578,12.679785447607447,0.23983154322226743,0.33726353768919193
917,adam,917,918,2.9825978514458447e-06,1,6.964095077722929e-07,1.0808234317050322e-08,1.2221007950936295e-07,8.615383906331757e-08,1,1,,0,4.922016569507425e-09,-17.13736693587319,-0.08792197787312747,-0.6937125932941494,0.0016782183754670353,0.0007208795275557698,0.0008345115384296929,0.0022829448303527634,0.000529493661630016,0.000595492658191138,0.1374816208253578,12.679785447607447,0.23983154558700429,0.3372635404587418
918,adam,918,919,2.952771872931386e-06,1,6.964095077722929e-07,1.080824399813618e-08,1.222098854928282e-07,8.535779191695974e-08,1,1,,0,5.144973496838425e-09,-17.13736693587319,-0.08792197557310766,-0.6937126281650396,0.0016783058747596837,0.0007208795275557698,0.0008345115384296929,0.0022829448303527634,0.000529493661630016,0.000595492658191138,0.1374816208253578,12.679785447607447,0.2398315479296053,0.33726354320283836
919,adam,919,920,2.9232441542020725e-06,1,6.964095077722929e-07,1.0808253590502676e-08,1.2220969326166336e-07,8.45691063749656e-08,1,1,,0,5.36587143178749e-09,-17.13736693587319,-0.08792197328386668,-0.693712662715582,0.001678392568028787,0.0007208795275557698,0.0008345115384296929,0.0022829448303527634,0.000529493661630016,0.000595492658191138,0.1374816208253578,12.679785447607447,0.2398315502502821,0.33726354592169633
920,adam,920,921,2.8940117126600516e-06,1,6.964095077722929e-07,1.0808263094924345e-08,1.2220950279794074e-07,8.378770891683158e-08,1,1,,0,5.584729405551283e-09,-17.13736693587319,-0.08792197100472907,-0.6937126969487488,0.0016784784629377482,0.0007208795275557698,0.0008345115384296929,0.0022829448303527634,0.000529493661630016,0.000595492658191138,0.1374816208253578,12.679785447607447,0.239831552549244,0.3372635486155306
921,adam,921,922,2.865071595533451e-06,1,6.964095077722929e-07,1.0808272512174551e-08,1.2220931408413386e-07,8.30135273952394e-08,1,1,,0,5.801566259101127e-09,-17.13736693587319,-0.08792196873511963,-0.6937127308674793,0.0016785635670466547,0.0007208795275557698,0.0008345115384296929,0.0022829448303527634,0.000529493661630016,0.000595492658191138,0.1374816208253578,12.679785447607447,0.23983155482669752,0.33726355128455576
922,adam,922,923,2.8364208795781166e-06,1,6.964095077722929e-07,1.0808281843018082e-08,1.2220912710293562e-07,8.224649095172991e-08,1,1,,0,6.016400646389528e-09,-17.13736693587319,-0.08792196647455151,-0.6937127644746809,0.0016786478878174935,0.0007208795275557698,0.0008345115384296929,0.0022829448303527634,0.000529493661630016,0.000595492658191138,0.1374816208253578,12.679785447607447,0.23983155708284687,0.3372635539289864
923,adam,923,924,2.8080566707823353e-06,1,6.964095077722929e-07,1.0808291088219463e-08,1.2220894183746148e-07,8.148652993129334e-08,1,1,,0,6.229251037919077e-09,-17.13736693587319,-0.0879219642226153,-0.6937127977732295,0.0016787314326174028,0.0007208795275557698,0.0008345115384296929,0.0022829448303527634,0.000529493661630016,0.000595492658191138,0.1374816208253578,12.679785447607447,0.23983155931789382,0.3372635565490364
924,adam,924,925,2.779976104074512e-06,1,6.964095077722929e-07,1.0808300248536094e-08,1.2220875827121288e-07,8.073357581144145e-08,1,1,,0,6.440135723703147e-09,-17.13736693587319,-0.08792196197897086,-0.6937128307659715,0.0016788142087235138,0.0007208795275557698,0.0008345115384296929,0.0022829448303527634,0.000529493661630016,0.000595492658191138,0.1374816208253578,12.679785447607447,0.23983156153203794,0.33726355914491923
925,adam,925,926,2.752176343033767e-06,1,6.964095077722929e-07,1.0808309324720242e-08,1.222085763875323e-07,7.998756114028115e-08,1,1,,0,6.649072816317213e-09,-17.13736693587319,-0.08792195974333832,-0.693712863455723,0.0016788962233252396,0.0007208795275557698,0.0008345115384296929,0.0022829448303527634,0.000529493661630016,0.000595492658191138,0.1374816208253578,12.679785447607447,0.23983156372547645,0.33726356171684746
926,adam,926,927,2.7246545796034293e-06,1,6.964095077722929e-07,1.0808318317520195e-08,1.222083961705281e-07,7.92484194732017e-08,1,1,,0,6.856080253610952e-09,-17.13736693587319,-0.0879219575154909,-0.6937128958452716,0.001678977483527992,0.0007208795275557698,0.0008345115384296929,0.0022829448303527634,0.000529493661630016,0.000595492658191138,0.1374816208253578,12.679785447607447,0.23983156589840451,0.3372635642650328
927,adam,927,928,2.697408033807395e-06,1,6.964095077722929e-07,1.0808327227678823e-08,1.2220821760424003e-07,7.851608532280013e-08,1,1,,0,7.06117580137596e-09,-17.13736693587319,-0.08792195529524871,-0.6937129279373769,0.001679057996356141,0.0007208795275557698,0.0008345115384296929,0.0022829448303527634,0.000529493661630016,0.000595492658191138,0.1374816208253578,12.679785447607447,0.23983156805101513,0.337263566789686
928,adam,928,929,2.670433953469321e-06,1,6.964095077722929e-07,1.0808336055933147e-08,1.2220804067307553e-07,7.779049411129795e-08,1,1,,0,7.2643770559199596e-09,-17.13736693587319,-0.08792195308247265,-0.6937129597347707,0.0016791377687551843,0.0007208795275557698,0.0008345115384296929,0.0022829448303527634,0.000529493661630016,0.000595492658191138,0.1374816208253578,12.679785447607447,0.23983157018349924,0.33726356929101675
929,adam,929,930,2.6437296139346275e-06,1,6.964095077722929e-07,1.0808344803014738e-08,1.222078653615099e-07,7.707158212525432e-08,1,1,,0,7.465701446420537e-09,-17.13736693587319,-0.08792195087705974,-0.6937129912401574,0.0016792168075941227,0.0007208795275557698,0.0008345115384296929,0.0022829448303527634,0.000529493661630016,0.000595492658191138,0.1374816208253578,12.679785447607447,0.2398315722960458,0.3372635717692335
930,adam,930,931,2.6172923177952812e-06,1,6.964095077722929e-07,1.0808353469650924e-08,1.222076916543973e-07,7.635928648275491e-08,1,1,,0,7.665166237142368e-09,-17.13736693587319,-0.0879219486789376,-0.6937130224562152,0.0016792951196677975,0.0007208795275557698,0.0008345115384296929,0.0022829448303527634,0.000529493661630016,0.000595492658191138,0.1374816208253578,12.679785447607447,0.23983157438884184,0.33726357422454356
931,adam,931,932,2.5911193946173285e-06,1,6.964095077722929e-07,1.0808362056562161e-08,1.2220751953671568e-07,7.56535450904545e-08,1,1,,0,7.862788529671236e-09,-17.13736693587319,-0.08792194648806173,-0.6937130533855962,0.0016793727116989783,0.0007208795275557698,0.0008345115384296929,0.0022829448303527634,0.000529493661630016,0.000595492658191138,0.1374816208253578,12.679785447607447,0.2398315764620724,0.3372635766571528
932,adam,932,933,2.565208200671155e-06,1,6.964095077722929e-07,1.0808370564464168e-08,1.2220734899353671e-07,7.495429661883303e-08,1,1,,0,8.058585265055876e-09,-17.13736693587319,-0.0879219443044109,-0.6937130840309265,0.0016794495903395268,0.0007208795275557698,0.0008345115384296929,0.0022829448303527634,0.000529493661630016,0.000595492658191138,0.1374816208253578,12.679785447607447,0.23983157851592066,0.33726357906726584
933,adam,933,934,2.5395561186644436e-06,1,6.964095077722929e-07,1.0808378994067136e-08,1.222071800103135e-07,7.426148047097617e-08,1,1,,0,8.25257322570619e-09,-17.13736693587319,-0.08792194212798418,-0.6937131143948074,0.0016795257621730665,0.0007208795275557698,0.0008345115384296929,0.0022829448303527634,0.000529493661630016,0.000595492658191138,0.1374816208253578,12.679785447607447,0.23983158055056797,0.337263581455086
934,adam,934,935,2.5141605574777994e-06,1,6.964095077722929e-07,1.0808387346073905e-08,1.2220701257248315e-07,7.357503675445583e-08,1,1,,0,8.444769037354876e-09,-17.13736693587319,-0.08792193995879842,-0.6937131444798151,0.0016796012337153196,0.0007208795275557698,0.0008345115384296929,0.0022829448303527634,0.000529493661630016,0.000595492658191138,0.1374816208253578,12.679785447607447,0.2398315825661939,0.33726358382081495
935,adam,935,936,2.489018951903021e-06,1,6.964095077722929e-07,1.0808395621184665e-08,1.2220684666586782e-07,7.289490626070807e-08,1,1,,0,8.635189170925222e-09,-17.13736693587319,-0.08792193779688538,-0.6937131742885014,0.0016796760114167748,0.0007208795275557698,0.0008345115384296929,0.0022829448303527634,0.000529493661630016,0.000595492658191138,0.1374816208253578,12.679785447607447,0.2398315845629762,0.33726358616465313
936,adam,936,937,2.464128762383991e-06,1,6.964095077722929e-07,1.0808403820091123e-08,1.222066822761565e-07,7.22210304425304e-08,1,1,,0,8.82384994430506e-09,-17.13736693587319,-0.08792193564228966,-0.6937132038233937,0.0016797501016632271,0.0007208795275557698,0.0008345115384296929,0.0022829448303527634,0.000529493661630016,0.000595492658191138,0.1374816208253578,12.679785447607447,0.23983158654109082,0.33726358848679916
937,adam,937,938,2.439487474760151e-06,1,6.964095077722929e-07,1.0808411943480726e-08,1.222065193893889e-07,7.155335139268843e-08,1,1,,0,9.010767524083732e-09,-17.13736693587319,-0.08792193349506677,-0.6937132330869962,0.0016798235107771604,0.0007208795275557698,0.0008345115384296929,0.0022829448303527634,0.000529493661630016,0.000595492658191138,0.1374816208253578,12.679785447607447,0.2398315885007121,0.33726359078745055
938,adam,938,939,2.4150926000125494e-06,1,6.964095077722929e-07,1.0808419992035452e-08,1.2220635799182746e-07,7.089181182910602e-08,1,1,,0,9.1959579272183e-09,-17.13736693587319,-0.08792193135528115,-0.6937132620817891,0.0016798962450186973,0.0007208795275557698,0.0008345115384296929,0.0022829448303527634,0.000529493661630016,0.000595492658191138,0.1374816208253578,12.679785447607447,0.2398315904420126,0.337263593066803
939,adam,939,940,2.390941674012424e-06,1,6.964095077722929e-07,1.0808427966430581e-08,1.2220619806970632e-07,7.023635507421378e-08,1,1,,0,9.379437022659544e-09,-17.13736693587319,-0.0879219292230051,-0.6937132908102297,0.0016799683105875713,0.0007208795275557698,0.0008345115384296929,0.0022829448303527634,0.000529493661630016,0.000595492658191138,0.1374816208253578,12.679785447607447,0.23983159236516322,0.3372635953250506
940,adam,940,941,2.3670322572723e-06,1,6.964095077722929e-07,1.0808435867336576e-08,1.2220603960948998e-07,6.958692504463128e-08,1,1,,0,9.561220532960343e-09,-17.13736693587319,-0.08792192709831699,-0.6937133192747524,0.0016800397136228222,0.0007208795275557698,0.0008345115384296929,0.0022829448303527634,0.000529493661630016,0.000595492658191138,0.1374816208253578,12.679785447607447,0.23983159427033324,0.3372635975623862
941,adam,941,942,2.3433619346995764e-06,1,6.964095077722929e-07,1.0808443695418557e-08,1.222058825977622e-07,6.894346623240588e-08,1,1,,0,9.741324035819687e-09,-17.13736693587319,-0.08792192498129997,-0.6937133474777689,0.0016801104602049354,0.0007208795275557698,0.0008345115384296929,0.0022829448303527634,0.000529493661630016,0.000595492658191138,0.1374816208253578,12.679785447607447,0.2398315961576903,0.3372635997790007
942,adam,942,943,2.3199283153525808e-06,1,6.964095077722929e-07,1.0808451451334758e-08,1.222057270212749e-07,6.830592369538279e-08,1,1,,0,9.919762965491644e-09,-17.13736693587319,-0.08792192287204129,-0.6937133754216686,0.0016801805563557888,0.0007208795275557698,0.0008345115384296929,0.0022829448303527634,0.000529493661630016,0.000595492658191138,0.1374816208253578,12.679785447607447,0.23983159802740045,0.33726360197508376
943,adam,943,944,2.296729032199055e-06,1,6.962544097242903e-07,1.0798800397281953e-08,1.2189543132685802e-07,6.767424304219312e-08,1,2,,0,1.2127632585450219e-11,-17.137950673447442,-0.08792112562672139,-0.6937134031088188,0.0016802500080402905,0.0007207949147763559,0.0008344186058114297,0.0022826971361006956,0.0005294541919270955,0.0005954696062498699,0.13747992000398404,12.679585072704654,0.23983159987962807,0.3372636041508232
944,adam,944,945,2.2737617418770643e-06,1,6.962544097242903e-07,1.0798808026957738e-08,1.218952810203907e-07,6.704436649365299e-08,1,1,,0,1.7489016269106086e-10,-17.137950673447442,-0.08792112369678749,-0.6937134305475804,0.0016803188037058348,0.0007207949147763559,0.0008344186058114297,0.0022826971361006956,0.0005294541919270955,0.0005954696062498699,0.13747992000398404,12.679585072704654,0.23983160171193516,0.3372636063073908
945,adam,945,946,2.251024124458294e-06,1,6.962544097242903e-07,1.0798815577263069e-08,1.2189513214649292e-07,6.642073193171323e-08,1,1,,0,3.482068582042796e-10,-17.137950673447442,-0.08792112191918802,-0.6937134577395713,0.0016803869512560497,0.0007207949147763559,0.0008344186058114297,0.0022826971361006956,0.0005294541919270955,0.0005954696062498699,0.13747992000398404,12.679585072704654,0.2398316035247886,0.3372636084448554
946,adam,946,947,2.228513883213711e-06,1,6.962544097242903e-07,1.0798823049896412e-08,1.2189498468571935e-07,6.580323001074284e-08,1,1,,0,5.200526611438273e-10,-17.137950673447442,-0.08792112027689541,-0.6937134846864645,0.0016804544583158114,0.0007207949147763559,0.0008344186058114297,0.0022826971361006956,0.0005294541919270955,0.0005954696062498699,0.13747992000398404,12.679585072704654,0.2398316053186206,0.3372636105632971
947,adam,947,948,2.2062287443815733e-06,1,6.962544097242903e-07,1.0798830446432518e-08,1.2189483861955162e-07,6.519175870320932e-08,1,1,,0,6.9033842909069e-10,-17.137950673447442,-0.08792111875475031,-0.6937135113899809,0.001680521332257115,0.0007207949147763559,0.0008344186058114297,0.0022826971361006956,0.0005294541919270955,0.0005954696062498699,0.13747992000398404,12.679585072704654,0.23983160709383208,0.3372636126628057
948,adam,948,949,2.184166456937758e-06,1,6.962544097242903e-07,1.0798837768337815e-08,1.2189469393014008e-07,6.45862224234354e-08,1,1,,0,8.590585244590328e-10,-17.137950673447442,-0.08792111733925814,-0.6937135378518816,0.0016805875802198774,0.0007207949147763559,0.0008344186058114297,0.0022826971361006956,0.0005294541919270955,0.0005954696062498699,0.13747992000398404,12.679585072704654,0.23983160885079602,0.337263614743479
949,adam,949,950,2.1623247923683803e-06,1,6.962544097242903e-07,1.0798845016983297e-08,1.218945506003804e-07,6.398653126477642e-08,1,1,,0,1.026221043261207e-09,-17.137950673447442,-0.08792111601840888,-0.6937135640739611,0.0016806532091329669,0.0007207949147763559,0.0008344186058114297,0.0022826971361006956,0.0005294541919270955,0.0005954696062498699,0.13747992000398404,12.679585072704654,0.23983161058986024,0.33726361680542266
950,adam,950,951,2.1407015444446967e-06,1,6.962544097242903e-07,1.079885219365143e-08,1.2189440861396986e-07,6.339260034871311e-08,1,1,,0,1.1918378628097845e-09,-17.137950673447442,-0.08792111478151514,-0.6937135900580432,0.0016807182257310897,0.0007207949147763559,0.0008344186058114297,0.0022826971361006956,0.0005294541919270955,0.0005954696062498699,0.13747992000398404,12.679585072704654,0.23983161231135014,0.3372636188487486
951,adam,951,952,2.1192945290002496e-06,1,6.962544097242903e-07,1.0798859299546888e-08,1.218942679549769e-07,6.280434925429102e-08,1,1,,0,1.3559221619181375e-09,-17.137950673447442,-0.08792111361906892,-0.6937136158059739,0.0016807826365718961,0.0007207949147763559,0.0008344186058114297,0.0022826971361006956,0.0005294541919270955,0.0005954696062498699,0.13747992000398404,12.679585072704654,0.23983161401557088,0.3372636208735743
952,adam,952,953,2.098101583710247e-06,1,6.962544097242903e-07,1.079886633580364e-08,1.2189412860818922e-07,6.222170152457535e-08,1,1,,0,1.518487599823302e-09,-17.137950673447442,-0.08792111252261309,-0.6937136413196179,0.0016808464480490744,0.0007207949147763559,0.0008344186058114297,0.0022826971361006956,0.0005294541919270955,0.0005954696062498699,0.13747992000398404,12.679585072704654,0.23983161570280945,0.337263622880022
953,adam,953,954,2.077120567873144e-06,1,6.962544097242903e-07,1.0798873303492342e-08,1.2189399055873058e-07,6.164458423687165e-08,1,1,,0,1.679547991816238e-09,-17.137950673447442,-0.08792111148462735,-0.6937136666008551,0.001680909666405573,0.0007207949147763559,0.0008344186058114297,0.0022826971361006956,0.0005294541919270955,0.0005954696062498699,0.13747992000398404,12.679585072704654,0.23983161737333641,0.33726362486821804
954,adam,954,955,2.0563493621944134e-06,1,6.962544097242903e-07,1.0798880203627986e-08,1.2189385379240998e-07,6.107292763367982e-08,1,1,,0,1.8391171650801044e-09,-17.137950673447442,-0.08792111049842614,-0.6937136916515757,0.001680972297745114,0.0007207949147763559,0.0008344186058114297,0.0022826971361006956,0.0005294541919270955,0.0005954696062498699,0.13747992000398404,12.679585072704654,0.2398316190274078,0.3372636268382924
955,adam,955,956,2.035785868572469e-06,1,6.962544097242903e-07,1.0798887037172512e-08,1.2189371829508804e-07,6.050666478897383e-08,1,1,,0,1.9972088894533538e-09,-17.137950673447442,-0.08792110955806791,-0.6937137164736787,0.0016810343480420755,0.0007207949147763559,0.0008344186058114297,0.0022826971361006956,0.0005294541919270955,0.0005954696062498699,0.13747992000398404,12.679585072704654,0.23983162066526625,0.3372636287903779
956,adam,956,957,2.015428009886744e-06,1,6.962544097242903e-07,1.0798893805042335e-08,1.2189358405333382e-07,5.994573132445796e-08,1,1,,0,2.1538368418992105e-09,-17.137950673447442,-0.08792110865827352,-0.6937137410690676,0.00168109582315109,0.0007207949147763559,0.0008344186058114297,0.0022826971361006956,0.0005294541919270955,0.0005954696062498699,0.13747992000398404,12.679585072704654,0.23983162228714253,0.33726363072460985
957,adam,957,958,1.995273729787877e-06,1,6.962544097242903e-07,1.0798900508111609e-08,1.2189345105380625e-07,5.939006516043166e-08,1,1,,0,2.309014588549472e-09,-17.137950673447442,-0.08792110779435493,-0.6937137654396489,0.0016811567288148384,0.0007207949147763559,0.0008344186058114297,0.0022826971361006956,0.0005294541919270955,0.0005954696062498699,0.13747992000398404,12.679585072704654,0.23983162389325655,0.3372636326411257
958,adam,958,959,1.975320992489998e-06,1,6.962544097242903e-07,1.0798907147217668e-08,1.2189331928369167e-07,5.883960629220112e-08,1,1,,0,2.4627555748778206e-09,-17.137950673447442,-0.08792110696215034,-0.6937137895873297,0.0016812170706714772,0.0007207949147763559,0.0008344186058114297,0.0022826971361006956,0.0005294541919270955,0.0005954696062498699,0.13747992000398404,12.679585072704654,0.23983162548381856,0.3372636345400645
959,adam,959,960,1.955567782565098e-06,1,6.962544097242903e-07,1.0798913723162674e-08,1.218931887303267e-07,5.829429659645344e-08,1,1,,0,2.6150731212136907e-09,-17.137950673447442,-0.08792110615796632,-0.6937138135140153,0.0016812768542613535,0.0007207949147763559,0.0008344186058114297,0.0022826971361006956,0.0005294541919270955,0.0005954696062498699,0.13747992000398404,12.679585072704654,0.23983162705902988,0.33726363642156676
960,adam,960,961,1.936012104739447e-06,1,6.962544097242903e-07,1.0798920236719453e-08,1.218930593814619e-07,5.775407966145657e-08,1,1,,0,2.765980420666663e-09,-17.137950673447442,-0.08792110537852707,-0.693713837221608,0.00168133608503318,0.0007207949147763559,0.0008344186058114297,0.0022826971361006956,0.0005294541919270955,0.0005954696062498699,0.13747992000398404,12.679585072704654,0.23983162861908394,0.33726363828577405
961,adam,961,962,1.9166519836920524e-06,1,6.962544097242903e-07,1.079892668862971e-08,1.2189293122483633e-07,5.721890063488648e-08,1,1,,0,2.9154905388404133e-09,-17.137950673447442,-0.0879211046209289,-0.6937138607120059,0.0016813947683488692,0.0007207949147763559,0.0008344186058114297,0.0022826971361006956,0.0005294541919270955,0.0005954696062498699,0.13747992000398404,12.679585072704654,0.2398316301641668,0.3372636401328286
962,adam,962,963,1.8974854638551318e-06,1,6.962544097242903e-07,1.0798933079613133e-08,1.2189280424875743e-07,5.6688706090697606e-08,1,1,,0,3.063616414321233e-09,-17.137950673447442,-0.08792110388259952,-0.6937138839871004,0.001681452909488625,0.0007207949147763559,0.0008344186058114297,0.0022826971361006956,0.0005294541919270955,0.0005954696062498699,0.13747992000398404,12.679585072704654,0.23983163169445804,0.33726364196287334
963,adam,963,964,1.8785106092165805e-06,1,6.962544097242903e-07,1.0798939410362128e-08,1.2189267844148214e-07,5.616344390829716e-08,1,1,,0,3.2103708597676765e-09,-17.137950673447442,-0.08792110316126088,-0.6937139070487767,0.001681510513655196,0.0007207949147763559,0.0008344186058114297,0.0022826971361006956,0.0005294541919270955,0.0005954696062498699,0.13747992000398404,12.679585072704654,0.23983163321013107,0.33726364377605156
964,adam,964,965,1.8597255031244148e-06,1,6.962544097242903e-07,1.0798945681552172e-08,1.2189255379167748e-07,5.564306317245176e-08,1,1,,0,3.3557665631899425e-09,-17.137950673447442,-0.08792110245489809,-0.6937139298989109,0.0016815675859777133,0.0007207949147763559,0.0008344186058114297,0.0022826971361006956,0.0005294541919270955,0.0005954696062498699,0.13747992000398404,12.679585072704654,0.239831634711354,0.3372636455725065
965,adam,965,966,1.8411282480931705e-06,1,6.962544097242903e-07,1.0798951893836035e-08,1.2189243028803277e-07,5.512751407652807e-08,1,1,,0,3.4998160895538487e-09,-17.137950673447442,-0.08792110176172982,-0.693713952539371,0.0016816241315155698,0.0007207949147763559,0.0008344186058114297,0.0022826971361006956,0.0005294541919270955,0.0005954696062498699,0.13747992000398404,12.679585072704654,0.23983163619828973,0.3372636473523817
966,adam,966,967,1.8227169656122388e-06,1,6.962544097242903e-07,1.0798958047848791e-08,1.218923079194537e-07,5.461674784019849e-08,1,1,,0,3.642531882389314e-09,-17.137950673447442,-0.08792110108018279,-0.6937139749720141,0.001681680155260797,0.0007207949147763559,0.0008344186058114297,0.0022826971361006956,0.0005294541919270955,0.0005954696062498699,0.13747992000398404,12.679585072704654,0.23983163767109672,0.3372636491158203
967,adam,967,968,1.8044897959561164e-06,1,6.962544097242903e-07,1.0798964144211768e-08,1.218921866750744e-07,5.411071663618687e-08,1,1,,0,3.78392626535629e-09,-17.137950673447442,-0.08792110040886866,-0.6937139971986881,0.001681735662141693,0.0007207949147763559,0.0008344186058114297,0.0022826971361006956,0.0005294541919270955,0.0005954696062498699,0.13747992000398404,12.679585072704654,0.23983163912992914,0.3372636508629655
968,adam,968,969,1.7864448979965553e-06,1,6.962544097242903e-07,1.0798970183529206e-08,1.2189206654418256e-07,5.360937352669653e-08,1,1,,0,3.924011443884275e-09,-17.137950673447442,-0.08792109974656409,-0.6937140192212287,0.0016817906570253693,0.0007207949147763559,0.0008344186058114297,0.0022826971361006956,0.0005294541919270955,0.0005954696062498699,0.13747992000398404,12.679585072704654,0.23983164057493733,0.33726365259395974
969,adam,969,970,1.7685804490165898e-06,1,6.962544097242903e-07,1.0798976166390712e-08,1.218919475161884e-07,5.3112672401609556e-08,1,1,,0,4.062799506798964e-09,-17.137950673447442,-0.08792109909219202,-0.6937140410414605,0.001681845144719375,0.0007207949147763559,0.0008344186058114297,0.0022826971361006956,0.0005294541919270955,0.0005954696062498699,0.13747992000398404,12.679585072704654,0.23983164200626797,0.33726365430894534
970,adam,970,971,1.7508946445264239e-06,1,6.962544097242903e-07,1.0798982093376032e-08,1.2189182958074596e-07,5.262056792612208e-08,1,1,,0,4.200302427764483e-09,-17.137950673447442,-0.08792109844480582,-0.6937140626611962,0.001681899129974742,0.0007207949147763559,0.0008344186058114297,0.0022826971361006956,0.0005294541919270955,0.0005954696062498699,0.13747992000398404,12.679585072704654,0.2398316434240645,0.3372636560080638
971,adam,971,972,1.7333856980811595e-06,1,6.962544097242903e-07,1.0798987965048439e-08,1.2189171272739148e-07,5.213301549823968e-08,1,1,,0,4.3365320668802946e-09,-17.137950673447442,-0.08792109780357449,-0.6937140840822358,0.00168195261748749,0.0007207949147763559,0.0008344186058114297,0.0022826971361006956,0.0005294541919270955,0.0005954696062498699,0.13747992000398404,12.679585072704654,0.23983164482846728,0.3372636576914562
972,adam,972,973,1.716051841100348e-06,1,6.962544097242903e-07,1.0798993781965482e-08,1.2189159694609314e-07,5.164997120308631e-08,1,1,,0,4.471500172081879e-09,-17.137950673447442,-0.08792109716777004,-0.6937141053063663,0.0016820056119002458,0.0007207949147763559,0.0008344186058114297,0.0022826971361006956,0.0005294541919270955,0.0005954696062498699,0.13747992000398404,12.679585072704654,0.23983164621961378,0.3372636593592628
973,adam,973,974,1.6988913226893444e-06,1,6.962544097242903e-07,1.0798999544669485e-08,1.2189148222678986e-07,5.117139177587658e-08,1,1,,0,4.605218380605923e-09,-17.137950673447442,-0.08792109653675581,-0.6937141263353627,0.0016820581178042958,0.0007207949147763559,0.0008344186058114297,0.0022826971361006956,0.0005294541919270955,0.0005954696062498699,0.13747992000398404,12.679585072704654,0.2398316475976389,0.3372636610116229
974,adam,974,975,1.6819024094624509e-06,1,6.962544097242903e-07,1.0799005253696447e-08,1.2189136855953562e-07,5.069723456981937e-08,1,1,,0,4.737698220224863e-09,-17.137950673447442,-0.08792109590997615,-0.6937141471709855,0.0016821101397404541,0.0007207949147763559,0.0008344186058114297,0.0022826971361006956,0.0005294541919270955,0.0005954696062498699,0.13747992000398404,12.679585072704654,0.23983164896267492,0.3372636626486755
975,adam,975,976,1.6650833853678265e-06,1,6.962544097242903e-07,1.0799010909571892e-08,1.2189125593461154e-07,5.0227457524207946e-08,1,1,,0,4.868951110695924e-09,-17.137950673447442,-0.08792109528694811,-0.6937141678149825,0.0016821616822014064,0.0007207949147763559,0.0008344186058114297,0.0022826971361006956,0.0005294541919270955,0.0005954696062498699,0.13747992000398404,12.679585072704654,0.2398316503148519,0.3372636642705583
976,adam,976,977,1.6484325515141481e-06,1,6.962544097242903e-07,1.0799016512813163e-08,1.2189114434222988e-07,4.9762019136910305e-08,1,1,,0,4.998988364956618e-09,-17.137950673447442,-0.08792109466725213,-0.6937141882690879,0.0016822127496317417,0.0007207949147763559,0.0008344186058114297,0.0022826971361006956,0.0005294541919270955,0.0005954696062498699,0.13747992000398404,12.679585072704654,0.23983165165429773,0.3372636658774083
977,adam,977,978,1.6319482259990067e-06,1,6.962544097242903e-07,1.0799022063928429e-08,1.2189103377290698e-07,4.930087844306425e-08,1,1,,0,5.127821190384023e-09,-17.137950673447442,-0.08792109405052535,-0.6937142085350221,0.0016822633464301303,0.0007207949147763559,0.0008344186058114297,0.0022826971361006956,0.0005294541919270955,0.0005954696062498699,0.13747992000398404,12.679585072704654,0.23983165298113815,0.33726366746936154
978,adam,978,979,1.6156287437390166e-06,1,6.962544097242903e-07,1.0799027563420975e-08,1.218909242171556e-07,4.8843994987689943e-08,1,1,,0,5.255460689970719e-09,-17.137950673447442,-0.08792109343645557,-0.6937142286144913,0.0016823134769495692,0.0007207949147763559,0.0008344186058114297,0.0022826971361006956,0.0005294541919270955,0.0005954696062498699,0.13747992000398404,12.679585072704654,0.23983165429549705,0.33726366904655314
979,adam,979,980,1.5994724563016262e-06,1,6.962544097242903e-07,1.0799033011784343e-08,1.21890815665552e-07,4.8391328811013604e-08,1,1,,0,5.381917863513862e-09,-17.137950673447442,-0.08792109282477456,-0.6937142485091885,0.0016823631454990944,0.0007207949147763559,0.0008344186058114297,0.0022826971361006956,0.0005294541919270955,0.0005954696062498699,0.13747992000398404,12.679585072704654,0.2398316555974964,0.33726367060911716
980,adam,980,981,1.5834777317386102e-06,1,6.962544097242903e-07,1.0799038409505386e-08,1.2189070810892885e-07,4.7942840424185805e-08,1,1,,0,5.50720360867359e-09,-17.137950673447442,-0.08792109221525363,-0.6937142682207922,0.0016824123563440284,0.0007207949147763559,0.0008344186058114297,0.0022826971361006956,0.0005294541919270955,0.0005954696062498699,0.13747992000398404,12.679585072704654,0.23983165688725647,0.3372636721571867
981,adam,981,982,1.567642954421224e-06,1,6.962544097242903e-07,1.0799043757066666e-08,1.2189060153800806e-07,4.749849079938191e-08,1,1,,0,5.631328722173333e-09,-17.137950673447442,-0.08792109160769955,-0.6937142877509673,0.0016824611137076521,0.0007207949147763559,0.0008344186058114297,0.0022826971361006956,0.0005294541919270955,0.0005954696062498699,0.13747992000398404,12.679585072704654,0.23983165816489582,0.33726367369089405
982,adam,982,983,1.5519665248770116e-06,1,6.962544097242903e-07,1.0799049054941907e-08,1.2189049594380877e-07,4.705824135004303e-08,1,1,,0,5.754303900736739e-09,-17.137950673447442,-0.08792109100194903,-0.6937143071013646,0.001682509421770952,0.0007207949147763559,0.0008344186058114297,0.0022826971361006956,0.0005294541919270955,0.0005954696062498699,0.13747992000398404,12.679585072704654,0.2398316594305315,0.33726367521037004
983,adam,983,984,1.5364468596282416e-06,1,6.962544097242903e-07,1.0799054303600794e-08,1.218903913173988e-07,4.662205391929247e-08,1,1,,0,5.876139742292343e-09,-17.137950673447442,-0.0879210903978665,-0.6937143262736211,0.0016825572846741637,0.0007207949147763559,0.0008344186058114297,0.0022826971361006956,0.0005294541919270955,0.0005954696062498699,0.13747992000398404,12.679585072704654,0.2398316606842789,0.337263676715745
984,adam,984,985,1.5210823910319593e-06,1,6.962544097242903e-07,1.0799059503505959e-08,1.2189028764978668e-07,4.61898907672231e-08,1,1,,0,5.996846746837765e-09,-17.137950673447442,-0.08792108979534011,-0.6937143452693594,0.0016826047065171912,0.0007207949147763559,0.0008344186058114297,0.0022826971361006956,0.0005294541919270955,0.0005954696062498699,0.13747992000398404,12.679585072704654,0.23983166192625213,0.33726367820714775
985,adam,985,986,1.5058715671216396e-06,1,6.962544097242903e-07,1.0799064655114667e-08,1.2189018493217376e-07,4.5761714556977716e-08,1,1,,0,6.116435317537385e-09,-17.137950673447442,-0.0879210891942792,-0.6937143640901886,0.001682651691360146,0.0007207949147763559,0.0008344186058114297,0.0022826971361006956,0.0005294541919270955,0.0005954696062498699,0.13747992000398404,12.679585072704654,0.23983166315656373,0.3372636796847063
986,adam,986,987,1.4908128514504232e-06,1,6.962544097242903e-07,1.0799069758880328e-08,1.218900831559706e-07,4.533748834908463e-08,1,1,,0,6.2349157616604356e-09,-17.137950673447442,-0.08792108859461156,-0.6937143827377039,0.0016826982432241412,0.0007207949147763559,0.0008344186058114297,0.0022826971361006956,0.0005294541919270955,0.0005954696062498699,0.13747992000398404,12.679585072704654,0.23983166437532497,0.3372636811485476
987,adam,987,988,1.475904722935919e-06,1,6.962544097242903e-07,1.0799074815248706e-08,1.2188998231244502e-07,4.491717558800408e-08,1,1,,0,6.352298291537192e-09,-17.137950673447442,-0.08792108799628129,-0.6937144012134865,0.0016827443660919175,0.0007207949147763559,0.0008344186058114297,0.0022826971361006956,0.0005294541919270955,0.0005954696062498699,0.13747992000398404,12.679585072704654,0.2398316655826457,0.33726368259879747
988,adam,988,989,1.4611456757065598e-06,1,6.962544097242903e-07,1.0799079824663699e-08,1.2188988239313148e-07,4.4500740093102466e-08,1,1,,0,6.468593025505963e-09,-17.137950673447442,-0.08792108739924705,-0.6937144195191036,0.0016827900639082185,0.0007207949147763559,0.0008344186058114297,0.0022826971361006956,0.0005294541919270955,0.0005954696062498699,0.13747992000398404,12.679585072704654,0.23983166677863474,0.3372636840355807
989,adam,989,990,1.4465342189494942e-06,1,6.962544097242903e-07,1.079908478756094e-08,1.218897833895117e-07,4.408814605422205e-08,1,1,,0,6.583809988810843e-09,-17.137950673447442,-0.08792108680347953,-0.6937144376561094,0.0016828353405801638,0.0007207949147763559,0.0008344186058114297,0.0022826971361006956,0.0005294541919270955,0.0005954696062498699,0.13747992000398404,12.679585072704654,0.23983166796339947,0.337263685459021
990,adam,990,991,1.432068876759999e-06,1,6.962544097242903e-07,1.079908970437351e-08,1.2188968529318085e-07,4.367935801802838e-08,1,1,,0,6.6979591145716815e-09,-17.137950673447442,-0.08792108620896055,-0.6937144556260438,0.0016828801999784636,0.0007207949147763559,0.0008344186058114297,0.0022826971361006956,0.0005294541919270955,0.0005954696062498699,0.13747992000398404,12.679585072704654,0.23983166913704612,0.33726368686924113
991,adam,991,992,1.417748187992399e-06,1,6.962544097242903e-07,1.0799094575530181e-08,1.2188958809595536e-07,4.327434088749426e-08,1,1,,0,6.811050244620099e-09,-17.137950673447442,-0.08792108561568171,-0.6937144734304332,0.0016829246459369954,0.0007207949147763559,0.0008344186058114297,0.0022826971361006956,0.0005294541919270955,0.0005954696062498699,0.13747992000398404,12.679585072704654,0.23983167029967978,0.33726368826636255
992,adam,992,993,1.4035707061124752e-06,1,6.962544097242903e-07,1.0799099401454547e-08,1.2188949178952846e-07,4.287305991074337e-08,1,1,,0,6.9230931303365455e-09,-17.137950673447442,-0.08792108502364221,-0.6937144910707906,0.0016829686822538515,0.0007207949147763559,0.0008344186058114297,0.0022826971361006956,0.0005294541919270955,0.0005954696062498699,0.13747992000398404,12.679585072704654,0.2398316714514045,0.33726368965050585
993,adam,993,994,1.3895349990513503e-06,1,6.962544097242903e-07,1.0799104182565208e-08,1.2188939636581407e-07,4.247548067598943e-08,1,1,,0,7.034097433607849e-09,-17.137950673447442,-0.08792108443284886,-0.6937145085486158,0.001683012312691295,0.0007207949147763559,0.0008344186058114297,0.0022826971361006956,0.0005294541919270955,0.0005954696062498699,0.13747992000398404,12.679585072704654,0.239831672592323,0.33726369102179066
994,adam,994,995,1.375639649060837e-06,1,6.962544097242903e-07,1.0799108919277085e-08,1.218893018167664e-07,4.20815691080582e-08,1,1,,0,7.144072727681757e-09,-17.137950673447442,-0.08792108384331451,-0.693714525865395,0.0016830555409769283,0.0007207949147763559,0.0008344186058114297,0.0022826971361006956,0.0005294541919270955,0.0005954696062498699,0.13747992000398404,12.679585072704654,0.23983167372253716,0.33726369238033527
995,adam,995,996,1.3618832525702286e-06,1,6.962544097242903e-07,1.0799113612001811e-08,1.2188920813425568e-07,4.169129145739102e-08,1,1,,0,7.253028497852378e-09,-17.137950673447442,-0.08792108325505721,-0.6937145430226009,0.0016830983708035264,0.0007207949147763559,0.0008344186058114297,0.0022826971361006956,0.0005294541919270955,0.0005954696062498699,0.13747992000398404,12.679585072704654,0.23983167484214768,0.3372636937262571
996,adam,996,997,1.3482644200445262e-06,1,6.962544097242903e-07,1.0799118261145567e-08,1.2188911531049785e-07,4.130461430122484e-08,1,1,,0,7.360974142459315e-09,-17.137950673447442,-0.08792108266809928,-0.6937145600216938,0.0016831408058293712,0.0007207949147763559,0.0008344186058114297,0.0022826971361006956,0.0005294541919270955,0.0005954696062498699,0.13747992000398404,12.679585072704654,0.2398316759512542,0.3372636950596726
997,adam,997,998,1.334781775844081e-06,1,6.962544097242903e-07,1.0799122867111192e-08,1.2188902333773447e-07,4.09215045353131e-08,1,1,,0,7.467918973640404e-09,-17.137950673447442,-0.08792108208246732,-0.6937145768641202,0.0016831828496789152,0.0007207949147763559,0.0008344186058114297,0.0022826971361006956,0.0005294541919270955,0.0005954696062498699,0.13747992000398404,12.679585072704654,0.2398316770499555,0.33726369638069703
998,adam,998,999,1.32143395808564e-06,1,6.962544097242903e-07,1.0799127430298093e-08,1.2188893220802643e-07,4.054192936978843e-08,1,1,,0,7.573872218123363e-09,-17.137950673447442,-0.08792108149819057,-0.6937145935513142,0.001683224505943205,0.0007207949147763559,0.0008344186058114297,0.0022826971361006956,0.0005294541919270955,0.0005954696062498699,0.13747992000398404,12.679585072704654,0.2398316781383492,0.33726369768944475
999,adam,999,1000,1.3082196185047836e-06,1,6.962544097242903e-07,1.0799131951100027e-08,1.218888419137491e-07,4.016585632573159e-08,1,1,,0,7.678843018040497e-09,-17.137950673447442,-0.08792108091530128,-0.6937146100846963,0.0016832657781800009,0.0007207949147763559,0.0008344186058114297,0.0022826971361006956,0.0005294541919270955,0.0005954696062498699,0.13747992000398404,12.679585072704654,0.23983167921653203,0.3372636989860289
1000,adam,1000,1001,1.2951374223197358e-06,1,6.962544097242903e-07,1.0799136429909099e-08,1.2188875244729434e-07,3.97932532291749e-08,1,1,,0,7.782840431699207e-09,-17.137950673447442,-0.08792108033383385,-0.693714626465675,0.001683306669914113,0.0007207949147763559,0.0008344186058114297,0.0022826971361006956,0.0005294541919270955,0.0005954696062498699,0.13747992000398404,12.679585072704654,0.23983168028459972,0.3372637002705619
1001,adam,1001,1002,1.2821860480965384e-06,1,6.962544097242903e-07,1.0799140867111635e-08,1.2188866380109862e-07,3.9424088209071975e-08,1,1,,0,7.885873434371639e-09,-17.137950673447442,-0.08792107975382424,-0.6937146426956459,0.0016833471846381522,0.0007207949147763559,0.0008344186058114297,0.0022826971361006956,0.0005294541919270955,0.0005954696062498699,0.13747992000398404,12.679585072704654,0.23983168134264712,0.3372637015431549
1002,adam,1002,1003,1.2693641876155732e-06,1,6.962544097242903e-07,1.0799145263093303e-08,1.218885759676819e-07,3.905832969312967e-08,1,1,,0,7.98795091906536e-09,-17.137950673447442,-0.08792107917530986,-0.6937146587759917,0.0016833873258123185,0.0007207949147763559,0.0008344186058114297,0.0022826971361006956,0.0005294541919270955,0.0005954696062498699,0.13747992000398404,12.679585072704654,0.23983168239076808,0.33726370280391815
1003,adam,1003,1004,1.2566705457394174e-06,1,6.962544097242903e-07,1.0799149618232144e-08,1.218884889396502e-07,3.869594640287473e-08,1,1,,0,8.089081697292795e-09,-17.137950673447442,-0.08792107859832934,-0.6937146747080829,0.0016834270968648652,0.0007207949147763559,0.0008344186058114297,0.0022826971361006956,0.0005294541919270955,0.0005954696062498699,0.13747992000398404,12.679585072704654,0.23983168342905553,0.33726370405296097
1004,adam,1004,1005,1.2441038402820233e-06,1,6.962544097242903e-07,1.079915393290602e-08,1.2188840270960806e-07,3.8336907350745644e-08,1,1,,0,8.189274499795138e-09,-17.137950673447442,-0.08792107802292157,-0.6937146904932778,0.0016834665011931382,0.0007207949147763559,0.0008344186058114297,0.0022826971361006956,0.0005294541919270955,0.0005954696062498699,0.13747992000398404,12.679585072704654,0.23983168445760158,0.33726370529039157
1005,adam,1005,1006,1.2316628018792029e-06,1,6.962544097242903e-07,1.0799158207486951e-08,1.2188831727027548e-07,3.7981181838033436e-08,1,1,,0,8.288537977301538e-09,-17.137950673447442,-0.08792107744912654,-0.693714706132922,0.0016835055421625326,0.0007207949147763559,0.0008344186058114297,0.0022826971361006956,0.0005294541919270955,0.0005954696062498699,0.13747992000398404,12.679585072704654,0.2398316854764974,0.3372637065163172
1006,adam,1006,1007,1.219346173860411e-06,1,6.962544097242903e-07,1.0799162442344762e-08,1.2188823261450573e-07,3.7628739450826164e-08,1,1,,0,8.386880701251631e-09,-17.137950673447442,-0.08792107687698404,-0.6937147216283494,0.001683544223108037,0.0007207949147763559,0.0008344186058114297,0.0022826971361006956,0.0005294541919270955,0.0005954696062498699,0.13747992000398404,12.679585072704654,0.23983168648583328,0.33726370773084424
1007,adam,1007,1008,1.2071527121218068e-06,1,6.962544097242903e-07,1.0799166637845589e-08,1.2188814873512067e-07,3.727955005454291e-08,1,1,,0,8.484311164557696e-09,-17.137950673447442,-0.08792107630653453,-0.6937147369808813,0.0016835825473339428,0.0007207949147763559,0.0008344186058114297,0.0022826971361006956,0.0005294541919270955,0.0005954696062498699,0.13747992000398404,12.679585072704654,0.23983168748569866,0.337263708934078
1008,adam,1008,1009,1.1950811850005887e-06,1,6.962544097242903e-07,1.0799170794351671e-08,1.2188806562497342e-07,3.693358379548036e-08,1,1,,0,8.580837782304854e-09,-17.137950673447442,-0.08792107573781768,-0.6937147521918274,0.001683620518114218,0.0007207949147763559,0.0008344186058114297,0.0022826971361006956,0.0005294541919270955,0.0005954696062498699,0.13747992000398404,12.679585072704654,0.2398316884761821,0.33726371012612283
1009,adam,1009,1010,1.1831303731505827e-06,1,6.962544097242903e-07,1.0799174912222511e-08,1.2188798327713778e-07,3.6590811092861065e-08,1,1,,0,8.67646889242942e-09,-17.137950673447442,-0.08792107517087366,-0.6937147672624858,0.0016836581386928836,0.0007207949147763559,0.0008344186058114297,0.0022826971361006956,0.0005294541919270955,0.0005954696062498699,0.13747992000398404,12.679585072704654,0.23983168945737135,0.3372637113070821
1010,adam,1010,1011,1.171299069419077e-06,1,6.962544097242903e-07,1.079917899181501e-08,1.2188790168466816e-07,3.625120263964711e-08,1,1,,0,8.771212756474767e-09,-17.137950673447442,-0.0879210746057418,-0.693714782194142,0.0016836954122843042,0.0007207949147763559,0.0008344186058114297,0.0022826971361006956,0.0005294541919270955,0.0005954696062498699,0.13747992000398404,12.679585072704654,0.23983169042935326,0.33726371247705844
1011,adam,1011,1012,1.1595860787248861e-06,1,6.962544097242903e-07,1.0799183033480471e-08,1.2188782084063223e-07,3.5914729398008656e-08,1,1,,0,8.865077560255365e-09,-17.137950673447442,-0.08792107404246073,-0.6937147969880706,0.001683732342073147,0.0007207949147763559,0.0008344186058114297,0.0022826971361006956,0.0005294541919270955,0.0005954696062498699,0.13747992000398404,12.679585072704654,0.23983169139221394,0.3372637136361533
1012,adam,1012,1013,1.1479902179376374e-06,1,6.962544097242903e-07,1.079918703756824e-08,1.218877407381861e-07,3.558136259766305e-08,1,1,,0,8.958071414607844e-09,-17.137950673447442,-0.08792107348106937,-0.6937148116455344,0.0016837689312152165,0.0007207949147763559,0.0008344186058114297,0.0022826971361006956,0.0005294541919270955,0.0005954696062498699,0.13747992000398404,12.679585072704654,0.23983169234603868,0.33726371478446737
1013,adam,1013,1014,1.1365103157582608e-06,1,6.962544097242903e-07,1.0799191004424767e-08,1.218876613705635e-07,3.525107373062502e-08,1,1,,0,9.0502023560139e-09,-17.137950673447442,-0.08792107292160557,-0.6937148261677848,0.0016838051828373705,0.0007207949147763559,0.0008344186058114297,0.0022826971361006956,0.0005294541919270955,0.0005954696062498699,0.13747992000398404,12.679585072704654,0.2398316932909119,0.3372637159221003
1014,adam,1014,1015,1.1251452126006782e-06,1,6.962544097242903e-07,1.0799194934393184e-08,1.218875827311212e-07,3.4923834552535886e-08,1,1,,0,9.141478347251125e-09,-17.137950673447442,-0.08792107236410611,-0.6937148405560617,0.001683841100037897,0.0007207949147763559,0.0008344186058114297,0.0022826971361006956,0.0005294541919270955,0.0005954696062498699,0.13747992000398404,12.679585072704654,0.23983169422691725,0.33726371704915087
1015,adam,1015,1016,1.1138937604746714e-06,1,6.962544097242903e-07,1.0799198827813492e-08,1.2188750481318513e-07,3.459961707632475e-08,1,1,,0,9.231907278180785e-09,-17.137950673447442,-0.08792107180860748,-0.6937148548115936,0.0016838766858865933,0.0007207949147763559,0.0008344186058114297,0.0022826971361006956,0.0005294541919270955,0.0005954696062498699,0.13747992000398404,12.679585072704654,0.2398316951541376,0.3372637181657171
1016,adam,1016,1017,1.1027548228699247e-06,1,6.962544097242903e-07,1.0799202685022315e-08,1.218874276101788e-07,3.427839357055314e-08,1,1,,0,9.321496966301776e-09,-17.137950673447442,-0.08792107125514521,-0.6937148689355983,0.0016839119434253977,0.0007207949147763559,0.0008344186058114297,0.0022826971361006956,0.0005294541919270955,0.0005954696062498699,0.13747992000398404,12.679585072704654,0.23983169607265506,0.33726371927189575
1017,adam,1017,1018,1.0917272746412257e-06,1,6.962544097242903e-07,1.079920650635322e-08,1.2188735111550894e-07,3.39601365605418e-08,1,1,,0,9.41025515745884e-09,-17.137950673447442,-0.08792107070375414,-0.6937148829292822,0.0016839468756683843,0.0007207949147763559,0.0008344186058114297,0.0022826971361006956,0.0005294541919270955,0.0005954696062498699,0.13747992000398404,12.679585072704654,0.23983169698255097,0.3372637203677832
1018,adam,1018,1019,1.080810001894813e-06,1,6.962544097242903e-07,1.079921029213686e-08,1.2188727532278674e-07,3.364481881972222e-08,1,1,,0,9.498189526503445e-09,-17.137950673447442,-0.08792107015446785,-0.6937148967938407,0.0016839814856019326,0.0007207949147763559,0.0008344186058114297,0.0022826971361006956,0.0005294541919270955,0.0005954696062498699,0.13747992000398404,12.679585072704654,0.23983169788390582,0.3372637214534744
1019,adam,1019,1020,1.070001901875865e-06,1,6.962544097242903e-07,1.0799214042699859e-08,1.2188720022562424e-07,3.333241337227625e-08,1,1,,0,9.58530767791993e-09,-17.137950673447442,-0.0879210696073195,-0.6937149105304585,0.0016840157761853953,0.0007207949147763559,0.0008344186058114297,0.0022826971361006956,0.0005294541919270955,0.0005954696062498699,0.13747992000398404,12.679585072704654,0.23983169877679952,0.33726372252906384
1020,adam,1020,1021,1.0593018828571065e-06,1,6.962544097242903e-07,1.0799217758368822e-08,1.218871258176861e-07,3.3022893488433866e-08,1,1,,0,9.67161714648265e-09,-17.137950673447442,-0.0879210690623408,-0.6937149241403098,0.001684049750350761,0.0007207949147763559,0.0008344186058114297,0.0022826971361006956,0.0005294541919270955,0.0005954696062498699,0.13747992000398404,12.679585072704654,0.23983169966131104,0.337263723594645
1021,adam,1021,1022,1.0487088640285352e-06,1,6.962544097242903e-07,1.0799221439463377e-08,1.218870520925933e-07,3.271623268238745e-08,1,1,,0,9.757125397856945e-09,-17.137950673447442,-0.08792106851956281,-0.6937149376245572,0.0016840834110036197,0.0007207949147763559,0.0008344186058114297,0.0022826971361006956,0.0005294541919270955,0.0005954696062498699,0.13747992000398404,12.679585072704654,0.2398317005375187,0.3372637246503105
1022,adam,1022,1023,1.03822177538825e-06,1,6.962544097242903e-07,1.0799225086302862e-08,1.2188697904414705e-07,3.241240471109522e-08,1,1,,0,9.84183982929283e-09,-17.137950673447442,-0.08792106797901547,-0.6937149509843537,0.0016841167610227386,0.0007207949147763559,0.0008344186058114297,0.0022826971361006956,0.0005294541919270955,0.0005954696062498699,0.13747992000398404,12.679585072704654,0.23983170140550011,0.33726372569615215
1023,adam,1023,1024,1.0278395576343675e-06,1,6.962544097242903e-07,1.079922869920357e-08,1.2188690666620273e-07,3.211138356994333e-08,1,1,,0,9.925767770123941e-09,-17.137950673447442,-0.08792106744072815,-0.6937149642208412,0.0016841498032605679,0.0007207949147763559,0.0008344186058114297,0.0022826971361006956,0.0005294541919270955,0.0005954696062498699,0.13747992000398404,12.679585072704654,0.23983170226533215,0.33726372673226074
1024,adam,1024,1025,1.0175611620580238e-06,1,6.96100670286187e-07,1.0788424883094204e-08,1.2154999847254353e-07,3.181314349222015e-08,1,2,,0,1.2593467684590025e-11,-17.13852775879807,-0.08792018343667156,-0.6937149773351516,0.0016841825405435713,0.0007207118145655689,0.0008343264770377284,0.0022824651961099274,0.0005294153104316851,0.0005954464252648134,0.13747817773477963,12.679362421051719,0.23983170311709096,0.3372637277587266
1025,adam,1025,1026,1.0073855504374436e-06,1,6.96100670286187e-07,1.0788428425264446e-08,1.2154992840198694e-07,3.151603972445903e-08,1,1,,0,8.256129991352566e-11,-17.13852775879807,-0.08792018294532891,-0.6937149903279124,0.0016842149667087999,0.0007207118145655689,0.0008343264770377284,0.0022824651961099274,0.0005294153104316851,0.0005954464252648134,0.13747817773477963,12.679362421051719,0.23983170396057005,0.33726372877608757
1026,adam,1026,1027,9.973116949330693e-07,1,6.96100670286187e-07,1.0788431934673855e-08,1.2154985901486926e-07,3.122185757968676e-08,1,1,,0,1.6368671405819046e-10,-17.13852775879807,-0.08792018249368566,-0.6937150032002926,0.0016842470855849248,0.0007207118145655689,0.0008343264770377284,0.0022824651961099274,0.0005294153104316851,0.0005954464252648134,0.13747817773477963,12.679362421051719,0.23983170479587734,0.33726372978437935
1027,adam,1027,1028,9.873385779837385e-07,1,6.96100670286187e-07,1.078843541160051e-08,1.2154979030045794e-07,3.093055093439932e-08,1,1,,0,2.4436976740324727e-10,-17.13852775879807,-0.08792018207733152,-0.693715015953445,0.0016842789008605563,0.0007207118145655689,0.0008343264770377284,0.0022824651961099274,0.0005294153104316851,0.0005954464252648134,0.13747817773477963,12.679362421051719,0.23983170562311643,0.3372637307836427
1028,adam,1028,1029,9.77465192203901e-07,1,6.96100670286187e-07,1.0788438856324642e-08,1.2154972224884112e-07,3.064207621078373e-08,1,1,,0,3.243786266069294e-10,-17.13852775879807,-0.08792018169233924,-0.6937150285885072,0.0016843104160963382,0.0007207118145655689,0.0008343264770377284,0.0022824651961099274,0.0005294153104316851,0.0005954464252648134,0.13747817773477963,12.679362421051719,0.23983170644238688,0.33726373177392244
1029,adam,1029,1030,9.67690540281862e-07,1,6.96100670286187e-07,1.0788442269124197e-08,1.2154965485042906e-07,3.035639212072643e-08,1,1,,0,4.036726238574171e-10,-17.13852775879807,-0.0879201813352123,-0.693715041106601,0.0016843416347371277,0.0007207118145655689,0.0008343264770377284,0.0022824651961099274,0.0005294153104316851,0.0005954464252648134,0.13747817773477963,12.679362421051719,0.2398317072537848,0.33726373275526733
1030,adam,1030,1031,9.580136348790433e-07,1,6.96100670286187e-07,1.0788445650278145e-08,1.2154958809624315e-07,3.007345942813398e-08,1,1,,0,4.82242993786694e-10,-17.13852775879807,-0.08792018100283787,-0.6937150535088342,0.0016843725601214216,0.0007207118145655689,0.0008343264770377284,0.0022824651961099274,0.0005294153104316851,0.0005954464252648134,0.13747817773477963,12.679362421051719,0.23983170805740311,0.3372637337277295
1031,adam,1031,1032,9.484334985302529e-07,1,6.96100670286187e-07,1.0788449000063664e-08,1.2154952197755946e-07,2.9793240751077298e-08,1,1,,0,5.60090013958991e-10,-17.13852775879807,-0.08792018069244571,-0.6937150657963012,0.0016844031954910753,0.0007207118145655689,0.0008343264770377284,0.0022824651961099274,0.0005294153104316851,0.0005954464252648134,0.13747817773477963,12.679362421051719,0.2398317088533317,0.33726373469136367
1032,adam,1032,1033,9.389491635449504e-07,1,6.96100670286187e-07,1.0788452318757919e-08,1.215494564862306e-07,2.9515700372298414e-08,1,1,,0,6.372172921922427e-10,-17.13852775879807,-0.08792018040156994,-0.6937150779700826,0.0016844335439983498,0.0007207118145655689,0.0008343264770377284,0.0022824651961099274,0.0005294153104316851,0.0005954464252648134,0.13747817773477963,12.679362421051719,0.23983170964165768,0.33726373564622725
1033,adam,1033,1034,9.29559671909501e-07,1,6.96100670286187e-07,1.0788455606634525e-08,1.2154939161419345e-07,2.9240804085808184e-08,1,1,,0,7.136298656939883e-10,-17.13852775879807,-0.08792018012801685,-0.6937150900312465,0.001684463608714551,0.0007207118145655689,0.0008343264770377284,0.0022824651961099274,0.0005294153104316851,0.0005954464252648134,0.13747817773477963,12.679362421051719,0.23983171042246582,0.3372637365923796
1034,adam,1034,1035,9.202640751904058e-07,1,6.96100670286187e-07,1.0788458863970525e-08,1.2154932735403406e-07,2.896851904303864e-08,1,1,,0,7.893334433143935e-10,-17.13852775879807,-0.08792017986983504,-0.6937151019808488,0.001684493392635151,0.0007207118145655689,0.0008343264770377284,0.0022824651961099274,0.0005294153104316851,0.0005954464252648134,0.13747817773477963,12.679362421051719,0.23983171119583863,0.33726373752988215
1035,adam,1035,1036,9.110614344385018e-07,1,6.96100670286187e-07,1.0788462091036076e-08,1.215492636982857e-07,2.869881363325926e-08,1,1,,0,8.643340631203882e-10,-17.13852775879807,-0.08792017962528881,-0.6937151138199328,0.0016845228986866797,0.0007207118145655689,0.0008343264770377284,0.0022824651961099274,0.0005294153104316851,0.0005954464252648134,0.13747817773477963,12.679362421051719,0.2398317119618564,0.3372637384587976
1036,adam,1036,1037,9.019508200941168e-07,1,6.96100670286187e-07,1.0788465288103485e-08,1.2154920063993242e-07,2.843165736658305e-08,1,1,,0,9.386379226876364e-10,-17.13852775879807,-0.08792017939283475,-0.6937151255495312,0.0016845521297310568,0.0007207118145655689,0.0008343264770377284,0.0022824651961099274,0.0005294153104316851,0.0005954464252648134,0.13747817773477963,12.679362421051719,0.2398317127205976,0.33726373937919
1037,adam,1037,1038,8.929313118931756e-07,1,6.96100670286187e-07,1.0788468455442501e-08,1.2154913817208763e-07,2.8167020770858033e-08,1,1,,0,1.0122512888168468e-09,-17.13852775879807,-0.08792017917110155,-0.6937151371706648,0.001684581088570681,0.0007207118145655689,0.0008343264770377284,0.0022824651961099274,0.0005294153104316851,0.0005954464252648134,0.13747817773477963,12.679362421051719,0.2398317134721389,0.3372637402911246
1038,adam,1038,1039,8.840019987742438e-07,1,6.96100670286187e-07,1.0788471593320257e-08,1.2154907628818635e-07,2.7904875303293283e-08,1,1,,0,1.0851804472869815e-09,-17.13852775879807,-0.08792017895886961,-0.6937151486843435,0.0016846097779525619,0.0007207118145655689,0.0008343264770377284,0.0022824651961099274,0.0005294153104316851,0.0005954464252648134,0.13747817773477963,12.679362421051719,0.23983171421655536,0.33726374119466757
1039,adam,1039,1040,8.751619787865015e-07,1,6.96100670286187e-07,1.0788474702004865e-08,1.2154901498173392e-07,2.7645193270012917e-08,1,1,,0,1.1574316731766122e-09,-17.13852775879807,-0.0879201787550565,-0.6937151600915665,0.0016846382005721134,0.0007207118145655689,0.0008343264770377284,0.0022824651961099274,0.0005294153104316851,0.0005954464252648134,0.13747817773477963,12.679362421051719,0.23983171495392036,0.3372637420898856
1040,adam,1040,1041,8.664103589986365e-07,1,6.96100670286187e-07,1.078847778175878e-08,1.2154895424647165e-07,2.738794775094569e-08,1,1,,0,1.2290112133458725e-09,-17.13852775879807,-0.08792017855870067,-0.693715171393323,0.0016846663590761582,0.0007207118145655689,0.0008343264770377284,0.0022824651961099274,0.0005294153104316851,0.0005954464252648134,0.13747817773477963,12.679362421051719,0.239831715684306,0.3372637429768461
1041,adam,1041,1042,8.5774625540865e-07,1,6.96100670286187e-07,1.0788480832846098e-08,1.2154889407639066e-07,2.7133112537975647e-08,1,1,,0,1.299925275536598e-09,-17.13852775879807,-0.08792017836894839,-0.6937151825905915,0.001684694256066554,0.0007207118145655689,0.0008343264770377284,0.0022824651961099274,0.0005294153104316851,0.0005954464252648134,0.13747817773477963,12.679362421051719,0.23983171640778303,0.3372637438556169
1042,adam,1042,1043,8.491687928545634e-07,1,6.96100670286187e-07,1.0788483855526695e-08,1.2154883446552905e-07,2.6880662080210717e-08,1,1,,0,1.370180021605092e-09,-17.13852775879807,-0.08792017818504234,-0.693715193684341,0.0016847218941020742,0.0007207118145655689,0.0008343264770377284,0.0022824651961099274,0.0005294153104316851,0.0005954464252648134,0.13747817773477963,12.679362421051719,0.2398317171244208,0.3372637447262661
1043,adam,1043,1044,8.406771049260178e-07,1,6.96100670286187e-07,1.078848685006015e-08,1.2154877540799457e-07,2.6630571426171172e-08,1,1,,0,1.4397815634961784e-09,-17.13852775879807,-0.08792017800631086,-0.69371520467553,0.0016847492757016988,0.0007207118145655689,0.0008343264770377284,0.0022824651961099274,0.0005294153104316851,0.0005954464252648134,0.13747817773477963,12.679362421051719,0.23983171783428772,0.337263745588862
1044,adam,1044,1045,8.322703338767577e-07,1,6.96100670286187e-07,1.0788489816701651e-08,1.2154871689812703e-07,2.638281618378942e-08,1,1,,0,1.5087359606315525e-09,-17.13852775879807,-0.08792017783215904,-0.6937152155651081,0.0016847764033463713,0.0007207118145655689,0.0008343264770377284,0.0022824651961099274,0.0005294153104316851,0.0005954464252648134,0.13747817773477963,12.679362421051719,0.23983171853745094,0.33726374644347323
1045,adam,1045,1046,8.239476305379902e-07,1,6.96100670286187e-07,1.0788492755707666e-08,1.215486589304969e-07,2.6137372476240447e-08,1,1,,0,1.5770492184532979e-09,-17.13852775879807,-0.08792017766205898,-0.6937152263540152,0.0016848032794804942,0.0007207118145655689,0.0008343264770377284,0.0022824651961099274,0.0005294153104316851,0.0005954464252648134,0.13747817773477963,12.679362421051719,0.2398317192339766,0.3372637472901682
1046,adam,1046,1047,8.157081542326102e-07,1,6.96100670286187e-07,1.0788495667330582e-08,1.2154860149952027e-07,2.589421690652936e-08,1,1,,0,1.644727287704901e-09,-17.13852775879807,-0.0879201774955442,-0.693715237043182,0.0016848299065146042,0.0007207118145655689,0.0008343264770377284,0.0022824651961099274,0.0005294153104316851,0.0005954464252648134,0.13747817773477963,12.679362421051719,0.23983171992392982,0.3372637481290154
1047,adam,1047,1048,8.075510726902841e-07,1,6.96100670286187e-07,1.078849855182098e-08,1.2154854459989572e-07,2.5653326524907488e-08,1,1,,0,1.7117760640669624e-09,-17.13852775879807,-0.08792017733220184,-0.6937152476335303,0.001684856286826745,0.0007207118145655689,0.0008343264770377284,0.0022824651961099274,0.0005294153104316851,0.0005954464252648134,0.13747817773477963,12.679362421051719,0.23983172060737484,0.3372637489600831
1048,adam,1048,1049,7.994755619633813e-07,1,6.96100670286187e-07,1.0788501409427548e-08,1.21548488226368e-07,2.5414678798155685e-08,1,1,,0,1.7782013881730822e-09,-17.13852775879807,-0.08792017717166675,-0.6937152581259729,0.0016848824227633018,0.0007207118145655689,0.0008343264770377284,0.0022824651961099274,0.0005294153104316851,0.0005954464252648134,0.13747817773477963,12.679362421051719,0.23983172128437497,0.33726374978343965
1049,adam,1049,1050,7.914808063437474e-07,1,6.96100670286187e-07,1.0788504240397344e-08,1.2154843237384263e-07,2.517825158428337e-08,1,1,,0,1.8440090457761954e-09,-17.13852775879807,-0.0879201770136168,-0.6937152685214136,0.0016849083166412984,0.0007207118145655689,0.0008343264770377284,0.0022824651961099274,0.0005294153104316851,0.0005954464252648134,0.13747817773477963,12.679362421051719,0.23983172195499267,0.337263750599153
1050,adam,1050,1051,7.8356599828031e-07,1,6.96100670286187e-07,1.0788507044974993e-08,1.215483770371647e-07,2.494402310869663e-08,1,1,,0,1.9092047682118973e-09,-17.13852775879807,-0.08792017685776783,-0.6937152788207478,0.0016849339707483083,0.0007207118145655689,0.0008343264770377284,0.0022824651961099274,0.0005294153104316851,0.0005954464252648134,0.13747817773477963,12.679362421051719,0.2398317226192896,0.3372637514072909
1051,adam,1051,1052,7.757303382975068e-07,1,6.96100670286187e-07,1.0788509823402444e-08,1.2154832221133538e-07,2.4711971942669654e-08,1,1,,0,1.9737942326042496e-09,-17.13852775879807,-0.08792017670386874,-0.6937152890248619,0.0016849593873450054,0.0007207118145655689,0.0008343264770377284,0.0022824651961099274,0.0005294153104316851,0.0005954464252648134,0.13747817773477963,12.679362421051719,0.2398317232773266,0.3372637522079209
1052,adam,1052,1053,7.679730349145317e-07,1,6.96100670286187e-07,1.0788512575920594e-08,1.2154826789151431e-07,2.4482076983068508e-08,1,1,,0,2.037783062563242e-09,-17.13852775879807,-0.08792017655169936,-0.6937152991346345,0.0016849845686648243,0.0007207118145655689,0.0008343264770377284,0.0022824651961099274,0.0005294153104316851,0.0005954464252648134,0.13747817773477963,12.679362421051719,0.23983172392916374,0.33726375300111006
1053,adam,1053,1054,7.602933045653863e-07,1,6.96100670286187e-07,1.0788515302768568e-08,1.2154821407279825e-07,2.425431743874454e-08,1,1,,0,2.101176828576543e-09,-17.13852775879807,-0.0879201764010659,-0.6937153091509354,0.0016850095169159251,0.0007207118145655689,0.0008343264770377284,0.0022824651961099274,0.0005294153104316851,0.0005954464252648134,0.13747817773477963,12.679362421051719,0.2398317245748605,0.3372637537869252
1054,adam,1054,1055,7.526903715197326e-07,1,6.96100670286187e-07,1.0788518004182073e-08,1.215481607503682e-07,2.4028672809617468e-08,1,1,,0,2.1639810486472707e-09,-17.13852775879807,-0.08792017625179817,-0.6937153190746262,0.0016850342342811912,0.0007207118145655689,0.0008343264770377284,0.0022824651961099274,0.0005294153104316851,0.0005954464252648134,0.13747817773477963,12.679362421051719,0.23983172521447546,0.3372637545654328
1055,adam,1055,1056,7.451634678045352e-07,1,6.96100670286187e-07,1.07885206803959e-08,1.2154810791962803e-07,2.380512287881996e-08,1,1,,0,2.2262011887943443e-09,-17.13852775879807,-0.08792017610374728,-0.6937153289065607,0.0016850587229193148,0.0007207118145655689,0.0008343264770377284,0.0022824651961099274,0.0005294153104316851,0.0005954464252648134,0.13747817773477963,12.679362421051719,0.23983172584806667,0.3372637553366988
1056,adam,1056,1057,7.377118331264899e-07,1,6.96100670286187e-07,1.0788523331641827e-08,1.215480555758145e-07,2.3583647694315545e-08,1,1,,0,2.2878426635455758e-09,-17.13852775879807,-0.08792017595678302,-0.6937153386475848,0.0016850829849654218,0.0007207118145655689,0.0008343264770377284,0.0022824651961099274,0.0005294153104316851,0.0005954464252648134,0.13747817773477963,12.679362421051719,0.23983172647569143,0.33726375610078885
1057,adam,1057,1058,7.30334714795225e-07,1,6.96100670286187e-07,1.0788525958150492e-08,1.2154800371439043e-07,2.33642275607754e-08,1,1,,0,2.3489108366827377e-09,-17.13852775879807,-0.08792017581079155,-0.6937153482985358,0.001685107022532073,0.0007207118145655689,0.0008343264770377284,0.0022824651961099274,0.0005294153104316851,0.0005954464252648134,0.13747817773477963,12.679362421051719,0.23983172709740644,0.3372637568577681
1058,adam,1058,1059,7.230313676472727e-07,1,6.96100670286187e-07,1.0788528560150927e-08,1.2154795233082784e-07,2.3146843030089424e-08,1,1,,0,2.409411021607013e-09,-17.13852775879807,-0.08792017566567416,-0.693715357860244,0.001685130837708888,0.0007207118145655689,0.0008343264770377284,0.0022824651961099274,0.0005294153104316851,0.0005954464252648134,0.13747817773477963,12.679362421051719,0.2398317277132678,0.3372637576077013
1059,adam,1059,1060,7.158010539707999e-07,1,6.96100670286187e-07,1.0788531137868321e-08,1.2154790142062315e-07,2.2931474888198736e-08,1,1,,0,2.4693484819097816e-09,-17.13852775879807,-0.08792017552134482,-0.6937153673335311,0.0016851544325645923,0.0007207118145655689,0.0008343264770377284,0.0022824651961099274,0.0005294153104316851,0.0005954464252648134,0.13747817773477963,12.679362421051719,0.23983172832333102,0.33726375835065264
1060,adam,1060,1061,7.08643043431092e-07,1,6.96100670286187e-07,1.0788533691527015e-08,1.2154785097934093e-07,2.2718104150219075e-08,1,1,,0,2.5287284320648224e-09,-17.13852775879807,-0.08792017537772974,-0.693715376719212,0.0016851778091457605,0.0007207118145655689,0.0008343264770377284,0.0022824651961099274,0.0005294153104316851,0.0005954464252648134,0.13747817773477963,12.679362421051719,0.23983172892765092,0.337263759086686
1061,adam,1061,1062,7.01556612996781e-07,1,6.96100670286187e-07,1.0788536221349792e-08,1.2154780100262346e-07,2.2506712051487704e-08,1,1,,0,2.587556037766313e-09,-17.13852775879807,-0.08792017523476504,-0.6937153860180938,0.0016852009694779879,0.0007207118145655689,0.0008343264770377284,0.0022824651961099274,0.0005294153104316851,0.0005954464252648134,0.13747817773477963,12.679362421051719,0.2398317295262818,0.3372637598158645
1062,adam,1062,1063,6.945410468668132e-07,1,6.96100670286187e-07,1.0788538727557127e-08,1.2154775148610675e-07,2.2297280039017025e-08,1,1,,0,2.6458364164896194e-09,-17.13852775879807,-0.08792017509239561,-0.6937153952309756,0.0016852239155675612,0.0007207118145655689,0.0008343264770377284,0.0022824651961099274,0.0005294153104316851,0.0005954464252648134,0.13747817773477963,12.679362421051719,0.2398317301192774,0.33726376053825113
1063,adam,1063,1064,6.87595636398145e-07,1,6.96100670286187e-07,1.0788541210366098e-08,1.2154770242552156e-07,2.2089789766994194e-08,1,1,,0,2.7035746381246223e-09,-17.13852775879807,-0.08792017495057482,-0.6937154043586496,0.0016852466493993655,0.0007207118145655689,0.0008343264770377284,0.0022824651961099274,0.0005294153104316851,0.0005954464252648134,0.13747817773477963,12.679362421051719,0.23983173070669092,0.33726376125390817
1064,adam,1064,1065,6.807196800341636e-07,1,6.96100670286187e-07,1.0788543669994386e-08,1.215476538166876e-07,2.1884223091970355e-08,1,1,,0,2.760775725259416e-09,-17.13852775879807,-0.08792017480926306,-0.6937154134019008,0.0016852691729395196,0.0007207118145655689,0.0008343264770377284,0.0022824651961099274,0.0005294153104316851,0.0005954464252648134,0.13747817773477963,12.679362421051719,0.239831731288575,0.33726376196289737
1065,adam,1065,1066,6.73912483233822e-07,1,6.96100670286187e-07,1.0788546106656811e-08,1.2154760565535306e-07,2.1680562062186836e-08,1,1,,0,2.817444653872015e-09,-17.13852775879807,-0.08792017466842701,-0.6937154223615063,0.0016852914881344953,0.0007207118145655689,0.0008343264770377284,0.0022824651961099274,0.0005294153104316851,0.0005954464252648134,0.13747817773477963,12.679362421051719,0.23983173186498172,0.3372637626652802
1066,adam,1066,1067,6.671733584014837e-07,1,6.96100670286187e-07,1.0788548520563683e-08,1.2154755793736695e-07,2.1478788919713872e-08,1,1,,0,2.8735863536676596e-09,-17.13852775879807,-0.0879201745280389,-0.6937154312382366,0.00168531359691183,0.0007207118145655689,0.0008343264770377284,0.0022824651961099274,0.0005294153104316851,0.0005954464252648134,0.13747817773477963,12.679362421051719,0.2398317324359627,0.3372637633611172
1067,adam,1067,1068,6.605016248174689e-07,1,6.96100670286187e-07,1.0788550911927737e-08,1.2154751065871118e-07,2.127888609038022e-08,1,1,,0,2.9292057085873403e-09,-17.13852775879807,-0.08792017438807603,-0.6937154400328552,0.00168533550118008,0.0007207118145655689,0.0008343264770377284,0.0022824651961099274,0.0005294153104316851,0.0005954464252648134,0.13747817773477963,12.679362421051719,0.239831733001569,0.33726376405046893
1068,adam,1068,1069,6.538966085692942e-07,1,6.96100670286187e-07,1.0788553280955721e-08,1.2154746381524444e-07,2.108083618190193e-08,1,1,,0,2.9843075573248184e-09,-17.13852775879807,-0.08792017424851971,-0.6937154487461179,0.0016853572028297451,0.0007207118145655689,0.0008343264770377284,0.0022824651961099274,0.0005294153104316851,0.0005954464252648134,0.13747817773477963,12.679362421051719,0.23983173356185117,0.33726376473339503
1069,adam,1069,1070,6.473576424836013e-07,1,6.96100670286187e-07,1.078855562785675e-08,1.2154741740298183e-07,2.088462197965741e-08,1,1,,0,3.0388966936879255e-09,-17.13852775879807,-0.08792017410935513,-0.6937154573787743,0.0016853787037328447,0.0007207118145655689,0.0008343264770377284,0.0022824651961099274,0.0005294153104316851,0.0005954464252648134,0.13747817773477963,12.679362421051719,0.23983173411685932,0.3372637654099549
1070,adam,1070,1071,6.408840660587652e-07,1,6.96100670286187e-07,1.0788557952833779e-08,1.215473714179131e-07,2.0690226443331103e-08,1,1,,0,3.092977867073081e-09,-17.13852775879807,-0.08792017397057086,-0.6937154659315664,0.0016854000057436311,0.0007207118145655689,0.0008343264770377284,0.0022824651961099274,0.0005294153104316851,0.0005954464252648134,0.13747817773477963,12.679362421051719,0.23983173466664295,0.33726376608020725
1071,adam,1071,1072,6.344752253981776e-07,1,6.96100670286187e-07,1.078856025609087e-08,1.2154732585620294e-07,2.049763270264283e-08,1,1,,0,3.146555782947065e-09,-17.13852775879807,-0.08792017383215839,-0.6937154744052298,0.001685421110698923,0.0007207118145655689,0.0008343264770377284,0.0022824651961099274,0.0005294153104316851,0.0005954464252648134,0.13747817773477963,12.679362421051719,0.23983173521125123,0.33726376674421027
1072,adam,1072,1073,6.281304731441959e-07,1,6.96100670286187e-07,1.0788562537828401e-08,1.2154728071376677e-07,2.0306824055213662e-08,1,1,,0,3.199635103263809e-09,-17.13852775879807,-0.08792017369411168,-0.6937154828004936,0.0016854420204178097,0.0007207118145655689,0.0008343264770377284,0.0022824651961099274,0.0005294153104316851,0.0005954464252648134,0.13747817773477963,12.679362421051719,0.23983173575073277,0.33726376740202185
1073,adam,1073,1074,6.218491684127538e-07,1,6.96100670286187e-07,1.0788564798246627e-08,1.2154723598690355e-07,2.011778396181762e-08,1,1,,0,3.2522204467909862e-09,-17.13852775879807,-0.08792017355642695,-0.6937154911180793,0.0016854627367022812,0.0007207118145655689,0.0008343264770377284,0.0022824651961099274,0.0005294153104316851,0.0005954464252648134,0.13747817773477963,12.679362421051719,0.23983173628513568,0.3372637680536992
1074,adam,1074,1075,6.156306767286263e-07,1,6.96100670286187e-07,1.0788567037542814e-08,1.2154719167174713e-07,1.9930496047665217e-08,1,1,,0,3.3043163896524653e-09,-17.13852775879807,-0.08792017341910222,-0.6937154993587028,0.001685483261337352,0.0007207118145655689,0.0008343264770377284,0.0022824651961099274,0.0005294153104316851,0.0005954464252648134,0.13747817773477963,12.679362421051719,0.23983173681450767,0.337263768699299
1075,adam,1075,1076,6.094743699613401e-07,1,6.96100670286187e-07,1.0788569255911771e-08,1.2154714776448797e-07,1.974494409320116e-08,1,1,,0,3.355927465648764e-09,-17.13852775879807,-0.08792017328213735,-0.6937155075230725,0.0016855035960914348,0.0007207118145655689,0.0008343264770377284,0.0022824651961099274,0.0005294153104316851,0.0005954464252648134,0.13747817773477963,12.679362421051719,0.23983173733889596,0.33726376933887764
1076,adam,1076,1077,6.033796262617266e-07,1,6.96100670286187e-07,1.0788571453548838e-08,1.2154710426136732e-07,1.9561112040183698e-08,1,1,,0,3.407058166770541e-09,-17.13852775879807,-0.08792017314553363,-0.6937155156118912,0.0016855237427159256,0.0007207118145655689,0.0008343264770377284,0.0022824651961099274,0.0005294153104316851,0.0005954464252648134,0.13747817773477963,12.679362421051719,0.23983173785834733,0.33726376997249075
1077,adam,1077,1078,5.973458299991095e-07,1,6.96100670286187e-07,1.078857363064564e-08,1.2154706115869597e-07,1.9378983980755636e-08,1,1,,0,3.4577129434359307e-09,-17.13852775879807,-0.08792017300929347,-0.6937155236258545,0.0016855437029462876,0.0007207118145655689,0.0008343264770377284,0.0022824651961099274,0.0005294153104316851,0.0005954464252648134,0.13747817773477963,12.679362421051719,0.2398317383729081,0.3372637706001936
1078,adam,1078,1079,5.913723716991182e-07,1,6.96100670286187e-07,1.078857578739299e-08,1.2154701845282006e-07,1.9198544161264226e-08,1,1,,0,3.5078962050484453e-09,-17.13852775879807,-0.08792017287342044,-0.6937155315656522,0.0016855634785015907,0.0007207118145655689,0.0008343264770377284,0.0022824651961099274,0.0005294153104316851,0.0005954464252648134,0.13747817773477963,12.679362421051719,0.2398317388826242,0.337263771222041
1079,adam,1079,1080,5.854586479821272e-07,1,6.96100670286187e-07,1.0788577923979376e-08,1.2154697614002631e-07,1.9019776977244012e-08,1,1,,0,3.5576123202472162e-09,-17.13852775879807,-0.08792017273791893,-0.6937155394319672,0.0016855830710848904,0.0007207118145655689,0.0008343264770377284,0.0022824651961099274,0.0005294153104316851,0.0005954464252648134,0.13747817773477963,12.679362421051719,0.23983173938754104,0.33726377183808715
1080,adam,1080,1081,5.796040615023057e-07,1,6.96100670286187e-07,1.078858004059124e-08,1.2154693421679993e-07,1.884266697154871e-08,1,1,,0,3.6068656174003673e-09,-17.13852775879807,-0.08792017260279437,-0.6937155472254767,0.0016856024823834728,0.0007207118145655689,0.0008343264770377284,0.0022824651961099274,0.0005294153104316851,0.0005954464252648134,0.13747817773477963,12.679362421051719,0.2398317398877037,0.33726377244838585
1081,adam,1081,1082,5.738080208872827e-07,1,6.96100670286187e-07,1.0788582137414538e-08,1.2154689267941791e-07,1.8667198836077577e-08,1,1,,0,3.655660384925489e-09,-17.13852775879807,-0.08792017246805235,-0.6937155549468511,0.0016856217140688611,0.0007207118145655689,0.0008343264770377284,0.0022824651961099274,0.0005294153104316851,0.0005954464252648134,0.13747817773477963,12.679362421051719,0.23983174038315663,0.3372637730529903
1082,adam,1082,1083,5.680699406784099e-07,1,6.96100670286187e-07,1.0788584214632552e-08,1.215468515244745e-07,1.849335740393668e-08,1,1,,0,3.7040008717019137e-09,-17.13852775879807,-0.08792017233369935,-0.6937155625967552,0.0016856407677970176,0.0007207118145655689,0.0008343264770377284,0.0022824651961099274,0.0005294153104316851,0.0005954464252648134,0.13747817773477963,12.679362421051719,0.23983174087394418,0.3372637736519535
1083,adam,1083,1084,5.623892412716257e-07,1,6.96100670286187e-07,1.07885862724274e-08,1.2154681074841554e-07,1.8321127652100964e-08,1,1,,0,3.751891287317967e-09,-17.13852775879807,-0.08792017219974227,-0.6937155701758474,0.0016856596452087663,0.0007207118145655689,0.0008343264770377284,0.0022824651961099274,0.0005294153104316851,0.0005954464252648134,0.13747817773477963,12.679362421051719,0.23983174136010998,0.33726377424532755
1084,adam,1084,1085,5.567653488589095e-07,1,6.96100670286187e-07,1.0788588310978637e-08,1.2154677034771243e-07,1.8150494696435938e-08,1,1,,0,3.799335802636683e-09,-17.13852775879807,-0.0879201720661881,-0.6937155776847801,0.0016856783479297483,0.0007207118145655689,0.0008343264770377284,0.0022824651961099274,0.0005294153104316851,0.0005954464252648134,0.13747817773477963,12.679362421051719,0.23983174184169748,0.3372637748331645
1085,adam,1085,1086,5.511976953703204e-07,1,6.96100670286187e-07,1.0788590330466394e-08,1.2154673031904292e-07,1.7981443795739206e-08,1,1,,0,3.846338549998379e-09,-17.13852775879807,-0.08792017193304431,-0.6937155851241997,0.0016856968775702129,0.0007207118145655689,0.0008343264770377284,0.0022824651961099274,0.0005294153104316851,0.0005954464252648134,0.13747817773477963,12.679362421051719,0.23983174231874954,0.3372637754155156
1086,adam,1086,1087,5.456857184166173e-07,1,6.96100670286187e-07,1.0788592331065609e-08,1.2154669065886004e-07,1.7813960343577707e-08,1,1,,0,3.8929036236607135e-09,-17.13852775879807,-0.08792017180031841,-0.6937155924947468,0.0016857152357260625,0.0007207118145655689,0.0008343264770377284,0.0022824651961099274,0.0005294153104316851,0.0005954464252648134,0.13747817773477963,12.679362421051719,0.2398317427913087,0.33726377599243185
1087,adam,1087,1088,5.40228861232451e-07,1,6.96100670286187e-07,1.0788594312953137e-08,1.2154665136384475e-07,1.7648029870833415e-08,1,1,,0,3.939035080073081e-09,-17.13852775879807,-0.0879201716680185,-0.693715599797056,0.0016857334239778487,0.0007207118145655689,0.0008343264770377284,0.0022824651961099274,0.0005294153104316851,0.0005954464252648134,0.13747817773477963,12.679362421051719,0.23983174325941714,0.3372637765639635
1088,adam,1088,1089,5.348265726201265e-07,1,6.96100670286187e-07,1.0788596276302116e-08,1.2154661243068035e-07,1.748363804162601e-08,1,1,,0,3.984736938381926e-09,-17.13852775879807,-0.08792017153615213,-0.6937156070317562,0.0016857514438922353,0.0007207118145655689,0.0008343264770377284,0.0022824651961099274,0.0005294153104316851,0.0005954464252648134,0.13747817773477963,12.679362421051719,0.23983174372311653,0.3372637771301608
1089,adam,1089,1090,5.294783068939253e-07,1,6.96100670286187e-07,1.0788598221284787e-08,1.2154657385602546e-07,1.7320770654181263e-08,1,1,,0,4.030013180563765e-09,-17.13852775879807,-0.0879201714047272,-0.6937156141994706,0.0016857692970207445,0.0007207118145655689,0.0008343264770377284,0.0022824651961099274,0.0005294153104316851,0.0005954464252648134,0.13747817773477963,12.679362421051719,0.2398317441824483,0.3372637776910731
1090,adam,1090,1091,5.24183523824986e-07,1,6.96100670286187e-07,1.0788600148071484e-08,1.2154653563652692e-07,1.7159413638070244e-08,1,1,,0,4.074867751930372e-09,-17.13852775879807,-0.08792017127375151,-0.6937156213008163,0.0016857869849012184,0.0007207118145655689,0.0008343264770377284,0.0022824651961099274,0.0005294153104316851,0.0005954464252648134,0.13747817773477963,12.679362421051719,0.2398317446374533,0.3372637782467495
1091,adam,1091,1092,5.189416885867361e-07,1,6.96100670286187e-07,1.0788602056831006e-08,1.2154649776897936e-07,1.6999553054178305e-08,1,1,,0,4.119304561402491e-09,-17.13852775879807,-0.08792017114323326,-0.693715628336405,0.0016858045090567745,0.0007207118145655689,0.0008343264770377284,0.0022824651961099274,0.0005294153104316851,0.0005954464252648134,0.13747817773477963,12.679362421051719,0.23983174508817218,0.3372637787972387
1092,adam,1092,1093,5.137522717008688e-07,1,6.96100670286187e-07,1.0788603947731942e-08,1.2154646025020808e-07,1.6841175090698215e-08,1,1,,0,4.163327481836721e-09,-17.13852775879807,-0.0879201710131802,-0.693715635306843,0.001685821870997101,0.0007207118145655689,0.0008343264770377284,0.0022824651961099274,0.0005294153104316851,0.0005954464252648134,0.13747817773477963,12.679362421051719,0.23983174553464512,0.3372637793425888
1093,adam,1093,1094,5.0861474898386e-07,1,6.96100670286187e-07,1.0788605820938676e-08,1.2154642307692485e-07,1.6684266064355927e-08,1,1,,0,4.206940350430551e-09,-17.13852775879807,-0.08792017088360007,-0.6937156422127306,0.0016858390722175787,0.0007207118145655689,0.0008343264770377284,0.0022824651961099274,0.0005294153104316851,0.0005954464252648134,0.13747817773477963,12.679362421051719,0.23983174597691193,0.3372637798828475
1094,adam,1094,1095,5.035286014940214e-07,1,6.96100670286187e-07,1.0788607676616098e-08,1.2154638624596814e-07,1.652881241860463e-08,1,1,,0,4.250146968895747e-09,-17.13852775879807,-0.08792017075450036,-0.693715649054663,0.0016858561141999077,0.0007207118145655689,0.0008343264770377284,0.0022824651961099274,0.0005294153104316851,0.0005954464252648134,0.13747817773477963,12.679362421051719,0.23983174641501206,0.3372637804180622
1095,adam,1095,1096,4.984933154790812e-07,1,6.96100670286187e-07,1.0788609514927465e-08,1.215463497542664e-07,1.6374800721576206e-08,1,1,,0,4.292951104037192e-09,-17.13852775879807,-0.0879201706258888,-0.6937156558332297,0.0016858729984121498,0.0007207118145655689,0.0008343264770377284,0.0022824651961099274,0.0005294153104316851,0.0005954464252648134,0.13747817773477963,12.679362421051719,0.2398317468489846,0.33726378094827975
1096,adam,1096,1097,4.935083823242904e-07,1,6.96100670286187e-07,1.0788611336034115e-08,1.2154631359862925e-07,1.6222217665310483e-08,1,1,,0,4.335356487784286e-09,-17.13852775879807,-0.08792017049777247,-0.693715662549015,0.001685889726308977,0.0007207118145655689,0.0008343264770377284,0.0022824651961099274,0.0005294153104316851,0.0005954464252648134,0.13747817773477963,12.679362421051719,0.2398317472788682,0.33726378147354646
1097,adam,1097,1098,4.885732985010475e-07,1,6.96100670286187e-07,1.0788613140095639e-08,1.2154627777604732e-07,1.6071050065090923e-08,1,1,,0,4.377366817734272e-09,-17.13852775879807,-0.08792017037015885,-0.6937156692025975,0.0016859062993315474,0.0007207118145655689,0.0008343264770377284,0.0022824651961099274,0.0005294153104316851,0.0005954464252648134,0.13747817773477963,12.679362421051719,0.23983174770470128,0.3372637819939084
1098,adam,1098,1099,4.836875655160371e-07,1,6.96100670286187e-07,1.0788614927270048e-08,1.2154624228344976e-07,1.5921284855172347e-08,1,1,,0,4.418985757358202e-09,-17.13852775879807,-0.08792017024305504,-0.693715675794551,0.0016859227189078812,0.0007207118145655689,0.0008343264770377284,0.0022824651961099274,0.0005294153104316851,0.0005954464252648134,0.13747817773477963,12.679362421051719,0.2398317481265218,0.33726378250941114
1099,adam,1099,1100,4.788506898608767e-07,1,6.96100670286187e-07,1.0788616697715304e-08,1.2154620711775156e-07,1.577290909463589e-08,1,1,,0,4.4602169363174115e-09,-17.13852775879807,-0.08792017011646779,-0.6937156823254433,0.0016859389864528592,0.0007207118145655689,0.0008343264770377284,0.0022824651961099274,0.0005294153104316851,0.0005954464252648134,0.13747817773477963,12.679362421051719,0.23983174854436737,0.3372637830200999
1100,adam,1100,1101,4.7406218296226794e-07,1,6.96100670286187e-07,1.078861845158589e-08,1.2154617227602245e-07,1.562590995836222e-08,1,1,,0,4.501063950843009e-09,-17.13852775879807,-0.08792016999040378,-0.693715688795838,0.0016859551033681826,0.0007207118145655689,0.0008343264770377284,0.0022824651961099274,0.0005294153104316851,0.0005954464252648134,0.13747817773477963,12.679362421051719,0.23983174895827533,0.3372637835260194
1101,adam,1101,1102,4.693215611326452e-07,1,6.96100670286187e-07,1.0788620189036166e-08,1.2154613775524675e-07,1.5480274739212967e-08,1,1,,0,4.541530363978491e-09,-17.13852775879807,-0.08792016986486947,-0.6937156952062926,0.0016859710710433321,0.0007207118145655689,0.0008343264770377284,0.0022824651961099274,0.0005294153104316851,0.0005954464252648134,0.13747817773477963,12.679362421051719,0.23983174936828255,0.3372637840272138
1102,adam,1102,1103,4.646283455213188e-07,1,6.96100670286187e-07,1.0788621910219972e-08,1.2154610355249788e-07,1.5335990847528894e-08,1,1,,0,4.581619705862374e-09,-17.13852775879807,-0.08792016973987136,-0.6937157015573598,0.0016859868908540223,0.0007207118145655689,0.0008343264770377284,0.0022824651961099274,0.0005294153104316851,0.0005954464252648134,0.13747817773477963,12.679362421051719,0.23983174977442565,0.33726378452372724
1103,adam,1103,1104,4.599820620661056e-07,1,6.96100670286187e-07,1.0788623615286576e-08,1.215460696648728e-07,1.519304581102624e-08,1,1,,0,4.621335474160525e-09,-17.13852775879807,-0.08792016961541552,-0.6937157078495874,0.0016860025641638318,0.0007207118145655689,0.0008343264770377284,0.0022824651961099274,0.0005294153104316851,0.0005954464252648134,0.13747817773477963,12.679362421051719,0.23983175017674088,0.33726378501560317
1104,adam,1104,1105,4.5538224144544454e-07,1,6.96100670286187e-07,1.0788625304387084e-08,1.215460360894434e-07,1.5051427270205013e-08,1,1,,0,4.6606811342084625e-09,-17.13852775879807,-0.08792016949150776,-0.6937157140835183,0.001686018092324117,0.0007207118145655689,0.0008343264770377284,0.0022824651961099274,0.0005294153104316851,0.0005954464252648134,0.13747817773477963,12.679362421051719,0.23983175057526412,0.33726378550288466
1105,adam,1105,1106,4.5082841903099003e-07,1,6.96100670286187e-07,1.0788626977669912e-08,1.2154600282340653e-07,1.491112297871561e-08,1,1,,0,4.699660119338596e-09,-17.13852775879807,-0.08792016936815393,-0.69371572025969,0.0016860334766734318,0.0007207118145655689,0.0008343264770377284,0.0022824651961099274,0.0005294153104316851,0.0005954464252648134,0.13747817773477963,12.679362421051719,0.239831750970031,0.33726378598561446
1106,adam,1106,1107,4.4632013484068015e-07,1,6.96100670286187e-07,1.0788628635281772e-08,1.2154596986385398e-07,1.4772120804434327e-08,1,1,,0,4.738275831327297e-09,-17.13852775879807,-0.08792016924535946,-0.6937157263786351,0.001686048718538064,0.0007207118145655689,0.0008343264770377284,0.0022824651961099274,0.0005294153104316851,0.0005954464252648134,0.13747817773477963,12.679362421051719,0.23983175136107673,0.33726378646383487
1107,adam,1107,1108,4.418569334922733e-07,1,6.96100670286187e-07,1.078863027736814e-08,1.2154593720799742e-07,1.4634408726375058e-08,1,1,,0,4.7765316404464824e-09,-17.13852775879807,-0.08792016912312976,-0.6937157324408815,0.0016860638192322504,0.0007207118145655689,0.0008343264770377284,0.0022824651961099274,0.0005294153104316851,0.0005954464252648134,0.13747817773477963,12.679362421051719,0.23983175174843618,0.3372637869375878
1108,adam,1108,1109,4.3743836415735064e-07,1,6.96100670286187e-07,1.0788631904074602e-08,1.2154590485305593e-07,1.4497974831921221e-08,1,1,,0,4.8144308859353705e-09,-17.13852775879807,-0.08792016900146983,-0.6937157384469524,0.0016860787800579628,0.0007207118145655689,0.0008343264770377284,0.0022824651961099274,0.0005294153104316851,0.0005954464252648134,0.13747817773477963,12.679362421051719,0.239831752132144,0.33726378740691487
1109,adam,1109,1110,4.3306398051577713e-07,1,6.96100670286187e-07,1.0788633515543257e-08,1.2154587279632562e-07,1.4362807321217074e-08,1,1,,0,4.851976876231832e-09,-17.13852775879807,-0.08792016888038472,-0.693715744397366,0.0016860936023054545,0.0007207118145655689,0.0008343264770377284,0.0022824651961099274,0.0005294153104316851,0.0005954464252648134,0.13747817773477963,12.679362421051719,0.23983175251223443,0.3372637878718571
1110,adam,1110,1111,4.2873334071061934e-07,1,6.96100670286187e-07,1.0788635111916074e-08,1.215458410349681e-07,1.4228894500201388e-08,1,1,,0,4.889172889200645e-09,-17.13852775879807,-0.0879201687598789,-0.693715750292636,0.0016861082872530893,0.0007207118145655689,0.0008343264770377284,0.0022824651961099274,0.0005294153104316851,0.0005954464252648134,0.13747817773477963,12.679362421051719,0.23983175288874137,0.33726378833245546
1111,adam,1111,1112,4.244460073035131e-07,1,6.96100670286187e-07,1.078863669333338e-08,1.2154580956634795e-07,1.4096224783201507e-08,1,1,,0,4.926022172460806e-09,-17.13852775879807,-0.08792016863995716,-0.6937157561332705,0.0016861228361674293,0.0007207118145655689,0.0008343264770377284,0.0022824651961099274,0.0005294153104316851,0.0005954464252648134,0.13747817773477963,12.679362421051719,0.23983175326169853,0.3372637887887502
1112,adam,1112,1113,4.20201547230478e-07,1,6.96100670286187e-07,1.078863825993513e-08,1.2154577838777024e-07,1.3964786690668056e-08,1,1,,0,4.962527943712072e-09,-17.13852775879807,-0.0879201685206237,-0.6937157619197744,0.0016861372503032732,0.0007207118145655689,0.0008343264770377284,0.0022824651961099274,0.0005294153104316851,0.0005954464252648134,0.13747817773477963,12.679362421051719,0.23983175363113915,0.33726378924078143
1113,adam,1113,1114,4.159995317581732e-07,1,6.96100670286187e-07,1.0788639811858321e-08,1.2154574749650944e-07,1.3834568849080058e-08,1,1,,0,4.99869339091678e-09,-17.13852775879807,-0.08792016840188253,-0.6937157676526466,0.0016861515309040754,0.0007207118145655689,0.0008343264770377284,0.0022824651961099274,0.0005294153104316851,0.0005954464252648134,0.13747817773477963,12.679362421051719,0.23983175399709625,0.3372637896885887
1114,adam,1114,1115,4.1183953644059146e-07,1,6.96100670286187e-07,1.0788641349240106e-08,1.215457168900311e-07,1.3705559988513835e-08,1,1,,0,5.034521672593413e-09,-17.13852775879807,-0.0879201682837377,-0.6937157733323823,0.0016861656792020693,0.0007207118145655689,0.0008343264770377284,0.0022824651961099274,0.0005294153104316851,0.0005954464252648134,0.13747817773477963,12.679362421051719,0.23983175435960252,0.33726379013221136
1115,adam,1115,1116,4.0772114107618554e-07,1,6.96100670286187e-07,1.0788642872215753e-08,1.2154568656560595e-07,1.3577748943790993e-08,1,1,,0,5.0700159181770435e-09,-17.13852775879807,-0.08792016816619279,-0.6937157789594718,0.0016861796964176008,0.0007207118145655689,0.0008343264770377284,0.0022824651961099274,0.0005294153104316851,0.0005954464252648134,0.13747817773477963,12.679362421051719,0.2398317547186904,0.3372637905716884
1116,adam,1116,1117,4.0364392966542373e-07,1,6.96100670286187e-07,1.0788644380918593e-08,1.2154565652077533e-07,1.3451124649997338e-08,1,1,,0,5.105179228144673e-09,-17.13852775879807,-0.08792016804925135,-0.6937157845344009,0.0016861935837602985,0.0007207118145655689,0.0008343264770377284,0.0022824651961099274,0.0005294153104316851,0.0005954464252648134,0.13747817773477963,12.679362421051719,0.2398317550743919,0.33726379100705833
1117,adam,1117,1118,3.996074903687694e-07,1,6.96100670286187e-07,1.0788645875481976e-08,1.2154562675281068e-07,1.3325676145627755e-08,1,1,,0,5.1400146743636915e-09,-17.13852775879807,-0.08792016793291668,-0.6937157900576507,0.001686207342428444,0.0007207118145655689,0.0008343264770377284,0.0022824651961099274,0.0005294153104316851,0.0005954464252648134,0.13747817773477963,12.679362421051719,0.23983175542673882,0.3372637914383594
1118,adam,1118,1119,3.9561141546508173e-07,1,6.96100670286187e-07,1.0788647356038381e-08,1.2154559725928397e-07,1.320139257013997e-08,1,1,,0,5.1745253003729435e-09,-17.13852775879807,-0.08792016781719197,-0.6937157955296985,0.0016862209736095584,0.0007207118145655689,0.0008343264770377284,0.0022824651961099274,0.0005294153104316851,0.0005954464252648134,0.13747817773477963,12.679362421051719,0.23983175577576268,0.3372637918656294
1119,adam,1119,1120,3.9165530131043096e-07,1,6.96100670286187e-07,1.0788648822717669e-08,1.215455680377694e-07,1.3078263161662484e-08,1,1,,0,5.208714121596739e-09,-17.13852775879807,-0.08792016770208026,-0.6937158009510169,0.0016862344784801101,0.0007207118145655689,0.0008343264770377284,0.0022824651961099274,0.0005294153104316851,0.0005954464252648134,0.13747817773477963,12.679362421051719,0.23983175612149463,0.33726379228890585
1120,adam,1120,1121,3.8773874829732663e-07,1,6.96100670286187e-07,1.0788650275648168e-08,1.2154553908553028e-07,1.2956277256923275e-08,1,1,,0,5.242584125653676e-09,-17.13852775879807,-0.08792016758758425,-0.6937158063220741,0.001686247858205597,0.0007207118145655689,0.0008343264770377284,0.0022824651961099274,0.0005294153104316851,0.0005954464252648134,0.13747817773477963,12.679362421051719,0.23983175646396565,0.3372637927082259
1121,adam,1121,1122,3.8386136081435336e-07,1,6.96100670286187e-07,1.0788651714959654e-08,1.215455104002769e-07,1.2835424291746567e-08,1,1,,0,5.2761382724730875e-09,-17.13852775879807,-0.08792016747370665,-0.6937158116433342,0.0016862611139409642,0.0007207118145655689,0.0008343264770377284,0.0022824651961099274,0.0005294153104316851,0.0005954464252648134,0.13747817773477963,12.679362421051719,0.2398317568032063,0.3372637931236264
1122,adam,1122,1123,3.800227472062098e-07,1,6.96100670286187e-07,1.078865314077728e-08,1.215454819795298e-07,1.2715693798088451e-08,1,1,,0,5.309379494732036e-09,-17.13852775879807,-0.08792016736044994,-0.6937158169152565,0.0016862742468307307,0.0007207118145655689,0.0008343264770377284,0.0022824651961099274,0.0005294153104316851,0.0005954464252648134,0.13747817773477963,12.679362421051719,0.23983175713924684,0.3372637935351439
1123,adam,1123,1124,3.7622251973414775e-07,1,6.96100670286187e-07,1.0788654553228044e-08,1.2154545382078117e-07,1.259707540472863e-08,1,1,,0,5.342310698020188e-09,-17.13852775879807,-0.08792016724781623,-0.6937158221382969,0.0016862872580085699,0.0007207118145655689,0.0008343264770377284,0.0022824651961099274,0.0005294153104316851,0.0005954464252648134,0.13747817773477963,12.679362421051719,0.23983175747211744,0.33726379394281436
1124,adam,1124,1125,3.724602945368062e-07,1,6.96100670286187e-07,1.0788655952435088e-08,1.2154542592169252e-07,1.2479558834673127e-08,1,1,,0,5.374934761076252e-09,-17.13852775879807,-0.08792016713580782,-0.6937158273129064,0.0016863001485979783,0.0007207118145655689,0.0008343264770377284,0.0022824651961099274,0.0005294153104316851,0.0005954464252648134,0.13747817773477963,12.679362421051719,0.2398317578018478,0.33726379434667375
1125,adam,1125,1126,3.687356915914382e-07,1,6.96100670286187e-07,1.0788657338523495e-08,1.2154539827994747e-07,1.2363133906234135e-08,1,1,,0,5.40725453605367e-09,-17.13852775879807,-0.08792016702442657,-0.6937158324395324,0.0016863129197120668,0.0007207118145655689,0.0008343264770377284,0.0022824651961099274,0.0005294153104316851,0.0005954464252648134,0.13747817773477963,12.679362421051719,0.2398317581284674,0.33726379474675744
1126,adam,1126,1127,3.6504833467552375e-07,1,6.96100670286187e-07,1.0788658711613628e-08,1.2154537089293762e-07,1.2247790530460194e-08,1,1,,0,5.439272848767169e-09,-17.13852775879807,-0.0879201669136744,-0.6937158375186178,0.0016863255724536438,0.0007207118145655689,0.0008343264770377284,0.0022824651961099274,0.0005294153104316851,0.0005954464252648134,0.13747817773477963,12.679362421051719,0.2398317584520055,0.3372637951431007
1127,adam,1127,1128,3.613978513287685e-07,1,6.96100670286187e-07,1.078866007182819e-08,1.2154534375858033e-07,1.2133518712126168e-08,1,1,,0,5.470992498921082e-09,-17.13852775879807,-0.08792016680355276,-0.6937158425506015,0.0016863381079155072,0.0007207118145655689,0.0008343264770377284,0.0022824651961099274,0.0005294153104316851,0.0005954464252648134,0.13747817773477963,12.679362421051719,0.239831758772491,0.3372637955357381
1128,adam,1128,1129,3.5778387281548085e-07,1,6.96100670286187e-07,1.0788661419286751e-08,1.2154531687453209e-07,1.2020308547030638e-08,1,1,,0,5.502416260345216e-09,-17.13852775879807,-0.08792016669406348,-0.6937158475359185,0.0016863505271803615,0.0007207118145655689,0.0008343264770377284,0.0022824651961099274,0.0005294153104316851,0.0005954464252648134,0.13747817773477963,12.679362421051719,0.23983175908995252,0.33726379592470435
1129,adam,1129,1130,3.5420603408732603e-07,1,6.96100670286187e-07,1.0788662754107302e-08,1.2154529023828147e-07,1.190815022153306e-08,1,1,,0,5.533546881285476e-09,-17.13852775879807,-0.08792016658520763,-0.6937158524749999,0.0016863628313208165,0.0007207118145655689,0.0008343264770377284,0.0022824651961099274,0.0005294153104316851,0.0005954464252648134,0.13747817773477963,12.679362421051719,0.2398317594044186,0.3372637963100335
1130,adam,1130,1131,3.5066397374645276e-07,1,6.96100670286187e-07,1.07886640764089e-08,1.2154526384784527e-07,1.1797034013711325e-08,1,1,,0,5.564387084553031e-09,-17.13852775879807,-0.08792016647698639,-0.6937158573682726,0.0016863750213998898,0.0007207118145655689,0.0008343264770377284,0.0022824651961099274,0.0005294153104316851,0.0005954464252648134,0.13747817773477963,12.679362421051719,0.23983175971591722,0.33726379669175954
1131,adam,1131,1132,3.4715733400898825e-07,1,6.96100670286187e-07,1.078866538630716e-08,1.215452377007041e-07,1.1686950288826073e-08,1,1,,0,5.59493956780858e-09,-17.13852775879807,-0.0879201663694012,-0.6937158622161597,0.001686387098470798,0.0007207118145655689,0.0008343264770377284,0.0022824651961099274,0.0005294153104316851,0.0005954464252648134,0.13747817773477963,12.679362421051719,0.23983176002447631,0.33726379706991594
1132,adam,1132,1133,3.4368576066889837e-07,1,6.96100670286187e-07,1.0788666683918032e-08,1.2154521179474763e-07,1.1577889502937135e-08,1,1,,0,5.6252070038236e-09,-17.13852775879807,-0.08792016626245265,-0.6937158670190803,0.0016863990635769114,0.0007207118145655689,0.0008343264770377284,0.0022824651961099274,0.0005294153104316851,0.0005954464252648134,0.13747817773477963,12.679362421051719,0.23983176033012352,0.33726379744453594
1133,adam,1133,1134,3.402489030622094e-07,1,6.96100670286187e-07,1.0788667969356373e-08,1.2154518612780704e-07,1.1469842198318263e-08,1,1,,0,5.655192040627668e-09,-17.13852775879807,-0.08792016615614148,-0.6937158717774494,0.0016864109177520928,0.0007207118145655689,0.0008343264770377284,0.0022824651961099274,0.0005294153104316851,0.0005954464252648134,0.13747817773477963,12.679362421051719,0.23983176063288617,0.33726379781565247
1134,adam,1134,1135,3.368464140315873e-07,1,6.96100670286187e-07,1.078866924273521e-08,1.215451606975887e-07,1.1362799004634636e-08,1,1,,0,5.684897301789209e-09,-17.13852775879807,-0.08792016605046868,-0.6937158764916791,0.0016864226620207782,0.0007207118145655689,0.0008343264770377284,0.0022824651961099274,0.0005294153104316851,0.0005954464252648134,0.13747817773477963,12.679362421051719,0.23983176093279135,0.33726379818329816
1135,adam,1135,1136,3.3347794989127143e-07,1,6.96100670286187e-07,1.0788670504167785e-08,1.2154513550197786e-07,1.1256750636594815e-08,1,1,,0,5.714325386648062e-09,-17.13852775879807,-0.08792016594543473,-0.6937158811621769,0.0016864342973977671,0.0007207118145655689,0.0008343264770377284,0.0022824651961099274,0.0005294153104316851,0.0005954464252648134,0.13747817773477963,12.679362421051719,0.23983176122986594,0.3372637985475053
1136,adam,1136,1137,3.301431703923587e-07,1,6.96100670286187e-07,1.0788671753764807e-08,1.215451105388034e-07,1.1151687895916531e-08,1,1,,0,5.743478870516421e-09,-17.13852775879807,-0.08792016584103969,-0.6937158857893468,0.0016864458248888104,0.0007207118145655689,0.0008343264770377284,0.0022824651961099274,0.0005294153104316851,0.0005954464252648134,0.13747817773477963,12.679362421051719,0.23983176152413643,0.337263798908306
1137,adam,1137,1138,3.2684173868843507e-07,1,6.96100670286187e-07,1.0788672991636196e-08,1.2154508580591989e-07,1.1047601668134038e-08,1,1,,0,5.7723603048709285e-09,-17.13852775879807,-0.0879201657372844,-0.6937158903735888,0.0016864572454902726,0.0007207118145655689,0.0008343264770377284,0.0022824651961099274,0.0005294153104316851,0.0005954464252648134,0.13747817773477963,12.679362421051719,0.23983176181562932,0.3372637992657318
1138,adam,1138,1139,3.235733213015507e-07,1,6.96100670286187e-07,1.0788674217892858e-08,1.215450613012083e-07,1.0944482922408166e-08,1,1,,0,5.800972217658936e-09,-17.13852775879807,-0.08792016563416873,-0.6937158949153002,0.0016864685601893005,0.0007207118145655689,0.0008343264770377284,0.0022824651961099274,0.0005294153104316851,0.0005954464252648134,0.13747817773477963,12.679362421051719,0.2398317621043706,0.33726379961981434
1139,adam,1139,1140,3.203375880885352e-07,1,6.96100670286187e-07,1.0788675432641287e-08,1.2154503702259894e-07,1.0842322710145247e-08,1,1,,0,5.8293171133932335e-09,-17.13852775879807,-0.08792016553169273,-0.6937158994148733,0.001686479769964241,0.0007207118145655689,0.0008343264770377284,0.0022824651961099274,0.0005294153104316851,0.0005954464252648134,0.13747817773477963,12.679362421051719,0.23983176239038614,0.3372637999705847
1140,adam,1140,1141,3.171342122076499e-07,1,6.96100670286187e-07,1.0788676635989978e-08,1.2154501296795652e-07,1.074111216733466e-08,1,1,,0,5.857397473481142e-09,-17.13852775879807,-0.08792016542985674,-0.6937159038726975,0.0016864908757839303,0.0007207118145655689,0.0008343264770377284,0.0022824651961099274,0.0005294153104316851,0.0005954464252648134,0.13747817773477963,12.679362421051719,0.2398317626737016,0.33726380031807357
1141,adam,1141,1142,3.139628700855734e-07,1,6.96100670286187e-07,1.0788677828044996e-08,1.2154498913529579e-07,1.0640842508493969e-08,1,1,,0,5.885215756403627e-09,-17.13852775879807,-0.0879201653286603,-0.6937159082891589,0.0016865018786089878,0.0007207118145655689,0.0008343264770377284,0.0022824651961099274,0.0005294153104316851,0.0005954464252648134,0.13747817773477963,12.679362421051719,0.23983176295434228,0.3372638006623117
1142,adam,1142,1143,3.1082324138471763e-07,1,6.96100670286187e-07,1.0788679008912132e-08,1.2154496552257184e-07,1.0541505032172e-08,1,1,,0,5.912774397828682e-09,-17.13852775879807,-0.08792016522810325,-0.6937159126646394,0.0016865127793906074,0.0007207118145655689,0.0008343264770377284,0.0022824651961099274,0.0005294153104316851,0.0005954464252648134,0.13747817773477963,12.679362421051719,0.2398317632323334,0.33726380100332937
1143,adam,1143,1144,3.077150089708705e-07,1,6.96100670286187e-07,1.0788680178694477e-08,1.215449421277043e-07,1.044309111375839e-08,1,1,,0,5.9400758109900514e-09,-17.13852775879807,-0.08792016512818505,-0.693715916999518,0.0016865235790716397,0.0007207118145655689,0.0008343264770377284,0.0022824651961099274,0.0005294153104316851,0.0005954464252648134,0.13747817773477963,12.679362421051719,0.2398317635076998,0.33726380134115647
1144,adam,1144,1145,3.046378588811618e-07,1,6.96100670286187e-07,1.0788681337496045e-08,1.215449189487559e-07,1.0345592210373245e-08,1,1,,0,5.967122386788966e-09,-17.13852775879807,-0.08792016502890541,-0.6937159212941696,0.0016865342785858427,0.0007207118145655689,0.0008343264770377284,0.0022824651961099274,0.0005294153104316851,0.0005954464252648134,0.13747817773477963,12.679362421051719,0.23983176378046617,0.33726380167582276
1145,adam,1145,1146,3.0159148029235015e-07,1,6.96100670286187e-07,1.0788682485420213e-08,1.2154489598366546e-07,1.0248999854516737e-08,1,1,,0,5.99391649398915e-09,-17.13852775879807,-0.08792016493026389,-0.693715925548966,0.0016865448788586754,0.0007207118145655689,0.0008343264770377284,0.0022824651961099274,0.0005294153104316851,0.0005954464252648134,0.13747817773477963,12.679362421051719,0.23983176405065693,0.3372638020073577
1146,adam,1146,1147,2.985755654894266e-07,1,6.96100670286187e-07,1.0788683622567826e-08,1.2154487323052937e-07,1.0153305660606455e-08,1,1,,0,6.0204604794441935e-09,-17.13852775879807,-0.08792016483225976,-0.6937159297642758,0.0016865553808072958,0.0007207118145655689,0.0008343264770377284,0.0022824651961099274,0.0005294153104316851,0.0005954464252648134,0.13747817773477963,12.679362421051719,0.23983176431829634,0.3372638023357905
1147,adam,1147,1148,2.9558980983453234e-07,1,6.96100670286187e-07,1.0788684749039606e-08,1.2154485068741984e-07,1.0058501317788627e-08,1,1,,0,6.046756668359142e-09,-17.13852775879807,-0.08792016473489217,-0.6937159339404637,0.0016865657853399362,0.0007207118145655689,0.0008343264770377284,0.0022824651961099274,0.0005294153104316851,0.0005954464252648134,0.13747817773477963,12.679362421051719,0.2398317645834083,0.3372638026611501
1148,adam,1148,1149,2.9263391173618703e-07,1,6.96100670286187e-07,1.0788685864934736e-08,1.2154482835232148e-07,9.964578592171482e-09,1,1,,0,6.072807364345599e-09,-17.13852775879807,-0.08792016463816034,-0.6937159380778917,0.0016865760933568615,0.0007207118145655689,0.0008343264770377284,0.0022824651961099274,0.0005294153104316851,0.0005954464252648134,0.13747817773477963,12.679362421051719,0.23983176484601662,0.3372638029834649
1149,adam,1149,1150,2.8970757261882517e-07,1,6.96100670286187e-07,1.0788686970351841e-08,1.2154480622339849e-07,9.871529324309235e-09,1,1,,0,6.098614849802945e-09,-17.13852775879807,-0.0879201645420637,-0.6937159421769175,0.0016865863057499537,0.0007207118145655689,0.0008343264770377284,0.0022824651961099274,0.0005294153104316851,0.0005954464252648134,0.13747817773477963,12.679362421051719,0.23983176510614487,0.33726380330276357
1150,adam,1150,1151,2.868104968926369e-07,1,6.96100670286187e-07,1.0788688065389377e-08,1.2154478429871247e-07,9.77934543312012e-09,1,1,,0,6.124181385926144e-09,-17.13852775879807,-0.08792016444660081,-0.6937159462378966,0.001686596423402795,0.0007207118145655689,0.0008343264770377284,0.0022824651961099274,0.0005294153104316851,0.0005954464252648134,0.13747817773477963,12.679362421051719,0.23983176536381628,0.33726380361907404
1151,adam,1151,1152,2.839423919237106e-07,1,6.96100670286187e-07,1.0788689150143862e-08,1.2154476257639367e-07,9.688018908628078e-09,1,1,,0,6.149509213099524e-09,-17.13852775879807,-0.08792016435177079,-0.6937159502611805,0.0016866064471907905,0.0007207118145655689,0.0008343264770377284,0.0022824651961099274,0.0005294153104316851,0.0005954464252648134,0.13747817773477963,12.679362421051719,0.239831765619054,0.3372638039324242
1152,adam,1152,1153,2.811029680044734e-07,1,6.96100670286187e-07,1.0788690224712077e-08,1.215447410546114e-07,9.597541815453465e-09,1,1,,0,6.1746005508805155e-09,-17.13852775879807,-0.08792016425757256,-0.6937159542471175,0.0016866163779815906,0.0007207118145655689,0.0008343264770377284,0.0022824651961099274,0.0005294153104316851,0.0005954464252648134,0.13747817773477963,12.679362421051719,0.23983176587188096,0.33726380424284164
1153,adam,1153,1154,2.782919383244287e-07,1,6.96100670286187e-07,1.078869128918718e-08,1.2154471973149695e-07,9.507906291583159e-09,1,1,,0,6.199457598328572e-09,-17.13852775879807,-0.08792016416400485,-0.6937159581960533,0.0016866262166344995,0.0007207118145655689,0.0008343264770377284,0.0022824651961099274,0.0005294153104316851,0.0005954464252648134,0.13747817773477963,12.679362421051719,0.23983176612231974,0.33726380455035365
1154,adam,1154,1155,2.755090189411844e-07,1,6.96100670286187e-07,1.0788692343665537e-08,1.2154469860519311e-07,9.419104547097383e-09,1,1,,0,6.224082534150764e-09,-17.13852775879807,-0.08792016407106618,-0.6937159621083298,0.001686635964001234,0.0007207118145655689,0.0008343264770377284,0.0022824651961099274,0.0005294153104316851,0.0005954464252648134,0.13747817773477963,12.679362421051719,0.23983176637039283,0.33726380485498747
1155,adam,1155,1156,2.727539287517725e-07,1,6.96100670286187e-07,1.0788693388239599e-08,1.2154467767399824e-07,9.33112886464381e-09,1,1,,0,6.248477516884268e-09,-17.13852775879807,-0.08792016397875535,-0.6937159659842859,0.001686645620925417,0.0007207118145655689,0.0008343264770377284,0.0022824651961099274,0.0005294153104316851,0.0005954464252648134,0.13747817773477963,12.679362421051719,0.23983176661612246,0.3372638051567697
1156,adam,1156,1157,2.700263894642548e-07,1,6.96100670286187e-07,1.0788694423002096e-08,1.2154465693595168e-07,9.2439715955907e-09,1,1,,0,6.272644685193471e-09,-17.13852775879807,-0.08792016388707102,-0.6937159698242574,0.0016866551882431648,0.0007207118145655689,0.0008343264770377284,0.0022824651961099274,0.0005294153104316851,0.0005954464252648134,0.13747817773477963,12.679362421051719,0.23983176685953073,0.33726380545572704
1157,adam,1157,1158,2.6732612556961226e-07,1,6.96100670286187e-07,1.0788695448043517e-08,1.2154463638939565e-07,9.157625165008116e-09,1,1,,0,6.2965861577906266e-09,-17.13852775879807,-0.0879201637960116,-0.6937159736285772,0.00168666466678271,0.0007207118145655689,0.0008343264770377284,0.0022824651961099274,0.0005294153104316851,0.0005954464252648134,0.13747817773477963,12.679362421051719,0.23983176710063941,0.3372638057518858
1158,adam,1158,1159,2.6465286431391617e-07,1,6.96100670286187e-07,1.0788696463456352e-08,1.215446160325739e-07,9.072082063241372e-09,1,1,,0,6.320304033923332e-09,-17.13852775879807,-0.08792016370557533,-0.6937159773975748,0.0016866740573646519,0.0007207118145655689,0.0008343264770377284,0.0022824651961099274,0.0005294153104316851,0.0005954464252648134,0.13747817773477963,12.679362421051719,0.23983176733947015,0.3372638060452721
1159,adam,1159,1160,2.62006335670777e-07,1,6.96100670286187e-07,1.078869746932965e-08,1.2154459586370532e-07,8.98733485616755e-09,1,1,,0,6.343800393256066e-09,-17.13852775879807,-0.08792016361576069,-0.6937159811315772,0.0016866833608021662,0.0007207118145655689,0.0008343264770377284,0.0022824651961099274,0.0005294153104316851,0.0005954464252648134,0.13747817773477963,12.679362421051719,0.23983176757604435,0.3372638063359118
1160,adam,1160,1161,2.5938627231406925e-07,1,6.96100670286187e-07,1.0788698465752479e-08,1.2154457588104967e-07,8.903376170859164e-09,1,1,,0,6.367077296382947e-09,-17.13852775879807,-0.08792016352656623,-0.6937159848309077,0.00168669257790092,0.0007207118145655689,0.0008343264770377284,0.0022824651961099274,0.0005294153104316851,0.0005954464252648134,0.13747817773477963,12.679362421051719,0.23983176781038326,0.33726380662383043
1161,adam,1161,1162,2.5679240959092853e-07,1,6.96100670286187e-07,1.0788699452813295e-08,1.2154455608290835e-07,8.820198707239722e-09,1,1,,0,6.390136784707697e-09,-17.13852775879807,-0.08792016343798968,-0.6937159884958872,0.0016867017094591569,0.0007207118145655689,0.0008343264770377284,0.0022824651961099274,0.0005294153104316851,0.0005954464252648134,0.13747817773477963,12.679362421051719,0.23983176804250791,0.3372638069090534
1162,adam,1162,1163,2.5422448549501926e-07,1,6.96100670286187e-07,1.0788700430599603e-08,1.2154453646758906e-07,8.737795230260883e-09,1,1,,0,6.412980880720305e-09,-17.13852775879807,-0.08792016335002964,-0.6937159921268332,0.0016867107562677378,0.0007207118145655689,0.0008343264770377284,0.0022824651961099274,0.0005294153104316851,0.0005954464252648134,0.13747817773477963,12.679362421051719,0.23983176827243913,0.33726380719160587
1163,adam,1163,1164,2.5168224064006904e-07,1,6.96100670286187e-07,1.078870139919784e-08,1.2154451703339728e-07,8.656158572869299e-09,1,1,,0,6.4356115883169796e-09,-17.13852775879807,-0.08792016326268424,-0.6937159957240607,0.001686719719110224,0.0007207118145655689,0.0008343264770377284,0.0022824651961099274,0.0005294153104316851,0.0005954464252648134,0.13747817773477963,12.679362421051719,0.23983176850019752,0.3372638074715127
1164,adam,1164,1165,2.4916541823366833e-07,1,6.96100670286187e-07,1.0788702358694092e-08,1.2154449777866828e-07,8.575281632734574e-09,1,1,,0,6.458030892698456e-09,-17.13852775879807,-0.08792016317595133,-0.6937159992878814,0.0016867285987629604,0.0007207118145655689,0.0008343264770377284,0.0022824651961099274,0.0005294153104316851,0.0005954464252648134,0.13747817773477963,12.679362421051719,0.23983176872580356,0.33726380774879855
1165,adam,1165,1166,2.4667376405133165e-07,1,6.96100670286187e-07,1.078870330917362e-08,1.215444787017865e-07,8.495157373328937e-09,1,1,,0,6.480240760774184e-09,-17.13852775879807,-0.08792016308982908,-0.6937160028186045,0.001686737395995119,0.0007207118145655689,0.0008343264770377284,0.0022824651961099274,0.0005294153104316851,0.0005954464252648134,0.13747817773477963,12.679362421051719,0.2398317689492775,0.33726380802348793
1166,adam,1166,1167,2.4420702641081834e-07,1,6.96100670286187e-07,1.0788704250720176e-08,1.215444598010472e-07,8.41577882319486e-09,1,1,,0,6.502243141197748e-09,-17.13852775879807,-0.08792016300431538,-0.6937160063165362,0.0016867461115692823,0.0007207118145655689,0.0008343264770377284,0.0022824651961099274,0.0005294153104316851,0.0005954464252648134,0.13747817773477963,12.679362421051719,0.23983176917063934,0.337263808295605
1167,adam,1167,1168,2.417649561467102e-07,1,6.96100670286187e-07,1.0788705183417767e-08,1.215444410749759e-07,8.337139074565546e-09,1,1,,0,6.524039964626839e-09,-17.13852775879807,-0.0879201629194083,-0.6937160097819798,0.0016867547462401048,0.0007207118145655689,0.0008343264770377284,0.0022824651961099274,0.0005294153104316851,0.0005954464252648134,0.13747817773477963,12.679362421051719,0.239831769389909,0.3372638085651737
1168,adam,1168,1169,2.3934730658524307e-07,1,6.96100670286187e-07,1.0788706107348587e-08,1.2154442252178605e-07,8.259231284292034e-09,1,1,,0,6.545633143788326e-09,-17.13852775879807,-0.08792016283510555,-0.6937160132152358,0.0016867633007560294,0.0007207118145655689,0.0008343264770377284,0.0022824651961099274,0.0005294153104316851,0.0005954464252648134,0.13747817773477963,12.679362421051719,0.2398317696071062,0.3372638088322179
1169,adam,1169,1170,2.369538335193906e-07,1,6.96100670286187e-07,1.0788707022594848e-08,1.2154440413995695e-07,8.18204867124383e-09,1,1,,0,6.5670245737484535e-09,-17.13852775879807,-0.08792016275140495,-0.6937160166166021,0.0016867717758581148,0.0007207118145655689,0.0008343264770377284,0.0022824651961099274,0.0005294153104316851,0.0005954464252648134,0.13747817773477963,12.679362421051719,0.23983176982225038,0.33726380909676107
1170,adam,1170,1171,2.345842951841967e-07,1,6.96100670286187e-07,1.0788707929237747e-08,1.2154438592793416e-07,8.105584516663977e-09,1,1,,0,6.588216131960387e-09,-17.13852775879807,-0.08792016266830434,-0.6937160199863736,0.0016867801722812057,0.0007207118145655689,0.0008343264770377284,0.0022824651961099274,0.0005294153104316851,0.0005954464252648134,0.13747817773477963,12.679362421051719,0.2398317700353609,0.3372638093588266
1171,adam,1171,1172,2.3223845223235473e-07,1,6.96100670286187e-07,1.0788708827357728e-08,1.21544367884112e-07,8.029832165197935e-09,1,1,,0,6.609209678585269e-09,-17.13852775879807,-0.08792016258580174,-0.6937160233248428,0.0016867884907528462,0.0007207118145655689,0.0008343264770377284,0.0022824651961099274,0.0005294153104316851,0.0005954464252648134,0.13747817773477963,12.679362421051719,0.23983177024645688,0.3372638096184375
1172,adam,1172,1173,2.2991606771003118e-07,1,6.96100670286187e-07,1.078870971703423e-08,1.2154435000699545e-07,7.954785019947338e-09,1,1,,0,6.6300070564201e-09,-17.13852775879807,-0.08792016250389445,-0.6937160266322996,0.001686796731993825,0.0007207118145655689,0.0008343264770377284,0.0022824651961099274,0.0005294153104316851,0.0005954464252648134,0.13747817773477963,12.679362421051719,0.23983177045555729,0.3372638098756168
1173,adam,1173,1174,2.276169070329309e-07,1,6.96100670286187e-07,1.0788710598346435e-08,1.2154433229504175e-07,7.880436548450174e-09,1,1,,0,6.65061009130179e-09,-17.13852775879807,-0.0879201624225802,-0.6937160299090301,0.0016868048967188828,0.0007207118145655689,0.0008343264770377284,0.0022824651961099274,0.0005294153104316851,0.0005954464252648134,0.13747817773477963,12.679362421051719,0.2398317706626809,0.3372638101303871
1174,adam,1174,1175,2.2534073796260157e-07,1,6.96100670286187e-07,1.0788711471372408e-08,1.2154431474666523e-07,7.806780274694692e-09,1,1,,0,6.671020592142881e-09,-17.13852775879807,-0.08792016234185678,-0.6937160331553197,0.0016868129856355844,0.0007207118145655689,0.0008343264770377284,0.0022824651961099274,0.0005294153104316851,0.0005954464252648134,0.13747817773477963,12.679362421051719,0.2398317708678463,0.3372638103827709
1175,adam,1175,1176,2.2308733058297553e-07,1,6.96100670286187e-07,1.0788712336189459e-08,1.2154429736042706e-07,7.733809785442791e-09,1,1,,0,6.691240351063568e-09,-17.13852775879807,-0.08792016226172182,-0.6937160363714496,0.0016868209994454497,0.0007207118145655689,0.0008343264770377284,0.0022824651961099274,0.0005294153104316851,0.0005954464252648134,0.13747817773477963,12.679362421051719,0.23983177107107195,0.33726381063279043
1176,adam,1176,1177,2.2085645727714578e-07,1,6.96100670286187e-07,1.07887131928749e-08,1.2154428013485495e-07,7.661518725096115e-09,1,1,,0,6.711271143583342e-09,-17.13852775879807,-0.08792016218217265,-0.6937160395576988,0.0016868289388430303,0.0007207118145655689,0.0008343264770377284,0.0022824651961099274,0.0005294153104316851,0.0005954464252648134,0.13747817773477963,12.679362421051719,0.2398317712723761,0.33726381088046775
1177,adam,1177,1178,2.1864789270437433e-07,1,6.96100670286187e-07,1.0788714041504695e-08,1.215442630683703e-07,7.589900795448297e-09,1,1,,0,6.731114728824465e-09,-17.13852775879807,-0.087920162103207,-0.6937160427143443,0.001686836804516831,0.0007207118145655689,0.0008343264770377284,0.0022824651961099274,0.0005294153104316851,0.0005954464252648134,0.13747817773477963,12.679362421051719,0.23983177147177687,0.33726381112582476
1178,adam,1178,1179,2.1646141377733056e-07,1,6.96100670286187e-07,1.0788714882153803e-08,1.2154424615958748e-07,7.51894976014543e-09,1,1,,0,6.75077284953089e-09,-17.13852775879807,-0.08792016202482225,-0.6937160458416597,0.001686844597148932,0.0007207118145655689,0.0008343264770377284,0.0022824651961099274,0.0005294153104316851,0.0005954464252648134,0.13747817773477963,12.679362421051719,0.2398317716692921,0.33726381136888306
1179,adam,1179,1180,2.1429679963955727e-07,1,6.96100670286187e-07,1.0788715714896916e-08,1.2154422940706993e-07,7.4486594354403e-09,1,1,,0,6.7702472323565525e-09,-17.13852775879807,-0.08792016194701599,-0.6937160489399166,0.0016868523174152017,0.0007207118145655689,0.0008343264770377284,0.0022824651961099274,0.0005294153104316851,0.0005954464252648134,0.13747817773477963,12.679362421051719,0.23983177186493962,0.3372638116096642
1180,adam,1180,1181,2.121538316431617e-07,1,6.96100670286187e-07,1.078871653980822e-08,1.2154421280931838e-07,7.379023698974673e-09,1,1,,0,6.7895395879442756e-09,-17.13852775879807,-0.0879201618697855,-0.693716052009384,0.0016868599659849988,0.0007207118145655689,0.0008343264770377284,0.0022824651961099274,0.0005294153104316851,0.0005954464252648134,0.13747817773477963,12.679362421051719,0.23983177205873696,0.3372638118481893
1181,adam,1181,1182,2.1003229332673008e-07,1,6.96100670286187e-07,1.0788717356961044e-08,1.2154419636492868e-07,7.310036480748802e-09,1,1,,0,6.808651611105886e-09,-17.13852775879807,-0.0879201617931282,-0.6937160550503284,0.0016868675435220946,0.0007207118145655689,0.0008343264770377284,0.0022824651961099274,0.0005294153104316851,0.0005954464252648134,0.13747817773477963,12.679362421051719,0.2398317722507016,0.3372638120844794
1182,adam,1182,1183,2.0793197039346277e-07,1,6.96100670286187e-07,1.0788718166427379e-08,1.215441800725178e-07,7.24169177011559e-09,1,1,,0,6.827584980893487e-09,-17.13852775879807,-0.08792016171704158,-0.6937160580630141,0.0016868750506836283,0.0007207118145655689,0.0008343264770377284,0.0022824651961099274,0.0005294153104316851,0.0005954464252648134,0.13747817773477963,12.679362421051719,0.23983177244085072,0.3372638123185555
1183,adam,1183,1184,2.0585265068952816e-07,1,6.96100670286187e-07,1.0788718968279926e-08,1.2154416393066244e-07,7.173983610412101e-09,1,1,,0,6.846341360816147e-09,-17.13852775879807,-0.08792016164152287,-0.6937160610477022,0.0016868824881206067,0.0007207118145655689,0.0008343264770377284,0.0022824651961099274,0.0005294153104316851,0.0005954464252648134,0.13747817773477963,12.679362421051719,0.23983177262920147,0.33726381255043814
1184,adam,1184,1185,2.0379412418263285e-07,1,6.96100670286187e-07,1.0788719762589618e-08,1.215441479379788e-07,7.106906100059044e-09,1,1,,0,6.864922399032699e-09,-17.13852775879807,-0.08792016156656947,-0.6937160640046522,0.0016868898564785732,0.0007207118145655689,0.0008343264770377284,0.0022824651961099274,0.0005294153104316851,0.0005954464252648134,0.13747817773477963,12.679362421051719,0.23983177281577078,0.3372638127801479
1185,adam,1185,1186,2.0175618294080656e-07,1,6.96100670286187e-07,1.07887205494267e-08,1.2154413209306025e-07,7.040453391460642e-09,1,1,,0,6.883329728323932e-09,-17.13852775879807,-0.08792016149217873,-0.6937160669341211,0.00168689715639669,0.0007207118145655689,0.0008343264770377284,0.0022824651961099274,0.0005294153104316851,0.0005954464252648134,0.13747817773477963,12.679362421051719,0.2398317730005754,0.3372638130077049
1186,adam,1186,1187,1.9973862111139848e-07,1,6.96100670286187e-07,1.0788721328861371e-08,1.2154411639464558e-07,6.9746196910887104e-09,1,1,,0,6.9015649663886456e-09,-17.13852775879807,-0.08792016141834762,-0.693716069836363,0.0016869043885082802,0.0007207118145655689,0.0008343264770377284,0.0022824651961099274,0.0005294153104316851,0.0005954464252648134,0.13747817773477963,12.679362421051719,0.23983177318363197,0.3372638132331294
1187,adam,1187,1188,1.9774123490028448e-07,1,6.96100670286187e-07,1.0788722100962935e-08,1.215441008412949e-07,6.909399260177473e-09,1,1,,0,6.9196297159511974e-09,-17.13852775879807,-0.08792016134507386,-0.6937160727116303,0.0016869115534410763,0.0007207118145655689,0.0008343264770377284,0.0022824651961099274,0.0005294153104316851,0.0005954464252648134,0.13747817773477963,12.679362421051719,0.23983177336495692,0.3372638134564412
1188,adam,1188,1189,1.9576382255128165e-07,1,6.96100670286187e-07,1.0788722865800602e-08,1.2154408543164398e-07,6.844786409942992e-09,1,1,,0,6.937525564841696e-09,-17.13852775879807,-0.08792016127235452,-0.6937160755601725,0.001686918651816723,0.0007207118145655689,0.0008343264770377284,0.0022824651961099274,0.0005294153104316851,0.0005954464252648134,0.13747817773477963,12.679362421051719,0.2398317735445666,0.33726381367766006
1189,adam,1189,1190,1.938061843257688e-07,1,6.96100670286187e-07,1.0788723623441631e-08,1.215440701645099e-07,6.780775507061571e-09,1,1,,0,6.9552540861614065e-09,-17.13852775879807,-0.08792016120018678,-0.6937160783822373,0.001686925684251483,0.0007207118145655689,0.0008343264770377284,0.0022824651961099274,0.0005294153104316851,0.0005954464252648134,0.13747817773477963,12.679362421051719,0.23983177372247716,0.3372638138968055
1190,adam,1190,1191,1.9186812248251115e-07,1,6.96100670286187e-07,1.0788724373952512e-08,1.2154405503843699e-07,6.717360969140587e-09,1,1,,0,6.972816838490522e-09,-17.13852775879807,-0.08792016112856772,-0.6937160811780699,0.0016869326513554042,0.0007207118145655689,0.0008343264770377284,0.0022824651961099274,0.0005294153104316851,0.0005954464252648134,0.13747817773477963,12.679362421051719,0.23983177389870458,0.3372638141138969
1191,adam,1191,1192,1.8994944125768602e-07,1,6.96100670286187e-07,1.0788725117401511e-08,1.2154404005219105e-07,6.6545372641349264e-09,1,1,,0,6.990215365904441e-09,-17.13852775879807,-0.08792016105749471,-0.6937160839479131,0.001686939553733657,0.0007207118145655689,0.0008343264770377284,0.0022824651961099274,0.0005294153104316851,0.0005954464252648134,0.13747817773477963,12.679362421051719,0.23983177407326475,0.3372638143289534
1192,adam,1192,1193,1.8804994684510913e-07,1,6.96100670286187e-07,1.0788725853854433e-08,1.2154402520450685e-07,6.59229891280335e-09,1,1,,0,7.007451198159078e-09,-17.13852775879807,-0.08792016098696491,-0.6937160866920077,0.0016869463919850255,0.0007207118145655689,0.0008343264770377284,0.0022824651961099274,0.0005294153104316851,0.0005954464252648134,0.13747817773477963,12.679362421051719,0.23983177424617336,0.33726381454199406
1193,adam,1193,1194,1.8616944737665807e-07,1,6.96100670286187e-07,1.0788726583377091e-08,1.2154401049403025e-07,6.53064048526478e-09,1,1,,0,7.024525850840655e-09,-17.13852775879807,-0.08792016091697549,-0.6937160894105919,0.0016869531667033349,0.0007207118145655689,0.0008343264770377284,0.0022824651961099274,0.0005294153104316851,0.0005954464252648134,0.13747817773477963,12.679362421051719,0.23983177441744594,0.3372638147530376
1194,adam,1194,1195,1.843077529028915e-07,1,6.96100670286187e-07,1.0788727306032844e-08,1.2154399591956936e-07,6.469556602518955e-09,1,1,,0,7.0414408255227205e-09,-17.13852775879807,-0.08792016084752337,-0.6937160921039025,0.0016869598784767775,0.0007207118145655689,0.0008343264770377284,0.0022824651961099274,0.0005294153104316851,0.0005954464252648134,0.13747817773477963,12.679362421051719,0.23983177458709795,0.3372638149621028
1195,adam,1195,1196,1.8246467537386255e-07,1,6.96100670286187e-07,1.0788728021887309e-08,1.2154398147986121e-07,6.409041934430885e-09,1,1,,0,7.058197609743346e-09,-17.13852775879807,-0.08792016077860602,-0.6937160947721733,0.0016869665278882481,0.0007207118145655689,0.0008343264770377284,0.0022824651961099274,0.0005294153104316851,0.0005954464252648134,0.13747817773477963,12.679362421051719,0.2398317747551446,0.33726381516920806
1196,adam,1196,1197,1.8064002862012394e-07,1,6.96100670286187e-07,1.0788728731003771e-08,1.2154396717362593e-07,6.3490912002091075e-09,1,1,,0,7.074797677384392e-09,-17.13852775879807,-0.08792016071022035,-0.6937160974156362,0.0016869731155147614,0.0007207118145655689,0.0008343264770377284,0.0022824651961099274,0.0005294153104316851,0.0005954464252648134,0.13747817773477963,12.679362421051719,0.23983177492160107,0.33726381537437167
1197,adam,1197,1198,1.788336283339227e-07,1,6.96100670286187e-07,1.0788729433445784e-08,1.2154395299965654e-07,6.289699168291597e-09,1,1,,0,7.091242488562132e-09,-17.13852775879807,-0.08792016064236338,-0.6937161000345212,0.0016869796419287013,0.0007207118145655689,0.0008343264770377284,0.0022824651961099274,0.0005294153104316851,0.0005954464252648134,0.13747817773477963,12.679362421051719,0.23983177508648232,0.3372638155776117
1198,adam,1198,1199,1.7704529205058347e-07,1,6.96100670286187e-07,1.0788730129275167e-08,1.2154393895676517e-07,6.230860654491162e-09,1,1,,0,7.107533489875896e-09,-17.13852775879807,-0.08792016057503238,-0.6937161026290558,0.001686986107696655,0.0007207118145655689,0.0008343264770377284,0.0022824651961099274,0.0005294153104316851,0.0005954464252648134,0.13747817773477963,12.679362421051719,0.2398317752498032,0.3372638157789463
1199,adam,1199,1200,1.7527483913007764e-07,1,6.96100670286187e-07,1.078873081855422e-08,1.2154392504367158e-07,6.172570523833201e-09,1,1,,0,7.123672114509187e-09,-17.13852775879807,-0.08792016050822442,-0.6937161051994656,0.0016869925133804126,0.0007207118145655689,0.0008343264770377284,0.0022824651961099274,0.0005294153104316851,0.0005954464252648134,0.13747817773477963,12.679362421051719,0.23983177541157844,0.3372638159783931
1200,adam,1200,1201,,1,6.96100670286187e-07,1.0788731501344304e-08,1.2154391125926867e-07,6.114823687935833e-09,1,1,,0,7.139659782383375e-09,-17.13852775879807,-0.08792016044193629,-0.6937161077459741,0.0016869988595360499,0.0007207118145655689,0.0008343264770377284,0.0022824651961099274,0.0005294153104316851,0.0005954464252648134,0.13747817773477963,12.679362421051719,0.2398317755718225,0.3372638161759698
1201,lbfgs_unbounded,0,0,,1,6.959908943292286e-07,1.0780711528806368e-08,1.2130229092159038e-07,0.0,1,2,,0,6.484742938503681e-12,-17.13894025892228,-0.08791952052695483,-0.6937161077459741,0.0016869988595360499,0.0007206525807689992,0.0008342606872730062,0.0022823039507584623,0.0005293876079290621,0.000595429825553709,0.13747692656527769,12.679199395399166,0.2398317755718225,0.3372638161759698
1202,lbfgs_unbounded,1,3,,1,6.912034003919355e-07,1.1895360918603258e-08,1.6348709189672186e-07,0.0001006337566192604,1,4,,0,2.172667221860187e-11,-17.362549464237567,-0.08789294657844994,-0.6938297733551183,0.0034055344300913527,0.0007187997919600491,0.0008313864326484619,0.0022585710777163455,0.0005285710479176927,0.0005946556182409406,0.13741865801032283,12.674368233903417,0.2398301197179587,0.3372645776073004
1203,lbfgs_unbounded,2,5,,1,6.802319553583119e-07,1.569162770520747e-08,3.421353709400703e-07,0.00026626259320679414,1,5,,0,1.500353962340578e-12,-17.901894274255877,-0.08778550031773365,-0.6940738490756874,0.007648834086491835,0.0007133432526321274,0.000824761756726336,0.0022250774840667973,0.0005285416168120088,0.0005935703929806439,0.13735343468883324,12.683479777045562,0.239828186806867,0.3372693984740672
1204,lbfgs_unbounded,3,8,,1,6.64113473992417e-07,3.711599470887233e-08,1.3554057516817952e-06,0.0007525774399104182,1,20,,0,9.583801455395988e-12,-19.355738607277516,-0.0874541440818292,-0.6948402949087639,0.006645672979743053,0.0007066693843788536,0.0008149315762641775,0.002149656091595919,0.0005350637313097478,0.0005921146035242304,0.13702515518518257,12.630295252104593,0.23982280469684758,0.33728978186300596
1205,lbfgs_unbounded,4,20,,1,6.633509767183812e-07,3.538741883816858e-08,1.2391029493320855e-06,2.322327448802596e-05,1,26,,0,1.2521083010184916e-13,-19.396109142591676,-0.08745295244554285,-0.6948697772182153,0.006542331004746613,0.0007062449979633038,0.0008144636128878817,0.0021494829047570513,0.0005350570651796554,0.000592103713256563,0.1370235743804739,12.62968909232453,0.2398224830033517,0.3372906458304954
1206,lbfgs_unbounded,5,40,,1,6.613136011298104e-07,3.4563181305080977e-08,1.2649156831130268e-06,1.2710198336907529e-06,1,16,,0,8.996246205962448e-11,-19.39839350963847,-0.08744362637315087,-0.6948714801462778,0.006536789037865025,0.0007055851443053328,0.000813211904198291,0.0021453744428852613,0.0005358217944745573,0.0005891590735128927,0.13697348881779356,12.62237405169682,0.23982246255358677,0.33729069458844346
1207,lbfgs_unbounded,6,68,,1,6.613135981666365e-07,3.456318731721673e-08,1.2649123391241915e-06,3.7039426040476664e-09,1,16,,0,9.923581873675431e-11,-19.398399997364564,-0.08744362763497113,-0.6948714840941213,0.006536772028790383,0.0007055851001748598,0.0008132119023763957,0.002145374761701548,0.0005358210367725693,0.000589160115643903,0.136973499446865,12.622374806546544,0.2398224625325551,0.3372906947327569
1208,lbfgs_unbounded,7,83,,1,6.613135981666215e-07,3.456318731726316e-08,1.2649123391221734e-06,1.9505032166900326e-15,1,16,,0,9.923582036894946e-11,-19.39839999736819,-0.08744362763497113,-0.6948714840941232,0.006536772028781448,0.000705585100174839,0.0008132119023763864,0.0021453747617012874,0.0005358210367724565,0.0005891601156440742,0.1369734994468661,12.622374806546462,0.2398224625325551,0.337290694732757
1209,lbfgs_unbounded,8,89,,1,6.612895796510471e-07,3.456670881472788e-08,1.2639506055071415e-06,6.104478000067466e-07,1,15,,0,8.981940032595143e-11,-19.39947062724526,-0.08744336865078743,-0.6948721409955699,0.006533971861478998,0.0007055684043083043,0.0008131971345565891,0.002145402495743923,0.0005358252649437932,0.0005891489188110057,0.13697293372752803,12.622305342195878,0.23982245884752043,0.33729071845903746
1210,lbfgs_unbounded,9,109,,1,6.612763342897345e-07,3.4567519331390376e-08,1.2637371943315527e-06,3.9618119357948447e-08,1,14,,0,5.4311396855112346e-11,-19.399536003747713,-0.0874433478603321,-0.694872200874442,0.006533804323237846,0.0007055586098033815,0.0008131889905118825,0.0021454273649699485,0.0005358223142739628,0.0005891404532788071,0.13697254779053258,12.622274528150033,0.23982245812274436,0.3372907200452119
1211,lbfgs_unbounded,10,111,,1,6.524774385803931e-07,3.9312724581969015e-08,1.4074765785917214e-06,0.00042491844039875114,1,10,,0,6.069310601224459e-13,-20.10126260396749,-0.08726217194282807,-0.6955145965798513,0.004736908247656893,0.0007006748228626159,0.00080776075578131,0.0021627766111043923,0.0005347404663111068,0.0005897812734576856,0.13701956016363515,12.6234577878046,0.23981541856631364,0.33730799899534863
1212,lbfgs_unbounded,11,118,,1,6.524092490398804e-07,3.9252497397369496e-08,1.401687806428871e-06,2.752236114864623e-06,1,14,,0,1.4207915858968695e-11,-20.10579841806313,-0.08725983327487713,-0.6955186274017995,0.0047251804546597585,0.0007006444489764909,0.0008077185456827647,0.0021628474005690192,0.0005347298492202617,0.0005897623635669717,0.13701794806036643,12.623112088651583,0.23981538365082508,0.3373081210352387
1213,lbfgs_unbounded,12,122,,1,6.420771554247886e-07,6.1821963965172e-08,1.8269311997884301e-06,0.0011267940391818834,1,35,,0,4.88343447472897e-12,-22.61692907961293,-0.08657608506027185,-0.6971539770982297,0.00011313031242221533,0.0006945221612322305,0.0008012971704834534,0.0023628115438249367,0.0005450813749080436,0.000588362034161385,0.1361269100994126,12.25155043975742,0.23980105986714864,0.3373560148209036
1214,lbfgs_unbounded,13,136,,1,6.420738088460455e-07,6.181650430058149e-08,1.826669902024864e-06,1.4014832903507507e-07,1,21,,0,4.1685560191866374e-13,-22.61718860572407,-0.08657602991579558,-0.6971541596562195,0.00011371887904443028,0.000694520076608945,0.000801295082254999,0.002362813671879573,0.0005450808466871375,0.0005883613086073796,0.13612683757577687,12.251531871777512,0.2398010590891515,0.33735602115440994
1215,lbfgs_unbounded,14,149,,1,6.420735837444924e-07,6.181617107566122e-08,1.8266584662254003e-06,6.5149538659704275e-09,1,25,,0,3.982125817887048e-14,-22.617199158877003,-0.08657602726898861,-0.6971541683578563,0.00011374209394341566,0.0006945199415508365,0.0008012949417939017,0.0023628136828597,0.0005450807439415069,0.0005883612539155393,0.13612683286785743,12.251530856869353,0.23980105905182428,0.3373560214958098
1216,lbfgs_unbounded,15,170,,1,6.420734495135799e-07,6.18160084875238e-08,1.8266523003174197e-06,3.882200031274196e-09,1,22,,0,5.078200110715408e-13,-22.617204798656513,-0.0865760262278397,-0.6971541732423642,0.0001137559747062943,0.0006945198591153311,0.0008012948580351554,0.002362813725651132,0.0005450806862904127,0.0005883612259600968,0.13612683040478116,12.25153032366712,0.2398010590259978,0.337356021708665
1217,lbfgs_unbounded,16,177,,1,6.310639564632029e-07,5.556089518829618e-08,1.099912450763192e-06,1.2368279005958376e-06,1,39,,0,7.69936960719769e-11,-22.618472094547393,-0.0865727857922102,-0.6971556665041736,0.00011805526936710628,0.0006873456473076594,0.0007943953401570296,0.002399310255268029,0.0005404327928997687,0.0005862731011059116,0.13609144520335956,12.2978818277885,0.23980105044533262,0.33735609253394694
1218,lbfgs_unbounded,17,210,,1,6.310639564632029e-07,5.556089518829618e-08,1.099912450763192e-06,2.4451735005487615e-23,1,39,,0,7.69936960719769e-11,-22.618472094547393,-0.0865727857922102,-0.6971556665041736,0.00011805526936710628,0.0006873456473076594,0.0007943953401570296,0.002399310255268029,0.0005404327928997687,0.0005862731011059116,0.13609144520335956,12.2978818277885,0.23980105044533262,0.33735609253394694
1219,lbfgs_unbounded,18,219,,1,6.309830493898887e-07,5.5323402228312133e-08,1.0915118972604998e-06,3.07937990512076e-07,1,28,,0,7.028162332564709e-13,-22.618464846209886,-0.08657342179698091,-0.6971550657338302,0.00011667693192990555,0.0006873063062644482,0.0007943444148415023,0.002398868072981599,0.0005403813547720642,0.0005862607711847982,0.13609056419686286,12.297801651492408,0.23980106022253497,0.3373561018378761
1220,lbfgs_unbounded,19,226,,1,6.309830493671466e-07,5.5323402229450215e-08,1.0915118976592188e-06,9.981241475841424e-16,1,28,,0,6.858238513533158e-13,-22.61846484620868,-0.0865734217947484,-0.6971550657338283,0.00011667693192459284,0.0006873063062548618,0.0007943444148271874,0.0023988680729602955,0.0005403813547682011,0.0005862607711562103,0.1360905641965011,12.297801651414758,0.23980106022253503,0.3373561018378762
1221,lbfgs_unbounded,20,233,,1,6.309830486726607e-07,5.5323402221791356e-08,1.0915119094366264e-06,1.0088399300093686e-14,1,28,,0,2.0378874427163132e-13,-22.61846484620928,-0.08657342173319342,-0.6971550657338084,0.00011667693187488672,0.0006873063059564722,0.0007943444143900432,0.0023988680723444314,0.0005403813546738692,0.0005862607702924265,0.1360905641852918,12.29780164945516,0.23980106022253528,0.33735610183787657
1222,lbfgs_unbounded,21,239,,1,6.303573519586192e-07,5.355657204973407e-08,1.0294062789566326e-06,2.3953626246504797e-06,1,36,,0,3.4186519921324838e-12,-22.618014883969785,-0.0865785759499015,-0.6971503633481976,0.00010567525772141027,0.0006870034410296823,0.0007939504719808529,0.002395472456480329,0.0005399815866670057,0.000586164599218638,0.1360831778471867,12.296852766037642,0.2398011334628162,0.3373561814369838
1223,lbfgs_unbounded,22,241,,1,6.244354096696613e-07,5.652052821469326e-08,1.7378358045436657e-06,4.3280827140693576e-05,1,35,,0,1.9910554318171912e-12,-22.47289463403305,-0.08672742232319597,-0.6970846844452026,0.0001226815012343101,0.0006838377366647343,0.0007902122560867183,0.002372596358093423,0.0005357317197621353,0.0005863557268343646,0.13613647684669059,12.31212095085673,0.23980114906141217,0.337359671357894
1224,lbfgs_unbounded,23,242,,1,6.23153442997155e-07,4.0804502144818276e-08,9.978449925419352e-07,0.000178574112226665,1,36,,0,6.393141272839208e-11,-21.863922124731257,-0.0861187791503214,-0.6967832035377047,0.0010143736783311044,0.0006850191126240068,0.0007894006859619233,0.002191872479121959,0.0005335259431943768,0.0005865480022431459,0.1361827415420478,12.312781313757913,0.23980407510979357,0.33737480580983625
1225,lbfgs_unbounded,24,250,,1,6.231475103286092e-07,4.079442324248069e-08,9.973111162319338e-07,5.600730182581383e-08,1,42,,0,1.7154270524733706e-12,-21.86365889696055,-0.08611882211163087,-0.696783102005646,0.0010145360571019429,0.0006850164201404571,0.0007893969282487798,0.0021918638781295028,0.0005335238973862717,0.000586547643678672,0.13618275809380784,12.312792534356147,0.23980407504897103,0.3373748104855927
1226,lbfgs_unbounded,25,264,,1,6.231475103274836e-07,4.0794423233776534e-08,9.97311116040065e-07,1.954601593174702e-18,1,42,,0,1.715721421739521e-12,-21.863658896961496,-0.08611882211168626,-0.696783102005646,0.0010145360571019429,0.0006850164201385024,0.0007893969282480668,0.002191863878073891,0.000533523897388031,0.0005865476436788276,0.1361827580938023,12.312792534350281,0.23980407504897103,0.3373748104855927
1227,lbfgs_unbounded,26,279,,1,6.231475103261878e-07,4.079442322359692e-08,9.9731111581894e-07,1.22357970953742e-18,1,42,,0,1.7160668240308098e-12,-21.863658896962438,-0.08611882211175319,-0.696783102005646,0.0010145360571019429,0.0006850164201362226,0.0007893969282472461,0.0021918638780084425,0.0005335238973901128,0.0005865476436790148,0.13618275809379643,12.312792534343599,0.23980407504897103,0.3373748104855927
1228,lbfgs_unbounded,27,302,,1,6.231475103261878e-07,4.079442322359692e-08,9.9731111581894e-07,9.780694002195046e-23,1,42,,0,1.7160668240308098e-12,-21.863658896962438,-0.08611882211175319,-0.696783102005646,0.0010145360571019429,0.0006850164201362226,0.0007893969282472461,0.0021918638780084425,0.0005335238973901128,0.0005865476436790148,0.13618275809379643,12.312792534343599,0.23980407504897103,0.3373748104855927
1229,lbfgs_unbounded,28,308,,1,6.208344165695973e-07,3.1486391096122024e-08,6.448948389523458e-07,1.3559342748827221e-05,1,48,,0,6.39176982875647e-11,-21.81547803441889,-0.08611653364589436,-0.6967701290217766,0.0009804249795310768,0.000683721994029748,0.0007879304642984667,0.0022007412266364388,0.0005338271906011054,0.000587183289734058,0.1362359607747291,12.32519356649791,0.23980362605233857,0.33737511560522804
1230,lbfgs_unbounded,29,309,,1,6.146303738079088e-07,2.7373208538797883e-08,7.550745930160846e-07,6.553545567027314e-05,1,38,,0,8.425586384956115e-11,-21.500239995525057,-0.08562690070275071,-0.696716081772899,0.0008873961769107742,0.000680568016368347,0.0007839836565948991,0.0022459987362398125,0.0005330723933084056,0.0005875648772643473,0.13630371424561077,12.34852636080127,0.23980100182965652,0.33737659488285004
1231,lbfgs_unbounded,30,321,,1,6.146300585273627e-07,2.7369003802668527e-08,7.549872304613745e-07,4.185346206913501e-10,1,34,,0,5.636416145429283e-14,-21.5002372546036,-0.08562687363408965,-0.6967160814955083,0.000887396657104861,0.0006805682971838382,0.0007839834555189049,0.002246016014696115,0.0005330721068653545,0.0005875648256580871,0.13630371663612392,12.348528237171498,0.23980100180015845,0.3373765948807676
1232,lbfgs_unbounded,31,329,,1,6.146260190709317e-07,2.737482698404416e-08,7.553847232646277e-07,5.661746082731128e-08,1,54,,0,1.2524940693689626e-13,-21.499920070275763,-0.08562622422422285,-0.6967160391957704,0.000887417154737507,0.0006805663364097773,0.0007839808792763582,0.0022460513247920173,0.000533069160207156,0.0005875638948044379,0.1363036908717892,12.348532523386162,0.2398009982410832,0.33737659506368417
1233,lbfgs_unbounded,32,336,,1,6.146260188448738e-07,2.7374822653942216e-08,7.553846241029863e-07,5.966025754283046e-13,1,51,,0,3.236969570781263e-14,-21.49992006680741,-0.08562622419670184,-0.6967160391947428,0.0008874171567840662,0.0006805663367143157,0.0007839808791321851,0.0022460513434403966,0.0005330691598344486,0.0005875638948549888,0.1363036908740791,12.348532525247458,0.2398009982410419,0.3373765950636693
1234,lbfgs_unbounded,33,343,,1,6.146260187317835e-07,2.7374822346629157e-08,7.55384608588169e-07,5.162183276187841e-13,1,52,,0,4.3065302511700596e-14,-21.49992006413782,-0.08562622420117126,-0.6967160391938537,0.0008874171585548534,0.0006805663366811112,0.0007839808790600594,0.0022460513431034213,0.0005330691598016431,0.000587563894788616,0.13630369087419159,12.348532525408936,0.23980099824100615,0.3373765950636564
1235,lbfgs_unbounded,34,351,,1,6.146256891710697e-07,2.7374412632005084e-08,7.55354701749633e-07,3.401574156889549e-09,1,46,,0,1.2789179807803386e-13,-21.499901345625133,-0.08562619811292264,-0.6967160344872239,0.0008874254353471745,0.0006805661968599056,0.0007839806688758784,0.002246052244547163,0.0005330688186606447,0.0005875637553429736,0.13630368289531217,12.348531583151287,0.239800998007954,0.3373765950095024
1236,lbfgs_unbounded,35,365,,1,6.146256888863186e-07,2.7374398225243142e-08,7.553541558477657e-07,9.483325043933312e-19,1,44,,0,6.376533089717377e-13,-21.49990134364982,-0.08562619804701473,-0.6967160344872239,0.0008874254353471745,0.0006805661974103912,0.0007839806686942725,0.0022460523181970374,0.0005330688165891045,0.000587563754936765,0.136303682887622,12.348531587484509,0.239800998007954,0.3373765950095024
1237,lbfgs_unbounded,36,387,,1,6.146256888757506e-07,2.7374407721000445e-08,7.553545892449544e-07,2.51391514077156e-18,1,44,,0,1.2720163485017295e-14,-21.49990134520848,-0.08562619808558913,-0.6967160344872239,0.0008874254353471745,0.0006805661971885442,0.0007839806686875325,0.002246052264787966,0.00053306881830459,0.0005875637552847907,0.13630368289821584,12.348531585398012,0.239800998007954,0.3373765950095024
1238,lbfgs_unbounded,37,403,,1,6.146256885043775e-07,2.7374333507841288e-08,7.553512672549505e-07,2.4353731665195785e-21,1,45,,0,6.1583320522775066e-12,-21.49990133237886,-0.0856261977999732,-0.6967160344872239,0.0008874254353471745,0.0006805661986207869,0.0007839806684506816,0.0022460527372726697,0.0005330688047726711,0.0005875637524789764,0.1363036828065466,12.348531599233702,0.239800998007954,0.3373765950095024
1239,lbfgs_unbounded,38,423,,1,6.146256885043378e-07,2.7374333562162973e-08,7.553512693970216e-07,2.4353731665195785e-21,1,45,,0,6.156775163654487e-12,-21.499901332388877,-0.085626197800249,-0.6967160344872239,0.0008874254353471745,0.0006805661986188796,0.0007839806684506562,0.0022460527369198816,0.0005330688047818153,0.0005875637524808749,0.13630368280660526,12.348531599218271,0.239800998007954,0.3373765950095024
1240,lbfgs_unbounded,39,432,,1,6.146256885043378e-07,2.7374333562162973e-08,7.553512693970216e-07,1.9561388004390092e-22,1,45,,0,6.156775163654487e-12,-21.499901332388877,-0.085626197800249,-0.6967160344872239,0.0008874254353471745,0.0006805661986188796,0.0007839806684506562,0.0022460527369198816,0.0005330688047818153,0.0005875637524808749,0.13630368280660526,12.348531599218271,0.239800998007954,0.3373765950095024
1241,lbfgs_unbounded,40,442,,1,6.144782504770058e-07,2.6471861290659047e-08,6.966194212672748e-07,1.1339865193698827e-06,1,34,,0,1.6015298475993668e-11,-21.495123113091594,-0.08562510357923343,-0.6967161248033111,0.0008922807392337185,0.0006805421429269459,0.0007838866311380785,0.00224604138267748,0.000532836573702097,0.0005874521451988614,0.1362960842695579,12.347184158129545,0.23980092466321887,0.33737655880438716
1242,lbfgs_unbounded,41,458,,1,6.144779625660974e-07,2.6472049560896876e-08,6.966136082721836e-07,2.8495913917384216e-20,1,36,,0,1.725029667709433e-11,-21.495121891833804,-0.08562510373277019,-0.6967161248033111,0.0008922807392337185,0.0006805419299820726,0.0007838864474948508,0.0022460440723171314,0.0005328363401577283,0.0005874521334253688,0.13629608849641464,12.347187580597023,0.23980092466321887,0.33737655880438716
1243,lbfgs_unbounded,42,481,,1,6.144768051696584e-07,2.6473104039915e-08,6.965974109852345e-07,3.2062521538182456e-17,1,35,,0,5.014136494424164e-11,-21.495121365746165,-0.08562510396452461,-0.6967161248033111,0.000892280739233799,0.0006805413337688011,0.000783885709252094,0.002246043825547093,0.0005328362134650565,0.0005874524380533571,0.13629612934026525,12.347202325906899,0.23980092466321887,0.33737655880438716
1244,lbfgs_unbounded,43,577,,1,6.144758792031986e-07,2.647484294420106e-08,6.966032651622842e-07,1.4124945241480978e-17,1,36,,0,7.491312472902042e-11,-21.495116711378884,-0.08562510412924487,-0.6967161248033111,0.0008922807392338795,0.0006805407164224753,0.0007838851186259366,0.0022460561874855234,0.0005328369477254914,0.0005874529291420572,0.13629616055504892,12.347211712368663,0.23980092466321887,0.33737655880438716
1245,lbfgs_unbounded,44,585,,1,6.142501769469271e-07,2.5122874140543918e-08,6.064870753407034e-07,1.859054383936151e-06,1,53,,0,1.2007749582329954e-11,-21.48708420651905,-0.08562315516353558,-0.6967161904747217,0.0009002831565093858,0.0006805057260790343,0.0007837411415428739,0.002246031434493046,0.0005324665425144592,0.0005872751768365022,0.1362841187795231,12.3450729280406,0.23980079948825517,0.33737649684775045
1246,lbfgs_unbounded,45,597,,1,6.142492323836348e-07,2.51230440173642e-08,6.064956494626405e-07,2.7356763206643555e-16,1,59,,0,3.4441487182471225e-13,-21.48708420137944,-0.08562315522913799,-0.6967161904747216,0.0009002831565105933,0.0006805053769193557,0.0007837405389436193,0.002246030907852309,0.0005324658094134087,0.0005872747828111538,0.13628410158363202,12.345074296406711,0.23980079948825514,0.3373764968477504
1247,lbfgs_unbounded,46,607,,1,6.135376292714823e-07,2.2607245242794087e-08,4.5940528165420933e-07,6.365752862669352e-06,1,64,,0,1.0653565930905396e-12,-21.454490466833164,-0.08561233763428368,-0.696713667167974,0.0009271390242844446,0.0006802972686411389,0.0007832864286271544,0.0022464386958704684,0.0005314698306674526,0.0005868548134460473,0.13625772604242914,12.340913988658642,0.2398002422972449,0.33737621731510337
1248,lbfgs_unbounded,47,620,,1,6.135374417100774e-07,2.260744653432544e-08,4.594037310733555e-07,1.294521697130196e-14,1,62,,0,3.943614924507542e-12,-21.454490460034098,-0.08561233766122385,-0.6967136671679655,0.0009271390243338274,0.0006802971720144619,0.0007832863088999305,0.0022464398221249023,0.0005314698297281559,0.0005868548222543768,0.1362577265117776,12.340914087642421,0.23980024229724373,0.3373762173151027
1249,lbfgs_unbounded,48,637,,1,6.135374417100774e-07,2.260744653432544e-08,4.594037310733555e-07,0.0,1,62,,0,3.943614924507542e-12,-21.454490460034098,-0.08561233766122385,-0.6967136671679655,0.0009271390243338274,0.0006802971720144619,0.0007832863088999305,0.0022464398221249023,0.0005314698297281559,0.0005868548222543768,0.1362577265117776,12.340914087642421,0.23980024229724373,0.3373762173151027
1250,lbfgs_unbounded,49,664,,1,6.135373791163632e-07,2.2607517231884287e-08,4.5940282635054504e-07,2.0281091711957e-18,1,64,,0,2.298304868793685e-12,-21.45449002089426,-0.08561233767849745,-0.6967136671679655,0.0009271390243338274,0.0006802971279747138,0.0007832862689440963,0.002246440577292175,0.0005314698216040438,0.0005868548293042399,0.1362577274649219,12.340914608394764,0.23980024229724373,0.3373762173151027
1251,lbfgs_unbounded,50,684,,1,6.135372671646645e-07,2.2607640024821173e-08,4.5940147791706294e-07,1.9221392854737171e-16,1,52,,0,3.728373036052805e-12,-21.454489904420313,-0.08561233770123468,-0.6967136671679655,0.0009271390243345117,0.0006802970600254532,0.0007832861974812683,0.002246441476538586,0.0005314698080939618,0.0005868548396983059,0.1362577284737762,12.3409150637692,0.2398002422972437,0.3373762173151027
1252,lbfgs_unbounded,51,692,,1,6.1353561955689e-07,2.260304335214933e-08,4.5900397595210584e-07,1.1026278183620097e-08,1,57,,0,9.750615495077894e-12,-21.45443603967486,-0.08561232083042251,-0.6967136644472081,0.0009271853451215566,0.0006802965624212257,0.0007832851457527393,0.002246444562960892,0.0005314679477703656,0.000586854020347687,0.1362576758334792,12.340907169701127,0.2398002414283401,0.3373762168808757
1253,lbfgs_unbounded,52,699,,1,6.1353561955689e-07,2.260304335214933e-08,4.5900397595210584e-07,0.0,1,57,,0,9.750615495077894e-12,-21.45443603967486,-0.08561232083042251,-0.6967136644472081,0.0009271853451215566,0.0006802965624212257,0.0007832851457527393,0.002246444562960892,0.0005314679477703656,0.000586854020347687,0.1362576758334792,12.340907169701127,0.2398002414283401,0.3373762168808757
1254,lbfgs_unbounded,53,709,,1,6.1353561955689e-07,2.260304335214933e-08,4.5900397595210584e-07,0.0,1,57,,0,9.750615495077894e-12,-21.45443603967486,-0.08561232083042251,-0.6967136644472081,0.0009271853451215566,0.0006802965624212257,0.0007832851457527393,0.002246444562960892,0.0005314679477703656,0.000586854020347687,0.1362576758334792,12.340907169701127,0.2398002414283401,0.3373762168808757
1255,lbfgs_unbounded,54,719,,1,6.1353561955689e-07,2.260304335214933e-08,4.5900397595210584e-07,0.0,1,57,,0,9.750615495077894e-12,-21.45443603967486,-0.08561232083042251,-0.6967136644472081,0.0009271853451215566,0.0006802965624212257,0.0007832851457527393,0.002246444562960892,0.0005314679477703656,0.000586854020347687,0.1362576758334792,12.340907169701127,0.2398002414283401,0.3373762168808757
1256,lbfgs_unbounded,55,729,,1,6.1353561955689e-07,2.260304335214933e-08,4.5900397595210584e-07,0.0,1,57,,0,9.750615495077894e-12,-21.45443603967486,-0.08561232083042251,-0.6967136644472081,0.0009271853451215566,0.0006802965624212257,0.0007832851457527393,0.002246444562960892,0.0005314679477703656,0.000586854020347687,0.1362576758334792,12.340907169701127,0.2398002414283401,0.3373762168808757
1257,lbfgs_unbounded,56,739,,1,6.1353561955689e-07,2.260304335214933e-08,4.5900397595210584e-07,0.0,1,57,,0,9.750615495077894e-12,-21.45443603967486,-0.08561232083042251,-0.6967136644472081,0.0009271853451215566,0.0006802965624212257,0.0007832851457527393,0.002246444562960892,0.0005314679477703656,0.000586854020347687,0.1362576758334792,12.340907169701127,0.2398002414283401,0.3373762168808757
1258,lbfgs_unbounded,57,749,,1,6.1353561955689e-07,2.260304335214933e-08,4.5900397595210584e-07,0.0,1,57,,0,9.750615495077894e-12,-21.45443603967486,-0.08561232083042251,-0.6967136644472081,0.0009271853451215566,0.0006802965624212257,0.0007832851457527393,0.002246444562960892,0.0005314679477703656,0.000586854020347687,0.1362576758334792,12.340907169701127,0.2398002414283401,0.3373762168808757
