step,evaluation_success,objective,gradient_rms,forward_converged,forward_iterations,forward_failure,line_search_failures,equilibrium_residual_rms,min_det_f,min_det_g,min_det_ainv,inverted_cell_fraction,inverted_rest_measure_fraction,negative_det_f_mean,top_target_mae,top_target_rms,top_target_max,top_error_rms,top_highpass_rms,top_slope_rms,top_curvature_rms,activation_neighbor_jump_rms,activation_rms,detF/min,detG/min,detAinv/min,target/rms,target/mae,target/max,activation/rms,activation/neighbor_jump_rms
0,1,0.0014813333333333334,0.0012308734169248115,1,1,,0,1.47607518564906e-18,1.0,1.0,1.0,0.0,0.0,0.0,0.03666666666666667,0.038488093396962825,0.05,0.038488093396962825,0.0,0.0,0.0,0.0,0.0,1.0,1.0,1.0,0.038488093396962825,0.03666666666666667,0.05,0.0,0.0
1,1,0.0013866695187935505,0.001296417310595821,1,5,,0,1.444509069235889e-09,0.989815129991316,0.9765200149430964,0.9400013288756743,0.0,0.0,0.0,0.03547405247010099,0.0372380117459774,0.04835764153877385,0.03723782542009392,0.00024690455921598455,0.03135830021186945,1.1495247167482774,0.0,0.02999463035584427,0.989815129991316,0.9765200149430964,0.9400013288756743,0.0372380117459774,0.03547405247010099,0.04835764153877385,0.02999463035584427,0.0
2,1,0.0012861699444487523,0.0013647090544609659,1,5,,0,1.1105821232945088e-09,0.9787060015424419,0.951709768076534,0.8810659255267449,0.0,0.0,0.0,0.034161897237791256,0.03586321157465896,0.0465508884146356,0.035862178692129446,0.0005176924704514011,0.0657064944068366,2.408617563855835,0.0,0.05824718973498767,0.9787060015424419,0.951709768076534,0.8810659255267449,0.03586321157465896,0.034161897237791256,0.0465508884146356,0.05824718973498767,0.0
3,1,0.0011791825409112403,0.0014356609553409013,1,5,,0,3.267982191297698e-09,0.9662764443482775,0.9245492321638417,0.8229835274427837,0.0,0.0,0.0,0.03270741227502708,0.034339227436144225,0.04454615780678312,0.034336119466672525,0.0008181138196952806,0.10380029403681212,3.805520399922538,0.0,0.0865495207873803,0.9662764443482775,0.9245492321638417,0.8229835274427837,0.034339227436144225,0.03270741227502708,0.04454615780678312,0.0865495207873803,0.0
4,1,0.0010653350156836993,0.0015085228924409284,1,6,,0,4.0083193777869735e-12,0.9517320652268488,0.8949300431758956,0.7656530309476288,0.0,0.0,0.0,0.031084597997034502,0.032639470211443374,0.042311509736032996,0.03263211032429969,0.0011522925317253602,0.14624258037974397,5.36406334476487,0.0,0.11478380028943021,0.9517320652268488,0.8949300431758956,0.7656530309476288,0.032639470211443374,0.031084597997034502,0.042311509736032996,0.11478380028943021,0.0
5,1,0.0009443798906580239,0.0015811750286265852,1,6,,0,4.792831760222589e-10,0.9339734260447572,0.8626406138051756,0.7089906365661287,0.0,0.0,0.0,0.02926037661039962,0.03073076456351231,0.03980946691136457,0.030715410408996772,0.0015243515153292471,0.19369637804812348,7.112079616191739,0.0,0.1429250829923249,0.9339734260447572,0.8626406138051756,0.7089906365661287,0.03073076456351231,0.02926037661039962,0.03980946691136457,0.1429250829923249,0.0
6,1,0.0008163627061939373,0.0016486501817072165,1,7,,0,1.4300389221136445e-09,0.9114866403913277,0.8273104786718212,0.6529220653554066,0.0,0.0,0.0,0.027193205329820183,0.028572061637094675,0.03699548846325871,0.02854228496476547,0.0019382139964450042,0.24687669906993878,9.0828503142813,0.0,0.17097106395428957,0.9114866403913277,0.8273104786718212,0.6529220653554066,0.028572061637094675,0.027193205329820183,0.03699548846325871,0.17097106395428957,0.0
7,1,0.0006819721697172158,0.0017012498754340889,1,10,,0,1.1971167773163384e-11,0.8823096333858889,0.7855830706151175,0.5973827042455923,0.0,0.0,0.0,0.024833870283057367,0.026114596870662504,0.03381504812131317,0.02605891797721731,0.002398145404394921,0.3066212282335585,11.321709376209819,0.0,0.198924868340403,0.8823096333858889,0.7855830706151175,0.5973827042455923,0.026114596870662504,0.024833870283057367,0.03381504812131317,0.198924868340403,0.0
8,1,0.0005430176235802373,0.0017240184247195353,1,11,,0,5.304729955530981e-12,0.8393109084666053,0.727604598512499,0.5423210193223128,0.0,0.0,0.0,0.0221303492192736,0.023302738542502623,0.03018916905774882,0.023199264503793678,0.0029128915198637223,0.3743391743371278,13.908701152375755,0.0,0.22678742641828858,0.8393109084666053,0.727604598512499,0.5423210193223128,0.023302738542502623,0.0221303492192736,0.03018916905774882,0.22678742641828858,0.0
9,1,0.0004027019153066656,0.0017046008861574871,1,9,,0,9.744247304978335e-10,0.7877595802400948,0.6519244473562031,0.4877082007403708,0.0,0.0,0.0,0.019032686840751614,0.02006743419838883,0.02628477036016205,0.01987398026631223,0.0035081096973131167,0.4536055219812206,17.051102229475923,0.0,0.25454836476230835,0.7877595802400948,0.6519244473562031,0.4877082007403708,0.02006743419838883,0.019032686840751614,0.02628477036016205,0.25454836476230835,0.0
10,1,0.0004444722176743481,0.0008111394880960943,1,26,,0,2.244186395019361e-09,0.5833617965905539,0.5833617965905539,0.43355663063613176,0.0,0.0,0.0,0.019413905116875206,0.02108250975748258,0.03060814468073717,0.018457702619948446,0.004523180744752242,0.5066776244719857,28.61062371477318,0.0,0.2821716373763079,0.5833617965905539,0.5833617965905539,0.43355663063613176,0.02108250975748258,0.019413905116875206,0.03060814468073717,0.2821716373763079,0.0
11,1,0.00040607138737473985,0.0006548537221364601,1,11,,0,1.3573418550770395e-09,0.5379011641176918,0.5379011641176918,0.38281800837972174,0.0,0.0,0.0,0.018255566225119185,0.020151213049708443,0.02958877620065299,0.015901631008160187,0.004981004088258367,0.57134859652676,30.437519684328038,0.0,0.30809558189227165,0.5379011641176918,0.5379011641176918,0.38281800837972174,0.020151213049708443,0.018255566225119185,0.02958877620065299,0.30809558189227165,0.0
12,1,0.00030818590219956537,0.0020702895566374925,1,15,,0,3.2337024411323886e-11,0.52907333771576,0.36942213181199524,0.3371191041021971,0.0,0.0,0.0,0.015666798571340717,0.017555224356286803,0.02491393475772455,0.011728473275428256,0.006320914239557432,0.7316553921480409,34.58207311969763,0.0,0.3315024529699699,0.52907333771576,0.36942213181199524,0.3371191041021971,0.017555224356286803,0.015666798571340717,0.02491393475772455,0.3315024529699699,0.0
13,1,0.00029496900263663723,0.0014431151554834926,1,7,,0,1.1806379067874724e-09,0.5022434226425596,0.3096496783758837,0.301002056325157,0.0,0.0,0.0,0.015717606552408083,0.01717466164547754,0.026739265861641243,0.009349425449734402,0.006812565021754306,0.818742122802037,34.469076986287774,0.0,0.35034931059326513,0.5022434226425596,0.3096496783758837,0.301002056325157,0.01717466164547754,0.015717606552408083,0.026739265861641243,0.35034931059326513,0.0
14,1,0.0003297371046519554,0.003987186333821657,1,6,,0,3.884914149799222e-09,0.4884593700467914,0.2696406688431369,0.2778966593049666,0.0,0.0,0.0,0.016911903599357046,0.01815866472656939,0.02910887446663615,0.009232041011452141,0.007311302662591193,0.8883832509442593,35.58734204128214,0.0,0.36322325359127944,0.4884593700467914,0.2696406688431369,0.2778966593049666,0.01815866472656939,0.016911903599357046,0.02910887446663615,0.36322325359127944,0.0
15,1,0.0003093191290206393,0.0028810063655222047,1,6,,0,3.7032083542338437e-09,0.4848867205081348,0.25922985325641373,0.2711919591876157,0.0,0.0,0.0,0.016405634131427753,0.017587470796582415,0.028572316649614727,0.008811205779817076,0.0075358134739259815,0.9197868237013724,36.21025138812564,0.0,0.3680293007088134,0.4848867205081348,0.25922985325641373,0.2711919591876157,0.017587470796582415,0.016405634131427753,0.028572316649614727,0.3680293007088134,0.0
16,1,0.0002675375236675013,0.002207458091872023,1,5,,0,1.902790614384596e-11,0.48630634414650453,0.26313301676665973,0.2722514701559635,0.0,0.0,0.0,0.015178518862826637,0.016356574325557944,0.02688903567663637,0.00802386770474916,0.007661100396014998,0.9344418094937721,36.768009307991434,0.0,0.36883035462189817,0.48630634414650453,0.26313301676665973,0.2722514701559635,0.016356574325557944,0.015178518862826637,0.02688903567663637,0.36883035462189817,0.0
17,1,0.00022095959871965402,0.0017143483461311056,1,4,,0,3.433851982154814e-09,0.4928930271637602,0.2752839783715123,0.2778196578946106,0.0,0.0,0.0,0.013661619147751896,0.014864709843103363,0.024682524450974276,0.007027414870120134,0.007716113100754226,0.9385846105674579,37.16427143237224,0.0,0.3671443440454363,0.4928930271637602,0.2752839783715123,0.2778196578946106,0.014864709843103363,0.013661619147751896,0.024682524450974276,0.3671443440454363,0.0
18,1,0.00017860790911412597,0.001282475763532887,1,4,,0,5.060764954229501e-09,0.5033114003969001,0.2924973786617349,0.2859443753300131,0.0,0.0,0.0,0.012134269208805469,0.013364427002835773,0.022274471824976,0.006040923666705862,0.007709504254579406,0.9358339345678295,37.42021789657088,0.0,0.3639192147431338,0.5033114003969001,0.2924973786617349,0.2859443753300131,0.013364427002835773,0.012134269208805469,0.022274471824976,0.3639192147431338,0.0
19,1,0.0001440136621460573,0.0009342120666062843,1,4,,0,5.728868770938602e-09,0.48864852515789786,0.3124421857741349,0.2952296528099794,0.0,0.0,0.0,0.010816341789691996,0.012000569242584174,0.01982757221785325,0.005280930264517139,0.007657594670178612,0.9290681822637923,37.61894339696046,0.0,0.3598808433104261,0.48864852515789786,0.3124421857741349,0.2952296528099794,0.012000569242584174,0.010816341789691996,0.01982757221785325,0.3598808433104261,0.0
20,1,0.00011720705564536827,0.0006854668079887642,1,4,,0,8.520428029306066e-09,0.4626820961803805,0.33285794172137495,0.30467726468547357,0.0,0.0,0.0,0.009831328505165087,0.010826220746196167,0.017394299247340296,0.004887675257271874,0.007577799965272243,0.9199879095882693,37.76939635979747,0.0,0.3555890535523521,0.4626820961803805,0.33285794172137495,0.30467726468547357,0.010826220746196167,0.009831328505165087,0.017394299247340296,0.3555890535523521,0.0
21,1,9.56786287987667e-05,0.0005995521175980816,1,5,,0,1.530572091184311e-10,0.43425347435592554,0.3510517395054399,0.3136140897738715,0.0,0.0,0.0,0.00906194926260681,0.009781545317523541,0.01485278339920995,0.004843205584589719,0.0074726484562461165,0.9080929317812011,37.787503562073205,0.0,0.3514526462469981,0.43425347435592554,0.3510517395054399,0.3136140897738715,0.009781545317523541,0.00906194926260681,0.01485278339920995,0.3514526462469981,0.0
22,1,6.314553544628611e-05,0.00037576181506534595,1,8,,0,1.1974563989817353e-11,0.4899629891538349,0.3624451446468541,0.32174364121320725,0.0,0.0,0.0,0.0075997924022376045,0.007946416516033256,0.011093103658417057,0.004930427384597816,0.007020774306969515,0.8583281050954409,36.58462411366392,0.0,0.3476806206909336,0.4899629891538349,0.3624451446468541,0.32174364121320725,0.007946416516033256,0.0075997924022376045,0.011093103658417057,0.3476806206909336,0.0
23,1,7.536333698613612e-05,0.000647062519478676,1,14,,0,3.926740618044327e-09,0.6480388822889226,0.395034714418163,0.32801000005148234,0.0,0.0,0.0,0.008174122237513981,0.008681205963812638,0.012928328034781823,0.005353564012645086,0.00703139815826758,0.9423123328814345,41.09030712084194,0.0,0.34493395768529655,0.6480388822889226,0.395034714418163,0.32801000005148234,0.008681205963812638,0.008174122237513981,0.012928328034781823,0.34493395768529655,0.0
24,1,9.106998862242163e-05,0.0005308328675293287,1,9,,0,1.7753514056601372e-10,0.6601097655342146,0.519089280496721,0.3315177096760089,0.0,0.0,0.0,0.009228565034372041,0.009543059709674966,0.012571727738636978,0.00624153975121854,0.006827235076563293,0.8795773456078293,32.3988396245133,0.0,0.34373607550823754,0.6601097655342146,0.519089280496721,0.3315177096760089,0.009543059709674966,0.009228565034372041,0.012571727738636978,0.34373607550823754,0.0
25,1,9.32171089533948e-05,0.0005474323807007401,1,3,,0,7.000814221240476e-10,0.6662754877782127,0.539050240777995,0.3329338091056443,0.0,0.0,0.0,0.00937669466029219,0.009654900773876176,0.012591047720110212,0.006433367444118034,0.0068362958506316745,0.8807163033768227,32.40642449366437,0.0,0.3437318043652897,0.6662754877782127,0.539050240777995,0.3329338091056443,0.009654900773876176,0.00937669466029219,0.012591047720110212,0.3437318043652897,0.0
26,1,9.35086936423305e-05,0.0005341653896043064,1,3,,0,4.3429538166289926e-10,0.671212514176292,0.5528624472847459,0.3325257959352472,0.0,0.0,0.0,0.00940383629268468,0.00966998933000086,0.012670000840400469,0.0064138938029139735,0.006886140039512775,0.8874822289524468,32.642013363482384,0.0,0.3447841273640981,0.671212514176292,0.5528624472847459,0.3325257959352472,0.00966998933000086,0.00940383629268468,0.012670000840400469,0.3447841273640981,0.0
27,1,9.223363415057107e-05,0.0004994292831705578,1,3,,0,4.61448505059598e-10,0.6751182081819215,0.5567954376162012,0.33059269694121696,0.0,0.0,0.0,0.009330371832207803,0.009603834346268738,0.012799574441034621,0.006219943160262818,0.006972213408663575,0.8991378445592562,33.07282318378655,0.0,0.3467295669496098,0.6751182081819215,0.5567954376162012,0.33059269694121696,0.009603834346268738,0.009330371832207803,0.012799574441034621,0.3467295669496098,0.0
28,1,8.988401839119367e-05,0.000447757771702657,1,3,,0,4.831372025778195e-10,0.6781971986723437,0.5520017132817586,0.327441040083251,0.0,0.0,0.0,0.009179787911937583,0.009480718242369282,0.012978263840162546,0.005885938403967029,0.007088959780930561,0.9148482216781942,33.66341178355151,0.0,0.34939423186319435,0.6781971986723437,0.5520017132817586,0.327441040083251,0.009480718242369282,0.009179787911937583,0.012978263840162546,0.34939423186319435,0.0
29,1,8.701878417584782e-05,0.0003823604215733407,1,3,,0,6.213496320901676e-10,0.6778004437876946,0.5455934160644899,0.32337388525402344,0.0,0.0,0.0,0.008976411226047868,0.009328385936261847,0.013205673421894435,0.005445045443826445,0.007230367440750821,0.933701334697869,34.373966943533546,0.0,0.3526012576742217,0.6778004437876946,0.5455934160644899,0.32337388525402344,0.009328385936261847,0.008976411226047868,0.013205673421894435,0.3526012576742217,0.0
30,1,8.417886770997908e-05,0.00030627273410202365,1,3,,0,9.65122716097132e-10,0.6759641034244948,0.5380953838839643,0.31868487492313463,0.0,0.0,0.0,0.008744462903187212,0.009174904234376459,0.013478770689679901,0.0049304298975244715,0.007390217100323837,0.9547235029653937,35.1589996226426,0.0,0.3561746961906351,0.6759641034244948,0.5380953838839643,0.31868487492313463,0.009174904234376459,0.008744462903187212,0.013478770689679901,0.3561746961906351,0.0
31,1,8.18208333449335e-05,0.00022257569802436281,1,3,,0,1.5193217185325354e-09,0.674784004390044,0.5300162469761548,0.313653863098341,0.0,0.0,0.0,0.008506979882105128,0.009045486904801394,0.013789868133522598,0.004376324852689837,0.0075620354596692705,0.9769134424220205,35.969998277058394,0.0,0.35994221573036433,0.674784004390044,0.5300162469761548,0.313653863098341,0.009045486904801394,0.008506979882105128,0.013789868133522598,0.35994221573036433,0.0
32,1,8.025838144961002e-05,0.00013470255339721035,1,3,,0,2.218959235906194e-09,0.6740836519589706,0.5218063232045764,0.3085431645494368,0.0,0.0,0.0,0.008284100051527197,0.008958704228269289,0.014125931214746168,0.0038188600862022423,0.007738838002667497,0.9992894855252362,36.76308883492296,0.0,0.36373755505044614,0.6740836519589706,0.5218063232045764,0.3085431645494368,0.008958704228269289,0.008284100051527197,0.014125931214746168,0.36373755505044614,0.0
33,1,7.96263924434546e-05,4.9644611769685326e-05,1,3,,0,2.6232467234890692e-09,0.673407462120123,0.5138439520887792,0.303593863699833,0.0,0.0,0.0,0.00809139003979128,0.008923362171483045,0.014469601106252382,0.003296104978563012,0.007913118877139073,1.020923866425075,37.50475117634669,0.0,0.36740338505567544,0.673407462120123,0.5138439520887792,0.303593863699833,0.008923362171483045,0.00809139003979128,0.014469601106252382,0.36740338505567544,0.0
34,1,7.987807243966979e-05,5.357144605640552e-05,1,3,,0,2.3161082844227416e-09,0.6726170174661289,0.5064510512825796,0.2990211678278999,0.0,0.0,0.0,0.007938667177403134,0.00893745335314651,0.014801653499293563,0.0028459658852877925,0.008077257728438083,1.0409670582023962,38.1718454670931,0.0,0.3707952882350123,0.6726170174661289,0.5064510512825796,0.2990211678278999,0.00893745335314651,0.007938667177403134,0.014801653499293563,0.3707952882350123,0.0
35,1,8.081177837724314e-05,0.00012976435971383542,1,3,,0,1.4788949785280868e-09,0.6718584025072215,0.49990223799054656,0.2950084182006487,0.0,0.0,0.0,0.00782933353412011,0.008989537161458488,0.015103746995339765,0.0024999055109579437,0.008224093328499821,1.058676797434691,38.74922673959756,0.0,0.3737870240703915,0.6718584025072215,0.49990223799054656,0.2950084182006487,0.008989537161458488,0.00782933353412011,0.015103746995339765,0.3737870240703915,0.0
36,1,8.21230703683707e-05,0.0001980621775457643,1,3,,0,6.458348005057375e-10,0.671445453898252,0.49442145509106356,0.2917004111997123,0.0,0.0,0.0,0.007760647306403299,0.009062178014603923,0.015360572315282546,0.002272071908815762,0.008347494388067173,1.0734512353692618,39.227456897251884,0.0,0.37627652851828247,0.671445453898252,0.49442145509106356,0.2917004111997123,0.009062178014603923,0.007760647306403299,0.015360572315282546,0.37627652851828247,0.0
37,1,8.347490931075879e-05,0.00025177844933578,1,3,,0,1.657181220959548e-10,0.6717225172712824,0.4901738392060987,0.28919730256465165,0.0,0.0,0.0,0.0077252063217706606,0.009136460436665765,0.015561109156966332,0.002150801394044729,0.008442865660248083,1.084860016327976,39.60118495487665,0.0,0.37819160548354525,0.6717225172712824,0.4901738392060987,0.28919730256465165,0.009136460436665765,0.0077252063217706606,0.015561109156966332,0.37819160548354525,0.0
38,1,8.457158425233653e-05,0.00028791189836201126,1,3,,0,1.6729410107520218e-11,0.6729438175416901,0.4872579483537411,0.2875505984182545,0.0,0.0,0.0,0.007713310965575505,0.009196281001162184,0.015699073686332547,0.002104384034771182,0.008507520130137787,1.0926671490340265,39.868269177706345,0.0,0.37949403863770786,0.6729438175416901,0.4872579483537411,0.2875505984182545,0.009196281001162184,0.007713310965575505,0.015699073686332547,0.37949403863770786,0.0
39,1,8.520598253219583e-05,0.0003050843479229455,1,2,,0,6.7844610937302236e-09,0.6753049922889259,0.48568547899215664,0.2867625166996144,0.0,0.0,0.0,0.007715376045032099,0.00923070866901322,0.015772215099011746,0.0020993165825264892,0.00854061641964072,1.0968496361274536,40.03275606437881,0.0,0.38018100065571786,0.6753049922889259,0.48568547899215664,0.2867625166996144,0.00923070866901322,0.007715376045032099,0.015772215099011746,0.38018100065571786,0.0
40,1,8.534174253854288e-05,0.00030446208165039074,1,2,,0,6.139361676341263e-09,0.677354079316996,0.4854383471565051,0.28678871815570206,0.0,0.0,0.0,0.007727371815813898,0.009238059457404618,0.01578476583093225,0.002117204227196037,0.008544131640237642,1.097556588342364,40.09169024738195,0.0,0.3802836034087722,0.677354079316996,0.4854383471565051,0.28678871815570206,0.009238059457404618,0.007727371815813898,0.01578476583093225,0.3802836034087722,0.0
41,1,8.500610114730683e-05,0.0002875553847448355,1,3,,0,1.5774309022794252e-12,0.6775378175297827,0.4864015334634601,0.287546667963827,0.0,0.0,0.0,0.007747378186061875,0.00921987533252521,0.015740870913933964,0.0021551100026030176,0.008520680953294653,1.0951235992942505,40.05609187603773,0.0,0.37986102711057307,0.6775378175297827,0.4864015334634601,0.287546667963827,0.00921987533252521,0.007747378186061875,0.015740870913933964,0.37986102711057307,0.0
42,1,8.43392915783911e-05,0.00025750252067133976,1,3,,0,2.2425274556696936e-11,0.6776200770540203,0.4883717195812264,0.28892336476647873,0.0,0.0,0.0,0.007777785415763885,0.009183642609465545,0.015649710077078736,0.00222259562293729,0.008474543214749344,1.0900427636104935,39.94078924473567,0.0,0.37899468240742384,0.6776200770540203,0.4883717195812264,0.28892336476647873,0.009183642609465545,0.007777785415763885,0.015649710077078736,0.37899468240742384,0.0
43,1,8.352030295305452e-05,0.00021798300671248093,1,3,,0,6.632536383916877e-11,0.6776653993107004,0.49114940594093826,0.29078555150480956,0.0,0.0,0.0,0.007821121743977356,0.009138944301890373,0.015521690625674408,0.002330838981537185,0.008410895303485577,1.082869937093707,39.75827360546314,0.0,0.37778040933325374,0.6776653993107004,0.49114940594093826,0.29078555150480956,0.009138944301890373,0.007821121743977356,0.015521690625674408,0.37778040933325374,0.0
44,1,8.271776623602943e-05,0.00017282401522227943,1,3,,0,1.1019017793373887e-10,0.6777256515223913,0.49449836091360744,0.2929897850704236,0.0,0.0,0.0,0.00787821762565046,0.00909493079885875,0.015368152310016217,0.002484463607245639,0.008335158619455853,1.074215442208421,39.52513749840474,0.0,0.37632081633335124,0.6777256515223913,0.49449836091360744,0.2929897850704236,0.00909493079885875,0.00787821762565046,0.015368152310016217,0.37632081633335124,0.0
45,1,8.206053105280162e-05,0.00012589703343118076,1,3,,0,1.325168120168316e-10,0.6778378905085143,0.49817900264796483,0.2953914574678678,0.0,0.0,0.0,0.007947808271740887,0.009058726789830987,0.015200499752797376,0.0026781782024944234,0.008252691434762803,1.0646927377501645,39.25883838395759,0.0,0.37471850223341147,0.6778378905085143,0.49817900264796483,0.2953914574678678,0.009058726789830987,0.007947808271740887,0.015200499752797376,0.37471850223341147,0.0
46,1,8.162181801028032e-05,8.16190664920954e-05,1,3,,0,1.2693623547494323e-10,0.6780195186738558,0.5019640690341157,0.297852516481809,0.0,0.0,0.0,0.008026698608487563,0.009034479398962639,0.015029427171363645,0.002898749893481269,0.00816847897971637,1.0548831166858132,38.97664757953799,0.0,0.37307043087780384,0.6780195186738558,0.5019640690341157,0.297852516481809,0.009034479398962639,0.008026698608487563,0.015029427171363645,0.37307043087780384,0.0
47,1,8.141865594563928e-05,4.841108352673121e-05,1,3,,0,1.0092187011354783e-10,0.6782685322806534,0.5056504513578368,0.30024769139294016,0.0,0.0,0.0,0.008110299308289099,0.009023228687428867,0.014864296883114273,0.0031294090966106206,0.00808691004167402,1.0453084621337674,38.694757867879,0.0,0.37146360110717225,0.6782685322806534,0.5056504513578368,0.30024769139294016,0.009023228687428867,0.008110299308289099,0.014864296883114273,0.37146360110717225,0.0
48,1,8.142225596279943e-05,4.585176748580723e-05,1,3,,0,6.748183329532574e-11,0.6785674346625229,0.5090669995895347,0.3024691572408942,0.0,0.0,0.0,0.008193350321668793,0.009023428171310471,0.014712725801622153,0.003353708573696172,0.008011636119603231,1.0364122186395717,38.42756939334671,0.0,0.3699720096759568,0.6785674346625229,0.5090669995895347,0.3024691572408942,0.009023428171310471,0.008193350321668793,0.014712725801622153,0.3699720096759568,0.0
49,1,8.157409981974888e-05,6.846674456263037e-05,1,3,,0,3.764179095810812e-11,0.6788891428530811,0.5120786731314771,0.3044296541148445,0.0,0.0,0.0,0.008270653374048732,0.0090318381196603,0.014580402718059162,0.003557759872870827,0.00794550341742392,1.0285480711004313,38.18714862645254,0.0,0.36865481655285837,0.6788891428530811,0.5120786731314771,0.3044296541148445,0.0090318381196603,0.008270653374048732,0.014580402718059162,0.36865481655285837,0.0
50,1,8.180311179893222e-05,9.343086550112844e-05,1,3,,0,1.695264970009409e-11,0.6792033357217082,0.5145877016107682,0.30606414490587464,0.0,0.0,0.0,0.008337671059650421,0.009044507272313524,0.014471117387923206,0.003731110542735531,0.007890544354035354,1.021975418714358,37.98285759881181,0.0,0.36755556909208664,0.6792033357217082,0.5145877016107682,0.30606414490587464,0.009044507272313524,0.008337671059650421,0.014471117387923206,0.36755556909208664,0.0
51,1,8.203132475501081e-05,0.00011419430130414743,1,2,,0,9.453338416853111e-09,0.6793942623743544,0.5165370375840621,0.30733015486081183,0.0,0.0,0.0,0.008390413408756856,0.009057114593236127,0.014386381092973723,0.003866362465821254,0.007847986209682755,1.0168616758461384,37.82144440843952,0.0,0.36670231160327876,0.6793942623743544,0.5165370375840621,0.30733015486081183,0.009057114593236127,0.008390413408756856,0.014386381092973723,0.36670231160327876,0.0
52,1,8.222737829141975e-05,0.000128570253278897,1,2,,0,4.564456629367056e-09,0.6796618128043288,0.5178864355359755,0.30820629632178864,0.0,0.0,0.0,0.008427966527449933,0.009067931312676544,0.014328401795566983,0.003960936174168292,0.007818470580439685,1.0132851876189966,37.705763734727036,0.0,0.36610886789133495,0.6796618128043288,0.5178864355359755,0.30820629632178864,0.009067931312676544,0.008427966527449933,0.014328401795566983,0.36610886789133495,0.0
53,1,8.233688358161069e-05,0.0001366822031924074,1,2,,0,1.2932342008095623e-09,0.6798418409953857,0.5186457267161202,0.3086924310919961,0.0,0.0,0.0,0.008448442562578772,0.009073967356212534,0.01429536140705098,0.004013187165829232,0.00780182886150609,1.0112450723774726,37.63716463942326,0.0,0.3657748986667555,0.6798418409953857,0.5186457267161202,0.3086924310919961,0.009073967356212534,0.008448442562578772,0.01429536140705098,0.3657748986667555,0.0
54,1,8.234659611561023e-05,0.0001387475031016507,1,2,,0,1.2274937391395169e-10,0.6799326378399762,0.5188435065846246,0.30880595004525185,0.0,0.0,0.0,0.008452208020910039,0.009074502527169752,0.014286035181282197,0.004024632142669413,0.007797447605801803,1.0106703374883785,37.613647535002904,0.0,0.36568852073408525,0.6799326378399762,0.5188435065846246,0.30880595004525185,0.009074502527169752,0.008452208020910039,0.014286035181282197,0.36568852073408525,0.0
55,1,8.226065202954577e-05,0.0001352732996860437,1,2,,0,7.709932421070563e-10,0.679941497539377,0.5185292977157965,0.30857900172670255,0.0,0.0,0.0,0.008440585718537601,0.00906976581999479,0.014298258402839917,0.0039986905617775854,0.007804253618291423,1.0114332600396632,37.63131485791235,0.0,0.3658281797471123,0.679941497539377,0.5185292977157965,0.30857900172670255,0.00906976581999479,0.008440585718537601,0.014298258402839917,0.3658281797471123,0.0
56,1,8.209803198434138e-05,0.00012696335518075542,1,2,,0,2.7131829944736167e-09,0.6798838623425006,0.517769470176952,0.3080554488360693,0.0,0.0,0.0,0.008415703532040785,0.009060796432121262,0.014329326064925258,0.003940267335318677,0.00782082362559898,1.01336084158423,37.684582832634604,0.0,0.3661646428394221,0.6798838623425006,0.517769470176952,0.3080554488360693,0.009060796432121262,0.008415703532040785,0.014329326064925258,0.3661646428394221,0.0
57,1,8.188674418003116e-05,0.0001146885285528257,1,2,,0,5.305357411302186e-09,0.6797798886022555,0.5166429552019566,0.307287740564844,0.0,0.0,0.0,0.008380240052918464,0.00904912947084034,0.014376100181177028,0.003855346831064881,0.007845471452038344,1.0162466072522645,37.766662724133546,0.0,0.36666301148918395,0.6797798886022555,0.5166429552019566,0.307287740564844,0.00904912947084034,0.008380240052918464,0.014376100181177028,0.36666301148918395,0.0
58,1,8.165775128773728e-05,9.948796479722593e-05,1,2,,0,7.988823561664903e-09,0.6796510383909177,0.5152370299500795,0.3063338136837365,0.0,0.0,0.0,0.008337167163797952,0.009036467854628671,0.014435106341041597,0.0037505988405591942,0.007876332538740868,1.0198621542960378,37.870040179141505,0.0,0.3672847053393467,0.6796510383909177,0.5152370299500795,0.3063338136837365,0.009036467854628671,0.008337167163797952,0.014435106341041597,0.3672847053393467,0.0
59,1,8.144675051510356e-05,8.248176110793614e-05,1,3,,0,4.516289871351691e-12,0.6795741476700162,0.5136410232775058,0.30525411204330816,0.0,0.0,0.0,0.008289926732145838,0.009024785344544409,0.014503026855190594,0.0036333810641052794,0.007911434563063669,1.023968253459565,37.98712619206154,0.0,0.3679893790649944,0.6795741476700162,0.5136410232775058,0.30525411204330816,0.009024785344544409,0.008289926732145838,0.014503026855190594,0.3679893790649944,0.0
60,1,8.126208880887296e-05,6.556112915483256e-05,1,3,,0,6.261887184100719e-12,0.6794581852742131,0.5119511603420678,0.30410925017574747,0.0,0.0,0.0,0.008240614228156785,0.00901454873018461,0.014575293563121879,0.0035098862830346502,0.007948808561707335,1.0283243303842506,38.109904990270685,0.0,0.36873642635021714,0.6794581852742131,0.5119511603420678,0.30410925017574747,0.00901454873018461,0.008240614228156785,0.014575293563121879,0.36873642635021714,0.0
61,1,8.112189139578441e-05,5.093076025296501e-05,1,3,,0,6.87747824300944e-12,0.6793573002361971,0.5102541326799666,0.3029565589860251,0.0,0.0,0.0,0.008192066468116252,0.009006769198540862,0.01464842761942237,0.003386827574004232,0.007986537614368672,1.0327011434008533,38.231341683321716,0.0,0.36948729480338455,0.6793573002361971,0.5102541326799666,0.3029565589860251,0.009006769198540862,0.008192066468116252,0.01464842761942237,0.36948729480338455,0.0
62,1,8.102914742291875e-05,4.1973055449434804e-05,1,3,,0,6.305707793918238e-12,0.6792770864208935,0.5086307054102618,0.3018482551161947,0.0,0.0,0.0,0.008146354113244046,0.009001619155625211,0.014718871739718328,0.003269830387723899,0.008022856266381686,1.0368890661525687,38.34506919540279,0.0,0.37020672537541044,0.6792770864208935,0.5086307054102618,0.3018482551161947,0.009001619155625211,0.008146354113244046,0.014718871739718328,0.37020672537541044,0.0
63,1,8.097842164247186e-05,4.148178317294257e-05,1,3,,0,4.8273055278968e-12,0.6792192076188828,0.5071511662032488,0.30082959851040453,0.0,0.0,0.0,0.008105050331251749,0.008998801122509146,0.014783448269351334,0.003163482977054782,0.00805620900159495,1.0407056810548432,38.4457336576264,0.0,0.37086403527495826,0.6792192076188828,0.5071511662032488,0.30082959851040453,0.008998801122509146,0.008105050331251749,0.014783448269351334,0.37086403527495826,0.0
64,1,8.095820302038602e-05,4.766825580631586e-05,1,3,,0,3.0260984115198302e-12,0.6791821716521057,0.5058728338300363,0.2999374817718431,0.0,0.0,0.0,0.008069231443649716,0.008997677645947649,0.014839498805762187,0.0030711900547872612,0.008085306318705618,1.0440019366445985,38.52914234279373,0.0,0.37143412875841975,0.6791821716521057,0.5058728338300363,0.2999374817718431,0.008997677645947649,0.008069231443649716,0.014839498805762187,0.37143412875841975,0.0
65,1,8.095052286042296e-05,5.6056600711358166e-05,1,2,,0,8.020806184579971e-09,0.6791380261902508,0.504838017122508,0.2991994904658359,0.0,0.0,0.0,0.008039301650600562,0.008997250850144335,0.01488487367841244,0.002994962298276929,0.00810918587526968,1.0466665064583502,38.59214091681996,0.0,0.3718981959752945,0.6791380261902508,0.504838017122508,0.2991994904658359,0.008997250850144335,0.008039301650600562,0.01488487367841244,0.3718981959752945,0.0
66,1,8.094883300246074e-05,6.385674690331961e-05,1,2,,0,5.697355809074531e-09,0.6791415788700065,0.5040732051698305,0.2986332512573113,0.0,0.0,0.0,0.00801602251712069,0.008997156939970578,0.0149185190993326,0.0029363364376571977,0.008127157440104964,1.0486287143153827,38.63359403918438,0.0,0.3722442148545365,0.6791415788700065,0.5040732051698305,0.2986332512573113,0.008997156939970578,0.00801602251712069,0.0149185190993326,0.3722442148545365,0.0
67,1,8.093654513903667e-05,6.953287943446546e-05,1,2,,0,3.843103669115411e-09,0.6791508505083187,0.5035906802520078,0.2982470033843538,0.0,0.0,0.0,0.007999047045266626,0.00899647403925764,0.014939645101101812,0.0028952057763105086,0.00813893709302073,1.049856047878196,38.65258523596927,0.0,0.372466595272803,0.6791508505083187,0.5035906802520078,0.2982470033843538,0.00899647403925764,0.007999047045266626,0.014939645101101812,0.372466595272803,0.0
68,1,8.090573520383943e-05,7.251174312784332e-05,1,2,,0,2.2912945431671366e-09,0.6791615845041461,0.5033878599147117,0.29803976620705197,0.0,0.0,0.0,0.007988110181013674,0.008994761542355607,0.014948256461328111,0.0028710247859146058,0.008144536204586817,1.0503537877930988,38.64963040728777,0.0,0.3725660914683494,0.6791615845041461,0.5033878599147117,0.29803976620705197,0.008994761542355607,0.007988110181013674,0.014948256461328111,0.3725660914683494,0.0
69,1,8.085365635640048e-05,7.269973797204146e-05,1,2,,0,1.1285405581725987e-09,0.6791717486597769,0.5034488915011347,0.2980022570843209,0.0,0.0,0.0,0.007982801355728732,0.008991866122023864,0.014945015151161855,0.0028627072766607125,0.008144267524398187,1.050161284447826,38.62615618429493,0.0,0.3725491783255049,0.6791717486597769,0.5034488915011347,0.2980022570843209,0.008991866122023864,0.007982801355728732,0.014945015151161855,0.3725491783255049,0.0
70,1,8.078209633222554e-05,7.03082632448015e-05,1,2,,0,5.348194024544971e-10,0.6791811491290013,0.5037470371065785,0.29811815323665003,0.0,0.0,0.0,0.007982592826748415,0.008987886088075745,0.014931108215995869,0.002868752311638479,0.008138697901240308,1.0493465589738458,38.58434533316061,0.0,0.37242717594972957,0.6791811491290013,0.5037470371065785,0.29811815323665003,0.008987886088075745,0.007982592826748415,0.014931108215995869,0.37242717594972957,0.0
71,1,8.06961887911632e-05,6.576305204087129e-05,1,2,,0,7.869540549801716e-10,0.6791909139988315,0.5042472453243795,0.2983655970275114,0.0,0.0,0.0,0.007986856162878336,0.00898310574306922,0.01490812714525737,0.0028873170844494517,0.00812859358185299,1.0479999531399469,38.52694899922442,0.0,0.3722151971975423,0.6791909139988315,0.5042472453243795,0.2983655970275114,0.00898310574306922,0.007986856162878336,0.01490812714525737,0.3722151971975423,0.0
72,1,8.060283974398668e-05,5.964950270012718e-05,1,2,,0,1.1988272340230133e-09,0.6792027919224628,0.5049088863950458,0.2987188369105784,0.0,0.0,0.0,0.007994869875539518,0.008977908428135513,0.014877936501331486,0.0029162631084258257,0.008114859549288096,1.0462272347010908,38.457095933074655,0.0,0.37193099891230763,0.6792027919224628,0.5049088863950458,0.2987188369105784,0.008977908428135513,0.007994869875539518,0.014877936501331486,0.37193099891230763,0.0
73,1,8.050914523513642e-05,5.268049771062351e-05,1,2,,0,1.5301051460987467e-09,0.6792184517881799,0.5056884565527394,0.29914989708500184,0.0,0.0,0.0,0.00800582830098124,0.008972688852018464,0.014842542293966076,0.002953206368657507,0.008098477690818192,1.0441426430546743,38.37810799837276,0.0,0.37159381659489243,0.6792184517881799,0.5056884565527394,0.29914989708500184,0.008972688852018464,0.00800582830098124,0.014842542293966076,0.37159381659489243,0.0
74,1,8.0421100968955e-05,4.568160106680637e-05,1,2,,0,1.7537449103344406e-09,0.6792389333095104,0.5065420923751079,0.2996301784317369,0.0,0.0,0.0,0.00801885916284692,0.008967781273478687,0.014803969058494952,0.0029955926872839733,0.008080448038595662,1.041862298948986,38.29332911743523,0.0,0.37122325399638845,0.6792389333095104,0.5065420923751079,0.2996301784317369,0.008967781273478687,0.00801885916284692,0.014803969058494952,0.37122325399638845,0.0
75,1,8.034278215051815e-05,3.9571754617483116e-05,1,2,,0,1.859631513537308e-09,0.6792643358595044,0.5074277776635541,0.30013190953071966,0.0,0.0,0.0,0.008033052744232343,0.008963413532272075,0.014764152564974585,0.003040803117377293,0.008061736465230274,1.0394983157028233,38.20597276087511,0.0,0.37083828565756466,0.6792643358595044,0.5074277776635541,0.30013190953071966,0.008963413532272075,0.008033052744232343,0.014764152564974585,0.37083828565756466,0.0
76,1,8.027604117135456e-05,3.5257891855986216e-05,1,2,,0,1.8503281004199842e-09,0.6792937652732886,0.5083071666729537,0.3006293867564712,0.0,0.0,0.0,0.008047501178290797,0.008959689792138709,0.014724852777338239,0.003086279707812087,0.008043231157878066,1.0371538500228459,38.118991649179335,0.0,0.37045641421122316,0.6792937652732886,0.5083071666729537,0.3006293867564712,0.008959689792138709,0.008047501178290797,0.014724852777338239,0.37045641421122316,0.0
77,1,8.022066213774576e-05,3.331772830149789e-05,1,2,,0,1.7424252483580189e-09,0.6793255019263631,0.509146984264587,0.30109996395463173,0.0,0.0,0.0,0.008061343286510798,0.008956598804107827,0.014687589341940003,0.0031296545267723835,0.00802570911734606,1.034919231542078,38.03497239591114,0.0,0.3700930076062519,0.6793255019263631,0.509146984264587,0.30109996395463173,0.008956598804107827,0.008061343286510798,0.014687589341940003,0.3700930076062519,0.0
78,1,8.017484143677081e-05,3.360634410655151e-05,1,2,,0,1.559345925655141e-09,0.6793573175311945,0.5099199941939248,0.301524772804322,0.0,0.0,0.0,0.008073809102022534,0.008954040508997646,0.01465359973737263,0.0031688647261472226,0.008009812972303437,1.0328692211123336,37.95605708543866,0.0,0.36976082608763705,0.6793573175311945,0.5099199941939248,0.301524772804322,0.008954040508997646,0.008073809102022534,0.01465359973737263,0.36976082608763705,0.0
79,1,8.013583598143721e-05,3.5315597117361744e-05,1,2,,0,1.321495495319921e-09,0.6793868549217796,0.5106055509186365,0.30188917310374214,0.0,0.0,0.0,0.008084258509705011,0.008951862151610536,0.01462381846309544,0.003202241066338785,0.007996037646013095,1.03106137413812,37.883892964796736,0.0,0.3694697359110441,0.6793868549217796,0.5106055509186365,0.30188917310374214,0.008951862151610536,0.008084258509705011,0.01462381846309544,0.3694697359110441,0.0
80,1,8.010062904078311e-05,3.7492079828732606e-05,1,2,,0,1.0437472677060622e-09,0.6794119912364839,0.5111897681841737,0.3021829469713651,0.0,0.0,0.0,0.008092209779331226,0.008949895476528377,0.01459887442809974,0.0032285635265885244,0.007984725892750368,1.0295354290786942,37.81961040337605,0.0,0.36922659690628884,0.6794119912364839,0.5111897681841737,0.3021829469713651,0.008949895476528377,0.008092209779331226,0.01459887442809974,0.36922659690628884,0.0
81,1,8.006649610603631e-05,3.941286260120038e-05,1,2,,0,7.551178993550655e-10,0.6787971616400216,0.5116653496833158,0.3024002619950493,0.0,0.0,0.0,0.008097355575480253,0.008947988383208615,0.014579103076678456,0.0032470831455974365,0.00797607142039594,1.0283136025409727,37.76382805621677,0.0,0.36903530416549823,0.6787971616400216,0.5116653496833158,0.3024002619950493,0.008947988383208615,0.008097355575480253,0.014579103076678456,0.36903530416549823,0.0
82,1,8.003139758134515e-05,4.06500239323758e-05,1,2,,0,5.822286205907779e-10,0.6778598553213199,0.5120311340942156,0.302539435784692,0.0,0.0,0.0,0.008099565831589807,0.008946026915974774,0.014564569705879046,0.0032575130852163098,0.007970128196378889,1.0274016493779325,37.716682880479425,0.0,0.3688969600213513,0.6778598553213199,0.5120311340942156,0.302539435784692,0.008946026915974774,0.008099565831589807,0.014564569705879046,0.3688969600213513,0.0
83,1,7.999417053007656e-05,4.100936515647721e-05,1,2,,0,7.678087389943537e-10,0.6768369586207824,0.5122914099071217,0.3026025385855769,0.0,0.0,0.0,0.008098878387292336,0.008943946026786866,0.014555100750691085,0.003259994040053122,0.007966824547228406,1.0267905360948846,37.67788145399632,0.0,0.3688101506148842,0.6768369586207824,0.5122914099071217,0.3026025385855769,0.008943946026786866,0.008098878387292336,0.014555100750691085,0.3688101506148842,0.0
84,1,7.995453066221488e-05,4.0462984299925956e-05,1,2,,0,1.2265837190993436e-09,0.6757371924042295,0.5124550559740623,0.30259487215691816,0.0,0.0,0.0,0.008095479382379703,0.008941729735471481,0.014550320355126092,0.003255039936415639,0.007965980758515196,1.0264585753422277,37.64676805730958,0.0,0.3687713011786231,0.6757371924042295,0.5124550559740623,0.30259487215691816,0.008941729735471481,0.008095479382379703,0.014550320355126092,0.3687713011786231,0.0
85,1,7.991292390204977e-05,3.910182547341998e-05,1,2,,0,1.7792680471935249e-09,0.6745736602868763,0.5125345629431808,0.3025243626512589,0.0,0.0,0.0,0.008089676064633199,0.008939402882857992,0.014549690129982976,0.003243469875879646,0.00796732901966002,1.0263738750194549,37.6224042833236,0.0,0.3687750851424219,0.6745736602868763,0.5125345629431808,0.3025243626512589,0.008939402882857992,0.008089676064633199,0.014549690129982976,0.3687750851424219,0.0
86,1,7.987028272848706e-05,3.710479441209507e-05,1,2,,0,2.340341424777612e-09,0.673363138999938,0.5125449896560688,0.30240090337200404,0.0,0.0,0.0,0.008081864950861729,0.008937017552208737,0.014552550483621269,0.00322633188993862,0.007970534704414426,1.0264969646418372,37.60365456406391,0.0,0.3688148638401307,0.673363138999938,0.5125449896560688,0.30240090337200404,0.008937017552208737,0.008081864950861729,0.014552550483621269,0.3688148638401307,0.0
87,1,7.982774661291423e-05,3.471716770045207e-05,1,2,,0,2.8538534046296917e-09,0.6721252257123311,0.5125029076302894,0.30223568058834327,0.0,0.0,0.0,0.008072498251666867,0.008934637463988912,0.014558162225744322,0.003204823541561793,0.007975218110336147,1.0267834720183753,37.589271964319174,0.0,0.3688831355930842,0.6721252257123311,0.5125029076302894,0.30223568058834327,0.008934637463988912,0.008072498251666867,0.014558162225744322,0.3688831355930842,0.0
88,1,7.978640021040752e-05,3.22309880030754e-05,1,2,,0,3.2758534019927425e-09,0.6708813309633733,0.5124253856184865,0.30204051246751074,0.0,0.0,0.0,0.008062051201225608,0.00893232333776647,0.014565747275640658,0.003180213857459255,0.007980975885939354,1.0271867338626142,37.57797890546763,0.0,0.3689719750336899,0.6708813309633733,0.5124253856184865,0.30204051246751074,0.00893232333776647,0.008062051201225608,0.014565747275640658,0.3689719750336899,0.0
89,1,7.974707014153571e-05,2.9958479727412017e-05,1,2,,0,3.574110745529972e-09,0.6696535320008212,0.5123290638409119,0.3018272278841021,0.0,0.0,0.0,0.008050992485325587,0.008930121507657984,0.014574527297890967,0.003153770518987579,0.007987401447303559,1.0276602347311479,37.568538183581154,0.0,0.3690734456080547,0.6696535320008212,0.5123290638409119,0.3018272278841021,0.008930121507657984,0.008050992485325587,0.014574527297890967,0.3690734456080547,0.0
90,1,7.971020420271594e-05,2.8188111043893937e-05,1,2,,0,3.730371888543614e-09,0.6684633398069244,0.5122293621933717,0.30160710841684363,0.0,0.0,0.0,0.00803975938816978,0.008928057134825916,0.014583759017471496,0.0031266956363480707,0.007994103730434236,1.0281597807110463,37.55981076191594,0.0,0.3691799702992121,0.6684633398069244,0.5122293621933717,0.30160710841684363,0.008928057134825916,0.00803975938816978,0.014583759017471496,0.3691799702992121,0.0
91,1,7.967583869591029e-05,2.7121086554108007e-05,1,2,,0,3.741698929297383e-09,0.6673304745749363,0.5121398570070517,0.3013904130758081,0.0,0.0,0.0,0.008028738635254792,0.008926132348106334,0.014592764924732665,0.003100072717358421,0.008000723655723794,1.0286453292487696,37.550798316183055,0.0,0.36928464790248405,0.6673304745749363,0.5121398570070517,0.3013904130758081,0.008926132348106334,0.008028738635254792,0.014592764924732665,0.36928464790248405,0.0
92,1,7.964364318911262e-05,2.6812295235263408e-05,1,2,,0,3.619905645195095e-09,0.6662717746641976,0.512071846345187,0.3011860009253805,0.0,0.0,0.0,0.008018253258097012,0.008924328724846066,0.014600958154478762,0.0030748265776512312,0.008006947721662359,1.0290824160000909,37.540670234925656,0.0,0.3693815048874393,0.6662717746641976,0.512071846345187,0.3011860009253805,0.008924328724846066,0.008018253258097012,0.014600958154478762,0.3693815048874393,0.0
93,1,7.961301995342059e-05,2.7161136741736237e-05,1,2,,0,3.3889611571826096e-09,0.6653003684057863,0.5120341058851116,0.30100106152531986,0.0,0.0,0.0,0.008008555218748865,0.00892261284341199,0.01460786056747972,0.003051696938608977,0.008012518228185871,1.0294431440434795,37.52877642859808,0.0,0.36946567618393866,0.6653003684057863,0.5120341058851116,0.30100106152531986,0.00892261284341199,0.008008555218748865,0.01460786056747972,0.36946567618393866,0.0
94,1,7.95832293312265e-05,2.7968527631087056e-05,1,2,,0,3.0807947538212666e-09,0.6644252086695016,0.5120328196331849,0.3008409569891143,0.0,0.0,0.0,0.007999823079770148,0.008920943298285584,0.014613113480705008,0.0030312254094137106,0.008017239781866433,1.0297067288303459,37.51464851603278,0.0,0.36953351215501395,0.6644252086695016,0.5120328196331849,0.3008409569891143,0.008920943298285584,0.007999823079770148,0.014613113480705008,0.36953351215501395,0.0
95,1,7.955351286474639e-05,2.901973545001039e-05,1,2,,0,2.7303548133613083e-09,0.6636510119273444,0.512071656218002,0.3007091728225683,0.0,0.0,0.0,0.007992163739639662,0.00891927759769514,0.014616481028499493,0.0030137545934589504,0.00802098196037197,1.0298596206180055,37.497992467977696,0.0,0.3695826133361573,0.6636510119273444,0.512071656218002,0.3007091728225683,0.00891927759769514,0.007992163739639662,0.014616481028499493,0.3695826133361573,0.0
96,1,7.952319212299906e-05,3.0143968859539955e-05,1,2,,0,2.3709446292264304e-09,0.6629785744522976,0.5121519551246125,0.30060736827640067,0.0,0.0,0.0,0.007985617184317475,0.008917577704903897,0.014617846691473806,0.002999437348610251,0.008023678286378247,1.0298952508580093,37.478675572362974,0.0,0.3696117987642161,0.6629785744522976,0.5121519551246125,0.30060736827640067,0.008917577704903897,0.007985617184317475,0.014617846691473806,0.3696117987642161,0.0
97,1,7.94917305282901e-05,3.1237036949659985e-05,1,2,,0,2.030693907540792e-09,0.6624053806374564,0.5122729880251288,0.3005355115757619,0.0,0.0,0.0,0.007980163296107817,0.008915813509057381,0.014617203997161111,0.0029882538641203254,0.008025321931134958,1.029813466886572,37.45670988991747,0.0,0.3696210173303212,0.6624053806374564,0.5122729880251288,0.3005355115757619,0.008915813509057381,0.007980163296107817,0.014617203997161111,0.3696210173303212,0.0
98,1,7.945875535871858e-05,3.225867525391889e-05,1,2,,0,1.7305798382256016e-09,0.6619263880769563,0.5124322658650985,0.30049208175319475,0.0,0.0,0.0,0.00797572994359155,0.008913964065370613,0.014614642703163684,0.0029800341991815344,0.008025958781183505,1.0296197289463052,37.43223356568088,0.0,0.36961121411164816,0.6619263880769563,0.5124322658650985,0.30049208175319475,0.008913964065370613,0.00797572994359155,0.014614642703163684,0.36961121411164816,0.0
99,1,7.94240452008111e-05,3.32183403708357e-05,1,2,,0,1.4838797749397657e-09,0.6615348739373044,0.5126258692454326,0.30047431719152373,0.0,0.0,0.0,0.007972201780224326,0.008912016898593219,0.014610331898546138,0.0029744841732533486,0.008025678622989252,1.0293241456471005,37.40549075732472,0.0,0.36958416485304313,0.6615348739373044,0.5126258692454326,0.30047431719152373,0.008912016898593219,0.007972201780224326,0.014610331898546138,0.36958416485304313,0.0
100,1,7.938749318123987e-05,3.4157460938129264e-05,1,2,,0,1.296593302921182e-09,0.661223248884561,0.5128487854322294,0.30047849123803544,0.0,0.0,0.0,0.007969429352691534,0.008909965947254786,0.014604501427094713,0.0029712128735587657,0.008024605223339603,1.0289404201993713,37.376810652512475,0.0,0.3695422917408921,0.661223248884561,0.5128487854322294,0.30047849123803544,0.008909965947254786,0.007969429352691534,0.014604501427094713,0.3695422917408921,0.0
101,1,7.934905813254709e-05,3.513179968625869e-05,1,2,,0,1.16846352021979e-09,0.6609837755956718,0.513095239172631,0.300500196951446,0.0,0.0,0.0,0.007967238239770058,0.008907808828917866,0.014597422894055741,0.0029697604267487176,0.008022886026393812,1.0284847721198933,37.346586017669885,0.0,0.36948847259224615,0.6609837755956718,0.513095239172631,0.300500196951446,0.008907808828917866,0.007967238239770058,0.014597422894055741,0.36948847259224615,0.0
102,1,7.930871502069488e-05,3.619589516045147e-05,1,2,,0,1.0946760756924862e-09,0.6608091579795129,0.5133590067920383,0.3005346256610709,0.0,0.0,0.0,0.007965438008626976,0.008905544060903572,0.014589391314206224,0.002969624993790068,0.008020682080425437,1.027974889285295,37.31525181215075,0.0,0.3694258539040811,0.6608091579795129,0.5133590067920383,0.3005346256610709,0.008905544060903572,0.007965438008626976,0.014589391314206224,0.3694258539040811,0.0
103,1,7.926641340600773e-05,3.739115736680975e-05,1,2,,0,1.0684101517114566e-09,0.6606929890862793,0.5136337046628316,0.300576827075697,0.0,0.0,0.0,0.00796383080260829,0.008903168728380236,0.014580708230667375,0.0029702881699714637,0.008018158676637221,1.0274289543806523,37.28326448939513,0.0,0.36935767618502263,0.6606929890862793,0.5136337046628316,0.300576827075697,0.008903168728380236,0.00796383080260829,0.014580708230667375,0.36935767618502263,0.0
104,1,7.922204936911471e-05,3.8738836698938175e-05,1,2,,0,1.083636090629509e-09,0.660630059384627,0.5139130447822955,0.3006219418179317,0.0,0.0,0.0,0.007962219381636713,0.008900676905107539,0.014571666904856888,0.0029712381262610725,0.008015477049605974,1.0268647787694487,37.251082621060206,0.0,0.36928711787336077,0.660630059384627,0.5139130447822955,0.3006219418179317,0.008900676905107539,0.007962219381636713,0.014571666904856888,0.36928711787336077,0.0
105,1,7.917545298788242e-05,4.0238223151088275e-05,1,2,,0,1.136872458307229e-09,0.6606165344161229,0.5141910522008527,0.30066540023943417,0.0,0.0,0.0,0.007960414440263446,0.008898058944954367,0.014562539962721114,0.0029719899503372416,0.008012787366310906,1.0262990661689586,37.219149408169656,0.0,0.36921716210496663,0.6606165344161229,0.5141910522008527,0.30066540023943417,0.008898058944954367,0.007960414440263446,0.014562539962721114,0.36921716210496663,0.0
106,1,7.912639063345804e-05,4.1869266735768715e-05,1,2,,0,1.22716469790884e-09,0.6606500143607712,0.5144622413700032,0.3007030840487222,0.0,0.0,0.0,0.00795824104046566,0.008895301604412188,0.014553569689350199,0.0029721027665680624,0.00801022312432295,1.0257468186902554,37.18787750740389,0.0,0.3691504887450764,0.6606500143607712,0.5144622413700032,0.3007030840487222,0.008895301604412188,0.00795824104046566,0.014553569689350199,0.3691504887450764,0.0
107,1,7.907457934643279e-05,4.359793430849472e-05,1,2,,0,1.3546898616605583e-09,0.6607294899541152,0.5147217508931008,0.3007314495752085,0.0,0.0,0.0,0.007955544021088461,0.008892388843636606,0.014544960998470977,0.002971193349720428,0.008007896991600994,1.0252208891429837,37.15763643668603,0.0,0.36908939250554856,0.6607294899541152,0.5147217508931008,0.3007314495752085,0.008892388843636606,0.007955544021088461,0.014544960998470977,0.36908939250554856,0.0
108,1,7.90197094271922e-05,4.538243845799079e-05,1,2,,0,1.5189846361138317e-09,0.6608552108399269,0.5149654383569462,0.30074761336189615,0.0,0.0,0.0,0.007952192282395222,0.008889303090073608,0.01453687696832336,0.0029689460969693957,0.008005898050290715,1.0247316762744354,37.12874266664198,0.0,0.3690357266681683,0.6608552108399269,0.5149654383569462,0.30074761336189615,0.008889303090073608,0.007952192282395222,0.01453687696832336,0.3690357266681683,0.0
109,1,7.896147104224661e-05,4.717891362080087e-05,1,2,,0,1.7176263663169386e-09,0.6610284843272654,0.515189938631265,0.3007494022169594,0.0,0.0,0.0,0.007948081888004908,0.008886026729773358,0.014529436732545016,0.0029651193760963073,0.008004290353689152,1.0242869539723662,37.10145237821608,0.0,0.36899087093375926,0.6610284843272654,0.515189938631265,0.3007494022169594,0.008886026729773358,0.007948081888004908,0.014529436732545016,0.36899087093375926,0.0
110,1,7.889958093613652e-05,4.8945793326759625e-05,1,2,,0,1.945673764923699e-09,0.6612514244854397,0.5153926900797086,0.30073537087996316,0.0,0.0,0.0,0.007943137971986515,0.008882543607330984,0.01452271544368481,0.0029595484103999165,0.008003112667341683,1.0238918214535624,37.075956783642276,0.0,0.36895572120428644,0.6612514244854397,0.5153926900797086,0.30073537087996316,0.008882543607330984,0.007943137971986515,0.01452271544368481,0.36895572120428644,0.0
111,1,7.883380604191214e-05,5.0646718345271595e-05,1,2,,0,2.1957538875770984e-09,0.6615266729974845,0.515571933494033,0.3007047911142257,0.0,0.0,0.0,0.007937315481430828,0.008878840354568391,0.014516745985878123,0.002952144980842778,0.008002379240083625,1.023548758997381,37.052379866978356,0.0,0.3689306986511194,0.6615266729974845,0.515571933494033,0.3007047911142257,0.008878840354568391,0.007937315481430828,0.014516745985878123,0.3689306986511194,0.0
112,1,7.87639817109309e-05,5.2252139880394615e-05,1,2,,0,2.458551008759837e-09,0.6618571135348191,0.5157266883388522,0.3006576163845014,0.0,0.0,0.0,0.00793059882184182,0.008874907419851258,0.014511522098449942,0.002942894316614555,0.008002081436699013,1.0232577726535932,37.0307783896159,0.0,0.36891577518409135,0.6618571135348191,0.5157266883388522,0.3006576163845014,0.008874907419851258,0.00793059882184182,0.014511522098449942,0.36891577518409135,0.0
113,1,7.869002327924888e-05,5.3739901631369204e-05,1,2,,0,2.7235037343067322e-09,0.6622456001088945,0.5158567102783543,0.3005944263917903,0.0,0.0,0.0,0.007923000503655672,0.008870739725594979,0.014507002578803918,0.0029318496055755856,0.008002190058783075,1.023016611252796,37.01114400765325,0.0,0.36891051236233513,0.6622456001088945,0.5158567102783543,0.3005944263917903,0.008870739725594979,0.007923000503655672,0.014507002578803918,0.36891051236233513,0.0
114,1,7.861193063799592e-05,5.5095078171555384e-05,1,2,,0,2.9795907749356386e-09,0.6626947167566706,0.515041260477614,0.30051635568845125,0.0,0.0,0.0,0.007914558913849604,0.008866336934608109,0.014503116255075702,0.0029191245891291824,0.008002658182513774,1.0228210396299393,36.99340734370231,0.0,0.3689141108282676,0.6626947167566706,0.515041260477614,0.30051635568845125,0.008866336934608109,0.007914558913849604,0.014503116255075702,0.3689141108282676,0.0
115,1,7.852978629729718e-05,5.6309294447854864e-05,1,2,,0,3.2161236639390875e-09,0.6632065813148347,0.5133925616186669,0.30042501045071224,0.0,0.0,0.0,0.007905335357857906,0.008861703351912496,0.014499767450583947,0.002904884717172846,0.008003424349646942,1.0226651529127981,36.977443833173254,0.0,0.3689254674564763,0.6632065813148347,0.5133925616186669,0.30042501045071224,0.008861703351912496,0.007905335357857906,0.014499767450583947,0.3689254674564763,0.0
116,1,7.844374807101561e-05,5.737969941679312e-05,1,2,,0,3.4234769613034707e-09,0.6637827005835653,0.5117006484616208,0.30032237728794253,0.0,0.0,0.0,0.00789541053407412,0.008856847524430778,0.014496841697524427,0.002889337333087121,0.00800441595958719,1.0225417177787661,36.96308112102722,0.0,0.3689432375576048,0.6637827005835653,0.5117006484616208,0.30032237728794253,0.008856847524430778,0.00789541053407412,0.014496841697524427,0.3689432375576048,0.0
117,1,7.835403792641311e-05,5.8307733471988545e-05,1,2,,0,3.593695120434087e-09,0.6644238786925691,0.5099740977948564,0.3002107277434015,0.0,0.0,0.0,0.007884880615289462,0.008851781624419635,0.01449421149221083,0.0028727213401135362,0.008005552724498335,1.0224425276036673,36.950107725412785,0.0,0.36896589964553483,0.6644238786925691,0.5099740977948564,0.3002107277434015,0.008851781624419635,0.007884880615289462,0.01449421149221083,0.36896589964553483,0.0
118,1,7.826092872286779e-05,5.909781332588491e-05,1,2,,0,3.7209297740847782e-09,0.6651301757230549,0.5082220066387545,0.3000925218955667,0.0,0.0,0.0,0.007873853117007994,0.00884652071284908,0.01449174191569657,0.0028552967711513288,0.008006750065017929,1.0223587593823422,36.93828262195313,0.0,0.3689918204587231,0.6651301757230549,0.5082220066387545,0.3000925218955667,0.00884652071284908,0.007873853117007994,0.01449174191569657,0.3689918204587231,0.0
119,1,7.816473051489852e-05,5.975605011999539e-05,1,2,,0,3.801681911885559e-09,0.6659009101313564,0.5064536797847905,0.29997031419604864,0.0,0.0,0.0,0.007862442730200455,0.008841081976483338,0.014489295970749617,0.002837334644915486,0.008007922340465228,1.0222813212403408,36.92734535100881,0.0,0.3690193181264717,0.6659009101313564,0.5064536797847905,0.29997031419604864,0.008841081976483338,0.007862442730200455,0.014489295970749617,0.3690193181264717,0.0
120,1,7.80657778500335e-05,6.0289106632684106e-05,1,2,,0,3.834846049416443e-09,0.6667346964668869,0.5046783458638089,0.29984666436827173,0.0,0.0,0.0,0.007850767284922863,0.008835484019001647,0.014486739509276793,0.0028191074430733614,0.00800898582403156,1.0222011803664832,36.917026221780915,0.0,0.36904672159483065,0.6667346964668869,0.5046783458638089,0.29984666436827173,0.008835484019001647,0.007850767284922863,0.014486739509276793,0.36904672159483065,0.0
121,1,7.796441910669862e-05,6.070328081814444e-05,1,2,,0,3.821573913357162e-09,0.6676295091870742,0.5029049078997555,0.2997240558314658,0.0,0.0,0.0,0.007838943991678882,0.008829746265136877,0.01448394564470132,0.0028008804863523407,0.008009861350117397,1.022109662362882,36.90705618817217,0.0,0.36907242468039003,0.6676295091870742,0.5029049078997555,0.2997240558314658,0.008829746265136877,0.007838943991678882,0.01448394564470132,0.36907242468039003,0.0
122,1,7.786100846022233e-05,6.100387384562432e-05,1,2,,0,3.7649906780547086e-09,0.6685827637541485,0.5011417322059285,0.2996048237044698,0.0,0.0,0.0,0.007827086080964817,0.008823888511320977,0.014480798563093816,0.0027829044245745254,0.008010476577672723,1.0219987143859965,36.897176002488045,0.0,0.3690949334052129,0.6685827637541485,0.5011417322059285,0.2996048237044698,0.008823888511320977,0.007827086080964817,0.014480798563093816,0.3690949334052129,0.0
123,1,7.775590060765851e-05,6.119486424741938e-05,1,2,,0,3.669806091186738e-09,0.6695914072790926,0.49939647769421514,0.2994910939888442,0.0,0.0,0.0,0.007815299930507912,0.008817930630689861,0.014477196666456398,0.002765408989068402,0.008010767830064413,1.0218611260477715,36.8871443100161,0.0,0.36911290557924353,0.6695914072790926,0.49939647769421514,0.2994910939888442,0.008817930630689861,0.007815299930507912,0.014477196666456398,0.36911290557924353,0.0
124,1,7.7649447986828e-05,6.127887161339686e-05,1,2,,0,3.5418661877347705e-09,0.6706520123980625,0.4976759661767615,0.29938473504347274,0.0,0.0,0.0,0.0078036827371039735,0.008811892418023952,0.014473055002339613,0.0027485980896299785,0.00801068148852564,1.0216907038243916,36.87674442294203,0.0,0.3691251819295966,0.6706520123980625,0.4976759661767615,0.29938473504347274,0.008811892418023952,0.0078036827371039735,0.014473055002339613,0.3691251819295966,0.0
125,1,7.754199993649586e-05,6.125736011282945e-05,1,2,,0,3.3876893645757803e-09,0.6717608695438794,0.4959860929978098,0.2992873219609374,0.0,0.0,0.0,0.0077923207583988,0.008805793543826466,0.01446830695615694,0.0027326462760332753,0.008010174932401174,1.0214823966115125,36.86578959750404,0.0,0.36913080841758994,0.6717608695438794,0.4959860929978098,0.2992873219609374,0.008805793543826466,0.0077923207583988,0.01446830695615694,0.36913080841758994,0.0
126,1,7.74339030855421e-05,6.113100931454765e-05,1,2,,0,3.2140248440753874e-09,0.6721380696791714,0.4943317762901003,0.29920011395963425,0.0,0.0,0.0,0.007781288121676945,0.008799653577587137,0.014462905205773664,0.0027176965294457385,0.008009217034839334,1.0212323719801095,36.85412672579913,0.0,0.36912904972075183,0.6721380696791714,0.4943317762901003,0.29920011395963425,0.008799653577587137,0.007781288121676945,0.014462905205773664,0.36912904972075183,0.0
127,1,7.732550222955025e-05,6.0900170062655076e-05,1,2,,0,3.0274631721699442e-09,0.6716646030243998,0.49271694226511514,0.29912404443508167,0.0,0.0,0.0,0.0077706461732190086,0.008793492038408304,0.014456821961339246,0.002703859304387437,0.008007788236859282,1.0209380445314058,36.84163843665166,0.0,0.3691193941746093,0.6716646030243998,0.49271694226511514,0.29912404443508167,0.008793492038408304,0.0077706461732190086,0.014456821961339246,0.3691193941746093,0.0
128,1,7.721714103501646e-05,6.0565326386245186e-05,1,2,,0,2.8341188581251654e-09,0.6711905723878714,0.4911445431959554,0.29905972288754257,0.0,0.0,0.0,0.007760443323770928,0.008787328435595,0.01445004853581325,0.0026912127081635297,0.008005880235380944,1.0205980594342496,36.828243673616704,0.0,0.3691015507552212,0.6711905723878714,0.4911445431959554,0.29905972288754257,0.008787328435595,0.007760443323770928,0.01445004853581325,0.3691015507552212,0.0
129,1,7.710916207300538e-05,6.012749804108739e-05,1,2,,0,2.6393956331795487e-09,0.6707169013819567,0.4896166041285856,0.2990074475761964,0.0,0.0,0.0,0.007750715333104452,0.008781182270799609,0.014442594312032788,0.002679803681718846,0.008003495331415209,1.020212235679531,36.81389687946807,0.0,0.36907543892758155,0.6707169013819567,0.4896166041285856,0.2990074475761964,0.008781182270799609,0.007750715333104452,0.014442594312032788,0.36907543892758155,0.0
130,1,7.700190588838236e-05,5.958853840546558e-05,1,2,,0,2.4478360649764653e-09,0.6702444387134641,0.488134293865609,0.2989672274540903,0.0,0.0,0.0,0.007741485968961951,0.008775072984789491,0.014434485189428307,0.002669650032241203,0.008000645492828787,1.0197814747483893,36.79858596387109,0.0,0.36904117237928963,0.6702444387134641,0.488134293865609,0.2989672274540903,0.008775072984789491,0.007741485968961951,0.014434485189428307,0.36904117237928963,0.0
131,1,7.68957090209791e-05,5.8951304919678725e-05,1,2,,0,2.2630502017246555e-09,0.6697739582210227,0.4866980154166627,0.2989388117202251,0.0,0.0,0.0,0.007732767971960811,0.008769019843801193,0.014425761606756831,0.0026607431615491297,0.007997351191694115,1.0193076412297117,36.78232926404441,0.0,0.3689990377983233,0.6697739582210227,0.4866980154166627,0.2989388117202251,0.008769019843801193,0.007732767971960811,0.014425761606756831,0.3689990377983233,0.0
132,1,7.679090108045583e-05,5.82197004684357e-05,1,2,,0,2.087712762363978e-09,0.6693061616295068,0.48530751091097246,0.2989217251885423,0.0,0.0,0.0,0.007724564257285456,0.008763041771009415,0.014416476245936413,0.0026530513331841483,0.00799364007912304,1.0187934224240376,36.76517172761481,0.0,0.3689494699364495,0.6693061616295068,0.48530751091097246,0.2989217251885423,0.008763041771009415,0.007724564257285456,0.014416476245936413,0.3689494699364495,0.0
133,1,7.668780111555962e-05,5.7398601469917534e-05,1,2,,0,1.923615299520966e-09,0.6688416835602957,0.4839619759272344,0.29891530761748814,0.0,0.0,0.0,0.007716869285305276,0.008757157136625997,0.01440669152598682,0.002646523323340596,0.007989545560715848,1.0182421741411143,36.74718055373964,0.0,0.36889302422669973,0.6688416835602957,0.4839619759272344,0.29891530761748814,0.008757157136625997,0.007716869285305276,0.01440669152598682,0.36889302422669973,0.0
134,1,7.658671360009982e-05,5.6493700482561484e-05,1,2,,0,1.7717586192837e-09,0.6683810982747429,0.4826601783138743,0.29891875516401534,0.0,0.0,0.0,0.0077096705359405915,0.008751383524911923,0.01439647699528192,0.002641092305087048,0.007985105333517699,1.0176577597586378,36.72844052443861,0.0,0.36883034819793303,0.6683810982747429,0.4826601783138743,0.29891875516401534,0.008751383524911923,0.0077096705359405915,0.01439647699528192,0.36883034819793303,0.0
135,1,7.648792438159904e-05,5.551129739535705e-05,1,2,,0,1.6324710007172501e-09,0.6679249275973562,0.4814005768417622,0.2989311622151683,0.0,0.0,0.0,0.0077029500252354015,0.00874573749786712,0.01438590672515399,0.002636679821241073,0.007980359940955044,1.0170443891951317,36.70904924468617,0.0,0.36876215285738556,0.6679249275973562,0.4814005768417622,0.2989311622151683,0.00874573749786712,0.0077029500252354015,0.01438590672515399,0.36876215285738556,0.0
136,1,7.639169691198145e-05,5.445807403336951e-05,1,2,,0,1.5055391608025802e-09,0.6674736494633134,0.4801814354374176,0.2989515619992716,0.0,0.0,0.0,0.007696685807019184,0.008740234373973128,0.014375056798931312,0.002633199708850039,0.007975351395998856,1.0164064638048165,36.689112488997516,0.0,0.3686891851005059,0.6674736494633134,0.4801814354374176,0.2989515619992716,0.008740234373973128,0.007696685807019184,0.014375056798931312,0.3686891851005059,0.0
137,1,7.629826901625268e-05,5.3340883143525006e-05,1,2,,0,1.3903409038985093e-09,0.6670277065593202,0.4790009292671299,0.2989789645761028,0.0,0.0,0.0,0.007690853407765297,0.00873488803684699,0.014364002978484978,0.0026305618479791674,0.007970121915193553,1.0157484323766959,36.66873982579573,0.0,0.3686122020645554,0.6670277065593202,0.4790009292671299,0.2989789645761028,0.00873488803684699,0.007690853407765297,0.014364002978484978,0.3686122020645554,0.0
138,1,7.620785037093203e-05,5.2166575437546756e-05,1,2,,0,1.2859707556116231e-09,0.6665875145729266,0.47785723955629866,0.29901239103915966,0.0,0.0,0.0,0.007685427148882599,0.008729710783922456,0.014352818616137514,0.0026286756199841066,0.007964712797648946,1.0150746624668059,36.64804066052786,0.0,0.36853194817723367,0.6665875145729266,0.47785723955629866,0.29901239103915966,0.008729710783922456,0.007685427148882599,0.014352818616137514,0.36853194817723367,0.0
139,1,7.6120620774797e-05,5.094187905956942e-05,1,2,,0,1.1913523652829017e-09,0.6661534696293723,0.47674863470593426,0.2990509030208388,0.0,0.0,0.0,0.007680381317800701,0.008724713220203687,0.01434157286420128,0.002627452976051885,0.007959163474056117,1.0143893302636422,36.62712080592202,0.0,0.36844913547280245,0.6661534696293723,0.47674863470593426,0.2990509030208388,0.008724713220203687,0.007680381317800701,0.01434157286420128,0.36844913547280245,0.0
140,1,7.603672921362927e-05,4.9673335953005795e-05,1,2,,0,1.1053338728366644e-09,0.6657259545713706,0.4756735359811755,0.29909362686088925,0.0,0.0,0.0,0.007675691157339416,0.008719904197502933,0.014330329218292677,0.002626811035592027,0.00795351074167285,1.013696331131744,36.606079654432854,0.0,0.36836442756428,0.6657259545713706,0.4756735359811755,0.29909362686088925,0.008719904197502933,0.007675691157339416,0.014330329218292677,0.36836442756428,0.0
141,1,7.595629365741146e-05,4.836729046099513e-05,1,2,,0,1.0267646602054255e-09,0.6653053438217468,0.47463056676694365,0.29913977206851183,0.0,0.0,0.0,0.007671333651864915,0.008715290795917912,0.01431914441463663,0.002626674155683455,0.007947788192398109,1.012999211941928,36.585007995141005,0.0,0.3682784274789477,0.6653053438217468,0.47463056676694365,0.29913977206851183,0.008715290795917912,0.007671333651864915,0.01431914441463663,0.3682784274789477,0.0
142,1,7.587940148765264e-05,4.702991820689342e-05,1,2,,0,9.54553799852228e-10,0.6648920066578006,0.4736185850879945,0.29918864396870953,0.0,0.0,0.0,0.007667288098370422,0.008710878341915506,0.01430806768645922,0.0026269754364704064,0.007942025832833443,1.0123011253176295,36.56398648630417,0.0,0.3681916693924097,0.6648920066578006,0.4736185850879945,0.29918864396870953,0.008710878341915506,0.007667288098370422,0.01430806768645922,0.3681916693924097,0.0
143,1,7.580611043460673e-05,4.566727862695581e-05,1,2,,0,8.877117583184464e-10,0.6644863088154467,0.47263669975181893,0.2992396506650907,0.0,0.0,0.0,0.007663536460493093,0.00870667045629997,0.014297140370738159,0.0026276576520892284,0.007936249887865305,1.0116048050374566,36.54308476639401,0.0,0.3681046141393591,0.6644863088154467,0.47263669975181893,0.2992396506650907,0.00870667045629997,0.007663536460493093,0.014297140370738159,0.3681046141393591,0.0
144,1,7.573644990599585e-05,4.428537281946177e-05,1,2,,0,8.253776689503673e-10,0.6640886124284059,0.4716842710739473,0.2992923046669515,0.0,0.0,0.0,0.007660063513128021,0.008702669125388822,0.014286395844396628,0.002628673621167509,0.007930482772989373,1.0109125610599297,36.52236116159526,0.0,0.36801764824149386,0.6640886124284059,0.4716842710739473,0.2992923046669515,0.008702669125388822,0.007660063513128021,0.014286395844396628,0.36801764824149386,0.0
145,1,7.567042260486072e-05,4.2890189571102256e-05,1,2,,0,7.668346299341615e-10,0.6636992743895492,0.4707608976705418,0.299346219712357,0.0,0.0,0.0,0.007656856794228247,0.008698874789584036,0.014275859758706056,0.0026299860539167885,0.007924743215468768,1.0102262919961107,36.50186292701426,0.0,0.3679310860779816,0.6636992743895492,0.4707608976705418,0.299346219712357,0.008698874789584036,0.007656856794228247,0.014275859758706056,0.3679310860779816,0.0
146,1,7.560800635781415e-05,4.148772608786854e-05,1,2,,0,7.115151959382171e-10,0.6633186432960176,0.46986639124028523,0.2994011034668338,0.0,0.0,0.0,0.007653906388118341,0.008695286444839764,0.014265550532339405,0.0026315669331910684,0.007919046500551882,1.009547512361751,36.48162694268295,0.0,0.367845174733703,0.6633186432960176,0.46986639124028523,0.2994011034668338,0.008695286444839764,0.007653906388118341,0.014265550532339405,0.367845174733703,0.0
147,1,7.554915609976903e-05,4.0083975370962e-05,1,2,,0,6.589988110193587e-10,0.6629470552044371,0.4690007415971544,0.29945674688643326,0.0,0.0,0.0,0.0076512045707929155,0.008691901753918358,0.014255480057244306,0.0026333965036438698,0.00791340481640252,1.0088773915990432,36.46168077410563,0.0,0.3677601009964372,0.6629470552044371,0.4690007415971544,0.29945674688643326,0.008691901753918358,0.0076512045707929155,0.014255480057244306,0.3677601009964372,0.0
148,1,7.549380598200454e-05,3.8684878442089534e-05,1,2,,0,6.09002490605239e-10,0.6625848284752998,0.4681640744509528,0.29951301110289213,0.0,0.0,0.0,0.0076487453519318415,0.008688717165497134,0.014245654567294957,0.0026354619555783976,0.007907827670101007,1.0082168016697277,36.44204400064566,0.0,0.3676759999365024,0.6625848284752998,0.4681640744509528,0.29951301110289213,0.008688717165497134,0.0076487453519318415,0.014245654567294957,0.3676759999365024,0.0
149,1,7.544187158380106e-05,3.72962457831762e-05,1,2,,0,5.613657446260052e-10,0.6622322580243313,0.46735660455930844,0.29956981271734984,0.0,0.0,0.0,0.007646523950575064,0.008685728039940064,0.014236075617512604,0.00263775589780723,0.007902322347006774,1.007566369981721,36.42272971337028,0.0,0.36759296449065404,0.6622322580243313,0.46735660455930844,0.29956981271734984,0.008685728039940064,0.007646523950575064,0.014236075617512604,0.36759296449065404,0.0
150,1,7.539325221262661e-05,3.592365751691402e-05,1,2,,0,5.160306901457668e-10,0.6618896093217888,0.466578586891565,0.29962710837875606,0.0,0.0,0.0,0.007644536241541766,0.00868292878081046,0.014226741121483885,0.0026402747166529876,0.007896894386844223,1.0069265345116567,36.40374608678803,0.0,0.36751105548498225,0.6618896093217888,0.466578586891565,0.29962710837875606,0.00868292878081046,0.007644536241541766,0.014226741121483885,0.36751105548498225,0.0
151,1,7.53478332747273e-05,3.45723552881601e-05,1,2,,0,4.730184079557826e-10,0.6615571124866336,0.46583026835322205,0.29968487947617994,0.0,0.0,0.0,0.007642778207864815,0.00868031297101247,0.01421764639639151,0.002643016916224015,0.007891548051960687,1.006297598211698,36.38509793574713,0.0,0.36743031156717904,0.6615571124866336,0.46583026835322205,0.29968487947617994,0.00868031297101247,0.007642778207864815,0.01421764639639151,0.36743031156717904,0.0
152,1,7.530548868928484e-05,3.324714003981894e-05,1,2,,0,4.3240285433097025e-10,0.6612349568110936,0.4651118424240862,0.29974311769442413,0.0,0.0,0.0,0.007641245430975015,0.008677873511943168,0.014208785168715805,0.0026459815286177255,0.007886286766161174,1.0056797801234103,36.366788179036256,0.0,0.36735075857415217,0.6612349568110936,0.4651118424240862,0.29974311769442413,0.008677873511943168,0.007641245430975015,0.014208785168715805,0.36735075857415217,0.0
153,1,7.526608330826927e-05,3.1952288771263244e-05,1,2,,0,3.942839218223808e-10,0.6609232860223858,0.46442340877337984,0.29980181207457235,0.0,0.0,0.0,0.007639932645439159,0.008675602763397438,0.014200150499023075,0.002649166672278095,0.007881113506169747,1.005073261042813,36.34881914420854,0.0,0.3672724179331828,0.6609232860223858,0.46442340877337984,0.29980181207457235,0.008675602763397438,0.007639932645439159,0.014200150499023075,0.3672724179331828,0.0
154,1,7.522947529409886e-05,3.069150015289088e-05,1,2,,0,3.587614683960849e-10,0.660622194543643,0.46376493954436726,0.29986093809141745,0.0,0.0,0.0,0.0076388333791222,0.008673492681388442,0.014191735591121019,0.002652568323082635,0.007876031131905117,1.0044782220649695,36.331193663032884,0.0,0.3671953137796889,0.660622194543643,0.46376493954436726,0.29986093809141745,0.008673492681388442,0.0076388333791222,0.014191735591121019,0.3671953137796889,0.0
155,1,7.519551840105975e-05,2.9467874132566804e-05,1,2,,0,3.25912254331712e-10,0.660331724958141,0.46313625356789057,0.2999204491151253,0.0,0.0,0.0,0.007637939693126182,0.00867153495069124,0.014183534458933581,0.002656179346714097,0.007871042646173106,1.0038948748573762,36.31391592291006,0.0,0.3671194785676915,0.660331724958141,0.46313625356789057,0.2999204491151253,0.00867153495069124,0.007637939693126182,0.014183534458933581,0.3671194785676915,0.0
156,1,7.516406410596187e-05,2.8283925265740172e-05,1,2,,0,2.9577161683239434e-10,0.6600518668127756,0.4625369992911155,0.29998027047266435,0.0,0.0,0.0,0.007637242029174443,0.008669721108891673,0.014175542433353528,0.002659988823441715,0.007866151378852432,1.003323483042247,36.29699205572499,0.0,0.3670449570454965,0.6600518668127756,0.4625369992911155,0.29998027047266435,0.008669721108891673,0.007637242029174443,0.014175542433353528,0.3670449570454965,0.0
157,1,7.513496353922687e-05,2.7141624413087137e-05,1,2,,0,2.6832141670292506e-10,0.6597825568231607,0.46196664672018584,0.30004029617339406,0.0,0.0,0.0,0.007636729165642148,0.008668042659056708,0.014167756500613943,0.002663981678595479,0.007861361094964247,1.002764374581927,36.280430461119614,0.0,0.36697180856401784,0.6597825568231607,0.46196664672018584,0.30004029617339406,0.008668042659056708,0.007636729165642148,0.014167756500613943,0.36697180856401784,0.0
158,1,7.510806917879854e-05,2.604245959065318e-05,1,2,,0,2.43485233104278e-10,0.6595236804680226,0.46142448820026416,0.30010038822052104,0.0,0.0,0.0,0.0076363882775148,0.008666491168794817,0.014160175472885636,0.0026681386147566805,0.0078566760299717,1.002217945534917,36.26424187534544,0.0,0.3669001077738948,0.6595236804680226,0.46142448820026416,0.30010038822052104,0.008666491168794817,0.0076363882775148,0.014160175472885636,0.3669001077738948,0.0
159,1,7.508323628421393e-05,2.498750478679355e-05,1,2,,0,2.2113095479143792e-10,0.6592750748898503,0.4609096474198058,0.3001603783029323,0.0,0.0,0.0,0.007636205090447694,0.008665058354345568,0.014152800000344655,0.002672436325926503,0.00785210085907837,1.0016846559611454,36.248439209082726,0.0,0.36682994384587003,0.6592750748898503,0.4609096474198058,0.3001603783029323,0.008665058354345568,0.007636205090447694,0.014152800000344655,0.36682994384587003,0.0
160,1,7.506032406460014e-05,2.397748574172344e-05,1,2,,0,2.0107996608528254e-10,0.6590365329561645,0.4604210956511122,0.3002200715560767,0.0,0.0,0.0,0.00763616411498833,0.008663736149294953,0.01414563244140055,0.002676847960457745,0.007847640610048924,1.0011650190877366,36.233037187435194,0.0,0.36676141841337095,0.6590365329561645,0.4604210956511122,0.3002200715560767,0.008663736149294953,0.00763616411498833,0.01414563244140055,0.36676141841337095,0.0
161,1,7.503919658989871e-05,2.3012833846347065e-05,1,2,,0,1.831211532974273e-10,0.65880780828514,0.45995767394490733,0.30027925200039324,0.0,0.0,0.0,0.007636248944023358,0.008662516758419501,0.014138676613737775,0.002681343788953086,0.007843300531071695,1.0006595850895612,36.21805183244274,0.0,0.3666946424843921,0.65880780828514,0.45995767394490733,0.30027925200039324,0.008662516758419501,0.007636248944023358,0.014138676613737775,0.3666946424843921,0.0
162,1,7.501972346735121e-05,2.2093722903041085e-05,1,2,,0,1.6702726719692846e-10,0.6585886210029822,0.45951811979498536,0.30033768921373727,0.0,0.0,0.0,0.007636442594664752,0.008661392697906682,0.014131937453034822,0.0026858920260365523,0.007839085926379285,1.000168920987084,36.20349983277182,0.0,0.36662973260028503,0.6585886210029822,0.45951811979498536,0.30033768921373727,0.008661392697906682,0.007636442594664752,0.014131937453034822,0.36662973260028503,0.0
163,1,7.500178031387422e-05,2.1220087703362984e-05,1,2,,0,1.5257098271370142e-10,0.6583786639795859,0.4591010966851822,0.3003951457709055,0.0,0.0,0.0,0.0076367278750736085,0.008660356823703872,0.014125420608555336,0.0026904597510512855,0.007835001972749509,0.9996935882182367,36.189397846798,0.0,0.3665668065317661,0.6583786639795859,0.4591010966851822,0.3003951457709055,0.008660356823703872,0.0076367278750736085,0.014125420608555336,0.3665668065317661,0.0
164,1,7.498524905899122e-05,2.0391627358415612e-05,1,2,,0,1.39538362980492e-10,0.6581776092842418,0.4587052249230922,0.30045138498740326,0.0,0.0,0.0,0.007637087757060116,0.008659402349988781,0.014119132005264661,0.0026950138722558444,0.007831053529678693,0.9992341194073726,36.175761784274265,0.0,0.366505978798286,0.6581776092842418,0.4587052249230922,0.30045138498740326,0.008659402349988781,0.007637087757060116,0.014119132005264661,0.366505978798286,0.0
165,1,7.497001811276816e-05,1.9607799322509675e-05,1,2,,0,1.2773829929519307e-10,0.6579851146123787,0.4583291122447128,0.30050617853314193,0.0,0.0,0.0,0.007637505736573559,0.008658522859747391,0.014113077400862902,0.002699522081697398,0.00782724495504642,0.998790995743539,36.16260610850283,0.0,0.3664473562777868,0.6579851146123787,0.4583291122447128,0.30050617853314193,0.008658522859747391,0.007637505736573559,0.014113077400862902,0.3664473562777868,0.0
166,1,7.495598242965971e-05,1.8867811582818285e-05,1,2,,0,1.170074783969264e-10,0.6578008294564884,0.4579713828281654,0.3005593135306737,0.0,0.0,0.0,0.007637966166253968,0.008657712309245422,0.014107261963395576,0.0027039537531867307,0.007823579936595795,0.9983646262065724,36.149943195809705,0.0,0.36639103414243285,0.6578008294564884,0.4579713828281654,0.3005593135306737,0.008657712309245422,0.007637966166253968,0.014107261963395576,0.36639103414243285,0.0
167,1,7.494304349353559e-05,1.8170620378892033e-05,1,2,,0,1.0721132180062388e-10,0.6576244008261377,0.45763070356576874,0.3006105988168763,0.0,0.0,0.0,0.007638454546875682,0.008656965027856794,0.01410168989123354,0.0027082807431059405,0.007820061347676807,0.9979553296592049,36.13778278262348,0.0,0.36633709231526135,0.6576244008261377,0.45763070356576874,0.3006105988168763,0.008656965027856794,0.007638454546875682,0.01410168989123354,0.36633709231526135,0.0
168,1,7.493110924275009e-05,1.7514939220801578e-05,1,2,,0,9.82418741613482e-11,0.6574554783606168,0.4573058066932798,0.30065987012135825,0.0,0.0,0.0,0.007638957767582017,0.008656275714344483,0.01409636409257932,0.0027124780625070806,0.007816691133587685,0.9975633205737932,36.12613152308674,0.0,0.36628559259617627,0.6574554783606168,0.4573058066932798,0.30065987012135825,0.008656275714344483,0.007638957767582017,0.01409636409257932,0.36628559259617627,0.0
169,1,7.492009394808658e-05,1.6899262329584178e-05,1,2,,0,9.001380336530665e-11,0.6572937187202168,0.4569955081440706,0.3007069939939457,0.0,0.0,0.0,0.007639464288092311,0.008655639430341734,0.014091285936622162,0.002716524398449813,0.007813470232642932,0.9971886989002959,36.11499267236235,0.0,0.36623657655657366,0.6572937187202168,0.4569955081440706,0.3007069939939457,0.008655639430341734,0.007639464288092311,0.014091285936622162,0.36623657655657366,0.0
170,1,7.490991805151957e-05,1.6321902529366392e-05,1,2,,0,8.245958709586583e-11,0.6571387891853236,0.4566987212669203,0.30075187039250506,0.0,0.0,0.0,0.007639964259367218,0.00865505159149959,0.014086455083383562,0.0027204024721518183,0.007810398533926167,0.996831444323284,36.10436590309611,0.0,0.3661900642531533,0.6571387891853236,0.4566987212669203,0.30075187039250506,0.00865505159149959,0.007639964259367218,0.014086455083383562,0.3661900642531533,0.0
171,1,7.490050797047848e-05,1.5781040721753152e-05,1,2,,0,7.552471109318718e-11,0.6569903704343076,0.45641446580339146,0.30079443391679367,0.0,0.0,0.0,0.007640449582375068,0.00865450795657838,0.014081869394461079,0.0027240992307362966,0.007807474871663415,0.9964914149135204,36.094247255254835,0.0,0.3661460537657301,0.6569903704343076,0.45641446580339146,0.30079443391679367,0.00865450795657838,0.007640449582375068,0.014081869394461079,0.3661460537657301,0.0
172,1,7.48917958706451e-05,1.527478191551273e-05,1,2,,0,6.916342754860088e-11,0.6568481585090755,0.4561418722523814,0.3008346537405713,0.0,0.0,0.0,0.007640913907460489,0.008654004614665116,0.014077524922532935,0.002727605877696916,0.0078046970543645495,0.9961683499646408,36.08462921310435,0.0,0.36610452152316914,0.6568481585090755,0.4561418722523814,0.3008346537405713,0.008654004614665116,0.007640913907460489,0.014077524922532935,0.36610452152316914,0.0
173,1,7.488371941006849e-05,1.4801211716861908e-05,1,2,,0,6.333535905028834e-11,0.6567118660101116,0.45588018194627483,0.3008725323503593,0.0,0.0,0.0,0.007641352579261831,0.008653537970683927,0.014073415973796868,0.0027309177543220647,0.007802061925391073,0.9958618766254681,36.07550089765673,0.0,0.366065423347444,0.6567118660101116,0.45588018194627483,0.3008725323503593,0.008653537970683927,0.007641352579261831,0.014073415973796868,0.366065423347444,0.0
174,1,7.487622145810276e-05,1.4358447301842313e-05,1,2,,0,5.800307271609491e-11,0.65658122258947,0.45562874331958597,0.3009081032434132,0.0,0.0,0.0,0.007641762534073264,0.00865310472940798,0.014069535234591675,0.0027340340899983475,0.007799565450456052,0.9955715197984212,36.06684835866219,0.0,0.36602869611914873,0.65658122258947,0.45562874331958597,0.3009081032434132,0.00865310472940798,0.007641762534073264,0.014069535234591675,0.36602869611914873,0.0
175,1,7.486924979383733e-05,1.3944678042911508e-05,1,2,,0,5.313056476420813e-11,0.6564559748303536,0.4553870049645966,0.3009414277689935,0.0,0.0,0.0,0.007642142157955677,0.00865270187824805,0.014065873951329947,0.002736957643440228,0.007797202826760442,0.9952967146762518,36.058654947219985,0.0,0.36599425994899476,0.6564559748303536,0.4553870049645966,0.3009414277689935,0.00865270187824805,0.007642142157955677,0.014065873951329947,0.36599425994899476,0.0
176,1,7.486275678990172e-05,1.3558192816865406e-05,1,2,,0,4.8682561229113086e-11,0.6563358856153121,0.4551545061393615,0.30097259131596193,0.0,0.0,0.0,0.0076424911147585615,0.008652326669162562,0.014062422151554132,0.0027396942594554944,0.00779496860801459,0.9950368212324613,36.05090174831901,0.0,0.36596202072878276,0.6563358856153121,0.4551545061393615,0.30097259131596193,0.008652326669162562,0.0076424911147585615,0.014062422151554132,0.36596202072878276,0.0
177,1,7.485669908835774e-05,1.3197393161642387e-05,1,2,,0,4.462443632183505e-11,0.6562207330920793,0.45493086542412514,0.30100169905681434,0.0,0.0,0.0,0.007642810153542298,0.008651976600081494,0.014059168893361704,0.002742252366933231,0.007792856839461631,0.9947911399628375,36.043568052041934,0.0,0.3659318729315877,0.6562207330920793,0.45493086542412514,0.30100169905681434,0.008651976600081494,0.007642810153542298,0.014059168893361704,0.3659318729315877,0.0
178,1,7.485103727571773e-05,1.2860793467719149e-05,1,2,,0,4.092256855574888e-11,0.6561103093474131,0.45471576821666015,0.3010288714547349,0.0,0.0,0.0,0.007643100904737447,0.008651649396254898,0.01405610253055529,0.002744642443476882,0.0077908611971749435,0.9945589281922492,36.03663184263951,0.0,0.3659037025336453,0.6561103093474131,0.45471576821666015,0.3010288714547349,0.008651649396254898,0.007643100904737447,0.01405610253055529,0.3659037025336453,0.0
179,1,7.484573556380648e-05,1.2547010961143031e-05,1,2,,0,3.754490336460763e-11,0.6560044188954175,0.45450895372071604,0.30105423972767986,0.0,0.0,0.0,0.0076433656738099575,0.008651342991917872,0.014053210981557233,0.0027468764706917105,0.007788975126299469,0.9943394163069145,36.030070286055306,0.0,0.36587738993868896,0.6560044188954175,0.45450895372071604,0.30105423972767986,0.008651342991917872,0.0076433656738099575,0.014053210981557233,0.36587738993868896,0.0
180,1,7.484076148234183e-05,1.2254749167477357e-05,1,2,,0,3.446156177070251e-11,0.6559028770788126,0.45431020202058076,0.30107794144371147,0.0,0.0,0.0,0.00764360724030167,0.008651055512614737,0.014050481991275673,0.0027489674017989875,0.007787191973497163,0.9941318233418345,36.02386019857052,0.0,0.3658528127981324,0.6559028770788126,0.45431020202058076,0.30107794144371147,0.008651055512614737,0.00764360724030167,0.014050481991275673,0.3658528127981324,0.0
181,1,7.483608558784958e-05,1.1982778784015801e-05,1,2,,0,3.164532425380681e-11,0.6558055084705411,0.45411932175516523,0.3011001163966583,0.0,0.0,0.0,0.007643828668971498,0.00865078525845195,0.014047903376601575,0.0027509286602243202,0.007785505109586236,0.9939353714395672,36.017978481855444,0.0,0.3658298486363547,0.6558055084705411,0.45411932175516523,0.3011001163966583,0.00865078525845195,0.007643828668971498,0.014047903376601575,0.3658298486363547,0.0
182,1,7.483168119207284e-05,1.1729919503360355e-05,1,2,,0,2.907190746015818e-11,0.6557121453496916,0.4539361388130381,0.30112090288259336,0.0,0.0,0.0,0.0076440331384619985,0.00865053068846489,0.014045463247941405,0.002752773684332014,0.007783908039181553,0.9937492987938551,36.01240251266079,0.0,0.36580837720826015,0.6557121453496916,0.4539361388130381,0.30112090288259336,0.00865053068846489,0.0076440331384619985,0.014045463247941405,0.36580837720826015,0.0
183,1,7.482752411154379e-05,1.1495025484536689e-05,1,2,,0,2.671999922065394e-11,0.6556226263108162,0.4537604863716779,0.3011404344673371,0.0,0.0,0.0,0.0076442237915424266,0.008650290406196996,0.014043150201034449,0.002754515529773948,0.007782394494999813,0.9935728707938619,36.00711047848575,0.0,0.36578828253516626,0.6556226263108162,0.4537604863716779,0.3011404344673371,0.008650290406196996,0.0076442237915424266,0.014043150201034449,0.36578828253516626,0.0
184,1,7.482359243866572e-05,1.1276976068044272e-05,1,2,,0,2.4571057126262214e-11,0.655536795050764,0.4535921965048761,0.30115883730483084,0.0,0.0,0.0,0.007644403609608455,0.008650063146513193,0.014040953475173224,0.002756166537192746,0.007780958515345716,0.9934053891867848,36.002081653654784,0.0,0.36576945458393945,0.655536795050764,0.4535921965048761,0.30115883730483084,0.008650063146513193,0.007644403609608455,0.014040953475173224,0.36576945458393945,0.0
185,1,7.481986633357922e-05,1.1074672193489214e-05,1,2,,0,2.260893639519624e-11,0.6554544993619787,0.45343109348657923,0.3011762280371469,0.0,0.0,0.0,0.0076445753128126835,0.008649847763607128,0.014038863075748649,0.0027577380694370802,0.0077795945041055125,0.9932461991736907,35.99729661318178,0.0,0.36575179057230645,0.6554544993619787,0.45343109348657923,0.3011762280371469,0.008649847763607128,0.0076445753128126835,0.014038863075748649,0.36575179057230645,0.0
186,1,7.48163278353344e-05,1.0887037988446865e-05,1,2,,0,2.0819415374856725e-11,0.6553755903473235,0.45327698883114625,0.30119271228022976,0.0,0.0,0.0,0.007644741286010397,0.008649643220118065,0.014036869860710089,0.0027592403191544447,0.00777829727331285,0.9930946944420775,35.99273738448872,0.0,0.36573519589973796,0.6553755903473235,0.45327698883114625,0.30119271228022976,0.008649643220118065,0.007644741286010397,0.014036869860710089,0.36573519589973796,0.0
187,1,7.481296069049364e-05,1.0713026282224226e-05,1,2,,0,1.9189705760523618e-11,0.6552999218588299,0.4531296780319105,0.3012083836760536,0.0,0.0,0.0,0.007644903529668829,0.008649448577250092,0.014034965592008682,0.0027606821847283884,0.007777062068996048,0.9929503202160841,35.98838753939429,0.0,0.36571958471771293,0.6552999218588299,0.4531296780319105,0.3012083836760536,0.008649448577250092,0.007644903529668829,0.014034965592008682,0.36571958471771293,0.0
188,1,7.480975019714262e-05,1.055162642005629e-05,1,2,,0,1.7708003727033142e-11,0.655227350151757,0.45298893889418007,0.30122332347230774,0.0,0.0,0.0,0.007645063634028296,0.00864926298577761,0.014033142954335963,0.0027620712100988906,0.007775884581549713,0.9928125744695515,35.98423223073463,0.0,0.36570488016517505,0.655227350151757,0.45298893889418007,0.30122332347230774,0.00864926298577761,0.007645063634028296,0.014033142954335963,0.36570488016517505,0.0
189,1,7.480668306241898e-05,1.0401872703643732e-05,1,2,,0,1.6363143472004028e-11,0.6551577337366962,0.45285453130647274,0.30123760057531945,0.0,0.0,0.0,0.0076452227741339645,0.008649085677828551,0.014031395544463303,0.0027634135820846636,0.0077747609422899,0.9926810074973378,35.98025817949736,0.0,0.3656910143043948,0.6551577337366962,0.45285453130647274,0.30123760057531945,0.008649085677828551,0.0076452227741339645,0.014031395544463303,0.3656910143043948,0.0
190,1,7.480374727189826e-05,1.0262852004329616e-05,1,2,,0,1.5144369458012966e-11,0.6550909334054039,0.4527261982552846,0.30125127201078167,0.0,0.0,0.0,0.007645381722876172,0.00864891595934995,0.014029717835210998,0.002764714177428692,0.007773687708148135,0.9925552200761678,35.97645361943687,0.0,0.3656779277991979,0.6550909334054039,0.4527261982552846,0.30125127201078167,0.00864891595934995,0.007645381722876172,0.014029717835210998,0.3656779277991979,0.0
191,1,7.480093196951931e-05,1.0133709493600526e-05,1,2,,0,1.4041222907602175e-11,0.6550268124015656,0.4526036678638183,0.30126438371985576,0.0,0.0,0.0,0.007645540878880931,0.008648753203180174,0.014028105118544118,0.0027659766508990468,0.0077726618366397255,0.9924348604682379,35.972808206800245,0.0,0.36566556938169437,0.6550268124015656,0.4526036678638183,0.30126438371985576,0.008648753203180174,0.007645540878880931,0.014028105118544118,0.36566556938169437,0.0
192,1,7.479822734705543e-05,1.0013651910481625e-05,1,2,,0,1.3043543543506667e-11,0.6549652367047886,0.4524866562228736,0.3012769716151019,0.0,0.0,0.0,0.007645700305963624,0.008648596842670806,0.014026553432510476,0.0027672035553629446,0.007771680653314051,0.9923196205298528,35.969312903070055,0.0,0.3656538951554157,0.6549652367047886,0.4524866562228736,0.3012769716151019,0.008648596842670806,0.007645700305963624,0.014026553432510476,0.3656538951554157,0.0
193,1,7.479562454242543e-05,9.901948246433503e-06,1,2,,0,1.214152956992105e-11,0.6549060753954316,0.452374870781396,0.3012890628210281,0.0,0.0,0.0,0.0076458597808797026,0.008648446365817703,0.014025059476736225,0.0027683964847621356,0.0077707418138706985,0.9922092311848572,35.96595983855197,0.0,0.3656428677823973,0.6549060753954316,0.452374870781396,0.3012890628210281,0.008648446365817703,0.0076458597808797026,0.014025059476736225,0.3656428677823973,0.0
194,1,7.479311554635647e-05,9.797928106647638e-06,1,2,,0,1.1325843266042238e-11,0.6548492010684233,0.4522680140732186,0.3013006770273459,0.0,0.0,0.0,0.007646018846253617,0.008648301309873313,0.014023620521002074,0.0027695562312922543,0.007769843263019995,0.9921034575103909,35.96274216427046,0.0,0.3656324555995521,0.6548492010684233,0.4522680140732186,0.3013006770273459,0.008648301309873313,0.007646018846253617,0.014023620521002074,0.3656324555995521,0.0
195,1,7.47906931170356e-05,9.70097826377735e-06,1,2,,0,1.0587727799254945e-11,0.6547944902663086,0.45216578757363196,0.3013118278887298,0.0,0.0,0.0,0.00764617686581609,0.008648161256419517,0.014022234311074803,0.0027706829487589174,0.007768983191995018,0.992002093662248,35.95965389902428,0.0,0.365622631706005,0.6547944902663086,0.45216578757363196,0.3013118278887298,0.008648161256419517,0.00764617686581609,0.014022234311074803,0.365622631706005,0.0
196,1,7.47883507024507e-05,9.610538045080653e-06,1,2,,0,9.919093238923586e-12,0.654741823904867,0.4520678955026276,0.30132252441239366,0.0,0.0,0.0,0.00764633307940615,0.008648025826883884,0.014020898975502879,0.0027717763149792273,0.0077681599964008995,0.9919049578409045,35.95668977766456,0.0,0.3656133730582715,0.654741823904867,0.4520678955026276,0.30132252441239366,0.008648025826883884,0.00764633307940615,0.014020898975502879,0.3656133730582715,0.0
197,1,7.478608237010912e-05,9.526094198918995e-06,1,2,,0,9.312581218050202e-12,0.6546910876683076,0.451974048419077,0.3013327722835821,0.0,0.0,0.0,0.007646486655572706,0.008647894678481528,0.01401961293653417,0.0027728356871483265,0.007767372235832869,0.9918118874690871,35.953845105751185,0.0,0.36560465960460925,0.6546910876683076,0.451974048419077,0.3013327722835821,0.008647894678481528,0.007646486655572706,0.01401961293653417,0.36560465960460925,0.0
198,1,7.478388274377011e-05,9.447175799525612e-06,1,2,,0,8.761584849688127e-12,0.6546421723554778,0.4518839664800343,0.30134257508855194,0.0,0.0,0.0,0.007646636740018263,0.00864776750056164,0.014018374827716644,0.002773860245231988,0.007766618596420776,0.9917227347191528,35.95111562475864,0.0,0.36559647348389734,0.6546421723554778,0.4518839664800343,0.30134257508855194,0.00864776750056164,0.007646636740018263,0.014018374827716644,0.36559647348389734,0.0
199,1,7.478174694676762e-05,9.373349603969878e-06,1,2,,0,8.260230068792538e-12,0.6545949741628431,0.45179738227006766,0.3013519354043275,0.0,0.0,0.0,0.0076467824985451726,0.008647644011334395,0.014017183420130593,0.002774849119617202,0.007765897857179648,0.9916373624954264,35.94849739100759,0.0,0.36558879830829805,0.6545949741628431,0.45179738227006766,0.3013519354043275,0.008647644011334395,0.0076467824985451726,0.014017183420130593,0.36558879830829805,0.0
200,1,7.47796705514312e-05,9.304216108423274e-06,1,2,,0,7.803334781386828e-12,0.6545493948944855,0.4517140431357319,0.30136085573401056,0.0,0.0,0.0,0.007646923153573178,0.008647523954949833,0.014016037558598577,0.002775801500402211,0.007765208860774496,0.9915556409442681,35.94598667052029,0.0,0.3655816185429983,0.6545493948944855,0.4517140431357319,0.30136085573401056,0.008647523954949833,0.007646923153573178,0.014016037558598577,0.3655816185429983,0.0
201,1,7.477764953405438e-05,9.239406390630263e-06,1,2,,0,7.386336480604009e-12,0.6545053420937438,0.45163371298872346,0.3013693392753701,0.0,0.0,0.0,0.0076470580136819245,0.00864740709889701,0.014014936108652091,0.0027767167267916497,0.007764550489052517,0.9914774445342159,35.94357985108297,0.0,0.365574918990728,0.6545053420937438,0.45163371298872346,0.3013693392753701,0.00864740709889701,0.0076470580136819245,0.014014936108652091,0.365574918990728,0.0
202,1,7.477568023484172e-05,9.178579693941686e-06,1,2,,0,7.0052239851174345e-12,0.654462729094729,0.4515561735670991,0.3013773905185436,0.0,0.0,0.0,0.007647186495982293,0.00864729323169058,0.014013877914520682,0.002777594356047689,0.007763921643465144,0.9914026497209537,35.94127337196344,0.0,0.36556868438368006,0.654462729094729,0.4515561735670991,0.3013773905185436,0.00864729323169058,0.007647186495982293,0.014013877914520682,0.36556868438368006,0.0
203,1,7.477375932226125e-05,9.121421617417224e-06,1,2,,0,6.656446768422324e-12,0.6544214749956834,0.45148122516644856,0.301385015675768,0.0,0.0,0.0,0.007647308141426777,0.008647182160811766,0.014012861767958537,0.002778434212310774,0.0077633212303014,0.9913311331878726,35.939063671010175,0.0,0.3655628990810343,0.6544214749956834,0.45148122516644856,0.301385015675768,0.008647182160811766,0.007647308141426777,0.014012861767958537,0.3655628990810343,0.0
204,1,7.47718837612474e-05,9.067642728709356e-06,1,2,,0,6.336855215764349e-12,0.6543815045587765,0.45140868687175506,0.30139222295197327,0.0,0.0,0.0,0.007647422623425517,0.008647073710871638,0.01401188638734776,0.002779236416325602,0.007762748150485423,0.9912627706327777,35.93694714824669,0.0,0.3655575468665887,0.6543815045587765,0.45140868687175506,0.30139222295197327,0.008647073710871638,0.007647422623425517,0.01401188638734776,0.3655575468665887,0.0
205,1,7.477005078475457e-05,9.016977408660626e-06,1,2,,0,6.043627214494924e-12,0.6543427480434114,0.4513383963355768,0.301399022669796,0.0,0.0,0.0,0.007647529750340674,0.00864696772196789,0.014010950406218997,0.0027800013976857652,0.007762201293558114,0.9911974360554198,35.93492014459607,0.0,0.3655526108380639,0.6543427480434114,0.4513383963355768,0.301399022669796,0.00864696772196789,0.007647529750340674,0.014010950406218997,0.3655526108380639,0.0
206,1,7.47682578682161e-05,8.969182759134607e-06,1,2,,0,5.774218640511483e-12,0.6543051409817047,0.4512702091591834,0.30140542726605063,0.0,0.0,0.0,0.007647629462584125,0.008646864048209392,0.01401005237010823,0.002780729891638234,0.007761679535363072,0.9911350014885204,35.93297893400573,0.0,0.3655480733774684,0.6543051409817047,0.4512702091591834,0.30140542726605063,0.008646864048209392,0.007647629462584125,0.01401005237010823,0.3655480733774684,0.0
207,1,7.476650270652259e-05,8.924037448376299e-06,1,2,,0,5.5263210693823604e-12,0.654268623906018,0.4512039979405474,0.3014114511790357,0.0,0.0,0.0,0.007647721825146154,0.00864676255638621,0.014009190740519251,0.0027814229227774915,0.0077611817388913915,0.9910753371071428,35.93111972700688,0.0,0.3655439161904652,0.654268623906018,0.4512039979405474,0.3014114511790357,0.00864676255638621,0.007647721825146154,0.014009190740519251,0.3655439161904652,0.0
208,1,7.476478319321395e-05,8.881340419625166e-06,1,2,,0,5.297833864789297e-12,0.6542331420390272,0.45113965105685255,0.30141711064729976,0.0,0.0,0.0,0.007647807016439245,0.008646663124767494,0.014008363904683392,0.002782081778115194,0.007760706757704098,0.9910183116468935,35.92933868360859,0.0,0.36554012040189876,0.6542331420390272,0.45113965105685255,0.30141711064729976,0.008646663124767494,0.007647807016439245,0.014008363904683392,0.36554012040189876,0.0
209,1,7.476309740162179e-05,8.840909439237012e-06,1,2,,0,5.08683980432617e-12,0.6541986449569058,0.45107707124986246,0.3014224234407734,0.0,0.0,0.0,0.007647885314354221,0.008646565642011965,0.014007570189788529,0.0027827079720500335,0.007760253441343102,0.9909637930604921,35.92763193339805,0.0,0.3655366666944696,0.6541986449569058,0.45107707124986246,0.3014224234407734,0.008646565642011965,0.007647885314354221,0.014007570189788529,0.3655366666944696,0.0
210,1,7.476144356776523e-05,8.802579503468263e-06,1,2,,0,4.8915914519423394e-12,0.6541650862359613,0.4510161740805225,0.3014274085446383,0.0,0.0,0.0,0.007647957080404565,0.008646470006179702,0.014006807880382761,0.002783303205700575,0.007759820642156056,0.9909116493439665,35.925995600769284,0.0,0.3655335354778798,0.6541650862359613,0.4510161740805225,0.3014274085446383,0.008646470006179702,0.007647957080404565,0.014006807880382761,0.3655335354778798,0.0
211,1,7.476144356776523e-05,8.796083689512877e-06,1,1,,0,9.464598160314162e-09,0.6541650862359613,0.45102317253043445,0.3014320858150823,0.0,0.0,0.0,0.007647957080404565,0.008646470006179702,0.014006807880382761,0.002783303205700575,0.007759820642156056,0.9909116493439665,35.925995600769284,0.0,0.3655307070765315,0.6541650862359613,0.45102317253043445,0.3014320858150823,0.008646470006179702,0.007647957080404565,0.014006807880382761,0.3655307070765315,0.0
212,1,7.475822150697631e-05,8.731627033830401e-06,1,2,,0,1.8501607349958324e-11,0.65410061155729,0.45089908779548465,0.30143649001056155,0.0,0.0,0.0,0.007648082967769385,0.008646283681847151,0.0140053689707992,0.0027844096925168167,0.007759011230218652,0.9908138581002965,35.922915762009175,0.0,0.3655281466523996,0.65410061155729,0.45089908779548465,0.30143649001056155,0.008646283681847151,0.007648082967769385,0.0140053689707992,0.3655281466523996,0.0
213,1,7.475822150697631e-05,8.725777598279956e-06,1,1,,0,8.332565565540087e-09,0.65410061155729,0.4509052737680931,0.30144062547661343,0.0,0.0,0.0,0.007648082967769385,0.008646283681847151,0.0140053689707992,0.0027844096925168167,0.007759011230218652,0.9908138581002965,35.922915762009175,0.0,0.3655258520220577,0.65410061155729,0.4509052737680931,0.30144062547661343,0.008646283681847151,0.007648082967769385,0.0140053689707992,0.3655258520220577,0.0
214,1,7.475511290985676e-05,8.667335613003021e-06,1,2,,0,1.7272909247275926e-11,0.6540393249003609,0.4507878355152339,0.3014445221598982,0.0,0.0,0.0,0.007648188802305101,0.0086461039150508,0.014004033525437548,0.00278541680155778,0.007758269177151199,0.9907238838870497,35.92006808243337,0.0,0.3655237926745478,0.6540393249003609,0.4507878355152339,0.3014445221598982,0.0086461039150508,0.007648188802305101,0.014004033525437548,0.3655237926745478,0.0
215,1,7.475511290985676e-05,8.662050355914126e-06,1,1,,0,7.356521333480924e-09,0.6540393249003609,0.4507933199096554,0.3014481896072547,0.0,0.0,0.0,0.007648188802305101,0.0086461039150508,0.014004033525437548,0.00278541680155778,0.007758269177151199,0.9907238838870497,35.92006808243337,0.0,0.3655219632090847,0.6540393249003609,0.4507933199096554,0.3014481896072547,0.0086461039150508,0.007648188802305101,0.014004033525437548,0.3655219632090847,0.0
216,1,7.475210432800033e-05,8.608913940752219e-06,1,2,,0,1.6181100331211597e-11,0.6539810123051736,0.45068207059192134,0.30145165297614857,0.0,0.0,0.0,0.00764827828115527,0.008645929928469253,0.014002788902696389,0.0027863392822934756,0.007757586855799037,0.9906408320178307,35.91742622641945,0.0,0.3655203372864724,0.6539810123051736,0.45068207059192134,0.30145165297614857,0.008645929928469253,0.00764827828115527,0.014002788902696389,0.3655203372864724,0.0
217,1,7.475210432800033e-05,8.604108924642602e-06,1,1,,0,6.534759521933879e-09,0.6539810123051736,0.45068696147875426,0.30145492438634336,0.0,0.0,0.0,0.00764827828115527,0.008645929928469253,0.014002788902696389,0.0027863392822934756,0.007757586855799037,0.9906408320178307,35.91742622641945,0.0,0.3655189079253847,0.6539810123051736,0.45068696147875426,0.30145492438634336,0.008645929928469253,0.00764827828115527,0.014002788902696389,0.3655189079253847,0.0
218,1,7.474918773083877e-05,8.555646678456722e-06,1,2,,0,1.521293760886705e-11,0.6539254559639658,0.4505815012665204,0.3014580245119066,0.0,0.0,0.0,0.007648355254775395,0.008645761258029206,0.014001623496583406,0.002787191371769375,0.007756957110700402,0.9905638737433166,35.914965727621116,0.0,0.3655176526409531,0.6539254559639658,0.4505815012665204,0.3014580245119066,0.008645761258029206,0.007648355254775395,0.014001623496583406,0.3655176526409531,0.0
219,1,7.474918773083877e-05,8.551243108880686e-06,1,1,,0,5.852316711822562e-09,0.6539254559639658,0.4505858976621182,0.30146096588594895,0.0,0.0,0.0,0.007648355254775395,0.008645761258029206,0.014001623496583406,0.002787191371769375,0.007756957110700402,0.9905638737433166,35.914965727621116,0.0,0.3655165642172232,0.6539254559639658,0.4505858976621182,0.30146096588594895,0.008645761258029206,0.007648355254775395,0.014001623496583406,0.3655165642172232,0.0
220,1,7.474635621162894e-05,8.50691276385417e-06,1,2,,0,1.4347544389787701e-11,0.6538724609978471,0.450485869544867,0.30146376520506474,0.0,0.0,0.0,0.007648423240125954,0.00864559750460481,0.014000526840014384,0.00278798599382129,0.007756373498735114,0.9904922627080818,35.91266454865773,0.0,0.3655156235945074,0.6538724609978471,0.450485869544867,0.30146376520506474,0.00864559750460481,0.007648423240125954,0.014000526840014384,0.3655156235945074,0.0
221,1,7.474635621162894e-05,8.502841759316734e-06,1,1,,0,5.289335375053537e-09,0.6538724609978471,0.4504898571916467,0.3014664337260857,0.0,0.0,0.0,0.007648423240125954,0.00864559750460481,0.014000526840014384,0.00278798599382129,0.007756373498735114,0.9904922627080818,35.91266454865773,0.0,0.36551482437270444,0.6538724609978471,0.4504898571916467,0.3014664337260857,0.00864559750460481,0.007648423240125954,0.014000526840014384,0.36551482437270444,0.0
222,1,7.47436037926402e-05,8.462167829514352e-06,1,2,,0,1.3568696444058803e-11,0.6538218497680862,0.45039492667756287,0.3014689848002778,0.0,0.0,0.0,0.007648485170271981,0.008645438322759593,0.013999489892531115,0.0027887341052174933,0.007755830398281738,0.9904253482604247,35.910503488671964,0.0,0.36551415042165303,0.6538218497680862,0.45039492667756287,0.3014689848002778,0.008645438322759593,0.007648485170271981,0.013999489892531115,0.36551415042165303,0.0
223,1,7.47436037926402e-05,8.458373137130809e-06,1,1,,0,4.8238980413122085e-09,0.6538218497680862,0.4503985757436669,0.30147142727950804,0.0,0.0,0.0,0.007648485170271981,0.008645438322759593,0.013999489892531115,0.0027887341052174933,0.007755830398281738,0.9904253482604247,35.910503488671964,0.0,0.36551359685664964,0.6538218497680862,0.4503985757436669,0.30147142727950804,0.008645438322759593,0.007648485170271981,0.013999489892531115,0.36551359685664964,0.0
224,1,7.47436037926402e-05,8.454738995944768e-06,1,1,,0,9.443114791140107e-09,0.6538218497680862,0.45040207853708186,0.30147377185204277,0.0,0.0,0.0,0.007648485170271981,0.008645438322759593,0.013999489892531115,0.0027887341052174933,0.007755830398281738,0.9904253482604247,35.910503488671964,0.0,0.3655131499613234,0.6538218497680862,0.45040207853708186,0.30147377185204277,0.008645438322759593,0.007648485170271981,0.013999489892531115,0.3655131499613234,0.0
225,1,7.473960980819102e-05,8.40148198590048e-06,1,2,,0,2.8572593955944725e-11,0.6537500329331108,0.45026664059398097,0.30147602792443184,0.0,0.0,0.0,0.007648571102680388,0.008645207331706454,0.013998029708915553,0.0027897873741612325,0.0077550809950286525,0.9903325373334163,35.90748794045168,0.0,0.3655127975920203,0.6537500329331108,0.45026664059398097,0.30147602792443184,0.008645207331706454,0.007648571102680388,0.013998029708915553,0.3655127975920203,0.0
226,1,7.473960980819102e-05,8.398020463356504e-06,1,1,,0,4.274277767255726e-09,0.6537500329331108,0.45026988196056283,0.30147819818141736,0.0,0.0,0.0,0.007648571102680388,0.008645207331706454,0.013998029708915553,0.0027897873741612325,0.0077550809950286525,0.9903325373334163,35.90748794045168,0.0,0.36551254261575106,0.6537500329331108,0.45026988196056283,0.30147819818141736,0.008645207331706454,0.007648571102680388,0.013998029708915553,0.36551254261575106,0.0
227,1,7.473960980819102e-05,8.394690289788998e-06,1,1,,0,8.382036043229228e-09,0.6537500329331108,0.4502730070196427,0.30148029056471537,0.0,0.0,0.0,0.007648571102680388,0.008645207331706454,0.013998029708915553,0.0027897873741612325,0.0077550809950286525,0.9903325373334163,35.90748794045168,0.0,0.36551237395110214,0.6537500329331108,0.4502730070196427,0.30148029056471537,0.008645207331706454,0.007648571102680388,0.013998029708915553,0.36551237395110214,0.0
228,1,7.473576938344551e-05,8.347260090671707e-06,1,2,,0,2.6534388701558064e-11,0.6536825894632731,0.450147221656757,0.3014823120625775,0.0,0.0,0.0,0.007648652427105589,0.008644985215918274,0.01399666758869905,0.0027907744190199444,0.0077543984149682854,0.9902475062147699,35.90470576237642,0.0,0.36551228178462697,0.6536825894632731,0.450147221656757,0.3014823120625775,0.008644985215918274,0.007648652427105589,0.01399666758869905,0.36551228178462697,0.0
229,1,7.473576938344551e-05,8.344074834940855e-06,1,1,,0,3.829421388888145e-09,0.6536825894632731,0.4501501308403549,0.30148426046380067,0.0,0.0,0.0,0.007648652427105589,0.008644985215918274,0.01399666758869905,0.0027907744190199444,0.0077543984149682854,0.9902475062147699,35.90470576237642,0.0,0.3655122715281341,0.6536825894632731,0.4501501308403549,0.30148426046380067,0.008644985215918274,0.007648652427105589,0.01399666758869905,0.3655122715281341,0.0
230,1,7.473576938344551e-05,8.341003855544907e-06,1,1,,0,7.520141188074837e-09,0.6536825894632731,0.4501529404083338,0.30148614214830183,0.0,0.0,0.0,0.007648652427105589,0.008644985215918274,0.01399666758869905,0.0027907744190199444,0.0077543984149682854,0.9902475062147699,35.90470576237642,0.0,0.36551233386819926,0.6536825894632731,0.4501529404083338,0.30148614214830183,0.008644985215918274,0.007648652427105589,0.01399666758869905,0.36551233386819926,0.0
231,1,7.473206786686052e-05,8.29847836364587e-06,1,2,,0,2.472338951708384e-11,0.6536191208113633,0.45003580918301866,0.30148796273384715,0.0,0.0,0.0,0.007648730772782781,0.008644771128656937,0.01399539082123304,0.0027917058808208414,0.007753773880340138,0.9901692365830697,35.90212707071304,0.0,0.36551246055419445,0.6536191208113633,0.45003580918301866,0.30148796273384715,0.008644771128656937,0.007648730772782781,0.01399539082123304,0.36551246055419445,0.0
232,1,7.473206786686052e-05,8.295542531681997e-06,1,1,,0,3.4530330081497785e-09,0.6536191208113633,0.4500384258926658,0.3014897157198196,0.0,0.0,0.0,0.007648730772782781,0.008644771128656937,0.01399539082123304,0.0027917058808208414,0.007753773880340138,0.9901692365830697,35.90212707071304,0.0,0.3655126592348002,0.6536191208113633,0.4500384258926658,0.3014897157198196,0.008644771128656937,0.007648730772782781,0.01399539082123304,0.3655126592348002,0.0
233,1,7.473206786686052e-05,8.29271260910089e-06,1,1,,0,6.784570389385597e-09,0.6536191208113633,0.4500409501662496,0.30149140678102987,0.0,0.0,0.0,0.007648730772782781,0.008644771128656937,0.01399539082123304,0.0027917058808208414,0.007753773880340138,0.9901692365830697,35.90212707071304,0.0,0.3655129217208093,0.6536191208113633,0.4500409501662496,0.30149140678102987,0.008644771128656937,0.007648730772782781,0.01399539082123304,0.3655129217208093,0.0
234,1,7.472849522541941e-05,8.25429419446179e-06,1,2,,0,2.3112667099516926e-11,0.6535592282101729,0.4499315023666489,0.3014930409223543,0.0,0.0,0.0,0.007648805582029951,0.008644564490211141,0.01399419165501434,0.002792585130671586,0.007753201108565328,0.9900970149064954,35.899731080529406,0.0,0.3655132407544798,0.6535592282101729,0.4499315023666489,0.3014930409223543,0.008644564490211141,0.007648805582029951,0.01399419165501434,0.3655132407544798,0.0
235,1,7.472849522541941e-05,8.251600213280322e-06,1,1,,0,3.1200118976657373e-09,0.6535592282101729,0.4499338426596054,0.3014946091211497,0.0,0.0,0.0,0.007648805582029951,0.008644564490211141,0.01399419165501434,0.002792585130671586,0.007753201108565328,0.9900970149064954,35.899731080529406,0.0,0.3655136251812969,0.6535592282101729,0.4499338426596054,0.3014946091211497,0.008644564490211141,0.007648805582029951,0.01399419165501434,0.3655136251812969,0.0
236,1,7.472849522541941e-05,8.24900844442987e-06,1,1,,0,6.13088866998001e-09,0.6535592282101729,0.4499360926593716,0.3014961168156945,0.0,0.0,0.0,0.007648805582029951,0.008644564490211141,0.01399419165501434,0.002792585130671586,0.007753201108565328,0.9900970149064954,35.899731080529406,0.0,0.3655140675501264,0.6535592282101729,0.4499360926593716,0.3014961168156945,0.008644564490211141,0.007648805582029951,0.01399419165501434,0.3655140675501264,0.0
237,1,7.472849522541941e-05,8.246510667020959e-06,1,1,,0,9.048532540789069e-09,0.6535592282101729,0.4499382595377685,0.30149756881172884,0.0,0.0,0.0,0.007648805582029951,0.008644564490211141,0.01399419165501434,0.002792585130671586,0.007753201108565328,0.9900970149064954,35.899731080529406,0.0,0.3655145612543742,0.6535592282101729,0.4499382595377685,0.30149756881172884,0.008644564490211141,0.007648805582029951,0.01399419165501434,0.3655145612543742,0.0
238,1,7.472391646947962e-05,8.201363659473362e-06,1,2,,0,3.811935049849579e-11,0.6534843048998913,0.4498019023183551,0.3014989693598474,0.0,0.0,0.0,0.007648896923207204,0.008644299651763561,0.013992704150712562,0.002793675909550333,0.007752509403806326,0.9900091576596906,35.89679247683731,0.0,0.36551510043504243,0.6534843048998913,0.4498019023183551,0.3014989693598474,0.008644299651763561,0.007648896923207204,0.013992704150712562,0.36551510043504243,0.0
239,1,7.472391646947962e-05,8.19898048517658e-06,1,1,,0,2.7438825577970514e-09,0.6534843048998913,0.4498038936077059,0.30150030410672995,0.0,0.0,0.0,0.007648896923207204,0.008644299651763561,0.013992704150712562,0.002793675909550333,0.007752509403806326,0.9900091576596906,35.89679247683731,0.0,0.3655156991496792,0.6534843048998913,0.4498038936077059,0.30150030410672995,0.008644299651763561,0.007648896923207204,0.013992704150712562,0.3655156991496792,0.0
240,1,7.472391646947962e-05,8.196697401047203e-06,1,1,,0,5.389414286680853e-09,0.6534843048998913,0.44980579479314864,0.3015015784576132,0.0,0.0,0.0,0.007648896923207204,0.008644299651763561,0.013992704150712562,0.002793675909550333,0.007752509403806326,0.9900091576596906,35.89679247683731,0.0,0.3655163505842715,0.6534843048998913,0.44980579479314864,0.3015015784576132,0.008644299651763561,0.007648896923207204,0.013992704150712562,0.3655163505842715,0.0
241,1,7.472391646947962e-05,8.194506426277471e-06,1,1,,0,7.954625234947814e-09,0.6534843048998913,0.4498076130171113,0.3015027972000153,0.0,0.0,0.0,0.007648896923207204,0.008644299651763561,0.013992704150712562,0.002793675909550333,0.007752509403806326,0.9900091576596906,35.89679247683731,0.0,0.3655170486937193,0.6534843048998913,0.4498076130171113,0.3015027972000153,0.008644299651763561,0.007648896923207204,0.013992704150712562,0.3655170486937193,0.0
242,1,7.471953529379676e-05,8.154081800439068e-06,1,2,,0,3.515557916616615e-11,0.6534142532601053,0.4496814029212904,0.30150396457823064,0.0,0.0,0.0,0.007648974754691635,0.008644046233899768,0.013991335940079253,0.002794670358034926,0.007751891503723284,0.9899300157585654,35.894119825611604,0.0,0.3655177881138333,0.6534142532601053,0.4496814029212904,0.30150396457823064,0.008644046233899768,0.007648974754691635,0.013991335940079253,0.3655177881138333,0.0
243,1,7.471953529379676e-05,8.152010663712092e-06,1,1,,0,2.422966434346756e-09,0.6534142532601053,0.4496830505209247,0.3015050692666136,0.0,0.0,0.0,0.007648974754691635,0.008644046233899768,0.013991335940079253,0.002794670358034926,0.007751891503723284,0.9899300157585654,35.894119825611604,0.0,0.3655185803121497,0.6534142532601053,0.4496830505209247,0.3015050692666136,0.008644046233899768,0.007648974754691635,0.013991335940079253,0.3655185803121497,0.0
244,1,7.471953529379676e-05,8.150034116504165e-06,1,1,,0,4.7683429431837615e-09,0.6534142532601053,0.44968461218647554,0.3015061163376106,0.0,0.0,0.0,0.007648974754691635,0.008644046233899768,0.013991335940079253,0.002794670358034926,0.007751891503723284,0.9899300157585654,35.894119825611604,0.0,0.36551941920315184,0.6534142532601053,0.44968461218647554,0.3015061163376106,0.008644046233899768,0.007648974754691635,0.013991335940079253,0.36551941920315184,0.0
245,1,7.471953529379676e-05,8.148144754152245e-06,1,1,,0,7.050817357080445e-09,0.6534142532601053,0.44968609463095044,0.3015071102921828,0.0,0.0,0.0,0.007648974754691635,0.008644046233899768,0.013991335940079253,0.002794670358034926,0.007751891503723284,0.9899300157585654,35.894119825611604,0.0,0.36552029938515834,0.6534142532601053,0.44968609463095044,0.3015071102921828,0.008644046233899768,0.007648974754691635,0.013991335940079253,0.36552029938515834,0.0
246,1,7.471953529379676e-05,8.146335989808878e-06,1,1,,0,9.277094194091731e-09,0.6534142532601053,0.44968750381685324,0.30150805512809054,0.0,0.0,0.0,0.007648974754691635,0.008644046233899768,0.013991335940079253,0.002794670358034926,0.007751891503723284,0.9899300157585654,35.894119825611604,0.0,0.36552121606225346,0.6534142532601053,0.44968750381685324,0.30150805512809054,0.008644046233899768,0.007648974754691635,0.013991335940079253,0.36552121606225346,0.0
247,1,7.471431322597122e-05,8.101502214884155e-06,1,2,,0,5.030547544001624e-11,0.6533327049324062,0.4495414248415573,0.30150895439997066,0.0,0.0,0.0,0.007649049006827635,0.008643744167082412,0.013989780757241986,0.0027957773147512834,0.007751211680189958,0.9898420515644727,35.89111523467965,0.0,0.36552216497517614,0.6533327049324062,0.4495414248415573,0.30150895439997066,0.008643744167082412,0.007649049006827635,0.013989780757241986,0.36552216497517614,0.0
248,1,7.471431322597122e-05,8.099785549763186e-06,1,1,,0,2.1388084843279784e-09,0.6533327049324062,0.44954268541125825,0.30150979986833376,0.0,0.0,0.0,0.007649049006827635,0.008643744167082412,0.013989780757241986,0.0027957773147512834,0.007751211680189958,0.9898420515644727,35.89111523467965,0.0,0.36552315663452023,0.6533327049324062,0.44954268541125825,0.30150979986833376,0.008643744167082412,0.007649049006827635,0.013989780757241986,0.36552315663452023,0.0
249,1,7.471431322597122e-05,8.098151096331962e-06,1,1,,0,4.2258994844016255e-09,0.6533327049324062,0.4495438719180357,0.3015105956624432,0.0,0.0,0.0,0.007649049006827635,0.008643744167082412,0.013989780757241986,0.0027957773147512834,0.007751211680189958,0.9898420515644727,35.89111523467965,0.0,0.3655241860373992,0.6533327049324062,0.4495438719180357,0.3015105956624432,0.008643744167082412,0.007649049006827635,0.013989780757241986,0.3655241860373992,0.0
250,1,7.471431322597122e-05,8.096592746154308e-06,1,1,,0,6.2739887221594806e-09,0.6533327049324062,0.44954498983579755,0.30151134545366787,0.0,0.0,0.0,0.007649049006827635,0.008643744167082412,0.013989780757241986,0.0027957773147512834,0.007751211680189958,0.9898420515644727,35.89111523467965,0.0,0.3655252487402946,0.6533327049324062,0.44954498983579755,0.30151134545366787,0.008643744167082412,0.007649049006827635,0.013989780757241986,0.3655252487402946,0.0
251,1,7.471431322597122e-05,8.095105054342625e-06,1,1,,0,8.28753421361304e-09,0.6533327049324062,0.4495460440371173,0.3015120525100592,0.0,0.0,0.0,0.007649049006827635,0.008643744167082412,0.013989780757241986,0.0027957773147512834,0.007751211680189958,0.9898420515644727,35.89111523467965,0.0,0.3655263407953363,0.6533327049324062,0.4495460440371173,0.3015120525100592,0.008643744167082412,0.007649049006827635,0.013989780757241986,0.3655263407953363,0.0
252,1,7.470935410109779e-05,8.054825442350164e-06,1,2,,0,4.5809562947736895e-11,0.6532569339165657,0.4494115029434257,0.3015127197443759,0.0,0.0,0.0,0.0076490985657073195,0.008643457300241483,0.01398837897077537,0.0027967456670621106,0.007750620293450512,0.9897646418139547,35.88843659635644,0.0,0.36552745869388215,0.6532569339165657,0.4494115029434257,0.3015127197443759,0.008643457300241483,0.0076490985657073195,0.01398837897077537,0.36552745869388215,0.0
253,1,7.470935410109779e-05,8.053411318200214e-06,1,1,,0,1.967234153814201e-09,0.6532569339165657,0.44941243741420855,0.3015133466861104,0.0,0.0,0.0,0.0076490985657073195,0.008643457300241483,0.01398837897077537,0.0027967456670621106,0.007750620293450512,0.9897646418139547,35.88843659635644,0.0,0.36552860724335906,0.6532569339165657,0.44941243741420855,0.3015133466861104,0.008643457300241483,0.0076490985657073195,0.01398837897077537,0.36552860724335906,0.0
254,1,7.470935410109779e-05,8.052061764678945e-06,1,1,,0,3.907765653513552e-09,0.6532569339165657,0.44941331582631766,0.3015139360177638,0.0,0.0,0.0,0.0076490985657073195,0.008643457300241483,0.01398837897077537,0.0027967456670621106,0.007750620293450512,0.9897646418139547,35.88843659635644,0.0,0.3655297827557428,0.6532569339165657,0.44941331582631766,0.3015139360177638,0.008643457300241483,0.0076490985657073195,0.01398837897077537,0.3655297827557428,0.0
255,1,7.470935410109779e-05,8.050772539286439e-06,1,1,,0,5.828104870821785e-09,0.6532569339165657,0.4494141417454727,0.30151449013159726,0.0,0.0,0.0,0.0076490985657073195,0.008643457300241483,0.01398837897077537,0.0027967456670621106,0.007750620293450512,0.9897646418139547,35.88843659635644,0.0,0.36553098195284367,0.6532569339165657,0.4494141417454727,0.30151449013159726,0.008643457300241483,0.0076490985657073195,0.01398837897077537,0.36553098195284367,0.0
256,1,7.470935410109779e-05,8.049539847975195e-06,1,1,,0,7.730383209965419e-09,0.6532569339165657,0.4494149183569754,0.30151501116464796,0.0,0.0,0.0,0.0076490985657073195,0.008643457300241483,0.01398837897077537,0.0027967456670621106,0.007750620293450512,0.9897646418139547,35.88843659635644,0.0,0.3655322019196766,0.6532569339165657,0.4494149183569754,0.30151501116464796,0.008643457300241483,0.0076490985657073195,0.01398837897077537,0.3655322019196766,0.0
257,1,7.470935410109779e-05,8.048360292483358e-06,1,1,,0,9.61648246396238e-09,0.6532569339165657,0.4494156485115446,0.30151550102947905,0.0,0.0,0.0,0.0076490985657073195,0.008643457300241483,0.01398837897077537,0.0027967456670621106,0.007750620293450512,0.9897646418139547,35.88843659635644,0.0,0.3655334400631692,0.6532569339165657,0.4494156485115446,0.30151550102947905,0.008643457300241483,0.0076490985657073195,0.01398837897077537,0.3655334400631692,0.0
258,1,7.470372220952675e-05,8.005172419609911e-06,1,2,,0,5.962295469701699e-11,0.6531727921680599,0.44926730938800014,0.3015159614411848,0.0,0.0,0.0,0.0076491330139982034,0.008643131504815067,0.013986867165763785,0.0027977580062086022,0.007750006949179231,0.9896832946303852,35.885581521177095,0.0,0.3655346940755942,0.6531727921680599,0.44926730938800014,0.3015159614411848,0.008643131504815067,0.0076491330139982034,0.013986867165763785,0.3655346940755942,0.0
259,1,7.470372220952675e-05,8.00402598150254e-06,1,1,,0,1.8668234882106243e-09,0.6531727921680599,0.4492679594900859,0.30151639774302835,0.0,0.0,0.0,0.0076491330139982034,0.008643131504815067,0.013986867165763785,0.0027977580062086022,0.007750006949179231,0.9896832946303852,35.885581521177095,0.0,0.3655359654793743,0.6531727921680599,0.4492679594900859,0.30151639774302835,0.008643131504815067,0.0076491330139982034,0.013986867165763785,0.3655359654793743,0.0
260,1,7.470372220952675e-05,8.002923430888478e-06,1,1,,0,3.7206627401565332e-09,0.6531727921680599,0.44926857510314694,0.301516810898315,0.0,0.0,0.0,0.0076491330139982034,0.008643131504815067,0.013986867165763785,0.0027977580062086022,0.007750006949179231,0.9896832946303852,35.885581521177095,0.0,0.3655372520262838,0.6531727921680599,0.44926857510314694,0.301516810898315,0.008643131504815067,0.0076491330139982034,0.013986867165763785,0.3655372520262838,0.0
261,1,7.470372220952675e-05,8.001862691429798e-06,1,1,,0,5.5641793724451194e-09,0.6531727921680599,0.4492691575225968,0.3015172017764331,0.0,0.0,0.0,0.0076491330139982034,0.008643131504815067,0.013986867165763785,0.0027977580062086022,0.007750006949179231,0.9896832946303852,35.885581521177095,0.0,0.36553855171525956,0.6531727921680599,0.4492691575225968,0.3015172017764331,0.008643131504815067,0.0076491330139982034,0.013986867165763785,0.36553855171525956,0.0
262,1,7.470372220952675e-05,8.000841889138362e-06,1,1,,0,7.397870878681541e-09,0.6531727921680599,0.4492697079223594,0.3015175711652359,0.0,0.0,0.0,0.0076491330139982034,0.008643131504815067,0.013986867165763785,0.0027977580062086022,0.007750006949179231,0.9896832946303852,35.885581521177095,0.0,0.3655398627642716,0.6531727921680599,0.4492697079223594,0.3015175711652359,0.008643131504815067,0.0076491330139982034,0.013986867165763785,0.3655398627642716,0.0
263,1,7.470372220952675e-05,7.999859328035929e-06,1,1,,0,9.222330793262188e-09,0.6531727921680599,0.4492702273708597,0.30151791978177395,0.0,0.0,0.0,0.0076491330139982034,0.008643131504815067,0.013986867165763785,0.0027977580062086022,0.007750006949179231,0.9896832946303852,35.885581521177095,0.0,0.3655411835854209,0.6531727921680599,0.4492702273708597,0.30151791978177395,0.008643131504815067,0.0076491330139982034,0.013986867165763785,0.3655411835854209,0.0
264,1,7.469841372715957e-05,7.961162241937835e-06,1,2,,0,5.352502710211238e-11,0.6530951748582562,0.44913476798333474,0.30151824828159635,0.0,0.0,0.0,0.007649152408547685,0.008642824406822087,0.013985503877453759,0.0027986525652501253,0.007749475903101925,0.9896119064654835,35.88304007379954,0.0,0.36554251276289373,0.6530951748582562,0.44913476798333474,0.30151824828159635,0.008642824406822087,0.007649152408547685,0.013985503877453759,0.36554251276289373,0.0
265,1,7.469841372715957e-05,7.960193631815863e-06,1,1,,0,1.8074509272353661e-09,0.6530951748582562,0.4491352377684112,0.301518563663044,0.0,0.0,0.0,0.007649152408547685,0.008642824406822087,0.013985503877453759,0.0027986525652501253,0.007749475903101925,0.9896119064654835,35.88304007379954,0.0,0.36554384991249933,0.6530951748582562,0.4491352377684112,0.301518563663044,0.008642824406822087,0.007649152408547685,0.013985503877453759,0.36554384991249933,0.0
266,1,7.469841372715957e-05,7.959254512708014e-06,1,1,,0,3.6062301958688643e-09,0.6530951748582562,0.4491356877628486,0.30151886575841536,0.0,0.0,0.0,0.007649152408547685,0.008642824406822087,0.013985503877453759,0.0027986525652501253,0.007749475903101925,0.9896119064654835,35.88304007379954,0.0,0.3655451937982075,0.6530951748582562,0.4491356877628486,0.30151886575841536,0.008642824406822087,0.007649152408547685,0.013985503877453759,0.3655451937982075,0.0
267,1,7.469841372715957e-05,7.958344260104763e-06,1,1,,0,5.396178796919764e-09,0.6530951748582562,0.4491361177688368,0.301519154434914,0.0,0.0,0.0,0.007649152408547685,0.008642824406822087,0.013985503877453759,0.0027986525652501253,0.007749475903101925,0.9896119064654835,35.88304007379954,0.0,0.36554654331727243,0.6530951748582562,0.4491361177688368,0.301519154434914,0.008642824406822087,0.007649152408547685,0.013985503877453759,0.36554654331727243,0.0
268,1,7.469841372715957e-05,7.957462287902139e-06,1,1,,0,7.177528031998335e-09,0.6530951748582562,0.4491365276368159,0.3015194295921363,0.0,0.0,0.0,0.007649152408547685,0.008642824406822087,0.013985503877453759,0.0027986525652501253,0.007749475903101925,0.9896119064654835,35.88304007379954,0.0,0.365547897485034,0.6530951748582562,0.4491365276368159,0.3015194295921363,0.008642824406822087,0.007649152408547685,0.013985503877453759,0.365547897485034,0.0
269,1,7.469841372715957e-05,7.956608042921593e-06,1,1,,0,8.950636761945895e-09,0.6530951748582562,0.449136917261856,0.3015196911596387,0.0,0.0,0.0,0.007649152408547685,0.008642824406822087,0.013985503877453759,0.0027986525652501253,0.007749475903101925,0.9896119064654835,35.88304007379954,0.0,0.36554925542147393,0.6530951748582562,0.449136917261856,0.3015196911596387,0.008642824406822087,0.007649152408547685,0.013985503877453759,0.36554925542147393,0.0
270,1,7.469340458914028e-05,7.92178748807808e-06,1,2,,0,4.807408335041201e-11,0.6530234652960839,0.44901305420149934,0.3015199390945994,0.0,0.0,0.0,0.007649167233006057,0.0086425346160221,0.013984257901107466,0.0027994678678386845,0.007749009046466862,0.9895483479976775,35.88074846802967,0.0,0.36555061633932373,0.6530234652960839,0.44901305420149934,0.3015199390945994,0.0086425346160221,0.007649167233006057,0.013984257901107466,0.36555061633932373,0.0
271,1,7.469340458914028e-05,7.920940732264003e-06,1,1,,0,1.7544142194601907e-09,0.6530234652960839,0.44901341005186596,0.3015201780542019,0.0,0.0,0.0,0.007649167233006057,0.0086425346160221,0.013984257901107466,0.0027994678678386845,0.007749009046466862,0.9895483479976775,35.88074846802967,0.0,0.3655519806116447,0.6530234652960839,0.44901341005186596,0.3015201780542019,0.0086425346160221,0.007649167233006057,0.013984257901107466,0.3655519806116447,0.0
272,1,7.469340458914028e-05,7.920117242133445e-06,1,1,,0,3.5018140266293435e-09,0.6530234652960839,0.44901375175828895,0.3015204075159043,0.0,0.0,0.0,0.007649167233006057,0.0086425346160221,0.013984257901107466,0.0027994678678386845,0.007749009046466862,0.9895483479976775,35.88074846802967,0.0,0.3655533474766537,0.6530234652960839,0.44901375175828895,0.3015204075159043,0.0086425346160221,0.007649167233006057,0.013984257901107466,0.3655533474766537,0.0
273,1,7.469340458914028e-05,7.919316918399313e-06,1,1,,0,5.240843420323529e-09,0.6530234652960839,0.4490140786556956,0.3015206270330992,0.0,0.0,0.0,0.007649167233006057,0.0086425346160221,0.013984257901107466,0.0027994678678386845,0.007749009046466862,0.9895483479976775,35.88074846802967,0.0,0.3655547162527022,0.6530234652960839,0.4490140786556956,0.3015206270330992,0.0086425346160221,0.007649167233006057,0.013984257901107466,0.3655547162527022,0.0
274,1,7.469340458914028e-05,7.918539640963867e-06,1,1,,0,6.971776439809161e-09,0.6530234652960839,0.44901439018099243,0.3015208362276596,0.0,0.0,0.0,0.007649167233006057,0.0086425346160221,0.013984257901107466,0.0027994678678386845,0.007749009046466862,0.9895483479976775,35.88074846802967,0.0,0.3655560863291363,0.6530234652960839,0.44901439018099243,0.3015208362276596,0.0086425346160221,0.007649167233006057,0.013984257901107466,0.3655560863291363,0.0
275,1,7.469340458914028e-05,7.917785270421883e-06,1,1,,0,8.694986711595466e-09,0.6530234652960839,0.44901468586296833,0.3015210347831595,0.0,0.0,0.0,0.007649167233006057,0.0086425346160221,0.013984257901107466,0.0027994678678386845,0.007749009046466862,0.9895483479976775,35.88074846802967,0.0,0.3655574571582177,0.6530234652960839,0.44901468586296833,0.3015210347831595,0.0086425346160221,0.007649167233006057,0.013984257901107466,0.3655574571582177,0.0
276,1,7.46886740729826e-05,7.886261619824354e-06,1,2,,0,4.3216176618559235e-11,0.6529570525285445,0.4489011069668404,0.30152122243871465,0.0,0.0,0.0,0.007649181485599599,0.00864226093525199,0.013983110084059641,0.002800222819185674,0.007748594351173689,0.9894912164939305,35.87866471357325,0.0,0.36555882824798314,0.6529570525285445,0.4489011069668404,0.30152122243871465,0.00864226093525199,0.007649181485599599,0.013983110084059641,0.36555882824798314,0.0
277,1,7.46886740729826e-05,7.885517820248414e-06,1,1,,0,1.7058530530122464e-09,0.6529570525285445,0.44890137272485553,0.301521400945028,0.0,0.0,0.0,0.007649181485599599,0.00864226093525199,0.013983110084059641,0.002800222819185674,0.007748594351173689,0.9894912164939305,35.87866471357325,0.0,0.3655602012197575,0.6529570525285445,0.44890137272485553,0.301521400945028,0.00864226093525199,0.007649181485599599,0.013983110084059641,0.3655602012197575,0.0
278,1,7.46886740729826e-05,7.884796227487017e-06,1,1,,0,3.4071601209623475e-09,0.6529570525285445,0.4489016242878251,0.3015215699167076,0.0,0.0,0.0,0.007649181485599599,0.00864226093525199,0.013983110084059641,0.002800222819185674,0.007748594351173689,0.9894912164939305,35.87866471357325,0.0,0.36556157543327455,0.6529570525285445,0.4489016242878251,0.3015215699167076,0.00864226093525199,0.007649181485599599,0.013983110084059641,0.36556157543327455,0.0
279,1,7.46886740729826e-05,7.884096679031711e-06,1,1,,0,5.101819230618654e-09,0.6529570525285445,0.44890186117339187,0.30152172902976077,0.0,0.0,0.0,0.007649181485599599,0.00864226093525199,0.013983110084059641,0.002800222819185674,0.007748594351173689,0.9894912164939305,35.87866471357325,0.0,0.36556295031493663,0.6529570525285445,0.44890186117339187,0.30152172902976077,0.00864226093525199,0.007649181485599599,0.013983110084059641,0.36556295031493663,0.0
280,1,7.46886740729826e-05,7.88341899864139e-06,1,1,,0,6.790057727755047e-09,0.6529570525285445,0.4489020829815239,0.30152187801549085,0.0,0.0,0.0,0.007649181485599599,0.00864226093525199,0.013983110084059641,0.002800222819185674,0.007748594351173689,0.9894912164939305,35.87866471357325,0.0,0.36556432535025285,0.6529570525285445,0.4489020829815239,0.30152187801549085,0.00864226093525199,0.007649181485599599,0.013983110084059641,0.36556432535025285,0.0
281,1,7.46886740729826e-05,7.882762997331859e-06,1,1,,0,8.472184111396663e-09,0.6529570525285445,0.4489022893862563,0.3015220166549512,0.0,0.0,0.0,0.007649181485599599,0.00864226093525199,0.013983110084059641,0.002800222819185674,0.007748594351173689,0.9894912164939305,35.87866471357325,0.0,0.36556570007715306,0.6529570525285445,0.4489022893862563,0.3015220166549512,0.00864226093525199,0.007649181485599599,0.013983110084059641,0.36556570007715306,0.0
282,1,7.46842037284473e-05,7.853993919983288e-06,1,2,,0,3.8889129496551884e-11,0.6528953568194659,0.44879767420494215,0.30152214477391004,0.0,0.0,0.0,0.007649193778332986,0.008642002298567578,0.01398205120311338,0.0028009200491605794,0.007748224910281295,0.9894397125782527,35.87676484475089,0.0,0.3655670740800745,0.6528953568194659,0.44879767420494215,0.30152214477391004,0.008642002298567578,0.007649193778332986,0.01398205120311338,0.3655670740800745,0.0
283,1,7.46842037284473e-05,7.853353794507223e-06,1,1,,0,1.6683606112361472e-09,0.6528953568194659,0.4487978499064094,0.30152226281793354,0.0,0.0,0.0,0.007649193778332986,0.008642002298567578,0.01398205120311338,0.0028009200491605794,0.007748224910281295,0.9894397125782527,35.87676484475089,0.0,0.3655684493433003,0.6528953568194659,0.4487978499064094,0.30152226281793354,0.008642002298567578,0.007649193778332986,0.01398205120311338,0.3655684493433003,0.0
284,1,7.46842037284473e-05,7.852735819012297e-06,1,1,,0,3.334917066949032e-09,0.6528953568194659,0.4487980103736403,0.30152237062692266,0.0,0.0,0.0,0.007649193778332986,0.008642002298567578,0.01398205120311338,0.0028009200491605794,0.007748224910281295,0.9894397125782527,35.87676484475089,0.0,0.365569825254419,0.6528953568194659,0.4487980103736403,0.30152237062692266,0.008642002298567578,0.007649193778332986,0.01398205120311338,0.365569825254419,0.0
285,1,7.46842037284473e-05,7.852139651879003e-06,1,1,,0,4.996964201966665e-09,0.6528953568194659,0.4487981554227509,0.30152246807733646,0.0,0.0,0.0,0.007649193778332986,0.008642002298567578,0.01398205120311338,0.0028009200491605794,0.007748224910281295,0.9894397125782527,35.87676484475089,0.0,0.36557120126480996,0.6528953568194659,0.4487981554227509,0.30152246807733646,0.008642002298567578,0.007649193778332986,0.01398205120311338,0.36557120126480996,0.0
286,1,7.46842037284473e-05,7.851564958212538e-06,1,1,,0,6.654624255895975e-09,0.6528953568194659,0.44879828491899676,0.30152255507864684,0.0,0.0,0.0,0.007649193778332986,0.008642002298567578,0.01398205120311338,0.0028009200491605794,0.007748224910281295,0.9894397125782527,35.87676484475089,0.0,0.3655725768824565,0.6528953568194659,0.44879828491899676,0.30152255507864684,0.008642002298567578,0.007649193778332986,0.01398205120311338,0.3655725768824565,0.0
287,1,7.46842037284473e-05,7.851011408762496e-06,1,1,,0,8.308090474638966e-09,0.6528953568194659,0.4487983987719397,0.30152263157009385,0.0,0.0,0.0,0.007649193778332986,0.008642002298567578,0.01398205120311338,0.0028009200491605794,0.007748224910281295,0.9894397125782527,35.87676484475089,0.0,0.36557395166558665,0.6528953568194659,0.4487983987719397,0.30152263157009385,0.008642002298567578,0.007649193778332986,0.01398205120311338,0.36557395166558665,0.0
288,1,7.46842037284473e-05,7.850478679042533e-06,1,1,,0,9.957553653820795e-09,0.6528953568194659,0.44879849693103013,0.3015226975177161,0.0,0.0,0.0,0.007649193778332986,0.008642002298567578,0.01398205120311338,0.0028009200491605794,0.007748224910281295,0.9894397125782527,35.87676484475089,0.0,0.3655753252170437,0.6528953568194659,0.44879849693103013,0.3015226975177161,0.008642002298567578,0.007649193778332986,0.01398205120311338,0.3655753252170437,0.0
289,1,7.467929466219113e-05,7.819860966792798e-06,1,2,,0,4.726794260502406e-11,0.6528286439980157,0.4486861114762849,0.30152275291163694,0.0,0.0,0.0,0.007649201351993034,0.008641718270239497,0.013980921393130211,0.002801656073239332,0.0077478450109236185,0.9893860328586614,35.87475947559955,0.0,0.36557669717930347,0.6528286439980157,0.4486861114762849,0.30152275291163694,0.008641718270239497,0.007649201351993034,0.013980921393130211,0.36557669717930347,0.0
290,1,7.467929466219113e-05,7.81934176251037e-06,1,1,,0,1.6377116176671665e-09,0.6528286439980157,0.4486861802409616,0.3015227991223712,0.0,0.0,0.0,0.007649201351993034,0.008641718270239497,0.013980921393130211,0.002801656073239332,0.0077478450109236185,0.9893860328586614,35.87475947559955,0.0,0.36557806898021356,0.6528286439980157,0.4486861802409616,0.3015227991223712,0.008641718270239497,0.007649201351993034,0.013980921393130211,0.36557806898021356,0.0
291,1,7.467929466219113e-05,7.818842596840953e-06,1,1,,0,3.27609033489529e-09,0.6528286439980157,0.4486862351611226,0.3015228360294154,0.0,0.0,0.0,0.007649201351993034,0.008641718270239497,0.013980921393130211,0.002801656073239332,0.0077478450109236185,0.9893860328586614,35.87475947559955,0.0,0.3655794401237683,0.6528286439980157,0.4486862351611226,0.3015228360294154,0.008641718270239497,0.007649201351993034,0.013980921393130211,0.3655794401237683,0.0
292,1,7.467929466219113e-05,7.818363153820602e-06,1,1,,0,4.9110946134573605e-09,0.6528286439980157,0.44868627610471645,0.3015228635440293,0.0,0.0,0.0,0.007649201351993034,0.008641718270239497,0.013980921393130211,0.002801656073239332,0.0077478450109236185,0.9893860328586614,35.87475947559955,0.0,0.3655808101652022,0.6528286439980157,0.44868627610471645,0.3015228635440293,0.008641718270239497,0.007649201351993034,0.013980921393130211,0.3655808101652022,0.0
293,1,7.467929466219113e-05,7.817903122652085e-06,1,1,,0,6.542734211475042e-09,0.6528286439980157,0.4486863029822281,0.3015228816060578,0.0,0.0,0.0,0.007649201351993034,0.008641718270239497,0.013980921393130211,0.002801656073239332,0.0077478450109236185,0.9893860328586614,35.87475947559955,0.0,0.3655821787052491,0.6528286439980157,0.4486863029822281,0.3015228816060578,0.008641718270239497,0.007649201351993034,0.013980921393130211,0.3655821787052491,0.0
294,1,7.467929466219113e-05,7.817462196957194e-06,1,1,,0,8.17113673153468e-09,0.6528286439980157,0.4486863157423657,0.30152289018103184,0.0,0.0,0.0,0.007649201351993034,0.008641718270239497,0.013980921393130211,0.002801656073239332,0.0077478450109236185,0.9893860328586614,35.87475947559955,0.0,0.3655835453850591,0.6528286439980157,0.4486863157423657,0.30152289018103184,0.008641718270239497,0.007649201351993034,0.013980921393130211,0.3655835453850591,0.0
295,1,7.467929466219113e-05,7.817040074170675e-06,1,1,,0,9.79643642087869e-09,0.6528286439980157,0.44868631436812784,0.3015228892575265,0.0,0.0,0.0,0.007649201351993034,0.008641718270239497,0.013980921393130211,0.002801656073239332,0.0077478450109236185,0.9893860328586614,35.87475947559955,0.0,0.3655849098816989,0.6528286439980157,0.44868631436812784,0.3015228892575265,0.008641718270239497,0.007649201351993034,0.013980921393130211,0.3655849098816989,0.0
296,1,7.467469352935296e-05,7.788971651420534e-06,1,2,,0,4.190532567442129e-11,0.6527669138856872,0.44858293016997985,0.3015228788447546,0.0,0.0,0.0,0.00764919917421791,0.00864145204982085,0.0139798969176194,0.0028023088677758827,0.007747513640546795,0.9893385039980406,35.872958745000005,0.0,0.3655862719041668,0.6527669138856872,0.44858293016997985,0.3015228788447546,0.00864145204982085,0.00764919917421791,0.0139798969176194,0.3655862719041668,0.0
297,1,7.467469352935296e-05,7.788559837606705e-06,1,1,,0,1.612432817276181e-09,0.6527669138856872,0.4485829056354589,0.3015228623534463,0.0,0.0,0.0,0.00764919917421791,0.00864145204982085,0.0139798969176194,0.0028023088677758827,0.007747513640546795,0.9893385039980406,35.872958745000005,0.0,0.3655876312021667,0.6527669138856872,0.4485829056354589,0.3015228623534463,0.00864145204982085,0.00764919917421791,0.0139798969176194,0.3655876312021667,0.0
298,1,7.467469352935296e-05,7.788163502741752e-06,1,1,,0,3.22426888051496e-09,0.6527669138856872,0.44858287155086624,0.3015228394428901,0.0,0.0,0.0,0.00764919917421791,0.00864145204982085,0.0139798969176194,0.0028023088677758827,0.007747513640546795,0.9893385039980406,35.872958745000005,0.0,0.36558898753355484,0.6527669138856872,0.44858287155086624,0.3015228394428901,0.00864145204982085,0.00764919917421791,0.0139798969176194,0.36558898753355484,0.0
299,1,7.467469352935296e-05,7.787782647983573e-06,1,1,,0,4.831356320017753e-09,0.6527669138856872,0.4485828274918344,0.30152280982783963,0.0,0.0,0.0,0.00764919917421791,0.00864145204982085,0.0139798969176194,0.0028023088677758827,0.007747513640546795,0.9893385039980406,35.872958745000005,0.0,0.3655903406796932,0.6527669138856872,0.4485828274918344,0.30152280982783963,0.00864145204982085,0.00764919917421791,0.0139798969176194,0.3655903406796932,0.0
300,1,7.467469352935296e-05,7.787417246131177e-06,1,1,,0,6.43388197103957e-09,0.6527669138856872,0.4485827731076774,0.3015227732725752,0.0,0.0,0.0,0.00764919917421791,0.00864145204982085,0.0139798969176194,0.0028023088677758827,0.007747513640546795,0.9893385039980406,35.872958745000005,0.0,0.365591690442832,0.6527669138856872,0.4485827731076774,0.3015227732725752,0.00864145204982085,0.00764919917421791,0.0139798969176194,0.365591690442832,0.0
301,1,7.467469352935296e-05,7.787067244717993e-06,1,1,,0,8.032105072291154e-09,0.6527669138856872,0.44858270811345397,0.30152272958556864,0.0,0.0,0.0,0.00764919917421791,0.00864145204982085,0.0139798969176194,0.0028023088677758827,0.007747513640546795,0.9893385039980406,35.872958745000005,0.0,0.3655930366437966,0.6527669138856872,0.44858270811345397,0.30152272958556864,0.00864145204982085,0.00764919917421791,0.0139798969176194,0.3655930366437966,0.0
302,1,7.467469352935296e-05,7.786732568797226e-06,1,1,,0,9.626271176830458e-09,0.6527669138856872,0.4485826322828373,0.3015226786146906,0.0,0.0,0.0,0.00764919917421791,0.00864145204982085,0.0139798969176194,0.0028023088677758827,0.007747513640546795,0.9893385039980406,35.872958745000005,0.0,0.3655943791199432,0.6527669138856872,0.4485826322828373,0.3015226786146906,0.00864145204982085,0.00764919917421791,0.0139798969176194,0.3655943791199432,0.0
303,1,7.467037907204992e-05,7.760884568358034e-06,1,2,,0,3.7151558795648265e-11,0.6527096921451965,0.4484872645505912,0.30152262024290644,0.0,0.0,0.0,0.007649189017489685,0.008641202408927238,0.013978965223785323,0.0028028892001875113,0.007747223488319308,0.9892962527280491,35.87133579056854,0.0,0.3655957177233531,0.6527096921451965,0.4484872645505912,0.30152262024290644,0.008641202408927238,0.007649189017489685,0.013978965223785323,0.3655957177233531,0.0
304,1,7.467037907204992e-05,7.760554636033194e-06,1,1,,0,1.5772626768566588e-09,0.6527096921451965,0.44848717384122894,0.30152255925806526,0.0,0.0,0.0,0.007649189017489685,0.008641202408927238,0.013978965223785323,0.0028028892001875113,0.007747223488319308,0.9892962527280491,35.87133579056854,0.0,0.3655970510222679,0.6527096921451965,0.44848717384122894,0.30152255925806526,0.008641202408927238,0.007649189017489685,0.013978965223785323,0.3655970510222679,0.0
305,1,7.467037907204992e-05,7.760235328514444e-06,1,1,,0,3.151203211023987e-09,0.6527096921451965,0.44848707833030826,0.3015224950450869,0.0,0.0,0.0,0.007649189017489685,0.008641202408927238,0.013978965223785323,0.0028028892001875113,0.007747223488319308,0.9892962527280491,35.87133579056854,0.0,0.36559837903992,0.6527096921451965,0.44848707833030826,0.3015224950450869,0.008641202408927238,0.007649189017489685,0.013978965223785323,0.36559837903992,0.0
306,1,7.467037907204992e-05,7.759927016819473e-06,1,1,,0,4.717978006282988e-09,0.6527096921451965,0.44848697722919734,0.3015224270737658,0.0,0.0,0.0,0.007649189017489685,0.008641202408927238,0.013978965223785323,0.0028028892001875113,0.007747223488319308,0.9892962527280491,35.87133579056854,0.0,0.3655997017941449,0.6527096921451965,0.44848697722919734,0.3015224270737658,0.008641202408927238,0.007649189017489685,0.013978965223785323,0.3655997017941449,0.0
307,1,7.467037907204992e-05,7.759630004542714e-06,1,1,,0,6.2780415098562855e-09,0.6527096921451965,0.4484868698616877,0.3015223548894799,0.0,0.0,0.0,0.007649189017489685,0.008641202408927238,0.013978965223785323,0.0028028892001875113,0.007747223488319308,0.9892962527280491,35.87133579056854,0.0,0.36560101929800004,0.6527096921451965,0.4484868698616877,0.3015223548894799,0.008641202408927238,0.007649189017489685,0.013978965223785323,0.36560101929800004,0.0
308,1,7.467037907204992e-05,7.759344535341917e-06,1,1,,0,7.831870097208982e-09,0.6527096921451965,0.4484867556516448,0.30152227810488863,0.0,0.0,0.0,0.007649189017489685,0.008641202408927238,0.013978965223785323,0.0028028892001875113,0.007747223488319308,0.9892962527280491,35.87133579056854,0.0,0.36560233156032307,0.6527096921451965,0.4484867556516448,0.30152227810488863,0.008641202408927238,0.007649189017489685,0.013978965223785323,0.36560233156032307,0.0
309,1,7.467037907204992e-05,7.75907079963532e-06,1,1,,0,9.379897444884055e-09,0.6527096921451965,0.44848663411197565,0.30152219639251365,0.0,0.0,0.0,0.007649189017489685,0.008641202408927238,0.013978965223785323,0.0028028892001875113,0.007747223488319308,0.9892962527280491,35.87133579056854,0.0,0.3656036385862365,0.6527096921451965,0.44848663411197565,0.30152219639251365,0.008641202408927238,0.007649189017489685,0.013978965223785323,0.3656036385862365,0.0
310,1,7.466633206023817e-05,7.735232739136287e-06,1,2,,0,3.293538250689243e-11,0.6526565791942792,0.4483985373782189,0.30152210947810965,0.0,0.0,0.0,0.007649174616055344,0.008640968236270643,0.013978112397703187,0.0028034125238101657,0.007746966977351188,0.9892583740186088,35.869862746759345,0.0,0.3656049403776038,0.6526565791942792,0.4483985373782189,0.30152210947810965,0.008640968236270643,0.007649174616055344,0.013978112397703187,0.3656049403776038,0.0
311,1,7.466633206023817e-05,7.734959568098976e-06,1,1,,0,1.5273913829579135e-09,0.6526565791942792,0.44839840773890344,0.30152202230316033,0.0,0.0,0.0,0.007649174616055344,0.008640968236270643,0.013978112397703187,0.0028034125238101657,0.007746966977351188,0.9892583740186088,35.869862746759345,0.0,0.3656062351454893,0.6526565791942792,0.44839840773890344,0.30152202230316033,0.008640968236270643,0.007649174616055344,0.013978112397703187,0.3656062351454893,0.0
312,1,7.466633206023817e-05,7.734693560052562e-06,1,1,,0,3.0492179919950553e-09,0.6526565791942792,0.4483982765569042,0.3015219340908449,0.0,0.0,0.0,0.007649174616055344,0.008640968236270643,0.013978112397703187,0.0028034125238101657,0.007746966977351188,0.9892583740186088,35.869862746759345,0.0,0.36560752308984845,0.6526565791942792,0.4483982765569042,0.3015219340908449,0.008640968236270643,0.007649174616055344,0.013978112397703187,0.36560752308984845,0.0
313,1,7.466633206023817e-05,7.734435317460999e-06,1,1,,0,4.562074156664756e-09,0.6526565791942792,0.4483981428281188,0.3015218441659631,0.0,0.0,0.0,0.007649174616055344,0.008640968236270643,0.013978112397703187,0.0028034125238101657,0.007746966977351188,0.9892583740186088,35.869862746759345,0.0,0.36560880438624394,0.6526565791942792,0.4483981428281188,0.3015218441659631,0.008640968236270643,0.007649174616055344,0.013978112397703187,0.36560880438624394,0.0
314,1,7.466633206023817e-05,7.734185351749408e-06,1,1,,0,6.0666081885584095e-09,0.6526565791942792,0.4483980056829056,0.30152175194373104,0.0,0.0,0.0,0.007649174616055344,0.008640968236270643,0.013978112397703187,0.0028034125238101657,0.007746966977351188,0.9892583740186088,35.869862746759345,0.0,0.36561007918858335,0.6526565791942792,0.4483980056829056,0.30152175194373104,0.008640968236270643,0.007649174616055344,0.013978112397703187,0.36561007918858335,0.0
315,1,7.466633206023817e-05,7.733944093457256e-06,1,1,,0,7.56345249050533e-09,0.6526565791942792,0.44839786437121765,0.30152165691978544,0.0,0.0,0.0,0.007649174616055344,0.008640968236270643,0.013978112397703187,0.0028034125238101657,0.007746966977351188,0.9892583740186088,35.869862746759345,0.0,0.36561134763155984,0.6526565791942792,0.44839786437121765,0.30152165691978544,0.008640968236270643,0.007649174616055344,0.013978112397703187,0.36561134763155984,0.0
316,1,7.466633206023817e-05,7.733711901281325e-06,1,1,,0,9.053175365094697e-09,0.6526565791942792,0.4483977182493446,0.30152155866126823,0.0,0.0,0.0,0.007649174616055344,0.008640968236270643,0.013978112397703187,0.0028034125238101657,0.007746966977351188,0.9892583740186088,35.869862746759345,0.0,0.36561260983282723,0.6526565791942792,0.4483977182493446,0.30152155866126823,0.008640968236270643,0.007649174616055344,0.013978112397703187,0.36561260983282723,0.0
317,1,7.466253478357903e-05,7.711712531511496e-06,1,2,,0,2.91935086439013e-11,0.65260722643289,0.44831624911481094,0.3015214567988728,0.0,0.0,0.0,0.007649159134383635,0.008640748508293656,0.013977326519081273,0.0028038920322868703,0.007746737760785291,0.9892241059546992,35.86851600638515,0.0,0.36561386589493916,0.65260722643289,0.44831624911481094,0.3015214567988728,0.008640748508293656,0.007649159134383635,0.013977326519081273,0.36561386589493916,0.0
318,1,7.466253478357903e-05,7.71147941663573e-06,1,1,,0,1.467494772909216e-09,0.65260722643289,0.44831609865723504,0.30152135560649446,0.0,0.0,0.0,0.007649159134383635,0.008640748508293656,0.013977326519081273,0.0028038920322868703,0.007746737760785291,0.9892241059546992,35.86851600638515,0.0,0.365615114231863,0.65260722643289,0.44831609865723504,0.30152135560649446,0.008640748508293656,0.007649159134383635,0.013977326519081273,0.365615114231863,0.0
319,1,7.466253478357903e-05,7.711251728693386e-06,1,1,,0,2.9284712264559044e-09,0.65260722643289,0.44831594802337843,0.30152125429555604,0.0,0.0,0.0,0.007649159134383635,0.008640748508293656,0.013977326519081273,0.0028038920322868703,0.007746737760785291,0.9892241059546992,35.86851600638515,0.0,0.3656163551119513,0.65260722643289,0.44831594802337843,0.30152125429555604,0.008640748508293656,0.007649159134383635,0.013977326519081273,0.3656163551119513,0.0
320,1,7.466253478357903e-05,7.711030122087822e-06,1,1,,0,4.379898718023109e-09,0.65260722643289,0.44831579619195555,0.30152115217917735,0.0,0.0,0.0,0.007649159134383635,0.008640748508293656,0.013977326519081273,0.0028038920322868703,0.007746737760785291,0.9892241059546992,35.86851600638515,0.0,0.3656175887721861,0.65260722643289,0.44831579619195555,0.30152115217917735,0.008640748508293656,0.007649159134383635,0.013977326519081273,0.3656175887721861,0.0
321,1,7.466253478357903e-05,7.710815156430917e-06,1,1,,0,5.822478933557314e-09,0.65260722643289,0.4483156422761615,0.3015210486609255,0.0,0.0,0.0,0.007649159134383635,0.008640748508293656,0.013977326519081273,0.0028038920322868703,0.007746737760785291,0.9892241059546992,35.86851600638515,0.0,0.36561881542169256,0.65260722643289,0.4483156422761615,0.3015210486609255,0.008640748508293656,0.007649159134383635,0.013977326519081273,0.36561881542169256,0.0
322,1,7.466253478357903e-05,7.710607307115547e-06,1,1,,0,7.2568798355575454e-09,0.65260722643289,0.448315485508763,0.3015209432247865,0.0,0.0,0.0,0.007649159134383635,0.008640748508293656,0.013977326519081273,0.0028038920322868703,0.007746737760785291,0.9892241059546992,35.86851600638515,0.0,0.36562003524486897,0.65260722643289,0.448315485508763,0.3015209432247865,0.008640748508293656,0.007649159134383635,0.013977326519081273,0.36562003524486897,0.0
323,1,7.466253478357903e-05,7.710406974762075e-06,1,1,,0,8.683698808741312e-09,0.65260722643289,0.44831532522880246,0.30152083542622404,0.0,0.0,0.0,0.007649159134383635,0.008640748508293656,0.013977326519081273,0.0028038920322868703,0.007746737760785291,0.9892241059546992,35.86851600638515,0.0,0.36562124840417304,0.65260722643289,0.44831532522880246,0.30152083542622404,0.008640748508293656,0.007649159134383635,0.013977326519081273,0.36562124840417304,0.0
324,1,7.465897091493218e-05,7.690076579932087e-06,1,2,,0,2.587505360464042e-11,0.6525613136535273,0.4482398732164238,0.3015207248842099,0.0,0.0,0.0,0.007649143998836543,0.008640542281299951,0.013976599199753578,0.0028043354792711248,0.007746531345446416,0.9891929052378982,35.8672785195741,0.0,0.3656224550426027,0.6525613136535273,0.4482398732164238,0.3015207248842099,0.008640542281299951,0.007649143998836543,0.013976599199753578,0.3656224550426027,0.0
325,1,7.465897091493218e-05,7.689875770603229e-06,1,1,,0,1.4049574937018372e-09,0.6525613136535273,0.44823970991489004,0.30152061503499794,0.0,0.0,0.0,0.007649143998836543,0.008640542281299951,0.013976599199753578,0.0028043354792711248,0.007746531345446416,0.9891929052378982,35.8672785195741,0.0,0.36562365392227203,0.6525613136535273,0.44823970991489004,0.30152061503499794,0.008640542281299951,0.007649143998836543,0.013976599199753578,0.36562365392227203,0.0
326,1,7.465897091493218e-05,7.689679768645045e-06,1,1,,0,2.803411234700669e-09,0.6525613136535273,0.4482395465936668,0.30152050517254136,0.0,0.0,0.0,0.007649143998836543,0.008640542281299951,0.013976599199753578,0.0028043354792711248,0.007746531345446416,0.9891929052378982,35.8672785195741,0.0,0.36562484530922373,0.6525613136535273,0.4482395465936668,0.30152050517254136,0.008640542281299951,0.007649143998836543,0.013976599199753578,0.36562484530922373,0.0
327,1,7.465897091493218e-05,7.689489166490546e-06,1,1,,0,4.192610080592435e-09,0.6525613136535273,0.44823938233895316,0.301520394682147,0.0,0.0,0.0,0.007649143998836543,0.008640542281299951,0.013976599199753578,0.0028043354792711248,0.007746531345446416,0.9891929052378982,35.8672785195741,0.0,0.36562602943895006,0.6525613136535273,0.44823938233895316,0.301520394682147,0.008640542281299951,0.007649143998836543,0.013976599199753578,0.36562602943895006,0.0
328,1,7.465897091493218e-05,7.689304470516155e-06,1,1,,0,5.5732094659558105e-09,0.6525613136535273,0.44823921635769737,0.30152028303034734,0.0,0.0,0.0,0.007649143998836543,0.008640542281299951,0.013976599199753578,0.0028043354792711248,0.007746531345446416,0.9891929052378982,35.8672785195741,0.0,0.36562720651981545,0.6525613136535273,0.44823921635769737,0.30152028303034734,0.008640542281299951,0.007649143998836543,0.013976599199753578,0.36562720651981545,0.0
329,1,7.465897091493218e-05,7.689126110681658e-06,1,1,,0,6.945827571192105e-09,0.6525613136535273,0.4482390479641778,0.30152016975587265,0.0,0.0,0.0,0.007649143998836543,0.008640542281299951,0.013976599199753578,0.0028043354792711248,0.007746531345446416,0.9891929052378982,35.8672785195741,0.0,0.365628376736102,0.6525613136535273,0.4482390479641778,0.30152016975587265,0.008640542281299951,0.007649143998836543,0.013976599199753578,0.365628376736102,0.0
330,1,7.465897091493218e-05,7.688954449118452e-06,1,1,,0,8.311016187365737e-09,0.6525613136535273,0.4482388765680404,0.3015200544616059,0.0,0.0,0.0,0.007649143998836543,0.008640542281299951,0.013976599199753578,0.0028043354792711248,0.007746531345446416,0.9891929052378982,35.8672785195741,0.0,0.36562954025072203,0.6525613136535273,0.4482388765680404,0.3015200544616059,0.008640542281299951,0.007649143998836543,0.013976599199753578,0.36562954025072203,0.0
331,1,7.465897091493218e-05,7.68878978777777e-06,1,1,,0,9.669263650622357e-09,0.6525613136535273,0.44823870166364155,0.30151993680741157,0.0,0.0,0.0,0.007649143998836543,0.008640542281299951,0.013976599199753578,0.0028043354792711248,0.007746531345446416,0.9891929052378982,35.8672785195741,0.0,0.3656306972076318,0.6525613136535273,0.44823870166364155,0.30151993680741157,0.008640542281299951,0.007649143998836543,0.013976599199753578,0.3656306972076318,0.0
332,1,7.465516411968665e-05,7.667398416534603e-06,1,2,,0,2.96996661475287e-11,0.6525126698783992,0.44815908466666404,0.3015198165037443,0.0,0.0,0.0,0.007649126841624503,0.008640321991667132,0.013975832839937719,0.0028048016346569923,0.007746319601798156,0.9891605419565018,35.86598323748522,0.0,0.3656318477339802,0.6525126698783992,0.44815908466666404,0.3015198165037443,0.008640321991667132,0.007649126841624503,0.013975832839937719,0.3656318477339802,0.0
333,1,7.465516411968665e-05,7.667232850364866e-06,1,1,,0,1.3369166188227437e-09,0.6525126698783992,0.4481589068931716,0.30151969689837965,0.0,0.0,0.0,0.007649126841624503,0.008640321991667132,0.013975832839937719,0.0028048016346569923,0.007746319601798156,0.9891605419565018,35.86598323748522,0.0,0.36563299062052285,0.6525126698783992,0.4481589068931716,0.30151969689837965,0.008640321991667132,0.007649126841624503,0.013975832839937719,0.36563299062052285,0.0
334,1,7.465516411968665e-05,7.667071518636206e-06,1,1,,0,2.6683376034068215e-09,0.6525126698783992,0.4481587292399423,0.3015195773739272,0.0,0.0,0.0,0.007649126841624503,0.008640321991667132,0.013975832839937719,0.0028048016346569923,0.007746319601798156,0.9891605419565018,35.86598323748522,0.0,0.3656341261172936,0.6525126698783992,0.4481587292399423,0.3015195773739272,0.008640321991667132,0.007649126841624503,0.013975832839937719,0.3656341261172936,0.0
335,1,7.465516411968665e-05,7.666914940081301e-06,1,1,,0,3.9909214677810204e-09,0.6525126698783992,0.44815855090848894,0.3015194573931685,0.0,0.0,0.0,0.007649126841624503,0.008640321991667132,0.013975832839937719,0.0028048016346569923,0.007746319601798156,0.9891605419565018,35.86598323748522,0.0,0.36563525444614275,0.6525126698783992,0.44815855090848894,0.3015194573931685,0.008640321991667132,0.007649126841624503,0.013975832839937719,0.36563525444614275,0.0
336,1,7.465516411968665e-05,7.666763557611538e-06,1,1,,0,5.305232607846606e-09,0.6525126698783992,0.4481583712062543,0.3015193364901527,0.0,0.0,0.0,0.007649126841624503,0.008640321991667132,0.013975832839937719,0.0028048016346569923,0.007746319601798156,0.9891605419565018,35.86598323748522,0.0,0.3656363758038917,0.6525126698783992,0.4481583712062543,0.3015193364901527,0.008640321991667132,0.007649126841624503,0.013975832839937719,0.3656363758038917,0.0
337,1,7.465516411968665e-05,7.666617746824239e-06,1,1,,0,6.611823995589907e-09,0.6525126698783992,0.44815818953481346,0.30151921426226225,0.0,0.0,0.0,0.007649126841624503,0.008640321991667132,0.013975832839937719,0.0028048016346569923,0.007746319601798156,0.9891605419565018,35.86598323748522,0.0,0.3656374903651414,0.6525126698783992,0.44815818953481346,0.30151921426226225,0.008640321991667132,0.007649126841624503,0.013975832839937719,0.3656374903651414,0.0
338,1,7.465516411968665e-05,7.666477823583683e-06,1,1,,0,7.911192178706502e-09,0.6525126698783992,0.4481580053793659,0.3015190903631411,0.0,0.0,0.0,0.007649126841624503,0.008640321991667132,0.013975832839937719,0.0028048016346569923,0.007746319601798156,0.9891605419565018,35.86598323748522,0.0,0.3656385982847726,0.6525126698783992,0.4481580053793659,0.3015190903631411,0.008640321991667132,0.007649126841624503,0.013975832839937719,0.3656385982847726,0.0
339,1,7.465516411968665e-05,7.666344050777055e-06,1,1,,0,9.203777268793818e-09,0.6525126698783992,0.4481578182993689,0.30151896449639354,0.0,0.0,0.0,0.007649126841624503,0.008640321991667132,0.013975832839937719,0.0028048016346569923,0.007746319601798156,0.9891605419565018,35.86598323748522,0.0,0.3656396997001708,0.6525126698783992,0.4481578182993689,0.30151896449639354,0.008640321991667132,0.007649126841624503,0.013975832839937719,0.3656396997001708,0.0
340,1,7.465162182382084e-05,7.646672130512298e-06,1,2,,0,2.5887365314844207e-11,0.6524677084557893,0.44808447454715644,0.3015188364099689,0.0,0.0,0.0,0.007649108873712814,0.00864011700290111,0.013975130423851281,0.0028052258129655596,0.007746130687852122,0.9891313316103989,35.86480301553097,0.0,0.36564079473320754,0.6524677084557893,0.44808447454715644,0.3015188364099689,0.00864011700290111,0.007649108873712814,0.013975130423851281,0.36564079473320754,0.0
341,1,7.465162182382084e-05,7.646537796876913e-06,1,1,,0,1.2721583590483676e-09,0.6524677084557893,0.44808428547393636,0.3015187091814203,0.0,0.0,0.0,0.007649108873712814,0.00864011700290111,0.013975130423851281,0.0028052258129655596,0.007746130687852122,0.9891313316103989,35.86480301553097,0.0,0.365641882190829,0.6524677084557893,0.44808428547393636,0.3015187091814203,0.00864011700290111,0.007649108873712814,0.013975130423851281,0.365641882190829,0.0
342,1,7.465162182382084e-05,7.646406999356093e-06,1,1,,0,2.538650799359833e-09,0.6524677084557893,0.448084096849105,0.3015185822545954,0.0,0.0,0.0,0.007649108873712814,0.00864011700290111,0.013975130423851281,0.0028052258129655596,0.007746130687852122,0.9891313316103989,35.86480301553097,0.0,0.365642962317997,0.6524677084557893,0.448084096849105,0.3015185822545954,0.00864011700290111,0.007649108873712814,0.013975130423851281,0.365642962317997,0.0
343,1,7.465162182382084e-05,7.646280211811837e-06,1,1,,0,3.796495752139258e-09,0.6524677084557893,0.44808390795333336,0.3015184551454531,0.0,0.0,0.0,0.007649108873712814,0.00864011700290111,0.013975130423851281,0.0028052258129655596,0.007746130687852122,0.9891313316103989,35.86480301553097,0.0,0.365644035332577,0.6524677084557893,0.44808390795333336,0.3015184551454531,0.00864011700290111,0.007649108873712814,0.013975130423851281,0.365644035332577,0.0
344,1,7.465162182382084e-05,7.646157839179458e-06,1,1,,0,5.0462278237751395e-09,0.6524677084557893,0.44808371816253983,0.30151832743404483,0.0,0.0,0.0,0.007649108873712814,0.00864011700290111,0.013975130423851281,0.0028052258129655596,0.007746130687852122,0.9891313316103989,35.86480301553097,0.0,0.3656451014283672,0.6524677084557893,0.44808371816253983,0.30151832743404483,0.00864011700290111,0.007649108873712814,0.013975130423851281,0.3656451014283672,0.0
345,1,7.465162182382084e-05,7.646040225218953e-06,1,1,,0,6.288362600642523e-09,0.6524677084557893,0.4480835269372692,0.3015181987573681,0.0,0.0,0.0,0.007649108873712814,0.00864011700290111,0.013975130423851281,0.0028052258129655596,0.007746130687852122,0.9891313316103989,35.86480301553097,0.0,0.36564616077779477,0.6524677084557893,0.4480835269372692,0.3015181987573681,0.00864011700290111,0.007649108873712814,0.013975130423851281,0.36564616077779477,0.0
346,1,7.465162182382084e-05,7.64592765940812e-06,1,1,,0,7.52336188576288e-09,0.6524677084557893,0.4480833338132321,0.3015180688029996,0.0,0.0,0.0,0.007649108873712814,0.00864011700290111,0.013975130423851281,0.0028052258129655596,0.007746130687852122,0.9891313316103989,35.86480301553097,0.0,0.36564721353431556,0.6524677084557893,0.4480833338132321,0.3015180688029996,0.00864011700290111,0.007649108873712814,0.013975130423851281,0.36564721353431556,0.0
347,1,7.465162182382084e-05,7.645820383093797e-06,1,1,,0,8.75163468361167e-09,0.6524677084557893,0.44808313839287356,0.3015179373034221,0.0,0.0,0.0,0.007649108873712814,0.00864011700290111,0.013975130423851281,0.0028052258129655596,0.007746130687852122,0.9891313316103989,35.86480301553097,0.0,0.36564825983455057,0.6524677084557893,0.44808313839287356,0.3015179373034221,0.00864011700290111,0.007649108873712814,0.013975130423851281,0.36564825983455057,0.0
348,1,7.465162182382084e-05,7.645718594968303e-06,1,1,,0,9.973541922785391e-09,0.6524677084557893,0.4480829403378615,0.3015178040309698,0.0,0.0,0.0,0.007649108873712814,0.00864011700290111,0.013975130423851281,0.0028052258129655596,0.007746130687852122,0.9891313316103989,35.86480301553097,0.0,0.3656492998001869,0.6524677084557893,0.4480829403378615,0.3015178040309698,0.00864011700290111,0.007649108873712814,0.013975130423851281,0.3656492998001869,0.0
349,1,7.464792897299229e-05,7.625430179813581e-06,1,2,,0,2.8305996660310378e-11,0.652421131638591,0.44800717556215086,0.3015176687933255,0.0,0.0,0.0,0.007649087518761736,0.008639903296506986,0.013974409316872745,0.0028056568874431295,0.007745941951857575,0.9891017943352561,35.86359805101267,0.0,0.36565033353967,0.652421131638591,0.44800717556215086,0.3015176687933255,0.008639903296506986,0.007649087518761736,0.013974409316872745,0.36565033353967,0.0
350,1,7.464792897299229e-05,7.62532655668971e-06,1,1,,0,1.201319825344826e-09,0.652421131638591,0.4480069766644755,0.30151753493126543,0.0,0.0,0.0,0.007649087518761736,0.008639903296506986,0.013974409316872745,0.0028056568874431295,0.007745941951857575,0.9891017943352561,35.86359805101267,0.0,0.36565135964863005,0.652421131638591,0.4480069766644755,0.30151753493126543,0.008639903296506986,0.007649087518761736,0.013974409316872745,0.36565135964863005,0.0
351,1,7.464792897299229e-05,7.625225390023722e-06,1,1,,0,2.397206440939628e-09,0.652421131638591,0.44800677901366287,0.3015174019083685,0.0,0.0,0.0,0.007649087518761736,0.008639903296506986,0.013974409316872745,0.0028056568874431295,0.007745941951857575,0.9891017943352561,35.86359805101267,0.0,0.3656523783857493,0.652421131638591,0.44800677901366287,0.3015174019083685,0.008639903296506986,0.007649087518761736,0.013974409316872745,0.3656523783857493,0.0
352,1,7.464792897299229e-05,7.625127152779137e-06,1,1,,0,3.584331220118106e-09,0.652421131638591,0.4480065819145254,0.3015172692567602,0.0,0.0,0.0,0.007649087518761736,0.008639903296506986,0.013974409316872745,0.0028056568874431295,0.007745941951857575,0.9891017943352561,35.86359805101267,0.0,0.3656533899816238,0.652421131638591,0.4480065819145254,0.3015172692567602,0.008639903296506986,0.007649087518761736,0.013974409316872745,0.3656533899816238,0.0
353,1,7.464792897299229e-05,7.6250322511426124e-06,1,1,,0,4.763206381830213e-09,0.652421131638591,0.4480063847623979,0.30151713656948853,0.0,0.0,0.0,0.007649087518761736,0.008639903296506986,0.013974409316872745,0.0028056568874431295,0.007745941951857575,0.9891017943352561,35.86359805101267,0.0,0.36565439464189325,0.652421131638591,0.4480063847623979,0.30151713656948853,0.008639903296506986,0.007649087518761736,0.013974409316872745,0.36565439464189325,0.0
354,1,7.464792897299229e-05,7.624941032027001e-06,1,1,,0,5.934339642638478e-09,0.652421131638591,0.44800618703304484,0.30151700349373234,0.0,0.0,0.0,0.007649087518761736,0.008639903296506986,0.013974409316872745,0.0028056568874431295,0.007745941951857575,0.9891017943352561,35.86359805101267,0.0,0.3656553925500278,0.652421131638591,0.44800618703304484,0.30151700349373234,0.008639903296506986,0.007649087518761736,0.013974409316872745,0.3656553925500278,0.0
355,1,7.464792897299229e-05,7.6248537897426425e-06,1,1,,0,7.098188007875023e-09,0.652421131638591,0.44800598827366955,0.3015168697247511,0.0,0.0,0.0,0.007649087518761736,0.008639903296506986,0.013974409316872745,0.0028056568874431295,0.007745941951857575,0.9891017943352561,35.86359805101267,0.0,0.36565638386980803,0.652421131638591,0.44800598827366955,0.3015168697247511,0.008639903296506986,0.007649087518761736,0.013974409316872745,0.36565638386980803,0.0
356,1,7.464792897299229e-05,7.624770771945419e-06,1,1,,0,8.255157074572637e-09,0.652421131638591,0.4480057880949067,0.30151673500049414,0.0,0.0,0.0,0.007649087518761736,0.008639903296506986,0.013974409316872745,0.0028056568874431295,0.007745941951857575,0.9891017943352561,35.86359805101267,0.0,0.36565736874753196,0.652421131638591,0.4480057880949067,0.30151673500049414,0.008639903296506986,0.007649087518761736,0.013974409316872745,0.36565736874753196,0.0
357,1,7.464792897299229e-05,7.624692184938157e-06,1,1,,0,9.405605294294333e-09,0.652421131638591,0.44800558616368785,0.30151659909679934,0.0,0.0,0.0,0.007649087518761736,0.008639903296506986,0.013974409316872745,0.0028056568874431295,0.007745941951857575,0.9891017943352561,35.86359805101267,0.0,0.36565834731397984,0.652421131638591,0.44800558616368785,0.30151659909679934,0.008639903296506986,0.007649087518761736,0.013974409316872745,0.36565834731397984,0.0
358,1,7.464452213520374e-05,7.606144723395844e-06,1,2,,0,2.4247380201669228e-11,0.6523783888787693,0.44793622845047426,0.30151646182311603,0.0,0.0,0.0,0.00764906532014213,0.00863970613708613,0.013973753919035452,0.0028060444422037642,0.007745774872156137,0.9890753321523196,35.86250828175631,0.0,0.3656593196861623,0.6523783888787693,0.44793622845047426,0.30151646182311603,0.00863970613708613,0.00764906532014213,0.013973753919035452,0.3656593196861623,0.0
359,1,7.464452213520374e-05,7.60606384128267e-06,1,1,,0,1.130208439329729e-09,0.6523783888787693,0.4479360271489633,0.3015163263223115,0.0,0.0,0.0,0.00764906532014213,0.00863970613708613,0.013973753919035452,0.0028060444422037642,0.007745774872156137,0.9890753321523196,35.86250828175631,0.0,0.3656602844588515,0.6523783888787693,0.4479360271489633,0.3015163263223115,0.00863970613708613,0.00764906532014213,0.013973753919035452,0.3656602844588515,0.0
360,1,7.464452213520374e-05,7.6059845207119645e-06,1,1,,0,2.2544488369636106e-09,0.6523783888787693,0.44793582771586665,0.30151619207918073,0.0,0.0,0.0,0.00764906532014213,0.00863970613708613,0.013973753919035452,0.0028060444422037642,0.007745774872156137,0.9890753321523196,35.86250828175631,0.0,0.36566124189977034,0.6523783888787693,0.44793582771586665,0.30151619207918073,0.00863970613708613,0.00764906532014213,0.013973753919035452,0.36566124189977034,0.0
361,1,7.464452213520374e-05,7.605907230304287e-06,1,1,,0,3.3698621043505358e-09,0.6523783888787693,0.4479356294822879,0.3015160586434738,0.0,0.0,0.0,0.00764906532014213,0.00863970613708613,0.013973753919035452,0.0028060444422037642,0.007745774872156137,0.9890753321523196,35.86250828175631,0.0,0.3656621922480015,0.6523783888787693,0.4479356294822879,0.3015160586434738,0.00863970613708613,0.00764906532014213,0.013973753919035452,0.3656621922480015,0.0
362,1,7.464452213520374e-05,7.605832374228371e-06,1,1,,0,4.4769679125634796e-09,0.6523783888787693,0.4479354318650991,0.3015159256226734,0.0,0.0,0.0,0.00764906532014213,0.00863970613708613,0.013973753919035452,0.0028060444422037642,0.007745774872156137,0.9890753321523196,35.86250828175631,0.0,0.3656631357171711,0.6523783888787693,0.4479354318650991,0.3015159256226734,0.00863970613708613,0.00764906532014213,0.013973753919035452,0.3656631357171711,0.0
363,1,7.464452213520374e-05,7.605760299436192e-06,1,1,,0,5.57626866762823e-09,0.6523783888787693,0.4479352343573815,0.3015157926755609,0.0,0.0,0.0,0.00764906532014213,0.00863970613708613,0.013973753919035452,0.0028060444422037642,0.007745774872156137,0.9890753321523196,35.86250828175631,0.0,0.3656640724982821,0.6523783888787693,0.4479352343573815,0.3015157926755609,0.00863970613708613,0.00764906532014213,0.013973753919035452,0.3656640724982821,0.0
364,1,7.464452213520374e-05,7.605691302090389e-06,1,1,,0,6.668215111604657e-09,0.6523783888787693,0.44793503651991357,0.3015156595064857,0.0,0.0,0.0,0.00764906532014213,0.00863970613708613,0.013973753919035452,0.0028060444422037642,0.007745774872156137,0.9890753321523196,35.86250828175631,0.0,0.3656650027622367,0.6523783888787693,0.44793503651991357,0.3015156595064857,0.00863970613708613,0.00764906532014213,0.013973753919035452,0.3656650027622367,0.0
365,1,7.464452213520374e-05,7.605625633296785e-06,1,1,,0,7.753207184439455e-09,0.6523783888787693,0.4479348379735868,0.3015155258602607,0.0,0.0,0.0,0.00764906532014213,0.00863970613708613,0.013973753919035452,0.0028060444422037642,0.007745774872156137,0.9890753321523196,35.86250828175631,0.0,0.36566592666208003,0.6523783888787693,0.4479348379735868,0.3015155258602607,0.00863970613708613,0.00764906532014213,0.013973753919035452,0.36566592666208003,0.0
366,1,7.464452213520374e-05,7.605563504213071e-06,1,1,,0,8.831598584694977e-09,0.6523783888787693,0.44793463839265063,0.30151539151761575,0.0,0.0,0.0,0.00764906532014213,0.00863970613708613,0.013973753919035452,0.0028060444422037642,0.007745774872156137,0.9890753321523196,35.86250828175631,0.0,0.36566684433499885,0.6523783888787693,0.44793463839265063,0.30151539151761575,0.00863970613708613,0.00764906532014213,0.013973753919035452,0.36566684433499885,0.0
367,1,7.464452213520374e-05,7.605505090587941e-06,1,1,,0,9.903701621821861e-09,0.6523783888787693,0.44793443749869716,0.3015152562911478,0.0,0.0,0.0,0.00764906532014213,0.00863970613708613,0.013973753919035452,0.0028060444422037642,0.007745774872156137,0.9890753321523196,35.86250828175631,0.0,0.36566775590409883,0.6523783888787693,0.44793443749869716,0.3015152562911478,0.00863970613708613,0.00764906532014213,0.013973753919035452,0.36566775590409883,0.0
368,1,7.464104450601144e-05,7.586747640751555e-06,1,2,,0,2.541008035648491e-11,0.6523349876601878,0.4478641806078828,0.3015151200217148,0.0,0.0,0.0,0.007649040835767775,0.0086395048762074,0.013973093268310244,0.0028064320358491845,0.00774561053588966,0.9890490101129377,35.86141489055363,0.0,0.36566866147998667,0.6523349876601878,0.4478641806078828,0.3015151200217148,0.0086395048762074,0.007649040835767775,0.013973093268310244,0.36566866147998667,0.0
369,1,7.464104450601144e-05,7.586686095530155e-06,1,1,,0,1.0519940045207354e-09,0.6523349876601878,0.4478639812897639,0.3015149858349925,0.0,0.0,0.0,0.007649040835767775,0.0086395048762074,0.013973093268310244,0.0028064320358491845,0.00774561053588966,0.9890490101129377,35.86141489055363,0.0,0.36566955961601333,0.6523349876601878,0.4478639812897639,0.3015149858349925,0.0086395048762074,0.007649040835767775,0.013973093268310244,0.36566955961601333,0.0
370,1,7.464104450601144e-05,7.58662534608876e-06,1,1,,0,2.098286980703902e-09,0.6523349876601878,0.4478637843401838,0.3015148532428387,0.0,0.0,0.0,0.007649040835767775,0.0086395048762074,0.013973093268310244,0.0028064320358491845,0.00774561053588966,0.9890490101129377,35.86141489055363,0.0,0.3656704505800515,0.6523349876601878,0.4478637843401838,0.3015148532428387,0.0086395048762074,0.007649040835767775,0.013973093268310244,0.3656704505800515,0.0
371,1,7.464104450601144e-05,7.5865658471497984e-06,1,1,,0,3.135848721082323e-09,0.6523349876601878,0.44786358912425367,0.3015147218178283,0.0,0.0,0.0,0.007649040835767775,0.0086395048762074,0.013973093268310244,0.0028064320358491845,0.00774561053588966,0.9890490101129377,35.86141489055363,0.0,0.36567133461172624,0.6523349876601878,0.44786358912425367,0.3015147218178283,0.0086395048762074,0.007649040835767775,0.013973093268310244,0.36567133461172624,0.0
372,1,7.464104450601144e-05,7.586507992357545e-06,1,1,,0,4.165168107224548e-09,0.6523349876601878,0.4478633950872517,0.3015145911865064,0.0,0.0,0.0,0.007649040835767775,0.0086395048762074,0.013973093268310244,0.0028064320358491845,0.00774561053588966,0.9890490101129377,35.86141489055363,0.0,0.3656722119255459,0.6523349876601878,0.4478633950872517,0.3015145911865064,0.0086395048762074,0.007649040835767775,0.013973093268310244,0.3656722119255459,0.0
373,1,7.464104450601144e-05,7.586452121112291e-06,1,1,,0,5.186728578022551e-09,0.6523349876601878,0.4478632017456985,0.30151446102338064,0.0,0.0,0.0,0.007649040835767775,0.0086395048762074,0.013973093268310244,0.0028064320358491845,0.00774561053588966,0.9890490101129377,35.86141489055363,0.0,0.36567308271368865,0.6523349876601878,0.4478632017456985,0.30151446102338064,0.0086395048762074,0.007649040835767775,0.013973093268310244,0.36567308271368865,0.0
374,1,7.464104450601144e-05,7.586398524658142e-06,1,1,,0,6.200965842755483e-09,0.6523349876601878,0.44786300867940565,0.3015143310455683,0.0,0.0,0.0,0.007649040835767775,0.0086395048762074,0.013973093268310244,0.0028064320358491845,0.00774561053588966,0.9890490101129377,35.86141489055363,0.0,0.36567394714848334,0.6523349876601878,0.44786300867940565,0.3015143310455683,0.0086395048762074,0.007649040835767775,0.013973093268310244,0.36567394714848334,0.0
375,1,7.464104450601144e-05,7.586347451508959e-06,1,1,,0,7.208267395689214e-09,0.6523349876601878,0.4478628155243977,0.30151420100803034,0.0,0.0,0.0,0.007649040835767775,0.0086395048762074,0.013973093268310244,0.0028064320358491845,0.00774561053588966,0.9890490101129377,35.86141489055363,0.0,0.3656748053846178,0.6523349876601878,0.4478628155243977,0.30151420100803034,0.0086395048762074,0.007649040835767775,0.013973093268310244,0.3656748053846178,0.0
376,1,7.464104450601144e-05,7.586299112272885e-06,1,1,,0,8.20897657316869e-09,0.6523349876601878,0.4478626219666045,0.3015140706993257,0.0,0.0,0.0,0.007649040835767775,0.0086395048762074,0.013973093268310244,0.0028064320358491845,0.00774561053588966,0.9890490101129377,35.86141489055363,0.0,0.3656756575611034,0.6523349876601878,0.4478626219666045,0.3015140706993257,0.0086395048762074,0.007649040835767775,0.013973093268310244,0.3656756575611034,0.0
377,1,7.464104450601144e-05,7.586253683955294e-06,1,1,,0,9.203397108523311e-09,0.6523349876601878,0.44786242773624435,0.30151393993782954,0.0,0.0,0.0,0.007649040835767775,0.0086395048762074,0.013973093268310244,0.0028064320358491845,0.00774561053588966,0.9890490101129377,35.86141489055363,0.0,0.3656765038030248,0.6523349876601878,0.44786242773624435,0.30151393993782954,0.0086395048762074,0.007649040835767775,0.013973093268310244,0.3656765038030248,0.0
378,1,7.463786387883341e-05,7.569247603273006e-06,1,2,,0,2.1380531043148692e-11,0.6522954720547454,0.44779860128009874,0.3015138085683665,0.0,0.0,0.0,0.007649017229988368,0.008639320799625016,0.013972495562666424,0.0028067807691430423,0.007745465138814358,0.989025479942037,35.86042975310506,0.0,0.3656773442230965,0.6522954720547454,0.44779860128009874,0.3015138085683665,0.008639320799625016,0.007649017229988368,0.013972495562666424,0.3656773442230965,0.0
379,1,7.463786387883341e-05,7.5691992816327604e-06,1,1,,0,9.754310667607283e-10,0.6522954720547454,0.447798409231579,0.3015136792573764,0.0,0.0,0.0,0.007649017229988368,0.008639320799625016,0.013972495562666424,0.0028067807691430423,0.007745465138814358,0.989025479942037,35.86042975310506,0.0,0.3656781775640892,0.6522954720547454,0.447798409231579,0.3015136792573764,0.008639320799625016,0.007649017229988368,0.013972495562666424,0.3656781775640892,0.0
380,1,7.463786387883341e-05,7.5691514126099305e-06,1,1,,0,1.9451084222042574e-09,0.6522954720547454,0.4477982195953388,0.301513551570633,0.0,0.0,0.0,0.007649017229988368,0.008639320799625016,0.013972495562666424,0.0028067807691430423,0.007745465138814358,0.989025479942037,35.86042975310506,0.0,0.3656790040747972,0.6522954720547454,0.4477982195953388,0.301513551570633,0.008639320799625016,0.007649017229988368,0.013972495562666424,0.3656790040747972,0.0
381,1,7.463786387883341e-05,7.56910440502076e-06,1,1,,0,2.906462615444843e-09,0.6522954720547454,0.447798031806225,0.3015134251276053,0.0,0.0,0.0,0.007649017229988368,0.008639320799625016,0.013972495562666424,0.0028067807691430423,0.007745465138814358,0.989025479942037,35.86042975310506,0.0,0.3656798239781859,0.6522954720547454,0.447798031806225,0.3015134251276053,0.008639320799625016,0.007649017229988368,0.013972495562666424,0.3656798239781859,0.0
382,1,7.463786387883341e-05,7.569058613244753e-06,1,1,,0,3.859947357096633e-09,0.6522954720547454,0.44779784536997425,0.30151329959549367,0.0,0.0,0.0,0.007649017229988368,0.008639320799625016,0.013972495562666424,0.0028067807691430423,0.007745465138814358,0.989025479942037,35.86042975310506,0.0,0.3656806374742479,0.6522954720547454,0.44779784536997425,0.30151329959549367,0.008639320799625016,0.007649017229988368,0.013972495562666424,0.3656806374742479,0.0
383,1,7.463786387883341e-05,7.569014343309095e-06,1,1,,0,4.806003350963007e-09,0.6522954720547454,0.44779765985532216,0.30151317468391703,0.0,0.0,0.0,0.007649017229988368,0.008639320799625016,0.013972495562666424,0.0028067807691430423,0.007745465138814358,0.989025479942037,35.86042975310506,0.0,0.3656814447425456,0.6522954720547454,0.44779765985532216,0.30151317468391703,0.008639320799625016,0.007649017229988368,0.013972495562666424,0.3656814447425456,0.0
384,1,7.463786387883341e-05,7.56897185832184e-06,1,1,,0,5.7450270354106125e-09,0.6522954720547454,0.4477974748869764,0.30151305014018187,0.0,0.0,0.0,0.007649017229988368,0.008639320799625016,0.013972495562666424,0.0028067807691430423,0.007745465138814358,0.989025479942037,35.86042975310506,0.0,0.3656822459444758,0.6522954720547454,0.4477974748869764,0.30151305014018187,0.008639320799625016,0.007649017229988368,0.013972495562666424,0.3656822459444758,0.0
385,1,7.463786387883341e-05,7.568931383294501e-06,1,1,,0,6.677371101753342e-09,0.6522954720547454,0.4477972901393578,0.30151292574506783,0.0,0.0,0.0,0.007649017229988368,0.008639320799625016,0.013972495562666424,0.0028067807691430423,0.007745465138814358,0.989025479942037,35.86042975310506,0.0,0.3656830412252835,0.6522954720547454,0.4477972901393578,0.30151292574506783,0.008639320799625016,0.007649017229988368,0.013972495562666424,0.3656830412252835,0.0
386,1,7.463786387883341e-05,7.568893109446987e-06,1,1,,0,7.603348375786578e-09,0.6522954720547454,0.4477971053310263,0.30151280130907426,0.0,0.0,0.0,0.007649017229988368,0.008639320799625016,0.013972495562666424,0.0028067807691430423,0.007745465138814358,0.989025479942037,35.86042975310506,0.0,0.3656838307158565,0.6522954720547454,0.4477971053310263,0.30151280130907426,0.008639320799625016,0.007649017229988368,0.013972495562666424,0.3656838307158565,0.0
387,1,7.463786387883341e-05,7.568857198036214e-06,1,1,,0,8.523235990903138e-09,0.6522954720547454,0.4477969202197154,0.30151267666907716,0.0,0.0,0.0,0.007649017229988368,0.008639320799625016,0.013972495562666424,0.0028067807691430423,0.007745465138814358,0.989025479942037,35.86042975310506,0.0,0.3656846145343216,0.6522954720547454,0.4477969202197154,0.30151267666907716,0.008639320799625016,0.007649017229988368,0.013972495562666424,0.3656846145343216,0.0
388,1,7.463786387883341e-05,7.568823783772353e-06,1,1,,0,9.437279295062329e-09,0.6522954720547454,0.44779673459791175,0.3015125516853528,0.0,0.0,0.0,0.007649017229988368,0.008639320799625016,0.013972495562666424,0.0028067807691430423,0.007745465138814358,0.989025479942037,35.86042975310506,0.0,0.36568539278746576,0.6522954720547454,0.44779673459791175,0.3015125516853528,0.008639320799625016,0.007649017229988368,0.013972495562666424,0.36568539278746576,0.0
389,1,7.463467743736824e-05,7.55193371843205e-06,1,2,,0,2.1569309447446064e-11,0.6522560604565928,0.4477332110815682,0.30151242623892593,0.0,0.0,0.0,0.007648992835038766,0.008639136382611878,0.013971902087704243,0.0028071259263935467,0.007745323674731043,0.9890023683440412,35.85945532559702,0.0,0.3656861655720012,0.6522560604565928,0.4477332110815682,0.30151242623892593,0.008639136382611878,0.007648992835038766,0.013971902087704243,0.3656861655720012,0.0
390,1,7.463467743736824e-05,7.551897466729624e-06,1,1,,0,8.960872301632377e-10,0.6522560604565928,0.4477330277346065,0.30151230276944485,0.0,0.0,0.0,0.007648992835038766,0.008639136382611878,0.013971902087704243,0.0028071259263935467,0.007745323674731043,0.9890023683440412,35.85945532559702,0.0,0.3656869317244396,0.6522560604565928,0.4477330277346065,0.30151230276944485,0.008639136382611878,0.007648992835038766,0.013971902087704243,0.3656869317244396,0.0
391,1,7.463467743736824e-05,7.5518614173700574e-06,1,1,,0,1.787022341292293e-09,0.6522560604565928,0.4477328467619099,0.3015121808988409,0.0,0.0,0.0,0.007648992835038766,0.008639136382611878,0.013971902087704243,0.0028071259263935467,0.007745323674731043,0.9890023683440412,35.85945532559702,0.0,0.3656876914691489,0.6522560604565928,0.4477328467619099,0.3015121808988409,0.008639136382611878,0.007648992835038766,0.013971902087704243,0.3656876914691489,0.0
392,1,7.463467743736824e-05,7.551825928321283e-06,1,1,,0,2.670165122498835e-09,0.6522560604565928,0.4477326676710785,0.30151206029552235,0.0,0.0,0.0,0.007648992835038766,0.008639136382611878,0.013971902087704243,0.0028071259263935467,0.007745323674731043,0.9890023683440412,35.85945532559702,0.0,0.36568844500761977,0.6522560604565928,0.4477326676710785,0.30151206029552235,0.008639136382611878,0.007648992835038766,0.013971902087704243,0.36568844500761977,0.0
393,1,7.463467743736824e-05,7.55179131022652e-06,1,1,,0,3.545905459197899e-09,0.6522560604565928,0.4477324900310684,0.30151194066921544,0.0,0.0,0.0,0.007648992835038766,0.008639136382611878,0.013971902087704243,0.0028071259263935467,0.007745323674731043,0.9890023683440412,35.85945532559702,0.0,0.36568919252098914,0.6522560604565928,0.4477324900310684,0.30151194066921544,0.008639136382611878,0.007648992835038766,0.013971902087704243,0.36568919252098914,0.0
394,1,7.463467743736824e-05,7.551757831695722e-06,1,1,,0,4.414632279650898e-09,0.6522560604565928,0.44773231346536596,0.3015118217663687,0.0,0.0,0.0,0.007648992835038766,0.008639136382611878,0.013971902087704243,0.0028071259263935467,0.007745323674731043,0.9890023683440412,35.85945532559702,0.0,0.36568993417228746,0.6522560604565928,0.44773231346536596,0.3015118217663687,0.008639136382611878,0.007648992835038766,0.013971902087704243,0.36568993417228746,0.0
395,1,7.463467743736824e-05,7.551725724012726e-06,1,1,,0,5.276697357262788e-09,0.6522560604565928,0.4477321376459096,0.301511703366059,0.0,0.0,0.0,0.007648992835038766,0.008639136382611878,0.013971902087704243,0.0028071259263935467,0.007745323674731043,0.9890023683440412,35.85945532559702,0.0,0.36569067010843914,0.6522560604565928,0.4477321376459096,0.301511703366059,0.008639136382611878,0.007648992835038766,0.013971902087704243,0.36569067010843914,0.0
396,1,7.463467743736824e-05,7.551695185339598e-06,1,1,,0,6.132414511124106e-09,0.6522560604565928,0.4477319622876756,0.3015115852763457,0.0,0.0,0.0,0.007648992835038766,0.008639136382611878,0.013971902087704243,0.0028071259263935467,0.007745323674731043,0.9890023683440412,35.85945532559702,0.0,0.36569140046204335,0.6522560604565928,0.4477319622876756,0.3015115852763457,0.008639136382611878,0.007648992835038766,0.013971902087704243,0.36569140046204335,0.0
397,1,7.463467743736824e-05,7.551666384447295e-06,1,1,,0,6.982062698401955e-09,0.6522560604565928,0.44773178714385586,0.3015114673310231,0.0,0.0,0.0,0.007648992835038766,0.008639136382611878,0.013971902087704243,0.0028071259263935467,0.007745323674731043,0.9890023683440412,35.85945532559702,0.0,0.3656921253529598,0.6522560604565928,0.44773178714385586,0.3015114673310231,0.008639136382611878,0.007648992835038766,0.013971902087704243,0.3656921253529598,0.0
398,1,7.463467743736824e-05,7.551639464048763e-06,1,1,,0,7.825889572110318e-09,0.6522560604565928,0.4477316120015617,0.30151134938672786,0.0,0.0,0.0,0.007648992835038766,0.008639136382611878,0.013971902087704243,0.0028071259263935467,0.007745323674731043,0.9890023683440412,35.85945532559702,0.0,0.3656928448897206,0.6522560604565928,0.4477316120015617,0.30151134938672786,0.008639136382611878,0.007648992835038766,0.013971902087704243,0.3656928448897206,0.0
399,1,7.463467743736824e-05,7.551614543764662e-06,1,1,,0,8.6641148706531e-09,0.6522560604565928,0.4477314366779997,0.30151123132036317,0.0,0.0,0.0,0.007648992835038766,0.008639136382611878,0.013971902087704243,0.0028071259263935467,0.007745323674731043,0.9890023683440412,35.85945532559702,0.0,0.3656935591707859,0.6522560604565928,0.4477314366779997,0.30151123132036317,0.008639136382611878,0.007648992835038766,0.013971902087704243,0.3656935591707859,0.0
400,1,7.463467743736824e-05,7.5515917227622815e-06,1,1,,0,9.496933503896574e-09,0.6522560604565928,0.44773126101706456,0.3015111130268048,0.0,0.0,0.0,0.007648992835038766,0.008639136382611878,0.013971902087704243,0.0028071259263935467,0.007745323674731043,0.9890023683440412,35.85945532559702,0.0,0.3656942682856633,0.6522560604565928,0.44773126101706456,0.3015111130268048,0.008639136382611878,0.007648992835038766,0.013971902087704243,0.3656942682856633,0.0
401,1,7.463153936991494e-05,7.535087977681618e-06,1,2,,0,2.1031597489773335e-11,0.6522173926163841,0.447669050270754,0.301510994416858,0.0,0.0,0.0,0.007648967774046645,0.008638954761423106,0.013971322950730001,0.0028074610655499724,0.007745188334641028,0.9889800471480961,35.85850762595337,0.0,0.3656949723159035,0.6522173926163841,0.447669050270754,0.301510994416858,0.008638954761423106,0.007648967774046645,0.013971322950730001,0.3656949723159035,0.0
402,1,7.463153936991494e-05,7.53506239310955e-06,1,1,,0,8.159919901738885e-10,0.6522173926163841,0.4476688769998689,0.30151087771663765,0.0,0.0,0.0,0.007648967774046645,0.008638954761423106,0.013971322950730001,0.0028074610655499724,0.007745188334641028,0.9889800471480961,35.85850762595337,0.0,0.36569567018107585,0.6522173926163841,0.4476688769998689,0.30151087771663765,0.008638954761423106,0.007648967774046645,0.013971322950730001,0.36569567018107585,0.0
403,1,7.463153936991494e-05,7.535036768107541e-06,1,1,,0,1.6273255610320146e-09,0.6522173926163841,0.447668706075988,0.3015107625971554,0.0,0.0,0.0,0.007648967774046645,0.008638954761423106,0.013971322950730001,0.0028074610655499724,0.007745188334641028,0.9889800471480961,35.85850762595337,0.0,0.3656963620829615,0.6522173926163841,0.447668706075988,0.3015107625971554,0.008638954761423106,0.007648967774046645,0.013971322950730001,0.3656963620829615,0.0
404,1,7.463153936991494e-05,7.535011416368311e-06,1,1,,0,2.4313939515256972e-09,0.6522173926163841,0.4476685370702114,0.3015106487695416,0.0,0.0,0.0,0.007648967774046645,0.008638954761423106,0.013971322950730001,0.0028074610655499724,0.007745188334641028,0.9889800471480961,35.85850762595337,0.0,0.36569704820314886,0.6522173926163841,0.4476685370702114,0.3015106487695416,0.008638954761423106,0.007648967774046645,0.013971322950730001,0.36569704820314886,0.0
405,1,7.463153936991494e-05,7.53498661053183e-06,1,1,,0,3.2285326620732216e-09,0.6522173926163841,0.4476683696065997,0.3015105359805961,0.0,0.0,0.0,0.007648967774046645,0.008638954761423106,0.013971322950730001,0.0028074610655499724,0.007745188334641028,0.9889800471480961,35.85850762595337,0.0,0.3656977287052539,0.6522173926163841,0.4476683696065997,0.3015105359805961,0.008638954761423106,0.007648967774046645,0.013971322950730001,0.3656977287052539,0.0
406,1,7.463153936991494e-05,7.534962586778256e-06,1,1,,0,4.019084845319151e-09,0.6522173926163841,0.4476682033562889,0.3015104240088248,0.0,0.0,0.0,0.007648967774046645,0.008638954761423106,0.013971322950730001,0.0028074610655499724,0.007745188334641028,0.9889800471480961,35.85850762595337,0.0,0.3656984037368996,0.6522173926163841,0.4476682033562889,0.3015104240088248,0.008638954761423106,0.007648967774046645,0.013971322950730001,0.3656984037368996,0.0
407,1,7.463153936991494e-05,7.534939548905359e-06,1,1,,0,4.803362506747435e-09,0.6522173926163841,0.44766803803224836,0.30151031266090866,0.0,0.0,0.0,0.007648967774046645,0.008638954761423106,0.013971322950730001,0.0028074610655499724,0.007745188334641028,0.9889800471480961,35.85850762595337,0.0,0.365699073431476,0.6522173926163841,0.44766803803224836,0.30151031266090866,0.008638954761423106,0.007648967774046645,0.013971322950730001,0.365699073431476,0.0
408,1,7.463153936991494e-05,7.5349176719686795e-06,1,1,,0,5.581644787022895e-09,0.6522173926163841,0.44766787338461217,0.30151020176855986,0.0,0.0,0.0,0.007648967774046645,0.008638954761423106,0.013971322950730001,0.0028074610655499724,0.007745188334641028,0.9889800471480961,35.85850762595337,0.0,0.36569973790970933,0.6522173926163841,0.44766787338461217,0.30151020176855986,0.008638954761423106,0.007648967774046645,0.013971322950730001,0.36569973790970933,0.0
409,1,7.463153936991494e-05,7.534897105515196e-06,1,1,,0,6.354180412667875e-09,0.6522173926163841,0.44766770919651944,0.30151009118571925,0.0,0.0,0.0,0.007648967774046645,0.008638954761423106,0.013971322950730001,0.0028074610655499724,0.007745188334641028,0.9889800471480961,35.85850762595337,0.0,0.3657003972810577,0.6522173926163841,0.44766770919651944,0.30151009118571925,0.008638954761423106,0.007648967774046645,0.013971322950730001,0.3657003972810577,0.0
410,1,7.463153936991494e-05,7.534877976476258e-06,1,1,,0,7.1211907247265834e-09,0.6522173926163841,0.4476675452804089,0.3015099807860626,0.0,0.0,0.0,0.007648967774046645,0.008638954761423106,0.013971322950730001,0.0028074610655499724,0.007745188334641028,0.9889800471480961,35.85850762595337,0.0,0.36570105164495503,0.6522173926163841,0.4476675452804089,0.3015099807860626,0.008638954761423106,0.007648967774046645,0.013971322950730001,0.36570105164495503,0.0
411,1,7.463153936991494e-05,7.534860391730185e-06,1,1,,0,7.882872612695633e-09,0.6522173926163841,0.447667381474722,0.30150987046077765,0.0,0.0,0.0,0.007648967774046645,0.008638954761423106,0.013971322950730001,0.0028074610655499724,0.007745188334641028,0.9889800471480961,35.85850762595337,0.0,0.3657017010919176,0.6522173926163841,0.447667381474722,0.30150987046077765,0.008638954761423106,0.007648967774046645,0.013971322950730001,0.3657017010919176,0.0
412,1,7.463153936991494e-05,7.534844440392117e-06,1,1,,0,8.639401202150366e-09,0.6522173926163841,0.44766721764096273,0.30150976011658553,0.0,0.0,0.0,0.007648967774046645,0.008638954761423106,0.013971322950730001,0.0028074610655499724,0.007745188334641028,0.9889800471480961,35.85850762595337,0.0,0.36570234570452936,0.6522173926163841,0.44766721764096273,0.30150976011658553,0.008638954761423106,0.007648967774046645,0.013971322950730001,0.36570234570452936,0.0
413,1,7.463153936991494e-05,7.534830195856015e-06,1,1,,0,9.390932273000449e-09,0.6522173926163841,0.4476670536610809,0.30150964967397803,0.0,0.0,0.0,0.007648967774046645,0.008638954761423106,0.013971322950730001,0.0028074610655499724,0.007745188334641028,0.9889800471480961,35.85850762595337,0.0,0.36570298555832004,0.6522173926163841,0.4476670536610809,0.30150964967397803,0.008638954761423106,0.007648967774046645,0.013971322950730001,0.36570298555832004,0.0
414,1,7.462849737388874e-05,7.518945944287089e-06,1,2,,0,1.9867228284363166e-11,0.6521800331094353,0.44760704030043447,0.30150953906564804,0.0,0.0,0.0,0.007648942365101364,0.008638778696892793,0.013970766539048251,0.0028077811819314665,0.007745060766426947,0.9889588110277989,35.85759984701136,0.0,0.36570362072254553,0.6521800331094353,0.44760704030043447,0.30150953906564804,0.008638778696892793,0.007648942365101364,0.013970766539048251,0.36570362072254553,0.0
415,1,7.462849737388874e-05,7.518929037795699e-06,1,1,,0,7.359169508939984e-10,0.6521800331094353,0.4476068788178178,0.3015094302904389,0.0,0.0,0.0,0.007648942365101364,0.008638778696892793,0.013970766539048251,0.0028077811819314665,0.007745060766426947,0.9889588110277989,35.85759984701136,0.0,0.3657042502095179,0.6521800331094353,0.4476068788178178,0.3015094302904389,0.008638778696892793,0.007648942365101364,0.013970766539048251,0.3657042502095179,0.0
416,1,7.462849737388874e-05,7.518911883544375e-06,1,1,,0,1.4675960443543117e-09,0.6521800331094353,0.4476067196332883,0.30150932306322886,0.0,0.0,0.0,0.007648942365101364,0.008638778696892793,0.013970766539048251,0.0028077811819314665,0.007745060766426947,0.9889588110277989,35.85759984701136,0.0,0.3657048741997085,0.6521800331094353,0.4476067196332883,0.30150932306322886,0.008638778696892793,0.007648942365101364,0.013970766539048251,0.3657048741997085,0.0
417,1,7.462849737388874e-05,7.518894755633071e-06,1,1,,0,2.1925520407076284e-09,0.6521800331094353,0.44760656237469126,0.3015092171333331,0.0,0.0,0.0,0.007648942365101364,0.008638778696892793,0.013970766539048251,0.0028077811819314665,0.007745060766426947,0.9889588110277989,35.85759984701136,0.0,0.36570549285586895,0.6521800331094353,0.44760656237469126,0.3015092171333331,0.008638778696892793,0.007648942365101364,0.013970766539048251,0.36570549285586895,0.0
418,1,7.462849737388874e-05,7.5188778927415926e-06,1,1,,0,2.9110736726680214e-09,0.6521800331094353,0.4476064067153326,0.3015091122806896,0.0,0.0,0.0,0.007648942365101364,0.008638778696892793,0.013970766539048251,0.0028077811819314665,0.007745060766426947,0.9889588110277989,35.85759984701136,0.0,0.36570610632497397,0.6521800331094353,0.4476064067153326,0.3015091122806896,0.008638778696892793,0.007648942365101364,0.013970766539048251,0.36570610632497397,0.0
419,1,7.462849737388874e-05,7.518861502072457e-06,1,1,,0,3.623462605572129e-09,0.6521800331094353,0.447606252368935,0.3015090083124607,0.0,0.0,0.0,0.007648942365101364,0.008638778696892793,0.013970766539048251,0.0028077811819314665,0.007745060766426947,0.9889588110277989,35.85759984701136,0.0,0.3657067147399524,0.6521800331094353,0.447606252368935,0.3015090083124607,0.008638778696892793,0.007648942365101364,0.013970766539048251,0.3657067147399524,0.0
420,1,7.462849737388874e-05,7.518845762870929e-06,1,1,,0,4.329994424741771e-09,0.6521800331094353,0.44760609908514265,0.30150890506000616,0.0,0.0,0.0,0.007648942365101364,0.008638778696892793,0.013970766539048251,0.0028077811819314665,0.007745060766426947,0.9889588110277989,35.85759984701136,0.0,0.3657073182212286,0.6521800331094353,0.44760609908514265,0.30150890506000616,0.008638778696892793,0.007648942365101364,0.013970766539048251,0.3657073182212286,0.0
421,1,7.462849737388874e-05,7.518830829559457e-06,1,1,,0,5.030916388351843e-09,0.6521800331094353,0.4476059466455193,0.3015088023761867,0.0,0.0,0.0,0.007648942365101364,0.008638778696892793,0.013970766539048251,0.0028077811819314665,0.007745060766426947,0.9889588110277989,35.85759984701136,0.0,0.36570791687809456,0.6521800331094353,0.4476059466455193,0.3015088023761867,0.008638778696892793,0.007648942365101364,0.013970766539048251,0.36570791687809456,0.0
422,1,7.462849737388874e-05,7.51881683453209e-06,1,1,,0,5.726449368186125e-09,0.6521800331094353,0.4476057948599818,0.3015087001329613,0.0,0.0,0.0,0.007648942365101364,0.008638778696892793,0.013970766539048251,0.0028077811819314665,0.007745060766426947,0.9889588110277989,35.85759984701136,0.0,0.3657085108099325,0.6521800331094353,0.4476057948599818,0.3015087001329613,0.008638778696892793,0.007648942365101364,0.013970766539048251,0.3657085108099325,0.0
423,1,7.462849737388874e-05,7.518803890635876e-06,1,1,,0,6.416790420287181e-09,0.6521800331094353,0.4476056435636236,0.3015085982192488,0.0,0.0,0.0,0.007648942365101364,0.008638778696892793,0.013970766539048251,0.0028077811819314665,0.007745060766426947,0.9889588110277989,35.85759984701136,0.0,0.36570910010730306,0.6521800331094353,0.4476056435636236,0.3015085982192488,0.008638778696892793,0.007648942365101364,0.013970766539048251,0.36570910010730306,0.0
424,1,7.462849737388874e-05,7.518792093393238e-06,1,1,,0,7.1021153114358655e-09,0.6521800331094353,0.447605492613885,0.3015084965390204,0.0,0.0,0.0,0.007648942365101364,0.008638778696892793,0.013970766539048251,0.0028077811819314665,0.007745060766426947,0.9889588110277989,35.85759984701136,0.0,0.36570968485291494,0.6521800331094353,0.447605492613885,0.3015084965390204,0.008638778696892793,0.007648942365101364,0.013970766539048251,0.36570968485291494,0.0
425,1,7.462849737388874e-05,7.518781522966099e-06,1,1,,0,7.782580846007938e-09,0.6521800331094353,0.4476053418880346,0.3015083950096037,0.0,0.0,0.0,0.007648942365101364,0.008638778696892793,0.013970766539048251,0.0028077811819314665,0.007745060766426947,0.9889588110277989,35.85759984701136,0.0,0.3657102651224876,0.6521800331094353,0.4476053418880346,0.3015083950096037,0.008638778696892793,0.007648942365101364,0.013970766539048251,0.3657102651224876,0.0
426,1,7.462849737388874e-05,7.518772245921266e-06,1,1,,0,8.45832696562729e-09,0.6521800331094353,0.447605191280923,0.30150829356017006,0.0,0.0,0.0,0.007648942365101364,0.008638778696892793,0.013970766539048251,0.0028077811819314665,0.007745060766426947,0.9889588110277989,35.85759984701136,0.0,0.36571084098552,0.6521800331094353,0.447605191280923,0.30150829356017006,0.008638778696892793,0.007648942365101364,0.013970766539048251,0.36571084098552,0.0
427,1,7.462849737388874e-05,7.518764316787931e-06,1,1,,0,9.129478626578351e-09,0.6521800331094353,0.44760504070298684,0.30150819213038904,0.0,0.0,0.0,0.007648942365101364,0.008638778696892793,0.013970766539048251,0.0028077811819314665,0.007745060766426947,0.9889588110277989,35.85759984701136,0.0,0.36571141250597455,0.6521800331094353,0.44760504070298684,0.30150819213038904,0.008638778696892793,0.007648942365101364,0.013970766539048251,0.36571141250597455,0.0
428,1,7.462849737388874e-05,7.518757779455265e-06,1,1,,0,9.796147475047387e-09,0.6521800331094353,0.44760489007846666,0.30150809066922857,0.0,0.0,0.0,0.007648942365101364,0.008638778696892793,0.013970766539048251,0.0028077811819314665,0.007745060766426947,0.9889588110277989,35.85759984701136,0.0,0.3657119797428869,0.6521800331094353,0.44760489007846666,0.30150809066922857,0.008638778696892793,0.007648942365101364,0.013970766539048251,0.3657119797428869,0.0
429,1,7.462539765880065e-05,7.502681548726524e-06,1,2,,0,2.07331976903567e-11,0.6521420807797658,0.44754400963964114,0.30150798913388815,0.0,0.0,0.0,0.0076489152833473135,0.008638599288009639,0.013970204432799586,0.0028081025236765035,0.007744934251070899,0.9889375563461639,35.85668526156795,0.0,0.36571254275090775,0.6521420807797658,0.44754400963964114,0.30150798913388815,0.008638599288009639,0.0076489152833473135,0.013970204432799586,0.36571254275090775,0.0
430,1,7.462539765880065e-05,7.502672263438751e-06,1,1,,0,6.520556931833119e-10,0.6521420807797658,0.4475438615920306,0.3015078893950104,0.0,0.0,0.0,0.0076489152833473135,0.008638599288009639,0.013970204432799586,0.0028081025236765035,0.007744934251070899,0.9889375563461639,35.85668526156795,0.0,0.3657131005879193,0.6521420807797658,0.4475438615920306,0.3015078893950104,0.008638599288009639,0.0076489152833473135,0.013970204432799586,0.3657131005879193,0.0
431,1,7.462539765880065e-05,7.5026624943117165e-06,1,1,,0,1.3005225609451347e-09,0.6521420807797658,0.4475437158395988,0.30150779120238186,0.0,0.0,0.0,0.0076489152833473135,0.008638599288009639,0.013970204432799586,0.0028081025236765035,0.007744934251070899,0.9889375563461639,35.85668526156795,0.0,0.36571365341631834,0.6521420807797658,0.4475437158395988,0.30150779120238186,0.008638599288009639,0.0076489152833473135,0.013970204432799586,0.36571365341631834,0.0
432,1,7.462539765880065e-05,7.502652484612398e-06,1,1,,0,1.942816603830666e-09,0.6521420807797658,0.4475435720551742,0.3015076943355893,0.0,0.0,0.0,0.0076489152833473135,0.008638599288009639,0.013970204432799586,0.0028081025236765035,0.007744934251070899,0.9889375563461639,35.85668526156795,0.0,0.3657142013828342,0.6521420807797658,0.4475435720551742,0.3015076943355893,0.008638599288009639,0.0076489152833473135,0.013970204432799586,0.3657142013828342,0.0
433,1,7.462539765880065e-05,7.5026424467529335e-06,1,1,,0,2.579173024694687e-09,0.6521420807797658,0.44754342995093055,0.3015075986007257,0.0,0.0,0.0,0.0076489152833473135,0.008638599288009639,0.013970204432799586,0.0028081025236765035,0.007744934251070899,0.9889375563461639,35.85668526156795,0.0,0.3657147446202398,0.6521420807797658,0.44754342995093055,0.3015075986007257,0.008638599288009639,0.0076489152833473135,0.013970204432799586,0.3657147446202398,0.0
434,1,7.462539765880065e-05,7.502632565740486e-06,1,1,,0,3.2098566992486157e-09,0.6521420807797658,0.4475432892740292,0.3015075038274547,0.0,0.0,0.0,0.0076489152833473135,0.008638599288009639,0.013970204432799586,0.0028081025236765035,0.007744934251070899,0.9889375563461639,35.85668526156795,0.0,0.36571528324887753,0.6521420807797658,0.4475432892740292,0.3015075038274547,0.008638599288009639,0.0076489152833473135,0.013970204432799586,0.36571528324887753,0.0
435,1,7.462539765880065e-05,7.5026230022207946e-06,1,1,,0,3.83511261944821e-09,0.6521420807797658,0.4475431498027385,0.3015074098663974,0.0,0.0,0.0,0.0076489152833473135,0.008638599288009639,0.013970204432799586,0.0028081025236765035,0.007744934251070899,0.9889375563461639,35.85668526156795,0.0,0.36571581737801717,0.6521420807797658,0.4475431498027385,0.3015074098663974,0.008638599288009639,0.0076489152833473135,0.013970204432799586,0.36571581737801717,0.0
436,1,7.462539765880065e-05,7.502613895211687e-06,1,1,,0,4.4551617418084795e-09,0.6521420807797658,0.4475430113429771,0.30150731658680185,0.0,0.0,0.0,0.0076489152833473135,0.008638599288009639,0.013970204432799586,0.0028081025236765035,0.007744934251070899,0.9889375563461639,35.85668526156795,0.0,0.36571634710706596,0.6521420807797658,0.4475430113429771,0.30150731658680185,0.008638599288009639,0.0076489152833473135,0.013970204432799586,0.36571634710706596,0.0
437,1,7.462539765880065e-05,7.502605364514795e-06,1,1,,0,5.070202146255252e-09,0.6521420807797658,0.4475428737252328,0.30150722387446854,0.0,0.0,0.0,0.0076489152833473135,0.008638599288009639,0.013970204432799586,0.0028081025236765035,0.007744934251070899,0.9889375563461639,35.85668526156795,0.0,0.36571687252664614,0.6521420807797658,0.4475428737252328,0.30150722387446854,0.008638599288009639,0.0076489152833473135,0.013970204432799586,0.36571687252664614,0.0
438,1,7.462539765880065e-05,7.502597512887052e-06,1,1,,0,5.680411110386026e-09,0.6521420807797658,0.4475427368018186,0.30150713162990184,0.0,0.0,0.0,0.0076489152833473135,0.008638599288009639,0.013970204432799586,0.0028081025236765035,0.007744934251070899,0.9889375563461639,35.85668526156795,0.0,0.36571739371955464,0.6521420807797658,0.4475427368018186,0.30150713162990184,0.008638599288009639,0.0076489152833473135,0.013970204432799586,0.36571739371955464,0.0
439,1,7.462539765880065e-05,7.502590427963816e-06,1,1,,0,6.285947255151674e-09,0.6521420807797658,0.4475426004444292,0.3015070397666628,0.0,0.0,0.0,0.0076489152833473135,0.008638599288009639,0.013970204432799586,0.0028081025236765035,0.007744934251070899,0.9889375563461639,35.85668526156795,0.0,0.3657179107616186,0.6521420807797658,0.4475426004444292,0.3015070397666628,0.008638599288009639,0.0076489152833473135,0.013970204432799586,0.3657179107616186,0.0
440,1,7.462539765880065e-05,7.5025841839680425e-06,1,1,,0,6.8869525539790155e-09,0.6521420807797658,0.44754246454196295,0.30150694820990326,0.0,0.0,0.0,0.0076489152833473135,0.008638599288009639,0.013970204432799586,0.0028081025236765035,0.007744934251070899,0.9889375563461639,35.85668526156795,0.0,0.3657184237224554,0.6521420807797658,0.44754246454196295,0.30150694820990326,0.008638599288009639,0.0076489152833473135,0.013970204432799586,0.3657184237224554,0.0
441,1,7.462539765880065e-05,7.502578843241573e-06,1,1,,0,7.483554160068104e-09,0.6521420807797658,0.44754232899858376,0.30150685689505846,0.0,0.0,0.0,0.0076489152833473135,0.008638599288009639,0.013970204432799586,0.0028081025236765035,0.007744934251070899,0.9889375563461639,35.85668526156795,0.0,0.3657189326661519,0.6521420807797658,0.44754232899858376,0.30150685689505846,0.008638599288009639,0.0076489152833473135,0.013970204432799586,0.3657189326661519,0.0
442,1,7.462539765880065e-05,7.502574457601852e-06,1,1,,0,8.075866046825992e-09,0.6521420807797658,0.4475421937319915,0.30150676576668395,0.0,0.0,0.0,0.0076489152833473135,0.008638599288009639,0.013970204432799586,0.0028081025236765035,0.007744934251070899,0.9889375563461639,35.85668526156795,0.0,0.36571943765186793,0.6521420807797658,0.4475421937319915,0.30150676576668395,0.008638599288009639,0.0076489152833473135,0.013970204432799586,0.36571943765186793,0.0
443,1,7.462539765880065e-05,7.502571069556397e-06,1,1,,0,8.663990473158875e-09,0.6521420807797658,0.4475420586718875,0.30150667477741905,0.0,0.0,0.0,0.0076489152833473135,0.008638599288009639,0.013970204432799586,0.0028081025236765035,0.007744934251070899,0.9889375563461639,35.85668526156795,0.0,0.3657199387343738,0.6521420807797658,0.4475420586718875,0.30150667477741905,0.008638599288009639,0.0076489152833473135,0.013970204432799586,0.3657199387343738,0.0
444,1,7.462539765880065e-05,7.502568713376041e-06,1,1,,0,9.248019289658842e-09,0.6521420807797658,0.44754192375859997,0.3015065838870638,0.0,0.0,0.0,0.0076489152833473135,0.008638599288009639,0.013970204432799586,0.0028081025236765035,0.007744934251070899,0.9889375563461639,35.85668526156795,0.0,0.3657204359645295,0.6521420807797658,0.44754192375859997,0.3015065838870638,0.008638599288009639,0.0076489152833473135,0.013970204432799586,0.3657204359645295,0.0
445,1,7.462539765880065e-05,7.5025674160610875e-06,1,1,,0,9.828035101480126e-09,0.6521420807797658,0.4475417889418681,0.3015064930617574,0.0,0.0,0.0,0.0076489152833473135,0.008638599288009639,0.013970204432799586,0.0028081025236765035,0.007744934251070899,0.9889375563461639,35.85668526156795,0.0,0.365720929389711,0.6521420807797658,0.4475417889418681,0.3015064930617574,0.008638599288009639,0.0076489152833473135,0.013970204432799586,0.365720929389711,0.0
446,1,7.462234996387973e-05,7.486865087746782e-06,1,2,,0,2.0148036772331846e-11,0.6521048638132351,0.4474821620923482,0.30150640227324643,0.0,0.0,0.0,0.007648887506291491,0.008638422886376871,0.01396965628980363,0.002808413903106453,0.007744813035213918,0.9889170101746447,35.855795517182244,0.0,0.36572141905419014,0.6521048638132351,0.4474821620923482,0.30150640227324643,0.008638422886376871,0.007648887506291491,0.01396965628980363,0.36572141905419014,0.0
447,1,7.462234996387973e-05,7.486861153804026e-06,1,1,,0,5.6669506942733e-10,0.6521048638132351,0.44748202985219904,0.3015063131719257,0.0,0.0,0.0,0.007648887506291491,0.008638422886376871,0.01396965628980363,0.002808413903106453,0.007744813035213918,0.9889170101746447,35.855795517182244,0.0,0.365721904113563,0.6521048638132351,0.44748202985219904,0.3015063131719257,0.008638422886376871,0.007648887506291491,0.01396965628980363,0.365721904113563,0.0
448,1,7.462234996387973e-05,7.486856599733741e-06,1,1,,0,1.1303517440764898e-09,0.6521048638132351,0.4474818997995395,0.3015062255445011,0.0,0.0,0.0,0.007648887506291491,0.008638422886376871,0.01396965628980363,0.002808413903106453,0.007744813035213918,0.9889170101746447,35.855795517182244,0.0,0.36572238470971347,0.6521048638132351,0.4474818997995395,0.3015062255445011,0.008638422886376871,0.007648887506291491,0.01396965628980363,0.36572238470971347,0.0
449,1,7.462234996387973e-05,7.486851634928884e-06,1,1,,0,1.688475209865928e-09,0.6521048638132351,0.4474817716549914,0.30150613920273167,0.0,0.0,0.0,0.007648887506291491,0.008638422886376871,0.01396965628980363,0.002808413903106453,0.007744813035213918,0.9889170101746447,35.855795517182244,0.0,0.3657228609710977,0.6521048638132351,0.4474817716549914,0.30150613920273167,0.008638422886376871,0.007648887506291491,0.01396965628980363,0.3657228609710977,0.0
450,1,7.462234996387973e-05,7.486846442707644e-06,1,1,,0,2.241251236076051e-09,0.6521048638132351,0.4474816451722579,0.3015060539806664,0.0,0.0,0.0,0.007648887506291491,0.008638422886376871,0.01396965628980363,0.002808413903106453,0.007744813035213918,0.9889170101746447,35.855795517182244,0.0,0.36572333301420606,0.6521048638132351,0.4474816451722579,0.3015060539806664,0.008638422886376871,0.007648887506291491,0.01396965628980363,0.36572333301420606,0.0
451,1,7.462234996387973e-05,7.486841183204763e-06,1,1,,0,2.7889059486404972e-09,0.6521048638132351,0.44748152013446885,0.30150596973218213,0.0,0.0,0.0,0.007648887506291491,0.008638422886376871,0.01396965628980363,0.002808413903106453,0.007744813035213918,0.9889170101746447,35.855795517182244,0.0,0.36572380094486545,0.6521048638132351,0.44748152013446885,0.30150596973218213,0.008638422886376871,0.007648887506291491,0.01396965628980363,0.36572380094486545,0.0
452,1,7.462234996387973e-05,7.4868359959523525e-06,1,1,,0,3.3316510284217956e-09,0.6521048638132351,0.44748139635092704,0.3015058863287898,0.0,0.0,0.0,0.007648887506291491,0.008638422886376871,0.01396965628980363,0.002808413903106453,0.007744813035213918,0.9889170101746447,35.855795517182244,0.0,0.36572426485939946,0.6521048638132351,0.44748139635092704,0.3015058863287898,0.008638422886376871,0.007648887506291491,0.01396965628980363,0.36572426485939946,0.0
453,1,7.462234996387973e-05,7.4868310021712206e-06,1,1,,0,3.8696783797404e-09,0.6521048638132351,0.44748127365420587,0.3015058036576799,0.0,0.0,0.0,0.007648887506291491,0.008638422886376871,0.01396965628980363,0.002808413903106453,0.007744813035213918,0.9889170101746447,35.855795517182244,0.0,0.36572472484566126,0.6521048638132351,0.44748127365420587,0.3015058036576799,0.008638422886376871,0.007648887506291491,0.01396965628980363,0.36572472484566126,0.0
454,1,7.462234996387973e-05,7.486826306818678e-06,1,1,,0,4.403160666694449e-09,0.6521048638132351,0.44748115189756493,0.3015057216199814,0.0,0.0,0.0,0.007648887506291491,0.008638422886376871,0.01396965628980363,0.002808413903106453,0.007744813035213918,0.9889170101746447,35.855795517182244,0.0,0.3657251809839551,0.6521048638132351,0.44748115189756493,0.3015057216199814,0.008638422886376871,0.007648887506291491,0.01396965628980363,0.3657251809839551,0.0
455,1,7.462234996387973e-05,7.486822000415911e-06,1,1,,0,4.932252927035106e-09,0.6521048638132351,0.4474810309526475,0.3015056401292093,0.0,0.0,0.0,0.007648887506291491,0.008638422886376871,0.01396965628980363,0.002808413903106453,0.007744813035213918,0.9889170101746447,35.855795517182244,0.0,0.3657256333478559,0.6521048638132351,0.4474810309526475,0.3015056401292093,0.008638422886376871,0.007648887506291491,0.01396965628980363,0.3657256333478559,0.0
456,1,7.462234996387973e-05,7.48681816066098e-06,1,1,,0,5.457094337081476e-09,0.6521048638132351,0.4474809107074298,0.3015055591098836,0.0,0.0,0.0,0.007648887506291491,0.008638422886376871,0.01396965628980363,0.002808413903106453,0.007744813035213918,0.9889170101746447,35.855795517182244,0.0,0.36572608200493995,0.6521048638132351,0.4474809107074298,0.3015055591098836,0.008638422886376871,0.007648887506291491,0.01396965628980363,0.36572608200493995,0.0
457,1,7.462234996387973e-05,7.486814853885384e-06,1,1,,0,5.977809894762931e-09,0.6521048638132351,0.44748079106439154,0.30150547849629694,0.0,0.0,0.0,0.007648887506291491,0.008638422886376871,0.01396965628980363,0.002808413903106453,0.007744813035213918,0.9889170101746447,35.855795517182244,0.0,0.3657265270174361,0.6521048638132351,0.44748079106439154,0.30150547849629694,0.008638422886376871,0.007648887506291491,0.01396965628980363,0.3657265270174361,0.0
458,1,7.462234996387973e-05,7.486812136337401e-06,1,1,,0,6.494511960397255e-09,0.6521048638132351,0.44748067193888985,0.30150539823141825,0.0,0.0,0.0,0.007648887506291491,0.008638422886376871,0.01396965628980363,0.002808413903106453,0.007744813035213918,0.9889170101746447,35.855795517182244,0.0,0.365726968442805,0.6521048638132351,0.44748067193888985,0.30150539823141825,0.008638422886376871,0.007648887506291491,0.01396965628980363,0.365726968442805,0.0
459,1,7.462234996387973e-05,7.4868100553296345e-06,1,1,,0,7.007301645539313e-09,0.6521048638132351,0.4474805532577083,0.3015053182659156,0.0,0.0,0.0,0.007648887506291491,0.008638422886376871,0.01396965628980363,0.002808413903106453,0.007744813035213918,0.9889170101746447,35.855795517182244,0.0,0.3657274063342561,0.6521048638132351,0.4474805532577083,0.3015053182659156,0.008638422886376871,0.007648887506291491,0.01396965628980363,0.3657274063342561,0.0
460,1,7.462234996387973e-05,7.486808650266164e-06,1,1,,0,7.516270056961556e-09,0.6521048638132351,0.447480434957765,0.3015052385572851,0.0,0.0,0.0,0.007648887506291491,0.008638422886376871,0.01396965628980363,0.002808413903106453,0.007744813035213918,0.9889170101746447,35.855795517182244,0.0,0.3657278407412073,0.6521048638132351,0.447480434957765,0.3015052385572851,0.008638422886376871,0.007648887506291491,0.01396965628980363,0.3657278407412073,0.0
461,1,7.462234996387973e-05,7.486807953543861e-06,1,1,,0,8.021499405257487e-09,0.6521048638132351,0.4474803169849626,0.3015051590690771,0.0,0.0,0.0,0.007648887506291491,0.008638422886376871,0.01396965628980363,0.002808413903106453,0.007744813035213918,0.9889170101746447,35.855795517182244,0.0,0.3657282717096947,0.6521048638132351,0.4474803169849626,0.3015051590690771,0.008638422886376871,0.007648887506291491,0.01396965628980363,0.3657282717096947,0.0
462,1,7.462234996387973e-05,7.486807991372359e-06,1,1,,0,8.523063993993352e-09,0.6521048638132351,0.4474801992931635,0.3015050797702045,0.0,0.0,0.0,0.007648887506291491,0.008638422886376871,0.01396965628980363,0.002808413903106453,0.007744813035213918,0.9889170101746447,35.855795517182244,0.0,0.3657286992827375,0.6521048638132351,0.4474801992931635,0.3015050797702045,0.008638422886376871,0.007648887506291491,0.01396965628980363,0.3657286992827375,0.0
463,1,7.462234996387973e-05,7.486808784487341e-06,1,1,,0,9.021031099601964e-09,0.6521048638132351,0.4474800818432769,0.3015050006343288,0.0,0.0,0.0,0.007648887506291491,0.008638422886376871,0.01396965628980363,0.002808413903106453,0.007744813035213918,0.9889170101746447,35.855795517182244,0.0,0.36572912350066344,0.6521048638132351,0.4474800818432769,0.3015050006343288,0.008638422886376871,0.007648887506291491,0.01396965628980363,0.36572912350066344,0.0
464,1,7.462234996387973e-05,7.4868103487999454e-06,1,1,,0,9.51546175399928e-09,0.6521048638132351,0.4474799646024469,0.30150492163931214,0.0,0.0,0.0,0.007648887506291491,0.008638422886376871,0.01396965628980363,0.002808413903106453,0.007744813035213918,0.9889170101746447,35.855795517182244,0.0,0.36572954440139793,0.6521048638132351,0.4474799646024469,0.30150492163931214,0.008638422886376871,0.007648887506291491,0.01396965628980363,0.36572954440139793,0.0
465,1,7.461944717191014e-05,7.471955665338982e-06,1,2,,0,1.836882821255968e-11,0.652069506095199,0.44742338434551626,0.30150484276673023,0.0,0.0,0.0,0.007648860364808534,0.008638254868427427,0.013969137709962751,0.002808707387919348,0.007744700151020083,0.9888977230866708,35.85495557817716,0.0,0.3657299620207218,0.652069506095199,0.44742338434551626,0.30150484276673023,0.008638254868427427,0.007648860364808534,0.013969137709962751,0.3657299620207218,0.0
466,1,7.461944717191014e-05,7.471954954275961e-06,1,1,,0,4.827340278957723e-10,0.652069506095199,0.447423269481764,0.3015047653635842,0.0,0.0,0.0,0.007648860364808534,0.008638254868427427,0.013969137709962751,0.002808707387919348,0.007744700151020083,0.9888977230866708,35.85495557817716,0.0,0.3657303756640019,0.652069506095199,0.447423269481764,0.3015047653635842,0.008638254868427427,0.007648860364808534,0.013969137709962751,0.3657303756640019,0.0
467,1,7.461944717191014e-05,7.471953632473387e-06,1,1,,0,9.629593311833142e-10,0.652069506095199,0.4474231565454244,0.3015046892592624,0.0,0.0,0.0,0.007648860364808534,0.008638254868427427,0.013969137709962751,0.002808707387919348,0.007744700151020083,0.9888977230866708,35.85495557817716,0.0,0.3657307854480613,0.652069506095199,0.4474231565454244,0.3015046892592624,0.008638254868427427,0.007648860364808534,0.013969137709962751,0.3657307854480613,0.0
468,1,7.461944717191014e-05,7.471951868099507e-06,1,1,,0,1.4384054727499244e-09,0.652069506095199,0.44742304531271276,0.30150461430296266,0.0,0.0,0.0,0.007648860364808534,0.008638254868427427,0.013969137709962751,0.002808707387919348,0.007744700151020083,0.9888977230866708,35.85495557817716,0.0,0.3657311914789557,0.652069506095199,0.44742304531271276,0.30150461430296266,0.008638254868427427,0.007648860364808534,0.013969137709962751,0.3657311914789557,0.0
469,1,7.461944717191014e-05,7.471949808642679e-06,1,1,,0,1.909209553630659e-09,0.652069506095199,0.4474229355860041,0.3015045403615122,0.0,0.0,0.0,0.007648860364808534,0.008638254868427427,0.013969137709962751,0.002808707387919348,0.007744700151020083,0.9888977230866708,35.85495557817716,0.0,0.36573159385314,0.652069506095199,0.4474229355860041,0.3015045403615122,0.008638254868427427,0.007648860364808534,0.013969137709962751,0.36573159385314,0.0
470,1,7.461944717191014e-05,7.47194758319989e-06,1,1,,0,2.3755532869231666e-09,0.652069506095199,0.4474228271909518,0.30150446731742375,0.0,0.0,0.0,0.007648860364808534,0.008638254868427427,0.013969137709962751,0.002808707387919348,0.007744700151020083,0.9888977230866708,35.85495557817716,0.0,0.36573199265850864,0.652069506095199,0.4474228271909518,0.30150446731742375,0.008638254868427427,0.007648860364808534,0.013969137709962751,0.36573199265850864,0.0
471,1,7.461944717191014e-05,7.4719453045135125e-06,1,1,,0,2.837608901019732e-09,0.652069506095199,0.4474227199739159,0.3015043950671645,0.0,0.0,0.0,0.007648860364808534,0.008638254868427427,0.013969137709962751,0.002808707387919348,0.007744700151020083,0.9888977230866708,35.85495557817716,0.0,0.3657323879753228,0.652069506095199,0.4474227199739159,0.3015043950671645,0.008638254868427427,0.007648860364808534,0.013969137709962751,0.3657323879753228,0.0
472,1,7.461944717191014e-05,7.471943070799546e-06,1,1,,0,3.2955334065208607e-09,0.652069506095199,0.4474226137996739,0.30150432351961204,0.0,0.0,0.0,0.007648860364808534,0.008638254868427427,0.013969137709962751,0.002808707387919348,0.007744700151020083,0.9888977230866708,35.85495557817716,0.0,0.36573277987703545,0.652069506095199,0.4474226137996739,0.30150432351961204,0.008638254868427427,0.007648860364808534,0.013969137709962751,0.36573277987703545,0.0
473,1,7.461944717191014e-05,7.471940967350845e-06,1,1,,0,3.749468650507893e-09,0.652069506095199,0.44742250854938204,0.30150425259468083,0.0,0.0,0.0,0.007648860364808534,0.008638254868427427,0.013969137709962751,0.002808707387919348,0.007744700151020083,0.9888977230866708,35.85495557817716,0.0,0.36573316843102766,0.652069506095199,0.44742250854938204,0.30150425259468083,0.008638254868427427,0.007648860364808534,0.013969137709962751,0.36573316843102766,0.0
474,1,7.461944717191014e-05,7.471939067996553e-06,1,1,,0,4.199542478491588e-09,0.652069506095199,0.4474224041187536,0.3015041822220956,0.0,0.0,0.0,0.007648860364808534,0.008638254868427427,0.013969137709962751,0.002808707387919348,0.007744700151020083,0.9888977230866708,35.85495557817716,0.0,0.36573355369926397,0.652069506095199,0.4474224041187536,0.3015041822220956,0.008638254868427427,0.007648860364808534,0.013969137709962751,0.36573355369926397,0.0
475,1,7.461944717191014e-05,7.471937436382469e-06,1,1,,0,4.645870089855317e-09,0.652069506095199,0.44742230041644193,0.3015041123403007,0.0,0.0,0.0,0.007648860364808534,0.008638254868427427,0.013969137709962751,0.002808707387919348,0.007744700151020083,0.9888977230866708,35.85495557817716,0.0,0.3657339357388767,0.652069506095199,0.44742230041644193,0.3015041123403007,0.008638254868427427,0.007648860364808534,0.013969137709962751,0.3657339357388767,0.0
476,1,7.461944717191014e-05,7.471936127110287e-06,1,1,,0,5.088555356696746e-09,0.652069506095199,0.4474221973625968,0.3015040428954875,0.0,0.0,0.0,0.007648860364808534,0.008638254868427427,0.013969137709962751,0.002808707387919348,0.007744700151020083,0.9888977230866708,35.85495557817716,0.0,0.3657343146026861,0.652069506095199,0.4474221973625968,0.3015040428954875,0.008638254868427427,0.007648860364808534,0.013969137709962751,0.3657343146026861,0.0
477,1,7.461944717191014e-05,7.471935186767208e-06,1,1,,0,5.52769204081041e-09,0.652069506095199,0.44742209488757795,0.3015039738407274,0.0,0.0,0.0,0.007648860364808534,0.008638254868427427,0.013969137709962751,0.002808707387919348,0.007744700151020083,0.9888977230866708,35.85495557817716,0.0,0.3657346903396641,0.652069506095199,0.44742209488757795,0.3015039738407274,0.008638254868427427,0.007648860364808534,0.013969137709962751,0.3657346903396641,0.0
478,1,7.461944717191014e-05,7.471934654833634e-06,1,1,,0,5.963364895564959e-09,0.652069506095199,0.4474219929308094,0.3015039051352003,0.0,0.0,0.0,0.007648860364808534,0.008638254868427427,0.013969137709962751,0.002808707387919348,0.007744700151020083,0.9888977230866708,35.85495557817716,0.0,0.36573506299534797,0.652069506095199,0.4474219929308094,0.3015039051352003,0.008638254868427427,0.007648860364808534,0.013969137709962751,0.36573506299534797,0.0
479,1,7.461944717191014e-05,7.471934564487399e-06,1,1,,0,6.395650653934948e-09,0.652069506095199,0.4474218914397599,0.30150383674350695,0.0,0.0,0.0,0.007648860364808534,0.008638254868427427,0.013969137709962751,0.002808707387919348,0.007744700151020083,0.9888977230866708,35.85495557817716,0.0,0.36573543261220764,0.652069506095199,0.4474218914397599,0.30150383674350695,0.008638254868427427,0.007648860364808534,0.013969137709962751,0.36573543261220764,0.0
480,1,7.461944717191014e-05,7.471934943329259e-06,1,1,,0,6.82461891230546e-09,0.652069506095199,0.44742179036903307,0.3015037686350561,0.0,0.0,0.0,0.007648860364808534,0.008638254868427427,0.013969137709962751,0.002808707387919348,0.007744700151020083,0.9888977230866708,35.85495557817716,0.0,0.36573579922997396,0.652069506095199,0.44742179036903307,0.3015037686350561,0.008638254868427427,0.007648860364808534,0.013969137709962751,0.36573579922997396,0.0
481,1,7.461944717191014e-05,7.471935814026278e-06,1,1,,0,7.25033291806267e-09,0.652069506095199,0.4474216896795585,0.3015037007835192,0.0,0.0,0.0,0.007648860364808534,0.008638254868427427,0.013969137709962751,0.002808707387919348,0.007744700151020083,0.9888977230866708,35.85495557817716,0.0,0.3657361628859312,0.652069506095199,0.4474216896795585,0.3015037007835192,0.008638254868427427,0.007648860364808534,0.013969137709962751,0.3657361628859312,0.0
482,1,7.461944717191014e-05,7.471937194881759e-06,1,1,,0,7.672850271068541e-09,0.652069506095199,0.447421589337869,0.30150363316634415,0.0,0.0,0.0,0.007648860364808534,0.008638254868427427,0.013969137709962751,0.002808707387919348,0.007744700151020083,0.9888977230866708,35.85495557817716,0.0,0.3657365236151769,0.652069506095199,0.447421589337869,0.30150363316634415,0.008638254868427427,0.007648860364808534,0.013969137709962751,0.3657365236151769,0.0
483,1,7.461944717191014e-05,7.471939100346126e-06,1,1,,0,8.092223549020532e-09,0.652069506095199,0.44742148931546094,0.3015035657643231,0.0,0.0,0.0,0.007648860364808534,0.008638254868427427,0.013969137709962751,0.002808707387919348,0.007744700151020083,0.9888977230866708,35.85495557817716,0.0,0.3657368814508537,0.652069506095199,0.44742148931546094,0.3015035657643231,0.008638254868427427,0.007648860364808534,0.013969137709962751,0.3657368814508537,0.0
484,1,7.461944717191014e-05,7.471941541467653e-06,1,1,,0,8.50850086303653e-09,0.652069506095199,0.44742138958822053,0.30150349856120634,0.0,0.0,0.0,0.007648860364808534,0.008638254868427427,0.013969137709962751,0.002808707387919348,0.007744700151020083,0.9888977230866708,35.85495557817716,0.0,0.36573723642435624,0.652069506095199,0.44742138958822053,0.30150349856120634,0.008638254868427427,0.007648860364808534,0.013969137709962751,0.36573723642435624,0.0
485,1,7.461944717191014e-05,7.471944526300157e-06,1,1,,0,8.921726352490598e-09,0.652069506095199,0.44742129013591486,0.30150343154335957,0.0,0.0,0.0,0.007648860364808534,0.008638254868427427,0.013969137709962751,0.002808707387919348,0.007744700151020083,0.9888977230866708,35.85495557817716,0.0,0.36573758856551486,0.652069506095199,0.44742129013591486,0.30150343154335957,0.008638254868427427,0.007648860364808534,0.013969137709962751,0.36573758856551486,0.0
486,1,7.461944717191014e-05,7.471948060258197e-06,1,1,,0,9.33194062557599e-09,0.652069506095199,0.44742119094173916,0.3015033646994587,0.0,0.0,0.0,0.007648860364808534,0.008638254868427427,0.013969137709962751,0.002808707387919348,0.007744700151020083,0.9888977230866708,35.85495557817716,0.0,0.3657379379027598,0.652069506095199,0.44742119094173916,0.3015033646994587,0.008638254868427427,0.007648860364808534,0.013969137709962751,0.3657379379027598,0.0
487,1,7.461944717191014e-05,7.471952146441664e-06,1,1,,0,9.739181151029848e-09,0.652069506095199,0.44742109199191304,0.30150329802021747,0.0,0.0,0.0,0.007648860364808534,0.008638254868427427,0.013969137709962751,0.002808707387919348,0.007744700151020083,0.9888977230866708,35.85495557817716,0.0,0.36573828446326684,0.652069506095199,0.44742109199191304,0.30150329802021747,0.008638254868427427,0.007648860364808534,0.013969137709962751,0.36573828446326684,0.0
488,1,7.46165309393295e-05,7.457125232008559e-06,1,2,,0,1.8626347337658638e-11,0.6520340685344778,0.44736444504368283,0.3015032314981454,0.0,0.0,0.0,0.007648832460307271,0.008638086069224449,0.013968619907482412,0.002808999397791413,0.007744589075844856,0.9888786019992213,35.85411849588597,0.0,0.3657386282730873,0.6520340685344778,0.44736444504368283,0.3015032314981454,0.008638086069224449,0.007648832460307271,0.013968619907482412,0.3657386282730873,0.0
489,1,7.46165309393295e-05,7.45712728727691e-06,1,1,,0,3.969761742026747e-10,0.6520340685344778,0.44736434823649945,0.30150316625451906,0.0,0.0,0.0,0.007648832460307271,0.008638086069224449,0.013968619907482412,0.002808999397791413,0.007744589075844856,0.9888786019992213,35.85411849588597,0.0,0.3657389687487813,0.6520340685344778,0.44736434823649945,0.30150316625451906,0.008638086069224449,0.007648832460307271,0.013968619907482412,0.3657389687487813,0.0
490,1,7.46165309393295e-05,7.457128727353008e-06,1,1,,0,7.921702392407596e-10,0.6520340685344778,0.4473642531248766,0.3015031021536233,0.0,0.0,0.0,0.007648832460307271,0.008638086069224449,0.013968619907482412,0.002808999397791413,0.007744589075844856,0.9888786019992213,35.85411849588597,0.0,0.3657393059852918,0.6520340685344778,0.4473642531248766,0.3015031021536233,0.008638086069224449,0.007648832460307271,0.013968619907482412,0.3657393059852918,0.0
491,1,7.46165309393295e-05,7.457129686791476e-06,1,1,,0,1.1833656059394594e-09,0.6520340685344778,0.4473641595304591,0.30150303907525483,0.0,0.0,0.0,0.007648832460307271,0.008638086069224449,0.013968619907482412,0.002808999397791413,0.007744589075844856,0.9888786019992213,35.85411849588597,0.0,0.36573964006902676,0.6520340685344778,0.4473641595304591,0.30150303907525483,0.008638086069224449,0.007648832460307271,0.013968619907482412,0.36573964006902676,0.0
492,1,7.46165309393295e-05,7.4571302839075145e-06,1,1,,0,1.570635372003832e-09,0.6520340685344778,0.447364067295382,0.30150297691301964,0.0,0.0,0.0,0.007648832460307271,0.008638086069224449,0.013968619907482412,0.002808999397791413,0.007744589075844856,0.9888786019992213,35.85411849588597,0.0,0.36573997107877987,0.6520340685344778,0.447364067295382,0.30150297691301964,0.008638086069224449,0.007648832460307271,0.013968619907482412,0.36573997107877987,0.0
493,1,7.46165309393295e-05,7.457130622563474e-06,1,1,,0,1.954119271828105e-09,0.6520340685344778,0.4473639762800172,0.301502915572815,0.0,0.0,0.0,0.007648832460307271,0.008638086069224449,0.013968619907482412,0.002808999397791413,0.007744589075844856,0.9888786019992213,35.85411849588597,0.0,0.36574029908655137,0.6520340685344778,0.4473639762800172,0.301502915572815,0.008638086069224449,0.007648832460307271,0.013968619907482412,0.36574029908655137,0.0
494,1,7.46165309393295e-05,7.457130793776667e-06,1,1,,0,2.333954705817793e-09,0.6520340685344778,0.44736388636096797,0.3015028549714773,0.0,0.0,0.0,0.007648832460307271,0.008638086069224449,0.013968619907482412,0.002808999397791413,0.007744589075844856,0.9888786019992213,35.85411849588597,0.0,0.3657406241582793,0.6520340685344778,0.44736388636096797,0.3015028549714773,0.008638086069224449,0.007648832460307271,0.013968619907482412,0.3657406241582793,0.0
495,1,7.46165309393295e-05,7.4571308771358686e-06,1,1,,0,2.71026848753081e-09,0.6520340685344778,0.4473637974292807,0.30150279503557614,0.0,0.0,0.0,0.007648832460307271,0.008638086069224449,0.013968619907482412,0.002808999397791413,0.007744589075844856,0.9888786019992213,35.85411849588597,0.0,0.3657409463544918,0.6520340685344778,0.4473637974292807,0.30150279503557614,0.008638086069224449,0.007648832460307271,0.013968619907482412,0.3657409463544918,0.0
496,1,7.46165309393295e-05,7.4571309420718275e-06,1,1,,0,3.0831759581449415e-09,0.6520340685344778,0.4473637093888481,0.3015027357003401,0.0,0.0,0.0,0.007648832460307271,0.008638086069224449,0.013968619907482412,0.002808999397791413,0.007744589075844856,0.9888786019992213,35.85411849588597,0.0,0.3657412657308876,0.6520340685344778,0.4473637093888481,0.3015027357003401,0.008638086069224449,0.007648832460307271,0.013968619907482412,0.3657412657308876,0.0
497,1,7.46165309393295e-05,7.457131048985657e-06,1,1,,0,3.4527815936913816e-09,0.6520340685344778,0.44736362215499204,0.30150267690869986,0.0,0.0,0.0,0.007648832460307271,0.008638086069224449,0.013968619907482412,0.002808999397791413,0.007744589075844856,0.9888786019992213,35.85411849588597,0.0,0.36574158233885395,0.6520340685344778,0.44736362215499204,0.30150267690869986,0.008638086069224449,0.007648832460307271,0.013968619907482412,0.36574158233885395,0.0
498,1,7.46165309393295e-05,7.457131250258568e-06,1,1,,0,3.8191799532364745e-09,0.6520340685344778,0.44736353565319553,0.30150261861043437,0.0,0.0,0.0,0.007648832460307271,0.008638086069224449,0.013968619907482412,0.002808999397791413,0.007744589075844856,0.9888786019992213,35.85411849588597,0.0,0.36574189622592834,0.6520340685344778,0.44736353565319553,0.30150261861043437,0.008638086069224449,0.007648832460307271,0.013968619907482412,0.36574189622592834,0.0
499,1,7.46165309393295e-05,7.457131591151887e-06,1,1,,0,4.182456663954711e-09,0.6520340685344778,0.44736344981797516,0.30150256076141096,0.0,0.0,0.0,0.007648832460307271,0.008638086069224449,0.013968619907482412,0.002808999397791413,0.007744589075844856,0.9888786019992213,35.85411849588597,0.0,0.36574220743620933,0.6520340685344778,0.44736344981797516,0.30150256076141096,0.008638086069224449,0.007648832460307271,0.013968619907482412,0.36574220743620933,0.0
500,1,7.46165309393295e-05,7.457132110602759e-06,1,1,,0,4.542689355163171e-09,0.6520340685344778,0.44736336459187676,0.3015025033229077,0.0,0.0,0.0,0.007648832460307271,0.008638086069224449,0.013968619907482412,0.002808999397791413,0.007744589075844856,0.9888786019992213,35.85411849588597,0.0,0.3657425160107229,0.6520340685344778,0.44736336459187676,0.3015025033229077,0.008638086069224449,0.007648832460307271,0.013968619907482412,0.3657425160107229,0.0
501,1,7.46165309393295e-05,7.457132841937888e-06,1,1,,0,4.899948514188089e-09,0.6520340685344778,0.4473632799245787,0.3015024462610106,0.0,0.0,0.0,0.007648832460307271,0.008638086069224449,0.013968619907482412,0.002808999397791413,0.007744589075844856,0.9888786019992213,35.85411849588597,0.0,0.36574282198774954,0.6520340685344778,0.4473632799245787,0.3015024462610106,0.008638086069224449,0.007648832460307271,0.013968619907482412,0.36574282198774954,0.0
502,1,7.46165309393295e-05,7.457133813508519e-06,1,1,,0,5.254298259329588e-09,0.6520340685344778,0.4473631957720947,0.3015023895460745,0.0,0.0,0.0,0.007648832460307271,0.008638086069224449,0.013968619907482412,0.002808999397791413,0.007744589075844856,0.9888786019992213,35.85411849588597,0.0,0.365743125403115,0.6520340685344778,0.4473631957720947,0.3015023895460745,0.008638086069224449,0.007648832460307271,0.013968619907482412,0.365743125403115,0.0
503,1,7.46165309393295e-05,7.4571350492581965e-06,1,1,,0,5.605797033173218e-09,0.6520340685344778,0.4473631120960624,0.30150233315224517,0.0,0.0,0.0,0.007648832460307271,0.008638086069224449,0.013968619907482412,0.002808999397791413,0.007744589075844856,0.9888786019992213,35.85411849588597,0.0,0.36574342629044976,0.6520340685344778,0.4473631120960624,0.30150233315224517,0.008638086069224449,0.007648832460307271,0.013968619907482412,0.36574342629044976,0.0
504,1,7.46165309393295e-05,7.4571365692225004e-06,1,1,,0,5.954498222803394e-09,0.6520340685344778,0.44736302886310997,0.3015022770570316,0.0,0.0,0.0,0.007648832460307271,0.008638086069224449,0.013968619907482412,0.002808999397791413,0.007744589075844856,0.9888786019992213,35.85411849588597,0.0,0.36574372468142013,0.6520340685344778,0.44736302886310997,0.3015022770570316,0.008638086069224449,0.007648832460307271,0.013968619907482412,0.36574372468142013,0.0
505,1,7.46165309393295e-05,7.457138389980388e-06,1,1,,0,6.3004507128788166e-09,0.6520340685344778,0.44736294604429294,0.3015022212409263,0.0,0.0,0.0,0.007648832460307271,0.008638086069224449,0.013968619907482412,0.002808999397791413,0.007744589075844856,0.9888786019992213,35.85411849588597,0.0,0.36574402060593414,0.6520340685344778,0.44736294604429294,0.3015022212409263,0.008638086069224449,0.007648832460307271,0.013968619907482412,0.36574402060593414,0.0
506,1,7.46165309393295e-05,7.4571405250562266e-06,1,1,,0,6.64369937869605e-09,0.6520340685344778,0.4473628636145903,0.3015021656870664,0.0,0.0,0.0,0.007648832460307271,0.008638086069224449,0.013968619907482412,0.002808999397791413,0.007744589075844856,0.9888786019992213,35.85411849588597,0.0,0.36574431409232533,0.6520340685344778,0.4473628636145903,0.3015021656870664,0.008638086069224449,0.007648832460307271,0.013968619907482412,0.36574431409232533,0.0
507,1,7.46165309393295e-05,7.457142985267392e-06,1,1,,0,6.984285525513325e-09,0.6520340685344778,0.4473627815524571,0.3015021103809317,0.0,0.0,0.0,0.007648832460307271,0.008638086069224449,0.013968619907482412,0.002808999397791413,0.007744589075844856,0.9888786019992213,35.85411849588597,0.0,0.36574460516751606,0.6520340685344778,0.4473627815524571,0.3015021103809317,0.008638086069224449,0.007648832460307271,0.013968619907482412,0.36574460516751606,0.0
508,1,7.46165309393295e-05,7.457145779050324e-06,1,1,,0,7.3222472794559094e-09,0.6520340685344778,0.4473626998394277,0.30150205531007673,0.0,0.0,0.0,0.007648832460307271,0.008638086069224449,0.013968619907482412,0.002808999397791413,0.007744589075844856,0.9888786019992213,35.85411849588597,0.0,0.36574489385716347,0.6520340685344778,0.4473626998394277,0.30150205531007673,0.008638086069224449,0.007648832460307271,0.013968619907482412,0.36574489385716347,0.0
509,1,7.46165309393295e-05,7.457148912738107e-06,1,1,,0,7.657619936078246e-09,0.6520340685344778,0.44736261845975744,0.3015020004638907,0.0,0.0,0.0,0.007648832460307271,0.008638086069224449,0.013968619907482412,0.002808999397791413,0.007744589075844856,0.9888786019992213,35.85411849588597,0.0,0.3657451801857896,0.6520340685344778,0.44736261845975744,0.3015020004638907,0.008638086069224449,0.007648832460307271,0.013968619907482412,0.3657451801857896,0.0
510,1,7.46165309393295e-05,7.457152390813219e-06,1,1,,0,7.990436269981013e-09,0.6520340685344778,0.44736253740010967,0.30150194583338513,0.0,0.0,0.0,0.007648832460307271,0.008638086069224449,0.013968619907482412,0.002808999397791413,0.007744589075844856,0.9888786019992213,35.85411849588597,0.0,0.36574546417689646,0.6520340685344778,0.44736253740010967,0.30150194583338513,0.008638086069224449,0.007648832460307271,0.013968619907482412,0.36574546417689646,0.0
511,1,7.46165309393295e-05,7.457156216127767e-06,1,1,,0,8.320726810961003e-09,0.6520340685344778,0.4473624566492718,0.3015018914110037,0.0,0.0,0.0,0.007648832460307271,0.008638086069224449,0.013968619907482412,0.002808999397791413,0.007744589075844856,0.9888786019992213,35.85411849588597,0.0,0.36574574585306974,0.6520340685344778,0.4473624566492718,0.3015018914110037,0.008638086069224449,0.007648832460307271,0.013968619907482412,0.36574574585306974,0.0
512,1,7.46165309393295e-05,7.457160390105944e-06,1,1,,0,8.648520089472551e-09,0.6520340685344778,0.44736237619790803,0.3015018371904538,0.0,0.0,0.0,0.007648832460307271,0.008638086069224449,0.013968619907482412,0.002808999397791413,0.007744589075844856,0.9888786019992213,35.85411849588597,0.0,0.3657460252360706,0.6520340685344778,0.44736237619790803,0.3015018371904538,0.008638086069224449,0.007648832460307271,0.013968619907482412,0.3657460252360706,0.0
513,1,7.46165309393295e-05,7.457164912918851e-06,1,1,,0,8.973842855243248e-09,0.6520340685344778,0.4473622960383326,0.30150178316655624,0.0,0.0,0.0,0.007648832460307271,0.008638086069224449,0.013968619907482412,0.002808999397791413,0.007744589075844856,0.9888786019992213,35.85411849588597,0.0,0.3657463023469172,0.6520340685344778,0.4473622960383326,0.30150178316655624,0.008638086069224449,0.007648832460307271,0.013968619907482412,0.3657463023469172,0.0
514,1,7.46165309393295e-05,7.457169783645712e-06,1,1,,0,9.296720272250406e-09,0.6520340685344778,0.44736221616431493,0.30150172933511116,0.0,0.0,0.0,0.007648832460307271,0.008638086069224449,0.013968619907482412,0.002808999397791413,0.007744589075844856,0.9888786019992213,35.85411849588597,0.0,0.3657465772059582,0.6520340685344778,0.44736221616431493,0.30150172933511116,0.008638086069224449,0.007648832460307271,0.013968619907482412,0.3657465772059582,0.0
515,1,7.46165309393295e-05,7.457175000405654e-06,1,1,,0,9.617176091108236e-09,0.6520340685344778,0.44736213657090035,0.30150167569278,0.0,0.0,0.0,0.007648832460307271,0.008638086069224449,0.013968619907482412,0.002808999397791413,0.007744589075844856,0.9888786019992213,35.85411849588597,0.0,0.3657468498329375,0.6520340685344778,0.44736213657090035,0.30150167569278,0.008638086069224449,0.007648832460307271,0.013968619907482412,0.3657468498329375,0.0
516,1,7.46165309393295e-05,7.4571805604911895e-06,1,1,,0,9.935232804080547e-09,0.6520340685344778,0.44736205725425465,0.3015016222369786,0.0,0.0,0.0,0.007648832460307271,0.008638086069224449,0.013968619907482412,0.002808999397791413,0.007744589075844856,0.9888786019992213,35.85411849588597,0.0,0.3657471202470518,0.6520340685344778,0.44736205725425465,0.3015016222369786,0.008638086069224449,0.007648832460307271,0.013968619907482412,0.3657471202470518,0.0
517,1,7.461361180299033e-05,7.442426723360769e-06,1,2,,0,1.8753915095663627e-11,0.6519986626713324,0.4473055086904167,0.3015015689657838,0.0,0.0,0.0,0.00764880357765681,0.008637917098640755,0.013968105025151986,0.0028092881089373336,0.007744480227840194,0.9888597199437149,35.85328744221793,0.0,0.3657473884670031,0.6519986626713324,0.4473055086904167,0.3015015689657838,0.008637917098640755,0.00764880357765681,0.013968105025151986,0.3657473884670031,0.0
518,1,7.461361180299033e-05,7.442430506992485e-06,1,1,,0,3.0932488438917904e-10,0.6519986626713324,0.4473054312643842,0.30150151677758175,0.0,0.0,0.0,0.00764880357765681,0.008637917098640755,0.013968105025151986,0.0028092881089373336,0.007744480227840194,0.9888597199437149,35.85328744221793,0.0,0.36574765401970616,0.6519986626713324,0.4473054312643842,0.30150151677758175,0.008637917098640755,0.00764880357765681,0.013968105025151986,0.36574765401970616,0.0
519,1,7.461361180299033e-05,7.442433688653414e-06,1,1,,0,6.175348150656657e-10,0.6519986626713324,0.4473053552882623,0.3015014655666767,0.0,0.0,0.0,0.00764880357765681,0.008637917098640755,0.013968105025151986,0.0028092881089373336,0.007744480227840194,0.9888597199437149,35.85328744221793,0.0,0.36574791698025516,0.6519986626713324,0.4473053552882623,0.3015014655666767,0.008637917098640755,0.00764880357765681,0.013968105025151986,0.36574791698025516,0.0
520,1,7.461361180299033e-05,7.442436374117684e-06,1,1,,0,9.225717419994293e-10,0.6519986626713324,0.4473052806228311,0.30150141523922885,0.0,0.0,0.0,0.00764880357765681,0.008637917098640755,0.013968105025151986,0.0028092881089373336,0.007744480227840194,0.9888597199437149,35.85328744221793,0.0,0.3657481774171331,0.6519986626713324,0.4473052806228311,0.30150141523922885,0.008637917098640755,0.00764880357765681,0.013968105025151986,0.3657481774171331,0.0
521,1,7.461361180299033e-05,7.4424386566909414e-06,1,1,,0,1.224438671749638e-09,0.6519986626713324,0.44730520714453637,0.3015013657119577,0.0,0.0,0.0,0.00764880357765681,0.008637917098640755,0.013968105025151986,0.0028092881089373336,0.007744480227840194,0.9888597199437149,35.85328744221793,0.0,0.3657484353929215,0.6519986626713324,0.44730520714453637,0.3015013657119577,0.008637917098640755,0.00764880357765681,0.013968105025151986,0.3657484353929215,0.0
522,1,7.461361180299033e-05,7.4424406185820944e-06,1,1,,0,1.5232353100274316e-09,0.6519986626713324,0.44730513474377387,0.3015013169109862,0.0,0.0,0.0,0.00764880357765681,0.008637917098640755,0.013968105025151986,0.0028092881089373336,0.007744480227840194,0.9888597199437149,35.85328744221793,0.0,0.3657486909649327,0.6519986626713324,0.44730513474377387,0.3015013169109862,0.008637917098640755,0.00764880357765681,0.013968105025151986,0.3657486909649327,0.0
523,1,7.461361180299033e-05,7.442442332126881e-06,1,1,,0,1.8190670108146709e-09,0.6519986626713324,0.4473050633233618,0.30150126877080907,0.0,0.0,0.0,0.00764880357765681,0.008637917098640755,0.013968105025151986,0.0028092881089373336,0.007744480227840194,0.9888597199437149,35.85328744221793,0.0,0.36574894418577464,0.6519986626713324,0.4473050633233618,0.30150126877080907,0.008637917098640755,0.00764880357765681,0.013968105025151986,0.36574894418577464,0.0
524,1,7.461361180299033e-05,7.442443860874017e-06,1,1,,0,2.112033047770505e-09,0.6519986626713324,0.4473049927971755,0.30150122123337586,0.0,0.0,0.0,0.00764880357765681,0.008637917098640755,0.013968105025151986,0.0028092881089373336,0.007744480227840194,0.9888597199437149,35.85328744221793,0.0,0.365749195103853,0.6519986626713324,0.4473049927971755,0.30150122123337586,0.008637917098640755,0.00764880357765681,0.013968105025151986,0.365749195103853,0.0
525,1,7.461361180299033e-05,7.442445260557625e-06,1,1,,0,2.402224597181823e-09,0.6519986626713324,0.44730492308893544,0.3015011742472705,0.0,0.0,0.0,0.00764880357765681,0.008637917098640755,0.013968105025151986,0.0028092881089373336,0.007744480227840194,0.9888597199437149,35.85328744221793,0.0,0.36574944376382,0.6519986626713324,0.44730492308893544,0.3015011742472705,0.008637917098640755,0.00764880357765681,0.013968105025151986,0.36574944376382,0.0
526,1,7.461361180299033e-05,7.4424465799570945e-06,1,1,,0,2.6897247621209306e-09,0.6519986626713324,0.4473048541311223,0.30150112776698257,0.0,0.0,0.0,0.00764880357765681,0.008637917098640755,0.013968105025151986,0.0028092881089373336,0.007744480227840194,0.9888597199437149,35.85328744221793,0.0,0.36574969020697307,0.6519986626713324,0.4473048541311223,0.30150112776698257,0.008637917098640755,0.00764880357765681,0.013968105025151986,0.36574969020697307,0.0
527,1,7.461361180299033e-05,7.442447861677445e-06,1,1,,0,2.97460912700696e-09,0.6519986626713324,0.44730478586401307,0.3015010817522563,0.0,0.0,0.0,0.00764880357765681,0.008637917098640755,0.013968105025151986,0.0028092881089373336,0.007744480227840194,0.9888597199437149,35.85328744221793,0.0,0.3657499344716119,0.6519986626713324,0.44730478586401307,0.3015010817522563,0.008637917098640755,0.00764880357765681,0.013968105025151986,0.3657499344716119,0.0
528,1,7.461361180299033e-05,7.44244914282811e-06,1,1,,0,3.2569464377124046e-09,0.6519986626713324,0.44730471823482076,0.3015010361675111,0.0,0.0,0.0,0.00764880357765681,0.008637917098640755,0.013968105025151986,0.0028092881089373336,0.007744480227840194,0.9888597199437149,35.85328744221793,0.0,0.3657501765933555,0.6519986626713324,0.44730471823482076,0.3015010361675111,0.008637917098640755,0.00764880357765681,0.013968105025151986,0.3657501765933555,0.0
529,1,7.461361180299033e-05,7.442450455638078e-06,1,1,,0,3.5367992819419745e-09,0.6519986626713324,0.44730465119692786,0.3015009909813253,0.0,0.0,0.0,0.00764880357765681,0.008637917098640755,0.013968105025151986,0.0028092881089373336,0.007744480227840194,0.9888597199437149,35.85328744221793,0.0,0.3657504166054253,0.6519986626713324,0.44730465119692786,0.3015009909813253,0.008637917098640755,0.00764880357765681,0.013968105025151986,0.3657504166054253,0.0
530,1,7.461361180299033e-05,7.442451828002775e-06,1,1,,0,3.814224729162335e-09,0.6519986626713324,0.4473045847092034,0.30150094616597456,0.0,0.0,0.0,0.00764880357765681,0.008637917098640755,0.013968105025151986,0.0028092881089373336,0.007744480227840194,0.9888597199437149,35.85328744221793,0.0,0.36575065453889694,0.6519986626713324,0.4473045847092034,0.30150094616597456,0.008637917098640755,0.00764880357765681,0.013968105025151986,0.36575065453889694,0.0
531,1,7.461361180299033e-05,7.442453283967658e-06,1,1,,0,4.0892749141216855e-09,0.6519986626713324,0.447304518735394,0.3015009016970229,0.0,0.0,0.0,0.00764880357765681,0.008637917098640755,0.013968105025151986,0.0028092881089373336,0.007744480227840194,0.9888597199437149,35.85328744221793,0.0,0.3657508904229262,0.6519986626713324,0.447304518735394,0.3015009016970229,0.008637917098640755,0.00764880357765681,0.013968105025151986,0.3657508904229262,0.0
532,1,7.461361180299033e-05,7.442454844163171e-06,1,1,,0,4.361997566230667e-09,0.6519986626713324,0.4473044532435813,0.30150085755295614,0.0,0.0,0.0,0.00764880357765681,0.008637917098640755,0.013968105025151986,0.0028092881089373336,0.007744480227840194,0.9888597199437149,35.85328744221793,0.0,0.3657511242849485,0.6519986626713324,0.4473044532435813,0.30150085755295614,0.008637917098640755,0.00764880357765681,0.013968105025151986,0.3657511242849485,0.0
533,1,7.461361180299033e-05,7.442456526189848e-06,1,1,,0,4.632436483351523e-09,0.6519986626713324,0.4473043882056987,0.30150081371485593,0.0,0.0,0.0,0.00764880357765681,0.008637917098640755,0.013968105025151986,0.0028092881089373336,0.007744480227840194,0.9888597199437149,35.85328744221793,0.0,0.3657513561508581,0.6519986626713324,0.4473043882056987,0.30150081371485593,0.008637917098640755,0.00764880357765681,0.013968105025151986,0.3657513561508581,0.0
534,1,7.461361180299033e-05,7.442458344965923e-06,1,1,,0,4.900631956310724e-09,0.6519986626713324,0.4473043235971002,0.3015007701661104,0.0,0.0,0.0,0.00764880357765681,0.008637917098640755,0.013968105025151986,0.0028092881089373336,0.007744480227840194,0.9888597199437149,35.85328744221793,0.0,0.3657515860451674,0.6519986626713324,0.4473043235971002,0.3015007701661104,0.008637917098640755,0.00764880357765681,0.013968105025151986,0.3657515860451674,0.0
535,1,7.461361180299033e-05,7.44246031302367e-06,1,1,,0,5.166621148051453e-09,0.6519986626713324,0.4473042593961782,0.3015007268921547,0.0,0.0,0.0,0.00764880357765681,0.008637917098640755,0.013968105025151986,0.0028092881089373336,0.007744480227840194,0.9888597199437149,35.85328744221793,0.0,0.36575181399114887,0.6519986626713324,0.4473042593961782,0.3015007268921547,0.008637917098640755,0.00764880357765681,0.013968105025151986,0.36575181399114887,0.0
536,1,7.461361180299033e-05,7.442462440795284e-06,1,1,,0,5.430438431625185e-09,0.6519986626713324,0.4473041955840185,0.30150068388024054,0.0,0.0,0.0,0.00764880357765681,0.008637917098640755,0.013968105025151986,0.0028092881089373336,0.007744480227840194,0.9888597199437149,35.85328744221793,0.0,0.36575204001096157,0.6519986626713324,0.4473041955840185,0.30150068388024054,0.008637917098640755,0.00764880357765681,0.013968105025151986,0.36575204001096157,0.0
537,1,7.461361180299033e-05,7.442464736846739e-06,1,1,,0,5.692115691928461e-09,0.6519986626713324,0.4473041321441003,0.30150064111923136,0.0,0.0,0.0,0.00764880357765681,0.008637917098640755,0.013968105025151986,0.0028092881089373336,0.007744480227840194,0.9888597199437149,35.85328744221793,0.0,0.3657522641257643,0.6519986626713324,0.4473041321441003,0.30150064111923136,0.008637917098640755,0.00764880357765681,0.013968105025151986,0.3657522641257643,0.0
538,1,7.461361180299033e-05,7.442467208096909e-06,1,1,,0,5.951682594014907e-09,0.6519986626713324,0.44730406906201947,0.3015005985994189,0.0,0.0,0.0,0.00764880357765681,0.008637917098640755,0.013968105025151986,0.0028092881089373336,0.007744480227840194,0.9888597199437149,35.85328744221793,0.0,0.365752486355816,0.6519986626713324,0.44730406906201947,0.3015005985994189,0.008637917098640755,0.00764880357765681,0.013968105025151986,0.365752486355816,0.0
539,1,7.461361180299033e-05,7.4424698600110265e-06,1,1,,0,6.209166822260289e-09,0.6519986626713324,0.4473040063252514,0.30150055631236083,0.0,0.0,0.0,0.00764880357765681,0.008637917098640755,0.013968105025151986,0.0028092881089373336,0.007744480227840194,0.9888597199437149,35.85328744221793,0.0,0.3657527067205656,0.6519986626713324,0.4473040063252514,0.30150055631236083,0.008637917098640755,0.00764880357765681,0.013968105025151986,0.3657527067205656,0.0
540,1,7.461361180299033e-05,7.442472696772817e-06,1,1,,0,6.464594293382323e-09,0.6519986626713324,0.44730394392293354,0.30150051425073543,0.0,0.0,0.0,0.00764880357765681,0.008637917098640755,0.013968105025151986,0.0028092881089373336,0.007744480227840194,0.9888597199437149,35.85328744221793,0.0,0.3657529252387319,0.6519986626713324,0.44730394392293354,0.30150051425073543,0.008637917098640755,0.00764880357765681,0.013968105025151986,0.3657529252387319,0.0
541,1,7.461361180299033e-05,7.442475721433504e-06,1,1,,0,6.717989346673786e-09,0.6519986626713324,0.44730388184567443,0.3015004724082125,0.0,0.0,0.0,0.00764880357765681,0.008637917098640755,0.013968105025151986,0.0028092881089373336,0.007744480227840194,0.9888597199437149,35.85328744221793,0.0,0.3657531419283745,0.6519986626713324,0.44730388184567443,0.3015004724082125,0.008637917098640755,0.00764880357765681,0.013968105025151986,0.3657531419283745,0.0
542,1,7.461361180299033e-05,7.442478936053426e-06,1,1,,0,6.969374912340676e-09,0.6519986626713324,0.44730382008538266,0.3015004307793381,0.0,0.0,0.0,0.00764880357765681,0.008637917098640755,0.013968105025151986,0.0028092881089373336,0.007744480227840194,0.9888597199437149,35.85328744221793,0.0,0.3657533568069586,0.6519986626713324,0.44730382008538266,0.3015004307793381,0.008637917098640755,0.00764880357765681,0.013968105025151986,0.3657533568069586,0.0
543,1,7.461361180299033e-05,7.4424823418190475e-06,1,1,,0,7.2187726625602515e-09,0.6519986626713324,0.4473037586351154,0.3015003893594324,0.0,0.0,0.0,0.00764880357765681,0.008637917098640755,0.013968105025151986,0.0028092881089373336,0.007744480227840194,0.9888597199437149,35.85328744221793,0.0,0.36575356989141006,0.6519986626713324,0.4473037586351154,0.3015003893594324,0.008637917098640755,0.00764880357765681,0.013968105025151986,0.36575356989141006,0.0
544,1,7.461361180299033e-05,7.4424859391486494e-06,1,1,,0,7.466203144610443e-09,0.6519986626713324,0.44730369748894305,0.30150034814449866,0.0,0.0,0.0,0.00764880357765681,0.008637917098640755,0.013968105025151986,0.0028092881089373336,0.007744480227840194,0.9888597199437149,35.85328744221793,0.0,0.3657537811981672,0.6519986626713324,0.44730369748894305,0.30150034814449866,0.008637917098640755,0.00764880357765681,0.013968105025151986,0.3657537811981672,0.0
545,1,7.461361180299033e-05,7.442489727796766e-06,1,1,,0,7.711685901338852e-09,0.6519986626713324,0.4473036366418286,0.30150030713114173,0.0,0.0,0.0,0.00764880357765681,0.008637917098640755,0.013968105025151986,0.0028092881089373336,0.007744480227840194,0.9888597199437149,35.85328744221793,0.0,0.3657539907432252,0.6519986626713324,0.4473036366418286,0.30150030713114173,0.008637917098640755,0.00764880357765681,0.013968105025151986,0.3657539907432252,0.0
546,1,7.461361180299033e-05,7.442493706927668e-06,1,1,,0,7.955239576144963e-09,0.6519986626713324,0.4473035760895211,0.3015002663164963,0.0,0.0,0.0,0.00764880357765681,0.008637917098640755,0.013968105025151986,0.0028092881089373336,0.007744480227840194,0.9888597199437149,35.85328744221793,0.0,0.3657541985421762,0.6519986626713324,0.4473035760895211,0.3015002663164963,0.008637917098640755,0.00764880357765681,0.013968105025151986,0.3657541985421762,0.0
547,1,7.461361180299033e-05,7.442497875202309e-06,1,1,,0,8.196882008227202e-09,0.6519986626713324,0.4473035158284599,0.3015002256981623,0.0,0.0,0.0,0.00764880357765681,0.008637917098640755,0.013968105025151986,0.0028092881089373336,0.007744480227840194,0.9888597199437149,35.85328744221793,0.0,0.365754404610246,0.6519986626713324,0.4473035158284599,0.3015002256981623,0.008637917098640755,0.00764880357765681,0.013968105025151986,0.365754404610246,0.0
548,1,7.461361180299033e-05,7.442502230836039e-06,1,1,,0,8.436630316773287e-09,0.6519986626713324,0.44730345585569,0.30150018527414824,0.0,0.0,0.0,0.00764880357765681,0.008637917098640755,0.013968105025151986,0.0028092881089373336,0.007744480227840194,0.9888597199437149,35.85328744221793,0.0,0.36575460896232476,0.6519986626713324,0.44730345585569,0.30150018527414824,0.008637917098640755,0.00764880357765681,0.013968105025151986,0.36575460896232476,0.0
549,1,7.461361180299033e-05,7.442506771664641e-06,1,1,,0,8.674500975751245e-09,0.6519986626713324,0.4473033961687872,0.30150014504281986,0.0,0.0,0.0,0.00764880357765681,0.008637917098640755,0.013968105025151986,0.0028092881089373336,0.007744480227840194,0.9888597199437149,35.85328744221793,0.0,0.36575481161299667,0.6519986626713324,0.4473033961687872,0.30150014504281986,0.008637917098640755,0.00764880357765681,0.013968105025151986,0.36575481161299667,0.0
550,1,7.461361180299033e-05,7.44251149519598e-06,1,1,,0,8.910509880769929e-09,0.6519986626713324,0.4473033367657909,0.3015001050028555,0.0,0.0,0.0,0.00764880357765681,0.008637917098640755,0.013968105025151986,0.0028092881089373336,0.007744480227840194,0.9888597199437149,35.85328744221793,0.0,0.36575501257656434,0.6519986626713324,0.4473033367657909,0.3015001050028555,0.008637917098640755,0.00764880357765681,0.013968105025151986,0.36575501257656434,0.0
551,1,7.461361180299033e-05,7.442516398654627e-06,1,1,,0,9.144672408347501e-09,0.6519986626713324,0.4473032776451438,0.3015000651532058,0.0,0.0,0.0,0.00764880357765681,0.008637917098640755,0.013968105025151986,0.0028092881089373336,0.007744480227840194,0.9888597199437149,35.85328744221793,0.0,0.3657552118670722,0.6519986626713324,0.4473032776451438,0.3015000651532058,0.008637917098640755,0.00764880357765681,0.013968105025151986,0.3657552118670722,0.0
552,1,7.461361180299033e-05,7.442521479026735e-06,1,1,,0,9.377003468800019e-09,0.6519986626713324,0.44730321880564083,0.30150002549305827,0.0,0.0,0.0,0.00764880357765681,0.008637917098640755,0.013968105025151986,0.0028092881089373336,0.007744480227840194,0.9888597199437149,35.85328744221793,0.0,0.3657554094983264,0.6519986626713324,0.44730321880564083,0.30150002549305827,0.008637917098640755,0.00764880357765681,0.013968105025151986,0.3657554094983264,0.0
553,1,7.461361180299033e-05,7.442526733098169e-06,1,1,,0,9.607517553312299e-09,0.6519986626713324,0.4473031602463802,0.3014999860218051,0.0,0.0,0.0,0.00764880357765681,0.008637917098640755,0.013968105025151986,0.0028092881089373336,0.007744480227840194,0.9888597199437149,35.85328744221793,0.0,0.365755605483913,0.6519986626713324,0.4473031602463802,0.3014999860218051,0.008637917098640755,0.00764880357765681,0.013968105025151986,0.365755605483913,0.0
554,1,7.461361180299033e-05,7.44253215748099e-06,1,1,,0,9.836228775978332e-09,0.6519986626713324,0.4473031019667233,0.3014999467390159,0.0,0.0,0.0,0.00764880357765681,0.008637917098640755,0.013968105025151986,0.0028092881089373336,0.007744480227840194,0.9888597199437149,35.85328744221793,0.0,0.3657557998372138,0.6519986626713324,0.4473031019667233,0.3014999467390159,0.008637917098640755,0.00764880357765681,0.013968105025151986,0.3657557998372138,0.0
555,1,7.46107707523896e-05,7.428258846624262e-06,1,2,,0,1.784916170522271e-11,0.6519642631562073,0.4472482040770662,0.3014999076444123,0.0,0.0,0.0,0.007648774693971296,0.008637752644779173,0.013967606896308007,0.0028095661094806406,0.0077443763335568305,0.9888415676091779,35.852484528741165,0.0,0.365755992571421,0.6519642631562073,0.4472482040770662,0.3014999076444123,0.008637752644779173,0.007648774693971296,0.013967606896308007,0.365755992571421,0.0
556,1,7.46107707523896e-05,7.428262892743986e-06,1,1,,0,2.2182491388971733e-10,0.6519642631562073,0.44724814730855134,0.3014998693755005,0.0,0.0,0.0,0.007648774693971296,0.008637752644779173,0.013967606896308007,0.0028095661094806406,0.0077443763335568305,0.9888415676091779,35.852484528741165,0.0,0.3657561833480493,0.6519642631562073,0.44724814730855134,0.3014998693755005,0.008637752644779173,0.007648774693971296,0.013967606896308007,0.3657561833480493,0.0
557,1,7.46107707523896e-05,7.428266435466427e-06,1,1,,0,4.4308159636424355e-10,0.6519642631562073,0.44724809165443447,0.3014998318578292,0.0,0.0,0.0,0.007648774693971296,0.008637752644779173,0.013967606896308007,0.0028095661094806406,0.0077443763335568305,0.9888415676091779,35.852484528741165,0.0,0.3657563722209639,0.6519642631562073,0.44724809165443447,0.3014998318578292,0.008637752644779173,0.007648774693971296,0.013967606896308007,0.3657563722209639,0.0
558,1,7.46107707523896e-05,7.428269549830318e-06,1,1,,0,6.620819797568692e-10,0.6519642631562073,0.44724803701643007,0.3014997950251419,0.0,0.0,0.0,0.007648774693971296,0.008637752644779173,0.013967606896308007,0.0028095661094806406,0.0077443763335568305,0.9888415676091779,35.852484528741165,0.0,0.36575655923940686,0.6519642631562073,0.44724803701643007,0.3014997950251419,0.008637752644779173,0.007648774693971296,0.013967606896308007,0.36575655923940686,0.0
559,1,7.46107707523896e-05,7.4282723022322575e-06,1,1,,0,8.787517350457201e-10,0.6519642631562073,0.44724798330708343,0.3014997588184833,0.0,0.0,0.0,0.007648774693971296,0.008637752644779173,0.013967606896308007,0.0028095661094806406,0.0077443763335568305,0.9888415676091779,35.852484528741165,0.0,0.365756744448491,0.6519642631562073,0.44724798330708343,0.3014997588184833,0.008637752644779173,0.007648774693971296,0.013967606896308007,0.365756744448491,0.0
560,1,7.46107707523896e-05,7.428274751366148e-06,1,1,,0,1.0931472143351215e-09,0.6519642631562073,0.44724793044859024,0.3014997231854038,0.0,0.0,0.0,0.007648774693971296,0.008637752644779173,0.013967606896308007,0.0028095661094806406,0.0077443763335568305,0.9888415676091779,35.852484528741165,0.0,0.36575692788964,0.6519642631562073,0.44724793044859024,0.3014997231854038,0.008637752644779173,0.007648774693971296,0.013967606896308007,0.36575692788964,0.0
561,1,7.46107707523896e-05,7.428276949070924e-06,1,1,,0,1.305339126866546e-09,0.6519642631562073,0.44724787837174196,0.3014996880792484,0.0,0.0,0.0,0.007648774693971296,0.008637752644779173,0.013967606896308007,0.0028095661094806406,0.0077443763335568305,0.9888415676091779,35.852484528741165,0.0,0.36575710960098057,0.6519642631562073,0.44724787837174196,0.3014996880792484,0.008637752644779173,0.007648774693971296,0.013967606896308007,0.36575710960098057,0.0
562,1,7.46107707523896e-05,7.428278941083436e-06,1,1,,0,1.5153968856840375e-09,0.6519642631562073,0.4472478270149885,0.3014996534585248,0.0,0.0,0.0,0.007648774693971296,0.008637752644779173,0.013967606896308007,0.0028095661094806406,0.0077443763335568305,0.9888415676091779,35.852484528741165,0.0,0.3657572896176923,0.6519642631562073,0.4472478270149885,0.3014996534585248,0.008637752644779173,0.007648774693971296,0.013967606896308007,0.3657572896176923,0.0
563,1,7.46107707523896e-05,7.428280767703516e-06,1,1,,0,1.7233853415609838e-09,0.6519642631562073,0.44724777632359985,0.3014996192863385,0.0,0.0,0.0,0.007648774693971296,0.008637752644779173,0.013967606896308007,0.0028095661094806406,0.0077443763335568305,0.9888415676091779,35.852484528741165,0.0,0.36575746797232,0.6519642631562073,0.44724777632359985,0.3014996192863385,0.008637752644779173,0.007648774693971296,0.013967606896308007,0.36575746797232,0.0
564,1,7.46107707523896e-05,7.4282824643991495e-06,1,1,,0,1.9293641800072453e-09,0.6519642631562073,0.4472477262489215,0.3014995855298901,0.0,0.0,0.0,0.007648774693971296,0.008637752644779173,0.013967606896308007,0.0028095661094806406,0.0077443763335568305,0.9888415676091779,35.852484528741165,0.0,0.3657576446950514,0.6519642631562073,0.4472477262489215,0.3014995855298901,0.008637752644779173,0.007648774693971296,0.013967606896308007,0.3657576446950514,0.0
565,1,7.46107707523896e-05,7.428284062334699e-06,1,1,,0,2.1333880607609283e-09,0.6519642631562073,0.44724767674770766,0.30149955216002683,0.0,0.0,0.0,0.007648774693971296,0.008637752644779173,0.013967606896308007,0.0028095661094806406,0.0077443763335568305,0.9888415676091779,35.852484528741165,0.0,0.36575781981396543,0.6519642631562073,0.44724767674770766,0.30149955216002683,0.008637752644779173,0.007648774693971296,0.013967606896308007,0.36575781981396543,0.0
566,1,7.46107707523896e-05,7.428285588847898e-06,1,1,,0,2.335506979321475e-09,0.6519642631562073,0.447247627781529,0.30149951915084267,0.0,0.0,0.0,0.007648774693971296,0.008637752644779173,0.013967606896308007,0.0028095661094806406,0.0077443763335568305,0.9888415676091779,35.852484528741165,0.0,0.36575799335525316,0.6519642631562073,0.447247627781529,0.30149951915084267,0.008637752644779173,0.007648774693971296,0.013967606896308007,0.36575799335525316,0.0
567,1,7.46107707523896e-05,7.428287067871761e-06,1,1,,0,2.5357666850094524e-09,0.6519642631562073,0.4472475793162445,0.3014994864793224,0.0,0.0,0.0,0.007648774693971296,0.008637752644779173,0.013967606896308007,0.0028095661094806406,0.0077443763335568305,0.9888415676091779,35.852484528741165,0.0,0.36575816534341526,0.6519642631562073,0.4472475793162445,0.3014994864793224,0.008637752644779173,0.007648774693971296,0.013967606896308007,0.36575816534341526,0.0
568,1,7.46107707523896e-05,7.428288520314396e-06,1,1,,0,2.7342090965946318e-09,0.6519642631562073,0.44724753132152967,0.3014994541250236,0.0,0.0,0.0,0.007648774693971296,0.008637752644779173,0.013967606896308007,0.0028095661094806406,0.0077443763335568305,0.9888415676091779,35.852484528741165,0.0,0.3657583358014376,0.6519642631562073,0.44724753132152967,0.3014994541250236,0.008637752644779173,0.007648774693971296,0.013967606896308007,0.3657583358014376,0.0
569,1,7.46107707523896e-05,7.428289964394024e-06,1,1,,0,2.930872692534311e-09,0.6519642631562073,0.44724748377045725,0.3014994220697936,0.0,0.0,0.0,0.007648774693971296,0.008637752644779173,0.013967606896308007,0.0028095661094806406,0.0077443763335568305,0.9888415676091779,35.852484528741165,0.0,0.3657585047509482,0.6519642631562073,0.44724748377045725,0.3014994220697936,0.008637752644779173,0.007648774693971296,0.013967606896308007,0.3657585047509482,0.0
570,1,7.46107707523896e-05,7.4282914159359184e-06,1,1,,0,3.1257928685434338e-09,0.6519642631562073,0.44724743663912114,0.30149939029751754,0.0,0.0,0.0,0.007648774693971296,0.008637752644779173,0.013967606896308007,0.0028095661094806406,0.0077443763335568305,0.9888415676091779,35.852484528741165,0.0,0.3657586722123568,0.6519642631562073,0.44724743663912114,0.30149939029751754,0.008637752644779173,0.007648774693971296,0.013967606896308007,0.3657586722123568,0.0
571,1,7.46107707523896e-05,7.4282928886477305e-06,1,1,,0,3.319002262578804e-09,0.6519642631562073,0.4472473899063059,0.30149935879389284,0.0,0.0,0.0,0.007648774693971296,0.008637752644779173,0.013967606896308007,0.0028095661094806406,0.0077443763335568305,0.9888415676091779,35.852484528741165,0.0,0.36575883820497984,0.6519642631562073,0.4472473899063059,0.30149935879389284,0.008637752644779173,0.007648774693971296,0.013967606896308007,0.36575883820497984,0.0
572,1,7.46107707523896e-05,7.428294394347097e-06,1,1,,0,3.5105310464227997e-09,0.6519642631562073,0.447247343553186,0.3014993275462295,0.0,0.0,0.0,0.007648774693971296,0.008637752644779173,0.013967606896308007,0.0028095661094806406,0.0077443763335568305,0.9888415676091779,35.852484528741165,0.0,0.3657590027471516,0.6519642631562073,0.447247343553186,0.3014993275462295,0.008637752644779173,0.007648774693971296,0.013967606896308007,0.3657590027471516,0.0
573,1,7.46107707523896e-05,7.428295943182709e-06,1,1,,0,3.7004071877874e-09,0.6519642631562073,0.44724729756306364,0.3014992965432706,0.0,0.0,0.0,0.007648774693971296,0.008637752644779173,0.013967606896308007,0.0028095661094806406,0.0077443763335568305,0.9888415676091779,35.852484528741165,0.0,0.3657591658563231,0.6519642631562073,0.44724729756306364,0.3014992965432706,0.008637752644779173,0.007648774693971296,0.013967606896308007,0.3657591658563231,0.0
574,1,7.46107707523896e-05,7.428297543817051e-06,1,1,,0,3.888656683898378e-09,0.6519642631562073,0.4472472519211302,0.3014992657750337,0.0,0.0,0.0,0.007648774693971296,0.008637752644779173,0.013967606896308007,0.0028095661094806406,0.0077443763335568305,0.9888415676091779,35.852484528741165,0.0,0.36575932754915086,0.6519642631562073,0.4472472519211302,0.3014992657750337,0.008637752644779173,0.007648774693971296,0.013967606896308007,0.36575932754915086,0.0
575,1,7.46107707523896e-05,7.42829920359942e-06,1,1,,0,4.075303771036491e-09,0.6519642631562073,0.4472472066142579,0.30149923523266897,0.0,0.0,0.0,0.007648774693971296,0.008637752644779173,0.013967606896308007,0.0028095661094806406,0.0077443763335568305,0.9888415676091779,35.852484528741165,0.0,0.3657594878415757,0.6519642631562073,0.4472472066142579,0.30149923523266897,0.008637752644779173,0.007648774693971296,0.013967606896308007,0.3657594878415757,0.0
576,1,7.46107707523896e-05,7.428300928712238e-06,1,1,,0,4.260371110893089e-09,0.6519642631562073,0.44724716163081124,0.30149920490833226,0.0,0.0,0.0,0.007648774693971296,0.008637752644779173,0.013967606896308007,0.0028095661094806406,0.0077443763335568305,0.9888415676091779,35.852484528741165,0.0,0.3657596467488929,0.6519642631562073,0.44724716163081124,0.30149920490833226,0.008637752644779173,0.007648774693971296,0.013967606896308007,0.3657596467488929,0.0
577,1,7.46107707523896e-05,7.428302724307719e-06,1,1,,0,4.443879957036735e-09,0.6519642631562073,0.4472471169604788,0.30149917479507327,0.0,0.0,0.0,0.007648774693971296,0.008637752644779173,0.013967606896308007,0.0028095661094806406,0.0077443763335568305,0.9888415676091779,35.852484528741165,0.0,0.36575980428581506,0.6519642631562073,0.4472471169604788,0.30149917479507327,0.008637752644779173,0.007648774693971296,0.013967606896308007,0.36575980428581506,0.0
578,1,7.46107707523896e-05,7.428304594626789e-06,1,1,,0,4.625850303332256e-09,0.6519642631562073,0.44724707259412744,0.30149914488673424,0.0,0.0,0.0,0.007648774693971296,0.008637752644779173,0.013967606896308007,0.0028095661094806406,0.0077443763335568305,0.9888415676091779,35.852484528741165,0.0,0.3657599604665283,0.6519642631562073,0.44724707259412744,0.30149914488673424,0.008637752644779173,0.007648774693971296,0.013967606896308007,0.3657599604665283,0.0
579,1,7.46107707523896e-05,7.4283065431017196e-06,1,1,,0,4.806301016070703e-09,0.6519642631562073,0.44724702852366655,0.3014991151778616,0.0,0.0,0.0,0.007648774693971296,0.008637752644779173,0.013967606896308007,0.0028095661094806406,0.0077443763335568305,0.9888415676091779,35.852484528741165,0.0,0.3657601153047418,0.6519642631562073,0.44724702852366655,0.3014991151778616,0.008637752644779173,0.007648774693971296,0.013967606896308007,0.3657601153047418,0.0
580,1,7.46107707523896e-05,7.428308572452912e-06,1,1,,0,4.985249952063074e-09,0.6519642631562073,0.44724698474193086,0.3014990856636254,0.0,0.0,0.0,0.007648774693971296,0.008637752644779173,0.013967606896308007,0.0028095661094806406,0.0077443763335568305,0.9888415676091779,35.852484528741165,0.0,0.3657602688137326,0.6519642631562073,0.44724698474193086,0.3014990856636254,0.008637752644779173,0.007648774693971296,0.013967606896308007,0.3657602688137326,0.0
581,1,7.46107707523896e-05,7.428310684774249e-06,1,1,,0,5.1627140631847e-09,0.6519642631562073,0.44724694124257747,0.3014990563397489,0.0,0.0,0.0,0.007648774693971296,0.008637752644779173,0.013967606896308007,0.0028095661094806406,0.0077443763335568305,0.9888415676091779,35.852484528741165,0.0,0.3657604210063852,0.6519642631562073,0.44724694124257747,0.3014990563397489,0.008637752644779173,0.007648774693971296,0.013967606896308007,0.3657604210063852,0.0
582,1,7.46107707523896e-05,7.428312881607609e-06,1,1,,0,5.3387094904553605e-09,0.6519642631562073,0.44724689801998796,0.30149902720244537,0.0,0.0,0.0,0.007648774693971296,0.008637752644779173,0.013967606896308007,0.0028095661094806406,0.0077443763335568305,0.9888415676091779,35.852484528741165,0.0,0.3657605718952273,0.6519642631562073,0.44724689801998796,0.30149902720244537,0.008637752644779173,0.007648774693971296,0.013967606896308007,0.3657605718952273,0.0
583,1,7.46107707523896e-05,7.428315164004904e-06,1,1,,0,5.513251647246659e-09,0.6519642631562073,0.44724685506918893,0.3014989982483617,0.0,0.0,0.0,0.007648774693971296,0.008637752644779173,0.013967606896308007,0.0028095661094806406,0.0077443763335568305,0.9888415676091779,35.852484528741165,0.0,0.3657607214924613,0.6519642631562073,0.44724685506918893,0.3014989982483617,0.008637752644779173,0.007648774693971296,0.013967606896308007,0.3657607214924613,0.0
584,1,7.46107707523896e-05,7.428317532594817e-06,1,1,,0,5.686355293165773e-09,0.6519642631562073,0.4472468123857751,0.3014989694745282,0.0,0.0,0.0,0.007648774693971296,0.008637752644779173,0.013967606896308007,0.0028095661094806406,0.0077443763335568305,0.9888415676091779,35.852484528741165,0.0,0.3657608698099922,0.6519642631562073,0.4472468123857751,0.3014989694745282,0.008637752644779173,0.007648774693971296,0.013967606896308007,0.3657608698099922,0.0
585,1,7.46107707523896e-05,7.428319987627677e-06,1,1,,0,5.858034600665462e-09,0.6519642631562073,0.4472467699658445,0.30149894087831464,0.0,0.0,0.0,0.007648774693971296,0.008637752644779173,0.013967606896308007,0.0028095661094806406,0.0077443763335568305,0.9888415676091779,35.852484528741165,0.0,0.3657610168594533,0.6519642631562073,0.4472467699658445,0.30149894087831464,0.008637752644779173,0.007648774693971296,0.013967606896308007,0.3657610168594533,0.0
586,1,7.46107707523896e-05,7.428322529029284e-06,1,1,,0,6.028303214215528e-09,0.6519642631562073,0.44724672780593916,0.30149891245738963,0.0,0.0,0.0,0.007648774693971296,0.008637752644779173,0.013967606896308007,0.0028095661094806406,0.0077443763335568305,0.9888415676091779,35.852484528741165,0.0,0.3657611626522286,0.6519642631562073,0.44724672780593916,0.30149891245738963,0.008637752644779173,0.007648774693971296,0.013967606896308007,0.3657611626522286,0.0
587,1,7.46107707523896e-05,7.428325156438676e-06,1,1,,0,6.197174301901633e-09,0.6519642631562073,0.447246685902992,0.3014988842096862,0.0,0.0,0.0,0.007648774693971296,0.008637752644779173,0.013967606896308007,0.0028095661094806406,0.0077443763335568305,0.9888415676091779,35.852484528741165,0.0,0.3657613071994726,0.6519642631562073,0.447246685902992,0.3014988842096862,0.008637752644779173,0.007648774693971296,0.013967606896308007,0.3657613071994726,0.0
588,1,7.46107707523896e-05,7.4283278692461315e-06,1,1,,0,6.364660603542103e-09,0.6519642631562073,0.447246644254282,0.3014988561333695,0.0,0.0,0.0,0.007648774693971296,0.008637752644779173,0.013967606896308007,0.0028095661094806406,0.0077443763335568305,0.9888415676091779,35.852484528741165,0.0,0.3657614505121288,0.6519642631562073,0.447246644254282,0.3014988561333695,0.008637752644779173,0.007648774693971296,0.013967606896308007,0.3657614505121288,0.0
589,1,7.46107707523896e-05,7.4283306666276766e-06,1,1,,0,6.530774471012633e-09,0.6519642631562073,0.44724660285739126,0.30149882822680985,0.0,0.0,0.0,0.007648774693971296,0.008637752644779173,0.013967606896308007,0.0028095661094806406,0.0077443763335568305,0.9888415676091779,35.852484528741165,0.0,0.3657615926009452,0.6519642631562073,0.44724660285739126,0.30149882822680985,0.008637752644779173,0.007648774693971296,0.013967606896308007,0.3657615926009452,0.0
590,1,7.46107707523896e-05,7.4283335475688075e-06,1,1,,0,6.695527906381331e-09,0.6519642631562073,0.44724656171016897,0.3014988004885572,0.0,0.0,0.0,0.007648774693971296,0.008637752644779173,0.013967606896308007,0.0028095661094806406,0.0077443763335568305,0.9888415676091779,35.852484528741165,0.0,0.3657617334764887,0.6519642631562073,0.44724656171016897,0.3014988004885572,0.008637752644779173,0.007648774693971296,0.013967606896308007,0.3657617334764887,0.0
591,1,7.46107707523896e-05,7.428336510900143e-06,1,1,,0,6.858932594538358e-09,0.6519642631562073,0.44724652081069854,0.3014987729173192,0.0,0.0,0.0,0.007648774693971296,0.008637752644779173,0.013967606896308007,0.0028095661094806406,0.0077443763335568305,0.9888415676091779,35.852484528741165,0.0,0.3657618731491583,0.6519642631562073,0.44724652081069854,0.3014987729173192,0.008637752644779173,0.007648774693971296,0.013967606896308007,0.3657618731491583,0.0
592,1,7.46107707523896e-05,7.4283395553096965e-06,1,1,,0,7.0209999329932655e-09,0.6519642631562073,0.44724648015726637,0.3014987455119414,0.0,0.0,0.0,0.007648774693971296,0.008637752644779173,0.013967606896308007,0.0028095661094806406,0.0077443763335568305,0.9888415676091779,35.852484528741165,0.0,0.3657620116291961,0.6519642631562073,0.44724648015726637,0.3014987455119414,0.008637752644779173,0.007648774693971296,0.013967606896308007,0.3657620116291961,0.0
593,1,7.46107707523896e-05,7.428342679372338e-06,1,1,,0,7.181741057741387e-09,0.6519642631562073,0.44724643974833983,0.30149871827139024,0.0,0.0,0.0,0.007648774693971296,0.008637752644779173,0.013967606896308007,0.0028095661094806406,0.0077443763335568305,0.9888415676091779,35.852484528741165,0.0,0.3657621489266976,0.6519642631562073,0.44724643974833983,0.30149871827139024,0.008637752644779173,0.007648774693971296,0.013967606896308007,0.3657621489266976,0.0
594,1,7.46107707523896e-05,7.428345881562634e-06,1,1,,0,7.3411668672504096e-09,0.6519642631562073,0.4472463995825419,0.3014986911947374,0.0,0.0,0.0,0.007648774693971296,0.008637752644779173,0.013967606896308007,0.0028095661094806406,0.0077443763335568305,0.9888415676091779,35.852484528741165,0.0,0.36576228505162134,0.6519642631562073,0.4472463995825419,0.3014986911947374,0.008637752644779173,0.007648774693971296,0.013967606896308007,0.36576228505162134,0.0
595,1,7.46107707523896e-05,7.4283491602720705e-06,1,1,,0,7.499288042634542e-09,0.6519642631562073,0.4472463596586304,0.3014986642811454,0.0,0.0,0.0,0.007648774693971296,0.008637752644779173,0.013967606896308007,0.0028095661094806406,0.0077443763335568305,0.9888415676091779,35.852484528741165,0.0,0.3657624200137962,0.6519642631562073,0.4472463596586304,0.3014986642811454,0.008637752644779173,0.007648774693971296,0.013967606896308007,0.3657624200137962,0.0
596,1,7.46107707523896e-05,7.428352513824781e-06,1,1,,0,7.656115066622185e-09,0.6519642631562073,0.4472463199754812,0.3014986375298567,0.0,0.0,0.0,0.007648774693971296,0.008637752644779173,0.013967606896308007,0.0028095661094806406,0.0077443763335568305,0.9888415676091779,35.852484528741165,0.0,0.36576255382292966,0.6519642631562073,0.4472463199754812,0.3014986375298567,0.008637752644779173,0.007648774693971296,0.013967606896308007,0.36576255382292966,0.0
597,1,7.46107707523896e-05,7.428355940487972e-06,1,1,,0,7.811658240477368e-09,0.6519642631562073,0.447246280532071,0.30149861094018127,0.0,0.0,0.0,0.007648774693971296,0.008637752644779173,0.013967606896308007,0.0028095661094806406,0.0077443763335568305,0.9888415676091779,35.852484528741165,0.0,0.36576268648861365,0.6519642631562073,0.447246280532071,0.30149861094018127,0.008637752644779173,0.007648774693971296,0.013967606896308007,0.36576268648861365,0.0
598,1,7.46107707523896e-05,7.42835943848514e-06,1,1,,0,7.965927697673106e-09,0.6519642631562073,0.4472462413274641,0.30149858451148864,0.0,0.0,0.0,0.007648774693971296,0.008637752644779173,0.013967606896308007,0.0028095661094806406,0.0077443763335568305,0.9888415676091779,35.852484528741165,0.0,0.365762818020331,0.6519642631562073,0.4472462413274641,0.30149858451148864,0.008637752644779173,0.007648774693971296,0.013967606896308007,0.365762818020331,0.0
599,1,7.46107707523896e-05,7.428363006003293e-06,1,1,,0,8.118933418176556e-09,0.6519642631562073,0.44724620236079965,0.30149855824319827,0.0,0.0,0.0,0.007648774693971296,0.008637752644779173,0.013967606896308007,0.0028095661094806406,0.0077443763335568305,0.9888415676091779,35.852484528741165,0.0,0.3657629484274602,0.6519642631562073,0.44724620236079965,0.30149855824319827,0.008637752644779173,0.007648774693971296,0.013967606896308007,0.3657629484274602,0.0
600,1,7.46107707523896e-05,7.428366641208051e-06,1,1,,0,8.270685239502778e-09,0.6519642631562073,0.4472461636312797,0.3014985321347722,0.0,0.0,0.0,0.007648774693971296,0.008637752644779173,0.013967606896308007,0.0028095661094806406,0.0077443763335568305,0.9888415676091779,35.852484528741165,0.0,0.36576307771928035,0.6519642631562073,0.4472461636312797,0.3014985321347722,0.008637752644779173,0.007648774693971296,0.013967606896308007,0.36576307771928035,0.0
601,1,7.46107707523896e-05,7.42837034223992e-06,1,1,,0,8.42119286730039e-09,0.6519642631562073,0.44724612513816,0.3014985061857088,0.0,0.0,0.0,0.007648774693971296,0.008637752644779173,0.013967606896308007,0.0028095661094806406,0.0077443763335568305,0.9888415676091779,35.852484528741165,0.0,0.36576320590497596,0.6519642631562073,0.44724612513816,0.3014985061857088,0.008637752644779173,0.007648774693971296,0.013967606896308007,0.36576320590497596,0.0
602,1,7.46107707523896e-05,7.4283741072318e-06,1,1,,0,8.570465884625753e-09,0.6519642631562073,0.4472460868807415,0.30149848039553656,0.0,0.0,0.0,0.007648774693971296,0.008637752644779173,0.013967606896308007,0.0028095661094806406,0.0077443763335568305,0.9888415676091779,35.852484528741165,0.0,0.3657633329936396,0.6519642631562073,0.4472460868807415,0.30149848039553656,0.008637752644779173,0.007648774693971296,0.013967606896308007,0.3657633329936396,0.0
603,1,7.46107707523896e-05,7.428377934311973e-06,1,1,,0,8.718513760231696e-09,0.6519642631562073,0.4472460488583616,0.30149845476380926,0.0,0.0,0.0,0.007648774693971296,0.008637752644779173,0.013967606896308007,0.0028095661094806406,0.0077443763335568305,0.9888415676091779,35.852484528741165,0.0,0.36576345899427654,0.6519642631562073,0.4472460488583616,0.30149845476380926,0.008637752644779173,0.007648774693971296,0.013967606896308007,0.36576345899427654,0.0
604,1,7.46107707523896e-05,7.428381821603457e-06,1,1,,0,8.865345855942686e-09,0.6519642631562073,0.44724601107038864,0.3014984292901007,0.0,0.0,0.0,0.007648774693971296,0.008637752644779173,0.013967606896308007,0.0028095661094806406,0.0077443763335568305,0.9888415676091779,35.852484528741165,0.0,0.365763583915807,0.6519642631562073,0.44724601107038864,0.3014984292901007,0.008637752644779173,0.007648774693971296,0.013967606896308007,0.365763583915807,0.0
605,1,7.46107707523896e-05,7.428385767237127e-06,1,1,,0,9.01097143341088e-09,0.6519642631562073,0.4472459735162146,0.30149840397400146,0.0,0.0,0.0,0.007648774693971296,0.008637752644779173,0.013967606896308007,0.0028095661094806406,0.0077443763335568305,0.9888415676091779,35.852484528741165,0.0,0.3657637077670695,0.6519642631562073,0.4472459735162146,0.30149840397400146,0.008637752644779173,0.007648774693971296,0.013967606896308007,0.3657637077670695,0.0
606,1,7.46107707523896e-05,7.428389769349536e-06,1,1,,0,9.155399659626239e-09,0.6519642631562073,0.4472459361952516,0.3014983788151147,0.0,0.0,0.0,0.007648774693971296,0.008637752644779173,0.013967606896308007,0.0028095661094806406,0.0077443763335568305,0.9888415676091779,35.852484528741165,0.0,0.36576383055682293,0.6519642631562073,0.4472459361952516,0.3014983788151147,0.008637752644779173,0.007648774693971296,0.013967606896308007,0.36576383055682293,0.0
607,1,7.46107707523896e-05,7.428393826090875e-06,1,1,,0,9.298639612199502e-09,0.6519642631562073,0.44724589910692564,0.3014983538130538,0.0,0.0,0.0,0.007648774693971296,0.008637752644779173,0.013967606896308007,0.0028095661094806406,0.0077443763335568305,0.9888415676091779,35.852484528741165,0.0,0.3657639522937494,0.6519642631562073,0.44724589910692564,0.3014983538130538,0.008637752644779173,0.007648774693971296,0.013967606896308007,0.3657639522937494,0.0
608,1,7.46107707523896e-05,7.428397935623539e-06,1,1,,0,9.440700284214433e-09,0.6519642631562073,0.4472458622506733,0.30149832896743867,0.0,0.0,0.0,0.007648774693971296,0.008637752644779173,0.013967606896308007,0.0028095661094806406,0.0077443763335568305,0.9888415676091779,35.852484528741165,0.0,0.3657640729864557,0.6519642631562073,0.4472458622506733,0.30149832896743867,0.008637752644779173,0.007648774693971296,0.013967606896308007,0.3657640729864557,0.0
609,1,7.46107707523896e-05,7.428402096128951e-06,1,1,,0,9.581590588440569e-09,0.6519642631562073,0.44724582562593757,0.3014983042778943,0.0,0.0,0.0,0.007648774693971296,0.008637752644779173,0.013967606896308007,0.0028095661094806406,0.0077443763335568305,0.9888415676091779,35.852484528741165,0.0,0.3657641926434754,0.6519642631562073,0.44724582562593757,0.3014983042778943,0.008637752644779173,0.007648774693971296,0.013967606896308007,0.3657641926434754,0.0
610,1,7.46107707523896e-05,7.428406305805407e-06,1,1,,0,9.721319360368489e-09,0.6519642631562073,0.4472457892321665,0.3014982797440482,0.0,0.0,0.0,0.007648774693971296,0.008637752644779173,0.013967606896308007,0.0028095661094806406,0.0077443763335568305,0.9888415676091779,35.852484528741165,0.0,0.36576431127327086,0.6519642631562073,0.4472457892321665,0.3014982797440482,0.008637752644779173,0.007648774693971296,0.013967606896308007,0.36576431127327086,0.0
611,1,7.46107707523896e-05,7.428410562873209e-06,1,1,,0,9.859895362304021e-09,0.6519642631562073,0.4472457530688087,0.3014982553655286,0.0,0.0,0.0,0.007648774693971296,0.008637752644779173,0.013967606896308007,0.0028095661094806406,0.0077443763335568305,0.9888415676091779,35.852484528741165,0.0,0.3657644288842342,0.6519642631562073,0.4472457530688087,0.3014982553655286,0.008637752644779173,0.007648774693971296,0.013967606896308007,0.3657644288842342,0.0
612,1,7.46107707523896e-05,7.428414865574508e-06,1,1,,0,9.997327285905817e-09,0.6519642631562073,0.44724571713531086,0.3014982311419629,0.0,0.0,0.0,0.007648774693971296,0.008637752644779173,0.013967606896308007,0.0028095661094806406,0.0077443763335568305,0.9888415676091779,35.852484528741165,0.0,0.3657645454846894,0.6519642631562073,0.44724571713531086,0.3014982311419629,0.008637752644779173,0.007648774693971296,0.013967606896308007,0.3657645454846894,0.0
613,1,7.46079331094166e-05,7.414240725495122e-06,1,2,,0,1.7888555029981968e-11,0.6519299575870394,0.4471910040278955,0.3014982070729763,0.0,0.0,0.0,0.007648745069668095,0.00863758838504224,0.013967112139078018,0.002809840888181969,0.007744274432662021,0.9888236422898368,35.85168794832487,0.0,0.36576466108289296,0.6519299575870394,0.4471910040278955,0.3014982070729763,0.00863758838504224,0.007648745069668095,0.013967112139078018,0.36576466108289296,0.0
614,1,7.46079331094166e-05,7.414244092952822e-06,1,1,,0,1.32676693523734e-10,0.6519299575870394,0.4471909691315215,0.3014981835456822,0.0,0.0,0.0,0.007648745069668095,0.00863758838504224,0.013967112139078018,0.002809840888181969,0.007744274432662021,0.9888236422898368,35.85168794832487,0.0,0.36576477547156727,0.6519299575870394,0.4471909691315215,0.3014981835456822,0.00863758838504224,0.007648745069668095,0.013967112139078018,0.36576477547156727,0.0
615,1,7.46079331094166e-05,7.414247097373265e-06,1,1,,0,2.6505592429458126e-10,0.6519299575870394,0.4471909349708515,0.3014981605144033,0.0,0.0,0.0,0.007648745069668095,0.00863758838504224,0.013967112139078018,0.002809840888181969,0.007744274432662021,0.9888236422898368,35.85168794832487,0.0,0.36576488868402335,0.6519299575870394,0.4471909349708515,0.3014981605144033,0.00863758838504224,0.007648745069668095,0.013967112139078018,0.36576488868402335,0.0
616,1,7.46079331094166e-05,7.414249785210762e-06,1,1,,0,3.962667825799821e-10,0.6519299575870394,0.4471909014854415,0.30149813793838753,0.0,0.0,0.0,0.007648745069668095,0.00863758838504224,0.013967112139078018,0.002809840888181969,0.007744274432662021,0.9888236422898368,35.85168794832487,0.0,0.36576500075076596,0.6519299575870394,0.4471909014854415,0.30149813793838753,0.00863758838504224,0.007648745069668095,0.013967112139078018,0.36576500075076596,0.0
617,1,7.46079331094166e-05,7.41425219770443e-06,1,1,,0,5.260751685707557e-10,0.6519299575870394,0.4471908686213588,0.3014981157812736,0.0,0.0,0.0,0.007648745069668095,0.00863758838504224,0.013967112139078018,0.002809840888181969,0.007744274432662021,0.9888236422898368,35.85168794832487,0.0,0.3657651116997916,0.6519299575870394,0.4471908686213588,0.3014981157812736,0.00863758838504224,0.007648745069668095,0.013967112139078018,0.3657651116997916,0.0
618,1,7.46079331094166e-05,7.414254371447191e-06,1,1,,0,6.54478997567479e-10,0.6519299575870394,0.44719083633047657,0.3014980940106143,0.0,0.0,0.0,0.007648745069668095,0.00863758838504224,0.013967112139078018,0.002809840888181969,0.007744274432662021,0.9888236422898368,35.85168794832487,0.0,0.36576522155685437,0.6519299575870394,0.44719083633047657,0.3014980940106143,0.00863758838504224,0.007648745069668095,0.013967112139078018,0.36576522155685437,0.0
619,1,7.46079331094166e-05,7.414256338890709e-06,1,1,,0,7.815100455298669e-10,0.6519299575870394,0.44719080456984384,0.30149807259745126,0.0,0.0,0.0,0.007648745069668095,0.00863758838504224,0.013967112139078018,0.002809840888181969,0.007744274432662021,0.9888236422898368,35.85168794832487,0.0,0.36576533034570285,0.6519299575870394,0.44719080456984384,0.30149807259745126,0.00863758838504224,0.007648745069668095,0.013967112139078018,0.36576533034570285,0.0
620,1,7.46079331094166e-05,7.414258128797849e-06,1,1,,0,9.072064274124144e-10,0.6519299575870394,0.44719077330112017,0.3014980515159356,0.0,0.0,0.0,0.007648745069668095,0.00863758838504224,0.013967112139078018,0.002809840888181969,0.007744274432662021,0.9888236422898368,35.85168794832487,0.0,0.36576543808829187,0.6519299575870394,0.44719077330112017,0.3014980515159356,0.00863758838504224,0.007648745069668095,0.013967112139078018,0.36576543808829187,0.0
621,1,7.46079331094166e-05,7.414259766647063e-06,1,1,,0,1.03160613732954e-09,0.6519299575870394,0.447190742490078,0.3014980307429909,0.0,0.0,0.0,0.007648745069668095,0.00863758838504224,0.013967112139078018,0.002809840888181969,0.007744274432662021,0.9888236422898368,35.85168794832487,0.0,0.36576554480497053,0.6519299575870394,0.447190742490078,0.3014980307429909,0.00863758838504224,0.007648745069668095,0.013967112139078018,0.36576554480497053,0.0
622,1,7.46079331094166e-05,7.414261274990401e-06,1,1,,0,1.1547451982543285e-09,0.6519299575870394,0.44719071210615347,0.3014980102580111,0.0,0.0,0.0,0.007648745069668095,0.00863758838504224,0.013967112139078018,0.002809840888181969,0.007744274432662021,0.9888236422898368,35.85168794832487,0.0,0.3657656505146505,0.6519299575870394,0.44719071210615347,0.3014980102580111,0.00863758838504224,0.007648745069668095,0.013967112139078018,0.3657656505146505,0.0
623,1,7.46079331094166e-05,7.414262673770467e-06,1,1,,0,1.2766571538014141e-09,0.6519299575870394,0.4471906821220494,0.3014979900425919,0.0,0.0,0.0,0.007648745069668095,0.00863758838504224,0.013967112139078018,0.002809840888181969,0.007744274432662021,0.9888236422898368,35.85168794832487,0.0,0.36576575523495597,0.6519299575870394,0.4471906821220494,0.3014979900425919,0.00863758838504224,0.007648745069668095,0.013967112139078018,0.36576575523495597,0.0
624,1,7.46079331094166e-05,7.4142639806101675e-06,1,1,,0,1.3973730186152508e-09,0.6519299575870394,0.4471906525133787,0.3014979700802916,0.0,0.0,0.0,0.007648745069668095,0.00863758838504224,0.013967112139078018,0.002809840888181969,0.007744274432662021,0.9888236422898368,35.85168794832487,0.0,0.3657658589823578,0.6519299575870394,0.4471906525133787,0.3014979700802916,0.00863758838504224,0.007648745069668095,0.013967112139078018,0.3657658589823578,0.0
625,1,7.46079331094166e-05,7.41426521106882e-06,1,1,,0,1.5169213983021152e-09,0.6519299575870394,0.44719062325834824,0.3014979503564169,0.0,0.0,0.0,0.007648745069668095,0.00863758838504224,0.013967112139078018,0.002809840888181969,0.007744274432662021,0.9888236422898368,35.85168794832487,0.0,0.36576596177229204,0.6519299575870394,0.44719062325834824,0.3014979503564169,0.00863758838504224,0.007648745069668095,0.013967112139078018,0.36576596177229204,0.0
626,1,7.46079331094166e-05,7.414266378860209e-06,1,1,,0,1.6353286689703045e-09,0.6519299575870394,0.4471905943374757,0.30149793085783333,0.0,0.0,0.0,0.007648745069668095,0.00863758838504224,0.013967112139078018,0.002809840888181969,0.007744274432662021,0.9888236422898368,35.85168794832487,0.0,0.3657660636192669,0.6519299575870394,0.4471905943374757,0.30149793085783333,0.00863758838504224,0.007648745069668095,0.013967112139078018,0.3657660636192669,0.0
627,1,7.46079331094166e-05,7.414267496064725e-06,1,1,,0,1.7526191733843957e-09,0.6519299575870394,0.44719056573333904,0.30149791157279443,0.0,0.0,0.0,0.007648745069668095,0.00863758838504224,0.013967112139078018,0.002809840888181969,0.007744274432662021,0.9888236422898368,35.85168794832487,0.0,0.3657661645369576,0.6519299575870394,0.44719056573333904,0.30149791157279443,0.00863758838504224,0.007648745069668095,0.013967112139078018,0.3657661645369576,0.0
628,1,7.46079331094166e-05,7.4142685733075675e-06,1,1,,0,1.868815413133119e-09,0.6519299575870394,0.44719053743035125,0.30149789249079134,0.0,0.0,0.0,0.007648745069668095,0.00863758838504224,0.013967112139078018,0.002809840888181969,0.007744274432662021,0.9888236422898368,35.85168794832487,0.0,0.36576626453829086,0.6519299575870394,0.44719053743035125,0.30149789249079134,0.00863758838504224,0.007648745069668095,0.013967112139078018,0.36576626453829086,0.0
629,1,7.46079331094166e-05,7.4142696199126e-06,1,1,,0,1.9839382305568798e-09,0.6519299575870394,0.4471905094145592,0.3014978736024171,0.0,0.0,0.0,0.007648745069668095,0.00863758838504224,0.013967112139078018,0.002809840888181969,0.007744274432662021,0.9888236422898368,35.85168794832487,0.0,0.3657663636355206,0.6519299575870394,0.4471905094145592,0.3014978736024171,0.00863758838504224,0.007648745069668095,0.013967112139078018,0.3657663636355206,0.0
630,1,7.46079331094166e-05,7.414270644056334e-06,1,1,,0,2.098006975638966e-09,0.6519299575870394,0.447190481673467,0.30149785489924663,0.0,0.0,0.0,0.007648745069668095,0.00863758838504224,0.013967112139078018,0.002809840888181969,0.007744274432662021,0.9888236422898368,35.85168794832487,0.0,0.3657664618402953,0.6519299575870394,0.447190481673467,0.30149785489924663,0.00863758838504224,0.007648745069668095,0.013967112139078018,0.3657664618402953,0.0
631,1,7.46079331094166e-05,7.414271652884699e-06,1,1,,0,2.2110396585578395e-09,0.6519299575870394,0.44719045419587616,0.30149783637373,0.0,0.0,0.0,0.007648745069668095,0.00863758838504224,0.013967112139078018,0.002809840888181969,0.007744274432662021,0.9888236422898368,35.85168794832487,0.0,0.36576655916371803,0.6519299575870394,0.44719045419587616,0.30149783637373,0.00863758838504224,0.007648745069668095,0.013967112139078018,0.36576655916371803,0.0
632,1,7.46079331094166e-05,7.4142726526357006e-06,1,1,,0,2.3230530874593694e-09,0.6519299575870394,0.44719042697174266,0.30149781801909553,0.0,0.0,0.0,0.007648745069668095,0.00863758838504224,0.013967112139078018,0.002809840888181969,0.007744274432662021,0.9888236422898368,35.85168794832487,0.0,0.36576665561640015,0.6519299575870394,0.44719042697174266,0.30149781801909553,0.00863758838504224,0.007648745069668095,0.013967112139078018,0.36576665561640015,0.0
633,1,7.46079331094166e-05,7.414273648736622e-06,1,1,,0,2.4340629920944735e-09,0.6519299575870394,0.44719039999205257,0.3014977998292659,0.0,0.0,0.0,0.007648745069668095,0.00863758838504224,0.013967112139078018,0.002809840888181969,0.007744274432662021,0.9888236422898368,35.85168794832487,0.0,0.36576675120850916,0.6519299575870394,0.44719039999205257,0.3014977998292659,0.00863758838504224,0.007648745069668095,0.013967112139078018,0.36576675120850916,0.0
634,1,7.46079331094166e-05,7.414274645895686e-06,1,1,,0,2.5440841347647177e-09,0.6519299575870394,0.4471903732487077,0.3014977817987813,0.0,0.0,0.0,0.007648745069668095,0.00863758838504224,0.013967112139078018,0.002809840888181969,0.007744274432662021,0.9888236422898368,35.85168794832487,0.0,0.36576684594981157,0.6519299575870394,0.4471903732487077,0.3014977817987813,0.00863758838504224,0.007648745069668095,0.013967112139078018,0.36576684594981157,0.0
635,1,7.46079331094166e-05,7.414275648179828e-06,1,1,,0,2.6531304106741554e-09,0.6519299575870394,0.447190346734426,0.30149776392273203,0.0,0.0,0.0,0.007648745069668095,0.00863758838504224,0.013967112139078018,0.002809840888181969,0.007744274432662021,0.9888236422898368,35.85168794832487,0.0,0.36576693984971054,0.6519299575870394,0.447190346734426,0.30149776392273203,0.00863758838504224,0.007648745069668095,0.013967112139078018,0.36576693984971054,0.0
636,1,7.46079331094166e-05,7.414276659097135e-06,1,1,,0,2.761214935603773e-09,0.6519299575870394,0.4471903204426515,0.30149774619669817,0.0,0.0,0.0,0.007648745069668095,0.00863758838504224,0.013967112139078018,0.002809840888181969,0.007744274432662021,0.9888236422898368,35.85168794832487,0.0,0.36576703291728063,0.6519299575870394,0.4471903204426515,0.30149774619669817,0.00863758838504224,0.007648745069668095,0.013967112139078018,0.36576703291728063,0.0
637,1,7.46079331094166e-05,7.414277681641293e-06,1,1,,0,2.8683501267213033e-09,0.6519299575870394,0.44719029436747515,0.30149772861669566,0.0,0.0,0.0,0.007648745069668095,0.00863758838504224,0.013967112139078018,0.002809840888181969,0.007744274432662021,0.9888236422898368,35.85168794832487,0.0,0.36576712516129756,0.6519299575870394,0.44719029436747515,0.30149772861669566,0.00863758838504224,0.007648745069668095,0.013967112139078018,0.36576712516129756,0.0
638,1,7.46079331094166e-05,7.4142787183688545e-06,1,1,,0,2.974547772708482e-09,0.6519299575870394,0.4471902685035627,0.3014977111791284,0.0,0.0,0.0,0.007648745069668095,0.00863758838504224,0.013967112139078018,0.002809840888181969,0.007744274432662021,0.9888236422898368,35.85168794832487,0.0,0.3657672165902656,0.6519299575870394,0.4471902685035627,0.3014977111791284,0.00863758838504224,0.007648745069668095,0.013967112139078018,0.3657672165902656,0.0
639,1,7.46079331094166e-05,7.414279771435981e-06,1,1,,0,3.0798190977181556e-09,0.6519299575870394,0.4471902428460925,0.30149769388074543,0.0,0.0,0.0,0.007648745069668095,0.00863758838504224,0.013967112139078018,0.002809840888181969,0.007744274432662021,0.9888236422898368,35.85168794832487,0.0,0.3657673072124418,0.6519299575870394,0.4471902428460925,0.30149769388074543,0.00863758838504224,0.007648745069668095,0.013967112139078018,0.3657673072124418,0.0
640,1,7.46079331094166e-05,7.4142808426526195e-06,1,1,,0,3.1841748177171723e-09,0.6519299575870394,0.44719021739069764,0.3014976767186026,0.0,0.0,0.0,0.007648745069668095,0.00863758838504224,0.013967112139078018,0.002809840888181969,0.007744274432662021,0.9888236422898368,35.85168794832487,0.0,0.3657673970358575,0.6519299575870394,0.44719021739069764,0.3014976767186026,0.00863758838504224,0.007648745069668095,0.013967112139078018,0.3657673970358575,0.0
641,1,7.46079331094166e-05,7.414281933517017e-06,1,1,,0,3.287625190620639e-09,0.6519299575870394,0.44719019213341754,0.3014976596900295,0.0,0.0,0.0,0.007648745069668095,0.00863758838504224,0.013967112139078018,0.002809840888181969,0.007744274432662021,0.9888236422898368,35.85168794832487,0.0,0.3657674860683376,0.6519299575870394,0.44719019213341754,0.3014976596900295,0.00863758838504224,0.007648745069668095,0.013967112139078018,0.3657674860683376,0.0
642,1,7.46079331094166e-05,7.414283045254332e-06,1,1,,0,3.3901800621231917e-09,0.6519299575870394,0.44719016707065046,0.3014976427925982,0.0,0.0,0.0,0.007648745069668095,0.00863758838504224,0.013967112139078018,0.002809840888181969,0.007744274432662021,0.9888236422898368,35.85168794832487,0.0,0.365767574317518,0.6519299575870394,0.44719016707065046,0.3014976427925982,0.00863758838504224,0.007648745069668095,0.013967112139078018,0.365767574317518,0.0
643,1,7.46079331094166e-05,7.414284178849181e-06,1,1,,0,3.4918489051388994e-09,0.6519299575870394,0.4471901421991165,0.3014976260240969,0.0,0.0,0.0,0.007648745069668095,0.00863758838504224,0.013967112139078018,0.002809840888181969,0.007744274432662021,0.9888236422898368,35.85168794832487,0.0,0.36576766179086095,0.6519299575870394,0.4471901421991165,0.3014976260240969,0.00863758838504224,0.007648745069668095,0.013967112139078018,0.36576766179086095,0.0
644,1,7.46079331094166e-05,7.414285335072548e-06,1,1,,0,3.592640855720059e-09,0.6519299575870394,0.4471901175158193,0.3014976093825058,0.0,0.0,0.0,0.007648745069668095,0.00863758838504224,0.013967112139078018,0.002809840888181969,0.007744274432662021,0.9888236422898368,35.85168794832487,0.0,0.36576774849566873,0.6519299575870394,0.4471901175158193,0.3014976093825058,0.00863758838504224,0.007648745069668095,0.013967112139078018,0.36576774849566873,0.0
645,1,7.46079331094166e-05,7.414286514506425e-06,1,1,,0,3.6925647455650006e-09,0.6519299575870394,0.4471900930180161,0.30149759286597544,0.0,0.0,0.0,0.007648745069668095,0.00863758838504224,0.013967112139078018,0.002809840888181969,0.007744274432662021,0.9888236422898368,35.85168794832487,0.0,0.36576783443909594,0.6519299575870394,0.4471900930180161,0.30149759286597544,0.00863758838504224,0.007648745069668095,0.013967112139078018,0.36576783443909594,0.0
646,1,7.46079331094166e-05,7.414287717568329e-06,1,1,,0,3.7916291297141815e-09,0.6519299575870394,0.44719006870318856,0.3014975764728082,0.0,0.0,0.0,0.007648745069668095,0.00863758838504224,0.013967112139078018,0.002809840888181969,0.007744274432662021,0.9888236422898368,35.85168794832487,0.0,0.36576791962816085,0.6519299575870394,0.44719006870318856,0.3014975764728082,0.00863758838504224,0.007648745069668095,0.013967112139078018,0.36576791962816085,0.0
647,1,7.46079331094166e-05,7.4142889445309355e-06,1,1,,0,3.8898423128372366e-09,0.6519299575870394,0.4471900445690182,0.3014975602014409,0.0,0.0,0.0,0.007648745069668095,0.00863758838504224,0.013967112139078018,0.002809840888181969,0.007744274432662021,0.9888236422898368,35.85168794832487,0.0,0.3657680040697548,0.6519299575870394,0.4471900445690182,0.3014975602014409,0.00863758838504224,0.007648745069668095,0.013967112139078018,0.3657680040697548,0.0
648,1,7.46079331094166e-05,7.414290195537673e-06,1,1,,0,3.9872123710664616e-09,0.6519299575870394,0.44719002061336394,0.3014975440504299,0.0,0.0,0.0,0.007648745069668095,0.00863758838504224,0.013967112139078018,0.002809840888181969,0.007744274432662021,0.9888236422898368,35.85168794832487,0.0,0.3657680877706513,0.6519299575870394,0.44719002061336394,0.3014975440504299,0.00863758838504224,0.007648745069668095,0.013967112139078018,0.3657680877706513,0.0
649,1,7.46079331094166e-05,7.414291470626394e-06,1,1,,0,4.083747173039837e-09,0.6519299575870394,0.4471899968342411,0.3014975280184374,0.0,0.0,0.0,0.007648745069668095,0.00863758838504224,0.013967112139078018,0.002809840888181969,0.007744274432662021,0.9888236422898368,35.85168794832487,0.0,0.3657681707375139,0.6519299575870394,0.4471899968342411,0.3014975280184374,0.00863758838504224,0.007648745069668095,0.013967112139078018,0.3657681707375139,0.0
650,1,7.46079331094166e-05,7.414292769729147e-06,1,1,,0,4.179454397277317e-09,0.6519299575870394,0.44718997322980586,0.30149751210421977,0.0,0.0,0.0,0.007648745069668095,0.00863758838504224,0.013967112139078018,0.002809840888181969,0.007744274432662021,0.9888236422898368,35.85168794832487,0.0,0.3657682529769031,0.6519299575870394,0.44718997322980586,0.30149751210421977,0.00863758838504224,0.007648745069668095,0.013967112139078018,0.3657682529769031,0.0
651,1,7.46079331094166e-05,7.414294092700281e-06,1,1,,0,4.274341548850278e-09,0.6519299575870394,0.44718994979833665,0.3014974963066169,0.0,0.0,0.0,0.007648745069668095,0.00863758838504224,0.013967112139078018,0.002809840888181969,0.007744274432662021,0.9888236422898368,35.85168794832487,0.0,0.3657683344952829,0.6519299575870394,0.44718994979833665,0.3014974963066169,0.00863758838504224,0.007648745069668095,0.013967112139078018,0.3657683344952829,0.0
652,1,7.46079331094166e-05,7.414295439316862e-06,1,1,,0,4.368415973259042e-09,0.6519299575870394,0.44718992653822265,0.3014974806245423,0.0,0.0,0.0,0.007648745069668095,0.00863758838504224,0.013967112139078018,0.002809840888181969,0.007744274432662021,0.9888236422898368,35.85168794832487,0.0,0.3657684152990264,0.6519299575870394,0.44718992653822265,0.3014974806245423,0.00863758838504224,0.007648745069668095,0.013967112139078018,0.3657684152990264,0.0
653,1,7.46079331094166e-05,7.4142968092954985e-06,1,1,,0,4.461684870034259e-09,0.6519299575870394,0.4471899034479493,0.30149746505697506,0.0,0.0,0.0,0.007648745069668095,0.00863758838504224,0.013967112139078018,0.002809840888181969,0.007744274432662021,0.9888236422898368,35.85168794832487,0.0,0.3657684953944208,0.6519299575870394,0.4471899034479493,0.30149746505697506,0.00863758838504224,0.007648745069668095,0.013967112139078018,0.3657684953944208,0.0
654,1,7.46079331094166e-05,7.414298202293166e-06,1,1,,0,4.554155303053888e-09,0.6519299575870394,0.4471898805260889,0.30149744960295244,0.0,0.0,0.0,0.007648745069668095,0.00863758838504224,0.013967112139078018,0.002809840888181969,0.007744274432662021,0.9888236422898368,35.85168794832487,0.0,0.3657685747876721,0.6519299575870394,0.4471898805260889,0.30149744960295244,0.00863758838504224,0.007648745069668095,0.013967112139078018,0.3657685747876721,0.0
655,1,7.46079331094166e-05,7.414299617924067e-06,1,1,,0,4.6458342120080486e-09,0.6519299575870394,0.4471898577712885,0.3014974342615627,0.0,0.0,0.0,0.007648745069668095,0.00863758838504224,0.013967112139078018,0.002809840888181969,0.007744274432662021,0.9888236422898368,35.85168794832487,0.0,0.36576865348490917,0.6519299575870394,0.4471898577712885,0.3014974342615627,0.00863758838504224,0.007648745069668095,0.013967112139078018,0.36576865348490917,0.0
656,1,7.46079331094166e-05,7.414301055760378e-06,1,1,,0,4.7367284206457175e-09,0.6519299575870394,0.4471898351822642,0.30149741903193983,0.0,0.0,0.0,0.007648745069668095,0.00863758838504224,0.013967112139078018,0.002809840888181969,0.007744274432662021,0.9888236422898368,35.85168794832487,0.0,0.3657687314921873,0.6519299575870394,0.4471898351822642,0.30149741903193983,0.00863758838504224,0.007648745069668095,0.013967112139078018,0.3657687314921873,0.0
657,1,7.46079331094166e-05,7.414302515340966e-06,1,1,,0,4.826844645458564e-09,0.6519299575870394,0.4471898127577895,0.3014974039132574,0.0,0.0,0.0,0.007648745069668095,0.00863758838504224,0.013967112139078018,0.002809840888181969,0.007744274432662021,0.9888236422898368,35.85168794832487,0.0,0.36576880881549195,0.6519299575870394,0.4471898127577895,0.3014974039132574,0.00863758838504224,0.007648745069668095,0.013967112139078018,0.36576880881549195,0.0
658,1,7.46079331094166e-05,7.414303996176879e-06,1,1,,0,4.916189502701265e-09,0.6519299575870394,0.4471897904966932,0.3014973889047248,0.0,0.0,0.0,0.007648745069668095,0.00863758838504224,0.013967112139078018,0.002809840888181969,0.007744274432662021,0.9888236422898368,35.85168794832487,0.0,0.3657688854607412,0.6519299575870394,0.4471897904966932,0.3014973889047248,0.00863758838504224,0.007648745069668095,0.013967112139078018,0.3657688854607412,0.0
659,1,7.46079331094166e-05,7.414305497754193e-06,1,1,,0,5.004769515186074e-09,0.6519299575870394,0.4471897683978469,0.3014973740055823,0.0,0.0,0.0,0.007648745069668095,0.00863758838504224,0.013967112139078018,0.002809840888181969,0.007744274432662021,0.9888236422898368,35.85168794832487,0.0,0.365768961433789,0.6519299575870394,0.4471897683978469,0.3014973740055823,0.00863758838504224,0.007648745069668095,0.013967112139078018,0.365768961433789,0.0
660,1,7.46079331094166e-05,7.414307019539752e-06,1,1,,0,5.092591117834828e-09,0.6519299575870394,0.4471897464601658,0.301497359215098,0.0,0.0,0.0,0.007648745069668095,0.00863758838504224,0.013967112139078018,0.002809840888181969,0.007744274432662021,0.9888236422898368,35.85168794832487,0.0,0.36576903674042693,0.6519299575870394,0.4471897464601658,0.301497359215098,0.00863758838504224,0.007648745069668095,0.013967112139078018,0.36576903674042693,0.0
661,1,7.46079331094166e-05,7.4143085609863614e-06,1,1,,0,5.179660662927171e-09,0.6519299575870394,0.4471897246826005,0.3014973445325643,0.0,0.0,0.0,0.007648745069668095,0.00863758838504224,0.013967112139078018,0.002809840888181969,0.007744274432662021,0.9888236422898368,35.85168794832487,0.0,0.36576911138638735,0.6519299575870394,0.4471897246826005,0.3014973445325643,0.00863758838504224,0.007648745069668095,0.013967112139078018,0.36576911138638735,0.0
662,1,7.46079331094166e-05,7.41431012153318e-06,1,1,,0,5.26598442526919e-09,0.6519299575870394,0.44718970306413214,0.3014973299572948,0.0,0.0,0.0,0.007648745069668095,0.00863758838504224,0.013967112139078018,0.002809840888181969,0.007744274432662021,0.9888236422898368,35.85168794832487,0.0,0.3657691853773442,0.6519299575870394,0.44718970306413214,0.3014973299572948,0.00863758838504224,0.007648745069668095,0.013967112139078018,0.3657691853773442,0.0
663,1,7.46079331094166e-05,7.414311700610376e-06,1,1,,0,5.3515686053279674e-09,0.6519299575870394,0.44718968160377137,0.301497315488622,0.0,0.0,0.0,0.007648745069668095,0.00863758838504224,0.013967112139078018,0.002809840888181969,0.007744274432662021,0.9888236422898368,35.85168794832487,0.0,0.36576925871891597,0.6519299575870394,0.44718968160377137,0.301497315488622,0.00863758838504224,0.007648745069668095,0.013967112139078018,0.36576925871891597,0.0
664,1,7.46079331094166e-05,7.414313297640323e-06,1,1,,0,5.4364193343800965e-09,0.6519299575870394,0.44718966030055174,0.3014973011258946,0.0,0.0,0.0,0.007648745069668095,0.00863758838504224,0.013967112139078018,0.002809840888181969,0.007744274432662021,0.9888236422898368,35.85168794832487,0.0,0.3657693314166666,0.6519299575870394,0.44718966030055174,0.3014973011258946,0.00863758838504224,0.007648745069668095,0.013967112139078018,0.3657693314166666,0.0
665,1,7.46079331094166e-05,7.414314912044596e-06,1,1,,0,5.5205426767328165e-09,0.6519299575870394,0.44718963915352933,0.3014972868684761,0.0,0.0,0.0,0.007648745069668095,0.00863758838504224,0.013967112139078018,0.002809840888181969,0.007744274432662021,0.9888236422898368,35.85168794832487,0.0,0.3657694034761074,0.6519299575870394,0.44718963915352933,0.3014972868684761,0.00863758838504224,0.007648745069668095,0.013967112139078018,0.3657694034761074,0.0
666,1,7.46079331094166e-05,7.414316543238432e-06,1,1,,0,5.603944633216797e-09,0.6519299575870394,0.447189618161779,0.30149727271574256,0.0,0.0,0.0,0.007648745069668095,0.00863758838504224,0.013967112139078018,0.002809840888181969,0.007744274432662021,0.9888236422898368,35.85168794832487,0.0,0.36576947490269807,0.6519299575870394,0.447189618161779,0.30149727271574256,0.00863758838504224,0.007648745069668095,0.013967112139078018,0.36576947490269807,0.0
667,1,7.46079331094166e-05,7.414318190636989e-06,1,1,,0,5.686631143594581e-09,0.6519299575870394,0.44718959732439173,0.3014972586670813,0.0,0.0,0.0,0.007648745069668095,0.00863758838504224,0.013967112139078018,0.002809840888181969,0.007744274432662021,0.9888236422898368,35.85168794832487,0.0,0.36576954570184805,0.6519299575870394,0.44718959732439173,0.3014972586670813,0.00863758838504224,0.007648745069668095,0.013967112139078018,0.36576954570184805,0.0
668,1,7.46079331094166e-05,7.414319853657653e-06,1,1,,0,5.768608089671146e-09,0.6519299575870394,0.4471895766404727,0.30149724472188916,0.0,0.0,0.0,0.007648745069668095,0.00863758838504224,0.013967112139078018,0.002809840888181969,0.007744274432662021,0.9888236422898368,35.85168794832487,0.0,0.3657696158789179,0.6519299575870394,0.4471895766404727,0.30149724472188916,0.00863758838504224,0.007648745069668095,0.013967112139078018,0.3657696158789179,0.0
669,1,7.46079331094166e-05,7.41432153172135e-06,1,1,,0,5.849881296838198e-09,0.6519299575870394,0.44718955610914013,0.3014972308795715,0.0,0.0,0.0,0.007648745069668095,0.00863758838504224,0.013967112139078018,0.002809840888181969,0.007744274432662021,0.9888236422898368,35.85168794832487,0.0,0.36576968543921995,0.6519299575870394,0.44718955610914013,0.3014972308795715,0.00863758838504224,0.007648745069668095,0.013967112139078018,0.36576968543921995,0.0
670,1,7.46079331094166e-05,7.4143232242479205e-06,1,1,,0,5.930456536082644e-09,0.6519299575870394,0.44718953572952325,0.3014972171395411,0.0,0.0,0.0,0.007648745069668095,0.00863758838504224,0.013967112139078018,0.002809840888181969,0.007744274432662021,0.9888236422898368,35.85168794832487,0.0,0.3657697543880197,0.6519299575870394,0.44718953572952325,0.3014972171395411,0.00863758838504224,0.007648745069668095,0.013967112139078018,0.3657697543880197,0.0
671,1,7.46079331094166e-05,7.414324930666524e-06,1,1,,0,6.010339526043441e-09,0.6519299575870394,0.44718951550076014,0.30149720350121717,0.0,0.0,0.0,0.007648745069668095,0.00863758838504224,0.013967112139078018,0.002809840888181969,0.007744274432662021,0.9888236422898368,35.85168794832487,0.0,0.36576982273053626,0.6519299575870394,0.44718951550076014,0.30149720350121717,0.00863758838504224,0.007648745069668095,0.013967112139078018,0.36576982273053626,0.0
672,1,7.46079331094166e-05,7.414326650407083e-06,1,1,,0,6.089535934386043e-09,0.6519299575870394,0.4471894954219984,0.30149718996402475,0.0,0.0,0.0,0.007648745069668095,0.00863758838504224,0.013967112139078018,0.002809840888181969,0.007744274432662021,0.9888236422898368,35.85168794832487,0.0,0.3657698904719436,0.6519299575870394,0.4471894954219984,0.30149718996402475,0.00863758838504224,0.007648745069668095,0.013967112139078018,0.3657698904719436,0.0
673,1,7.46079331094166e-05,7.4143283829096305e-06,1,1,,0,6.168051379575345e-09,0.6519299575870394,0.4471894754923917,0.30149717652739333,0.0,0.0,0.0,0.007648745069668095,0.00863758838504224,0.013967112139078018,0.002809840888181969,0.007744274432662021,0.9888236422898368,35.85168794832487,0.0,0.36576995761737074,0.6519299575870394,0.4471894754923917,0.30149717652739333,0.00863758838504224,0.007648745069668095,0.013967112139078018,0.36576995761737074,0.0
674,1,7.46079331094166e-05,7.4143301276168755e-06,1,1,,0,6.2458914317540305e-09,0.6519299575870394,0.4471894557111008,0.30149716319075703,0.0,0.0,0.0,0.007648745069668095,0.00863758838504224,0.013967112139078018,0.002809840888181969,0.007744274432662021,0.9888236422898368,35.85168794832487,0.0,0.36577002417190335,0.6519299575870394,0.4471894557111008,0.30149716319075703,0.00863758838504224,0.007648745069668095,0.013967112139078018,0.36577002417190335,0.0
675,1,7.46079331094166e-05,7.414331883985649e-06,1,1,,0,6.323061614257799e-09,0.6519299575870394,0.4471894360772911,0.30149714995355337,0.0,0.0,0.0,0.007648745069668095,0.00863758838504224,0.013967112139078018,0.002809840888181969,0.007744274432662021,0.9888236422898368,35.85168794832487,0.0,0.3657700901405834,0.6519299575870394,0.4471894360772911,0.30149714995355337,0.00863758838504224,0.007648745069668095,0.013967112139078018,0.3657700901405834,0.0
676,1,7.46079331094166e-05,7.414333651471824e-06,1,1,,0,6.3995674043477635e-09,0.6519299575870394,0.4471894165901336,0.30149713681522317,0.0,0.0,0.0,0.007648745069668095,0.00863758838504224,0.013967112139078018,0.002809840888181969,0.007744274432662021,0.9888236422898368,35.85168794832487,0.0,0.36577015552841047,0.6519299575870394,0.4471894165901336,0.30149713681522317,0.00863758838504224,0.007648745069668095,0.013967112139078018,0.36577015552841047,0.0
677,1,7.46079331094166e-05,7.414335429544472e-06,1,1,,0,6.475414234761337e-09,0.6519299575870394,0.4471893972488025,0.30149712377521,0.0,0.0,0.0,0.007648745069668095,0.00863758838504224,0.013967112139078018,0.002809840888181969,0.007744274432662021,0.9888236422898368,35.85168794832487,0.0,0.36577022034034185,0.6519299575870394,0.4471893972488025,0.30149712377521,0.00863758838504224,0.007648745069668095,0.013967112139078018,0.36577022034034185,0.0
678,1,7.46079331094166e-05,7.414337217680455e-06,1,1,,0,6.550607493956148e-09,0.6519299575870394,0.4471893780524764,0.3014971108329598,0.0,0.0,0.0,0.007648745069668095,0.00863758838504224,0.013967112139078018,0.002809840888181969,0.007744274432662021,0.9888236422898368,35.85168794832487,0.0,0.36577028458129374,0.6519299575870394,0.4471893780524764,0.3014971108329598,0.00863758838504224,0.007648745069668095,0.013967112139078018,0.36577028458129374,0.0
679,1,7.46079331094166e-05,7.414339015364922e-06,1,1,,0,6.625152527450568e-09,0.6519299575870394,0.4471893590003367,0.3014970979879204,0.0,0.0,0.0,0.007648745069668095,0.00863758838504224,0.013967112139078018,0.002809840888181969,0.007744274432662021,0.9888236422898368,35.85168794832487,0.0,0.365770348256141,0.6519299575870394,0.4471893590003367,0.3014970979879204,0.00863758838504224,0.007648745069668095,0.013967112139078018,0.365770348256141,0.0
680,1,7.46079331094166e-05,7.414340822091934e-06,1,1,,0,6.69905463815197e-09,0.6519299575870394,0.44718934009156674,0.30149708523954183,0.0,0.0,0.0,0.007648745069668095,0.00863758838504224,0.013967112139078018,0.002809840888181969,0.007744274432662021,0.9888236422898368,35.85168794832487,0.0,0.3657704113697182,0.6519299575870394,0.44718934009156674,0.30149708523954183,0.00863758838504224,0.007648745069668095,0.013967112139078018,0.3657704113697182,0.0
681,1,7.46079331094166e-05,7.4143426373643045e-06,1,1,,0,6.772319087420774e-09,0.6519299575870394,0.44718932132535305,0.3014970725872753,0.0,0.0,0.0,0.007648745069668095,0.00863758838504224,0.013967112139078018,0.002809840888181969,0.007744274432662021,0.9888236422898368,35.85168794832487,0.0,0.3657704739268198,0.6519299575870394,0.44718932132535305,0.3014970725872753,0.00863758838504224,0.007648745069668095,0.013967112139078018,0.3657704739268198,0.0
682,1,7.46079331094166e-05,7.414344460695835e-06,1,1,,0,6.844951095439299e-09,0.6519299575870394,0.44718930270088375,0.30149706003057347,0.0,0.0,0.0,0.007648745069668095,0.00863758838504224,0.013967112139078018,0.002809840888181969,0.007744274432662021,0.9888236422898368,35.85168794832487,0.0,0.36577053593220044,0.6519299575870394,0.44718930270088375,0.30149706003057347,0.00863758838504224,0.007648745069668095,0.013967112139078018,0.36577053593220044,0.0
683,1,7.46079331094166e-05,7.4143462916077375e-06,1,1,,0,6.916955841839712e-09,0.6519299575870394,0.44718928421734855,0.30149704756889023,0.0,0.0,0.0,0.007648745069668095,0.00863758838504224,0.013967112139078018,0.002809840888181969,0.007744274432662021,0.9888236422898368,35.85168794832487,0.0,0.365770597390576,0.6519299575870394,0.44718928421734855,0.30149704756889023,0.00863758838504224,0.007648745069668095,0.013967112139078018,0.365770597390576,0.0
684,1,7.46079331094166e-05,7.4143481296310394e-06,1,1,,0,6.988338466463163e-09,0.6519299575870394,0.4471892658739398,0.3014970352016806,0.0,0.0,0.0,0.007648745069668095,0.00863758838504224,0.013967112139078018,0.002809840888181969,0.007744274432662021,0.9888236422898368,35.85168794832487,0.0,0.3657706583066233,0.6519299575870394,0.4471892658739398,0.3014970352016806,0.00863758838504224,0.007648745069668095,0.013967112139078018,0.3657706583066233,0.0
685,1,7.46079331094166e-05,7.4143499743062606e-06,1,1,,0,7.0591040694888374e-09,0.6519299575870394,0.4471892476698498,0.30149702292840036,0.0,0.0,0.0,0.007648745069668095,0.00863758838504224,0.013967112139078018,0.002809840888181969,0.007744274432662021,0.9888236422898368,35.85168794832487,0.0,0.3657707186849808,0.6519299575870394,0.4471892476698498,0.30149702292840036,0.00863758838504224,0.007648745069668095,0.013967112139078018,0.3657707186849808,0.0
686,1,7.46079331094166e-05,7.414351825185288e-06,1,1,,0,7.129257712236868e-09,0.6519299575870394,0.44718922960427293,0.30149701074850627,0.0,0.0,0.0,0.007648745069668095,0.00863758838504224,0.013967112139078018,0.002809840888181969,0.007744274432662021,0.9888236422898368,35.85168794832487,0.0,0.3657707785302488,0.6519299575870394,0.44718922960427293,0.30149701074850627,0.00863758838504224,0.007648745069668095,0.013967112139078018,0.3657707785302488,0.0
687,1,7.46079331094166e-05,7.414353681825315e-06,1,1,,0,7.198804417332467e-09,0.6519299575870394,0.44718921167640435,0.30149699866145585,0.0,0.0,0.0,0.007648745069668095,0.00863758838504224,0.013967112139078018,0.002809840888181969,0.007744274432662021,0.9888236422898368,35.85168794832487,0.0,0.36577083784699016,0.6519299575870394,0.44718921167640435,0.30149699866145585,0.00863758838504224,0.007648745069668095,0.013967112139078018,0.36577083784699016,0.0
688,1,7.46079331094166e-05,7.414355543797052e-06,1,1,,0,7.2677491692859215e-09,0.6519299575870394,0.44718919388544054,0.3014969866667073,0.0,0.0,0.0,0.007648745069668095,0.00863758838504224,0.013967112139078018,0.002809840888181969,0.007744274432662021,0.9888236422898368,35.85168794832487,0.0,0.3657708966397303,0.6519299575870394,0.44718919388544054,0.3014969866667073,0.00863758838504224,0.007648745069668095,0.013967112139078018,0.3657708966397303,0.0
689,1,7.46079331094166e-05,7.4143574106765786e-06,1,1,,0,7.336096915078069e-09,0.6519299575870394,0.447189176230579,0.3014969747637194,0.0,0.0,0.0,0.007648745069668095,0.00863758838504224,0.013967112139078018,0.002809840888181969,0.007744274432662021,0.9888236422898368,35.85168794832487,0.0,0.3657709549129576,0.6519299575870394,0.447189176230579,0.3014969747637194,0.00863758838504224,0.007648745069668095,0.013967112139078018,0.3657709549129576,0.0
690,1,7.46079331094166e-05,7.4143592820540975e-06,1,1,,0,7.403852563993412e-09,0.6519299575870394,0.44718915871101794,0.30149696295195166,0.0,0.0,0.0,0.007648745069668095,0.00863758838504224,0.013967112139078018,0.002809840888181969,0.007744274432662021,0.9888236422898368,35.85168794832487,0.0,0.3657710126711238,0.6519299575870394,0.44718915871101794,0.30149696295195166,0.00863758838504224,0.007648745069668095,0.013967112139078018,0.3657710126711238,0.0
691,1,7.46079331094166e-05,7.414361157524472e-06,1,1,,0,7.471020988381479e-09,0.6519299575870394,0.44718914132595644,0.30149695123086434,0.0,0.0,0.0,0.007648745069668095,0.00863758838504224,0.013967112139078018,0.002809840888181969,0.007744274432662021,0.9888236422898368,35.85168794832487,0.0,0.36577106991864416,0.6519299575870394,0.44718914132595644,0.30149695123086434,0.00863758838504224,0.007648745069668095,0.013967112139078018,0.36577106991864416,0.0
692,1,7.46079331094166e-05,7.414363036695005e-06,1,1,,0,7.537607023667004e-09,0.6519299575870394,0.44718912407459493,0.30149693959991797,0.0,0.0,0.0,0.007648745069668095,0.00863758838504224,0.013967112139078018,0.002809840888181969,0.007744274432662021,0.9888236422898368,35.85168794832487,0.0,0.36577112665989814,0.6519299575870394,0.44718912407459493,0.30149693959991797,0.00863758838504224,0.007648745069668095,0.013967112139078018,0.36577112665989814,0.0
693,1,7.46079331094166e-05,7.414364919178791e-06,1,1,,0,7.603615469488273e-09,0.6519299575870394,0.4471891069561342,0.30149692805857387,0.0,0.0,0.0,0.007648745069668095,0.00863758838504224,0.013967112139078018,0.002809840888181969,0.007744274432662021,0.9888236422898368,35.85168794832487,0.0,0.3657711828992295,0.6519299575870394,0.4471891069561342,0.30149692805857387,0.00863758838504224,0.007648745069668095,0.013967112139078018,0.3657711828992295,0.0
694,1,7.46079331094166e-05,7.4143668046021676e-06,1,1,,0,7.669051088602037e-09,0.6519299575870394,0.44718908996977597,0.30149691660629396,0.0,0.0,0.0,0.007648745069668095,0.00863758838504224,0.013967112139078018,0.002809840888181969,0.007744274432662021,0.9888236422898368,35.85168794832487,0.0,0.36577123864094596,0.6519299575870394,0.44718908996977597,0.30149691660629396,0.00863758838504224,0.007648745069668095,0.013967112139078018,0.36577123864094596,0.0
695,1,7.46079331094166e-05,7.414368692594959e-06,1,1,,0,7.73391860835159e-09,0.6519299575870394,0.44718907311472356,0.30149690524254086,0.0,0.0,0.0,0.007648745069668095,0.00863758838504224,0.013967112139078018,0.002809840888181969,0.007744274432662021,0.9888236422898368,35.85168794832487,0.0,0.3657712938893208,0.6519299575870394,0.44718907311472356,0.30149690524254086,0.00863758838504224,0.007648745069668095,0.013967112139078018,0.3657712938893208,0.0
696,1,7.46079331094166e-05,7.414370582802035e-06,1,1,,0,7.798222720480552e-09,0.6519299575870394,0.44718905639018,0.3014968939667777,0.0,0.0,0.0,0.007648745069668095,0.00863758838504224,0.013967112139078018,0.002809840888181969,0.007744274432662021,0.9888236422898368,35.85168794832487,0.0,0.3657713486485918,0.6519299575870394,0.44718905639018,0.3014968939667777,0.00863758838504224,0.007648745069668095,0.013967112139078018,0.3657713486485918,0.0
697,1,7.46079331094166e-05,7.414372474869975e-06,1,1,,0,7.861968081484208e-09,0.6519299575870394,0.44718903979535035,0.30149688277846826,0.0,0.0,0.0,0.007648745069668095,0.00863758838504224,0.013967112139078018,0.002809840888181969,0.007744274432662021,0.9888236422898368,35.85168794832487,0.0,0.3657714029229627,0.6519299575870394,0.44718903979535035,0.30149688277846826,0.00863758838504224,0.007648745069668095,0.013967112139078018,0.3657714029229627,0.0
698,1,7.46079331094166e-05,7.414374368458042e-06,1,1,,0,7.925159312678759e-09,0.6519299575870394,0.4471890233294408,0.30149687167707706,0.0,0.0,0.0,0.007648745069668095,0.00863758838504224,0.013967112139078018,0.002809840888181969,0.007744274432662021,0.9888236422898368,35.85168794832487,0.0,0.3657714567166024,0.6519299575870394,0.4471890233294408,0.30149687167707706,0.00863758838504224,0.007648745069668095,0.013967112139078018,0.3657714567166024,0.0
699,1,7.46079331094166e-05,7.41437626323514e-06,1,1,,0,7.987801000855265e-09,0.6519299575870394,0.4471890069916575,0.30149686066206943,0.0,0.0,0.0,0.007648745069668095,0.00863758838504224,0.013967112139078018,0.002809840888181969,0.007744274432662021,0.9888236422898368,35.85168794832487,0.0,0.36577151003364605,0.6519299575870394,0.4471890069916575,0.30149686066206943,0.00863758838504224,0.007648745069668095,0.013967112139078018,0.36577151003364605,0.0
700,1,7.46079331094166e-05,7.414378158874755e-06,1,1,,0,8.049897698008098e-09,0.6519299575870394,0.44718899078120883,0.30149684973291124,0.0,0.0,0.0,0.007648745069668095,0.00863758838504224,0.013967112139078018,0.002809840888181969,0.007744274432662021,0.9888236422898368,35.85168794832487,0.0,0.3657715628781949,0.6519299575870394,0.44718899078120883,0.30149684973291124,0.00863758838504224,0.007648745069668095,0.013967112139078018,0.3657715628781949,0.0
701,1,7.46079331094166e-05,7.414380055057693e-06,1,1,,0,8.111453922073852e-09,0.6519299575870394,0.44718897469730373,0.3014968388890692,0.0,0.0,0.0,0.007648745069668095,0.00863758838504224,0.013967112139078018,0.002809840888181969,0.007744274432662021,0.9888236422898368,35.85168794832487,0.0,0.36577161525431673,0.6519299575870394,0.44718897469730373,0.3014968388890692,0.00863758838504224,0.007648745069668095,0.013967112139078018,0.36577161525431673,0.0
702,1,7.46079331094166e-05,7.414381951479932e-06,1,1,,0,8.172474156742326e-09,0.6519299575870394,0.44718895873915215,0.30149682813001105,0.0,0.0,0.0,0.007648745069668095,0.00863758838504224,0.013967112139078018,0.002809840888181969,0.007744274432662021,0.9888236422898368,35.85168794832487,0.0,0.36577166716604603,0.6519299575870394,0.44718895873915215,0.30149682813001105,0.00863758838504224,0.007648745069668095,0.013967112139078018,0.36577166716604603,0.0
703,1,7.46079331094166e-05,7.414383847835528e-06,1,1,,0,8.232962852022929e-09,0.6519299575870394,0.44718894290596645,0.30149681745520507,0.0,0.0,0.0,0.007648745069668095,0.00863758838504224,0.013967112139078018,0.002809840888181969,0.007744274432662021,0.9888236422898368,35.85168794832487,0.0,0.36577171861738406,0.6519299575870394,0.44718894290596645,0.30149681745520507,0.00863758838504224,0.007648745069668095,0.013967112139078018,0.36577171861738406,0.0
704,1,7.46079331094166e-05,7.414385743833514e-06,1,1,,0,8.292924424274726e-09,0.6519299575870394,0.44718892719695874,0.3014968068641208,0.0,0.0,0.0,0.007648745069668095,0.00863758838504224,0.013967112139078018,0.002809840888181969,0.007744274432662021,0.9888236422898368,35.85168794832487,0.0,0.36577176961229957,0.6519299575870394,0.44718892719695874,0.3014968068641208,0.00863758838504224,0.007648745069668095,0.013967112139078018,0.36577176961229957,0.0
705,1,7.46079331094166e-05,7.414387639188448e-06,1,1,,0,8.352363256579841e-09,0.6519299575870394,0.4471889116113434,0.3014967963562281,0.0,0.0,0.0,0.007648745069668095,0.00863758838504224,0.013967112139078018,0.002809840888181969,0.007744274432662021,0.9888236422898368,35.85168794832487,0.0,0.3657718201547288,0.6519299575870394,0.4471889116113434,0.3014967963562281,0.00863758838504224,0.007648745069668095,0.013967112139078018,0.3657718201547288,0.0
706,1,7.46079331094166e-05,7.414389533620646e-06,1,1,,0,8.411283698699728e-09,0.6519299575870394,0.4471888961483364,0.3014967859309986,0.0,0.0,0.0,0.007648745069668095,0.00863758838504224,0.013967112139078018,0.002809840888181969,0.007744274432662021,0.9888236422898368,35.85168794832487,0.0,0.36577187024857544,0.6519299575870394,0.4471888961483364,0.3014967859309986,0.00863758838504224,0.007648745069668095,0.013967112139078018,0.36577187024857544,0.0
707,1,7.46079331094166e-05,7.41439142685992e-06,1,1,,0,8.46969006738719e-09,0.6519299575870394,0.4471888808071554,0.30149677558790455,0.0,0.0,0.0,0.007648745069668095,0.00863758838504224,0.013967112139078018,0.002809840888181969,0.007744274432662021,0.9888236422898368,35.85168794832487,0.0,0.3657719198977114,0.6519299575870394,0.4471888808071554,0.30149677558790455,0.00863758838504224,0.007648745069668095,0.013967112139078018,0.3657719198977114,0.0
708,1,7.46079331094166e-05,7.414393318639999e-06,1,1,,0,8.527586646835899e-09,0.6519299575870394,0.44718886558701826,0.30149676532641906,0.0,0.0,0.0,0.007648745069668095,0.00863758838504224,0.013967112139078018,0.002809840888181969,0.007744274432662021,0.9888236422898368,35.85168794832487,0.0,0.3657719691059767,0.6519299575870394,0.44718886558701826,0.30149676532641906,0.00863758838504224,0.007648745069668095,0.013967112139078018,0.3657719691059767,0.0
709,1,7.46079331094166e-05,7.414395208707506e-06,1,1,,0,8.584977688569123e-09,0.6519299575870394,0.4471888504871467,0.30149675514601687,0.0,0.0,0.0,0.007648745069668095,0.00863758838504224,0.013967112139078018,0.002809840888181969,0.007744274432662021,0.9888236422898368,35.85168794832487,0.0,0.36577201787717994,0.6519299575870394,0.4471888504871467,0.30149675514601687,0.00863758838504224,0.007648745069668095,0.013967112139078018,0.36577201787717994,0.0
710,1,7.46079331094166e-05,7.414397096807756e-06,1,1,,0,8.641867412065984e-09,0.6519299575870394,0.4471888355067615,0.30149674504617324,0.0,0.0,0.0,0.007648745069668095,0.00863758838504224,0.013967112139078018,0.002809840888181969,0.007744274432662021,0.9888236422898368,35.85168794832487,0.0,0.3657720662150983,0.6519299575870394,0.4471888355067615,0.30149674504617324,0.00863758838504224,0.007648745069668095,0.013967112139078018,0.3657720662150983,0.0
711,1,7.46079331094166e-05,7.414398982700714e-06,1,1,,0,8.698260004114535e-09,0.6519299575870394,0.4471888206450878,0.30149673502636526,0.0,0.0,0.0,0.007648745069668095,0.00863758838504224,0.013967112139078018,0.002809840888181969,0.007744274432662021,0.9888236422898368,35.85168794832487,0.0,0.36577211412347777,0.6519299575870394,0.4471888206450878,0.30149673502636526,0.00863758838504224,0.007648745069668095,0.013967112139078018,0.36577211412347777,0.0
712,1,7.46079331094166e-05,7.414400866148604e-06,1,1,,0,8.754159620170789e-09,0.6519299575870394,0.44718880590135085,0.3014967250860708,0.0,0.0,0.0,0.007648745069668095,0.00863758838504224,0.013967112139078018,0.002809840888181969,0.007744274432662021,0.9888236422898368,35.85168794832487,0.0,0.36577216160603376,0.6519299575870394,0.44718880590135085,0.3014967250860708,0.00863758838504224,0.007648745069668095,0.013967112139078018,0.36577216160603376,0.0
713,1,7.46079331094166e-05,7.414402746922536e-06,1,1,,0,8.809570383640106e-09,0.6519299575870394,0.4471887912747785,0.30149671522476923,0.0,0.0,0.0,0.007648745069668095,0.00863758838504224,0.013967112139078018,0.002809840888181969,0.007744274432662021,0.9888236422898368,35.85168794832487,0.0,0.3657722086664509,0.6519299575870394,0.4471887912747785,0.30149671522476923,0.00863758838504224,0.007648745069668095,0.013967112139078018,0.3657722086664509,0.0
714,1,7.46079331094166e-05,7.4144046247951695e-06,1,1,,0,8.864496386454213e-09,0.6519299575870394,0.44718877676460056,0.3014967054419412,0.0,0.0,0.0,0.007648745069668095,0.00863758838504224,0.013967112139078018,0.002809840888181969,0.007744274432662021,0.9888236422898368,35.85168794832487,0.0,0.36577225530838353,0.6519299575870394,0.44718877676460056,0.3014967054419412,0.00863758838504224,0.007648745069668095,0.013967112139078018,0.36577225530838353,0.0
715,1,7.46079331094166e-05,7.414406499553344e-06,1,1,,0,8.918941689464837e-09,0.6519299575870394,0.44718876237004795,0.30149669573706844,0.0,0.0,0.0,0.007648745069668095,0.00863758838504224,0.013967112139078018,0.002809840888181969,0.007744274432662021,0.9888236422898368,35.85168794832487,0.0,0.3657723015354558,0.6519299575870394,0.44718876237004795,0.30149669573706844,0.00863758838504224,0.007648745069668095,0.013967112139078018,0.3657723015354558,0.0
716,1,7.46079331094166e-05,7.414408370982377e-06,1,1,,0,8.972910322005386e-09,0.6519299575870394,0.4471887480903549,0.3014966861096345,0.0,0.0,0.0,0.007648745069668095,0.00863758838504224,0.013967112139078018,0.002809840888181969,0.007744274432662021,0.9888236422898368,35.85168794832487,0.0,0.365772347351262,0.6519299575870394,0.4471887480903549,0.3014966861096345,0.00863758838504224,0.007648745069668095,0.013967112139078018,0.365772347351262,0.0
717,1,7.46079331094166e-05,7.414410238877069e-06,1,1,,0,9.026406282785886e-09,0.6519299575870394,0.4471887339247571,0.3014966765591242,0.0,0.0,0.0,0.007648745069668095,0.00863758838504224,0.013967112139078018,0.002809840888181969,0.007744274432662021,0.9888236422898368,35.85168794832487,0.0,0.3657723927593668,0.6519299575870394,0.4471887339247571,0.3014966765591242,0.00863758838504224,0.007648745069668095,0.013967112139078018,0.3657723927593668,0.0
718,1,7.46079331094166e-05,7.414412103039386e-06,1,1,,0,9.079433539601693e-09,0.6519299575870394,0.447188719872493,0.3014966670850237,0.0,0.0,0.0,0.007648745069668095,0.00863758838504224,0.013967112139078018,0.002809840888181969,0.007744274432662021,0.9888236422898368,35.85168794832487,0.0,0.3657724377633049,0.6519299575870394,0.447188719872493,0.3014966670850237,0.00863758838504224,0.007648745069668095,0.013967112139078018,0.3657724377633049,0.0
719,1,7.46079331094166e-05,7.414413963273528e-06,1,1,,0,9.131996029710674e-09,0.6519299575870394,0.4471887059328021,0.30149665768682105,0.0,0.0,0.0,0.007648745069668095,0.00863758838504224,0.013967112139078018,0.002809840888181969,0.007744274432662021,0.9888236422898368,35.85168794832487,0.0,0.3657724823665826,0.6519299575870394,0.4471887059328021,0.30149665768682105,0.00863758838504224,0.007648745069668095,0.013967112139078018,0.3657724823665826,0.0
720,1,7.46079331094166e-05,7.414415819393793e-06,1,1,,0,9.184097660322518e-09,0.6519299575870394,0.44718869210492757,0.3014966483640051,0.0,0.0,0.0,0.007648745069668095,0.00863758838504224,0.013967112139078018,0.002809840888181969,0.007744274432662021,0.9888236422898368,35.85168794832487,0.0,0.3657725265726765,0.6519299575870394,0.44718869210492757,0.3014966483640051,0.00863758838504224,0.007648745069668095,0.013967112139078018,0.3657725265726765,0.0
721,1,7.46079331094166e-05,7.41441767121444e-06,1,1,,0,9.235742307816549e-09,0.6519299575870394,0.4471886783881144,0.3014966391160673,0.0,0.0,0.0,0.007648745069668095,0.00863758838504224,0.013967112139078018,0.002809840888181969,0.007744274432662021,0.9888236422898368,35.85168794832487,0.0,0.36577257038503463,0.6519299575870394,0.4471886783881144,0.3014966391160673,0.00863758838504224,0.007648745069668095,0.013967112139078018,0.36577257038503463,0.0
722,1,7.46079331094166e-05,7.414419518562104e-06,1,1,,0,9.286933819406662e-09,0.6519299575870394,0.44718866478160935,0.3014966299424998,0.0,0.0,0.0,0.007648745069668095,0.00863758838504224,0.013967112139078018,0.002809840888181969,0.007744274432662021,0.9888236422898368,35.85168794832487,0.0,0.36577261380707643,0.6519299575870394,0.44718866478160935,0.3014966299424998,0.00863758838504224,0.007648745069668095,0.013967112139078018,0.36577261380707643,0.0
723,1,7.46079331094166e-05,7.41442136126175e-06,1,1,,0,9.337676011973428e-09,0.6519299575870394,0.44718865128466256,0.3014966208427969,0.0,0.0,0.0,0.007648745069668095,0.00863758838504224,0.013967112139078018,0.002809840888181969,0.007744274432662021,0.9888236422898368,35.85168794832487,0.0,0.36577265684219296,0.6519299575870394,0.44718865128466256,0.3014966208427969,0.00863758838504224,0.007648745069668095,0.013967112139078018,0.36577265684219296,0.0
724,1,7.46079331094166e-05,7.414423199147862e-06,1,1,,0,9.387972672940484e-09,0.6519299575870394,0.44718863789652624,0.3014966118164545,0.0,0.0,0.0,0.007648745069668095,0.00863758838504224,0.013967112139078018,0.002809840888181969,0.007744274432662021,0.9888236422898368,35.85168794832487,0.0,0.36577269949374713,0.6519299575870394,0.44718863789652624,0.3014966118164545,0.00863758838504224,0.007648745069668095,0.013967112139078018,0.36577269949374713,0.0
725,1,7.46079331094166e-05,7.414425032058561e-06,1,1,,0,9.437827560523658e-09,0.6519299575870394,0.4471886246164548,0.3014966028629702,0.0,0.0,0.0,0.007648745069668095,0.00863758838504224,0.013967112139078018,0.002809840888181969,0.007744274432662021,0.9888236422898368,35.85168794832487,0.0,0.3657727417650739,0.6519299575870394,0.4471886246164548,0.3014966028629702,0.00863758838504224,0.007648745069668095,0.013967112139078018,0.3657727417650739,0.0
726,1,7.46079331094166e-05,7.414426859837926e-06,1,1,,0,9.487244403329213e-09,0.6519299575870394,0.44718861144370664,0.3014965939818433,0.0,0.0,0.0,0.007648745069668095,0.00863758838504224,0.013967112139078018,0.002809840888181969,0.007744274432662021,0.9888236422898368,35.85168794832487,0.0,0.3657727836594805,0.6519299575870394,0.44718861144370664,0.3014965939818433,0.00863758838504224,0.007648745069668095,0.013967112139078018,0.3657727836594805,0.0
727,1,7.46079331094166e-05,7.414428682332929e-06,1,1,,0,9.53622690138158e-09,0.6519299575870394,0.4471885983775406,0.3014965851725749,0.0,0.0,0.0,0.007648745069668095,0.00863758838504224,0.013967112139078018,0.002809840888181969,0.007744274432662021,0.9888236422898368,35.85168794832487,0.0,0.36577282518024673,0.6519299575870394,0.4471885983775406,0.3014965851725749,0.00863758838504224,0.007648745069668095,0.013967112139078018,0.36577282518024673,0.0
728,1,7.46079331094166e-05,7.414430499398542e-06,1,1,,0,9.584778725559269e-09,0.6519299575870394,0.4471885854172202,0.3014965764346679,0.0,0.0,0.0,0.007648745069668095,0.00863758838504224,0.013967112139078018,0.002809840888181969,0.007744274432662021,0.9888236422898368,35.85168794832487,0.0,0.36577286633062495,0.6519299575870394,0.4471885854172202,0.3014965764346679,0.00863758838504224,0.007648745069668095,0.013967112139078018,0.36577286633062495,0.0
729,1,7.46079331094166e-05,7.4144323108920995e-06,1,1,,0,9.632903518244132e-09,0.6519299575870394,0.4471885725620105,0.3014965677676272,0.0,0.0,0.0,0.007648745069668095,0.00863758838504224,0.013967112139078018,0.002809840888181969,0.007744274432662021,0.9888236422898368,35.85168794832487,0.0,0.36577290711384036,0.6519299575870394,0.4471885725620105,0.3014965677676272,0.00863758838504224,0.007648745069668095,0.013967112139078018,0.36577290711384036,0.0
730,1,7.46079331094166e-05,7.414434116674283e-06,1,1,,0,9.680604893179357e-09,0.6519299575870394,0.4471885598111801,0.3014965591709593,0.0,0.0,0.0,0.007648745069668095,0.00863758838504224,0.013967112139078018,0.002809840888181969,0.007744274432662021,0.9888236422898368,35.85168794832487,0.0,0.3657729475330916,0.6519299575870394,0.4471885598111801,0.3014965591709593,0.00863758838504224,0.007648745069668095,0.013967112139078018,0.3657729475330916,0.0
731,1,7.46079331094166e-05,7.414435916613723e-06,1,1,,0,9.72788643595614e-09,0.6519299575870394,0.44718854716399936,0.3014965506441727,0.0,0.0,0.0,0.007648745069668095,0.00863758838504224,0.013967112139078018,0.002809840888181969,0.007744274432662021,0.9888236422898368,35.85168794832487,0.0,0.36577298759155025,0.6519299575870394,0.44718854716399936,0.3014965506441727,0.00863758838504224,0.007648745069668095,0.013967112139078018,0.36577298759155025,0.0
732,1,7.46079331094166e-05,7.414437710580588e-06,1,1,,0,9.774751703849424e-09,0.6519299575870394,0.4471885346197428,0.30149654218677796,0.0,0.0,0.0,0.007648745069668095,0.00863758838504224,0.013967112139078018,0.002809840888181969,0.007744274432662021,0.9888236422898368,35.85168794832487,0.0,0.3657730272923615,0.6519299575870394,0.4471885346197428,0.30149654218677796,0.00863758838504224,0.007648745069668095,0.013967112139078018,0.3657730272923615,0.0
733,1,7.46079331094166e-05,7.414439498451023e-06,1,1,,0,9.82120422660652e-09,0.6519299575870394,0.44718852217768734,0.30149653379828756,0.0,0.0,0.0,0.007648745069668095,0.00863758838504224,0.013967112139078018,0.002809840888181969,0.007744274432662021,0.9888236422898368,35.85168794832487,0.0,0.3657730666386444,0.6519299575870394,0.44718852217768734,0.30149653379828756,0.00863758838504224,0.007648745069668095,0.013967112139078018,0.3657730666386444,0.0
734,1,7.46079331094166e-05,7.414441280105573e-06,1,1,,0,9.867247505970879e-09,0.6519299575870394,0.4471885098371119,0.30149652547821554,0.0,0.0,0.0,0.007648745069668095,0.00863758838504224,0.013967112139078018,0.002809840888181969,0.007744274432662021,0.9888236422898368,35.85168794832487,0.0,0.3657731056334918,0.6519299575870394,0.4471885098371119,0.30149652547821554,0.00863758838504224,0.007648745069668095,0.013967112139078018,0.3657731056334918,0.0
735,1,7.46079331094166e-05,7.414443055425896e-06,1,1,,0,9.912885016064632e-09,0.6519299575870394,0.44718849759729995,0.3014965172260785,0.0,0.0,0.0,0.007648745069668095,0.00863758838504224,0.013967112139078018,0.002809840888181969,0.007744274432662021,0.9888236422898368,35.85168794832487,0.0,0.3657731442799708,0.6519299575870394,0.44718849759729995,0.3014965172260785,0.00863758838504224,0.007648745069668095,0.013967112139078018,0.3657731442799708,0.0
736,1,7.46079331094166e-05,7.414444824303369e-06,1,1,,0,9.958120203750357e-09,0.6519299575870394,0.44718848545753614,0.30149650904139474,0.0,0.0,0.0,0.007648745069668095,0.00863758838504224,0.013967112139078018,0.002809840888181969,0.007744274432662021,0.9888236422898368,35.85168794832487,0.0,0.3657731825811228,0.6519299575870394,0.44718848545753614,0.30149650904139474,0.00863758838504224,0.007648745069668095,0.013967112139078018,0.3657731825811228,0.0
737,1,7.460515474416267e-05,7.400642738149094e-06,1,2,,0,1.7228693420828036e-11,0.651896410055052,0.4471350095546833,0.3014965009236846,0.0,0.0,0.0,0.007648715204681109,0.008637427553627449,0.013966630439436674,0.002810106901310943,0.007744176416989593,0.9888062851523053,35.850913079043266,0.0,0.3657732205399633,0.651896410055052,0.4471350095546833,0.3014965009236846,0.008637427553627449,0.007648715204681109,0.013966630439436674,0.3657732205399633,0.0
738,1,7.460515474416267e-05,7.400644164065237e-06,1,1,,0,4.461263788155793e-11,0.651896410055052,0.44713499780304133,0.3014964929997269,0.0,0.0,0.0,0.007648715204681109,0.008637427553627449,0.013966630439436674,0.002810106901310943,0.007744176416989593,0.9888062851523053,35.850913079043266,0.0,0.36577325808810285,0.651896410055052,0.44713499780304133,0.3014964929997269,0.008637427553627449,0.007648715204681109,0.013966630439436674,0.36577325808810285,0.0
739,1,7.460515474416267e-05,7.400645450425279e-06,1,1,,0,8.663225521260873e-11,0.651896410055052,0.4471349863159244,0.3014964852541343,0.0,0.0,0.0,0.007648715204681109,0.008637427553627449,0.013966630439436674,0.002810106901310943,0.007744176416989593,0.9888062851523053,35.850913079043266,0.0,0.3657732952368709,0.651896410055052,0.4471349863159244,0.3014964852541343,0.008637427553627449,0.007648715204681109,0.013966630439436674,0.3657732952368709,0.0
740,1,7.460515474416267e-05,7.400646613011116e-06,1,1,,0,1.2922869718808652e-10,0.651896410055052,0.4471349750729231,0.30149647767314547,0.0,0.0,0.0,0.007648715204681109,0.008637427553627449,0.013966630439436674,0.002810106901310943,0.007744176416989593,0.9888062851523053,35.850913079043266,0.0,0.3657733319966615,0.651896410055052,0.4471349750729231,0.30149647767314547,0.008637427553627449,0.007648715204681109,0.013966630439436674,0.3657733319966615,0.0
741,1,7.460515474416267e-05,7.4006476658775426e-06,1,1,,0,1.7158919403851284e-10,0.651896410055052,0.4471349640557786,0.30149647024444853,0.0,0.0,0.0,0.007648715204681109,0.008637427553627449,0.013966630439436674,0.002810106901310943,0.007744176416989593,0.9888062851523053,35.850913079043266,0.0,0.36577336837703167,0.651896410055052,0.4471349640557786,0.30149647024444853,0.008637427553627449,0.007648715204681109,0.013966630439436674,0.36577336837703167,0.0
742,1,7.460515474416267e-05,7.400648621539166e-06,1,1,,0,2.1356370673997997e-10,0.651896410055052,0.4471349532481506,0.3014964629570253,0.0,0.0,0.0,0.007648715204681109,0.008637427553627449,0.013966630439436674,0.002810106901310943,0.007744176416989593,0.9888062851523053,35.850913079043266,0.0,0.36577340438678985,0.651896410055052,0.4471349532481506,0.3014964629570253,0.008637427553627449,0.007648715204681109,0.013966630439436674,0.36577340438678985,0.0
743,1,7.460515474416267e-05,7.4006494911331e-06,1,1,,0,2.551135616780042e-10,0.651896410055052,0.4471349426354091,0.3014964558010111,0.0,0.0,0.0,0.007648715204681109,0.008637427553627449,0.013966630439436674,0.002810106901310943,0.007744176416989593,0.9888062851523053,35.850913079043266,0.0,0.3657734400340741,0.651896410055052,0.4471349426354091,0.3014964558010111,0.008637427553627449,0.007648715204681109,0.013966630439436674,0.3657734400340741,0.0
744,1,7.460515474416267e-05,7.400650284579359e-06,1,1,,0,2.962307254962673e-10,0.651896410055052,0.4471349322044491,0.30149644876756965,0.0,0.0,0.0,0.007648715204681109,0.008637427553627449,0.013966630439436674,0.002810106901310943,0.007744176416989593,0.9888062851523053,35.850913079043266,0.0,0.3657734753264227,0.651896410055052,0.4471349322044491,0.30149644876756965,0.008637427553627449,0.007648715204681109,0.013966630439436674,0.3657734753264227,0.0
745,1,7.460515474416267e-05,7.400651010700842e-06,1,1,,0,3.3691776880946056e-10,0.651896410055052,0.44713492194352766,0.3014964418487827,0.0,0.0,0.0,0.007648715204681109,0.008637427553627449,0.013966630439436674,0.002810106901310943,0.007744176416989593,0.9888062851523053,35.850913079043266,0.0,0.3657735102708365,0.651896410055052,0.44713492194352766,0.3014964418487827,0.008637427553627449,0.007648715204681109,0.013966630439436674,0.3657735102708365,0.0
746,1,7.460515474416267e-05,7.4006516773505065e-06,1,1,,0,3.7718131192331934e-10,0.651896410055052,0.44713491184211546,0.3014964350375503,0.0,0.0,0.0,0.007648715204681109,0.008637427553627449,0.013966630439436674,0.002810106901310943,0.007744176416989593,0.9888062851523053,35.850913079043266,0.0,0.36577354487383446,0.651896410055052,0.44713491184211546,0.3014964350375503,0.008637427553627449,0.007648715204681109,0.013966630439436674,0.36577354487383446,0.0
747,1,7.460515474416267e-05,7.400652291512252e-06,1,1,,0,4.1702948926393593e-10,0.651896410055052,0.44713490189076543,0.3014964283275028,0.0,0.0,0.0,0.007648715204681109,0.008637427553627449,0.013966630439436674,0.002810106901310943,0.007744176416989593,0.9888062851523053,35.850913079043266,0.0,0.36577357914150394,0.651896410055052,0.44713490189076543,0.3014964283275028,0.008637427553627449,0.007648715204681109,0.013966630439436674,0.36577357914150394,0.0
748,1,7.460515474416267e-05,7.40065285939757e-06,1,1,,0,4.564708619445853e-10,0.651896410055052,0.4471348920809972,0.3014964217129215,0.0,0.0,0.0,0.007648715204681109,0.008637427553627449,0.013966630439436674,0.002810106901310943,0.007744176416989593,0.9888062851523053,35.850913079043266,0.0,0.3657736130795447,0.651896410055052,0.4471348920809972,0.3014964217129215,0.008637427553627449,0.007648715204681109,0.013966630439436674,0.3657736130795447,0.0
749,1,7.460515474416267e-05,7.4006533865291155e-06,1,1,,0,4.95513923450031e-10,0.651896410055052,0.44713488240519095,0.301496415188669,0.0,0.0,0.0,0.007648715204681109,0.008637427553627449,0.013966630439436674,0.002810106901310943,0.007744176416989593,0.9888062851523053,35.850913079043266,0.0,0.36577364669330886,0.651896410055052,0.44713488240519095,0.301496415188669,0.008637427553627449,0.007648715204681109,0.013966630439436674,0.36577364669330886,0.0
750,1,7.460515474416267e-05,7.40065387781549e-06,1,1,,0,5.341668730127434e-10,0.651896410055052,0.4471348728564969,0.30149640875012623,0.0,0.0,0.0,0.007648715204681109,0.008637427553627449,0.013966630439436674,0.002810106901310943,0.007744176416989593,0.9888062851523053,35.850913079043266,0.0,0.3657736799878359,0.651896410055052,0.4471348728564969,0.30149640875012623,0.008637427553627449,0.007648715204681109,0.013966630439436674,0.3657736799878359,0.0
751,1,7.460515474416267e-05,7.400654337615976e-06,1,1,,0,5.724375173752486e-10,0.651896410055052,0.4471348634287496,0.3014964023931362,0.0,0.0,0.0,0.007648715204681109,0.008637427553627449,0.013966630439436674,0.002810106901310943,0.007744176416989593,0.9888062851523053,35.850913079043266,0.0,0.3657737129678844,0.651896410055052,0.4471348634287496,0.3014964023931362,0.008637427553627449,0.007648715204681109,0.013966630439436674,0.3657737129678844,0.0
752,1,7.460515474416267e-05,7.400654769805095e-06,1,1,,0,6.10333237136241e-10,0.651896410055052,0.4471348541163963,0.3014963961139546,0.0,0.0,0.0,0.007648715204681109,0.008637427553627449,0.013966630439436674,0.002810106901310943,0.007744176416989593,0.9888062851523053,35.850913079043266,0.0,0.3657737456379603,0.651896410055052,0.4471348541163963,0.3014963961139546,0.008637427553627449,0.007648715204681109,0.013966630439436674,0.3657737456379603,0.0
753,1,7.460515474416267e-05,7.400655177820914e-06,1,1,,0,6.478609860366729e-10,0.651896410055052,0.44713484491443006,0.3014963899092054,0.0,0.0,0.0,0.007648715204681109,0.008637427553627449,0.013966630439436674,0.002810106901310943,0.007744176416989593,0.9888062851523053,35.850913079043266,0.0,0.36577377800234184,0.651896410055052,0.44713484491443006,0.3014963899092054,0.008637427553627449,0.007648715204681109,0.013966630439436674,0.36577377800234184,0.0
754,1,7.460515474416267e-05,7.400655564715985e-06,1,1,,0,6.850273078859439e-10,0.651896410055052,0.44713483581833086,0.3014963837758405,0.0,0.0,0.0,0.007648715204681109,0.008637427553627449,0.013966630439436674,0.002810106901310943,0.007744176416989593,0.9888062851523053,35.850913079043266,0.0,0.3657738100651021,0.651896410055052,0.44713483581833086,0.3014963837758405,0.008637427553627449,0.007648715204681109,0.013966630439436674,0.3657738100651021,0.0
755,1,7.460515474416267e-05,7.400655933194279e-06,1,1,,0,7.218383602158723e-10,0.651896410055052,0.44713482682401284,0.3014963777111054,0.0,0.0,0.0,0.007648715204681109,0.008637427553627449,0.013966630439436674,0.002810106901310943,0.007744176416989593,0.9888062851523053,35.850913079043266,0.0,0.36577384183012884,0.651896410055052,0.44713482682401284,0.3014963777111054,0.008637427553627449,0.007648715204681109,0.013966630439436674,0.36577384183012884,0.0
756,1,7.460515474416267e-05,7.400656285656755e-06,1,1,,0,7.582999429454568e-10,0.651896410055052,0.44713481792777854,0.3014963717125068,0.0,0.0,0.0,0.007648715204681109,0.008637427553627449,0.013966630439436674,0.002810106901310943,0.007744176416989593,0.9888062851523053,35.850913079043266,0.0,0.3657738733011426,0.651896410055052,0.44713481792777854,0.3014963717125068,0.008637427553627449,0.007648715204681109,0.013966630439436674,0.3657738733011426,0.0
757,1,7.460515474416267e-05,7.400656624227969e-06,1,1,,0,7.94417527125385e-10,0.651896410055052,0.4471348091262768,0.3014963657777847,0.0,0.0,0.0,0.007648715204681109,0.008637427553627449,0.013966630439436674,0.002810106901310943,0.007744176416989593,0.9888062851523053,35.850913079043266,0.0,0.3657739044817125,0.651896410055052,0.4471348091262768,0.3014963657777847,0.008637427553627449,0.007648715204681109,0.013966630439436674,0.3657739044817125,0.0
758,1,7.460515474416267e-05,7.400656950787878e-06,1,1,,0,8.301962827931101e-10,0.651896410055052,0.4471348004164649,0.3014963599048877,0.0,0.0,0.0,0.007648715204681109,0.008637427553627449,0.013966630439436674,0.002810106901310943,0.007744176416989593,0.9888062851523053,35.850913079043266,0.0,0.3657739353752704,0.651896410055052,0.4471348004164649,0.3014963599048877,0.008637427553627449,0.007648715204681109,0.013966630439436674,0.3657739353752704,0.0
759,1,7.460515474416267e-05,7.400657267003105e-06,1,1,,0,8.656411056328074e-10,0.651896410055052,0.4471347917955763,0.3014963540919505,0.0,0.0,0.0,0.007648715204681109,0.008637427553627449,0.013966630439436674,0.002810106901310943,0.007744176416989593,0.9888062851523053,35.850913079043266,0.0,0.3657739659851239,0.651896410055052,0.4471347917955763,0.3014963540919505,0.008637427553627449,0.007648715204681109,0.013966630439436674,0.3657739659851239,0.0
760,1,7.460515474416267e-05,7.400657574341938e-06,1,1,,0,9.007566425371826e-10,0.651896410055052,0.44713478326109035,0.3014963483372734,0.0,0.0,0.0,0.007648715204681109,0.008637427553627449,0.013966630439436674,0.002810106901310943,0.007744176416989593,0.9888062851523053,35.850913079043266,0.0,0.3657739963144675,0.651896410055052,0.44713478326109035,0.3014963483372734,0.008637427553627449,0.007648715204681109,0.013966630439436674,0.3657739963144675,0.0
761,1,7.460515474416267e-05,7.400657874104401e-06,1,1,,0,9.355473138283786e-10,0.651896410055052,0.44713477481070696,0.30149634263930525,0.0,0.0,0.0,0.007648715204681109,0.008637427553627449,0.013966630439436674,0.002810106901310943,0.007744176416989593,0.9888062851523053,35.850913079043266,0.0,0.3657740263663928,0.651896410055052,0.44713477481070696,0.30149634263930525,0.008637427553627449,0.007648715204681109,0.013966630439436674,0.3657740263663928,0.0
762,1,7.460515474416267e-05,7.4006581674349105e-06,1,1,,0,9.70017334798067e-10,0.651896410055052,0.44713476644232136,0.3014963369966271,0.0,0.0,0.0,0.007648715204681109,0.008637427553627449,0.013966630439436674,0.002810106901310943,0.007744176416989593,0.9888062851523053,35.850913079043266,0.0,0.36577405614389724,0.651896410055052,0.44713476644232136,0.3014963369966271,0.008637427553627449,0.007648715204681109,0.013966630439436674,0.36577405614389724,0.0
763,1,7.460515474416267e-05,7.400658455342993e-06,1,1,,0,1.0041707343189004e-09,0.651896410055052,0.4471347581540054,0.3014963314079386,0.0,0.0,0.0,0.007648715204681109,0.008637427553627449,0.013966630439436674,0.002810106901310943,0.007744176416989593,0.9888062851523053,35.850913079043266,0.0,0.36577408564989294,0.651896410055052,0.4471347581540054,0.3014963314079386,0.008637427553627449,0.007648715204681109,0.013966630439436674,0.36577408564989294,0.0
764,1,7.460515474416267e-05,7.400658738715017e-06,1,1,,0,1.038011372524241e-09,0.651896410055052,0.44713474994398666,0.3014963258720449,0.0,0.0,0.0,0.007648715204681109,0.008637427553627449,0.013966630439436674,0.002810106901310943,0.007744176416989593,0.9888062851523053,35.850913079043266,0.0,0.3657741148872131,0.651896410055052,0.44713474994398666,0.3014963258720449,0.008637427553627449,0.007648715204681109,0.013966630439436674,0.3657741148872131,0.0
765,1,7.460515474416267e-05,7.4006590183329605e-06,1,1,,0,1.071542956545542e-09,0.651896410055052,0.4471347418106332,0.30149632038784524,0.0,0.0,0.0,0.007648715204681109,0.008637427553627449,0.013966630439436674,0.002810106901310943,0.007744176416989593,0.9888062851523053,35.850913079043266,0.0,0.36577414385861917,0.651896410055052,0.4471347418106332,0.30149632038784524,0.008637427553627449,0.007648715204681109,0.013966630439436674,0.36577414385861917,0.0
766,1,7.460515474416267e-05,7.400659294878764e-06,1,1,,0,1.1047690541429244e-09,0.651896410055052,0.44713473375243795,0.30149631495432366,0.0,0.0,0.0,0.007648715204681109,0.008637427553627449,0.013966630439436674,0.002810106901310943,0.007744176416989593,0.9888062851523053,35.850913079043266,0.0,0.3657741725668061,0.651896410055052,0.44713473375243795,0.30149631495432366,0.008637427553627449,0.007648715204681109,0.013966630439436674,0.3657741725668061,0.0
767,1,7.460515474416267e-05,7.400659568951009e-06,1,1,,0,1.1376931067088519e-09,0.651896410055052,0.44713472576800556,0.30149630957053963,0.0,0.0,0.0,0.007648715204681109,0.008637427553627449,0.013966630439436674,0.002810106901310943,0.007744176416989593,0.9888062851523053,35.850913079043266,0.0,0.365774201014408,0.651896410055052,0.44713472576800556,0.30149630957053963,0.008637427553627449,0.007648715204681109,0.013966630439436674,0.365774201014408,0.0
768,1,7.460515474416267e-05,7.4006598410734924e-06,1,1,,0,1.17031844042252e-09,0.651896410055052,0.4471347178560415,0.3014963042356197,0.0,0.0,0.0,0.007648715204681109,0.008637427553627449,0.013966630439436674,0.002810106901310943,0.007744176416989593,0.9888062851523053,35.850913079043266,0.0,0.3657742292040022,0.651896410055052,0.4471347178560415,0.3014963042356197,0.008637427553627449,0.007648715204681109,0.013966630439436674,0.3657742292040022,0.0
769,1,7.460515474416267e-05,7.400660111698422e-06,1,1,,0,1.2026482765331146e-09,0.651896410055052,0.4471347100153402,0.30149629894875113,0.0,0.0,0.0,0.007648715204681109,0.008637427553627449,0.013966630439436674,0.002810106901310943,0.007744176416989593,0.9888062851523053,35.850913079043266,0.0,0.36577425713811407,0.651896410055052,0.4471347100153402,0.30149629894875113,0.008637427553627449,0.007648715204681109,0.013966630439436674,0.36577425713811407,0.0
770,1,7.460515474416267e-05,7.4006603812242e-06,1,1,,0,1.2346857405668316e-09,0.651896410055052,0.4471347022447762,0.3014962937091752,0.0,0.0,0.0,0.007648715204681109,0.008637427553627449,0.013966630439436674,0.002810106901310943,0.007744176416989593,0.9888062851523053,35.850913079043266,0.0,0.3657742848192202,0.651896410055052,0.4471347022447762,0.3014962937091752,0.008637427553627449,0.007648715204681109,0.013966630439436674,0.3657742848192202,0.0
771,1,7.460515474416267e-05,7.40066064999175e-06,1,1,,0,1.2664338706253721e-09,0.651896410055052,0.4471346945432959,0.30149628851618115,0.0,0.0,0.0,0.007648715204681109,0.008637427553627449,0.013966630439436674,0.002810106901310943,0.007744176416989593,0.9888062851523053,35.850913079043266,0.0,0.3657743122497519,0.651896410055052,0.4471346945432959,0.30149628851618115,0.008637427553627449,0.007648715204681109,0.013966630439436674,0.3657743122497519,0.0
772,1,7.460515474416267e-05,7.400660918295415e-06,1,1,,0,1.297895624441781e-09,0.651896410055052,0.44713468690990954,0.301496283369102,0.0,0.0,0.0,0.007648715204681109,0.008637427553627449,0.013966630439436674,0.002810106901310943,0.007744176416989593,0.9888062851523053,35.850913079043266,0.0,0.36577433943209825,0.651896410055052,0.44713468690990954,0.301496283369102,0.008637427553627449,0.007648715204681109,0.013966630439436674,0.36577433943209825,0.0
773,1,7.460515474416267e-05,7.400661186388942e-06,1,1,,0,1.3290738860550324e-09,0.651896410055052,0.4471346793436858,0.30149627826730957,0.0,0.0,0.0,0.007648715204681109,0.008637427553627449,0.013966630439436674,0.002810106901310943,0.007744176416989593,0.9888062851523053,35.850913079043266,0.0,0.3657743663686088,0.651896410055052,0.4471346793436858,0.30149627826730957,0.008637427553627449,0.007648715204681109,0.013966630439436674,0.3657743663686088,0.0
774,1,7.460515474416267e-05,7.400661454488292e-06,1,1,,0,1.3599714719133336e-09,0.651896410055052,0.4471346718437438,0.30149627321021005,0.0,0.0,0.0,0.007648715204681109,0.008637427553627449,0.013966630439436674,0.002810106901310943,0.007744176416989593,0.9888062851523053,35.850913079043266,0.0,0.36577439306159587,0.651896410055052,0.4471346718437438,0.30149627321021005,0.008637427553627449,0.007648715204681109,0.013966630439436674,0.36577439306159587,0.0
775,1,7.460515474416267e-05,7.400661722777041e-06,1,1,,0,1.3905911361736552e-09,0.651896410055052,0.4471346644092502,0.3014962681972414,0.0,0.0,0.0,0.007648715204681109,0.008637427553627449,0.013966630439436674,0.002810106901310943,0.007744176416989593,0.9888062851523053,35.850913079043266,0.0,0.36577441951333667,0.651896410055052,0.4471346644092502,0.3014962681972414,0.008637427553627449,0.007648715204681109,0.013966630439436674,0.36577441951333667,0.0
776,1,7.460515474416267e-05,7.400661991408306e-06,1,1,,0,1.4209355748163315e-09,0.651896410055052,0.44713465703941274,0.3014962632278693,0.0,0.0,0.0,0.007648715204681109,0.008637427553627449,0.013966630439436674,0.002810106901310943,0.007744176416989593,0.9888062851523053,35.850913079043266,0.0,0.36577444572607526,0.651896410055052,0.44713465703941274,0.3014962632278693,0.008637427553627449,0.007648715204681109,0.013966630439436674,0.36577444572607526,0.0
777,1,7.460515474416267e-05,7.400662260513096e-06,1,1,,0,1.4510074309753395e-09,0.651896410055052,0.44713464973347605,0.30149625830158483,0.0,0.0,0.0,0.007648715204681109,0.008637427553627449,0.013966630439436674,0.002810106901310943,0.007744176416989593,0.9888062851523053,35.850913079043266,0.0,0.36577447170202454,0.651896410055052,0.44713464973347605,0.30149625830158483,0.008637427553627449,0.007648715204681109,0.013966630439436674,0.36577447170202454,0.0
778,1,7.460515474416267e-05,7.400662530193318e-06,1,1,,0,1.480809297597771e-09,0.651896410055052,0.44713464249071966,0.30149625341790154,0.0,0.0,0.0,0.007648715204681109,0.008637427553627449,0.013966630439436674,0.002810106901310943,0.007744176416989593,0.9888062851523053,35.850913079043266,0.0,0.36577449744336743,0.651896410055052,0.44713464249071966,0.30149625341790154,0.008637427553627449,0.007648715204681109,0.013966630439436674,0.36577449744336743,0.0
779,1,7.460515474416267e-05,7.400662800538126e-06,1,1,,0,1.5103437218399812e-09,0.651896410055052,0.44713463531045194,0.30149624857635354,0.0,0.0,0.0,0.007648715204681109,0.008637427553627449,0.013966630439436674,0.002810106901310943,0.007744176416989593,0.9888062851523053,35.850913079043266,0.0,0.3657745229522587,0.651896410055052,0.44713463531045194,0.30149624857635354,0.008637427553627449,0.007648715204681109,0.013966630439436674,0.3657745229522587,0.0
780,1,7.460515474416267e-05,7.400663071613008e-06,1,1,,0,1.5396132073160544e-09,0.651896410055052,0.44713462819200933,0.3014962437764933,0.0,0.0,0.0,0.007648715204681109,0.008637427553627449,0.013966630439436674,0.002810106901310943,0.007744176416989593,0.9888062851523053,35.850913079043266,0.0,0.365774548230826,0.651896410055052,0.44713462819200933,0.3014962437764933,0.008637427553627449,0.007648715204681109,0.013966630439436674,0.365774548230826,0.0
781,1,7.460515474416267e-05,7.400663343473148e-06,1,1,,0,1.5686202174638513e-09,0.651896410055052,0.44713462113475255,0.3014962390178899,0.0,0.0,0.0,0.007648715204681109,0.008637427553627449,0.013966630439436674,0.002810106901310943,0.007744176416989593,0.9888062851523053,35.850913079043266,0.0,0.3657745732811708,0.651896410055052,0.44713462113475255,0.3014962390178899,0.008637427553627449,0.007648715204681109,0.013966630439436674,0.3657745732811708,0.0
782,1,7.460515474416267e-05,7.400663616155187e-06,1,1,,0,1.5973671773603435e-09,0.651896410055052,0.44713461413806505,0.3014962343001275,0.0,0.0,0.0,0.007648715204681109,0.008637427553627449,0.013966630439436674,0.002810106901310943,0.007744176416989593,0.9888062851523053,35.850913079043266,0.0,0.36577459810536983,0.651896410055052,0.44713461413806505,0.3014962343001275,0.008637427553627449,0.007648715204681109,0.013966630439436674,0.36577459810536983,0.0
783,1,7.460515474416267e-05,7.400663889686622e-06,1,1,,0,1.6258564766963273e-09,0.651896410055052,0.4471346072013503,0.30149622962280354,0.0,0.0,0.0,0.007648715204681109,0.008637427553627449,0.013966630439436674,0.002810106901310943,0.007744176416989593,0.9888062851523053,35.850913079043266,0.0,0.36577462270547595,0.651896410055052,0.4471346072013503,0.30149622962280354,0.008637427553627449,0.007648715204681109,0.013966630439436674,0.36577462270547595,0.0
784,1,7.460515474416267e-05,7.400664164083523e-06,1,1,,0,1.6540904711514015e-09,0.651896410055052,0.44713460032402913,0.30149622498552797,0.0,0.0,0.0,0.007648715204681109,0.008637427553627449,0.013966630439436674,0.002810106901310943,0.007744176416989593,0.9888062851523053,35.850913079043266,0.0,0.3657746470835188,0.651896410055052,0.44713460032402913,0.30149622498552797,0.008637427553627449,0.007648715204681109,0.013966630439436674,0.3657746470835188,0.0
785,1,7.460515474416267e-05,7.400664439354201e-06,1,1,,0,1.6820714844814761e-09,0.651896410055052,0.4471345935055402,0.301496220387922,0.0,0.0,0.0,0.007648715204681109,0.008637427553627449,0.013966630439436674,0.002810106901310943,0.007744176416989593,0.9888062851523053,35.850913079043266,0.0,0.3657746712415057,0.651896410055052,0.4471345935055402,0.301496220387922,0.008637427553627449,0.007648715204681109,0.013966630439436674,0.3657746712415057,0.0
786,1,7.460515474416267e-05,7.4006647154960286e-06,1,1,,0,1.7098018100135238e-09,0.651896410055052,0.4471345867453361,0.30149621582961666,0.0,0.0,0.0,0.007648715204681109,0.008637427553627449,0.013966630439436674,0.002810106901310943,0.007744176416989593,0.9888062851523053,35.850913079043266,0.0,0.36577469518142264,0.651896410055052,0.4471345867453361,0.30149621582961666,0.008637427553627449,0.007648715204681109,0.013966630439436674,0.36577469518142264,0.0
787,1,7.460515474416267e-05,7.400664992501351e-06,1,1,,0,1.7372837120525035e-09,0.651896410055052,0.4471345800428835,0.30149621131025245,0.0,0.0,0.0,0.007648715204681109,0.008637427553627449,0.013966630439436674,0.002810106901310943,0.007744176416989593,0.9888062851523053,35.850913079043266,0.0,0.3657747189052344,0.651896410055052,0.4471345800428835,0.30149621131025245,0.008637427553627449,0.007648715204681109,0.013966630439436674,0.3657747189052344,0.0
788,1,7.460515474416267e-05,7.4006652703576425e-06,1,1,,0,1.7645194272874607e-09,0.651896410055052,0.44713457339766205,0.30149620682947836,0.0,0.0,0.0,0.007648715204681109,0.008637427553627449,0.013966630439436674,0.002810106901310943,0.007744176416989593,0.9888062851523053,35.850913079043266,0.0,0.3657747424148853,0.651896410055052,0.44713457339766205,0.30149620682947836,0.008637427553627449,0.007648715204681109,0.013966630439436674,0.3657747424148853,0.0
789,1,7.460515474416267e-05,7.400665549043784e-06,1,1,,0,1.791511165860141e-09,0.651896410055052,0.4471345668091625,0.3014962023869508,0.0,0.0,0.0,0.007648715204681109,0.008637427553627449,0.013966630439436674,0.002810106901310943,0.007744176416989593,0.9888062851523053,35.850913079043266,0.0,0.36577476571229994,0.651896410055052,0.4471345668091625,0.3014962023869508,0.008637427553627449,0.007648715204681109,0.013966630439436674,0.36577476571229994,0.0
790,1,7.460515474416267e-05,7.40066582853708e-06,1,1,,0,1.8182611127210791e-09,0.651896410055052,0.44713456027688553,0.30149619798233335,0.0,0.0,0.0,0.007648715204681109,0.008637427553627449,0.013966630439436674,0.002810106901310943,0.007744176416989593,0.9888062851523053,35.850913079043266,0.0,0.3657747887993838,0.651896410055052,0.44713456027688553,0.30149619798233335,0.008637427553627449,0.007648715204681109,0.013966630439436674,0.3657747887993838,0.0
791,1,7.460515474416267e-05,7.4006661088083655e-06,1,1,,0,1.8447714282313404e-09,0.651896410055052,0.447134553800342,0.3014961936152962,0.0,0.0,0.0,0.007648715204681109,0.008637427553627449,0.013966630439436674,0.002810106901310943,0.007744176416989593,0.9888062851523053,35.850913079043266,0.0,0.3657748116780232,0.651896410055052,0.447134553800342,0.3014961936152962,0.008637427553627449,0.007648715204681109,0.013966630439436674,0.3657748116780232,0.0
792,1,7.460515474416267e-05,7.400666389828973e-06,1,1,,0,1.8710442491604864e-09,0.651896410055052,0.44713454737905173,0.30149618928551536,0.0,0.0,0.0,0.007648715204681109,0.008637427553627449,0.013966630439436674,0.002810106901310943,0.007744176416989593,0.9888062851523053,35.850913079043266,0.0,0.3657748343500862,0.651896410055052,0.44713454737905173,0.30149618928551536,0.008637427553627449,0.007648715204681109,0.013966630439436674,0.3657748343500862,0.0
793,1,7.460515474416267e-05,7.40066667156452e-06,1,1,,0,1.8970816893741673e-09,0.651896410055052,0.44713454101254196,0.30149618499267244,0.0,0.0,0.0,0.007648715204681109,0.008637427553627449,0.013966630439436674,0.002810106901310943,0.007744176416989593,0.9888062851523053,35.850913079043266,0.0,0.36577485681742267,0.651896410055052,0.44713454101254196,0.30149618499267244,0.008637427553627449,0.007648715204681109,0.013966630439436674,0.36577485681742267,0.0
794,1,7.460515474416267e-05,7.4006669539778004e-06,1,1,,0,1.9228858408554498e-09,0.651896410055052,0.44713453470034886,0.3014961807364543,0.0,0.0,0.0,0.007648715204681109,0.008637427553627449,0.013966630439436674,0.002810106901310943,0.007744176416989593,0.9888062851523053,35.850913079043266,0.0,0.3657748790818647,0.651896410055052,0.44713453470034886,0.3014961807364543,0.008637427553627449,0.007648715204681109,0.013966630439436674,0.3657748790818647,0.0
795,1,7.460515474416267e-05,7.400667237033271e-06,1,1,,0,1.948458774032851e-09,0.651896410055052,0.44713452844201457,0.30149617651655236,0.0,0.0,0.0,0.007648715204681109,0.008637427553627449,0.013966630439436674,0.002810106901310943,0.007744176416989593,0.9888062851523053,35.850913079043266,0.0,0.3657749011452272,0.651896410055052,0.44713452844201457,0.30149617651655236,0.008637427553627449,0.007648715204681109,0.013966630439436674,0.3657749011452272,0.0
796,1,7.460515474416267e-05,7.40066752068859e-06,1,1,,0,1.9738025385223482e-09,0.651896410055052,0.447134522237088,0.30149617233266246,0.0,0.0,0.0,0.007648715204681109,0.008637427553627449,0.013966630439436674,0.002810106901310943,0.007744176416989593,0.9888062851523053,35.850913079043266,0.0,0.36577492300930786,0.651896410055052,0.447134522237088,0.30149617233266246,0.008637427553627449,0.007648715204681109,0.013966630439436674,0.36577492300930786,0.0
797,1,7.460515474416267e-05,7.400667804905189e-06,1,1,,0,1.998919163886971e-09,0.651896410055052,0.44713451608512417,0.30149616818448455,0.0,0.0,0.0,0.007648715204681109,0.008637427553627449,0.013966630439436674,0.002810106901310943,0.007744176416989593,0.9888062851523053,35.850913079043266,0.0,0.3657749446758877,0.651896410055052,0.44713451608512417,0.30149616818448455,0.008637427553627449,0.007648715204681109,0.013966630439436674,0.3657749446758877,0.0
798,1,7.460515474416267e-05,7.400668089640913e-06,1,1,,0,2.02381065963879e-09,0.651896410055052,0.44713450998568394,0.3014961640717226,0.0,0.0,0.0,0.007648715204681109,0.008637427553627449,0.013966630439436674,0.002810106901310943,0.007744176416989593,0.9888062851523053,35.850913079043266,0.0,0.3657749661467311,0.651896410055052,0.44713450998568394,0.3014961640717226,0.008637427553627449,0.007648715204681109,0.013966630439436674,0.3657749661467311,0.0
799,1,7.460515474416267e-05,7.400668374853973e-06,1,1,,0,2.0484790160621642e-09,0.651896410055052,0.44713450393833365,0.301496159994084,0.0,0.0,0.0,0.007648715204681109,0.008637427553627449,0.013966630439436674,0.002810106901310943,0.007744176416989593,0.9888062851523053,35.850913079043266,0.0,0.36577498742358633,0.651896410055052,0.44713450393833365,0.301496159994084,0.008637427553627449,0.007648715204681109,0.013966630439436674,0.36577498742358633,0.0
800,1,7.460515474416267e-05,7.400668660499026e-06,1,1,,0,2.072926204439768e-09,0.651896410055052,0.44713449794264487,0.3014961559512801,0.0,0.0,0.0,0.007648715204681109,0.008637427553627449,0.013966630439436674,0.002810106901310943,0.007744176416989593,0.9888062851523053,35.850913079043266,0.0,0.3657750085081856,0.651896410055052,0.44713449794264487,0.3014961559512801,0.008637427553627449,0.007648715204681109,0.013966630439436674,0.3657750085081856,0.0
801,1,7.460515474416267e-05,7.4006689465358635e-06,1,1,,0,2.0971541778424226e-09,0.651896410055052,0.4471344919981934,0.30149615194302465,0.0,0.0,0.0,0.007648715204681109,0.008637427553627449,0.013966630439436674,0.002810106901310943,0.007744176416989593,0.9888062851523053,35.850913079043266,0.0,0.3657750294022453,0.651896410055052,0.4471344919981934,0.30149615194302465,0.008637427553627449,0.007648715204681109,0.013966630439436674,0.3657750294022453,0.0
802,1,7.460515474416267e-05,7.400669232918854e-06,1,1,,0,2.121164870763192e-09,0.651896410055052,0.4471344861045602,0.3014961479690353,0.0,0.0,0.0,0.007648715204681109,0.008637427553627449,0.013966630439436674,0.002810106901310943,0.007744176416989593,0.9888062851523053,35.850913079043266,0.0,0.3657750501074663,0.651896410055052,0.4471344861045602,0.3014961479690353,0.008637427553627449,0.007648715204681109,0.013966630439436674,0.3657750501074663,0.0
803,1,7.460515474416267e-05,7.400669519605499e-06,1,1,,0,2.1449602001990574e-09,0.651896410055052,0.4471344802613304,0.30149614402903213,0.0,0.0,0.0,0.007648715204681109,0.008637427553627449,0.013966630439436674,0.002810106901310943,0.007744176416989593,0.9888062851523053,35.850913079043266,0.0,0.365775070625534,0.651896410055052,0.4471344802613304,0.30149614402903213,0.008637427553627449,0.007648715204681109,0.013966630439436674,0.365775070625534,0.0
804,1,7.460515474416267e-05,7.400669806552701e-06,1,1,,0,2.1685420655812375e-09,0.651896410055052,0.4471344744680935,0.30149614012273834,0.0,0.0,0.0,0.007648715204681109,0.008637427553627449,0.013966630439436674,0.002810106901310943,0.007744176416989593,0.9888062851523053,35.850913079043266,0.0,0.3657750909581187,0.651896410055052,0.4471344744680935,0.30149614012273834,0.008637427553627449,0.007648715204681109,0.013966630439436674,0.3657750909581187,0.0
805,1,7.460515474416267e-05,7.400670093717709e-06,1,1,,0,2.1919123489075083e-09,0.651896410055052,0.44713446872444207,0.3014961362498796,0.0,0.0,0.0,0.007648715204681109,0.008637427553627449,0.013966630439436674,0.002810106901310943,0.007744176416989593,0.9888062851523053,35.850913079043266,0.0,0.36577511110687594,0.651896410055052,0.44713446872444207,0.3014961362498796,0.008637427553627449,0.007648715204681109,0.013966630439436674,0.36577511110687594,0.0
806,1,7.460515474416267e-05,7.4006703810556765e-06,1,1,,0,2.2150729155668054e-09,0.651896410055052,0.44713446302997384,0.3014961324101841,0.0,0.0,0.0,0.007648715204681109,0.008637427553627449,0.013966630439436674,0.002810106901310943,0.007744176416989593,0.9888062851523053,35.850913079043266,0.0,0.3657751310734459,0.651896410055052,0.44713446302997384,0.3014961324101841,0.008637427553627449,0.007648715204681109,0.013966630439436674,0.3657751310734459,0.0
807,1,7.460515474416267e-05,7.40067066852644e-06,1,1,,0,2.238025613946367e-09,0.651896410055052,0.4471344573842894,0.3014961286033829,0.0,0.0,0.0,0.007648715204681109,0.008637427553627449,0.013966630439436674,0.002810106901310943,0.007744176416989593,0.9888062851523053,35.850913079043266,0.0,0.3657751508594545,0.651896410055052,0.4471344573842894,0.3014961286033829,0.008637427553627449,0.007648715204681109,0.013966630439436674,0.3657751508594545,0.0
808,1,7.460515474416267e-05,7.400670956086494e-06,1,1,,0,2.2607722761023196e-09,0.651896410055052,0.44713445178699307,0.30149612482920896,0.0,0.0,0.0,0.007648715204681109,0.008637427553627449,0.013966630439436674,0.002810106901310943,0.007744176416989593,0.9888062851523053,35.850913079043266,0.0,0.36577517046651337,0.651896410055052,0.44713445178699307,0.30149612482920896,0.008637427553627449,0.007648715204681109,0.013966630439436674,0.36577517046651337,0.0
809,1,7.460515474416267e-05,7.400671243695722e-06,1,1,,0,2.283314717885272e-09,0.651896410055052,0.4471344462376924,0.30149612108739793,0.0,0.0,0.0,0.007648715204681109,0.008637427553627449,0.013966630439436674,0.002810106901310943,0.007744176416989593,0.9888062851523053,35.850913079043266,0.0,0.36577518989621943,0.651896410055052,0.4471344462376924,0.30149612108739793,0.008637427553627449,0.007648715204681109,0.013966630439436674,0.36577518989621943,0.0
810,1,7.460515474416267e-05,7.400671531312818e-06,1,1,,0,2.305654739081929e-09,0.651896410055052,0.4471344407359986,0.3014961173776876,0.0,0.0,0.0,0.007648715204681109,0.008637427553627449,0.013966630439436674,0.002810106901310943,0.007744176416989593,0.9888062851523053,35.850913079043266,0.0,0.36577520915015554,0.651896410055052,0.4471344407359986,0.3014961173776876,0.008637427553627449,0.007648715204681109,0.013966630439436674,0.36577520915015554,0.0
811,1,7.460515474416267e-05,7.400671818897008e-06,1,1,,0,2.3277941236354146e-09,0.651896410055052,0.4471344352815267,0.30149611369981794,0.0,0.0,0.0,0.007648715204681109,0.008637427553627449,0.013966630439436674,0.002810106901310943,0.007744176416989593,0.9888062851523053,35.850913079043266,0.0,0.3657752282298907,0.651896410055052,0.4471344352815267,0.30149611369981794,0.008637427553627449,0.007648715204681109,0.013966630439436674,0.3657752282298907,0.0
812,1,7.460515474416267e-05,7.400672106409691e-06,1,1,,0,2.3497346399822685e-09,0.651896410055052,0.44713442987389307,0.30149611005353094,0.0,0.0,0.0,0.007648715204681109,0.008637427553627449,0.013966630439436674,0.002810106901310943,0.007744176416989593,0.9888062851523053,35.850913079043266,0.0,0.36577524713697984,0.651896410055052,0.44713442987389307,0.30149611005353094,0.008637427553627449,0.007648715204681109,0.013966630439436674,0.36577524713697984,0.0
813,1,7.460515474416267e-05,7.400672393810791e-06,1,1,,0,2.371478040821072e-09,0.651896410055052,0.44713442451271923,0.3014961064385709,0.0,0.0,0.0,0.007648715204681109,0.008637427553627449,0.013966630439436674,0.002810106901310943,0.007744176416989593,0.9888062851523053,35.850913079043266,0.0,0.3657752658729643,0.651896410055052,0.44713442451271923,0.3014961064385709,0.008637427553627449,0.007648715204681109,0.013966630439436674,0.3657752658729643,0.0
814,1,7.460515474416267e-05,7.400672681062634e-06,1,1,,0,2.3930260637618894e-09,0.651896410055052,0.44713441919762836,0.30149610285468403,0.0,0.0,0.0,0.007648715204681109,0.008637427553627449,0.013966630439436674,0.002810106901310943,0.007744176416989593,0.9888062851523053,35.850913079043266,0.0,0.36577528443937174,0.651896410055052,0.44713441919762836,0.30149610285468403,0.008637427553627449,0.007648715204681109,0.013966630439436674,0.36577528443937174,0.0
815,1,7.460515474416267e-05,7.400672968128935e-06,1,1,,0,2.414380431555609e-09,0.651896410055052,0.4471344139282472,0.3014960993016185,0.0,0.0,0.0,0.007648715204681109,0.008637427553627449,0.013966630439436674,0.002810106901310943,0.007744176416989593,0.9888062851523053,35.850913079043266,0.0,0.3657753028377163,0.651896410055052,0.4471344139282472,0.3014960993016185,0.008637427553627449,0.007648715204681109,0.013966630439436674,0.3657753028377163,0.0
816,1,7.460515474416267e-05,7.40067325497184e-06,1,1,,0,2.435542851677231e-09,0.651896410055052,0.44713440870420507,0.30149609577912445,0.0,0.0,0.0,0.007648715204681109,0.008637427553627449,0.013966630439436674,0.002810106901310943,0.007744176416989593,0.9888062851523053,35.850913079043266,0.0,0.36577532106949917,0.651896410055052,0.44713440870420507,0.30149609577912445,0.008637427553627449,0.007648715204681109,0.013966630439436674,0.36577532106949917,0.0
817,1,7.460515474416267e-05,7.400673541554889e-06,1,1,,0,2.4565150168220944e-09,0.651896410055052,0.4471344035251346,0.3014960922869541,0.0,0.0,0.0,0.007648715204681109,0.008637427553627449,0.013966630439436674,0.002810106901310943,0.007744176416989593,0.9888062851523053,35.850913079043266,0.0,0.36577533913620763,0.651896410055052,0.4471344035251346,0.3014960922869541,0.008637427553627449,0.007648715204681109,0.013966630439436674,0.36577533913620763,0.0
818,1,7.460515474416267e-05,7.400673827846229e-06,1,1,,0,2.477298605089708e-09,0.651896410055052,0.44713439839067065,0.3014960888248613,0.0,0.0,0.0,0.007648715204681109,0.008637427553627449,0.013966630439436674,0.002810106901310943,0.007744176416989593,0.9888062851523053,35.850913079043266,0.0,0.3657753570393166,0.651896410055052,0.44713439839067065,0.3014960888248613,0.008637427553627449,0.007648715204681109,0.013966630439436674,0.3657753570393166,0.0
819,1,7.460515474416267e-05,7.400674113808202e-06,1,1,,0,2.497895280196828e-09,0.651896410055052,0.44713439330045146,0.30149608539260203,0.0,0.0,0.0,0.007648715204681109,0.008637427553627449,0.013966630439436674,0.002810106901310943,0.007744176416989593,0.9888062851523053,35.850913079043266,0.0,0.3657753747802874,0.651896410055052,0.44713439330045146,0.30149608539260203,0.008637427553627449,0.007648715204681109,0.013966630439436674,0.3657753747802874,0.0
820,1,7.460515474416267e-05,7.400674399407848e-06,1,1,,0,2.5183066915228342e-09,0.651896410055052,0.4471343882541171,0.3014960819899338,0.0,0.0,0.0,0.007648715204681109,0.008637427553627449,0.013966630439436674,0.002810106901310943,0.007744176416989593,0.9888062851523053,35.850913079043266,0.0,0.3657753923605691,0.651896410055052,0.4471343882541171,0.3014960819899338,0.008637427553627449,0.007648715204681109,0.013966630439436674,0.3657753923605691,0.0
821,1,7.460515474416267e-05,7.400674684612804e-06,1,1,,0,2.5385344741142175e-09,0.651896410055052,0.4471343832513116,0.30149607861661615,0.0,0.0,0.0,0.007648715204681109,0.008637427553627449,0.013966630439436674,0.002810106901310943,0.007744176416989593,0.9888062851523053,35.850913079043266,0.0,0.36577540978159756,0.651896410055052,0.4471343832513116,0.30149607861661615,0.008637427553627449,0.007648715204681109,0.013966630439436674,0.36577540978159756,0.0
822,1,7.460515474416267e-05,7.4006749693923764e-06,1,1,,0,2.5585802488355065e-09,0.651896410055052,0.4471343782916805,0.3014960752724105,0.0,0.0,0.0,0.007648715204681109,0.008637427553627449,0.013966630439436674,0.002810106901310943,0.007744176416989593,0.9888062851523053,35.850913079043266,0.0,0.3657754270447963,0.651896410055052,0.4471343782916805,0.3014960752724105,0.008637427553627449,0.007648715204681109,0.013966630439436674,0.3657754270447963,0.0
823,1,7.460515474416267e-05,7.400675253713684e-06,1,1,,0,2.5784456228814058e-09,0.651896410055052,0.4471343733748723,0.3014960719570797,0.0,0.0,0.0,0.007648715204681109,0.008637427553627449,0.013966630439436674,0.002810106901310943,0.007744176416989593,0.9888062851523053,35.850913079043266,0.0,0.36577544415157626,0.651896410055052,0.4471343733748723,0.3014960719570797,0.008637427553627449,0.007648715204681109,0.013966630439436674,0.36577544415157626,0.0
824,1,7.460515474416267e-05,7.400675537547633e-06,1,1,,0,2.598132189589362e-09,0.651896410055052,0.44713436850053856,0.3014960686703887,0.0,0.0,0.0,0.007648715204681109,0.008637427553627449,0.013966630439436674,0.002810106901310943,0.007744176416989593,0.9888062851523053,35.850913079043266,0.0,0.36577546110333603,0.651896410055052,0.44713436850053856,0.3014960686703887,0.008637427553627449,0.007648715204681109,0.013966630439436674,0.36577546110333603,0.0
825,1,7.460515474416267e-05,7.4006758208637586e-06,1,1,,0,2.617641528309566e-09,0.651896410055052,0.4471343636683325,0.301496065412104,0.0,0.0,0.0,0.007648715204681109,0.008637427553627449,0.013966630439436674,0.002810106901310943,0.007744176416989593,0.9888062851523053,35.850913079043266,0.0,0.3657754779014619,0.651896410055052,0.4471343636683325,0.301496065412104,0.008637427553627449,0.007648715204681109,0.013966630439436674,0.3657754779014619,0.0
826,1,7.460515474416267e-05,7.400676103633486e-06,1,1,,0,2.636975205151501e-09,0.651896410055052,0.4471343588779106,0.30149606218199365,0.0,0.0,0.0,0.007648715204681109,0.008637427553627449,0.013966630439436674,0.002810106901310943,0.007744176416989593,0.9888062851523053,35.850913079043266,0.0,0.3657754945473279,0.651896410055052,0.4471343588779106,0.30149606218199365,0.008637427553627449,0.007648715204681109,0.013966630439436674,0.3657754945473279,0.0
827,1,7.460515474416267e-05,7.400676385828089e-06,1,1,,0,2.6561347723657324e-09,0.651896410055052,0.44713435412893215,0.30149605897982795,0.0,0.0,0.0,0.007648715204681109,0.008637427553627449,0.013966630439436674,0.002810106901310943,0.007744176416989593,0.9888062851523053,35.850913079043266,0.0,0.36577551104229605,0.651896410055052,0.44713435412893215,0.30149605897982795,0.008637427553627449,0.007648715204681109,0.013966630439436674,0.36577551104229605,0.0
828,1,7.460515474416267e-05,7.400676667421749e-06,1,1,,0,2.6751217693493463e-09,0.651896410055052,0.4471343494210581,0.3014960558053783,0.0,0.0,0.0,0.007648715204681109,0.008637427553627449,0.013966630439436674,0.002810106901310943,0.007744176416989593,0.9888062851523053,35.850913079043266,0.0,0.3657755273877165,0.651896410055052,0.4471343494210581,0.3014960558053783,0.008637427553627449,0.007648715204681109,0.013966630439436674,0.3657755273877165,0.0
829,1,7.460515474416267e-05,7.400676948387758e-06,1,1,,0,2.6939377219348645e-09,0.651896410055052,0.44713434475395225,0.301496052658418,0.0,0.0,0.0,0.007648715204681109,0.008637427553627449,0.013966630439436674,0.002810106901310943,0.007744176416989593,0.9888062851523053,35.850913079043266,0.0,0.3657755435849275,0.651896410055052,0.44713434475395225,0.301496052658418,0.008637427553627449,0.007648715204681109,0.013966630439436674,0.3657755435849275,0.0
830,1,7.460515474416267e-05,7.4006772286989675e-06,1,1,,0,2.71258414293725e-09,0.651896410055052,0.4471343401272807,0.30149604953872217,0.0,0.0,0.0,0.007648715204681109,0.008637427553627449,0.013966630439436674,0.002810106901310943,0.007744176416989593,0.9888062851523053,35.850913079043266,0.0,0.3657755596352555,0.651896410055052,0.4471343401272807,0.30149604953872217,0.008637427553627449,0.007648715204681109,0.013966630439436674,0.3657755596352555,0.0
831,1,7.460515474416267e-05,7.40067750833193e-06,1,1,,0,2.7310625324130105e-09,0.651896410055052,0.44713433554071247,0.3014960464460672,0.0,0.0,0.0,0.007648715204681109,0.008637427553627449,0.013966630439436674,0.002810106901310943,0.007744176416989593,0.9888062851523053,35.850913079043266,0.0,0.3657755755400154,0.651896410055052,0.44713433554071247,0.3014960464460672,0.008637427553627449,0.007648715204681109,0.013966630439436674,0.3657755755400154,0.0
832,1,7.460515474416267e-05,7.400677787261301e-06,1,1,,0,2.7493743770899427e-09,0.651896410055052,0.44713433099391825,0.3014960433802314,0.0,0.0,0.0,0.007648715204681109,0.008637427553627449,0.013966630439436674,0.002810106901310943,0.007744176416989593,0.9888062851523053,35.850913079043266,0.0,0.36577559130051046,0.651896410055052,0.44713433099391825,0.3014960433802314,0.008637427553627449,0.007648715204681109,0.013966630439436674,0.36577559130051046,0.0
833,1,7.460515474416267e-05,7.400678065463545e-06,1,1,,0,2.7675211511901664e-09,0.651896410055052,0.44713432648657186,0.30149604034099464,0.0,0.0,0.0,0.007648715204681109,0.008637427553627449,0.013966630439436674,0.002810106901310943,0.007744176416989593,0.9888062851523053,35.850913079043266,0.0,0.36577560691803257,0.651896410055052,0.44713432648657186,0.30149604034099464,0.008637427553627449,0.007648715204681109,0.013966630439436674,0.36577560691803257,0.0
834,1,7.460515474416267e-05,7.400678342914916e-06,1,1,,0,2.7855043162352696e-09,0.651896410055052,0.44713432201834935,0.30149603732813846,0.0,0.0,0.0,0.007648715204681109,0.008637427553627449,0.013966630439436674,0.002810106901310943,0.007744176416989593,0.9888062851523053,35.850913079043266,0.0,0.36577562239386213,0.651896410055052,0.44713432201834935,0.30149603732813846,0.008637427553627449,0.007648715204681109,0.013966630439436674,0.36577562239386213,0.0
835,1,7.460515474416267e-05,7.4006786195941705e-06,1,1,,0,2.8033253213136736e-09,0.651896410055052,0.4471343175889286,0.3014960343414458,0.0,0.0,0.0,0.007648715204681109,0.008637427553627449,0.013966630439436674,0.002810106901310943,0.007744176416989593,0.9888062851523053,35.850913079043266,0.0,0.36577563772926863,0.651896410055052,0.4471343175889286,0.3014960343414458,0.008637427553627449,0.007648715204681109,0.013966630439436674,0.36577563772926863,0.0
836,1,7.460515474416267e-05,7.4006788954804755e-06,1,1,,0,2.82098560277053e-09,0.651896410055052,0.44713431319799046,0.30149603138070136,0.0,0.0,0.0,0.007648715204681109,0.008637427553627449,0.013966630439436674,0.002810106901310943,0.007744176416989593,0.9888062851523053,35.850913079043266,0.0,0.36577565292551,0.651896410055052,0.44713431319799046,0.30149603138070136,0.008637427553627449,0.007648715204681109,0.013966630439436674,0.36577565292551,0.0
837,1,7.460515474416267e-05,7.400679170551247e-06,1,1,,0,2.8384865848163227e-09,0.651896410055052,0.44713430884521804,0.30149602844569134,0.0,0.0,0.0,0.007648715204681109,0.008637427553627449,0.013966630439436674,0.002810106901310943,0.007744176416989593,0.9888062851523053,35.850913079043266,0.0,0.3657756679838334,0.651896410055052,0.44713430884521804,0.30149602844569134,0.008637427553627449,0.007648715204681109,0.013966630439436674,0.3657756679838334,0.0
838,1,7.460515474416267e-05,7.400679444786371e-06,1,1,,0,2.8558296792419385e-09,0.651896410055052,0.44713430453029607,0.30149602553620364,0.0,0.0,0.0,0.007648715204681109,0.008637427553627449,0.013966630439436674,0.002810106901310943,0.007744176416989593,0.9888062851523053,35.850913079043266,0.0,0.3657756829054748,0.651896410055052,0.44713430453029607,0.30149602553620364,0.008637427553627449,0.007648715204681109,0.013966630439436674,0.3657756829054748,0.0
839,1,7.460515474416267e-05,7.400679718169014e-06,1,1,,0,2.873016285927543e-09,0.651896410055052,0.44713430025291256,0.30149602265202746,0.0,0.0,0.0,0.007648715204681109,0.008637427553627449,0.013966630439436674,0.002810106901310943,0.007744176416989593,0.9888062851523053,35.850913079043266,0.0,0.3657756976916595,0.651896410055052,0.44713430025291256,0.30149602265202746,0.008637427553627449,0.007648715204681109,0.013966630439436674,0.3657756976916595,0.0
840,1,7.460515474416267e-05,7.4006799906769426e-06,1,1,,0,2.890047792431978e-09,0.651896410055052,0.44713429601275767,0.30149601979295393,0.0,0.0,0.0,0.007648715204681109,0.008637427553627449,0.013966630439436674,0.002810106901310943,0.007744176416989593,0.9888062851523053,35.850913079043266,0.0,0.3657757123436019,0.651896410055052,0.44713429601275767,0.30149601979295393,0.008637427553627449,0.007648715204681109,0.013966630439436674,0.3657757123436019,0.0
841,1,7.460515474416267e-05,7.400680262292108e-06,1,1,,0,2.906925574719027e-09,0.651896410055052,0.4471342918095232,0.3014960169587752,0.0,0.0,0.0,0.007648715204681109,0.008637427553627449,0.013966630439436674,0.002810106901310943,0.007744176416989593,0.9888062851523053,35.850913079043266,0.0,0.365775726862506,0.651896410055052,0.4471342918095232,0.3014960169587752,0.008637427553627449,0.007648715204681109,0.013966630439436674,0.365775726862506,0.0
842,1,7.460515474416267e-05,7.4006805329979575e-06,1,1,,0,2.9236509963791846e-09,0.651896410055052,0.44713428764290375,0.3014960141492856,0.0,0.0,0.0,0.007648715204681109,0.008637427553627449,0.013966630439436674,0.002810106901310943,0.007744176416989593,0.9888062851523053,35.850913079043266,0.0,0.36577574124956463,0.651896410055052,0.44713428764290375,0.3014960141492856,0.008637427553627449,0.007648715204681109,0.013966630439436674,0.36577574124956463,0.0
843,1,7.460515474416267e-05,7.400680802776529e-06,1,1,,0,2.940225409885919e-09,0.651896410055052,0.44713428351259593,0.3014960113642804,0.0,0.0,0.0,0.007648715204681109,0.008637427553627449,0.013966630439436674,0.002810106901310943,0.007744176416989593,0.9888062851523053,35.850913079043266,0.0,0.36577575550596075,0.651896410055052,0.44713428351259593,0.3014960113642804,0.008637427553627449,0.007648715204681109,0.013966630439436674,0.36577575550596075,0.0
844,1,7.460515474416267e-05,7.400681071611941e-06,1,1,,0,2.9566501555089358e-09,0.651896410055052,0.4471342794182987,0.3014960086035566,0.0,0.0,0.0,0.007648715204681109,0.008637427553627449,0.013966630439436674,0.002810106901310943,0.007744176416989593,0.9888062851523053,35.850913079043266,0.0,0.36577576963286657,0.651896410055052,0.4471342794182987,0.3014960086035566,0.008637427553627449,0.007648715204681109,0.013966630439436674,0.36577576963286657,0.0
845,1,7.460515474416267e-05,7.400681339487393e-06,1,1,,0,2.972926562236781e-09,0.651896410055052,0.4471342753597135,0.30149600586691283,0.0,0.0,0.0,0.007648715204681109,0.008637427553627449,0.013966630439436674,0.002810106901310943,0.007744176416989593,0.9888062851523053,35.850913079043266,0.0,0.36577578363144403,0.651896410055052,0.4471342753597135,0.30149600586691283,0.008637427553627449,0.007648715204681109,0.013966630439436674,0.36577578363144403,0.0
846,1,7.460515474416267e-05,7.400681606387502e-06,1,1,,0,2.9890559475867675e-09,0.651896410055052,0.4471342713365438,0.3014960031541491,0.0,0.0,0.0,0.007648715204681109,0.008637427553627449,0.013966630439436674,0.002810106901310943,0.007744176416989593,0.9888062851523053,35.850913079043266,0.0,0.36577579750284483,0.651896410055052,0.4471342713365438,0.3014960031541491,0.008637427553627449,0.007648715204681109,0.013966630439436674,0.36577579750284483,0.0
847,1,7.460515474416267e-05,7.400681872298021e-06,1,1,,0,3.0050396176452755e-09,0.651896410055052,0.4471342673484947,0.3014960004650669,0.0,0.0,0.0,0.007648715204681109,0.008637427553627449,0.013966630439436674,0.002810106901310943,0.007744176416989593,0.9888062851523053,35.850913079043266,0.0,0.3657758112482107,0.651896410055052,0.4471342673484947,0.3014960004650669,0.008637427553627449,0.007648715204681109,0.013966630439436674,0.3657758112482107,0.0
848,1,7.460515474416267e-05,7.400682137203431e-06,1,1,,0,3.0208788671515586e-09,0.651896410055052,0.44713426339527457,0.30149599779946923,0.0,0.0,0.0,0.007648715204681109,0.008637427553627449,0.013966630439436674,0.002810106901310943,0.007744176416989593,0.9888062851523053,35.850913079043266,0.0,0.36577582486867294,0.651896410055052,0.44713426339527457,0.30149599779946923,0.008637427553627449,0.007648715204681109,0.013966630439436674,0.36577582486867294,0.0
849,1,7.460515474416267e-05,7.400682401091074e-06,1,1,,0,3.0365749798687937e-09,0.651896410055052,0.4471342594765931,0.30149599515716047,0.0,0.0,0.0,0.007648715204681109,0.008637427553627449,0.013966630439436674,0.002810106901310943,0.007744176416989593,0.9888062851523053,35.850913079043266,0.0,0.36577583836535316,0.651896410055052,0.4471342594765931,0.30149599515716047,0.008637427553627449,0.007648715204681109,0.013966630439436674,0.36577583836535316,0.0
850,1,7.460515474416267e-05,7.400682663946061e-06,1,1,,0,3.0521292282823698e-09,0.651896410055052,0.4471342555921628,0.3014959925379467,0.0,0.0,0.0,0.007648715204681109,0.008637427553627449,0.013966630439436674,0.002810106901310943,0.007744176416989593,0.9888062851523053,35.850913079043266,0.0,0.3657758517393632,0.651896410055052,0.4471342555921628,0.3014959925379467,0.008637427553627449,0.007648715204681109,0.013966630439436674,0.3657758517393632,0.0
851,1,7.460515474416267e-05,7.400682925757691e-06,1,1,,0,3.0675428740882753e-09,0.651896410055052,0.4471342517416974,0.3014959899416351,0.0,0.0,0.0,0.007648715204681109,0.008637427553627449,0.013966630439436674,0.002810106901310943,0.007744176416989593,0.9888062851523053,35.850913079043266,0.0,0.36577586499180487,0.651896410055052,0.4471342517416974,0.3014959899416351,0.008637427553627449,0.007648715204681109,0.013966630439436674,0.36577586499180487,0.0
852,1,7.460515474416267e-05,7.400683186510851e-06,1,1,,0,3.0828171676728352e-09,0.651896410055052,0.447134247924914,0.30149598736803473,0.0,0.0,0.0,0.007648715204681109,0.008637427553627449,0.013966630439436674,0.002810106901310943,0.007744176416989593,0.9888062851523053,35.850913079043266,0.0,0.36577587812377027,0.651896410055052,0.447134247924914,0.30149598736803473,0.008637427553627449,0.007648715204681109,0.013966630439436674,0.36577587812377027,0.0
853,1,7.460515474416267e-05,7.400683446196067e-06,1,1,,0,3.0979533490163903e-09,0.651896410055052,0.4471342441415309,0.3014959848169557,0.0,0.0,0.0,0.007648715204681109,0.008637427553627449,0.013966630439436674,0.002810106901310943,0.007744176416989593,0.9888062851523053,35.850913079043266,0.0,0.36577589113634185,0.651896410055052,0.4471342441415309,0.3014959848169557,0.008637427553627449,0.007648715204681109,0.013966630439436674,0.36577589113634185,0.0
854,1,7.460515474416267e-05,7.4006837048003524e-06,1,1,,0,3.1129526472582893e-09,0.651896410055052,0.44713424039126864,0.3014959822882096,0.0,0.0,0.0,0.007648715204681109,0.008637427553627449,0.013966630439436674,0.002810106901310943,0.007744176416989593,0.9888062851523053,35.850913079043266,0.0,0.3657759040305926,0.651896410055052,0.44713424039126864,0.3014959822882096,0.008637427553627449,0.007648715204681109,0.013966630439436674,0.3657759040305926,0.0
855,1,7.460515474416267e-05,7.400683962313678e-06,1,1,,0,3.1278162807028484e-09,0.651896410055052,0.447134236673851,0.30149597978160986,0.0,0.0,0.0,0.007648715204681109,0.008637427553627449,0.013966630439436674,0.002810106901310943,0.007744176416989593,0.9888062851523053,35.850913079043266,0.0,0.36577591680758625,0.651896410055052,0.447134236673851,0.30149597978160986,0.008637427553627449,0.007648715204681109,0.013966630439436674,0.36577591680758625,0.0
856,1,7.460515474416267e-05,7.400684218724643e-06,1,1,,0,3.1425454573901026e-09,0.651896410055052,0.44713423298900196,0.30149597729697075,0.0,0.0,0.0,0.007648715204681109,0.008637427553627449,0.013966630439436674,0.002810106901310943,0.007744176416989593,0.9888062851523053,35.850913079043266,0.0,0.3657759294683767,0.651896410055052,0.44713423298900196,0.30149597729697075,0.008637427553627449,0.007648715204681109,0.013966630439436674,0.3657759294683767,0.0
857,1,7.460515474416267e-05,7.4006844740242916e-06,1,1,,0,3.1571413747552428e-09,0.651896410055052,0.4471342293364485,0.3014959748341083,0.0,0.0,0.0,0.007648715204681109,0.008637427553627449,0.013966630439436674,0.002810106901310943,0.007744176416989593,0.9888062851523053,35.850913079043266,0.0,0.3657759420140088,0.651896410055052,0.4471342293364485,0.3014959748341083,0.008637427553627449,0.007648715204681109,0.013966630439436674,0.3657759420140088,0.0
858,1,7.460515474416267e-05,7.400684728201796e-06,1,1,,0,3.171605219713622e-09,0.651896410055052,0.4471342257159201,0.3014959723928398,0.0,0.0,0.0,0.007648715204681109,0.008637427553627449,0.013966630439436674,0.002810106901310943,0.007744176416989593,0.9888062851523053,35.850913079043266,0.0,0.3657759544455181,0.651896410055052,0.4471342257159201,0.3014959723928398,0.008637427553627449,0.007648715204681109,0.013966630439436674,0.3657759544455181,0.0
859,1,7.460515474416267e-05,7.400684981249973e-06,1,1,,0,3.1859381691288847e-09,0.651896410055052,0.44713422212714843,0.30149596997298406,0.0,0.0,0.0,0.007648715204681109,0.008637427553627449,0.013966630439436674,0.002810106901310943,0.007744176416989593,0.9888062851523053,35.850913079043266,0.0,0.3657759667639311,0.651896410055052,0.44713422212714843,0.30149596997298406,0.008637427553627449,0.007648715204681109,0.013966630439436674,0.3657759667639311,0.0
860,1,7.460515474416267e-05,7.400685233157238e-06,1,1,,0,3.2001413895946036e-09,0.651896410055052,0.4471342185698655,0.30149596757436103,0.0,0.0,0.0,0.007648715204681109,0.008637427553627449,0.013966630439436674,0.002810106901310943,0.007744176416989593,0.9888062851523053,35.850913079043266,0.0,0.3657759789702651,0.651896410055052,0.4471342185698655,0.30149596757436103,0.008637427553627449,0.007648715204681109,0.013966630439436674,0.3657759789702651,0.0
861,1,7.460515474416267e-05,7.400685483917482e-06,1,1,,0,3.2142160374364054e-09,0.651896410055052,0.4471342150438073,0.3014959651967924,0.0,0.0,0.0,0.007648715204681109,0.008637427553627449,0.013966630439436674,0.002810106901310943,0.007744176416989593,0.9888062851523053,35.850913079043266,0.0,0.36577599106552844,0.651896410055052,0.4471342150438073,0.3014959651967924,0.008637427553627449,0.007648715204681109,0.013966630439436674,0.36577599106552844,0.0
862,1,7.460515474416267e-05,7.400685733521034e-06,1,1,,0,3.2281632590828277e-09,0.651896410055052,0.447134211548711,0.30149596284010083,0.0,0.0,0.0,0.007648715204681109,0.008637427553627449,0.013966630439436674,0.002810106901310943,0.007744176416989593,0.9888062851523053,35.850913079043266,0.0,0.3657760030507206,0.651896410055052,0.447134211548711,0.30149596284010083,0.008637427553627449,0.007648715204681109,0.013966630439436674,0.3657760030507206,0.0
863,1,7.460515474416267e-05,7.400685981959777e-06,1,1,,0,3.2419841909136035e-09,0.651896410055052,0.4471342080843158,0.3014959605041106,0.0,0.0,0.0,0.007648715204681109,0.008637427553627449,0.013966630439436674,0.002810106901310943,0.007744176416989593,0.9888062851523053,35.850913079043266,0.0,0.36577601492683226,0.651896410055052,0.4471342080843158,0.3014959605041106,0.008637427553627449,0.007648715204681109,0.013966630439436674,0.36577601492683226,0.0
864,1,7.460515474416267e-05,7.400686229229746e-06,1,1,,0,3.255679959345032e-09,0.651896410055052,0.44713420465036324,0.30149595818864733,0.0,0.0,0.0,0.007648715204681109,0.008637427553627449,0.013966630439436674,0.002810106901310943,0.007744176416989593,0.9888062851523053,35.850913079043266,0.0,0.36577602669484516,0.651896410055052,0.44713420465036324,0.30149595818864733,0.008637427553627449,0.007648715204681109,0.013966630439436674,0.36577602669484516,0.0
865,1,7.460515474416267e-05,7.400686475320282e-06,1,1,,0,3.269251681484175e-09,0.651896410055052,0.44713420124659625,0.3014959558935377,0.0,0.0,0.0,0.007648715204681109,0.008637427553627449,0.013966630439436674,0.002810106901310943,0.007744176416989593,0.9888062851523053,35.850913079043266,0.0,0.3657760383557326,0.651896410055052,0.44713420124659625,0.3014959558935377,0.008637427553627449,0.007648715204681109,0.013966630439436674,0.3657760383557326,0.0
866,1,7.460515474416267e-05,7.400686720227184e-06,1,1,,0,3.282700464031044e-09,0.651896410055052,0.4471341978727601,0.3014959536186102,0.0,0.0,0.0,0.007648715204681109,0.008637427553627449,0.013966630439436674,0.002810106901310943,0.007744176416989593,0.9888062851523053,35.850913079043266,0.0,0.365776049910459,0.651896410055052,0.4471341978727601,0.3014959536186102,0.008637427553627449,0.007648715204681109,0.013966630439436674,0.365776049910459,0.0
867,1,7.460515474416267e-05,7.4006869639440245e-06,1,1,,0,3.296027404620278e-09,0.651896410055052,0.4471341945286023,0.30149595136369417,0.0,0.0,0.0,0.007648715204681109,0.008637427553627449,0.013966630439436674,0.002810106901310943,0.007744176416989593,0.9888062851523053,35.850913079043266,0.0,0.3657760613599804,0.651896410055052,0.4471341945286023,0.30149595136369417,0.008637427553627449,0.007648715204681109,0.013966630439436674,0.3657760613599804,0.0
868,1,7.460515474416267e-05,7.400687206464847e-06,1,1,,0,3.3092335909877775e-09,0.651896410055052,0.4471341912138717,0.30149594912862054,0.0,0.0,0.0,0.007648715204681109,0.008637427553627449,0.013966630439436674,0.002810106901310943,0.007744176416989593,0.9888062851523053,35.850913079043266,0.0,0.3657760727052444,0.651896410055052,0.4471341912138717,0.30149594912862054,0.008637427553627449,0.007648715204681109,0.013966630439436674,0.3657760727052444,0.0
869,1,7.460515474416267e-05,7.400687447783076e-06,1,1,,0,3.32232010146157e-09,0.651896410055052,0.4471341879283197,0.3014959469132216,0.0,0.0,0.0,0.007648715204681109,0.008637427553627449,0.013966630439436674,0.002810106901310943,0.007744176416989593,0.9888062851523053,35.850913079043266,0.0,0.3657760839471901,0.651896410055052,0.4471341879283197,0.3014959469132216,0.008637427553627449,0.007648715204681109,0.013966630439436674,0.3657760839471901,0.0
870,1,7.460515474416267e-05,7.4006876878938316e-06,1,1,,0,3.335288005341632e-09,0.651896410055052,0.447134184671699,0.30149594471733054,0.0,0.0,0.0,0.007648715204681109,0.008637427553627449,0.013966630439436674,0.002810106901310943,0.007744176416989593,0.9888062851523053,35.850913079043266,0.0,0.36577609508674835,0.651896410055052,0.447134184671699,0.30149594471733054,0.008637427553627449,0.007648715204681109,0.013966630439436674,0.36577609508674835,0.0
871,1,7.460515474416267e-05,7.400687926794161e-06,1,1,,0,3.3481383618591245e-09,0.651896410055052,0.44713418144376493,0.30149594254078244,0.0,0.0,0.0,0.007648715204681109,0.008637427553627449,0.013966630439436674,0.002810106901310943,0.007744176416989593,0.9888062851523053,35.850913079043266,0.0,0.3657761061248418,0.651896410055052,0.44713418144376493,0.30149594254078244,0.008637427553627449,0.007648715204681109,0.013966630439436674,0.3657761061248418,0.0
872,1,7.460515474416267e-05,7.400688164476785e-06,1,1,,0,3.360872221644509e-09,0.651896410055052,0.4471341782442741,0.3014959403834133,0.0,0.0,0.0,0.007648715204681109,0.008637427553627449,0.013966630439436674,0.002810106901310943,0.007744176416989593,0.9888062851523053,35.850913079043266,0.0,0.3657761170623848,0.651896410055052,0.4471341782442741,0.3014959403834133,0.008637427553627449,0.007648715204681109,0.013966630439436674,0.3657761170623848,0.0
873,1,7.460515474416267e-05,7.400688400939016e-06,1,1,,0,3.3734906259506372e-09,0.651896410055052,0.4471341750729853,0.30149593824506027,0.0,0.0,0.0,0.007648715204681109,0.008637427553627449,0.013966630439436674,0.002810106901310943,0.007744176416989593,0.9888062851523053,35.850913079043266,0.0,0.3657761279002836,0.651896410055052,0.4471341750729853,0.30149593824506027,0.008637427553627449,0.007648715204681109,0.013966630439436674,0.3657761279002836,0.0
874,1,7.460515474416267e-05,7.400688636176434e-06,1,1,,0,3.385994607038287e-09,0.651896410055052,0.44713417192965904,0.3014959361255621,0.0,0.0,0.0,0.007648715204681109,0.008637427553627449,0.013966630439436674,0.002810106901310943,0.007744176416989593,0.9888062851523053,35.850913079043266,0.0,0.3657761386394366,0.651896410055052,0.44713417192965904,0.3014959361255621,0.008637427553627449,0.007648715204681109,0.013966630439436674,0.3657761386394366,0.0
875,1,7.460515474416267e-05,7.400688870186693e-06,1,1,,0,3.3983851879197265e-09,0.651896410055052,0.44713416881405826,0.3014959340247586,0.0,0.0,0.0,0.007648715204681109,0.008637427553627449,0.013966630439436674,0.002810106901310943,0.007744176416989593,0.9888062851523053,35.850913079043266,0.0,0.365776149280734,0.651896410055052,0.44713416881405826,0.3014959340247586,0.008637427553627449,0.007648715204681109,0.013966630439436674,0.365776149280734,0.0
876,1,7.460515474416267e-05,7.4006891029652845e-06,1,1,,0,3.410663383011924e-09,0.651896410055052,0.4471341657259468,0.301495931942491,0.0,0.0,0.0,0.007648715204681109,0.008637427553627449,0.013966630439436674,0.002810106901310943,0.007744176416989593,0.9888062851523053,35.850913079043266,0.0,0.3657761598250582,0.651896410055052,0.4471341657259468,0.301495931942491,0.008637427553627449,0.007648715204681109,0.013966630439436674,0.3657761598250582,0.0
877,1,7.460515474416267e-05,7.4006893345077325e-06,1,1,,0,3.4228301975435146e-09,0.651896410055052,0.44713416266509126,0.3014959298786015,0.0,0.0,0.0,0.007648715204681109,0.008637427553627449,0.013966630439436674,0.002810106901310943,0.007744176416989593,0.9888062851523053,35.850913079043266,0.0,0.3657761702732838,0.651896410055052,0.44713416266509126,0.3014959298786015,0.008637427553627449,0.007648715204681109,0.013966630439436674,0.3657761702732838,0.0
878,1,7.460515474416267e-05,7.400689564812731e-06,1,1,,0,3.4348866282969075e-09,0.651896410055052,0.44713415963125946,0.3014959278329338,0.0,0.0,0.0,0.007648715204681109,0.008637427553627449,0.013966630439436674,0.002810106901310943,0.007744176416989593,0.9888062851523053,35.850913079043266,0.0,0.36577618062627765,0.651896410055052,0.44713415963125946,0.3014959278329338,0.008637427553627449,0.007648715204681109,0.013966630439436674,0.36577618062627765,0.0
879,1,7.460515474416267e-05,7.400689793878221e-06,1,1,,0,3.446833662745125e-09,0.651896410055052,0.4471341566242215,0.3014959258053328,0.0,0.0,0.0,0.007648715204681109,0.008637427553627449,0.013966630439436674,0.002810106901310943,0.007744176416989593,0.9888062851523053,35.850913079043266,0.0,0.36577619088489877,0.651896410055052,0.4471341566242215,0.3014959258053328,0.008637427553627449,0.007648715204681109,0.013966630439436674,0.36577619088489877,0.0
880,1,7.460515474416267e-05,7.400690021701656e-06,1,1,,0,3.4586722806646386e-09,0.651896410055052,0.4471341536437491,0.3014959237956444,0.0,0.0,0.0,0.007648715204681109,0.008637427553627449,0.013966630439436674,0.002810106901310943,0.007744176416989593,0.9888062851523053,35.850913079043266,0.0,0.36577620104999875,0.651896410055052,0.4471341536437491,0.3014959237956444,0.008637427553627449,0.007648715204681109,0.013966630439436674,0.36577620104999875,0.0
881,1,7.460515474416267e-05,7.400690248280523e-06,1,1,,0,3.4704034523210798e-09,0.651896410055052,0.44713415068961543,0.3014959218037159,0.0,0.0,0.0,0.007648715204681109,0.008637427553627449,0.013966630439436674,0.002810106901310943,0.007744176416989593,0.9888062851523053,35.850913079043266,0.0,0.36577621112242137,0.651896410055052,0.44713415068961543,0.3014959218037159,0.008637427553627449,0.007648715204681109,0.013966630439436674,0.36577621112242137,0.0
882,1,7.460515474416267e-05,7.400690473612032e-06,1,1,,0,3.482028140121322e-09,0.651896410055052,0.4471341477615961,0.30149591982939594,0.0,0.0,0.0,0.007648715204681109,0.008637427553627449,0.013966630439436674,0.002810106901310943,0.007744176416989593,0.9888062851523053,35.850913079043266,0.0,0.36577622110300323,0.651896410055052,0.4471341477615961,0.30149591982939594,0.008637427553627449,0.007648715204681109,0.013966630439436674,0.36577622110300323,0.0
883,1,7.460515474416267e-05,7.4006906976971544e-06,1,1,,0,3.493547297697142e-09,0.651896410055052,0.44713414485946806,0.30149591787253394,0.0,0.0,0.0,0.007648715204681109,0.008637427553627449,0.013966630439436674,0.002810106901310943,0.007744176416989593,0.9888062851523053,35.850913079043266,0.0,0.3657762309925732,0.651896410055052,0.44713414485946806,0.30149591787253394,0.008637427553627449,0.007648715204681109,0.013966630439436674,0.3657762309925732,0.0
884,1,7.460515474416267e-05,7.400690920531344e-06,1,1,,0,3.5049618706435748e-09,0.651896410055052,0.4471341419830098,0.3014959159329808,0.0,0.0,0.0,0.007648715204681109,0.008637427553627449,0.013966630439436674,0.002810106901310943,0.007744176416989593,0.9888062851523053,35.850913079043266,0.0,0.3657762407919529,0.651896410055052,0.4471341419830098,0.3014959159329808,0.008637427553627449,0.007648715204681109,0.013966630439436674,0.3657762407919529,0.0
885,1,7.460515474416267e-05,7.400691142115333e-06,1,1,,0,3.516272795781814e-09,0.651896410055052,0.4471341391320024,0.30149591401058884,0.0,0.0,0.0,0.007648715204681109,0.008637427553627449,0.013966630439436674,0.002810106901310943,0.007744176416989593,0.9888062851523053,35.850913079043266,0.0,0.36577625050195683,0.651896410055052,0.4471341391320024,0.30149591401058884,0.008637427553627449,0.007648715204681109,0.013966630439436674,0.36577625050195683,0.0
886,1,7.460515474416267e-05,7.400691362448866e-06,1,1,,0,3.5274810021134566e-09,0.651896410055052,0.447134136306228,0.3014959121052111,0.0,0.0,0.0,0.007648715204681109,0.008637427553627449,0.013966630439436674,0.002810106901310943,0.007744176416989593,0.9888062851523053,35.850913079043266,0.0,0.36577626012339187,0.651896410055052,0.447134136306228,0.3014959121052111,0.008637427553627449,0.007648715204681109,0.013966630439436674,0.36577626012339187,0.0
887,1,7.460515474416267e-05,7.4006915815296234e-06,1,1,,0,3.5385874105336677e-09,0.651896410055052,0.4471341335054703,0.301495910216702,0.0,0.0,0.0,0.007648715204681109,0.008637427553627449,0.013966630439436674,0.002810106901310943,0.007744176416989593,0.9888062851523053,35.850913079043266,0.0,0.3657762696570579,0.651896410055052,0.4471341335054703,0.301495910216702,0.008637427553627449,0.007648715204681109,0.013966630439436674,0.3657762696570579,0.0
888,1,7.460515474416267e-05,7.4006917993586165e-06,1,1,,0,3.5495929335521865e-09,0.651896410055052,0.4471341307295161,0.3014959083449171,0.0,0.0,0.0,0.007648715204681109,0.008637427553627449,0.013966630439436674,0.002810106901310943,0.007744176416989593,0.9888062851523053,35.850913079043266,0.0,0.36577627910374777,0.651896410055052,0.4471341307295161,0.3014959083449171,0.008637427553627449,0.007648715204681109,0.013966630439436674,0.36577627910374777,0.0
889,1,7.460515474416267e-05,7.400692015934462e-06,1,1,,0,3.5604984760317877e-09,0.651896410055052,0.44713412797815166,0.30149590648971303,0.0,0.0,0.0,0.007648715204681109,0.008637427553627449,0.013966630439436674,0.002810106901310943,0.007744176416989593,0.9888062851523053,35.850913079043266,0.0,0.36577628846424726,0.651896410055052,0.44713412797815166,0.30149590648971303,0.008637427553627449,0.007648715204681109,0.013966630439436674,0.36577628846424726,0.0
890,1,7.460515474416267e-05,7.400692231257095e-06,1,1,,0,3.5713049345425596e-09,0.651896410055052,0.4471341252511671,0.30149590465094767,0.0,0.0,0.0,0.007648715204681109,0.008637427553627449,0.013966630439436674,0.002810106901310943,0.007744176416989593,0.9888062851523053,35.850913079043266,0.0,0.3657762977393352,0.651896410055052,0.4471341252511671,0.30149590465094767,0.008637427553627449,0.007648715204681109,0.013966630439436674,0.3657762977393352,0.0
891,1,7.460515474416267e-05,7.400692445328186e-06,1,1,,0,3.5820131980143363e-09,0.651896410055052,0.44713412254835266,0.3014959028284801,0.0,0.0,0.0,0.007648715204681109,0.008637427553627449,0.013966630439436674,0.002810106901310943,0.007744176416989593,0.9888062851523053,35.850913079043266,0.0,0.365776306929783,0.651896410055052,0.44713412254835266,0.3014959028284801,0.008637427553627449,0.007648715204681109,0.013966630439436674,0.365776306929783,0.0
892,1,7.460515474416267e-05,7.400692658144761e-06,1,1,,0,3.592624147516464e-09,0.651896410055052,0.44713411986950136,0.3014959010221704,0.0,0.0,0.0,0.007648715204681109,0.008637427553627449,0.013966630439436674,0.002810106901310943,0.007744176416989593,0.9888062851523053,35.850913079043266,0.0,0.365776316036356,0.651896410055052,0.44713411986950136,0.3014959010221704,0.008637427553627449,0.007648715204681109,0.013966630439436674,0.365776316036356,0.0
893,1,7.460515474416267e-05,7.400692869710923e-06,1,1,,0,3.603138656508906e-09,0.651896410055052,0.4471341172144068,0.3014958992318796,0.0,0.0,0.0,0.007648715204681109,0.008637427553627449,0.013966630439436674,0.002810106901310943,0.007744176416989593,0.9888062851523053,35.850913079043266,0.0,0.3657763250598122,0.651896410055052,0.4471341172144068,0.3014958992318796,0.008637427553627449,0.007648715204681109,0.013966630439436674,0.3657763250598122,0.0
894,1,7.460515474416267e-05,7.4006930800256495e-06,1,1,,0,3.613557590376807e-09,0.651896410055052,0.44713411458286534,0.3014958974574703,0.0,0.0,0.0,0.007648715204681109,0.008637427553627449,0.013966630439436674,0.002810106901310943,0.007744176416989593,0.9888062851523053,35.850913079043266,0.0,0.3657763340009029,0.651896410055052,0.44713411458286534,0.3014958974574703,0.008637427553627449,0.007648715204681109,0.013966630439436674,0.3657763340009029,0.0
895,1,7.460515474416267e-05,7.400693289089808e-06,1,1,,0,3.623881807197764e-09,0.651896410055052,0.44713411197467473,0.301495895698806,0.0,0.0,0.0,0.007648715204681109,0.008637427553627449,0.013966630439436674,0.002810106901310943,0.007744176416989593,0.9888062851523053,35.850913079043266,0.0,0.36577634286037286,0.651896410055052,0.44713411197467473,0.301495895698806,0.008637427553627449,0.007648715204681109,0.013966630439436674,0.36577634286037286,0.0
896,1,7.460515474416267e-05,7.4006934969031475e-06,1,1,,0,3.6341121577305755e-09,0.651896410055052,0.4471341093896334,0.301495893955751,0.0,0.0,0.0,0.007648715204681109,0.008637427553627449,0.013966630439436674,0.002810106901310943,0.007744176416989593,0.9888062851523053,35.850913079043266,0.0,0.3657763516389601,0.651896410055052,0.4471341093896334,0.301495893955751,0.008637427553627449,0.007648715204681109,0.013966630439436674,0.3657763516389601,0.0
897,1,7.460515474416267e-05,7.4006937034691155e-06,1,1,,0,3.644249484759941e-09,0.651896410055052,0.44713410682754234,0.3014958922281711,0.0,0.0,0.0,0.007648715204681109,0.008637427553627449,0.013966630439436674,0.002810106901310943,0.007744176416989593,0.9888062851523053,35.850913079043266,0.0,0.365776360337396,0.651896410055052,0.44713410682754234,0.3014958922281711,0.008637427553627449,0.007648715204681109,0.013966630439436674,0.365776360337396,0.0
898,1,7.460515474416267e-05,7.400693908788644e-06,1,1,,0,3.654294623781126e-09,0.651896410055052,0.44713410428820455,0.301495890515933,0.0,0.0,0.0,0.007648715204681109,0.008637427553627449,0.013966630439436674,0.002810106901310943,0.007744176416989593,0.9888062851523053,35.850913079043266,0.0,0.36577636895640553,0.651896410055052,0.44713410428820455,0.301495890515933,0.008637427553627449,0.007648715204681109,0.013966630439436674,0.36577636895640553,0.0
899,1,7.460515474416267e-05,7.40069411286196e-06,1,1,,0,3.6642484032708727e-09,0.651896410055052,0.44713410177142265,0.3014958888189046,0.0,0.0,0.0,0.007648715204681109,0.008637427553627449,0.013966630439436674,0.002810106901310943,0.007744176416989593,0.9888062851523053,35.850913079043266,0.0,0.3657763774967072,0.651896410055052,0.44713410177142265,0.3014958888189046,0.008637427553627449,0.007648715204681109,0.013966630439436674,0.3657763774967072,0.0
900,1,7.460515474416267e-05,7.400694315691272e-06,1,1,,0,3.674111643941664e-09,0.651896410055052,0.44713409927700337,0.3014958871369547,0.0,0.0,0.0,0.007648715204681109,0.008637427553627449,0.013966630439436674,0.002810106901310943,0.007744176416989593,0.9888062851523053,35.850913079043266,0.0,0.36577638595901313,0.651896410055052,0.44713409927700337,0.3014958871369547,0.008637427553627449,0.007648715204681109,0.013966630439436674,0.36577638595901313,0.0
901,1,7.460515474416267e-05,7.400694517278066e-06,1,1,,0,3.6838851595626197e-09,0.651896410055052,0.44713409680475374,0.3014958854699533,0.0,0.0,0.0,0.007648715204681109,0.008637427553627449,0.013966630439436674,0.002810106901310943,0.007744176416989593,0.9888062851523053,35.850913079043266,0.0,0.36577639434402887,0.651896410055052,0.44713409680475374,0.3014958854699533,0.008637427553627449,0.007648715204681109,0.013966630439436674,0.36577639434402887,0.0
902,1,7.460515474416267e-05,7.400694717624892e-06,1,1,,0,3.6935697567842963e-09,0.651896410055052,0.4471340943544817,0.3014958838177713,0.0,0.0,0.0,0.007648715204681109,0.008637427553627449,0.013966630439436674,0.002810106901310943,0.007744176416989593,0.9888062851523053,35.850913079043266,0.0,0.365776402652454,0.651896410055052,0.4471340943544817,0.3014958838177713,0.008637427553627449,0.007648715204681109,0.013966630439436674,0.365776402652454,0.0
903,1,7.460515474416267e-05,7.400694916734131e-06,1,1,,0,3.7031662350874496e-09,0.651896410055052,0.447134091925998,0.3014958821802807,0.0,0.0,0.0,0.007648715204681109,0.008637427553627449,0.013966630439436674,0.002810106901310943,0.007744176416989593,0.9888062851523053,35.850913079043266,0.0,0.36577641088498164,0.651896410055052,0.447134091925998,0.3014958821802807,0.008637427553627449,0.007648715204681109,0.013966630439436674,0.36577641088498164,0.0
904,1,7.460515474416267e-05,7.4006951146071464e-06,1,1,,0,3.712675386509656e-09,0.651896410055052,0.4471340895191144,0.3014958805573549,0.0,0.0,0.0,0.007648715204681109,0.008637427553627449,0.013966630439436674,0.002810106901310943,0.007744176416989593,0.9888062851523053,35.850913079043266,0.0,0.3657764190422987,0.651896410055052,0.4471340895191144,0.3014958805573549,0.008637427553627449,0.007648715204681109,0.013966630439436674,0.3657764190422987,0.0
905,1,7.460515474416267e-05,7.400695311246578e-06,1,1,,0,3.722097996829133e-09,0.651896410055052,0.447134087133644,0.30149587894886765,0.0,0.0,0.0,0.007648715204681109,0.008637427553627449,0.013966630439436674,0.002810106901310943,0.007744176416989593,0.9888062851523053,35.850913079043266,0.0,0.3657764271250862,0.651896410055052,0.447134087133644,0.30149587894886765,0.008637427553627449,0.007648715204681109,0.013966630439436674,0.3657764271250862,0.0
906,1,7.460515474416267e-05,7.4006955066540294e-06,1,1,,0,3.731434844294576e-09,0.651896410055052,0.44713408476940186,0.3014958773546942,0.0,0.0,0.0,0.007648715204681109,0.008637427553627449,0.013966630439436674,0.002810106901310943,0.007744176416989593,0.9888062851523053,35.850913079043266,0.0,0.36577643513401875,0.651896410055052,0.44713408476940186,0.3014958773546942,0.008637427553627449,0.007648715204681109,0.013966630439436674,0.36577643513401875,0.0
907,1,7.460515474416267e-05,7.400695700832849e-06,1,1,,0,3.74068670052716e-09,0.651896410055052,0.4471340824262043,0.3014958757747109,0.0,0.0,0.0,0.007648715204681109,0.008637427553627449,0.013966630439436674,0.002810106901310943,0.007744176416989593,0.9888062851523053,35.850913079043266,0.0,0.36577644306976514,0.651896410055052,0.4471340824262043,0.3014958757747109,0.008637427553627449,0.007648715204681109,0.013966630439436674,0.36577644306976514,0.0
908,1,7.460515474416267e-05,7.400695893785921e-06,1,1,,0,3.749854330371402e-09,0.651896410055052,0.44713408010386907,0.3014958742087947,0.0,0.0,0.0,0.007648715204681109,0.008637427553627449,0.013966630439436674,0.002810106901310943,0.007744176416989593,0.9888062851523053,35.850913079043266,0.0,0.36577645093298816,0.651896410055052,0.44713408010386907,0.3014958742087947,0.008637427553627449,0.007648715204681109,0.013966630439436674,0.36577645093298816,0.0
909,1,7.460515474416267e-05,7.400696085515852e-06,1,1,,0,3.758938491854959e-09,0.651896410055052,0.4471340778022153,0.3014958726568237,0.0,0.0,0.0,0.007648715204681109,0.008637427553627449,0.013966630439436674,0.002810106901310943,0.007744176416989593,0.9888062851523053,35.850913079043266,0.0,0.3657764587243447,0.651896410055052,0.4471340778022153,0.3014958726568237,0.008637427553627449,0.007648715204681109,0.013966630439436674,0.3657764587243447,0.0
910,1,7.460515474416267e-05,7.4006962760258715e-06,1,1,,0,3.767939936272119e-09,0.651896410055052,0.44713407552106427,0.30149587111867737,0.0,0.0,0.0,0.007648715204681109,0.008637427553627449,0.013966630439436674,0.002810106901310943,0.007744176416989593,0.9888062851523053,35.850913079043266,0.0,0.3657764664444858,0.651896410055052,0.44713407552106427,0.30149587111867737,0.008637427553627449,0.007648715204681109,0.013966630439436674,0.3657764664444858,0.0
911,1,7.460515474416267e-05,7.400696465318602e-06,1,1,,0,3.776859408327879e-09,0.651896410055052,0.4471340732602378,0.3014958695942357,0.0,0.0,0.0,0.007648715204681109,0.008637427553627449,0.013966630439436674,0.002810106901310943,0.007744176416989593,0.9888062851523053,35.850913079043266,0.0,0.36577647409405645,0.651896410055052,0.4471340732602378,0.3014958695942357,0.008637427553627449,0.007648715204681109,0.013966630439436674,0.36577647409405645,0.0
912,1,7.460515474416267e-05,7.40069665339646e-06,1,1,,0,3.7856976461654615e-09,0.651896410055052,0.4471340710195598,0.30149586808337975,0.0,0.0,0.0,0.007648715204681109,0.008637427553627449,0.013966630439436674,0.002810106901310943,0.007744176416989593,0.9888062851523053,35.850913079043266,0.0,0.36577648167369625,0.651896410055052,0.4471340710195598,0.30149586808337975,0.008637427553627449,0.007648715204681109,0.013966630439436674,0.36577648167369625,0.0
913,1,7.460515474416267e-05,7.40069684026399e-06,1,1,,0,3.794455381348783e-09,0.651896410055052,0.44713406879885537,0.30149586658599187,0.0,0.0,0.0,0.007648715204681109,0.008637427553627449,0.013966630439436674,0.002810106901310943,0.007744176416989593,0.9888062851523053,35.850913079043266,0.0,0.3657764891840387,0.651896410055052,0.44713406879885537,0.30149586658599187,0.008637427553627449,0.007648715204681109,0.013966630439436674,0.3657764891840387,0.0
914,1,7.460515474416267e-05,7.400697025923602e-06,1,1,,0,3.803133339048773e-09,0.651896410055052,0.44713406659795135,0.30149586510195486,0.0,0.0,0.0,0.007648715204681109,0.008637427553627449,0.013966630439436674,0.002810106901310943,0.007744176416989593,0.9888062851523053,35.850913079043266,0.0,0.3657764966257118,0.651896410055052,0.44713406659795135,0.30149586510195486,0.008637427553627449,0.007648715204681109,0.013966630439436674,0.3657764966257118,0.0
915,1,7.460515474416267e-05,7.400697210379944e-06,1,1,,0,3.81173223788484e-09,0.651896410055052,0.4471340644166756,0.301495863631153,0.0,0.0,0.0,0.007648715204681109,0.008637427553627449,0.013966630439436674,0.002810106901310943,0.007744176416989593,0.9888062851523053,35.850913079043266,0.0,0.36577650399933814,0.651896410055052,0.4471340644166756,0.301495863631153,0.008637427553627449,0.007648715204681109,0.013966630439436674,0.36577650399933814,0.0
916,1,7.460515474416267e-05,7.400697393635711e-06,1,1,,0,3.820252790417424e-09,0.651896410055052,0.44713406225485747,0.30149586217347113,0.0,0.0,0.0,0.007648715204681109,0.008637427553627449,0.013966630439436674,0.002810106901310943,0.007744176416989593,0.9888062851523053,35.850913079043266,0.0,0.3657765113055344,0.651896410055052,0.44713406225485747,0.30149586217347113,0.008637427553627449,0.007648715204681109,0.013966630439436674,0.3657765113055344,0.0
917,1,7.460515474416267e-05,7.400697575693787e-06,1,1,,0,3.8286957024192085e-09,0.651896410055052,0.4471340601123281,0.30149586072879525,0.0,0.0,0.0,0.007648715204681109,0.008637427553627449,0.013966630439436674,0.002810106901310943,0.007744176416989593,0.9888062851523053,35.850913079043266,0.0,0.36577651854491194,0.651896410055052,0.4471340601123281,0.30149586072879525,0.008637427553627449,0.007648715204681109,0.013966630439436674,0.36577651854491194,0.0
918,1,7.460515474416267e-05,7.400697756558702e-06,1,1,,0,3.837061673679421e-09,0.651896410055052,0.4471340579889195,0.3014958592970124,0.0,0.0,0.0,0.007648715204681109,0.008637427553627449,0.013966630439436674,0.002810106901310943,0.007744176416989593,0.9888062851523053,35.850913079043266,0.0,0.3657765257180765,0.651896410055052,0.4471340579889195,0.3014958592970124,0.008637427553627449,0.007648715204681109,0.013966630439436674,0.3657765257180765,0.0
919,1,7.460515474416267e-05,7.400697936234052e-06,1,1,,0,3.845351398045129e-09,0.651896410055052,0.4471340558844655,0.30149585787801025,0.0,0.0,0.0,0.007648715204681109,0.008637427553627449,0.013966630439436674,0.002810106901310943,0.007744176416989593,0.9888062851523053,35.850913079043266,0.0,0.36577653282562866,0.651896410055052,0.4471340558844655,0.30149585787801025,0.008637427553627449,0.007648715204681109,0.013966630439436674,0.36577653282562866,0.0
920,1,7.460515474416267e-05,7.400698114723971e-06,1,1,,0,3.853565562737292e-09,0.651896410055052,0.4471340537988008,0.3014958564716776,0.0,0.0,0.0,0.007648715204681109,0.008637427553627449,0.013966630439436674,0.002810106901310943,0.007744176416989593,0.9888062851523053,35.850913079043266,0.0,0.3657765398681633,0.651896410055052,0.4471340537988008,0.3014958564716776,0.008637427553627449,0.007648715204681109,0.013966630439436674,0.3657765398681633,0.0
921,1,7.460515474416267e-05,7.400698292032512e-06,1,1,,0,3.861704849275568e-09,0.651896410055052,0.44713405173176224,0.3014958550779041,0.0,0.0,0.0,0.007648715204681109,0.008637427553627449,0.013966630439436674,0.002810106901310943,0.007744176416989593,0.9888062851523053,35.850913079043266,0.0,0.3657765468462702,0.651896410055052,0.44713405173176224,0.3014958550779041,0.008637427553627449,0.007648715204681109,0.013966630439436674,0.3657765468462702,0.0
922,1,7.460515474416267e-05,7.400698468162992e-06,1,1,,0,3.869769932915672e-09,0.651896410055052,0.44713404968318726,0.30149585369658033,0.0,0.0,0.0,0.007648715204681109,0.008637427553627449,0.013966630439436674,0.002810106901310943,0.007744176416989593,0.9888062851523053,35.850913079043266,0.0,0.3657765537605338,0.651896410055052,0.44713404968318726,0.30149585369658033,0.008637427553627449,0.007648715204681109,0.013966630439436674,0.3657765537605338,0.0
923,1,7.460515474416267e-05,7.4006986431200716e-06,1,1,,0,3.877761483044037e-09,0.651896410055052,0.4471340476529146,0.3014958523275977,0.0,0.0,0.0,0.007648715204681109,0.008637427553627449,0.013966630439436674,0.002810106901310943,0.007744176416989593,0.9888062851523053,35.850913079043266,0.0,0.36577656061153324,0.651896410055052,0.4471340476529146,0.3014958523275977,0.008637427553627449,0.007648715204681109,0.013966630439436674,0.36577656061153324,0.0
924,1,7.460515474416267e-05,7.400698816907317e-06,1,1,,0,3.88568016294134e-09,0.651896410055052,0.4471340456407854,0.3014958509708488,0.0,0.0,0.0,0.007648715204681109,0.008637427553627449,0.013966630439436674,0.002810106901310943,0.007744176416989593,0.9888062851523053,35.850913079043266,0.0,0.36577656739984254,0.651896410055052,0.4471340456407854,0.3014958509708488,0.008637427553627449,0.007648715204681109,0.013966630439436674,0.36577656739984254,0.0
925,1,7.460515474416267e-05,7.400698989529472e-06,1,1,,0,3.8935266302241204e-09,0.651896410055052,0.44713404364664094,0.3014958496262268,0.0,0.0,0.0,0.007648715204681109,0.008637427553627449,0.013966630439436674,0.002810106901310943,0.007744176416989593,0.9888062851523053,35.850913079043266,0.0,0.36577657412603065,0.651896410055052,0.44713404364664094,0.3014958496262268,0.008637427553627449,0.007648715204681109,0.013966630439436674,0.36577657412603065,0.0
926,1,7.460515474416267e-05,7.400699160991886e-06,1,1,,0,3.90130153659704e-09,0.651896410055052,0.4471340416703242,0.3014958482936258,0.0,0.0,0.0,0.007648715204681109,0.008637427553627449,0.013966630439436674,0.002810106901310943,0.007744176416989593,0.9888062851523053,35.850913079043266,0.0,0.3657765807906611,0.651896410055052,0.4471340416703242,0.3014958482936258,0.008637427553627449,0.007648715204681109,0.013966630439436674,0.3657765807906611,0.0
927,1,7.460515474416267e-05,7.400699331296579e-06,1,1,,0,3.90900552782383e-09,0.651896410055052,0.4471340397116799,0.30149584697294113,0.0,0.0,0.0,0.007648715204681109,0.008637427553627449,0.013966630439436674,0.002810106901310943,0.007744176416989593,0.9888062851523053,35.850913079043266,0.0,0.3657765873942928,0.651896410055052,0.4471340397116799,0.30149584697294113,0.008637427553627449,0.007648715204681109,0.013966630439436674,0.3657765873942928,0.0
928,1,7.460515474416267e-05,7.400699500449208e-06,1,1,,0,3.916639244328795e-09,0.651896410055052,0.4471340377705535,0.30149584566406834,0.0,0.0,0.0,0.007648715204681109,0.008637427553627449,0.013966630439436674,0.002810106901310943,0.007744176416989593,0.9888062851523053,35.850913079043266,0.0,0.3657765939374794,0.651896410055052,0.4471340377705535,0.30149584566406834,0.008637427553627449,0.007648715204681109,0.013966630439436674,0.3657765939374794,0.0
929,1,7.460515474416267e-05,7.400699668455235e-06,1,1,,0,3.924203320447594e-09,0.651896410055052,0.4471340358467919,0.30149584436690435,0.0,0.0,0.0,0.007648715204681109,0.008637427553627449,0.013966630439436674,0.002810106901310943,0.007744176416989593,0.9888062851523053,35.850913079043266,0.0,0.36577660042076976,0.651896410055052,0.4471340358467919,0.30149584436690435,0.008637427553627449,0.007648715204681109,0.013966630439436674,0.36577660042076976,0.0
930,1,7.460515474416267e-05,7.400699835316699e-06,1,1,,0,3.931698384956172e-09,0.651896410055052,0.44713403394024326,0.30149584308134697,0.0,0.0,0.0,0.007648715204681109,0.008637427553627449,0.013966630439436674,0.002810106901310943,0.007744176416989593,0.9888062851523053,35.850913079043266,0.0,0.3657766068447073,0.651896410055052,0.44713403394024326,0.30149584308134697,0.008637427553627449,0.007648715204681109,0.013966630439436674,0.3657766068447073,0.0
931,1,7.460515474416267e-05,7.400700001042076e-06,1,1,,0,3.939125061161604e-09,0.651896410055052,0.44713403205075714,0.30149584180729455,0.0,0.0,0.0,0.007648715204681109,0.008637427553627449,0.013966630439436674,0.002810106901310943,0.007744176416989593,0.9888062851523053,35.850913079043266,0.0,0.3657766132098314,0.651896410055052,0.44713403205075714,0.30149584180729455,0.008637427553627449,0.007648715204681109,0.013966630439436674,0.3657766132098314,0.0
932,1,7.460515474416267e-05,7.4007001656322785e-06,1,1,,0,3.9464839667401005e-09,0.651896410055052,0.4471340301781845,0.3014958405446465,0.0,0.0,0.0,0.007648715204681109,0.008637427553627449,0.013966630439436674,0.002810106901310943,0.007744176416989593,0.9888062851523053,35.850913079043266,0.0,0.3657766195166758,0.651896410055052,0.4471340301781845,0.3014958405446465,0.008637427553627449,0.007648715204681109,0.013966630439436674,0.3657766195166758,0.0
933,1,7.460515474416267e-05,7.400700329092662e-06,1,1,,0,3.953775714154648e-09,0.651896410055052,0.44713402832237703,0.30149583929330304,0.0,0.0,0.0,0.007648715204681109,0.008637427553627449,0.013966630439436674,0.002810106901310943,0.007744176416989593,0.9888062851523053,35.850913079043266,0.0,0.3657766257657701,0.651896410055052,0.44713402832237703,0.30149583929330304,0.008637427553627449,0.007648715204681109,0.013966630439436674,0.3657766257657701,0.0
934,1,7.460515474416267e-05,7.40070049142978e-06,1,1,,0,3.961000909993803e-09,0.651896410055052,0.44713402648318795,0.30149583805316515,0.0,0.0,0.0,0.007648715204681109,0.008637427553627449,0.013966630439436674,0.002810106901310943,0.007744176416989593,0.9888062851523053,35.850913079043266,0.0,0.36577663195763865,0.651896410055052,0.44713402648318795,0.30149583805316515,0.008637427553627449,0.007648715204681109,0.013966630439436674,0.36577663195763865,0.0
935,1,7.460515474416267e-05,7.400700652647096e-06,1,1,,0,3.968160155677182e-09,0.651896410055052,0.4471340246604718,0.30149583682413467,0.0,0.0,0.0,0.007648715204681109,0.008637427553627449,0.013966630439436674,0.002810106901310943,0.007744176416989593,0.9888062851523053,35.850913079043266,0.0,0.36577663809280125,0.651896410055052,0.4471340246604718,0.30149583682413467,0.008637427553627449,0.007648715204681109,0.013966630439436674,0.36577663809280125,0.0
936,1,7.460515474416267e-05,7.400700812748884e-06,1,1,,0,3.97525404718139e-09,0.651896410055052,0.44713402285408405,0.3014958356061144,0.0,0.0,0.0,0.007648715204681109,0.008637427553627449,0.013966630439436674,0.002810106901310943,0.007744176416989593,0.9888062851523053,35.850913079043266,0.0,0.36577664417177325,0.651896410055052,0.44713402285408405,0.3014958356061144,0.008637427553627449,0.007648715204681109,0.013966630439436674,0.36577664417177325,0.0
937,1,7.460515474416267e-05,7.4007009717417285e-06,1,1,,0,3.9822831754820794e-09,0.651896410055052,0.44713402106388195,0.30149583439900773,0.0,0.0,0.0,0.007648715204681109,0.008637427553627449,0.013966630439436674,0.002810106901310943,0.007744176416989593,0.9888062851523053,35.850913079043266,0.0,0.3657766501950652,0.651896410055052,0.44713402106388195,0.30149583439900773,0.008637427553627449,0.007648715204681109,0.013966630439436674,0.3657766501950652,0.0
938,1,7.460515474416267e-05,7.400701129629243e-06,1,1,,0,3.989248125914371e-09,0.651896410055052,0.4471340192897234,0.30149583320271894,0.0,0.0,0.0,0.007648715204681109,0.008637427553627449,0.013966630439436674,0.002810106901310943,0.007744176416989593,0.9888062851523053,35.850913079043266,0.0,0.36577665616318294,0.651896410055052,0.4471340192897234,0.30149583320271894,0.008637427553627449,0.007648715204681109,0.013966630439436674,0.36577665616318294,0.0
939,1,7.460515474416267e-05,7.400701286417109e-06,1,1,,0,3.996149478726596e-09,0.651896410055052,0.44713401753146775,0.3014958320171533,0.0,0.0,0.0,0.007648715204681109,0.008637427553627449,0.013966630439436674,0.002810106901310943,0.007744176416989593,0.9888062851523053,35.850913079043266,0.0,0.36577666207662796,0.651896410055052,0.44713401753146775,0.3014958320171533,0.008637427553627449,0.007648715204681109,0.013966630439436674,0.36577666207662796,0.0
940,1,7.460515474416267e-05,7.400701442110681e-06,1,1,,0,4.00298780908563e-09,0.651896410055052,0.4471340157889755,0.30149583084221643,0.0,0.0,0.0,0.007648715204681109,0.008637427553627449,0.013966630439436674,0.002810106901310943,0.007744176416989593,0.9888062851523053,35.850913079043266,0.0,0.36577666793589714,0.651896410055052,0.4471340157889755,0.30149583084221643,0.008637427553627449,0.007648715204681109,0.013966630439436674,0.36577666793589714,0.0
941,1,7.460515474416267e-05,7.40070159671392e-06,1,1,,0,4.009763687024097e-09,0.651896410055052,0.4471340140621082,0.30149582967781535,0.0,0.0,0.0,0.007648715204681109,0.008637427553627449,0.013966630439436674,0.002810106901310943,0.007744176416989593,0.9888062851523053,35.850913079043266,0.0,0.365776673741483,0.651896410055052,0.4471340140621082,0.30149582967781535,0.008637427553627449,0.007648715204681109,0.013966630439436674,0.365776673741483,0.0
942,1,7.460515474416267e-05,7.400701750231459e-06,1,1,,0,4.0164776773685166e-09,0.651896410055052,0.44713401235072836,0.3014958285238575,0.0,0.0,0.0,0.007648715204681109,0.008637427553627449,0.013966630439436674,0.002810106901310943,0.007744176416989593,0.9888062851523053,35.850913079043266,0.0,0.36577667949387344,0.651896410055052,0.44713401235072836,0.3014958285238575,0.008637427553627449,0.007648715204681109,0.013966630439436674,0.36577667949387344,0.0
943,1,7.460515474416267e-05,7.40070190267008e-06,1,1,,0,4.023130339988059e-09,0.651896410055052,0.44713401065470026,0.30149582738025094,0.0,0.0,0.0,0.007648715204681109,0.008637427553627449,0.013966630439436674,0.002810106901310943,0.007744176416989593,0.9888062851523053,35.850913079043266,0.0,0.36577668519355216,0.651896410055052,0.44713401065470026,0.30149582738025094,0.008637427553627449,0.007648715204681109,0.013966630439436674,0.36577668519355216,0.0
944,1,7.460515474416267e-05,7.400702054034124e-06,1,1,,0,4.0297222298479806e-09,0.651896410055052,0.4471340089738891,0.3014958262469049,0.0,0.0,0.0,0.007648715204681109,0.008637427553627449,0.013966630439436674,0.002810106901310943,0.007744176416989593,0.9888062851523053,35.850913079043266,0.0,0.3657766908409985,0.651896410055052,0.4471340089738891,0.3014958262469049,0.008637427553627449,0.007648715204681109,0.013966630439436674,0.3657766908409985,0.0
945,1,7.460515474416267e-05,7.400702204328132e-06,1,1,,0,4.03625389687668e-09,0.651896410055052,0.44713400730816105,0.3014958251237291,0.0,0.0,0.0,0.007648715204681109,0.008637427553627449,0.013966630439436674,0.002810106901310943,0.007744176416989593,0.9888062851523053,35.850913079043266,0.0,0.3657766964366875,0.651896410055052,0.44713400730816105,0.3014958251237291,0.008637427553627449,0.007648715204681109,0.013966630439436674,0.3657766964366875,0.0
946,1,7.460515474416267e-05,7.400702353557806e-06,1,1,,0,4.042725886082926e-09,0.651896410055052,0.447134005657383,0.301495824010634,0.0,0.0,0.0,0.007648715204681109,0.008637427553627449,0.013966630439436674,0.002810106901310943,0.007744176416989593,0.9888062851523053,35.850913079043266,0.0,0.3657767019810897,0.651896410055052,0.447134005657383,0.301495824010634,0.008637427553627449,0.007648715204681109,0.013966630439436674,0.3657767019810897,0.0
947,1,7.460515474416267e-05,7.400702501730158e-06,1,1,,0,4.049138737717505e-09,0.651896410055052,0.44713400402142395,0.30149582290753113,0.0,0.0,0.0,0.007648715204681109,0.008637427553627449,0.013966630439436674,0.002810106901310943,0.007744176416989593,0.9888062851523053,35.850913079043266,0.0,0.36577670747467156,0.651896410055052,0.44713400402142395,0.30149582290753113,0.008637427553627449,0.007648715204681109,0.013966630439436674,0.36577670747467156,0.0
948,1,7.460515474416267e-05,7.400702648847064e-06,1,1,,0,4.055492987125283e-09,0.651896410055052,0.4471340024001534,0.30149582181433243,0.0,0.0,0.0,0.007648715204681109,0.008637427553627449,0.013966630439436674,0.002810106901310943,0.007744176416989593,0.9888062851523053,35.850913079043266,0.0,0.3657767129178956,0.651896410055052,0.4471340024001534,0.30149582181433243,0.008637427553627449,0.007648715204681109,0.013966630439436674,0.3657767129178956,0.0
949,1,7.460515474416267e-05,7.400702794916176e-06,1,1,,0,4.061789164739525e-09,0.651896410055052,0.4471340007934422,0.30149582073095094,0.0,0.0,0.0,0.007648715204681109,0.008637427553627449,0.013966630439436674,0.002810106901310943,0.007744176416989593,0.9888062851523053,35.850913079043266,0.0,0.36577671831121966,0.651896410055052,0.4471340007934422,0.30149582073095094,0.008637427553627449,0.007648715204681109,0.013966630439436674,0.36577671831121966,0.0
950,1,7.460515474416267e-05,7.400702939942238e-06,1,1,,0,4.068027796608356e-09,0.651896410055052,0.44713399920116165,0.3014958196572999,0.0,0.0,0.0,0.007648715204681109,0.008637427553627449,0.013966630439436674,0.002810106901310943,0.007744176416989593,0.9888062851523053,35.850913079043266,0.0,0.36577672365509806,0.651896410055052,0.44713399920116165,0.3014958196572999,0.008637427553627449,0.007648715204681109,0.013966630439436674,0.36577672365509806,0.0
951,1,7.460515474416267e-05,7.4007030839297555e-06,1,1,,0,4.07420940374933e-09,0.651896410055052,0.44713399762318534,0.30149581859329383,0.0,0.0,0.0,0.007648715204681109,0.008637427553627449,0.013966630439436674,0.002810106901310943,0.007744176416989593,0.9888062851523053,35.850913079043266,0.0,0.36577672894998037,0.651896410055052,0.44713399762318534,0.30149581859329383,0.008637427553627449,0.007648715204681109,0.013966630439436674,0.36577672894998037,0.0
952,1,7.460515474416267e-05,7.400703226884132e-06,1,1,,0,4.080334502866797e-09,0.651896410055052,0.44713399605938664,0.3014958175388475,0.0,0.0,0.0,0.007648715204681109,0.008637427553627449,0.013966630439436674,0.002810106901310943,0.007744176416989593,0.9888062851523053,35.850913079043266,0.0,0.36577673419631274,0.651896410055052,0.44713399605938664,0.3014958175388475,0.008637427553627449,0.007648715204681109,0.013966630439436674,0.36577673419631274,0.0
953,1,7.460515474416267e-05,7.400703368812315e-06,1,1,,0,4.086403605674752e-09,0.651896410055052,0.4471339945096409,0.30149581649387697,0.0,0.0,0.0,0.007648715204681109,0.008637427553627449,0.013966630439436674,0.002810106901310943,0.007744176416989593,0.9888062851523053,35.850913079043266,0.0,0.36577673939453675,0.651896410055052,0.4471339945096409,0.30149581649387697,0.008637427553627449,0.007648715204681109,0.013966630439436674,0.36577673939453675,0.0
954,1,7.460515474416267e-05,7.400703509718605e-06,1,1,,0,4.0924172195699155e-09,0.651896410055052,0.44713399297382417,0.3014958154582984,0.0,0.0,0.0,0.007648715204681109,0.008637427553627449,0.013966630439436674,0.002810106901310943,0.007744176416989593,0.9888062851523053,35.850913079043266,0.0,0.36577674454509046,0.651896410055052,0.44713399297382417,0.3014958154582984,0.008637427553627449,0.007648715204681109,0.013966630439436674,0.36577674454509046,0.0
955,1,7.460515474416267e-05,7.400703649607367e-06,1,1,,0,4.098375847338429e-09,0.651896410055052,0.4471339914518131,0.30149581443202916,0.0,0.0,0.0,0.007648715204681109,0.008637427553627449,0.013966630439436674,0.002810106901310943,0.007744176416989593,0.9888062851523053,35.850913079043266,0.0,0.36577674964840784,0.651896410055052,0.4471339914518131,0.30149581443202916,0.008637427553627449,0.007648715204681109,0.013966630439436674,0.36577674964840784,0.0
956,1,7.460515474416267e-05,7.4007037884858106e-06,1,1,,0,4.1042799871565526e-09,0.651896410055052,0.4471339899434869,0.3014958134149871,0.0,0.0,0.0,0.007648715204681109,0.008637427553627449,0.013966630439436674,0.002810106901310943,0.007744176416989593,0.9888062851523053,35.850913079043266,0.0,0.3657767547049187,0.651896410055052,0.4471339899434869,0.3014958134149871,0.008637427553627449,0.007648715204681109,0.013966630439436674,0.3657767547049187,0.0
957,1,7.460515474416267e-05,7.4007039263583654e-06,1,1,,0,4.110130133040487e-09,0.651896410055052,0.4471339884487241,0.3014958124070906,0.0,0.0,0.0,0.007648715204681109,0.008637427553627449,0.013966630439436674,0.002810106901310943,0.007744176416989593,0.9888062851523053,35.850913079043266,0.0,0.36577675971504936,0.651896410055052,0.4471339884487241,0.3014958124070906,0.008637427553627449,0.007648715204681109,0.013966630439436674,0.36577675971504936,0.0
958,1,7.460515474416267e-05,7.4007040632308946e-06,1,1,,0,4.115926774439249e-09,0.651896410055052,0.4471339869674047,0.3014958114082591,0.0,0.0,0.0,0.007648715204681109,0.008637427553627449,0.013966630439436674,0.002810106901310943,0.007744176416989593,0.9888062851523053,35.850913079043266,0.0,0.36577676467922215,0.651896410055052,0.4471339869674047,0.3014958114082591,0.008637427553627449,0.007648715204681109,0.013966630439436674,0.36577676467922215,0.0
959,1,7.460515474416267e-05,7.400704199107433e-06,1,1,,0,4.12167039624531e-09,0.651896410055052,0.44713398549941064,0.3014958104184125,0.0,0.0,0.0,0.007648715204681109,0.008637427553627449,0.013966630439436674,0.002810106901310943,0.007744176416989593,0.9888062851523053,35.850913079043266,0.0,0.36577676959785543,0.651896410055052,0.44713398549941064,0.3014958104184125,0.008637427553627449,0.007648715204681109,0.013966630439436674,0.36577676959785543,0.0
960,1,7.460515474416267e-05,7.400704333994913e-06,1,1,,0,4.127361479334045e-09,0.651896410055052,0.44713398404462396,0.30149580943747134,0.0,0.0,0.0,0.007648715204681109,0.008637427553627449,0.013966630439436674,0.002810106901310943,0.007744176416989593,0.9888062851523053,35.850913079043266,0.0,0.36577677447136403,0.651896410055052,0.44713398404462396,0.30149580943747134,0.008637427553627449,0.007648715204681109,0.013966630439436674,0.36577677447136403,0.0
961,1,7.460515474416267e-05,7.400704467899409e-06,1,1,,0,4.133000499959057e-09,0.651896410055052,0.447133982602928,0.30149580846535706,0.0,0.0,0.0,0.007648715204681109,0.008637427553627449,0.013966630439436674,0.002810106901310943,0.007744176416989593,0.9888062851523053,35.850913079043266,0.0,0.36577677930015884,0.651896410055052,0.447133982602928,0.30149580846535706,0.008637427553627449,0.007648715204681109,0.013966630439436674,0.36577677930015884,0.0
962,1,7.460515474416267e-05,7.400704600824066e-06,1,1,,0,4.138587930428478e-09,0.651896410055052,0.44713398117420683,0.3014958075019917,0.0,0.0,0.0,0.007648715204681109,0.008637427553627449,0.013966630439436674,0.002810106901310943,0.007744176416989593,0.9888062851523053,35.850913079043266,0.0,0.36577678408464726,0.651896410055052,0.44713398117420683,0.3014958075019917,0.008637427553627449,0.007648715204681109,0.013966630439436674,0.36577678408464726,0.0
963,1,7.460515474416267e-05,7.400704732775635e-06,1,1,,0,4.144124238565995e-09,0.651896410055052,0.44713397975834573,0.3014958065472976,0.0,0.0,0.0,0.007648715204681109,0.008637427553627449,0.013966630439436674,0.002810106901310943,0.007744176416989593,0.9888062851523053,35.850913079043266,0.0,0.36577678882523296,0.651896410055052,0.44713397975834573,0.3014958065472976,0.008637427553627449,0.007648715204681109,0.013966630439436674,0.36577678882523296,0.0
964,1,7.460515474416267e-05,7.4007048637591614e-06,1,1,,0,4.149609888087779e-09,0.651896410055052,0.4471339783552312,0.3014958056011984,0.0,0.0,0.0,0.007648715204681109,0.008637427553627449,0.013966630439436674,0.002810106901310943,0.007744176416989593,0.9888062851523053,35.850913079043266,0.0,0.3657767935223156,0.651896410055052,0.4471339783552312,0.3014958056011984,0.008637427553627449,0.007648715204681109,0.013966630439436674,0.3657767935223156,0.0
965,1,7.460515474416267e-05,7.400704993781109e-06,1,1,,0,4.155045338820142e-09,0.651896410055052,0.4471339769647505,0.3014958046636178,0.0,0.0,0.0,0.007648715204681109,0.008637427553627449,0.013966630439436674,0.002810106901310943,0.007744176416989593,0.9888062851523053,35.850913079043266,0.0,0.36577679817629205,0.651896410055052,0.4471339769647505,0.3014958046636178,0.008637427553627449,0.007648715204681109,0.013966630439436674,0.36577679817629205,0.0
966,1,7.460515474416267e-05,7.4007051228460875e-06,1,1,,0,4.160431045937893e-09,0.651896410055052,0.44713397558679174,0.3014958037344806,0.0,0.0,0.0,0.007648715204681109,0.008637427553627449,0.013966630439436674,0.002810106901310943,0.007744176416989593,0.9888062851523053,35.850913079043266,0.0,0.3657768027875546,0.651896410055052,0.44713397558679174,0.3014958037344806,0.008637427553627449,0.007648715204681109,0.013966630439436674,0.3657768027875546,0.0
967,1,7.460515474416267e-05,7.4007052509597225e-06,1,1,,0,4.165767461082793e-09,0.651896410055052,0.4471339742212436,0.30149580281371197,0.0,0.0,0.0,0.007648715204681109,0.008637427553627449,0.013966630439436674,0.002810106901310943,0.007744176416989593,0.9888062851523053,35.850913079043266,0.0,0.3657768073564929,0.651896410055052,0.4471339742212436,0.30149580281371197,0.008637427553627449,0.007648715204681109,0.013966630439436674,0.3657768073564929,0.0
968,1,7.460515474416267e-05,7.400705378127481e-06,1,1,,0,4.171055031478194e-09,0.651896410055052,0.44713397286799716,0.30149580190123776,0.0,0.0,0.0,0.007648715204681109,0.008637427553627449,0.013966630439436674,0.002810106901310943,0.007744176416989593,0.9888062851523053,35.850913079043266,0.0,0.3657768118834925,0.651896410055052,0.44713397286799716,0.30149580190123776,0.008637427553627449,0.007648715204681109,0.013966630439436674,0.3657768118834925,0.0
969,1,7.460515474416267e-05,7.40070550435477e-06,1,1,,0,4.176294200471044e-09,0.651896410055052,0.44713397152694273,0.30149580099698464,0.0,0.0,0.0,0.007648715204681109,0.008637427553627449,0.013966630439436674,0.002810106901310943,0.007744176416989593,0.9888062851523053,35.850913079043266,0.0,0.3657768163689357,0.651896410055052,0.44713397152694273,0.30149580099698464,0.008637427553627449,0.007648715204681109,0.013966630439436674,0.3657768163689357,0.0
970,1,7.460515474416267e-05,7.400705629647601e-06,1,1,,0,4.181485407367534e-09,0.651896410055052,0.4471339701979725,0.30149580010087973,0.0,0.0,0.0,0.007648715204681109,0.008637427553627449,0.013966630439436674,0.002810106901310943,0.007744176416989593,0.9888062851523053,35.850913079043266,0.0,0.3657768208132012,0.651896410055052,0.4471339701979725,0.30149580010087973,0.008637427553627449,0.007648715204681109,0.013966630439436674,0.3657768208132012,0.0
971,1,7.460515474416267e-05,7.4007057540096516e-06,1,1,,0,4.186629087905031e-09,0.651896410055052,0.44713396888097906,0.3014957992128507,0.0,0.0,0.0,0.007648715204681109,0.008637427553627449,0.013966630439436674,0.002810106901310943,0.007744176416989593,0.9888062851523053,35.850913079043266,0.0,0.36577682521666455,0.651896410055052,0.44713396888097906,0.3014957992128507,0.008637427553627449,0.007648715204681109,0.013966630439436674,0.36577682521666455,0.0
972,1,7.460515474416267e-05,7.400705877449027e-06,1,1,,0,4.19172567341352e-09,0.651896410055052,0.4471339675758568,0.301495798332826,0.0,0.0,0.0,0.007648715204681109,0.008637427553627449,0.013966630439436674,0.002810106901310943,0.007744176416989593,0.9888062851523053,35.850913079043266,0.0,0.3657768295796977,0.651896410055052,0.4471339675758568,0.301495798332826,0.008637427553627449,0.007648715204681109,0.013966630439436674,0.3657768295796977,0.0
973,1,7.460515474416267e-05,7.400705999969217e-06,1,1,,0,4.196775591452281e-09,0.651896410055052,0.4471339662825,0.3014957974607348,0.0,0.0,0.0,0.007648715204681109,0.008637427553627449,0.013966630439436674,0.002810106901310943,0.007744176416989593,0.9888062851523053,35.850913079043266,0.0,0.3657768339026693,0.651896410055052,0.4471339662825,0.3014957974607348,0.008637427553627449,0.007648715204681109,0.013966630439436674,0.3657768339026693,0.0
974,1,7.460515474416267e-05,7.400706121576468e-06,1,1,,0,4.2017792659496975e-09,0.651896410055052,0.44713396500080466,0.30149579659650666,0.0,0.0,0.0,0.007648715204681109,0.008637427553627449,0.013966630439436674,0.002810106901310943,0.007744176416989593,0.9888062851523053,35.850913079043266,0.0,0.3657768381859446,0.651896410055052,0.44713396500080466,0.30149579659650666,0.008637427553627449,0.007648715204681109,0.013966630439436674,0.3657768381859446,0.0
975,1,7.460515474416267e-05,7.400706242276798e-06,1,1,,0,4.206737117029356e-09,0.651896410055052,0.44713396373066694,0.3014957957400717,0.0,0.0,0.0,0.007648715204681109,0.008637427553627449,0.013966630439436674,0.002810106901310943,0.007744176416989593,0.9888062851523053,35.850913079043266,0.0,0.3657768424298857,0.651896410055052,0.44713396373066694,0.3014957957400717,0.008637427553627449,0.007648715204681109,0.013966630439436674,0.3657768424298857,0.0
976,1,7.460515474416267e-05,7.400706362074379e-06,1,1,,0,4.2116495610036635e-09,0.651896410055052,0.4471339624719843,0.30149579489136075,0.0,0.0,0.0,0.007648715204681109,0.008637427553627449,0.013966630439436674,0.002810106901310943,0.007744176416989593,0.9888062851523053,35.850913079043266,0.0,0.36577684663485144,0.651896410055052,0.4471339624719843,0.30149579489136075,0.008637427553627449,0.007648715204681109,0.013966630439436674,0.36577684663485144,0.0
977,1,7.460515474416267e-05,7.400706480975072e-06,1,1,,0,4.216517010110101e-09,0.651896410055052,0.4471339612246556,0.30149579405030547,0.0,0.0,0.0,0.007648715204681109,0.008637427553627449,0.013966630439436674,0.002810106901310943,0.007744176416989593,0.9888062851523053,35.850913079043266,0.0,0.36577685080119704,0.651896410055052,0.4471339612246556,0.30149579405030547,0.008637427553627449,0.007648715204681109,0.013966630439436674,0.36577685080119704,0.0
978,1,7.460515474416267e-05,7.400706598984078e-06,1,1,,0,4.221339873349911e-09,0.651896410055052,0.44713395998857974,0.30149579321683767,0.0,0.0,0.0,0.007648715204681109,0.008637427553627449,0.013966630439436674,0.002810106901310943,0.007744176416989593,0.9888062851523053,35.850913079043266,0.0,0.3657768549292751,0.651896410055052,0.44713395998857974,0.30149579321683767,0.008637427553627449,0.007648715204681109,0.013966630439436674,0.3657768549292751,0.0
979,1,7.460515474416267e-05,7.400706716108267e-06,1,1,,0,4.226118556014211e-09,0.651896410055052,0.44713395876365647,0.30149579239089,0.0,0.0,0.0,0.007648715204681109,0.008637427553627449,0.013966630439436674,0.002810106901310943,0.007744176416989593,0.9888062851523053,35.850913079043266,0.0,0.3657768590194345,0.651896410055052,0.44713395876365647,0.30149579239089,0.008637427553627449,0.007648715204681109,0.013966630439436674,0.3657768590194345,0.0
980,1,7.460515474416267e-05,7.400706832350508e-06,1,1,,0,4.230853459392824e-09,0.651896410055052,0.44713395754978663,0.30149579157239575,0.0,0.0,0.0,0.007648715204681109,0.008637427553627449,0.013966630439436674,0.002810106901310943,0.007744176416989593,0.9888062851523053,35.850913079043266,0.0,0.3657768630720214,0.651896410055052,0.44713395754978663,0.30149579157239575,0.008637427553627449,0.007648715204681109,0.013966630439436674,0.3657768630720214,0.0
981,1,7.460515474416267e-05,7.400706947719185e-06,1,1,,0,4.235544981541488e-09,0.651896410055052,0.44713395634687225,0.30149579076128863,0.0,0.0,0.0,0.007648715204681109,0.008637427553627449,0.013966630439436674,0.002810106901310943,0.007744176416989593,0.9888062851523053,35.850913079043266,0.0,0.36577686708737844,0.651896410055052,0.44713395634687225,0.30149579076128863,0.008637427553627449,0.007648715204681109,0.013966630439436674,0.36577686708737844,0.0
982,1,7.460515474416267e-05,7.400707062216691e-06,1,1,,0,4.240193516709195e-09,0.651896410055052,0.4471339551548165,0.301495789957503,0.0,0.0,0.0,0.007648715204681109,0.008637427553627449,0.013966630439436674,0.002810106901310943,0.007744176416989593,0.9888062851523053,35.850913079043266,0.0,0.36577687106584555,0.651896410055052,0.4471339551548165,0.301495789957503,0.008637427553627449,0.007648715204681109,0.013966630439436674,0.36577687106584555,0.0
983,1,7.460515474416267e-05,7.400707175851123e-06,1,1,,0,4.244799455703888e-09,0.651896410055052,0.44713395397352185,0.3014957891609737,0.0,0.0,0.0,0.007648715204681109,0.008637427553627449,0.013966630439436674,0.002810106901310943,0.007744176416989593,0.9888062851523053,35.850913079043266,0.0,0.36577687500775913,0.651896410055052,0.44713395397352185,0.3014957891609737,0.008637427553627449,0.007648715204681109,0.013966630439436674,0.36577687500775913,0.0
984,1,7.460515474416267e-05,7.40070728862621e-06,1,1,,0,4.24936318584644e-09,0.651896410055052,0.4471339528028937,0.30149578837163626,0.0,0.0,0.0,0.007648715204681109,0.008637427553627449,0.013966630439436674,0.002810106901310943,0.007744176416989593,0.9888062851523053,35.850913079043266,0.0,0.365776878913453,0.651896410055052,0.4471339528028937,0.30149578837163626,0.008637427553627449,0.007648715204681109,0.013966630439436674,0.365776878913453,0.0
985,1,7.460515474416267e-05,7.400707400548365e-06,1,1,,0,4.253885090906382e-09,0.651896410055052,0.4471339516428358,0.30149578758942663,0.0,0.0,0.0,0.007648715204681109,0.008637427553627449,0.013966630439436674,0.002810106901310943,0.007744176416989593,0.9888062851523053,35.850913079043266,0.0,0.3657768827832578,0.651896410055052,0.4471339516428358,0.30149578758942663,0.008637427553627449,0.007648715204681109,0.013966630439436674,0.3657768827832578,0.0
986,1,7.460515474416267e-05,7.400707511622214e-06,1,1,,0,4.258365551360914e-09,0.651896410055052,0.44713395049325544,0.3014957868142815,0.0,0.0,0.0,0.007648715204681109,0.008637427553627449,0.013966630439436674,0.002810106901310943,0.007744176416989593,0.9888062851523053,35.850913079043266,0.0,0.365776886617501,0.651896410055052,0.44713395049325544,0.3014957868142815,0.008637427553627449,0.007648715204681109,0.013966630439436674,0.365776886617501,0.0
987,1,7.460515474416267e-05,7.400707621853367e-06,1,1,,0,4.26280494403616e-09,0.651896410055052,0.4471339493540587,0.3014957860461379,0.0,0.0,0.0,0.007648715204681109,0.008637427553627449,0.013966630439436674,0.002810106901310943,0.007744176416989593,0.9888062851523053,35.850913079043266,0.0,0.36577689041650735,0.651896410055052,0.4471339493540587,0.3014957860461379,0.008637427553627449,0.007648715204681109,0.013966630439436674,0.36577689041650735,0.0
988,1,7.460515474416267e-05,7.400707731246854e-06,1,1,,0,4.2672036425447144e-09,0.651896410055052,0.44713394822515284,0.30149578528493365,0.0,0.0,0.0,0.007648715204681109,0.008637427553627449,0.013966630439436674,0.002810106901310943,0.007744176416989593,0.9888062851523053,35.850913079043266,0.0,0.36577689418059844,0.651896410055052,0.44713394822515284,0.30149578528493365,0.008637427553627449,0.007648715204681109,0.013966630439436674,0.36577689418059844,0.0
989,1,7.460515474416267e-05,7.400707839807171e-06,1,1,,0,4.271562016955472e-09,0.651896410055052,0.4471339471064468,0.30149578453060677,0.0,0.0,0.0,0.007648715204681109,0.008637427553627449,0.013966630439436674,0.002810106901310943,0.007744176416989593,0.9888062851523053,35.850913079043266,0.0,0.3657768979100932,0.651896410055052,0.4471339471064468,0.30149578453060677,0.008637427553627449,0.007648715204681109,0.013966630439436674,0.3657768979100932,0.0
990,1,7.460515474416267e-05,7.4007079475423165e-06,1,1,,0,4.275880434259214e-09,0.651896410055052,0.44713394599784995,0.3014957837830962,0.0,0.0,0.0,0.007648715204681109,0.008637427553627449,0.013966630439436674,0.002810106901310943,0.007744176416989593,0.9888062851523053,35.850913079043266,0.0,0.36577690160530746,0.651896410055052,0.44713394599784995,0.3014957837830962,0.008637427553627449,0.007648715204681109,0.013966630439436674,0.36577690160530746,0.0
991,1,7.460515474416267e-05,7.400708054454552e-06,1,1,,0,4.280159258141005e-09,0.651896410055052,0.4471339448992713,0.301495783042341,0.0,0.0,0.0,0.007648715204681109,0.008637427553627449,0.013966630439436674,0.002810106901310943,0.007744176416989593,0.9888062851523053,35.850913079043266,0.0,0.3657769052665543,0.651896410055052,0.4471339448992713,0.301495783042341,0.008637427553627449,0.007648715204681109,0.013966630439436674,0.3657769052665543,0.0
992,1,7.460515474416267e-05,7.400708160552202e-06,1,1,,0,4.284398848569401e-09,0.651896410055052,0.4471339438106224,0.30149578230828117,0.0,0.0,0.0,0.007648715204681109,0.008637427553627449,0.013966630439436674,0.002810106901310943,0.007744176416989593,0.9888062851523053,35.850913079043266,0.0,0.365776908894144,0.651896410055052,0.4471339438106224,0.30149578230828117,0.008637427553627449,0.007648715204681109,0.013966630439436674,0.365776908894144,0.0
993,1,7.460515474416267e-05,7.400708265837931e-06,1,1,,0,4.288599562826506e-09,0.651896410055052,0.4471339427318143,0.30149578158085694,0.0,0.0,0.0,0.007648715204681109,0.008637427553627449,0.013966630439436674,0.002810106901310943,0.007744176416989593,0.9888062851523053,35.850913079043266,0.0,0.3657769124883839,0.651896410055052,0.4471339427318143,0.30149578158085694,0.008637427553627449,0.007648715204681109,0.013966630439436674,0.3657769124883839,0.0
994,1,7.460515474416267e-05,7.400708370318122e-06,1,1,,0,4.292761754821068e-09,0.651896410055052,0.4471339416627593,0.3014957808600091,0.0,0.0,0.0,0.007648715204681109,0.008637427553627449,0.013966630439436674,0.002810106901310943,0.007744176416989593,0.9888062851523053,35.850913079043266,0.0,0.36577691604957874,0.651896410055052,0.4471339416627593,0.3014957808600091,0.008637427553627449,0.007648715204681109,0.013966630439436674,0.36577691604957874,0.0
995,1,7.460515474416267e-05,7.400708473997992e-06,1,1,,0,4.296885774978873e-09,0.651896410055052,0.44713394060337086,0.3014957801456792,0.0,0.0,0.0,0.007648715204681109,0.008637427553627449,0.013966630439436674,0.002810106901310943,0.007744176416989593,0.9888062851523053,35.850913079043266,0.0,0.36577691957803027,0.651896410055052,0.44713394060337086,0.3014957801456792,0.008637427553627449,0.007648715204681109,0.013966630439436674,0.36577691957803027,0.0
996,1,7.460515474416267e-05,7.400708576882441e-06,1,1,,0,4.300971970933314e-09,0.651896410055052,0.44713393955356256,0.3014957794378089,0.0,0.0,0.0,0.007648715204681109,0.008637427553627449,0.013966630439436674,0.002810106901310943,0.007744176416989593,0.9888062851523053,35.850913079043266,0.0,0.36577692307403775,0.651896410055052,0.44713393955356256,0.3014957794378089,0.008637427553627449,0.007648715204681109,0.013966630439436674,0.36577692307403775,0.0
997,1,7.460515474416267e-05,7.400708678976807e-06,1,1,,0,4.305020686942318e-09,0.651896410055052,0.44713393851324895,0.30149577873634087,0.0,0.0,0.0,0.007648715204681109,0.008637427553627449,0.013966630439436674,0.002810106901310943,0.007744176416989593,0.9888062851523053,35.850913079043266,0.0,0.36577692653789745,0.651896410055052,0.44713393851324895,0.30149577873634087,0.008637427553627449,0.007648715204681109,0.013966630439436674,0.36577692653789745,0.0
998,1,7.460515474416267e-05,7.40070878028655e-06,1,1,,0,4.309032264585872e-09,0.651896410055052,0.44713393748234487,0.3014957780412176,0.0,0.0,0.0,0.007648715204681109,0.008637427553627449,0.013966630439436674,0.002810106901310943,0.007744176416989593,0.9888062851523053,35.850913079043266,0.0,0.3657769299699033,0.651896410055052,0.44713393748234487,0.3014957780412176,0.008637427553627449,0.007648715204681109,0.013966630439436674,0.3657769299699033,0.0
999,1,7.460515474416267e-05,7.400708880817766e-06,1,1,,0,4.31300704176546e-09,0.651896410055052,0.4471339364607666,0.3014957773523826,0.0,0.0,0.0,0.007648715204681109,0.008637427553627449,0.013966630439436674,0.002810106901310943,0.007744176416989593,0.9888062851523053,35.850913079043266,0.0,0.3657769333703464,0.651896410055052,0.4471339364607666,0.3014957773523826,0.008637427553627449,0.007648715204681109,0.013966630439436674,0.3657769333703464,0.0
1000,1,7.460515474416267e-05,7.400708980572753e-06,1,1,,0,4.316945353769604e-09,0.651896410055052,0.4471339354484313,0.3014957766697798,0.0,0.0,0.0,0.007648715204681109,0.008637427553627449,0.013966630439436674,0.002810106901310943,0.007744176416989593,0.9888062851523053,35.850913079043266,0.0,0.3657769367395151,0.651896410055052,0.4471339354484313,0.3014957766697798,0.008637427553627449,0.007648715204681109,0.013966630439436674,0.3657769367395151,0.0
1001,1,7.460515474416267e-05,7.400709079559582e-06,1,1,,0,4.320847532511398e-09,0.651896410055052,0.44713393444525595,0.30149577599335364,0.0,0.0,0.0,0.007648715204681109,0.008637427553627449,0.013966630439436674,0.002810106901310943,0.007744176416989593,0.9888062851523053,35.850913079043266,0.0,0.3657769400776952,0.651896410055052,0.44713393444525595,0.30149577599335364,0.008637427553627449,0.007648715204681109,0.013966630439436674,0.3657769400776952,0.0
1002,1,7.460515474416267e-05,7.400709177781988e-06,1,1,,0,4.32471390732727e-09,0.651896410055052,0.44713393345115926,0.3014957753230489,0.0,0.0,0.0,0.007648715204681109,0.008637427553627449,0.013966630439436674,0.002810106901310943,0.007744176416989593,0.9888062851523053,35.850913079043266,0.0,0.36577694338517,0.651896410055052,0.44713393345115926,0.3014957753230489,0.008637427553627449,0.007648715204681109,0.013966630439436674,0.36577694338517,0.0
1003,1,7.460515474416267e-05,7.400709275244526e-06,1,1,,0,4.328544804292153e-09,0.651896410055052,0.4471339324660595,0.30149577465881083,0.0,0.0,0.0,0.007648715204681109,0.008637427553627449,0.013966630439436674,0.002810106901310943,0.007744176416989593,0.9888062851523053,35.850913079043266,0.0,0.3657769466622202,0.651896410055052,0.4471339324660595,0.30149577465881083,0.008637427553627449,0.007648715204681109,0.013966630439436674,0.3657769466622202,0.0
1004,1,7.460515474416267e-05,7.400709371953562e-06,1,1,,0,4.332340546715721e-09,0.651896410055052,0.4471339314898768,0.3014957740005853,0.0,0.0,0.0,0.007648715204681109,0.008637427553627449,0.013966630439436674,0.002810106901310943,0.007744176416989593,0.9888062851523053,35.850913079043266,0.0,0.36577694990912396,0.651896410055052,0.4471339314898768,0.3014957740005853,0.008637427553627449,0.007648715204681109,0.013966630439436674,0.36577694990912396,0.0
1005,1,7.460515474416267e-05,7.4007094679135435e-06,1,1,,0,4.336101455000733e-09,0.651896410055052,0.4471339305225311,0.3014957733483185,0.0,0.0,0.0,0.007648715204681109,0.008637427553627449,0.013966630439436674,0.002810106901310943,0.007744176416989593,0.9888062851523053,35.850913079043266,0.0,0.3657769531261568,0.651896410055052,0.4471339305225311,0.3014957733483185,0.008637427553627449,0.007648715204681109,0.013966630439436674,0.3657769531261568,0.0
1006,1,7.460515474416267e-05,7.400709563130256e-06,1,1,,0,4.339827846423094e-09,0.651896410055052,0.44713392956394354,0.30149577270195715,0.0,0.0,0.0,0.007648715204681109,0.008637427553627449,0.013966630439436674,0.002810106901310943,0.007744176416989593,0.9888062851523053,35.850913079043266,0.0,0.36577695631359197,0.651896410055052,0.44713392956394354,0.30149577270195715,0.008637427553627449,0.007648715204681109,0.013966630439436674,0.36577695631359197,0.0
1007,1,7.460515474416267e-05,7.4007096576075606e-06,1,1,,0,4.343520035475639e-09,0.651896410055052,0.44713392861403617,0.3014957720614487,0.0,0.0,0.0,0.007648715204681109,0.008637427553627449,0.013966630439436674,0.002810106901310943,0.007744176416989593,0.9888062851523053,35.850913079043266,0.0,0.3657769594717001,0.651896410055052,0.44713392861403617,0.3014957720614487,0.008637427553627449,0.007648715204681109,0.013966630439436674,0.3657769594717001,0.0
1008,1,7.460515474416267e-05,7.4007097513507865e-06,1,1,,0,4.347178334115339e-09,0.651896410055052,0.4471339276727309,0.3014957714267405,0.0,0.0,0.0,0.007648715204681109,0.008637427553627449,0.013966630439436674,0.002810106901310943,0.007744176416989593,0.9888062851523053,35.850913079043266,0.0,0.3657769626007492,0.651896410055052,0.4471339276727309,0.3014957714267405,0.008637427553627449,0.007648715204681109,0.013966630439436674,0.3657769626007492,0.0
1009,1,7.460515474416267e-05,7.400709844365882e-06,1,1,,0,4.3508030512069786e-09,0.651896410055052,0.44713392673995084,0.3014957707977807,0.0,0.0,0.0,0.007648715204681109,0.008637427553627449,0.013966630439436674,0.002810106901310943,0.007744176416989593,0.9888062851523053,35.850913079043266,0.0,0.3657769657010053,0.651896410055052,0.44713392673995084,0.3014957707977807,0.008637427553627449,0.007648715204681109,0.013966630439436674,0.3657769657010053,0.0
1010,1,7.460515474416267e-05,7.4007099366552975e-06,1,1,,0,4.35439449278401e-09,0.651896410055052,0.4471339258156197,0.3014957701745181,0.0,0.0,0.0,0.007648715204681109,0.008637427553627449,0.013966630439436674,0.002810106901310943,0.007744176416989593,0.9888062851523053,35.850913079043266,0.0,0.3657769687727315,0.651896410055052,0.4471339258156197,0.3014957701745181,0.008637427553627449,0.007648715204681109,0.013966630439436674,0.3657769687727315,0.0
1011,1,7.460515474416267e-05,7.400710028227354e-06,1,1,,0,4.357952962279008e-09,0.651896410055052,0.4471339248996623,0.3014957695569016,0.0,0.0,0.0,0.007648715204681109,0.008637427553627449,0.013966630439436674,0.002810106901310943,0.007744176416989593,0.9888062851523053,35.850913079043266,0.0,0.36577697181618896,0.651896410055052,0.4471339248996623,0.3014957695569016,0.008637427553627449,0.007648715204681109,0.013966630439436674,0.36577697181618896,0.0
1012,1,7.460515474416267e-05,7.400710119085786e-06,1,1,,0,4.361478760406042e-09,0.651896410055052,0.44713392399200347,0.30149576894488067,0.0,0.0,0.0,0.007648715204681109,0.008637427553627449,0.013966630439436674,0.002810106901310943,0.007744176416989593,0.9888062851523053,35.850913079043266,0.0,0.3657769748316362,0.651896410055052,0.44713392399200347,0.30149576894488067,0.008637427553627449,0.007648715204681109,0.013966630439436674,0.3657769748316362,0.0
1013,1,7.460515474416267e-05,7.400710209234343e-06,1,1,,0,4.364972184841238e-09,0.651896410055052,0.44713392309256905,0.30149576833840525,0.0,0.0,0.0,0.007648715204681109,0.008637427553627449,0.013966630439436674,0.002810106901310943,0.007744176416989593,0.9888062851523053,35.850913079043266,0.0,0.3657769778193294,0.651896410055052,0.44713392309256905,0.30149576833840525,0.008637427553627449,0.007648715204681109,0.013966630439436674,0.3657769778193294,0.0
1014,1,7.460515474416267e-05,7.4007102986792035e-06,1,1,,0,4.368433530996423e-09,0.651896410055052,0.44713392220128495,0.30149576773742565,0.0,0.0,0.0,0.007648715204681109,0.008637427553627449,0.013966630439436674,0.002810106901310943,0.007744176416989593,0.9888062851523053,35.850913079043266,0.0,0.3657769807795225,0.651896410055052,0.44713392220128495,0.30149576773742565,0.008637427553627449,0.007648715204681109,0.013966630439436674,0.3657769807795225,0.0
1015,1,7.460515474416267e-05,7.400710387423849e-06,1,1,,0,4.3718630914178725e-09,0.651896410055052,0.4471339213180785,0.3014957671418927,0.0,0.0,0.0,0.007648715204681109,0.008637427553627449,0.013966630439436674,0.002810106901310943,0.007744176416989593,0.9888062851523053,35.850913079043266,0.0,0.36577698371246714,0.651896410055052,0.4471339213180785,0.3014957671418927,0.008637427553627449,0.007648715204681109,0.013966630439436674,0.36577698371246714,0.0
1016,1,7.460515474416267e-05,7.400710475474162e-06,1,1,,0,4.375261156035981e-09,0.651896410055052,0.4471339204428775,0.30149576655175764,0.0,0.0,0.0,0.007648715204681109,0.008637427553627449,0.013966630439436674,0.002810106901310943,0.007744176416989593,0.9888062851523053,35.850913079043266,0.0,0.3657769866184127,0.651896410055052,0.4471339204428775,0.30149576655175764,0.008637427553627449,0.007648715204681109,0.013966630439436674,0.3657769866184127,0.0
1017,1,7.460515474416267e-05,7.400710562835847e-06,1,1,,0,4.378628012062306e-09,0.651896410055052,0.44713391957561005,0.3014957659669721,0.0,0.0,0.0,0.007648715204681109,0.008637427553627449,0.013966630439436674,0.002810106901310943,0.007744176416989593,0.9888062851523053,35.850913079043266,0.0,0.3657769894976061,0.651896410055052,0.44713391957561005,0.3014957659669721,0.008637427553627449,0.007648715204681109,0.013966630439436674,0.3657769894976061,0.0
1018,1,7.460515474416267e-05,7.400710649511623e-06,1,1,,0,4.381963944301153e-09,0.651896410055052,0.4471339187162051,0.30149576538748807,0.0,0.0,0.0,0.007648715204681109,0.008637427553627449,0.013966630439436674,0.002810106901310943,0.007744176416989593,0.9888062851523053,35.850913079043266,0.0,0.3657769923502923,0.651896410055052,0.4471339187162051,0.30149576538748807,0.008637427553627449,0.007648715204681109,0.013966630439436674,0.3657769923502923,0.0
1019,1,7.460515474416267e-05,7.400710735507814e-06,1,1,,0,4.385269234956399e-09,0.651896410055052,0.4471339178645919,0.301495764813258,0.0,0.0,0.0,0.007648715204681109,0.008637427553627449,0.013966630439436674,0.002810106901310943,0.007744176416989593,0.9888062851523053,35.850913079043266,0.0,0.36577699517671397,0.651896410055052,0.4471339178645919,0.301495764813258,0.008637427553627449,0.007648715204681109,0.013966630439436674,0.36577699517671397,0.0
1020,1,7.460515474416267e-05,7.400710820827635e-06,1,1,,0,4.388544163326026e-09,0.651896410055052,0.4471339170207014,0.30149576424423513,0.0,0.0,0.0,0.007648715204681109,0.008637427553627449,0.013966630439436674,0.002810106901310943,0.007744176416989593,0.9888062851523053,35.850913079043266,0.0,0.36577699797711133,0.651896410055052,0.4471339170207014,0.30149576424423513,0.008637427553627449,0.007648715204681109,0.013966630439436674,0.36577699797711133,0.0
1021,1,7.460515474416267e-05,7.400710905478381e-06,1,1,,0,4.391789006910591e-09,0.651896410055052,0.4471339161844637,0.3014957636803724,0.0,0.0,0.0,0.007648715204681109,0.008637427553627449,0.013966630439436674,0.002810106901310943,0.007744176416989593,0.9888062851523053,35.850913079043266,0.0,0.3657770007517227,0.651896410055052,0.4471339161844637,0.3014957636803724,0.008637427553627449,0.007648715204681109,0.013966630439436674,0.3657770007517227,0.0
1022,1,7.460515474416267e-05,7.4007109894622065e-06,1,1,,0,4.395004039902596e-09,0.651896410055052,0.44713391535581026,0.3014957631216237,0.0,0.0,0.0,0.007648715204681109,0.008637427553627449,0.013966630439436674,0.002810106901310943,0.007744176416989593,0.9888062851523053,35.850913079043266,0.0,0.3657770035007842,0.651896410055052,0.44713391535581026,0.3014957631216237,0.008637427553627449,0.007648715204681109,0.013966630439436674,0.3657770035007842,0.0
1023,1,7.460515474416267e-05,7.400711072785266e-06,1,1,,0,4.398189534525473e-09,0.651896410055052,0.4471339145346734,0.3014957625679432,0.0,0.0,0.0,0.007648715204681109,0.008637427553627449,0.013966630439436674,0.002810106901310943,0.007744176416989593,0.9888062851523053,35.850913079043266,0.0,0.36577700622452963,0.651896410055052,0.4471339145346734,0.3014957625679432,0.008637427553627449,0.007648715204681109,0.013966630439436674,0.36577700622452963,0.0
1024,1,7.460515474416267e-05,7.400711155452114e-06,1,1,,0,4.401345760334262e-09,0.651896410055052,0.44713391372098515,0.30149576201928546,0.0,0.0,0.0,0.007648715204681109,0.008637427553627449,0.013966630439436674,0.002810106901310943,0.007744176416989593,0.9888062851523053,35.850913079043266,0.0,0.36577700892319076,0.651896410055052,0.44713391372098515,0.30149576201928546,0.008637427553627449,0.007648715204681109,0.013966630439436674,0.36577700892319076,0.0
1025,1,7.460515474416267e-05,7.4007112374665645e-06,1,1,,0,4.404472984668183e-09,0.651896410055052,0.4471339129146791,0.30149576147560525,0.0,0.0,0.0,0.007648715204681109,0.008637427553627449,0.013966630439436674,0.002810106901310943,0.007744176416989593,0.9888062851523053,35.850913079043266,0.0,0.36577701159699744,0.651896410055052,0.4471339129146791,0.30149576147560525,0.008637427553627449,0.007648715204681109,0.013966630439436674,0.36577701159699744,0.0
1026,1,7.460515474416267e-05,7.400711318833276e-06,1,1,,0,4.4075714721709695e-09,0.651896410055052,0.44713391211568904,0.301495760936858,0.0,0.0,0.0,0.007648715204681109,0.008637427553627449,0.013966630439436674,0.002810106901310943,0.007744176416989593,0.9888062851523053,35.850913079043266,0.0,0.36577701424617703,0.651896410055052,0.44713391211568904,0.301495760936858,0.008637427553627449,0.007648715204681109,0.013966630439436674,0.36577701424617703,0.0
1027,1,7.460515474416267e-05,7.400711399559209e-06,1,1,,0,4.410641485163878e-09,0.651896410055052,0.44713391132394914,0.3014957604029995,0.0,0.0,0.0,0.007648715204681109,0.008637427553627449,0.013966630439436674,0.002810106901310943,0.007744176416989593,0.9888062851523053,35.850913079043266,0.0,0.3657770168709553,0.651896410055052,0.44713391132394914,0.3014957604029995,0.008637427553627449,0.007648715204681109,0.013966630439436674,0.3657770168709553,0.0
1028,1,7.460515474416267e-05,7.400711479644703e-06,1,1,,0,4.413683283674551e-09,0.651896410055052,0.44713391053939433,0.30149575987398586,0.0,0.0,0.0,0.007648715204681109,0.008637427553627449,0.013966630439436674,0.002810106901310943,0.007744176416989593,0.9888062851523053,35.850913079043266,0.0,0.3657770194715555,0.651896410055052,0.44713391053939433,0.30149575987398586,0.008637427553627449,0.007648715204681109,0.013966630439436674,0.3657770194715555,0.0
1029,1,7.460515474416267e-05,7.400711559098339e-06,1,1,,0,4.416697125488442e-09,0.651896410055052,0.44713390976195994,0.3014957593497734,0.0,0.0,0.0,0.007648715204681109,0.008637427553627449,0.013966630439436674,0.002810106901310943,0.007744176416989593,0.9888062851523053,35.850913079043266,0.0,0.36577702204819934,0.651896410055052,0.44713390976195994,0.3014957593497734,0.008637427553627449,0.007648715204681109,0.013966630439436674,0.36577702204819934,0.0
1030,1,7.460515474416267e-05,7.400711637922395e-06,1,1,,0,4.419683265684634e-09,0.651896410055052,0.4471339089915827,0.3014957588303194,0.0,0.0,0.0,0.007648715204681109,0.008637427553627449,0.013966630439436674,0.002810106901310943,0.007744176416989593,0.9888062851523053,35.850913079043266,0.0,0.36577702460110595,0.651896410055052,0.4471339089915827,0.3014957588303194,0.008637427553627449,0.007648715204681109,0.013966630439436674,0.36577702460110595,0.0
1031,1,7.460515474416267e-05,7.40071171612141e-06,1,1,,0,4.422641957452747e-09,0.651896410055052,0.4471339082281983,0.3014957583155808,0.0,0.0,0.0,0.007648715204681109,0.008637427553627449,0.013966630439436674,0.002810106901310943,0.007744176416989593,0.9888062851523053,35.850913079043266,0.0,0.36577702713049304,0.651896410055052,0.4471339082281983,0.3014957583155808,0.008637427553627449,0.007648715204681109,0.013966630439436674,0.36577702713049304,0.0
1032,1,7.460515474416267e-05,7.400711793700844e-06,1,1,,0,4.425573451491281e-09,0.651896410055052,0.4471339074717444,0.3014957578055152,0.0,0.0,0.0,0.007648715204681109,0.008637427553627449,0.013966630439436674,0.002810106901310943,0.007744176416989593,0.9888062851523053,35.850913079043266,0.0,0.3657770296365759,0.651896410055052,0.4471339074717444,0.3014957578055152,0.008637427553627449,0.007648715204681109,0.013966630439436674,0.3657770296365759,0.0
1033,1,7.460515474416267e-05,7.400711870665932e-06,1,1,,0,4.4284779961441275e-09,0.651896410055052,0.447133906722159,0.3014957573000808,0.0,0.0,0.0,0.007648715204681109,0.008637427553627449,0.013966630439436674,0.002810106901310943,0.007744176416989593,0.9888062851523053,35.850913079043266,0.0,0.36577703211956814,0.651896410055052,0.447133906722159,0.3014957573000808,0.008637427553627449,0.007648715204681109,0.013966630439436674,0.36577703211956814,0.0
1034,1,7.460515474416267e-05,7.400711947018035e-06,1,1,,0,4.431355837771405e-09,0.651896410055052,0.44713390597937974,0.3014957567992359,0.0,0.0,0.0,0.007648715204681109,0.008637427553627449,0.013966630439436674,0.002810106901310943,0.007744176416989593,0.9888062851523053,35.850913079043266,0.0,0.36577703457968125,0.651896410055052,0.44713390597937974,0.3014957567992359,0.008637427553627449,0.007648715204681109,0.013966630439436674,0.36577703457968125,0.0
1035,1,7.460515474416267e-05,7.400712022765728e-06,1,1,,0,4.434207220251433e-09,0.651896410055052,0.44713390524334634,0.3014957563029393,0.0,0.0,0.0,0.007648715204681109,0.008637427553627449,0.013966630439436674,0.002810106901310943,0.007744176416989593,0.9888062851523053,35.850913079043266,0.0,0.36577703701712505,0.651896410055052,0.44713390524334634,0.3014957563029393,0.008637427553627449,0.007648715204681109,0.013966630439436674,0.36577703701712505,0.0
1036,1,7.460515474416267e-05,7.400712097909489e-06,1,1,,0,4.437032385313907e-09,0.651896410055052,0.4471339045139972,0.30149575581115007,0.0,0.0,0.0,0.007648715204681109,0.008637427553627449,0.013966630439436674,0.002810106901310943,0.007744176416989593,0.9888062851523053,35.850913079043266,0.0,0.3657770394321069,0.651896410055052,0.4471339045139972,0.30149575581115007,0.008637427553627449,0.007648715204681109,0.013966630439436674,0.3657770394321069,0.0
1037,1,7.460515474416267e-05,7.400712172455086e-06,1,1,,0,4.43983157250803e-09,0.651896410055052,0.447133903791273,0.3014957553238277,0.0,0.0,0.0,0.007648715204681109,0.008637427553627449,0.013966630439436674,0.002810106901310943,0.007744176416989593,0.9888062851523053,35.850913079043266,0.0,0.365777041824833,0.651896410055052,0.447133903791273,0.3014957553238277,0.008637427553627449,0.007648715204681109,0.013966630439436674,0.365777041824833,0.0
1038,1,7.460515474416267e-05,7.400712246407917e-06,1,1,,0,4.442605019362936e-09,0.651896410055052,0.44713390307511347,0.3014957548409321,0.0,0.0,0.0,0.007648715204681109,0.008637427553627449,0.013966630439436674,0.002810106901310943,0.007744176416989593,0.9888062851523053,35.850913079043266,0.0,0.3657770441955072,0.651896410055052,0.44713390307511347,0.3014957548409321,0.008637427553627449,0.007648715204681109,0.013966630439436674,0.3657770441955072,0.0
1039,1,7.460515474416267e-05,7.400712319771339e-06,1,1,,0,4.445352960997781e-09,0.651896410055052,0.44713390236546013,0.3014957543624235,0.0,0.0,0.0,0.007648715204681109,0.008637427553627449,0.013966630439436674,0.002810106901310943,0.007744176416989593,0.9888062851523053,35.850913079043266,0.0,0.36577704654433163,0.651896410055052,0.44713390236546013,0.3014957543624235,0.008637427553627449,0.007648715204681109,0.013966630439436674,0.36577704654433163,0.0
1040,1,7.460515474416267e-05,7.4007123925493485e-06,1,1,,0,4.448075630614455e-09,0.651896410055052,0.4471339016622543,0.30149575388826216,0.0,0.0,0.0,0.007648715204681109,0.008637427553627449,0.013966630439436674,0.002810106901310943,0.007744176416989593,0.9888062851523053,35.850913079043266,0.0,0.3657770488715065,0.651896410055052,0.4471339016622543,0.30149575388826216,0.008637427553627449,0.007648715204681109,0.013966630439436674,0.3657770488715065,0.0
1041,1,7.460515474416267e-05,7.400712464747287e-06,1,1,,0,4.450773259159726e-09,0.651896410055052,0.447133900965438,0.30149575341840923,0.0,0.0,0.0,0.007648715204681109,0.008637427553627449,0.013966630439436674,0.002810106901310943,0.007744176416989593,0.9888062851523053,35.850913079043266,0.0,0.3657770511772303,0.651896410055052,0.447133900965438,0.30149575341840923,0.008637427553627449,0.007648715204681109,0.013966630439436674,0.3657770511772303,0.0
1042,1,7.460515474416267e-05,7.400712536368928e-06,1,1,,0,4.4534460755981316e-09,0.651896410055052,0.4471339002749537,0.3014957529528259,0.0,0.0,0.0,0.007648715204681109,0.008637427553627449,0.013966630439436674,0.002810106901310943,0.007744176416989593,0.9888062851523053,35.850913079043266,0.0,0.36577705346169975,0.651896410055052,0.4471339002749537,0.3014957529528259,0.008637427553627449,0.007648715204681109,0.013966630439436674,0.36577705346169975,0.0
1043,1,7.460515474416267e-05,7.4007126074191405e-06,1,1,,0,4.4560943067535415e-09,0.651896410055052,0.4471338995907443,0.3014957524914737,0.0,0.0,0.0,0.007648715204681109,0.008637427553627449,0.013966630439436674,0.002810106901310943,0.007744176416989593,0.9888062851523053,35.850913079043266,0.0,0.3657770557251097,0.651896410055052,0.4471338995907443,0.3014957524914737,0.008637427553627449,0.007648715204681109,0.013966630439436674,0.3657770557251097,0.0
1044,1,7.460515474416267e-05,7.40071267789984e-06,1,1,,0,4.458718177335089e-09,0.651896410055052,0.4471338989127533,0.30149575203431456,0.0,0.0,0.0,0.007648715204681109,0.008637427553627449,0.013966630439436674,0.002810106901310943,0.007744176416989593,0.9888062851523053,35.850913079043266,0.0,0.36577705796765314,0.651896410055052,0.4471338989127533,0.30149575203431456,0.008637427553627449,0.007648715204681109,0.013966630439436674,0.36577705796765314,0.0
1045,1,7.460515474416267e-05,7.400712747816629e-06,1,1,,0,4.461317910224365e-09,0.651896410055052,0.44713389824092553,0.3014957515813108,0.0,0.0,0.0,0.007648715204681109,0.008637427553627449,0.013966630439436674,0.002810106901310943,0.007744176416989593,0.9888062851523053,35.850913079043266,0.0,0.36577706018952144,0.651896410055052,0.44713389824092553,0.3014957515813108,0.008637427553627449,0.007648715204681109,0.013966630439436674,0.36577706018952144,0.0
1046,1,7.460515474416267e-05,7.400712817174556e-06,1,1,,0,4.463893725997649e-09,0.651896410055052,0.4471338975752045,0.301495751132425,0.0,0.0,0.0,0.007648715204681109,0.008637427553627449,0.013966630439436674,0.002810106901310943,0.007744176416989593,0.9888062851523053,35.850913079043266,0.0,0.36577706239090424,0.651896410055052,0.4471338975752045,0.301495751132425,0.008637427553627449,0.007648715204681109,0.013966630439436674,0.36577706239090424,0.0
1047,1,7.460515474416267e-05,7.400712885977272e-06,1,1,,0,4.466445843556592e-09,0.651896410055052,0.44713389691553534,0.30149575068761997,0.0,0.0,0.0,0.007648715204681109,0.008637427553627449,0.013966630439436674,0.002810106901310943,0.007744176416989593,0.9888062851523053,35.850913079043266,0.0,0.36577706457198933,0.651896410055052,0.44713389691553534,0.30149575068761997,0.008637427553627449,0.007648715204681109,0.013966630439436674,0.36577706457198933,0.0
1048,1,7.460515474416267e-05,7.400712954227634e-06,1,1,,0,4.468974479516201e-09,0.651896410055052,0.4471338962618639,0.3014957502468591,0.0,0.0,0.0,0.007648715204681109,0.008637427553627449,0.013966630439436674,0.002810106901310943,0.007744176416989593,0.9888062851523053,35.850913079043266,0.0,0.36577706673296295,0.651896410055052,0.4471338962618639,0.3014957502468591,0.008637427553627449,0.007648715204681109,0.013966630439436674,0.36577706673296295,0.0
1049,1,7.460515474416267e-05,7.400713021930853e-06,1,1,,0,4.471479848684628e-09,0.651896410055052,0.447133895614136,0.30149574981010585,0.0,0.0,0.0,0.007648715204681109,0.008637427553627449,0.013966630439436674,0.002810106901310943,0.007744176416989593,0.9888062851523053,35.850913079043266,0.0,0.3657770688740095,0.651896410055052,0.447133895614136,0.30149574981010585,0.008637427553627449,0.007648715204681109,0.013966630439436674,0.3657770688740095,0.0
1050,1,7.460515474416267e-05,7.4007130890911125e-06,1,1,,0,4.473962163932916e-09,0.651896410055052,0.44713389497229844,0.30149574937732426,0.0,0.0,0.0,0.007648715204681109,0.008637427553627449,0.013966630439436674,0.002810106901310943,0.007744176416989593,0.9888062851523053,35.850913079043266,0.0,0.3657770709953117,0.651896410055052,0.44713389497229844,0.30149574937732426,0.008637427553627449,0.007648715204681109,0.013966630439436674,0.3657770709953117,0.0
1051,1,7.460515474416267e-05,7.400713155712169e-06,1,1,,0,4.476421636227415e-09,0.651896410055052,0.4471338943362976,0.30149574894847825,0.0,0.0,0.0,0.007648715204681109,0.008637427553627449,0.013966630439436674,0.002810106901310943,0.007744176416989593,0.9888062851523053,35.850913079043266,0.0,0.3657770730970508,0.651896410055052,0.4471338943362976,0.30149574894847825,0.008637427553627449,0.007648715204681109,0.013966630439436674,0.3657770730970508,0.0
1052,1,7.460515474416267e-05,7.400713221797994e-06,1,1,,0,4.478858474462591e-09,0.651896410055052,0.4471338937060811,0.3014957485235327,0.0,0.0,0.0,0.007648715204681109,0.008637427553627449,0.013966630439436674,0.002810106901310943,0.007744176416989593,0.9888062851523053,35.850913079043266,0.0,0.36577707517940616,0.651896410055052,0.4471338937060811,0.3014957485235327,0.008637427553627449,0.007648715204681109,0.013966630439436674,0.36577707517940616,0.0
1053,1,7.460515474416267e-05,7.4007132873527e-06,1,1,,0,4.481272885686965e-09,0.651896410055052,0.44713389308159684,0.3014957481024523,0.0,0.0,0.0,0.007648715204681109,0.008637427553627449,0.013966630439436674,0.002810106901310943,0.007744176416989593,0.9888062851523053,35.850913079043266,0.0,0.3657770772425557,0.651896410055052,0.44713389308159684,0.3014957481024523,0.008637427553627449,0.007648715204681109,0.013966630439436674,0.3657770772425557,0.0
1054,1,7.460515474416267e-05,7.4007133523804265e-06,1,1,,0,4.483665075163437e-09,0.651896410055052,0.44713389246279334,0.3014957476852022,0.0,0.0,0.0,0.007648715204681109,0.008637427553627449,0.013966630439436674,0.002810106901310943,0.007744176416989593,0.9888062851523053,35.850913079043266,0.0,0.3657770792866756,0.651896410055052,0.44713389246279334,0.3014957476852022,0.008637427553627449,0.007648715204681109,0.013966630439436674,0.3657770792866756,0.0
1055,1,7.460515474416267e-05,7.4007134168838845e-06,1,1,,0,4.4860352461416095e-09,0.651896410055052,0.4471338918496191,0.30149574727174794,0.0,0.0,0.0,0.007648715204681109,0.008637427553627449,0.013966630439436674,0.002810106901310943,0.007744176416989593,0.9888062851523053,35.850913079043266,0.0,0.3657770813119403,0.651896410055052,0.4471338918496191,0.30149574727174794,0.008637427553627449,0.007648715204681109,0.013966630439436674,0.3657770813119403,0.0
1056,1,7.460515474416267e-05,7.40071348086858e-06,1,1,,0,4.488383600279857e-09,0.651896410055052,0.4471338912420234,0.30149574686205516,0.0,0.0,0.0,0.007648715204681109,0.008637427553627449,0.013966630439436674,0.002810106901310943,0.007744176416989593,0.9888062851523053,35.850913079043266,0.0,0.36577708331852304,0.651896410055052,0.4471338912420234,0.30149574686205516,0.008637427553627449,0.007648715204681109,0.013966630439436674,0.36577708331852304,0.0
1057,1,7.460515474416267e-05,7.400713544337178e-06,1,1,,0,4.49071033725714e-09,0.651896410055052,0.4471338906399562,0.3014957464560901,0.0,0.0,0.0,0.007648715204681109,0.008637427553627449,0.013966630439436674,0.002810106901310943,0.007744176416989593,0.9888062851523053,35.850913079043266,0.0,0.36577708530659514,0.651896410055052,0.4471338906399562,0.3014957464560901,0.008637427553627449,0.007648715204681109,0.013966630439436674,0.36577708530659514,0.0
1058,1,7.460515474416267e-05,7.4007136072953655e-06,1,1,,0,4.493015654831078e-09,0.651896410055052,0.44713389004336723,0.30149574605381907,0.0,0.0,0.0,0.007648715204681109,0.008637427553627449,0.013966630439436674,0.002810106901310943,0.007744176416989593,0.9888062851523053,35.850913079043266,0.0,0.3657770872763265,0.651896410055052,0.44713389004336723,0.30149574605381907,0.008637427553627449,0.007648715204681109,0.013966630439436674,0.3657770872763265,0.0
1059,1,7.460515474416267e-05,7.400713669744251e-06,1,1,,0,4.495299748980986e-09,0.651896410055052,0.44713388945220744,0.30149574565520887,0.0,0.0,0.0,0.007648715204681109,0.008637427553627449,0.013966630439436674,0.002810106901310943,0.007744176416989593,0.9888062851523053,35.850913079043266,0.0,0.36577708922788543,0.651896410055052,0.44713388945220744,0.30149574565520887,0.008637427553627449,0.007648715204681109,0.013966630439436674,0.36577708922788543,0.0
1060,1,7.460515474416267e-05,7.400713731689397e-06,1,1,,0,4.49756281416349e-09,0.651896410055052,0.4471338888664279,0.30149574526022627,0.0,0.0,0.0,0.007648715204681109,0.008637427553627449,0.013966630439436674,0.002810106901310943,0.007744176416989593,0.9888062851523053,35.850913079043266,0.0,0.3657770911614387,0.651896410055052,0.4471338888664279,0.30149574526022627,0.008637427553627449,0.007648715204681109,0.013966630439436674,0.3657770911614387,0.0
1061,1,7.460515474416267e-05,7.400713793134848e-06,1,1,,0,4.499805042887382e-09,0.651896410055052,0.4471338882859797,0.3014957448688386,0.0,0.0,0.0,0.007648715204681109,0.008637427553627449,0.013966630439436674,0.002810106901310943,0.007744176416989593,0.9888062851523053,35.850913079043266,0.0,0.36577709307715167,0.651896410055052,0.4471338882859797,0.3014957448688386,0.008637427553627449,0.007648715204681109,0.013966630439436674,0.36577709307715167,0.0
1062,1,7.460515474416267e-05,7.400713854082963e-06,1,1,,0,4.502026625945084e-09,0.651896410055052,0.44713388771081464,0.3014957444810135,0.0,0.0,0.0,0.007648715204681109,0.008637427553627449,0.013966630439436674,0.002810106901310943,0.007744176416989593,0.9888062851523053,35.850913079043266,0.0,0.365777094975188,0.651896410055052,0.44713388771081464,0.3014957444810135,0.008637427553627449,0.007648715204681109,0.013966630439436674,0.365777094975188,0.0
1063,1,7.460515474416267e-05,7.400713914539482e-06,1,1,,0,4.504227752196286e-09,0.651896410055052,0.4471338871408856,0.30149574409671875,0.0,0.0,0.0,0.007648715204681109,0.008637427553627449,0.013966630439436674,0.002810106901310943,0.007744176416989593,0.9888062851523053,35.850913079043266,0.0,0.3657770968557101,0.651896410055052,0.4471338871408856,0.30149574409671875,0.008637427553627449,0.007648715204681109,0.013966630439436674,0.3657770968557101,0.0
1064,1,7.460515474416267e-05,7.400713974506012e-06,1,1,,0,4.506408609198677e-09,0.651896410055052,0.44713388657614506,0.3014957437159226,0.0,0.0,0.0,0.007648715204681109,0.008637427553627449,0.013966630439436674,0.002810106901310943,0.007744176416989593,0.9888062851523053,35.850913079043266,0.0,0.36577709871887865,0.651896410055052,0.44713388657614506,0.3014957437159226,0.008637427553627449,0.007648715204681109,0.013966630439436674,0.36577709871887865,0.0
1065,1,7.460515474416267e-05,7.400714033989146e-06,1,1,,0,4.508569382511411e-09,0.651896410055052,0.44713388601654575,0.30149574333859314,0.0,0.0,0.0,0.007648715204681109,0.008637427553627449,0.013966630439436674,0.002810106901310943,0.007744176416989593,0.9888062851523053,35.850913079043266,0.0,0.365777100564853,0.651896410055052,0.44713388601654575,0.30149574333859314,0.008637427553627449,0.007648715204681109,0.013966630439436674,0.365777100564853,0.0
1066,1,7.460515474416267e-05,7.4007140929894065e-06,1,1,,0,4.510710255967307e-09,0.651896410055052,0.44713388546204197,0.30149574296469944,0.0,0.0,0.0,0.007648715204681109,0.008637427553627449,0.013966630439436674,0.002810106901310943,0.007744176416989593,0.9888062851523053,35.850913079043266,0.0,0.3657771023937911,0.651896410055052,0.44713388546204197,0.30149574296469944,0.008637427553627449,0.007648715204681109,0.013966630439436674,0.3657771023937911,0.0
1067,1,7.460515474416267e-05,7.400714151511827e-06,1,1,,0,4.512831411896023e-09,0.651896410055052,0.44713388491258743,0.30149574259421036,0.0,0.0,0.0,0.007648715204681109,0.008637427553627449,0.013966630439436674,0.002810106901310943,0.007744176416989593,0.9888062851523053,35.850913079043266,0.0,0.3657771042058492,0.651896410055052,0.44713388491258743,0.30149574259421036,0.008637427553627449,0.007648715204681109,0.013966630439436674,0.3657771042058492,0.0
1068,1,7.460515474416267e-05,7.40071420955999e-06,1,1,,0,4.514933030827062e-09,0.651896410055052,0.4471338843681362,0.30149574222709513,0.0,0.0,0.0,0.007648715204681109,0.008637427553627449,0.013966630439436674,0.002810106901310943,0.007744176416989593,0.9888062851523053,35.850913079043266,0.0,0.3657771060011824,0.651896410055052,0.4471338843681362,0.30149574222709513,0.008637427553627449,0.007648715204681109,0.013966630439436674,0.3657771060011824,0.0
1069,1,7.460515474416267e-05,7.400714267138295e-06,1,1,,0,4.517015291782429e-09,0.651896410055052,0.4471338838286436,0.30149574186332323,0.0,0.0,0.0,0.007648715204681109,0.008637427553627449,0.013966630439436674,0.002810106901310943,0.007744176416989593,0.9888062851523053,35.850913079043266,0.0,0.3657771077799443,0.651896410055052,0.4471338838286436,0.30149574186332323,0.008637427553627449,0.007648715204681109,0.013966630439436674,0.3657771077799443,0.0
1070,1,7.460515474416267e-05,7.400714324249297e-06,1,1,,0,4.519078372148014e-09,0.651896410055052,0.4471338832940643,0.30149574150286457,0.0,0.0,0.0,0.007648715204681109,0.008637427553627449,0.013966630439436674,0.002810106901310943,0.007744176416989593,0.9888062851523053,35.850913079043266,0.0,0.36577710954228726,0.651896410055052,0.4471338832940643,0.30149574150286457,0.008637427553627449,0.007648715204681109,0.013966630439436674,0.36577710954228726,0.0
1071,1,7.460515474416267e-05,7.400714380895556e-06,1,1,,0,4.521122447571982e-09,0.651896410055052,0.4471338827643548,0.30149574114568917,0.0,0.0,0.0,0.007648715204681109,0.008637427553627449,0.013966630439436674,0.002810106901310943,0.007744176416989593,0.9888062851523053,35.850913079043266,0.0,0.3657771112883617,0.651896410055052,0.4471338827643548,0.30149574114568917,0.008637427553627449,0.007648715204681109,0.013966630439436674,0.3657771112883617,0.0
1072,1,7.460515474416267e-05,7.400714437082684e-06,1,1,,0,4.523147692226358e-09,0.651896410055052,0.4471338822394705,0.3014957407917672,0.0,0.0,0.0,0.007648715204681109,0.008637427553627449,0.013966630439436674,0.002810106901310943,0.007744176416989593,0.9888062851523053,35.850913079043266,0.0,0.3657771130183174,0.651896410055052,0.4471338822394705,0.3014957407917672,0.008637427553627449,0.007648715204681109,0.013966630439436674,0.3657771130183174,0.0
1073,1,7.460515474416267e-05,7.4007144928131785e-06,1,1,,0,4.525154278610246e-09,0.651896410055052,0.44713388171936763,0.3014957404410696,0.0,0.0,0.0,0.007648715204681109,0.008637427553627449,0.013966630439436674,0.002810106901310943,0.007744176416989593,0.9888062851523053,35.850913079043266,0.0,0.36577711473230234,0.651896410055052,0.44713388171936763,0.3014957404410696,0.008637427553627449,0.007648715204681109,0.013966630439436674,0.36577711473230234,0.0
1074,1,7.460515474416267e-05,7.4007145480906935e-06,1,1,,0,4.527142377747895e-09,0.651896410055052,0.4471338812040031,0.301495740093567,0.0,0.0,0.0,0.007648715204681109,0.008637427553627449,0.013966630439436674,0.002810106901310943,0.007744176416989593,0.9888062851523053,35.850913079043266,0.0,0.365777116430463,0.651896410055052,0.4471338812040031,0.301495740093567,0.008637427553627449,0.007648715204681109,0.013966630439436674,0.365777116430463,0.0
1075,1,7.460515474416267e-05,7.400714602919315e-06,1,1,,0,4.529112159163554e-09,0.651896410055052,0.447133880693334,0.3014957397492304,0.0,0.0,0.0,0.007648715204681109,0.008637427553627449,0.013966630439436674,0.002810106901310943,0.007744176416989593,0.9888062851523053,35.850913079043266,0.0,0.3657771181129451,0.651896410055052,0.447133880693334,0.3014957397492304,0.008637427553627449,0.007648715204681109,0.013966630439436674,0.3657771181129451,0.0
1076,1,7.460515474416267e-05,7.40071465730098e-06,1,1,,0,4.531063790447393e-09,0.651896410055052,0.4471338801873182,0.30149573940803154,0.0,0.0,0.0,0.007648715204681109,0.008637427553627449,0.013966630439436674,0.002810106901310943,0.007744176416989593,0.9888062851523053,35.850913079043266,0.0,0.3657771197798924,0.651896410055052,0.4471338801873182,0.30149573940803154,0.008637427553627449,0.007648715204681109,0.013966630439436674,0.3657771197798924,0.0
1077,1,7.460515474416267e-05,7.4007147112413415e-06,1,1,,0,4.5329974382917034e-09,0.651896410055052,0.4471338796859136,0.30149573906994176,0.0,0.0,0.0,0.007648715204681109,0.008637427553627449,0.013966630439436674,0.002810106901310943,0.007744176416989593,0.9888062851523053,35.850913079043266,0.0,0.36577712143144786,0.651896410055052,0.4471338796859136,0.30149573906994176,0.008637427553627449,0.007648715204681109,0.013966630439436674,0.36577712143144786,0.0
1078,1,7.460515474416267e-05,7.400714764741695e-06,1,1,,0,4.5349132672969995e-09,0.651896410055052,0.447133879189078,0.301495738734933,0.0,0.0,0.0,0.007648715204681109,0.008637427553627449,0.013966630439436674,0.002810106901310943,0.007744176416989593,0.9888062851523053,35.850913079043266,0.0,0.3657771230677528,0.651896410055052,0.447133879189078,0.301495738734933,0.008637427553627449,0.007648715204681109,0.013966630439436674,0.3657771230677528,0.0
1079,1,7.460515474416267e-05,7.4007148178061755e-06,1,1,,0,4.5368114408279e-09,0.651896410055052,0.44713387869677085,0.3014957384029775,0.0,0.0,0.0,0.007648715204681109,0.008637427553627449,0.013966630439436674,0.002810106901310943,0.007744176416989593,0.9888062851523053,35.850913079043266,0.0,0.36577712468894735,0.651896410055052,0.44713387869677085,0.3014957384029775,0.008637427553627449,0.007648715204681109,0.013966630439436674,0.36577712468894735,0.0
1080,1,7.460515474416267e-05,7.400714870438305e-06,1,1,,0,4.538692120896017e-09,0.651896410055052,0.44713387820895034,0.3014957380740475,0.0,0.0,0.0,0.007648715204681109,0.008637427553627449,0.013966630439436674,0.002810106901310943,0.007744176416989593,0.9888062851523053,35.850913079043266,0.0,0.36577712629517045,0.651896410055052,0.44713387820895034,0.3014957380740475,0.008637427553627449,0.007648715204681109,0.013966630439436674,0.36577712629517045,0.0
1081,1,7.460515474416267e-05,7.400714922641177e-06,1,1,,0,4.540555467694348e-09,0.651896410055052,0.44713387772557683,0.3014957377481158,0.0,0.0,0.0,0.007648715204681109,0.008637427553627449,0.013966630439436674,0.002810106901310943,0.007744176416989593,0.9888062851523053,35.850913079043266,0.0,0.36577712788655947,0.651896410055052,0.44713387772557683,0.3014957377481158,0.008637427553627449,0.007648715204681109,0.013966630439436674,0.36577712788655947,0.0
1082,1,7.460515474416267e-05,7.400714974418794e-06,1,1,,0,4.5424016402466034e-09,0.651896410055052,0.4471338772466093,0.3014957374251552,0.0,0.0,0.0,0.007648715204681109,0.008637427553627449,0.013966630439436674,0.002810106901310943,0.007744176416989593,0.9888062851523053,35.850913079043266,0.0,0.36577712946325097,0.651896410055052,0.4471338772466093,0.3014957374251552,0.008637427553627449,0.007648715204681109,0.013966630439436674,0.36577712946325097,0.0
1083,1,7.460515474416267e-05,7.400715025773354e-06,1,1,,0,4.544230796154014e-09,0.651896410055052,0.4471338767720083,0.3014957371051386,0.0,0.0,0.0,0.007648715204681109,0.008637427553627449,0.013966630439436674,0.002810106901310943,0.007744176416989593,0.9888062851523053,35.850913079043266,0.0,0.36577713102538,0.651896410055052,0.4471338767720083,0.3014957371051386,0.008637427553627449,0.007648715204681109,0.013966630439436674,0.36577713102538,0.0
1084,1,7.460515474416267e-05,7.400715076709144e-06,1,1,,0,4.546043091092816e-09,0.651896410055052,0.44713387630173396,0.3014957367880397,0.0,0.0,0.0,0.007648715204681109,0.008637427553627449,0.013966630439436674,0.002810106901310943,0.007744176416989593,0.9888062851523053,35.850913079043266,0.0,0.36577713257308037,0.651896410055052,0.44713387630173396,0.3014957367880397,0.008637427553627449,0.007648715204681109,0.013966630439436674,0.36577713257308037,0.0
1085,1,7.460515474416267e-05,7.400715127229059e-06,1,1,,0,4.547838680014022e-09,0.651896410055052,0.4471338758357476,0.30149573647383193,0.0,0.0,0.0,0.007648715204681109,0.008637427553627449,0.013966630439436674,0.002810106901310943,0.007744176416989593,0.9888062851523053,35.850913079043266,0.0,0.36577713410648466,0.651896410055052,0.4471338758357476,0.30149573647383193,0.008637427553627449,0.007648715204681109,0.013966630439436674,0.36577713410648466,0.0
1086,1,7.460515474416267e-05,7.400715177335351e-06,1,1,,0,4.54961771593103e-09,0.651896410055052,0.4471338753740098,0.30149573616248926,0.0,0.0,0.0,0.007648715204681109,0.008637427553627449,0.013966630439436674,0.002810106901310943,0.007744176416989593,0.9888062851523053,35.850913079043266,0.0,0.3657771356257244,0.651896410055052,0.4471338753740098,0.30149573616248926,0.008637427553627449,0.007648715204681109,0.013966630439436674,0.3657771356257244,0.0
1087,1,7.460515474416267e-05,7.400715227032328e-06,1,1,,0,4.5513803508158385e-09,0.651896410055052,0.4471338749164831,0.30149573585398554,0.0,0.0,0.0,0.007648715204681109,0.008637427553627449,0.013966630439436674,0.002810106901310943,0.007744176416989593,0.9888062851523053,35.850913079043266,0.0,0.3657771371309298,0.651896410055052,0.4471338749164831,0.30149573585398554,0.008637427553627449,0.007648715204681109,0.013966630439436674,0.3657771371309298,0.0
1088,1,7.460515474416267e-05,7.4007152763236675e-06,1,1,,0,4.553126735015262e-09,0.651896410055052,0.4471338744631285,0.3014957355482952,0.0,0.0,0.0,0.007648715204681109,0.008637427553627449,0.013966630439436674,0.002810106901310943,0.007744176416989593,0.9888062851523053,35.850913079043266,0.0,0.36577713862222977,0.651896410055052,0.4471338744631285,0.3014957355482952,0.008637427553627449,0.007648715204681109,0.013966630439436674,0.36577713862222977,0.0
1089,1,7.460515474416267e-05,7.4007153252115725e-06,1,1,,0,4.554857017663282e-09,0.651896410055052,0.44713387401390836,0.30149573524539275,0.0,0.0,0.0,0.007648715204681109,0.008637427553627449,0.013966630439436674,0.002810106901310943,0.007744176416989593,0.9888062851523053,35.850913079043266,0.0,0.3657771400997523,0.651896410055052,0.44713387401390836,0.30149573524539275,0.008637427553627449,0.007648715204681109,0.013966630439436674,0.3657771400997523,0.0
1090,1,7.460515474416267e-05,7.40071537369878e-06,1,1,,0,4.556571346456767e-09,0.651896410055052,0.44713387356878526,0.3014957349452529,0.0,0.0,0.0,0.007648715204681109,0.008637427553627449,0.013966630439436674,0.002810106901310943,0.007744176416989593,0.9888062851523053,35.850913079043266,0.0,0.3657771415636241,0.651896410055052,0.44713387356878526,0.3014957349452529,0.008637427553627449,0.007648715204681109,0.013966630439436674,0.3657771415636241,0.0
1091,1,7.460515474416267e-05,7.400715421789905e-06,1,1,,0,4.558269867667888e-09,0.651896410055052,0.4471338731277222,0.3014957346478506,0.0,0.0,0.0,0.007648715204681109,0.008637427553627449,0.013966630439436674,0.002810106901310943,0.007744176416989593,0.9888062851523053,35.850913079043266,0.0,0.36577714301397063,0.651896410055052,0.4471338731277222,0.3014957346478506,0.008637427553627449,0.007648715204681109,0.013966630439436674,0.36577714301397063,0.0
1092,1,7.460515474416267e-05,7.40071546948639e-06,1,1,,0,4.559952726450809e-09,0.651896410055052,0.4471338726906825,0.3014957343531612,0.0,0.0,0.0,0.007648715204681109,0.008637427553627449,0.013966630439436674,0.002810106901310943,0.007744176416989593,0.9888062851523053,35.850913079043266,0.0,0.36577714445091625,0.651896410055052,0.4471338726906825,0.3014957343531612,0.008637427553627449,0.007648715204681109,0.013966630439436674,0.36577714445091625,0.0
1093,1,7.460515474416267e-05,7.400715516792581e-06,1,1,,0,4.561620066386046e-09,0.651896410055052,0.44713387225762946,0.30149573406116004,0.0,0.0,0.0,0.007648715204681109,0.008637427553627449,0.013966630439436674,0.002810106901310943,0.007744176416989593,0.9888062851523053,35.850913079043266,0.0,0.3657771458745842,0.651896410055052,0.44713387225762946,0.30149573406116004,0.008637427553627449,0.007648715204681109,0.013966630439436674,0.3657771458745842,0.0
1094,1,7.460515474416267e-05,7.40071556371067e-06,1,1,,0,4.563272029940872e-09,0.651896410055052,0.44713387182852743,0.3014957337718228,0.0,0.0,0.0,0.007648715204681109,0.008637427553627449,0.013966630439436674,0.002810106901310943,0.007744176416989593,0.9888062851523053,35.850913079043266,0.0,0.3657771472850965,0.651896410055052,0.44713387182852743,0.3014957337718228,0.008637427553627449,0.007648715204681109,0.013966630439436674,0.3657771472850965,0.0
1095,1,7.460515474416267e-05,7.400715610245356e-06,1,1,,0,4.564908758209276e-09,0.651896410055052,0.44713387140334004,0.3014957334851254,0.0,0.0,0.0,0.007648715204681109,0.008637427553627449,0.013966630439436674,0.002810106901310943,0.007744176416989593,0.9888062851523053,35.850913079043266,0.0,0.3657771486825744,0.651896410055052,0.44713387140334004,0.3014957334851254,0.008637427553627449,0.007648715204681109,0.013966630439436674,0.3657771486825744,0.0
1096,1,7.460515474416267e-05,7.400715656396859e-06,1,1,,0,4.5665303909868255e-09,0.651896410055052,0.4471338709820322,0.30149573320104367,0.0,0.0,0.0,0.007648715204681109,0.008637427553627449,0.013966630439436674,0.002810106901310943,0.007744176416989593,0.9888062851523053,35.850913079043266,0.0,0.3657771500671376,0.651896410055052,0.4471338709820322,0.30149573320104367,0.008637427553627449,0.007648715204681109,0.013966630439436674,0.3657771500671376,0.0
1097,1,7.460515474416267e-05,7.400715702170768e-06,1,1,,0,4.56813706684704e-09,0.651896410055052,0.4471338705645685,0.3014957329195542,0.0,0.0,0.0,0.007648715204681109,0.008637427553627449,0.013966630439436674,0.002810106901310943,0.007744176416989593,0.9888062851523053,35.850913079043266,0.0,0.36577715143890493,0.651896410055052,0.4471338705645685,0.3014957329195542,0.008637427553627449,0.007648715204681109,0.013966630439436674,0.36577715143890493,0.0
1098,1,7.460515474416267e-05,7.400715747567877e-06,1,1,,0,4.569728922956455e-09,0.651896410055052,0.4471338701509143,0.3014957326406333,0.0,0.0,0.0,0.007648715204681109,0.008637427553627449,0.013966630439436674,0.002810106901310943,0.007744176416989593,0.9888062851523053,35.850913079043266,0.0,0.3657771527979941,0.651896410055052,0.4471338701509143,0.3014957326406333,0.008637427553627449,0.007648715204681109,0.013966630439436674,0.3657771527979941,0.0
1099,1,7.460515474416267e-05,7.4007157925930415e-06,1,1,,0,4.571306095510171e-09,0.651896410055052,0.4471338697410353,0.3014957323642579,0.0,0.0,0.0,0.007648715204681109,0.008637427553627449,0.013966630439436674,0.002810106901310943,0.007744176416989593,0.9888062851523053,35.850913079043266,0.0,0.36577715414452183,0.651896410055052,0.4471338697410353,0.3014957323642579,0.008637427553627449,0.007648715204681109,0.013966630439436674,0.36577715414452183,0.0
1100,1,7.460515474416267e-05,7.400715837247703e-06,1,1,,0,4.572868719175598e-09,0.651896410055052,0.4471338693348968,0.30149573209040464,0.0,0.0,0.0,0.007648715204681109,0.008637427553627449,0.013966630439436674,0.002810106901310943,0.007744176416989593,0.9888062851523053,35.850913079043266,0.0,0.3657771554786036,0.651896410055052,0.4471338693348968,0.30149573209040464,0.008637427553627449,0.007648715204681109,0.013966630439436674,0.3657771554786036,0.0
1101,1,7.460515474416267e-05,7.400715881536046e-06,1,1,,0,4.574416927701826e-09,0.651896410055052,0.447133868932465,0.30149573181905087,0.0,0.0,0.0,0.007648715204681109,0.008637427553627449,0.013966630439436674,0.002810106901310943,0.007744176416989593,0.9888062851523053,35.850913079043266,0.0,0.36577715680035394,0.651896410055052,0.447133868932465,0.30149573181905087,0.008637427553627449,0.007648715204681109,0.013966630439436674,0.36577715680035394,0.0
1102,1,7.460515474416267e-05,7.400715925461e-06,1,1,,0,4.575950853115438e-09,0.651896410055052,0.4471338685337061,0.30149573155017384,0.0,0.0,0.0,0.007648715204681109,0.008637427553627449,0.013966630439436674,0.002810106901310943,0.007744176416989593,0.9888062851523053,35.850913079043266,0.0,0.3657771581098863,0.651896410055052,0.4471338685337061,0.30149573155017384,0.008637427553627449,0.007648715204681109,0.013966630439436674,0.3657771581098863,0.0
1103,1,7.460515474416267e-05,7.400715969023342e-06,1,1,,0,4.577470626740239e-09,0.651896410055052,0.44713386813858763,0.30149573128375123,0.0,0.0,0.0,0.007648715204681109,0.008637427553627449,0.013966630439436674,0.002810106901310943,0.007744176416989593,0.9888062851523053,35.850913079043266,0.0,0.36577715940731315,0.651896410055052,0.44713386813858763,0.30149573128375123,0.008637427553627449,0.007648715204681109,0.013966630439436674,0.36577715940731315,0.0
1104,1,7.460515474416267e-05,7.400716012227937e-06,1,1,,0,4.5789763784601225e-09,0.651896410055052,0.44713386774707575,0.30149573101976057,0.0,0.0,0.0,0.007648715204681109,0.008637427553627449,0.013966630439436674,0.002810106901310943,0.007744176416989593,0.9888062851523053,35.850913079043266,0.0,0.36577716069274596,0.651896410055052,0.44713386774707575,0.30149573101976057,0.008637427553627449,0.007648715204681109,0.013966630439436674,0.36577716069274596,0.0
1105,1,7.460515474416267e-05,7.4007160550769365e-06,1,1,,0,4.580468237116284e-09,0.651896410055052,0.4471338673591379,0.3014957307581799,0.0,0.0,0.0,0.007648715204681109,0.008637427553627449,0.013966630439436674,0.002810106901310943,0.007744176416989593,0.9888062851523053,35.850913079043266,0.0,0.36577716196629495,0.651896410055052,0.4471338673591379,0.3014957307581799,0.008637427553627449,0.007648715204681109,0.013966630439436674,0.36577716196629495,0.0
1106,1,7.460515474416267e-05,7.400716097572936e-06,1,1,,0,4.581946330139761e-09,0.651896410055052,0.44713386697474194,0.3014957304989874,0.0,0.0,0.0,0.007648715204681109,0.008637427553627449,0.013966630439436674,0.002810106901310943,0.007744176416989593,0.9888062851523053,35.850913079043266,0.0,0.36577716322806947,0.651896410055052,0.44713386697474194,0.3014957304989874,0.008637427553627449,0.007648715204681109,0.013966630439436674,0.36577716322806947,0.0
1107,1,7.460515474416267e-05,7.40071613972001e-06,1,1,,0,4.583410783985543e-09,0.651896410055052,0.4471338665938556,0.3014957302421614,0.0,0.0,0.0,0.007648715204681109,0.008637427553627449,0.013966630439436674,0.002810106901310943,0.007744176416989593,0.9888062851523053,35.850913079043266,0.0,0.3657771644781781,0.651896410055052,0.4471338665938556,0.3014957302421614,0.008637427553627449,0.007648715204681109,0.013966630439436674,0.3657771644781781,0.0
1108,1,7.460515474416267e-05,7.40071618151932e-06,1,1,,0,4.584861724028524e-09,0.651896410055052,0.44713386621644713,0.30149572998768037,0.0,0.0,0.0,0.007648715204681109,0.008637427553627449,0.013966630439436674,0.002810106901310943,0.007744176416989593,0.9888062851523053,35.850913079043266,0.0,0.36577716571672797,0.651896410055052,0.44713386621644713,0.30149572998768037,0.008637427553627449,0.007648715204681109,0.013966630439436674,0.36577716571672797,0.0
1109,1,7.460515474416267e-05,7.400716222974644e-06,1,1,,0,4.586299274321574e-09,0.651896410055052,0.4471338658424846,0.3014957297355231,0.0,0.0,0.0,0.007648715204681109,0.008637427553627449,0.013966630439436674,0.002810106901310943,0.007744176416989593,0.9888062851523053,35.850913079043266,0.0,0.36577716694382567,0.651896410055052,0.4471338658424846,0.3014957297355231,0.008637427553627449,0.007648715204681109,0.013966630439436674,0.36577716694382567,0.0
1110,1,7.460515474416267e-05,7.400716264087817e-06,1,1,,0,4.587723557769894e-09,0.651896410055052,0.4471338654719372,0.3014957294856684,0.0,0.0,0.0,0.007648715204681109,0.008637427553627449,0.013966630439436674,0.002810106901310943,0.007744176416989593,0.9888062851523053,35.850913079043266,0.0,0.36577716815957645,0.651896410055052,0.4471338654719372,0.3014957294856684,0.008637427553627449,0.007648715204681109,0.013966630439436674,0.36577716815957645,0.0
1111,1,7.460515474416267e-05,7.400716304862612e-06,1,1,,0,4.5891346963129075e-09,0.651896410055052,0.44713386510477365,0.30149572923809553,0.0,0.0,0.0,0.007648715204681109,0.008637427553627449,0.013966630439436674,0.002810106901310943,0.007744176416989593,0.9888062851523053,35.850913079043266,0.0,0.36577716936408494,0.651896410055052,0.44713386510477365,0.30149572923809553,0.008637427553627449,0.007648715204681109,0.013966630439436674,0.36577716936408494,0.0
1112,1,7.460515474416267e-05,7.40071634530029e-06,1,1,,0,4.590532810704685e-09,0.651896410055052,0.44713386474096345,0.3014957289927836,0.0,0.0,0.0,0.007648715204681109,0.008637427553627449,0.013966630439436674,0.002810106901310943,0.007744176416989593,0.9888062851523053,35.850913079043266,0.0,0.36577717055745457,0.651896410055052,0.44713386474096345,0.3014957289927836,0.008637427553627449,0.007648715204681109,0.013966630439436674,0.36577717055745457,0.0
1113,1,7.460515474416267e-05,7.400716385405364e-06,1,1,,0,4.591918020470958e-09,0.651896410055052,0.4471338643804759,0.3014957287497123,0.0,0.0,0.0,0.007648715204681109,0.008637427553627449,0.013966630439436674,0.002810106901310943,0.007744176416989593,0.9888062851523053,35.850913079043266,0.0,0.3657771717397878,0.651896410055052,0.4471338643804759,0.3014957287497123,0.008637427553627449,0.007648715204681109,0.013966630439436674,0.3657771717397878,0.0
1114,1,7.460515474416267e-05,7.400716425179329e-06,1,1,,0,4.593290444303647e-09,0.651896410055052,0.44713386402328126,0.3014957285088612,0.0,0.0,0.0,0.007648715204681109,0.008637427553627449,0.013966630439436674,0.002810106901310943,0.007744176416989593,0.9888062851523053,35.850913079043266,0.0,0.3657771729111864,0.651896410055052,0.44713386402328126,0.3014957285088612,0.008637427553627449,0.007648715204681109,0.013966630439436674,0.3657771729111864,0.0
1115,1,7.460515474416267e-05,7.400716464623795e-06,1,1,,0,4.5946501996185e-09,0.651896410055052,0.4471338636693493,0.3014957282702101,0.0,0.0,0.0,0.007648715204681109,0.008637427553627449,0.013966630439436674,0.002810106901310943,0.007744176416989593,0.9888062851523053,35.850913079043266,0.0,0.365777174071751,0.651896410055052,0.4471338636693493,0.3014957282702101,0.008637427553627449,0.007648715204681109,0.013966630439436674,0.365777174071751,0.0
1116,1,7.460515474416267e-05,7.40071650374407e-06,1,1,,0,4.595997402942135e-09,0.651896410055052,0.4471338633186502,0.301495728033739,0.0,0.0,0.0,0.007648715204681109,0.008637427553627449,0.013966630439436674,0.002810106901310943,0.007744176416989593,0.9888062851523053,35.850913079043266,0.0,0.36577717522158126,0.651896410055052,0.4471338633186502,0.301495728033739,0.008637427553627449,0.007648715204681109,0.013966630439436674,0.36577717522158126,0.0
1117,1,7.460515474416267e-05,7.4007165425401455e-06,1,1,,0,4.597332169394923e-09,0.651896410055052,0.44713386297115487,0.3014957277994282,0.0,0.0,0.0,0.007648715204681109,0.008637427553627449,0.013966630439436674,0.002810106901310943,0.007744176416989593,0.9888062851523053,35.850913079043266,0.0,0.36577717636077617,0.651896410055052,0.44713386297115487,0.3014957277994282,0.008637427553627449,0.007648715204681109,0.013966630439436674,0.36577717636077617,0.0
1118,1,7.460515474416267e-05,7.4007165810162555e-06,1,1,,0,4.5986546134242664e-09,0.651896410055052,0.4471338626268344,0.301495727567258,0.0,0.0,0.0,0.007648715204681109,0.008637427553627449,0.013966630439436674,0.002810106901310943,0.007744176416989593,0.9888062851523053,35.850913079043266,0.0,0.36577717748943356,0.651896410055052,0.4471338626268344,0.301495727567258,0.008637427553627449,0.007648715204681109,0.013966630439436674,0.36577717748943356,0.0
1119,1,7.460515474416267e-05,7.40071661917409e-06,1,1,,0,4.599964848153914e-09,0.651896410055052,0.4471338622856601,0.30149572733720903,0.0,0.0,0.0,0.007648715204681109,0.008637427553627449,0.013966630439436674,0.002810106901310943,0.007744176416989593,0.9888062851523053,35.850913079043266,0.0,0.3657771786076506,0.651896410055052,0.4471338622856601,0.30149572733720903,0.008637427553627449,0.007648715204681109,0.013966630439436674,0.3657771786076506,0.0
1120,1,7.460515474416267e-05,7.4007166570171405e-06,1,1,,0,4.601262986015398e-09,0.651896410055052,0.4471338619476027,0.3014957271092619,0.0,0.0,0.0,0.007648715204681109,0.008637427553627449,0.013966630439436674,0.002810106901310943,0.007744176416989593,0.9888062851523053,35.850913079043266,0.0,0.3657771797155233,0.651896410055052,0.4471338619476027,0.3014957271092619,0.008637427553627449,0.007648715204681109,0.013966630439436674,0.3657771797155233,0.0
1121,1,7.460515474416267e-05,7.400716694546698e-06,1,1,,0,4.602549137888147e-09,0.651896410055052,0.4471338616126343,0.3014957268833977,0.0,0.0,0.0,0.007648715204681109,0.008637427553627449,0.013966630439436674,0.002810106901310943,0.007744176416989593,0.9888062851523053,35.850913079043266,0.0,0.3657771808131471,0.651896410055052,0.4471338616126343,0.3014957268833977,0.008637427553627449,0.007648715204681109,0.013966630439436674,0.3657771808131471,0.0
1122,1,7.460515474416267e-05,7.400716731766029e-06,1,1,,0,4.6038234141384905e-09,0.651896410055052,0.4471338612807269,0.3014957266595975,0.0,0.0,0.0,0.007648715204681109,0.008637427553627449,0.013966630439436674,0.002810106901310943,0.007744176416989593,0.9888062851523053,35.850913079043266,0.0,0.36577718190061626,0.651896410055052,0.4471338612807269,0.3014957266595975,0.008637427553627449,0.007648715204681109,0.013966630439436674,0.36577718190061626,0.0
1123,1,7.460515474416267e-05,7.400716768677465e-06,1,1,,0,4.60508592399338e-09,0.651896410055052,0.4471338609518523,0.3014957264378423,0.0,0.0,0.0,0.007648715204681109,0.008637427553627449,0.013966630439436674,0.002810106901310943,0.007744176416989593,0.9888062851523053,35.850913079043266,0.0,0.3657771829780245,0.651896410055052,0.4471338609518523,0.3014957264378423,0.008637427553627449,0.007648715204681109,0.013966630439436674,0.3657771829780245,0.0
1124,1,7.460515474416267e-05,7.400716805283447e-06,1,1,,0,4.60633677541481e-09,0.651896410055052,0.4471338606259835,0.3014957262181137,0.0,0.0,0.0,0.007648715204681109,0.008637427553627449,0.013966630439436674,0.002810106901310943,0.007744176416989593,0.9888062851523053,35.850913079043266,0.0,0.3657771840454643,0.651896410055052,0.4471338606259835,0.3014957262181137,0.008637427553627449,0.007648715204681109,0.013966630439436674,0.3657771840454643,0.0
1125,1,7.460515474416267e-05,7.400716841585205e-06,1,1,,0,4.607576075748777e-09,0.651896410055052,0.44713386030309277,0.30149572600039326,0.0,0.0,0.0,0.007648715204681109,0.008637427553627449,0.013966630439436674,0.002810106901310943,0.007744176416989593,0.9888062851523053,35.850913079043266,0.0,0.3657771851030276,0.651896410055052,0.44713386030309277,0.30149572600039326,0.008637427553627449,0.007648715204681109,0.013966630439436674,0.3657771851030276,0.0
1126,1,7.460515474416267e-05,7.400716877588034e-06,1,1,,0,4.608803931036967e-09,0.651896410055052,0.4471338599831532,0.3014957257846628,0.0,0.0,0.0,0.007648715204681109,0.008637427553627449,0.013966630439436674,0.002810106901310943,0.007744176416989593,0.9888062851523053,35.850913079043266,0.0,0.3657771861508053,0.651896410055052,0.4471338599831532,0.3014957257846628,0.008637427553627449,0.007648715204681109,0.013966630439436674,0.3657771861508053,0.0
1127,1,7.460515474416267e-05,7.40071691329193e-06,1,1,,0,4.6100204465473484e-09,0.651896410055052,0.44713385966613806,0.30149572557090426,0.0,0.0,0.0,0.007648715204681109,0.008637427553627449,0.013966630439436674,0.002810106901310943,0.007744176416989593,0.9888062851523053,35.850913079043266,0.0,0.36577718718888763,0.651896410055052,0.44713385966613806,0.30149572557090426,0.008637427553627449,0.007648715204681109,0.013966630439436674,0.36577718718888763,0.0
1128,1,7.460515474416267e-05,7.400716948700039e-06,1,1,,0,4.611225726539757e-09,0.651896410055052,0.4471338593520207,0.3014957253590995,0.0,0.0,0.0,0.007648715204681109,0.008637427553627449,0.013966630439436674,0.002810106901310943,0.007744176416989593,0.9888062851523053,35.850913079043266,0.0,0.36577718821736405,0.651896410055052,0.4471338593520207,0.3014957253590995,0.008637427553627449,0.007648715204681109,0.013966630439436674,0.36577718821736405,0.0
1129,1,7.460515474416267e-05,7.400716983814184e-06,1,1,,0,4.61241987437044e-09,0.651896410055052,0.44713385904077446,0.301495725149231,0.0,0.0,0.0,0.007648715204681109,0.008637427553627449,0.013966630439436674,0.002810106901310943,0.007744176416989593,0.9888062851523053,35.850913079043266,0.0,0.3657771892363228,0.651896410055052,0.44713385904077446,0.301495725149231,0.008637427553627449,0.007648715204681109,0.013966630439436674,0.3657771892363228,0.0
1130,1,7.460515474416267e-05,7.400717018639162e-06,1,1,,0,4.6136029924500736e-09,0.651896410055052,0.44713385873237405,0.30149572494128096,0.0,0.0,0.0,0.007648715204681109,0.008637427553627449,0.013966630439436674,0.002810106901310943,0.007744176416989593,0.9888062851523053,35.850913079043266,0.0,0.3657771902458518,0.651896410055052,0.44713385873237405,0.30149572494128096,0.008637427553627449,0.007648715204681109,0.013966630439436674,0.3657771902458518,0.0
1131,1,7.460515474416267e-05,7.4007170531743525e-06,1,1,,0,4.614775182078046e-09,0.651896410055052,0.44713385842679265,0.3014957247352321,0.0,0.0,0.0,0.007648715204681109,0.008637427553627449,0.013966630439436674,0.002810106901310943,0.007744176416989593,0.9888062851523053,35.850913079043266,0.0,0.36577719124603786,0.651896410055052,0.44713385842679265,0.3014957247352321,0.008637427553627449,0.007648715204681109,0.013966630439436674,0.36577719124603786,0.0
1132,1,7.460515474416267e-05,7.400717087421975e-06,1,1,,0,4.615936543818274e-09,0.651896410055052,0.44713385812400563,0.3014957245310671,0.0,0.0,0.0,0.007648715204681109,0.008637427553627449,0.013966630439436674,0.002810106901310943,0.007744176416989593,0.9888062851523053,35.850913079043266,0.0,0.3657771922369671,0.651896410055052,0.44713385812400563,0.3014957245310671,0.008637427553627449,0.007648715204681109,0.013966630439436674,0.3657771922369671,0.0
1133,1,7.460515474416267e-05,7.4007171213863325e-06,1,1,,0,4.617087177321953e-09,0.651896410055052,0.4471338578239864,0.3014957243287688,0.0,0.0,0.0,0.007648715204681109,0.008637427553627449,0.013966630439436674,0.002810106901310943,0.007744176416989593,0.9888062851523053,35.850913079043266,0.0,0.36577719321872487,0.651896410055052,0.4471338578239864,0.3014957243287688,0.008637427553627449,0.007648715204681109,0.013966630439436674,0.36577719321872487,0.0
1134,1,7.460515474416267e-05,7.400717155068574e-06,1,1,,0,4.618227181179415e-09,0.651896410055052,0.44713385752671075,0.30149572412832015,0.0,0.0,0.0,0.007648715204681109,0.008637427553627449,0.013966630439436674,0.002810106901310943,0.007744176416989593,0.9888062851523053,35.850913079043266,0.0,0.36577719419139565,0.651896410055052,0.44713385752671075,0.30149572412832015,0.008637427553627449,0.007648715204681109,0.013966630439436674,0.36577719419139565,0.0
1135,1,7.460515474416267e-05,7.40071718847209e-06,1,1,,0,4.619356653154309e-09,0.651896410055052,0.44713385723215343,0.30149572392970453,0.0,0.0,0.0,0.007648715204681109,0.008637427553627449,0.013966630439436674,0.002810106901310943,0.007744176416989593,0.9888062851523053,35.850913079043266,0.0,0.3657771951550632,0.651896410055052,0.44713385723215343,0.30149572392970453,0.008637427553627449,0.007648715204681109,0.013966630439436674,0.3657771951550632,0.0
1136,1,7.460515474416267e-05,7.400717221598092e-06,1,1,,0,4.620475690230805e-09,0.651896410055052,0.4471338569402895,0.30149572373290495,0.0,0.0,0.0,0.007648715204681109,0.008637427553627449,0.013966630439436674,0.002810106901310943,0.007744176416989593,0.9888062851523053,35.850913079043266,0.0,0.3657771961098105,0.651896410055052,0.4471338569402895,0.30149572373290495,0.008637427553627449,0.007648715204681109,0.013966630439436674,0.3657771961098105,0.0
1137,1,7.460515474416267e-05,7.400717254448149e-06,1,1,,0,4.621584388128757e-09,0.651896410055052,0.44713385665109473,0.3014957235379054,0.0,0.0,0.0,0.007648715204681109,0.008637427553627449,0.013966630439436674,0.002810106901310943,0.007744176416989593,0.9888062851523053,35.850913079043266,0.0,0.3657771970557198,0.651896410055052,0.44713385665109473,0.3014957235379054,0.008637427553627449,0.007648715204681109,0.013966630439436674,0.3657771970557198,0.0
1138,1,7.460515474416267e-05,7.400717287025466e-06,1,1,,0,4.622682842390024e-09,0.651896410055052,0.44713385636454483,0.301495723344689,0.0,0.0,0.0,0.007648715204681109,0.008637427553627449,0.013966630439436674,0.002810106901310943,0.007744176416989593,0.9888062851523053,35.850913079043266,0.0,0.36577719799287256,0.651896410055052,0.44713385636454483,0.301495723344689,0.008637427553627449,0.007648715204681109,0.013966630439436674,0.36577719799287256,0.0
1139,1,7.460515474416267e-05,7.400717319333101e-06,1,1,,0,4.6237711468839134e-09,0.651896410055052,0.4471338560806155,0.3014957231532397,0.0,0.0,0.0,0.007648715204681109,0.008637427553627449,0.013966630439436674,0.002810106901310943,0.007744176416989593,0.9888062851523053,35.850913079043266,0.0,0.3657771989213495,0.651896410055052,0.4471338560806155,0.3014957231532397,0.008637427553627449,0.007648715204681109,0.013966630439436674,0.3657771989213495,0.0
1140,1,7.460515474416267e-05,7.400717351371437e-06,1,1,,0,4.624849395189398e-09,0.651896410055052,0.4471338557992831,0.3014957229635415,0.0,0.0,0.0,0.007648715204681109,0.008637427553627449,0.013966630439436674,0.002810106901310943,0.007744176416989593,0.9888062851523053,35.850913079043266,0.0,0.36577719984123075,0.651896410055052,0.4471338557992831,0.3014957229635415,0.008637427553627449,0.007648715204681109,0.013966630439436674,0.36577719984123075,0.0
1141,1,7.460515474416267e-05,7.400717383143316e-06,1,1,,0,4.625917679820945e-09,0.651896410055052,0.4471338555205243,0.3014957227755784,0.0,0.0,0.0,0.007648715204681109,0.008637427553627449,0.013966630439436674,0.002810106901310943,0.007744176416989593,0.9888062851523053,35.850913079043266,0.0,0.3657772007525954,0.651896410055052,0.4471338555205243,0.3014957227755784,0.008637427553627449,0.007648715204681109,0.013966630439436674,0.3657772007525954,0.0
1142,1,7.460515474416267e-05,7.400717414651375e-06,1,1,,0,4.626976092499248e-09,0.651896410055052,0.44713385524431504,0.3014957225893346,0.0,0.0,0.0,0.007648715204681109,0.008637427553627449,0.013966630439436674,0.002810106901310943,0.007744176416989593,0.9888062851523053,35.850913079043266,0.0,0.36577720165552197,0.651896410055052,0.44713385524431504,0.3014957225893346,0.008637427553627449,0.007648715204681109,0.013966630439436674,0.36577720165552197,0.0
1143,1,7.460515474416267e-05,7.400717445897834e-06,1,1,,0,4.628024723856355e-09,0.651896410055052,0.4471338549706324,0.3014957224047945,0.0,0.0,0.0,0.007648715204681109,0.008637427553627449,0.013966630439436674,0.002810106901310943,0.007744176416989593,0.9888062851523053,35.850913079043266,0.0,0.3657772025500883,0.651896410055052,0.4471338549706324,0.3014957224047945,0.008637427553627449,0.007648715204681109,0.013966630439436674,0.3657772025500883,0.0
1144,1,7.460515474416267e-05,7.400717476883723e-06,1,1,,0,4.629063663931847e-09,0.651896410055052,0.44713385469945366,0.30149572222194265,0.0,0.0,0.0,0.007648715204681109,0.008637427553627449,0.013966630439436674,0.002810106901310943,0.007744176416989593,0.9888062851523053,35.850913079043266,0.0,0.36577720343637143,0.651896410055052,0.44713385469945366,0.30149572222194265,0.008637427553627449,0.007648715204681109,0.013966630439436674,0.36577720343637143,0.0
1145,1,7.460515474416267e-05,7.400717507612618e-06,1,1,,0,4.63009300216375e-09,0.651896410055052,0.4471338544307557,0.3014957220407636,0.0,0.0,0.0,0.007648715204681109,0.008637427553627449,0.013966630439436674,0.002810106901310943,0.007744176416989593,0.9888062851523053,35.850913079043266,0.0,0.3657772043144479,0.651896410055052,0.4471338544307557,0.3014957220407636,0.008637427553627449,0.007648715204681109,0.013966630439436674,0.3657772043144479,0.0
1146,1,7.460515474416267e-05,7.40071753808475e-06,1,1,,0,4.631112826709741e-09,0.651896410055052,0.44713385416451595,0.3014957218612421,0.0,0.0,0.0,0.007648715204681109,0.008637427553627449,0.013966630439436674,0.002810106901310943,0.007744176416989593,0.9888062851523053,35.850913079043266,0.0,0.3657772051843933,0.651896410055052,0.44713385416451595,0.3014957218612421,0.008637427553627449,0.007648715204681109,0.013966630439436674,0.3657772051843933,0.0
1147,1,7.460515474416267e-05,7.400717568304687e-06,1,1,,0,4.632123225223575e-09,0.651896410055052,0.4471338539007123,0.3014957216833632,0.0,0.0,0.0,0.007648715204681109,0.008637427553627449,0.013966630439436674,0.002810106901310943,0.007744176416989593,0.9888062851523053,35.850913079043266,0.0,0.36577720604628255,0.651896410055052,0.4471338539007123,0.3014957216833632,0.008637427553627449,0.007648715204681109,0.013966630439436674,0.36577720604628255,0.0
1148,1,7.460515474416267e-05,7.400717598271112e-06,1,1,,0,4.633124284392612e-09,0.651896410055052,0.4471338536393224,0.30149572150711174,0.0,0.0,0.0,0.007648715204681109,0.008637427553627449,0.013966630439436674,0.002810106901310943,0.007744176416989593,0.9888062851523053,35.850913079043266,0.0,0.3657772069001901,0.651896410055052,0.4471338536393224,0.30149572150711174,0.008637427553627449,0.007648715204681109,0.013966630439436674,0.3657772069001901,0.0
1149,1,7.460515474416267e-05,7.400717627989164e-06,1,1,,0,4.634116090338718e-09,0.651896410055052,0.44713385338032363,0.301495721332473,0.0,0.0,0.0,0.007648715204681109,0.008637427553627449,0.013966630439436674,0.002810106901310943,0.007744176416989593,0.9888062851523053,35.850913079043266,0.0,0.3657772077461895,0.651896410055052,0.44713385338032363,0.301495721332473,0.008637427553627449,0.007648715204681109,0.013966630439436674,0.3657772077461895,0.0
1150,1,7.460515474416267e-05,7.4007176574598755e-06,1,1,,0,4.635098728205894e-09,0.651896410055052,0.44713385312369514,0.30149572115943224,0.0,0.0,0.0,0.007648715204681109,0.008637427553627449,0.013966630439436674,0.002810106901310943,0.007744176416989593,0.9888062851523053,35.850913079043266,0.0,0.3657772085843537,0.651896410055052,0.44713385312369514,0.30149572115943224,0.008637427553627449,0.007648715204681109,0.013966630439436674,0.3657772085843537,0.0
1151,1,7.460515474416267e-05,7.400717686685169e-06,1,1,,0,4.63607228220021e-09,0.651896410055052,0.44713385286941554,0.3014957209879751,0.0,0.0,0.0,0.007648715204681109,0.008637427553627449,0.013966630439436674,0.002810106901310943,0.007744176416989593,0.9888062851523053,35.850913079043266,0.0,0.3657772094147549,0.651896410055052,0.44713385286941554,0.3014957209879751,0.008637427553627449,0.007648715204681109,0.013966630439436674,0.3657772094147549,0.0
1152,1,7.460515474416267e-05,7.400717715666086e-06,1,1,,0,4.63703683616042e-09,0.651896410055052,0.44713385261746263,0.30149572081808695,0.0,0.0,0.0,0.007648715204681109,0.008637427553627449,0.013966630439436674,0.002810106901310943,0.007744176416989593,0.9888062851523053,35.850913079043266,0.0,0.36577721023746484,0.651896410055052,0.44713385261746263,0.30149572081808695,0.008637427553627449,0.007648715204681109,0.013966630439436674,0.36577721023746484,0.0
1153,1,7.460515474416267e-05,7.400717744405669e-06,1,1,,0,4.637992472794408e-09,0.651896410055052,0.44713385236781544,0.3014957206497536,0.0,0.0,0.0,0.007648715204681109,0.008637427553627449,0.013966630439436674,0.002810106901310943,0.007744176416989593,0.9888062851523053,35.850913079043266,0.0,0.3657772110525543,0.651896410055052,0.44713385236781544,0.3014957206497536,0.008637427553627449,0.007648715204681109,0.013966630439436674,0.3657772110525543,0.0
1154,1,7.460515474416267e-05,7.400717772906702e-06,1,1,,0,4.638939274288842e-09,0.651896410055052,0.4471338521204529,0.3014957204829609,0.0,0.0,0.0,0.007648715204681109,0.008637427553627449,0.013966630439436674,0.002810106901310943,0.007744176416989593,0.9888062851523053,35.850913079043266,0.0,0.36577721186009376,0.651896410055052,0.4471338521204529,0.3014957204829609,0.008637427553627449,0.007648715204681109,0.013966630439436674,0.36577721186009376,0.0
1155,1,7.460515474416267e-05,7.400717801168496e-06,1,1,,0,4.639877322008923e-09,0.651896410055052,0.447133851875355,0.30149572031769484,0.0,0.0,0.0,0.007648715204681109,0.008637427553627449,0.013966630439436674,0.002810106901310943,0.007744176416989593,0.9888062851523053,35.850913079043266,0.0,0.36577721266015284,0.651896410055052,0.447133851875355,0.30149572031769484,0.008637427553627449,0.007648715204681109,0.013966630439436674,0.36577721266015284,0.0
1156,1,7.460515474416267e-05,7.40071782919577e-06,1,1,,0,4.640806696613068e-09,0.651896410055052,0.44713385163249997,0.3014957201539413,0.0,0.0,0.0,0.007648715204681109,0.008637427553627449,0.013966630439436674,0.002810106901310943,0.007744176416989593,0.9888062851523053,35.850913079043266,0.0,0.3657772134528005,0.651896410055052,0.44713385163249997,0.3014957201539413,0.008637427553627449,0.007648715204681109,0.013966630439436674,0.3657772134528005,0.0
1157,1,7.460515474416267e-05,7.400717856988615e-06,1,1,,0,4.6417274778323565e-09,0.651896410055052,0.44713385139186784,0.30149571999168684,0.0,0.0,0.0,0.007648715204681109,0.008637427553627449,0.013966630439436674,0.002810106901310943,0.007744176416989593,0.9888062851523053,35.850913079043266,0.0,0.3657772142381052,0.651896410055052,0.44713385139186784,0.30149571999168684,0.008637427553627449,0.007648715204681109,0.013966630439436674,0.3657772142381052,0.0
1158,1,7.460515474416267e-05,7.40071788455039e-06,1,1,,0,4.642639744911031e-09,0.651896410055052,0.44713385115343884,0.3014957198309175,0.0,0.0,0.0,0.007648715204681109,0.008637427553627449,0.013966630439436674,0.002810106901310943,0.007744176416989593,0.9888062851523053,35.850913079043266,0.0,0.3657772150161347,0.651896410055052,0.44713385115343884,0.3014957198309175,0.008637427553627449,0.007648715204681109,0.013966630439436674,0.3657772150161347,0.0
1159,1,7.460515474416267e-05,7.400717911881229e-06,1,1,,0,4.643543576208582e-09,0.651896410055052,0.44713385091719204,0.30149571967162,0.0,0.0,0.0,0.007648715204681109,0.008637427553627449,0.013966630439436674,0.002810106901310943,0.007744176416989593,0.9888062851523053,35.850913079043266,0.0,0.365777215786956,0.651896410055052,0.44713385091719204,0.30149571967162,0.008637427553627449,0.007648715204681109,0.013966630439436674,0.365777215786956,0.0
1160,1,7.460515474416267e-05,7.400717938985021e-06,1,1,,0,4.64443904947154e-09,0.651896410055052,0.4471338506831083,0.3014957195137806,0.0,0.0,0.0,0.007648715204681109,0.008637427553627449,0.013966630439436674,0.002810106901310943,0.007744176416989593,0.9888062851523053,35.850913079043266,0.0,0.3657772165506357,0.651896410055052,0.4471338506831083,0.3014957195137806,0.008637427553627449,0.007648715204681109,0.013966630439436674,0.3657772165506357,0.0
1161,1,7.460515474416267e-05,7.400717965862018e-06,1,1,,0,4.645326241541674e-09,0.651896410055052,0.44713385045116777,0.30149571935738645,0.0,0.0,0.0,0.007648715204681109,0.008637427553627449,0.013966630439436674,0.002810106901310943,0.007744176416989593,0.9888062851523053,35.850913079043266,0.0,0.36577721730723983,0.651896410055052,0.44713385045116777,0.30149571935738645,0.008637427553627449,0.007648715204681109,0.013966630439436674,0.36577721730723983,0.0
1162,1,7.460515474416267e-05,7.4007179925138485e-06,1,1,,0,4.646205228813593e-09,0.651896410055052,0.44713385022135016,0.3014957192024241,0.0,0.0,0.0,0.007648715204681109,0.008637427553627449,0.013966630439436674,0.002810106901310943,0.007744176416989593,0.9888062851523053,35.850913079043266,0.0,0.3657772180568335,0.651896410055052,0.44713385022135016,0.3014957192024241,0.008637427553627449,0.007648715204681109,0.013966630439436674,0.3657772180568335,0.0
1163,1,7.460515474416267e-05,7.40071801894441e-06,1,1,,0,4.647076086852447e-09,0.651896410055052,0.44713384999363726,0.3014957190488805,0.0,0.0,0.0,0.007648715204681109,0.008637427553627449,0.013966630439436674,0.002810106901310943,0.007744176416989593,0.9888062851523053,35.850913079043266,0.0,0.3657772187994815,0.651896410055052,0.44713384999363726,0.3014957190488805,0.008637427553627449,0.007648715204681109,0.013966630439436674,0.3657772187994815,0.0
1164,1,7.460515474416267e-05,7.400718045154201e-06,1,1,,0,4.647938890530665e-09,0.651896410055052,0.447133849768009,0.30149571889674276,0.0,0.0,0.0,0.007648715204681109,0.008637427553627449,0.013966630439436674,0.002810106901310943,0.007744176416989593,0.9888062851523053,35.850913079043266,0.0,0.36577721953524794,0.651896410055052,0.447133849768009,0.30149571889674276,0.008637427553627449,0.007648715204681109,0.013966630439436674,0.36577721953524794,0.0
1165,1,7.460515474416267e-05,7.400718071144624e-06,1,1,,0,4.64879371420939e-09,0.651896410055052,0.4471338495444468,0.30149571874599806,0.0,0.0,0.0,0.007648715204681109,0.008637427553627449,0.013966630439436674,0.002810106901310943,0.007744176416989593,0.9888062851523053,35.850913079043266,0.0,0.3657772202641963,0.651896410055052,0.4471338495444468,0.30149571874599806,0.008637427553627449,0.007648715204681109,0.013966630439436674,0.3657772202641963,0.0
1166,1,7.460515474416267e-05,7.400718096917165e-06,1,1,,0,4.649640631129199e-09,0.651896410055052,0.447133849322932,0.3014957185966338,0.0,0.0,0.0,0.007648715204681109,0.008637427553627449,0.013966630439436674,0.002810106901310943,0.007744176416989593,0.9888062851523053,35.850913079043266,0.0,0.3657772209863896,0.651896410055052,0.447133849322932,0.3014957185966338,0.008637427553627449,0.007648715204681109,0.013966630439436674,0.3657772209863896,0.0
1167,1,7.460515474416267e-05,7.40071812247477e-06,1,1,,0,4.6504797141873975e-09,0.651896410055052,0.4471338491034453,0.3014957184486373,0.0,0.0,0.0,0.007648715204681109,0.008637427553627449,0.013966630439436674,0.002810106901310943,0.007744176416989593,0.9888062851523053,35.850913079043266,0.0,0.3657772217018901,0.651896410055052,0.4471338491034453,0.3014957184486373,0.008637427553627449,0.007648715204681109,0.013966630439436674,0.3657772217018901,0.0
1168,1,7.460515474416267e-05,7.400718147819155e-06,1,1,,0,4.651311035761824e-09,0.651896410055052,0.44713384888596863,0.30149571830199606,0.0,0.0,0.0,0.007648715204681109,0.008637427553627449,0.013966630439436674,0.002810106901310943,0.007744176416989593,0.9888062851523053,35.850913079043266,0.0,0.3657772224107597,0.651896410055052,0.44713384888596863,0.30149571830199606,0.008637427553627449,0.007648715204681109,0.013966630439436674,0.3657772224107597,0.0
1169,1,7.460515474416267e-05,7.400718172951724e-06,1,1,,0,4.6521346672214636e-09,0.651896410055052,0.4471338486704838,0.3014957181566978,0.0,0.0,0.0,0.007648715204681109,0.008637427553627449,0.013966630439436674,0.002810106901310943,0.007744176416989593,0.9888062851523053,35.850913079043266,0.0,0.3657772231130595,0.651896410055052,0.4471338486704838,0.3014957181566978,0.008637427553627449,0.007648715204681109,0.013966630439436674,0.3657772231130595,0.0
1170,1,7.460515474416267e-05,7.400718197874157e-06,1,1,,0,4.652950679420149e-09,0.651896410055052,0.44713384845697246,0.3014957180127303,0.0,0.0,0.0,0.007648715204681109,0.008637427553627449,0.013966630439436674,0.002810106901310943,0.007744176416989593,0.9888062851523053,35.850913079043266,0.0,0.3657772238088503,0.651896410055052,0.44713384845697246,0.3014957180127303,0.008637427553627449,0.007648715204681109,0.013966630439436674,0.3657772238088503,0.0
1171,1,7.460515474416267e-05,7.400718222587773e-06,1,1,,0,4.653759142441084e-09,0.651896410055052,0.44713384824541674,0.30149571787008134,0.0,0.0,0.0,0.007648715204681109,0.008637427553627449,0.013966630439436674,0.002810106901310943,0.007744176416989593,0.9888062851523053,35.850913079043266,0.0,0.36577722449819194,0.651896410055052,0.44713384824541674,0.30149571787008134,0.008637427553627449,0.007648715204681109,0.013966630439436674,0.36577722449819194,0.0
1172,1,7.460515474416267e-05,7.4007182470944695e-06,1,1,,0,4.654560126204604e-09,0.651896410055052,0.4471338480357985,0.3014957177287389,0.0,0.0,0.0,0.007648715204681109,0.008637427553627449,0.013966630439436674,0.002810106901310943,0.007744176416989593,0.9888062851523053,35.850913079043266,0.0,0.36577722518114425,0.651896410055052,0.4471338480357985,0.3014957177287389,0.008637427553627449,0.007648715204681109,0.013966630439436674,0.36577722518114425,0.0
1173,1,7.460515474416267e-05,7.400718271396891e-06,1,1,,0,4.655353699403344e-09,0.651896410055052,0.4471338478281005,0.30149571758869115,0.0,0.0,0.0,0.007648715204681109,0.008637427553627449,0.013966630439436674,0.002810106901310943,0.007744176416989593,0.9888062851523053,35.850913079043266,0.0,0.36577722585776606,0.651896410055052,0.4471338478281005,0.30149571758869115,0.008637427553627449,0.007648715204681109,0.013966630439436674,0.36577722585776606,0.0
1174,1,7.460515474416267e-05,7.400718295495132e-06,1,1,,0,4.65613993031173e-09,0.651896410055052,0.4471338476223046,0.3014957174499262,0.0,0.0,0.0,0.007648715204681109,0.008637427553627449,0.013966630439436674,0.002810106901310943,0.007744176416989593,0.9888062851523053,35.850913079043266,0.0,0.36577722652811584,0.651896410055052,0.4471338476223046,0.3014957174499262,0.008637427553627449,0.007648715204681109,0.013966630439436674,0.36577722652811584,0.0
1175,1,7.460515474416267e-05,7.400718319392343e-06,1,1,,0,4.656918886709539e-09,0.651896410055052,0.4471338474183942,0.30149571731243235,0.0,0.0,0.0,0.007648715204681109,0.008637427553627449,0.013966630439436674,0.002810106901310943,0.007744176416989593,0.9888062851523053,35.850913079043266,0.0,0.3657772271922517,0.651896410055052,0.4471338474183942,0.30149571731243235,0.008637427553627449,0.007648715204681109,0.013966630439436674,0.3657772271922517,0.0
1176,1,7.460515474416267e-05,7.400718343089116e-06,1,1,,0,4.65769063556271e-09,0.651896410055052,0.4471338472163516,0.30149571717619816,0.0,0.0,0.0,0.007648715204681109,0.008637427553627449,0.013966630439436674,0.002810106901310943,0.007744176416989593,0.9888062851523053,35.850913079043266,0.0,0.36577722785023076,0.651896410055052,0.4471338472163516,0.30149571717619816,0.008637427553627449,0.007648715204681109,0.013966630439436674,0.36577722785023076,0.0
1177,1,7.460515474416267e-05,7.400718366587433e-06,1,1,,0,4.6584552434213935e-09,0.651896410055052,0.4471338470161602,0.30149571704121186,0.0,0.0,0.0,0.007648715204681109,0.008637427553627449,0.013966630439436674,0.002810106901310943,0.007744176416989593,0.9888062851523053,35.850913079043266,0.0,0.36577722850211,0.651896410055052,0.4471338470161602,0.30149571704121186,0.008637427553627449,0.007648715204681109,0.013966630439436674,0.36577722850211,0.0
1178,1,7.460515474416267e-05,7.400718389890272e-06,1,1,,0,4.659212775949818e-09,0.651896410055052,0.4471338468178026,0.3014957169074624,0.0,0.0,0.0,0.007648715204681109,0.008637427553627449,0.013966630439436674,0.002810106901310943,0.007744176416989593,0.9888062851523053,35.850913079043266,0.0,0.3657772291479457,0.651896410055052,0.4471338468178026,0.3014957169074624,0.008637427553627449,0.007648715204681109,0.013966630439436674,0.3657772291479457,0.0
1179,1,7.460515474416267e-05,7.400718412996421e-06,1,1,,0,4.659963298555258e-09,0.651896410055052,0.44713384662126227,0.3014957167749381,0.0,0.0,0.0,0.007648715204681109,0.008637427553627449,0.013966630439436674,0.002810106901310943,0.007744176416989593,0.9888062851523053,35.850913079043266,0.0,0.3657772297877938,0.651896410055052,0.44713384662126227,0.3014957167749381,0.008637427553627449,0.007648715204681109,0.013966630439436674,0.3657772297877938,0.0
1180,1,7.460515474416267e-05,7.400718435909449e-06,1,1,,0,4.660706875817708e-09,0.651896410055052,0.4471338464265226,0.30149571664362806,0.0,0.0,0.0,0.007648715204681109,0.008637427553627449,0.013966630439436674,0.002810106901310943,0.007744176416989593,0.9888062851523053,35.850913079043266,0.0,0.36577723042170956,0.651896410055052,0.4471338464265226,0.30149571664362806,0.008637427553627449,0.007648715204681109,0.013966630439436674,0.36577723042170956,0.0
1181,1,7.460515474416267e-05,7.400718458631614e-06,1,1,,0,4.661443571586242e-09,0.651896410055052,0.44713384623356744,0.3014957165135212,0.0,0.0,0.0,0.007648715204681109,0.008637427553627449,0.013966630439436674,0.002810106901310943,0.007744176416989593,0.9888062851523053,35.850913079043266,0.0,0.36577723104974774,0.651896410055052,0.44713384623356744,0.3014957165135212,0.008637427553627449,0.007648715204681109,0.013966630439436674,0.36577723104974774,0.0
1182,1,7.460515474416267e-05,7.400718481163103e-06,1,1,,0,4.662173449534454e-09,0.651896410055052,0.44713384604238027,0.3014957163846064,0.0,0.0,0.0,0.007648715204681109,0.008637427553627449,0.013966630439436674,0.002810106901310943,0.007744176416989593,0.9888062851523053,35.850913079043266,0.0,0.36577723167196263,0.651896410055052,0.44713384604238027,0.3014957163846064,0.008637427553627449,0.007648715204681109,0.013966630439436674,0.36577723167196263,0.0
1183,1,7.460515474416267e-05,7.400718503504147e-06,1,1,,0,4.6628965721989e-09,0.651896410055052,0.4471338458529448,0.30149571625687305,0.0,0.0,0.0,0.007648715204681109,0.008637427553627449,0.013966630439436674,0.002810106901310943,0.007744176416989593,0.9888062851523053,35.850913079043266,0.0,0.36577723228840797,0.651896410055052,0.4471338458529448,0.30149571625687305,0.008637427553627449,0.007648715204681109,0.013966630439436674,0.36577723228840797,0.0
1184,1,7.460515474416267e-05,7.400718525658955e-06,1,1,,0,4.6636130022046865e-09,0.651896410055052,0.44713384566524556,0.3014957161303101,0.0,0.0,0.0,0.007648715204681109,0.008637427553627449,0.013966630439436674,0.002810106901310943,0.007744176416989593,0.9888062851523053,35.850913079043266,0.0,0.3657772328991372,0.651896410055052,0.44713384566524556,0.3014957161303101,0.008637427553627449,0.007648715204681109,0.013966630439436674,0.3657772328991372,0.0
1185,1,7.460515474416267e-05,7.400718547628636e-06,1,1,,0,4.664322801153465e-09,0.651896410055052,0.447133845479266,0.30149571600490693,0.0,0.0,0.0,0.007648715204681109,0.008637427553627449,0.013966630439436674,0.002810106901310943,0.007744176416989593,0.9888062851523053,35.850913079043266,0.0,0.3657772335042031,0.651896410055052,0.447133845479266,0.30149571600490693,0.008637427553627449,0.007648715204681109,0.013966630439436674,0.3657772335042031,0.0
1186,1,7.460515474416267e-05,7.400718569414259e-06,1,1,,0,4.6650260302712436e-09,0.651896410055052,0.4471338452949908,0.30149571588065305,0.0,0.0,0.0,0.007648715204681109,0.008637427553627449,0.013966630439436674,0.002810106901310943,0.007744176416989593,0.9888062851523053,35.850913079043266,0.0,0.3657772341036579,0.651896410055052,0.4471338452949908,0.30149571588065305,0.008637427553627449,0.007648715204681109,0.013966630439436674,0.3657772341036579,0.0
1187,1,7.460515474416267e-05,7.400718591016045e-06,1,1,,0,4.665722750047923e-09,0.651896410055052,0.4471338451124045,0.3014957157575377,0.0,0.0,0.0,0.007648715204681109,0.008637427553627449,0.013966630439436674,0.002810106901310943,0.007744176416989593,0.9888062851523053,35.850913079043266,0.0,0.36577723469755363,0.651896410055052,0.4471338451124045,0.3014957157575377,0.008637427553627449,0.007648715204681109,0.013966630439436674,0.36577723469755363,0.0
1188,1,7.460515474416267e-05,7.40071861243713e-06,1,1,,0,4.6664130205870054e-09,0.651896410055052,0.44713384493149155,0.3014957156355508,0.0,0.0,0.0,0.007648715204681109,0.008637427553627449,0.013966630439436674,0.002810106901310943,0.007744176416989593,0.9888062851523053,35.850913079043266,0.0,0.3657772352859414,0.651896410055052,0.44713384493149155,0.3014957156355508,0.008637427553627449,0.007648715204681109,0.013966630439436674,0.3657772352859414,0.0
1189,1,7.460515474416267e-05,7.40071863367914e-06,1,1,,0,4.667096901200157e-09,0.651896410055052,0.447133844752237,0.30149571551468196,0.0,0.0,0.0,0.007648715204681109,0.008637427553627449,0.013966630439436674,0.002810106901310943,0.007744176416989593,0.9888062851523053,35.850913079043266,0.0,0.36577723586887223,0.651896410055052,0.447133844752237,0.30149571551468196,0.008637427553627449,0.007648715204681109,0.013966630439436674,0.36577723586887223,0.0
1190,1,7.460515474416267e-05,7.4007186547418275e-06,1,1,,0,4.667774450896671e-09,0.651896410055052,0.44713384457462485,0.301495715394921,0.0,0.0,0.0,0.007648715204681109,0.008637427553627449,0.013966630439436674,0.002810106901310943,0.007744176416989593,0.9888062851523053,35.850913079043266,0.0,0.3657772364463966,0.651896410055052,0.44713384457462485,0.301495715394921,0.008637427553627449,0.007648715204681109,0.013966630439436674,0.3657772364463966,0.0
1191,1,7.460515474416267e-05,7.400718675628975e-06,1,1,,0,4.66844572808279e-09,0.651896410055052,0.4471338443986412,0.3014957152762577,0.0,0.0,0.0,0.007648715204681109,0.008637427553627449,0.013966630439436674,0.002810106901310943,0.007744176416989593,0.9888062851523053,35.850913079043266,0.0,0.3657772370185643,0.651896410055052,0.4471338443986412,0.3014957152762577,0.008637427553627449,0.007648715204681109,0.013966630439436674,0.3657772370185643,0.0
1192,1,7.460515474416267e-05,7.400718696339744e-06,1,1,,0,4.669110790707508e-09,0.651896410055052,0.44713384422427055,0.3014957151586821,0.0,0.0,0.0,0.007648715204681109,0.008637427553627449,0.013966630439436674,0.002810106901310943,0.007744176416989593,0.9888062851523053,35.850913079043266,0.0,0.3657772375854251,0.651896410055052,0.44713384422427055,0.3014957151586821,0.008637427553627449,0.007648715204681109,0.013966630439436674,0.3657772375854251,0.0
1193,1,7.460515474416267e-05,7.400718716877424e-06,1,1,,0,4.669769696107952e-09,0.651896410055052,0.44713384405149803,0.30149571504218425,0.0,0.0,0.0,0.007648715204681109,0.008637427553627449,0.013966630439436674,0.002810106901310943,0.007744176416989593,0.9888062851523053,35.850913079043266,0.0,0.3657772381470278,0.651896410055052,0.44713384405149803,0.30149571504218425,0.008637427553627449,0.007648715204681109,0.013966630439436674,0.3657772381470278,0.0
1194,1,7.460515474416267e-05,7.4007187372429195e-06,1,1,,0,4.67042250098203e-09,0.651896410055052,0.44713384388030963,0.3014957149267544,0.0,0.0,0.0,0.007648715204681109,0.008637427553627449,0.013966630439436674,0.002810106901310943,0.007744176416989593,0.9888062851523053,35.850913079043266,0.0,0.36577723870342116,0.651896410055052,0.44713384388030963,0.3014957149267544,0.008637427553627449,0.007648715204681109,0.013966630439436674,0.36577723870342116,0.0
1195,1,7.460515474416267e-05,7.400718757437667e-06,1,1,,0,4.671069261646946e-09,0.651896410055052,0.44713384371069015,0.3014957148123826,0.0,0.0,0.0,0.007648715204681109,0.008637427553627449,0.013966630439436674,0.002810106901310943,0.007744176416989593,0.9888062851523053,35.850913079043266,0.0,0.3657772392546533,0.651896410055052,0.44713384371069015,0.3014957148123826,0.008637427553627449,0.007648715204681109,0.013966630439436674,0.3657772392546533,0.0
1196,1,7.460515474416267e-05,7.400718777462307e-06,1,1,,0,4.6717100337741564e-09,0.651896410055052,0.44713384354262586,0.30149571469905934,0.0,0.0,0.0,0.007648715204681109,0.008637427553627449,0.013966630439436674,0.002810106901310943,0.007744176416989593,0.9888062851523053,35.850913079043266,0.0,0.36577723980077176,0.651896410055052,0.44713384354262586,0.30149571469905934,0.008637427553627449,0.007648715204681109,0.013966630439436674,0.36577723980077176,0.0
1197,1,7.460515474416267e-05,7.40071879731935e-06,1,1,,0,4.672344872615396e-09,0.651896410055052,0.44713384337610246,0.30149571458677504,0.0,0.0,0.0,0.007648715204681109,0.008637427553627449,0.013966630439436674,0.002810106901310943,0.007744176416989593,0.9888062851523053,35.850913079043266,0.0,0.36577724034182396,0.651896410055052,0.44713384337610246,0.30149571458677504,0.008637427553627449,0.007648715204681109,0.013966630439436674,0.36577724034182396,0.0
1198,1,7.460515474416267e-05,7.400718817008108e-06,1,1,,0,4.67297383305423e-09,0.651896410055052,0.4471338432111059,0.3014957144755202,0.0,0.0,0.0,0.007648715204681109,0.008637427553627449,0.013966630439436674,0.002810106901310943,0.007744176416989593,0.9888062851523053,35.850913079043266,0.0,0.3657772408778567,0.651896410055052,0.4471338432111059,0.3014957144755202,0.008637427553627449,0.007648715204681109,0.013966630439436674,0.3657772408778567,0.0
1199,1,7.460515474416267e-05,7.4007188365323e-06,1,1,,0,4.673596969271032e-09,0.651896410055052,0.4471338430476217,0.3014957143652854,0.0,0.0,0.0,0.007648715204681109,0.008637427553627449,0.013966630439436674,0.002810106901310943,0.007744176416989593,0.9888062851523053,35.850913079043266,0.0,0.36577724140891654,0.651896410055052,0.4471338430476217,0.3014957143652854,0.008637427553627449,0.007648715204681109,0.013966630439436674,0.36577724140891654,0.0
1200,1,7.460515474416267e-05,7.400718855894299e-06,1,1,,0,4.674214335019429e-09,0.651896410055052,0.4471338428856369,0.30149571425606125,0.0,0.0,0.0,0.007648715204681109,0.008637427553627449,0.013966630439436674,0.002810106901310943,0.007744176416989593,0.9888062851523053,35.850913079043266,0.0,0.3657772419350491,0.651896410055052,0.4471338428856369,0.30149571425606125,0.008637427553627449,0.007648715204681109,0.013966630439436674,0.3657772419350491,0.0
