step,optimizer_phase,optimizer_iteration,optimizer_evaluation,learning_rate,evaluation_success,objective,gradient_rms,gradient_inf,activation_update_rms,forward_converged,forward_iterations,forward_failure,line_search_failures,equilibrium_residual_rms,min_det_f,min_det_g,min_det_ainv,min_singular_ainv,top_target_mae,top_target_rms,top_target_max,top_error_rms,top_highpass_rms,top_slope_rms,top_curvature_rms,activation_neighbor_jump_rms,activation_rms
0,adam,0,1,0.03,1,0.0013468013333333404,3.3101436803361704e-06,1.56583145443819e-05,0.0,1,1,,0,9.461119458572164e-18,0.9999999999999778,0.9999999999999778,1.0,1.0,0.03366666666666676,0.03669879198738482,0.050000000000000086,0.03669879198738482,3.239945264339065e-17,3.2381323224342745e-15,2.499144002924421e-13,0.0,0.0
1,adam,1,2,0.029699999999999997,1,0.0012587481388772461,3.09533702948121e-06,1.3167470867358441e-05,0.029443462090161895,1,1,,0,1.8459703284359918e-17,0.9648065480062844,0.9544043860121423,0.9400448586520465,0.9401096508697769,0.032572324936975844,0.035478840720593534,0.048309600033767226,0.03546663016141462,8.253207900590631e-05,0.012708906958231559,0.5328549856645985,0.011161698954572979,0.0294434620901619
2,adam,2,3,0.029403,1,0.0011767860165906978,2.9058822153063193e-06,1.0814636338457925e-05,0.028680377816724643,1,1,,0,1.7779066109187353e-17,0.9309010695498653,0.9068496835159674,0.8810250348916209,0.8813295393374754,0.03151750168866172,0.034304314839254516,0.04668845869043227,0.034256246054338226,0.00015713914604624624,0.024576160030533072,1.0179854613827384,0.02196518708708545,0.058086791798438404
3,adam,3,4,0.029108969999999998,1,0.0011005912084266706,2.744271867597852e-06,9.343143590696945e-06,0.027619510526297457,1,1,,0,1.5711732124428333e-17,0.8994293231601833,0.8586064649646327,0.8229840583733355,0.8240746171636476,0.03049804715781319,0.033175159508684667,0.045181846496508464,0.03307165857343643,0.00022301240565623137,0.035431062626725435,1.4585366198683982,0.03223771313314706,0.08556754368506975
4,adam,4,5,0.028817880299999998,1,0.001029625641016917,2.609390267986096e-06,8.050230780288821e-06,0.026348253585292993,1,1,,0,1.5152482203889214e-17,0.8728432974259321,0.7996404127795308,0.7657438940183363,0.7678487276466848,0.029505914884339797,0.03208778024446249,0.04388407410322303,0.031917455888416234,0.0002807190274327197,0.04526991119976508,1.86016234873583,0.041867183777411686,0.11157961135139483
5,adam,5,6,0.028529701496999998,1,0.0009632141464544197,2.4963024861334382e-06,6.8838930233190376e-06,0.02507872501754876,1,1,,0,1.709238532882542e-17,0.8527296015557089,0.7309465012630927,0.7094434655583923,0.7130208128941944,0.02853080947801492,0.031035691493092588,0.04274988187870594,0.030797843832776315,0.0003300844053756447,0.054053202575970266,2.219443895035798,0.05082825374616994,0.1359798074318397
6,adam,6,7,0.02824440448203,1,0.0009007130025705074,2.3981433187633154e-06,5.874040791883371e-06,0.02406663634512255,1,1,,0,1.8348326137209017e-17,0.8355576409712843,0.6579315254408914,0.6542797217375286,0.6598779020981296,0.027563465983766113,0.03001188102352979,0.04176177708261503,0.029715363802406313,0.00037043046218763846,0.06171080843417234,2.5274410671432603,0.05912904679972873,0.15888678723630978
7,adam,7,8,0.027961960437209697,1,0.0008416482055130273,2.308760751330009e-06,5.030197128707141e-06,0.023388440172372224,1,1,,0,1.668126162667303e-17,0.8101814130904843,0.5824870984221789,0.6003964983604513,0.6086376146259237,0.02659826860941433,0.029011173804467605,0.04086339772876523,0.02867060607762545,0.0004011554608358318,0.06819466277825298,2.7745442692428095,0.06677368200305984,0.18060409971924918
8,adam,8,9,0.0276823408328376,1,0.0007857285675014816,2.2240875549356343e-06,4.398405992424874e-06,0.0229472662603825,1,1,,0,1.5504170851115158e-17,0.7844022667219801,0.5063864601353819,0.5480723203704388,0.5589213028513037,0.02563336478544489,0.028030850281457423,0.0400417090448541,0.0276628435110675,0.0004220389884014124,0.07349936933731731,2.9532326112122664,0.07378746775328486,0.20145447953565151
9,adam,9,10,0.027405517424509224,1,0.0007327904914652593,2.14209688053671e-06,4.32339016611427e-06,0.022621731971170643,1,1,,0,1.9012257316139055e-17,0.7581578727282914,0.43108588126711034,0.49735854640924243,0.5099486549801071,0.02466954212558736,0.027070103277698432,0.03921619656525846,0.026690670994605186,0.00043344805875576546,0.07767342905200887,3.059780741421549,0.08023944130004422,0.22168992724366754
10,adam,10,11,0.02713146225026413,1,0.0006827419438802624,2.0622133086889172e-06,4.237191197204286e-06,0.02233040529960099,1,1,,0,1.7418140774365377e-17,0.7354149726875298,0.35763231194283124,0.44836314251846865,0.4613713498932856,0.0237091946328282,0.026129331102809777,0.038362563088805715,0.025752349105193847,0.0004364854736764104,0.08082737010981991,3.0952826548513936,0.08623696045088812,0.24148041890789648
11,adam,11,12,0.02686014762776149,1,0.0006355231553342386,1.9847008370578424e-06,4.138629494576819e-06,0.022027409664834848,1,1,,0,1.7497421412782283e-17,0.7165414196457367,0.28665472547135834,0.4012072064491136,0.4129075892565811,0.022755685814804655,0.025209584592655203,0.03747183386423204,0.024845954409479582,0.0004330115737312919,0.0831298574087723,3.0656751673600495,0.09190669638722837,0.26093032591883186
12,adam,12,13,0.026591546151483875,1,0.0005910805131439853,1.910159517250653e-06,4.027344348797178e-06,0.02168733889436688,1,1,,0,1.642941557732273e-17,0.7015646938966981,0.2184141573131316,0.35591565014855564,0.36473326847824283,0.02181298213245608,0.024312147439993558,0.03657216630681026,0.023969448322463286,0.000425520699681789,0.08479065011706435,2.9808268029740015,0.09737545648957908,0.28009610468998763
13,adam,13,14,0.026325630689969032,1,0.0005493493765840844,1.8391384178043143e-06,3.904248015054303e-06,0.021296529675293153,1,1,,0,1.7294621471790486e-17,0.6902314306872098,0.15288631656751023,0.312475583425817,0.31728535298426314,0.02088540717105316,0.02343820335657331,0.0356163309219834,0.02312071775933838,0.0004168800024744213,0.08603556586802706,2.8531226744251077,0.10275792357104473,0.29899988814205275
14,adam,14,15,0.026062374383069346,1,0.0005102441558039667,1.7718671873787404e-06,3.7715595981578596e-06,0.02084917582781989,1,1,,0,1.569922065160958e-17,0.6820921847975503,0.08985535830038992,0.26923959115398305,0.2706914777032351,0.019977428526006053,0.022588584634809828,0.03460620449405853,0.02229761123135677,0.00040993392376374873,0.08707877069679718,2.6960241572573955,0.10815149207789747,0.3176394362664374
15,adam,15,16,0.025801750639238653,1,0.00047365529110884294,1.7081234782001247e-06,3.6355146480551037e-06,0.02034638855625443,1,1,,0,1.669031701152082e-17,0.6713254911199066,0.029003815287789253,0.22536089019195513,0.22508846056025397,0.019093448679038703,0.021763623115392414,0.03358585670180609,0.021497988365464984,0.0004070178791980148,0.08809764488912332,2.5229031608378745,0.11363448535214937,0.33599550967333086
16,adam,16,17,0.025543733132846264,1,0.0004394527556284994,1.647252006851903e-06,3.529523374104851e-06,0.019796681808574638,1,1,,0,1.6094246402400155e-17,0.6583959905947294,-0.030010789471482557,0.1822981871975785,0.1806057471624583,0.01823760906982912,0.02096312847903431,0.032562542919519065,0.02071979821920681,0.000409512613102032,0.08921552941398463,2.346179507990537,0.11926563854720015,0.35403809646718504
17,adam,17,18,0.025288295801517802,1,0.0004074946997099862,1.5883217918746933e-06,3.4573426817115704e-06,0.01921540600373293,1,1,,0,1.4649589207286845e-17,0.6466578984127823,-0.08749747693976948,0.13793016081104006,0.13356431992371653,0.017413616885960194,0.020186497955563917,0.03156146855960844,0.019961188010809604,0.00041762760130049356,0.09049562128338778,2.1766393566441686,0.1250844677143999,0.3717323288785946
18,adam,18,19,0.025035412843502625,1,0.0003776385477605219,1.5303669216794513e-06,3.3920249642713566e-06,0.018621930780651646,1,1,,0,1.8903544303373568e-17,0.6358901948103921,-0.1436924231586321,0.08879112347031162,0.0855460421551664,0.016624579660118783,0.01943292432343938,0.030579370853942734,0.01922062519636248,0.00043053378553732424,0.09194635861599346,2.022914984109677,0.13111227624257357,0.38904390560186014
19,adam,19,20,0.024785058715067598,1,0.00034975114522314566,1.472629890951608e-06,3.3234374928165595e-06,0.018035143302166035,1,1,,0,1.8964724294973784e-17,0.6258765793397689,-0.19873684062093458,0.03937715351330615,0.03774237780901932,0.01587282471822417,0.018701634827553063,0.029585502005465007,0.018497004167457618,0.00044677230250185306,0.09353560652665181,1.8912199777931664,0.1373535728528019,0.40594331258307803
20,adam,20,21,0.02453720812791692,1,0.00032371504457920597,1.41473191317394e-06,3.250282758001852e-06,0.017469301580842773,1,1,,0,1.7437004398052136e-17,0.6164170739042767,-0.2526691453649749,-0.010156238210285502,0.009683216167116728,0.01515973569264609,0.017992082830489805,0.028597273081935798,0.017789711129464904,0.0004647230486769906,0.0952087870967466,1.785395135799534,0.14379793121493856,0.42240826829819345
21,adam,21,22,0.024291836046637753,1,0.00029942967273739756,1.356728084785078e-06,3.1718307662305758e-06,0.016932184238601013,1,1,,0,1.6667574293335302e-17,0.6073375276684815,-0.305428598610256,-0.05962379478506002,0.0013874618649518857,0.014485738326927166,0.017304036313455815,0.0276131103737194,0.017098635567657786,0.0004829539218901231,0.09690613274884578,1.7072459339015056,0.15042241950439905,0.438424365370234
22,adam,22,23,0.024048917686171376,1,0.0002768080885426457,1.2990477081808507e-06,3.086982105058618e-06,0.016425669983497617,1,1,,0,1.7356465460499586e-17,0.598495609330868,-0.3568683458370112,-0.10881676372881234,0.0015481922003850153,0.013850546861297114,0.01663755055717775,0.026627286825212367,0.016424132846981927,0.0005003962753378784,0.09857577011758584,1.6570649886099096,0.15719472722902714,0.45398437624664517
23,adam,23,24,0.02380842850930966,1,0.00025577130056066703,1.2423526034121756e-06,2.9962889980173673e-06,0.015947389239315237,1,1,,0,1.9852769151991403e-17,0.5897827575467326,-0.4067762379302126,-0.15750944658299454,0.0009591148994198419,0.013253472147644548,0.01599285154563335,0.0256523043908381,0.015766948970752093,0.000516373849895674,0.10018081663949441,1.6340884044874622,0.16407671323869918,0.46908681606158303
24,adam,24,25,0.023570344224216562,1,0.0002362423198926362,1.1873607030311563e-06,2.9008072904831495e-06,0.015492480746557662,1,1,,0,1.9836843711915506e-17,0.5811226193987926,-0.45490160479358477,-0.2054663915141864,0.006581156729642653,0.012692692166989298,0.01537017631299772,0.024733842832425815,0.015128116342952533,0.0005305365713662887,0.1017001752055472,1.636641466407656,0.1710274982218398,0.48373422983239556
25,adam,25,26,0.0233346407819744,1,0.00021814164196918732,1.1346813197018585e-06,2.801982880864509e-06,0.015055476693083146,1,1,,0,1.4661085857257758e-17,0.5724670032139348,-0.5009854425677921,-0.25245033118049176,0.008127572146561901,0.0121643481727563,0.014769618883681031,0.02386082277136492,0.014508827856855606,0.0005427535584884013,0.10312468384416,1.6620389383571799,0.17800560265181453,0.4979315737856782
26,adam,26,27,0.023101294374154653,1,0.00020138513000127225,1.0846989962002243e-06,2.7015136069511857e-06,0.014632138643126501,1,1,,0,1.813909984281877e-17,0.5637903508714424,-0.544790825023347,-0.29823063016654494,0.008150179619133748,0.01166442626464114,0.014191022866631998,0.02310639288511018,0.01391029940816991,0.0005530108109760882,0.10445153658323318,1.7065646376541088,0.18497054907056207,0.5116849842692386
27,adam,27,28,0.022870281430413107,1,0.00018588448717086914,1.0375282579699187e-06,2.6011956264042064e-06,0.014220524649373801,1,1,,0,1.7248442790024108e-17,0.5550835629736702,-0.5861302275024981,-0.342591726797076,0.0016950403112239618,0.011189021380499282,0.013633946133488615,0.022453893519716286,0.013333634040162757,0.0005613385203367154,0.10567948715921727,1.76574209212046,0.19188450014312272,0.5250010619857804
28,adam,28,29,0.022641578616108975,1,0.00017154977218158187,9.930423454226273e-07,2.503266244777906e-06,0.013820863591935255,1,1,,0,1.6922567555028767e-17,0.5463478763394599,-0.624886957252995,-0.385340929410084,0.0008555990969337012,0.01073431337601229,0.013097701026576453,0.02182837109729904,0.012779701508594386,0.000567772818303016,0.10680606483147705,1.8348316953765629,0.1987140765454966,0.5378866108235085
29,adam,29,30,0.022415162829947884,1,0.00015829291192320352,9.509583376358792e-07,2.4366154578963186e-06,0.013434471420415577,1,1,,0,1.8195516352477233e-17,0.5375893901099571,-0.661028825771157,-0.4263149674716449,0.0001605602501071781,0.010297653738427065,0.012581451105623847,0.021228398392631104,0.012249045211456717,0.0005723454016807876,0.10782690974333174,1.9093574876609982,0.20543212944870948,0.5503486565489493
30,adam,30,31,0.022191011201648406,1,0.00014603103610587813,9.109461179053346e-07,2.3998687480175296e-06,0.013062361984760467,1,1,,0,1.5436306743559137e-17,0.5288147092906382,-0.6946132918066279,-0.4653848516788905,0.000510268229652598,0.009877488620177965,0.012084330188549059,0.020655979870563338,0.011741824627264249,0.0005750906998381886,0.10873668758703793,1.9855098674294704,0.2120190854940974,0.562394549229515
31,adam,31,32,0.021969101089631925,1,0.00013468871438622901,8.727255341985648e-07,2.3614096476081797e-06,0.01270423775732392,1,1,,0,1.8899060029152394e-17,0.5200279974610343,-0.725784301486015,-0.5024587873867123,0.0008816453127954916,0.009472929472954049,0.01160554670776991,0.02008764273721461,0.011257796332837577,0.0005760608542673364,0.10953081870871886,2.0603712127992764,0.2184635140037841,0.5740320053792594
32,adam,32,33,0.0217494100787356,1,0.0001241986818430229,8.361252982831479e-07,2.322682717792438e-06,0.012358221941557043,1,1,,0,1.5338189527596627e-17,0.5112295197367676,-0.7547618112949753,-0.5374830514709489,0.0003165853950817879,0.009083510671624316,0.0111444462331254,0.01951590740977396,0.010796331632223159,0.000575341276317982,0.1102073190729372,2.131981888653798,0.22476175639118917,0.5852690360624192
33,adam,33,34,0.021531915977948245,1,0.00011450117179147901,8.010932847764119e-07,2.278648605940584e-06,0.012021227565074568,1,1,,0,1.568322684839152e-17,0.5024155529105621,-0.7818254700967882,-0.5704408664269549,0.0015201648479426931,0.008711891475214855,0.010700522033596258,0.018935343618928114,0.01035646494625573,0.0005730618288828473,0.1107682176415106,2.1992835497677694,0.23091673024525977,0.5961137877859539
34,adam,34,35,0.021316596818168762,1,0.00010554234315499071,7.676639342748916e-07,2.228803041929618e-06,0.011689589863088974,1,1,,0,1.7607377007657976e-17,0.4935793835015456,-0.8072942095728385,-0.6013494080676403,0.00023888731549532967,0.00835429414339457,0.010273380317840409,0.0183428294094769,0.009936964678150926,0.0005693999111807484,0.11122016787856237,2.26196610894704,0.23693624513156186,0.6065743578048565
35,adam,35,36,0.021103430849987073,1,9.727241736712815e-05,7.358998019942038e-07,2.1731873344462964e-06,0.011359676307531884,1,1,,0,1.7579861653471034e-17,0.484713032734033,-0.8315036281765944,-0.630255195098702,0.0013677963744256596,0.008011432385678393,0.009862678001796882,0.01773763051507376,0.009536417260874359,0.0005645731018252335,0.11157404980881848,2.3202384086528607,0.24283121463993843,0.6166586359005788
36,adam,36,37,0.020892396541487203,1,8.964406561604887e-05,7.058293492501132e-07,2.1123283875741687e-06,0.011028419349783401,1,1,,0,1.4603120281040216e-17,0.475809341409625,-0.854783102548397,-0.6572282389242977,0.0010403561908257676,0.007682779213058989,0.009468055007024878,0.017121256521807498,0.009153315610665416,0.0005588218509145554,0.11184363671453365,2.3745563206445115,0.2486140096976252,0.6263742026720461
37,adam,37,38,0.02068347257607233,1,8.261139501972435e-05,6.774017318332015e-07,2.0487609756800508e-06,0.010693790775389204,1,1,,0,1.726061566539055e-17,0.4668640934203772,-0.8774345159028721,-0.6823554571754544,2.3311606558238076e-05,0.007368219115720359,0.00908908108775163,0.016497123768696637,0.008786144898905038,0.0005523861260957428,0.1120436979199881,2.4253600283271903,0.254297017780124,0.635728303385035
38,adam,38,39,0.020476637850311608,1,7.612964757252738e-05,6.50472158025576e-07,1.98416237048062e-06,0.01035515942599665,1,1,,0,1.4928478436130374e-17,0.45787792204117517,-0.8997143136794934,-0.7057339359715733,6.829364949950623e-05,0.0070676344554674985,0.00872523051687045,0.01588309482359319,0.008433460397521476,0.0005454818608819538,0.11218806155309133,2.4728726489684894,0.2598913925417356,0.6447279110900554
39,adam,39,40,0.020271871471808492,1,7.015550939810994e-05,6.248203730947168e-07,1.9204940902180212e-06,0.010013431135012914,1,1,,0,2.0090021758165025e-17,0.44885780672823494,-0.9218202527059811,-0.7274646342285197,8.512804423397042e-06,0.006780792080367732,0.008375888573644586,0.015277887749418783,0.008093953414435114,0.0005382827877561532,0.11228811340507915,2.516993205621511,0.2654060004666907,0.6533798793483317
40,adam,40,41,0.020069152757090408,1,6.464778010991775e-05,6.001937218718726e-07,1.8602563910553584e-06,0.009670920108023296,1,1,,0,1.7132612409162222e-17,0.4398180243837246,-0.9438837135735827,-0.7522001827141508,0.001257962375458804,0.006507312691700118,0.008040384326008164,0.01467803531191738,0.00776650212591869,0.0005309114858045855,0.11235203169669354,2.5572908237614316,0.2708466205246449,0.6616911635053424
41,adam,41,42,0.019868461229519505,1,5.956810174924163e-05,5.763591046256307e-07,1.805655437236807e-06,0.009330979213785815,1,1,,0,1.7569300849008875e-17,0.43078047137117315,-0.9659678556953786,-0.7799768884165179,0.0008758530197749714,0.006246672509640477,0.00771803742859813,0.014097991098223475,0.007450204925254111,0.0005234410855011569,0.11238484135603113,2.593084426496293,0.2762154773194247,0.6696690705264764
42,adam,42,43,0.019669776617224306,1,5.4881490943309164e-05,5.53147201627899e-07,1.7511667678964799e-06,0.00899746736786884,1,1,,0,2.03740026705566e-17,0.4217743254612462,-0.9880713002662873,-0.8063836866783705,0.0004060670289717939,0.0059982735899638895,0.007408204299512073,0.013543713201829115,0.007144395002074448,0.0005159065053282947,0.11238916600853435,2.6235769449155706,0.2815111718231805,0.6773214893075103
43,adam,43,44,0.019473078851052063,1,5.0556525562772164e-05,5.304769704944318e-07,1.6974765658380424e-06,0.008674151784800339,1,1,,0,1.7224569960265448e-17,0.41283507151045096,-1.0101365199074015,-0.8314152730646809,0.00017276695999603834,0.0057615129507607695,0.00711031121419957,0.013003912837478765,0.006848636150323581,0.0005083217406152275,0.11236639237836446,2.648005849770627,0.28672901710603715,0.6846570572796238
44,adam,44,45,0.019278348062541542,1,4.656516427041195e-05,5.083559395623127e-07,1.6448408326373489e-06,0.008364151035670956,1,1,,0,1.744303140453071e-17,0.4040029679909983,-1.0320617591347334,-0.8550598316732209,0.0006106001980487476,0.0055357843830081965,0.006823867251816374,0.012484354225676704,0.006562701069698392,0.0005006982071987834,0.11231787568398127,2.6657731507461495,0.2918617078038733,0.6916852319670708
45,adam,45,46,0.019085564581916126,1,4.288228404154844e-05,4.86859229391065e-07,1.590732645148952e-06,0.008069527972116299,1,1,,0,1.610001488390681e-17,0.39532107791485727,-1.053715127578959,-0.8773028852076912,0.0004838129893333944,0.0053203485121158045,0.006548456615229915,0.011982953362674955,0.006286534600168022,0.0004930591061950604,0.11224583819305255,2.6765278966956805,0.29690019040741633,0.6984162544979394
46,adam,46,47,0.018894708936096967,1,3.9485082080982086e-05,4.660954807106756e-07,1.5354291629519527e-06,0.007791119594415878,1,1,,0,1.8141153876842272e-17,0.3868330219500806,-1.0749494819015901,-0.8981317417836473,0.0012148602113190364,0.005114309872786827,0.006283715626998256,0.011503920983967944,0.006020205466335302,0.00048544637287769037,0.11215374558371674,2.680190240027743,0.30183459084770986,0.7048610125128355
47,adam,47,48,0.018705761846736,1,3.6352497325569324e-05,4.461701113709843e-07,1.4793201699723254e-06,0.0075286259983280545,1,1,,0,1.5816194060759935e-17,0.3785806308960288,-1.0956168095509937,-0.9175400074271307,0.0006597242205158642,0.004916778856880798,0.006029303220569465,0.01105001099442733,0.005763851193491151,0.0004779193710899102,0.1120461363176937,2.676922973490416,0.30665509277365566,0.7110308277282659
48,adam,48,49,0.018518704228268637,1,3.346477084656044e-05,4.271555948278692e-07,1.4228756379775192e-06,0.007280895155805998,1,1,,0,1.78886906358483e-17,0.37060167914915865,-1.115581015545603,-0.935531668653932,0.00019248378083347754,0.004726933878095659,0.005784874315537067,0.01062410996465954,0.005517621671358443,0.0004705470035847473,0.1119280499435626,2.667068334683173,0.3113527092467142,0.7169372036990612
49,adam,49,50,0.01833351718598595,1,3.080320240355202e-05,4.090753107398151e-07,1.3666103433104246e-06,0.0070462848611993565,1,1,,0,1.7376031785065023e-17,0.3629278715782085,-1.134728266741483,-0.952124337244339,0.00021508769443814624,0.00454401570431353,0.005550063279238537,0.010236815972994069,0.005281627069528138,0.0004633964560232221,0.1118042924920162,2.651071994139173,0.31591992222278215,0.7225915701600288
50,adam,50,51,0.01815018201412609,1,2.8350094807868734e-05,3.9190296591700673e-07,1.3142307869668565e-06,0.006822986175189088,1,1,,0,1.5917897732210182e-17,0.35558323453380886,-1.1529743440370603,-0.9673513741087391,6.588546150998888e-06,0.004367339493897907,0.005324480707812616,0.009871144005151877,0.0050558952570211105,0.0004565221206855069,0.11167877837236012,2.6294135445504816,0.3203511734129299,0.7280050537586924
51,adam,51,52,0.01796868019398483,1,2.608882824177052e-05,3.7557498237863886e-07,1.2633433855816113e-06,0.006609240281042507,1,1,,0,1.4797080938440048e-17,0.34858302857011614,-1.170268766590616,-0.9812627514209417,0.00032486219680498494,0.004196325793669189,0.005107722412364489,0.00952771014149041,0.004840342581746014,0.00044995759280678344,0.11155412259017118,2.6025564791949773,0.32464318853546037,0.7331882950564709
52,adam,52,53,0.017788993392044983,1,2.400398425153457e-05,3.6000998583947403e-07,1.2169015790766777e-06,0.006403439072174464,1,1,,0,1.6746356751760212e-17,0.34193325731090923,-1.1865957538184033,-0.9939246514581647,0.00034766078222724014,0.0040305340746143135,0.004899386109660533,0.009202816610772178,0.004634760044921185,0.0004437124102684073,0.111431560768693,2.5709233165576455,0.3287951169254814,0.7381513219009179
53,adam,53,54,0.01761110345812453,1,2.2081444499312463e-05,3.4512848947093104e-07,1.173465957721589e-06,0.006204142400249814,1,1,,0,2.1068975620063187e-17,0.33563079633669407,-1.2019723503795914,-1.0054179192697008,0.00039059499638297983,0.003869685540647179,0.004699089752208662,0.008886685637674124,0.004438814879019214,0.0004377738087838645,0.11131117856723953,2.5348948746160067,0.33280847623843185,0.742903481487755
54,adam,54,55,0.017434992423543287,1,2.0308415009164173e-05,3.308670803953626e-07,1.1342367686328298e-06,0.006010060989651409,1,1,,0,1.5731865988563877e-17,0.32966411215213526,-1.2164442324012783,-1.015835573089434,0.00011392997662995577,0.003713666902873417,0.004506485882499153,0.008575860408969621,0.004252065648712127,0.0004321125206261302,0.11119235817121484,2.494827626238346,0.33668690815352076,0.7474534279008168
55,adam,55,56,0.017260642499307855,1,1.867336082749477e-05,3.1718412374269936e-07,1.095341638424997e-06,0.005820045546304246,1,1,,0,1.8162958744974465e-17,0.32401448984774905,-1.230079828008852,-1.0252796277692005,0.0007612793736845262,0.0035625111874448027,0.004321268428076966,0.008267595759028804,0.004073987545423119,0.00042669081273843604,0.11107430969290198,2.4510800875816696,0.34043577229515504,0.7518091580501358
56,adam,56,57,0.017088036074314774,1,1.716586693796887e-05,3.040570943416832e-07,1.0566084683203707e-06,0.0056331000691515415,1,1,,0,1.7638372444803765e-17,0.31865764531869206,-1.2429634241107934,-1.0338575058720023,0.00014190479991781028,0.0034163555183738007,0.004143171121009712,0.007959985519885245,0.003904003733095248,0.0004214706819656871,0.11095655267593836,2.404038506925081,0.3440616263148499,0.7559780860329642
57,adam,57,58,0.016917155713571625,1,1.5776460472650467e-05,2.914741398562338e-07,1.0179970661630695e-06,0.005448415385221034,1,1,,0,1.8571203175274464e-17,0.3135655695063781,-1.2551879076511334,-1.0416783060649422,0.002295727455705309,0.0032753808706083476,0.003971959273790514,0.007652020467382971,0.0037415184744225144,0.0004164203933151307,0.11083924225773133,2.354133576729068,0.3475716536411501,0.7599671437452014
58,adam,58,59,0.01674798415643591,1,1.4496433596926513e-05,2.794237691738758e-07,9.793897990387486e-07,0.005265408481176701,1,1,,0,1.6372512679026586e-17,0.3058520964255793,-1.2668477212995035,-1.0488491773985638,7.996620273635215e-05,0.003139746456159733,0.003807418232467575,0.007343576937095212,0.003585948238419037,0.00041151821907809376,0.11072328465979081,2.301842995167923,0.3509731021254877,0.7637828943364631
59,adam,59,60,0.016580504314871552,1,1.3317698085298861e-05,2.6788648686463986e-07,9.410001654508066e-07,0.0050837550616254544,1,1,,0,1.6880923194333767e-17,0.2866133645357818,-1.2780325177309613,-1.0554720171310406,0.0015130557232792604,0.0030095376354170385,0.0036493421441814496,0.0070353416351330664,0.003436747892387104,0.0004067530906303033,0.11061024334325734,2.24767870582613,0.35427278667229434,0.7674316453197496
60,adam,60,61,0.016414699271722837,1,1.2232687191952065e-05,2.568309846299415e-07,9.0294254338163e-07,0.004903409227417598,1,1,,0,1.7519395652551907e-17,0.2680871995225579,-1.288821885777724,-1.0616406720135119,0.0007687636226440351,0.0028847423543825012,0.003497525867231301,0.006728683190465125,0.0032934302061103436,0.0004021226732414241,0.11050208627829954,2.1921616271223296,0.35747669190084774,0.770919550001273
61,adam,61,62,0.016250552279005605,1,1.1234304368200775e-05,2.462156621856789e-07,8.654220165122098e-07,0.004724607787659913,1,1,,0,1.5962893767967304e-17,0.2502466265850344,-1.2992814039440548,-1.0674387792081221,0.00045587734011458335,0.0027652571517810393,0.0033517613829449097,0.006425484590166343,0.003155578031027192,0.00039762992216735884,0.11040085531322658,2.1357897214914585,0.3605896936829997,0.7742526889780365
62,adam,62,63,0.01608804675621555,1,1.0315906605530315e-05,2.3599442394804506e-07,8.286715611095746e-07,0.004547856132960509,1,1,,0,1.7761895516076026e-17,0.23307049266561136,-1.309460157749242,-1.0729383336418103,0.00016468869875526366,0.0026509120802302856,0.0032118385086318266,0.006127952163393798,0.0030228494805390215,0.00039327937047485984,0.11030834535884525,2.0790066719608316,0.3636154053465697,0.7774371269573888
63,adam,63,64,0.015927166288653396,1,9.471304998049402e-06,2.2612445730750892e-07,7.94460919712397e-07,0.00437389084858655,1,1,,0,1.5887556000748748e-17,0.21654427952052432,-1.3193897423147602,-1.0781990151146181,0.0010635743991232436,0.0025415020065533023,0.003077548537074501,0.005838416487279128,0.0028949771111370514,0.0003890742392560966,0.11022586563772886,2.0221780018750852,0.36655614561957095,0.7804789433539583
64,adam,64,65,0.01576789462576686,1,8.69476625264815e-06,2.1657335576717792e-07,7.622101681060533e-07,0.004203614453352565,1,1,,0,1.5567295602614623e-17,0.200660112148313,-1.3290846661082474,-1.0832682540602838,0.002345599701153383,0.00243681529182707,0.00294868890401279,0.005559139377467848,0.002771762447152975,0.00038501504315409586,0.11015412467564308,1.9655794291942381,0.36941301866074194,0.7833842376596023
65,adam,65,66,0.01561021567950919,1,7.981004260556757e-06,2.073234719609731e-07,7.311422111241263e-07,0.004038001219056873,1,1,,0,1.6171464038823296e-17,0.1854160587080071,-1.338543981367341,-1.0881819638562085,0.0002735878790578954,0.0023366534524904593,0.002825067124964778,0.0052921397640862565,0.0026530672336460047,0.0003810998314773992,0.11009324474429354,1.9093991743513519,0.37218608962262806,0.7861591124470769
66,adam,66,67,0.015454113522714098,1,7.3251577216486765e-06,1.9837246006540494e-07,7.027535972635725e-07,0.003877980007030052,1,1,,0,1.72975832780434e-17,0.17081486068507498,-1.347753896166419,-1.092965824503615,0.0001618274652443497,0.002240836067065616,0.0027065028582376697,0.005039049806996688,0.002538802623055659,0.0003773257087290515,0.1100428796412368,1.8537526273086649,0.37487463190121895,0.7888096381795663
67,adam,67,68,0.015299572387486958,1,6.7227557696848086e-06,1.8973017497123436e-07,6.755546674747678e-07,0.003724309103625605,1,1,,0,2.0911486928988735e-17,0.1568622605986158,-1.356691075547537,-1.0976369710175424,0.002372149035782267,0.0021491901597662363,0.0025928277554987736,0.004801010516209597,0.002428917215214883,0.0003736909446823793,0.11000238933708761,1.7987050657284631,0.3774774162586155,0.7913418048597058
68,adam,68,69,0.015146576663612089,1,6.169677155484612e-06,1.8141307375786228e-07,6.490582498242214e-07,0.0035774657957658752,1,1,,0,1.4993928001260757e-17,0.14356510882258347,-1.365326316086094,-1.1022059222399043,0.0015425848249358625,0.002061536873216202,0.0024838834826707576,0.004578612837650479,0.0023233845981551616,0.00037019688780825095,0.10997101980983791,1.7442966958779342,0.37999300971491035,0.7937614660174169
69,adam,69,70,0.014995110896975966,1,5.662109485036738e-06,1.7343779407624754e-07,6.232144663639971e-07,0.003437575342718619,1,1,,0,1.6982912931373622e-17,0.13092943150799286,-1.3736282796006931,-1.1066785827268812,0.0003325988013905876,0.00197768810741425,0.0023795187507218217,0.004371885683027127,0.00222219087281393,0.00036684903941888687,0.10994804556418468,1.6905644756465907,0.3824200547760496,0.7960742806358422
70,adam,70,71,0.014845159788006207,1,5.196513793075246e-06,1.6581559884723963e-07,5.979905041480668e-07,0.0033043972052469108,1,1,,0,1.472378848403646e-17,0.11895862894877238,-1.3815669959425467,-1.1110581611525798,0.0005100820166262541,0.0018974505095950222,0.0022795863206018863,0.004180327553330582,0.002125322622209076,0.00036365695914692255,0.10993285107632,1.637556773238484,0.38475750644175005,0.7982856583695052
71,adam,71,72,0.014696708190126147,1,4.769597292172924e-06,1.5854894166757774e-07,5.733691451281134e-07,0.003177372450751487,1,1,,0,1.6800301060954696e-17,0.10765194935238959,-1.3891168890292929,-1.1153468713936514,0.0003352482586166947,0.0018206511112151189,0.002183940771214486,0.004004130476467267,0.0020327558683829825,0.0003606330397565941,0.10992494867061348,1.5853392820212469,0.38700481318793534,0.8004007128281369
72,adam,72,73,0.014549741108224885,1,4.378294470952955e-06,1.5163068659314812e-07,5.493468141973161e-07,0.0030557207443160203,1,1,,0,1.9676775681308098e-17,0.0970033489070115,-1.3962591402064868,-1.1195473142245482,0.0001764055590814599,0.0017471697843759217,0.002092437447321414,0.0038409516445691923,0.0019444466645604443,0.0003577904953385554,0.10992394755215061,1.5339929685554732,0.38916203628037377,0.8024242267921372
73,adam,73,74,0.014404243697142636,1,4.019754635425392e-06,1.450457359311034e-07,5.259313041421207e-07,0.002938564328108425,1,1,,0,1.6549403244732154e-17,0.08700080820869456,-1.402983272986787,-1.1236634748009953,0.0010522586981419166,0.0016768346472242086,0.0020049325762791603,0.0036887627383985926,0.0018603240056093927,0.0003551410759647148,0.1099294979540883,1.4836065523566326,0.3912299079945161,0.8043606320240084
74,adam,74,75,0.014260201260171208,1,3.6913329632732655e-06,1.3877421059189145e-07,5.031392980609215e-07,0.0028250529601634815,1,1,,0,1.539915176362587e-17,0.07762613123264538,-1.4092879167055632,-1.1277013100092468,0.00044222320508071754,0.0016094101103793395,0.0019212841963835714,0.0035458298080297684,0.0017802856478908184,0.00035269303344537424,0.1099412349855693,1.4342668012528392,0.3932098335429575,0.8062140049215177
75,adam,75,76,0.014117599247569496,1,3.390582229568683e-06,1.3279505074386464e-07,4.810316425600975e-07,0.0027144672714553794,1,1,,0,1.7525910235954674e-17,0.06885521021575296,-1.4151807769515372,-1.1316689366568813,0.0014198264623260706,0.001544748164215988,0.001841353369011142,0.0034104003777206925,0.0017041971969967678,0.00035044974324365636,0.10995874072984883,1.3860497856683232,0.39510384438046564,0.8079880777462208
76,adam,76,77,0.0139764232550938,1,3.1152432666479708e-06,1.270889984529954e-07,4.606658823239361e-07,0.0026062857044114626,1,1,,0,1.8701251047512884e-17,0.06065870201985275,-1.4206779017687576,-1.1355764633042815,0.0012884310287062835,0.0014829266935118585,0.0017650051746802248,0.0032808115454392066,0.0016318944797582852,0.0003484091900557198,0.10998153362191049,1.339015385492393,0.3969145126485258,0.8096862637116696
77,adam,77,78,0.013836659022542863,1,2.863233452979621e-06,1.216403013674198e-07,4.408723449934544e-07,0.0025002093581198447,1,1,,0,1.6936244555068076e-17,0.05300303199316189,-1.4258023799480914,-1.1394355330646533,2.9945715268824613e-05,0.0014238536675546338,0.001692109172890337,0.0031555821014024833,0.0015631888277221392,0.00034656430967829033,0.11000908435379475,1.2932061008162608,0.39864483801414197,0.8113116929974488
78,adam,78,79,0.013698292432317434,1,2.632633613234412e-06,1.1643697336231643e-07,4.2161760697249974e-07,0.002396147732282042,1,1,,0,1.6175690331768422e-17,0.04585162212123706,-1.4305826384135243,-1.1432586606758142,0.0007169206528991834,0.0013672695082545482,0.0016225392485959814,0.003033483744770075,0.001497874541428423,0.00034490400101014237,0.11004085003261282,1.2486499240616773,0.40029811889074945,0.8128672559216091
79,adam,79,80,0.01356130950799426,1,2.4216743534119253e-06,1.1146989431030629e-07,4.028847073574603e-07,0.0022941752256173667,1,1,,0,1.6222561624602547e-17,0.03916623211216114,-1.4350505188658127,-1.147058454236409,0.0004669186744135706,0.0013131083441903998,0.0015561729831262093,0.002913588212992122,0.0014357375540808449,0.0003434145155721667,0.1100763144970551,1.2053659942627646,0.4018778197748776,0.8143556491603903
80,adam,80,81,0.013425696412914318,1,2.228722977148903e-06,1.0673130669967432e-07,3.850209608265893e-07,0.0021944723136855374,1,1,,0,1.690820499826945e-17,0.03290830449428056,-1.443010444878403,-1.1508468106706724,0.00022881502539977898,0.0012613246237819166,0.0014928908121992388,0.002795289089999347,0.001376564223242177,0.0003420809108833611,0.11011502285569451,1.1633711922632646,0.4033874451418115,0.8157794210754982
81,adam,81,82,0.013291439448785174,1,2.0522718452664707e-06,1.022133259463415e-07,3.675592795433063e-07,0.0020972659857358858,1,1,,0,1.7345366288791908e-17,0.02704021630325082,-1.4505610801200348,-1.1546341653420302,1.1151935810959623e-05,0.0012118674664359722,0.001432575249425478,0.002678299085239084,0.0013201492658342572,0.0003408883079882044,0.1101566016685696,1.1226858269613775,0.4048304282356325,0.8171410128257585
82,adam,82,83,0.013158525054297323,1,1.8909285570494277e-06,9.790694852636809e-08,3.5042227898498305e-07,0.0020027813469823724,1,1,,0,1.5948066070313376e-17,0.021526358302681278,-1.4576767195019842,-1.1584288618440224,0.00026508467164141356,0.001164674856423252,0.0013751103799511614,0.0025626254342556672,0.0012663020878140136,0.0003398227943847693,0.11020076127552739,1.0833370327794807,0.4062100405662367,0.8184427928519062
83,adam,83,84,0.013026939803754349,1,1.7434078557614565e-06,9.380179152142736e-08,3.336704490688618e-07,0.0019112112586847066,1,1,,0,1.747751230206962e-17,0.016333985384995656,-1.4643863736161222,-1.1622366897231289,0.0005429539386470407,0.0011196735825627106,0.0013203817083561316,0.0024485275248411153,0.001214851084607832,0.00033887192655805356,0.11024728190544623,1.0453592544874177,0.40752932540235026,0.819687083344
84,adam,84,85,0.012896670405716805,1,1.6085248367778166e-06,8.988652372484141e-08,3.1740902048523365e-07,0.0018227050769583865,1,1,,0,1.609745736293338e-17,0.011433806266690728,-1.470716462689946,-1.1660606177298176,0.00033300492306188444,0.0010767816845366962,0.001268276325087643,0.0023368385068706457,0.001165645827183527,0.00033802488061497425,0.1102959890068451,1.0087919979210276,0.40879105630711815,0.820876178259365
85,adam,85,86,0.012767703701659637,1,1.4851889214768498e-06,8.614973792272172e-08,3.021435334563469e-07,0.0017373725851207843,1,1,,0,1.5553062104958798e-17,0.006800304472636271,-1.476690308800871,-1.1699007301103153,0.0006959451847120862,0.001035911511154188,0.001218683273651054,0.002228129231845439,0.0011185573350953805,0.00033727235660808286,0.11034672498152263,0.973675663563829,0.4099977199097528,0.8220123532385769
86,adam,86,87,0.01264002666464304,1,1.3723981313258426e-06,8.258091867860805e-08,2.8756334493952685e-07,0.0016552962185407624,1,1,,0,1.769683572670027e-17,0.0024118039384448562,-1.4823279417194735,-1.173754355191955,1.943448211614484e-05,0.0009969726289252349,0.001171493974088575,0.002122585051411574,0.0010734768293076667,0.00033660635785062883,0.11039932414264833,0.9400466238003811,0.4111515206304907,0.8230978683186884
87,adam,87,88,0.01251362639799661,1,1.2692333804367613e-06,7.917118741407722e-08,2.7369398369134523e-07,0.00157654404467773,1,1,,0,1.5179937061169143e-17,-0.0017496900929391177,-1.4876461841304176,-1.177616360472914,0.0012278440767715328,0.000959874270652186,0.0011266025831839555,0.002020847613400739,0.0010303134402976707,0.00033601994841454553,0.11045359577518091,0.9079327191478062,0.4122544039301549,0.8241349646742367
88,adam,88,89,0.012388490134016644,1,1.1748527120119327e-06,7.591362479658671e-08,2.605954670443772e-07,0.0015011774115080713,1,1,,0,1.5642059679142822e-17,-0.005698831728375664,-1.4926589642183574,-1.1814795775335596,0.0015054038757481318,0.0009245271157998011,0.0010839062284219668,0.0019235181464337732,0.0009889913327675904,0.00033550705416268776,0.1105093174537705,0.8773500832340695,0.41330809382024497,0.8251258567688179
89,adam,89,90,0.012264605232676477,1,1.0884855619782424e-06,7.280312600797406e-08,2.4881315342099975e-07,0.0014292500136186682,1,1,,0,1.6447606795040924e-17,-0.009447406198489309,-1.4973777928774432,-1.185335313765743,2.7583042337094574e-05,0.0008908443249091282,0.001043305114517437,0.0018311110000545608,0.0009494466260030605,0.00033506233034423597,0.11056623808975184,0.8483017669795131,0.4143141398641697,0.8260727213253534
90,adam,90,91,0.012141959180349713,1,1.009427205334175e-06,6.983588414251186e-08,2.3766323266612693e-07,0.0013607984599190767,1,1,,0,1.6619292406502912e-17,-0.013004880048252041,-1.5018123390171843,-1.1891739061020514,0.0011825719567783784,0.0008587419300057439,0.0010047025456990616,0.0018109181657405054,0.0009116243743777739,0.00033468108428733604,0.11062408816282766,0.8207781500447439,0.4152739687590953,0.8269776844683137
91,adam,91,92,0.012020539588546215,1,9.370335297513479e-07,6.700868392208904e-08,2.271124510035341e-07,0.0012958273800202885,1,1,,0,1.6895559796677997e-17,-0.01637897922425529,-1.50597103887623,-1.1929852741366154,0.00013667960489143532,0.0008281388195478125,0.0009680049223797098,0.0017940500122165665,0.0008754757595922642,0.00033435922216316417,0.11068259357630801,0.7947587246221429,0.4161889358242208,0.827842808289168
92,adam,92,93,0.011900334192660752,1,8.707162166478803e-07,6.431820839093055e-08,2.1712736435368428e-07,0.0012342939587609912,1,1,,0,1.5900553672294994e-17,-0.019576250304016465,-1.5098616827421127,-1.1967594354728053,3.878693693926288e-05,0.0007989565983801723,0.0009331217587474211,0.0017775996142810559,0.0008409555599742171,0.0003340931856186749,0.11074148957956607,0.7702145995465131,0.41706037230394355,0.8286700779549651
93,adam,93,94,0.011781330850734146,1,8.099383316953084e-07,6.176052287801813e-08,2.0767490288971023e-07,0.0011760971198657528,1,1,,0,1.520913587095711e-17,-0.022602568434307097,-1.5134919335528796,-1.200486953842552,0.0004064431914608064,0.0007711195539911285,0.0008999657391786136,0.0017614901184355375,0.0008080199147049521,0.00033387985405131034,0.11080053200268139,0.747111034605498,0.4178896252450348,0.8294613903247227
94,adam,94,95,0.011663517542226803,1,7.542102673139706e-07,5.933082531269985e-08,1.9872279350130575e-07,0.001121075373744318,1,1,,0,1.4676111479691295e-17,-0.025463565351493418,-1.5168697449771282,-1.20415929949565,0.001166061261048015,0.0007445548547299013,0.0008684528008556197,0.0017456471064560553,0.0007766243911025073,0.00033371640542559513,0.11085950428064696,0.7254094535137624,0.41867808771627196,0.8302185448578702
95,adam,95,96,0.011546882366804536,1,7.030859559428439e-07,5.702346750125476e-08,1.9023985763376651e-07,0.0010690150093884596,1,1,,0,1.8002514321885992e-17,-0.02816496112068344,-1.520003660249382,-1.2077691105907007,0.0007376243449789491,0.0007191929862920702,0.0008385022098616341,0.0017300040761998386,0.0007467223793198588,0.0003336001462087478,0.11091822002165848,0.7050686348027317,0.4194272181912096,0.8309432373912883
96,adam,96,97,0.01143141354313649,1,6.561592843375439e-07,5.483218293739214e-08,1.8219620979553317e-07,0.0010196675706956298,1,1,,0,1.610565852272616e-17,-0.030712793060414342,-1.5229029859939716,-1.211310353007999,0.00022476691455204046,0.0006949683353844163,0.0008100365944434509,0.0017145066746931136,0.0007182638635747834,0.00033352833389897567,0.11097652188729475,0.6860450597532954,0.420138548909785,0.8316370571285974
97,adam,97,98,0.011317099407705125,1,6.130606733994596e-07,5.2750418871843846e-08,1.745633848206548e-07,0.0009727732233056539,1,1,,0,1.6514343707422678e-17,-0.03311354400580318,-1.5255778465037537,-1.2147783835179848,0.0003665987310518901,0.0006718197753487204,0.0007829819112849668,0.0016991154580603466,0.0006911946351678108,0.00033349802079508896,0.11103427812881554,0.6682926288477471,0.4208136838999002,0.832301486936087
98,adam,98,99,0.011203928413628075,1,5.734538275880338e-07,5.077166771796069e-08,1.673144203692643e-07,0.0009280853142192515,1,1,,0,1.7481906195533066e-17,-0.03537417911390213,-1.5280391327851601,-1.218169927163097,6.115125562092881e-05,0.0006496911031337966,0.0007572673422167589,0.0016838071051706017,0.00066545600781858,0.0003335059448024501,0.11109137823631357,0.6517620919308234,0.42145428803286866,0.8329379067895455
99,adam,99,100,0.011091889129491793,1,5.370326874864881e-07,4.8889718795677306e-08,1.6042391632362262e-07,0.0008853914029334048,1,1,,0,1.4492714173820822e-17,-0.03750210555849894,-1.5302983668074288,-1.2214829838467116,9.963912057846532e-05,0.0006285312127224364,0.0007328251411397456,0.0016685741621742755,0.0006409850662281231,0.000333548484024638,0.11114772889667424,0.6364005555396004,0.4220620689867745,0.833547599985194
100,adam,100,101,0.010980970238196875,1,5.035186296124257e-07,4.709879261996109e-08,1.5386808597401131e-07,0.0008445271451198861,1,1,,0,1.623715581010703e-17,-0.0395050726332136,-1.5323675047788246,-1.224716681461689,0.0003783014948127701,0.000608293951018497,0.0007095904661228374,0.0016534235230517295,0.0006177154286612094,0.00033362167971475365,0.11120325097982402,0.6221513494437528,0.4226387542951013,0.8341317615368906
101,adam,101,102,0.010871160535814906,1,4.726579479437801e-07,4.539356167279401e-08,1.4762480652683804e-07,0.0008053812032179825,1,1,,0,1.6876781547829788e-17,-0.04139103108971806,-1.5342587041422235,-1.2278710935782782,1.830925481341846e-05,0.0005889376695942699,0.0006875012348670947,0.0016383739425777878,0.0005955784447496589,0.00033372132012560987,0.11125787775154203,0.6089543920319916,0.42318606577010853,0.8346915080488881
102,adam,102,103,0.010762448930456758,1,4.442196274216916e-07,4.376909215151578e-08,1.4173864468354611e-07,0.0007678913187298265,1,1,,0,1.868783037682045e-17,-0.043167970224188536,-1.5359840777413616,-1.230947039000711,0.0006856399866153803,0.0005704245429134178,0.0006664980325715085,0.001623452926034469,0.0005745046947944032,0.0003338430685546864,0.11131155408520305,0.5967470386171165,0.42370569352496207,0.8352278882907904
103,adam,103,104,0.01065482444115219,1,4.1799339021286246e-07,4.222075452773846e-08,1.3626495572850414e-07,0.0007320333575705686,1,1,,0,1.6937052801835107e-17,-0.0448437496131712,-1.5375554557643345,-1.2339458787113589,0.001313747092561024,0.0005527197593659579,0.0006465240832427378,0.001608693345467774,0.0005544256197217714,0.0003339826139582397,0.11136423619747027,0.5854652710206326,0.42419927159732806,0.8357418937127857
104,adam,104,105,0.010548276196740668,1,3.9378797041911204e-07,4.074414693635228e-08,1.309894066032433e-07,0.0006978062374635347,1,1,,0,1.8480185422063354e-17,-0.046425939855983596,-1.5389841721638031,-1.2368693231893773,0.0015603425733084013,0.0005357907010853621,0.0006275252747253389,0.0015941301018648798,0.0005352751001318722,0.0003341358221892023,0.11141589138398744,0.5750450185400854,0.4246683568307392,0.8362344682195928
105,adam,105,106,0.01044279343477326,1,3.714295592656665e-07,3.933505928343638e-08,1.2589460925950227e-07,0.0006652160377899653,1,1,,0,1.6023954514080842e-17,-0.0479216835672309,-1.5402808877976704,-1.2397192601431808,0.0017983157025887938,0.0005196062140295778,0.0006094502106535583,0.0015797970964867498,0.0005169908206007446,0.0003342988694196871,0.11146649734658791,0.5654233970043285,0.4251144122371813,0.8367065166575127
106,adam,106,107,0.010338365500425528,1,3.507603634056591e-07,3.7989484817806055e-08,1.2096911624930083e-07,0.0006342622946804142,1,1,,0,1.8038848846077684e-17,-0.04933758451399597,-1.541455457978456,-1.2424976096207943,0.0020280864093643394,0.0005041360380573171,0.0005922502540359599,0.001565724703927265,0.0004995152970793787,0.00033446834520561955,0.11151604091596327,0.5565397028669816,0.4255387955884614,0.8371589116413845
107,adam,107,108,0.010234981845421274,1,3.316372321547488e-07,3.670366700779075e-08,1.1620675138614906e-07,0.0006049286311507105,1,1,,0,1.5542373926991618e-17,-0.05067962948920133,-1.542516847822001,-1.245206210494344,0.002250086252599191,0.000489350427237059,0.0005758795292027221,0.001551937864797731,0.0004827965013861984,0.0003346413193035857,0.11156451620615196,0.5483360798233687,0.4259427535083794,0.8375924985351936
108,adam,108,109,0.01013263202696706,1,3.139303302579801e-07,3.547415809363232e-08,1.1160574187656082e-07,0.0005771786874433232,1,1,,0,1.4604027101696356e-17,-0.051953144477291394,-1.5434730950043625,-1.2478467396310537,0.0023332833632222624,0.00047521995308414056,0.0005602948601031247,0.0015384548456178954,0.0004667880759155479,0.0003348153723402008,0.11161192242390472,0.5407578595386361,0.4263274209008549,0.838008098580458
109,adam,109,110,0.010031305706697389,1,2.975218548072759e-07,3.429786370214587e-08,1.0716771946259509e-07,0.0005509570785191851,1,1,,0,1.7039442223237708e-17,-0.05316278405406255,-1.5443313164313976,-1.2504206627815204,0.0022222087054590035,0.0004617154556876059,0.0005454556396328449,0.0015252866533342411,0.0004514491830712169,0.00033498859482072413,0.11165826165661408,0.5337536435612518,0.42669382518056687,0.8384065103227244
110,adam,110,111,0.009930992649630415,1,2.8230481231586115e-07,3.3172054338421285e-08,1.0289666000177078e-07,0.0005261940915126185,1,1,,0,1.6122046665822014e-17,-0.05431255086758678,-1.5450977529768064,-1.2529292144029651,0.00197463532486543,0.0004488080942939594,0.000531323641781411,0.0015124370449592604,0.000436744069909868,0.00033515956137598814,0.11170353696633453,0.527275227727444,0.42704289449155874,0.8387885096064149
111,adam,111,112,0.009831682723134111,1,2.681818809850184e-07,3.209433611501622e-08,9.879782826411331e-08,0.0005028122558367029,1,1,,0,1.6481381707612094e-17,-0.05540584051033794,-1.5457778448614445,-1.255373402312753,0.0014587732560158138,0.00043646945038474424,0.0005178628013142269,0.0014999030399894895,0.00042264144569197656,0.0003353272877273419,0.11174775103987587,0.5212774715660552,0.4273754689147378,0.8391548484858126
112,adam,112,113,0.00973336589590277,1,2.5506438282315146e-07,3.106258557034893e-08,9.498550879150093e-08,0.00048073285871213654,1,1,,0,1.6853620422154175e-17,-0.056445506113171486,-1.5463763293847475,-1.2577540322236842,0.0009745082475176116,0.00042467164910339717,0.0005050389913889337,0.0014876758237115457,0.0004091137692277784,0.0003354911770805485,0.11179090551831809,0.5157181905256404,0.42769231357766196,0.8395062534346956
113,adam,113,114,0.009636032236943742,1,2.428713820878643e-07,3.007486315422894e-08,9.138494525646337e-08,0.0004598808833800709,1,1,,0,1.520428454441515e-17,-0.05743393653314655,-1.546897352505198,-1.2600717468097358,0.0005205879805238273,0.0004133874824922231,0.0004928198272065201,0.0014757419214630797,0.00039613652815973546,0.0003356509611702189,0.11183300099127841,0.5105581104999957,0.427994132582928,0.8398434232331207
114,adam,114,115,0.009539671914574305,1,2.3152891382771963e-07,2.9129324594022664e-08,8.79539944153295e-08,0.0004401875470549934,1,1,,0,1.9590926336025246e-17,-0.0583731420085449,-1.5473445860999524,-1.2623270739345938,9.571526658081508e-05,0.0004025905328137888,0.00048117451493997435,0.0014640845252046962,0.00038368756946279654,0.00033580663955562083,0.1118740375251072,0.5057608851419857,0.428281582752985,0.8401670268741771
115,adam,115,116,0.00944427519542856,1,2.2096933303455134e-07,2.8224148346131573e-08,8.468813415083513e-08,0.00042159039032310555,1,1,,0,1.733646441473768e-17,-0.059264841539769825,-1.54772134350542,-1.2645204789807405,0.00030143347188104616,0.00039225530024312137,0.0004700737527607251,0.0014526848622002392,0.0003717465155860345,0.00033595841943808916,0.11191401552173134,0.5012931471048351,0.428555286333408,0.8404777017749497
116,adam,116,117,0.009349832443474275,1,2.1113076449270388e-07,2.7357491728634277e-08,8.158275638551763e-08,0.0004040315150835979,1,1,,0,1.642317408449338e-17,-0.06011054693990053,-1.548030687040403,-1.2666524167744053,1.7392745033415084e-05,0.00038235733395894074,0.00045948967833097607,0.0014415235092347014,0.0003602942788495558,0.00033610665743927416,0.11195293668379704,0.4971245501761237,0.42881584198496264,0.8407760525034725
117,adam,117,118,0.009256334119039531,1,2.0195662797281282e-07,2.6527480236650997e-08,7.870198827199646e-08,0.00038745494653659354,1,1,,0,1.973272997863428e-17,-0.060911639395848004,-1.548275522531797,-1.268723379341246,0.0002746716545955844,0.0003728733505628584,0.00044939584774763197,0.0014305815729919943,0.00034931267116796735,0.00033625180444809557,0.11199080488699534,0.4932277607055281,0.42906383360722883,0.8410626501556706
118,adam,118,119,0.009163770777849137,1,1.9339521347865146e-07,2.573222639127559e-08,7.594242032662831e-08,0.0003718041569497419,1,1,,0,1.5131391735573085e-17,-0.06166943540568004,-1.5484586772982274,-1.2707339365809742,0.00012173608723626085,0.0003637813052664466,0.00043976722647174547,0.0014198416765357044,0.0003387840979256869,0.00033639435466777356,0.1120276268178348,0.48957837016385025,0.42929983675357025,0.8413380324404492
119,adam,119,120,0.009072133070070645,1,1.8539928593793812e-07,2.496986834779442e-08,7.329929919440497e-08,0.0003570205711311081,1,1,,0,1.685102058666289e-17,-0.062385240030692755,-1.5485829595039065,-1.2726847678528324,0.00016674858189827624,0.0003550603757619768,0.0004305801736470667,0.0014092887121135282,0.0003286913230980646,0.0003365348001599607,0.11206341230657353,0.4861547202395489,0.42952442260128915,0.8416027044629343
120,adam,120,121,0.008981411739369938,1,1.779257061657413e-07,2.4238615602973853e-08,7.076949621205863e-08,0.0003430434752261956,1,1,,0,1.7538641020253e-17,-0.06306038645105919,-1.5486511981947684,-1.2745766833601713,3.694818834056287e-05,0.0003466908535907742,0.0004218124063677375,0.0013989103406142926,0.0003190172953655104,0.00033667359228684094,0.11209817435337989,0.4829376514474201,0.4297381596178567,0.8418571401394184
121,adam,121,122,0.008891597621976239,1,1.709350629843705e-07,2.3536789694245826e-08,6.835056814019697e-08,0.0003298113016512131,1,1,,0,1.7529798138184606e-17,-0.06369626178252101,-1.5486662645950862,-1.2764106350613853,0.0002516835998042552,0.00033865401892659215,0.0004134429380027799,0.0013886972369140471,0.0003097450294431864,0.00033681111135319865,0.11213192889831214,0.47991020093243386,0.4299416132044976,0.842101784135181
122,adam,122,123,0.008802681645756478,1,1.6439131817217432e-07,2.2862851070917714e-08,6.639206843883838e-08,0.00031726388726097127,1,1,,0,1.682019050543607e-17,-0.06429431995014134,-1.54863107632409,-1.27818771757489,0.00046261274550395273,0.000330932126552752,0.00040545199243828404,0.0013786430971538923,0.0003008575407937318,0.00033694764539696985,0.11216469441590717,0.477057282333084,0.43013534369709944,0.8423370541889267
123,adam,123,124,0.008714654829298913,1,1.5826147020962448e-07,2.221540807503757e-08,6.60374300884502e-08,0.0003053450847897198,1,1,,0,1.6735568060088465e-17,-0.06485608309038551,-1.5485485870425795,-1.2799091601560435,0.0006695192200519922,0.0003235085500551154,0.00039782090217788265,0.0013687444378641337,0.0002923378336834606,0.0003370833785037645,0.11219649142263735,0.4743653798730857,0.43031990316072094,0.8425633436747072
124,adam,124,125,0.008627508281005922,1,1.5251524421697935e-07,2.1593208809568326e-08,6.560570225866524e-08,0.00029400507918025297,1,1,,0,1.8562715607519743e-17,-0.06538313344382685,-1.5484217646359588,-1.2815763112830527,0.0008722948281111763,0.00031636797753932955,0.0003905320015273772,0.0013590002271881897,0.0002841689416819538,0.00033721838832587105,0.11222734197462518,0.4718222818412455,0.43049583143065534,0.8427810242525235
125,adam,125,126,0.008541233198195863,1,1.4712481433112882e-07,2.0995120428602535e-08,6.511042642622861e-08,0.000283201896093398,1,1,,0,1.9122068663806318e-17,-0.06587709800107042,-1.5482535613714499,-1.2831906176868486,0.0010709230078665213,0.00030949650932930793,0.0003835685262519969,0.0013494113949432034,0.00027633401646133597,0.00033735265179240875,0.1122572692108704,0.4694168679631338,0.4306636518354887,0.8429904484702063
126,adam,126,127,0.008455820866213905,1,1.4206456191142714e-07,2.042010237815445e-08,6.456774331905917e-08,0.0002729018278631839,1,1,,0,1.7009156285041937e-17,-0.06633962827972972,-1.5480468795439473,-1.284753599797296,0.0012654599275852207,0.000302881600826157,0.0003769145286552737,0.001339980270768248,0.0002688164562608492,0.0003374860574245591,0.11228629697137214,0.4671389538046188,0.4308238669928469,0.843191952199108
127,adam,127,128,0.008371262657551766,1,1.3731086940934027e-07,1.9867180201397147e-08,6.399509480909685e-08,0.00026307876776267573,1,1,,0,1.796931889864653e-17,-0.0667723775565772,-1.5478045359644248,-1.2862668255654472,0.001456014470712262,0.00029651188981473796,0.00037055481296205053,0.0013307099984572132,0.0002616000609137976,0.000337618422301848,0.11231444949627808,0.4649791857562899,0.4309769550042823,0.8433858568117906
128,adam,128,129,0.008287550030976249,1,1.3284194645918522e-07,1.933542503365528e-08,6.340997838289658e-08,0.0002537126711923215,1,1,,0,1.7287479553437043e-17,-0.06717697768257265,-1.5475292282877084,-1.2877318844778474,0.0013483602150327469,0.00029037697553139526,0.0003644748913974531,0.001321603970146283,0.00025466919714533354,0.0003377495116013824,0.11234175119564399,0.4629289739008615,0.4311233662997622,0.8435724710384824
129,adam,129,130,0.008204674530666487,1,1.2863768244324697e-07,1.882394149671831e-08,6.282883123543795e-08,0.0002447875093512536,1,1,,0,1.6421488334993134e-17,-0.06755501730044712,-1.5472235056625683,-1.2891503633299166,0.0012025941133950522,0.0002844672008213872,0.0003586609575117523,0.0013126653171154476,0.00024800895677225065,0.0003378790587437954,0.11236822647102376,0.46098044768908686,0.43126352130166307,0.8437520924680031
130,adam,130,131,0.008122627785359821,1,1.2467951877353855e-07,1.8331864098813776e-08,6.226610450324003e-08,0.00023628913049431404,1,1,,0,1.5920164385519515e-17,-0.06790802290011834,-1.5468897455705717,-1.2905238250009305,0.0010652012781855829,0.0002787734651487065,0.00035309987082062004,0.0013038964852740327,0.00024160529171277683,0.00033800678447955024,0.11239389956937841,0.45912642044060537,0.4313978089993011,0.8439250086859021
131,adam,131,132,0.008041401507506223,1,1.2095033441598408e-07,1.78583601225095e-08,6.173356914308225e-08,0.00022820340273604198,1,1,,0,1.6419139677614995e-17,-0.06823744372305579,-1.5465301380515495,-1.2918537911051953,0.0009357278750273629,0.00027328707925317524,0.00034777914603377827,0.001295298913870192,0.00023544511314644328,0.00033813241366918473,0.11241879445441665,0.4573603522119821,0.4315265864528151,0.8440914980660084
132,adam,132,133,0.00796098749243116,1,1.1743433944733576e-07,1.7402635755399087e-08,6.123987467800562e-08,0.00022051490391893392,1,1,,0,1.6914128608900748e-17,-0.06854464109616444,-1.546146677846131,-1.2931417290137437,0.0008135873787468673,0.0002679996623868028,0.0003426869408765612,0.0012868728263390212,0.00022951634702840387,0.00033825568897569435,0.11244293468780611,0.45567630524162306,0.4316501791833131,0.8442518302502778
133,adam,133,134,0.007881377617506848,1,1.141169732526435e-07,1.6963942030422644e-08,6.079036236903032e-08,0.00021320628085341498,1,1,,0,1.6134498782494873e-17,-0.06883088236999044,-1.545741164362802,-1.2943890433769591,0.0006980984285822185,0.00026290307780569194,0.00033781203834772305,0.0012786171332360684,0.00022380794361520124,0.0003383763811288584,0.11246634332002094,0.45406889076049506,0.4317688823568591,0.8444062663651811
134,adam,134,135,0.0078025638413317805,1,1.1098480586882653e-07,1.654157785061856e-08,6.038711651179335e-08,0.00020625825631756322,1,1,,0,1.7115905208486658e-17,-0.06909733927881634,-1.545315208838549,-1.2955970719547658,0.0005885223340655641,0.00025798939966576774,0.0003331438215978596,0.0012705294394244654,0.00021830984380381198,0.0003384942957922713,0.11248904279601082,0.45253320953753795,0.43188296263411796,0.8445550590308356
135,adam,135,136,0.007724538202918462,1,1.080254425742358e-07,1.6134888650619056e-08,6.002922290555104e-08,0.000199650146491462,1,1,,0,1.575225699501104e-17,-0.06934509025052915,-1.544870247633822,-1.2967670852956268,0.00048409863358876693,0.00025325090362541235,0.00032867224186754163,0.0012626061415424118,0.00021301290921017536,0.00033860927733530074,0.1125110548833669,0.45106479061165383,0.4319926605352017,0.8446984522220444
136,adam,136,137,0.0076472928208892775,1,1.0522743287976419e-07,1.5743260682600007e-08,5.971319258733214e-08,0.00019336068259912908,1,1,,0,1.584950496733207e-17,-0.06957512598139874,-1.544407560302748,-1.2979002896098966,0.00038407735910795076,0.00024868007371992923,0.0003243877816437669,0.0012548425974087487,0.0002079088256159281,0.0003387212099799244,0.1125324006301303,0.44965953318851715,0.4320981931595402,0.8448366810390682
137,adam,137,138,0.007570819892680385,1,1.0258018550047076e-07,1.5366112130917504e-08,5.943350239189399e-08,0.00018736891427928521,1,1,,0,1.644549399833232e-17,-0.06978835746029072,-1.543928290910952,-1.2989978320620201,0.00028774694676812274,0.000244269619003367,0.00032028141610226273,0.0012472333465808594,0.00020298999050085288,0.0003388300168649764,0.11255310035646643,0.44831365591045796,0.4321997571018769,0.8449699714412152
138,adam,138,139,0.00749511169375358,1,1.0007389075395493e-07,1.5002882997831408e-08,5.918320151735136e-08,0.00018165500232207964,1,1,,0,1.6726524379935206e-17,-0.06998562557452417,-1.5434334710353022,-1.300060807658159,0.00019445704073244098,0.00024001249471978042,0.00031634457598314365,0.0012397723605847592,0.00019824939504536622,0.00033893565756965975,0.11257317368019873,0.44702365611539874,0.43229753141581917,0.8450985399891773
139,adam,139,140,0.007420160576816045,1,9.769945130365569e-08,1.4653025864462268e-08,5.8954535038324795e-08,0.00017620076996425268,1,1,,0,1.6871479341050775e-17,-0.07016771144785079,-1.542924042952352,-1.3010902669243913,0.0001036357517771023,0.00023590192408611633,0.00031256911444295913,0.001232453302246835,0.00019368050954761905,0.0003390381245883905,0.11259263957174823,0.4457862798063998,0.43239168049363075,0.8452225936333961
140,adam,140,141,0.007345958971047884,1,9.544842144045075e-08,1.43159992608928e-08,5.8739540240904674e-08,0.0001709899563060391,1,1,,0,1.8395617067523237e-17,-0.07033534673859561,-1.5424008816927783,-1.3020872236447205,1.4801238074802315e-05,0.00023193141796307832,0.0003089472793867115,0.0012252697757487816,0.0001892771790582443,0.0003391374391743952,0.1126115164303751,0.44459850132042666,0.4324823567530077,0.8453423295764737
141,adam,141,142,0.007272499381337405,1,9.331295438568788e-08,1.3991264654822703e-08,5.8530579262402063e-08,0.0001660081852007012,1,1,,0,1.5904032484446903e-17,-0.07048922324708543,-1.5418648148763638,-1.303052662044279,7.243224067198135e-05,0.00022809479064777466,0.0003054716916273714,0.0012182155521593208,0.00018503353367465213,0.0003392336468875782,0.11262982217140415,0.4434575104355922,0.43256970304638304,0.8454579352284183
142,adam,142,143,0.007199774387524031,1,9.12857565453001e-08,1.3678287204764758e-08,5.8320780801151084e-08,0.00016124271538082806,1,1,,0,1.8137812921449573e-17,-0.07063000133137913,-1.5413166395227953,-1.3039875429465402,0.00015835339588267868,0.00022438617074174299,0.0003021353281979784,0.0012112847589642749,0.0001809439156791185,0.0003393268131064977,0.1126475743135986,0.4423607040428271,0.43265385473404316,0.8455695882648946
143,adam,143,144,0.00712777664364879,1,8.936004733699547e-08,1.337653964068495e-08,5.810437352243162e-08,0.00015668206611680417,1,1,,0,1.6117831276913663e-17,-0.07075831679356062,-1.5407571353336167,-1.3048928085892086,0.00024315750608198958,0.00022080000655635485,0.0002989315094415366,0.0012044720260815218,0.00017700282384017503,0.00033941701870024036,0.11266479005689585,0.44130567952070066,0.4327349413874523,0.8456774567909673
144,adam,144,145,0.007056498877212303,1,8.752952316843047e-08,1.3085508097596015e-08,5.7876903808415724e-08,0.00015231561690470045,1,1,,0,1.6529384298480265e-17,-0.07087478606082924,-1.540187074231388,-1.305769385938448,0.00012012137244345123,0.0002173310658811243,0.0002958538882090794,0.0011977725848173774,0.00017320487384852332,0.0003395043560052184,0.11268148634299884,0.44029022746747953,0.43281308811238767,0.8457816996063265
145,adam,145,146,0.00698593388844018,1,8.578832431560565e-08,1.280469850465455e-08,5.763533929590462e-08,0.00014813326386599977,1,1,,0,1.7911990350503618e-17,-0.07098000963555637,-1.5396072262095857,-1.306618188483587,0.00040977564443407666,0.0002139744302319622,0.0002928964395748191,0.0011911823197853226,0.00016954477302707634,0.00033958892521164605,0.11269767989426874,0.4393123222580527,0.4328884165018708,0.8458824665627431
146,adam,146,147,0.006916074549555778,1,8.413100376983203e-08,1.2533642231306176e-08,5.7378067449494025e-08,0.00014412518693908253,1,1,,0,1.573219642891383e-17,-0.07107457391635065,-1.5390183617713395,-1.3074401166160017,0.0004915930413643747,0.00021072548393917323,0.00029005344984990616,0.001184697776927175,0.0001660173070921589,0.0003396708312313793,0.11271338722949036,0.43837010980373503,0.4329610452457604,0.8459798990005537
147,adam,147,148,0.00684691380406022,1,8.255249749366476e-08,1.227190002527015e-08,5.71048041253098e-08,0.00014028174865217543,1,1,,0,1.8072558865716332e-17,-0.07115905159310695,-1.5384212514102285,-1.3082360567904865,0.0005723258970036816,0.00020757989867401498,0.00028731950419987984,0.0011783161331698842,0.0001626173367074568,0.00033975018108998214,0.1127286246578545,0.43746189270922015,0.433031090436915,0.8460741302482427
148,adam,148,149,0.006778444666019619,1,8.104809587575254e-08,1.201906374350811e-08,5.6816431030511555e-08,0.00013659351467399904,1,1,,0,1.6758366350380928e-17,-0.07123400088896552,-1.5378166627052747,-1.3090068797324583,0.0006518579011264179,0.0002045336142204871,0.00028468947271677,0.0011720351349481456,0.00015933980173784572,0.000339827081858145,0.11274340825466786,0.43658611362414634,0.4330986656229263,0.8461652861675962
149,adam,149,150,0.0067106602193594215,1,7.961341644039274e-08,1.1774755853920592e-08,5.651478301618211e-08,0.00013305136377796389,1,1,,0,1.565559574057206e-17,-0.0712999639616391,-1.5372053556659413,-1.3097534379896003,0.000730049896237462,0.00020158281647107031,0.00028215849524760504,0.0011658530137938622,0.00015617973133827469,0.0003399016391104845,0.1127577538236374,0.4357413379135885,0.43316388165768044,0.84625348572633
150,adam,150,151,0.006643553617165827,1,7.824437802775083e-08,1.1538627077396544e-08,5.620240622362798e-08,0.00012964664306799005,1,1,,0,1.5835940026777714e-17,-0.07135746478762665,-1.5365880769759708,-1.310476563134139,0.0008067522657600713,0.00019872391373708056,0.00027972196557966416,0.001159768387438322,0.0001531322582511974,0.0003399739558743857,0.1127716768510996,0.4349262368243775,0.43322684640871867,0.846338841580408
151,adam,151,152,0.006577118080994169,1,7.693717670612944e-08,1.1310352789547063e-08,5.588230692696683e-08,0.0001263713233958135,1,1,,0,1.559397840601856e-17,-0.07140700683857037,-1.5359655537532437,-1.311177062905822,0.0008818158588554989,0.00019595351249523057,0.0002773755156933096,0.001153780154572107,0.00015019263584576723,0.0003400441320087214,0.11278519245737977,0.4341395721572903,0.4332876643749651,0.846421460649354
152,adam,152,153,0.006511346900184227,1,7.568826363489845e-08,1.1089628887958738e-08,5.555770838609329e-08,0.00012321811782950193,1,1,,0,1.7356767206690724e-17,-0.07144907082566251,-1.535338487375778,-1.311855718550754,0.0009551011335350679,0.00019326839363607986,0.0002751150007449584,0.0011478873905957441,0.0001473562565458722,0.00034011226393427314,0.11279831534976849,0.4333801831403512,0.4333464362653816,0.8465014446695583
153,adam,153,154,0.006446233431182385,1,7.449432499361958e-08,1.087616777285538e-08,5.523182975604299e-08,0.00012018053952085893,1,1,,0,1.5778133394959376e-17,-0.07148411273988735,-1.5347075478333412,-1.312513282563143,0.0010264853415937125,0.00019066549015298603,0.00027293648527380794,0.0011420892505292616,0.0001446186703582962,0.000340178444626506,0.11281105978057249,0.4326469758265815,0.43340325858308715,0.8465788907127729
154,adam,154,155,0.006381771096870561,1,7.335226396708729e-08,1.0669694929522838e-08,5.490769745008757e-08,0.00011725289070998715,1,1,,0,1.6231351625101787e-17,-0.07151256235968263,-1.5340733689562833,-1.3131504769813362,0.0010958677093447237,0.00018814186701437041,0.00027083623089809697,0.0011363848838949633,0.00014197560227504472,0.0003402427637772965,0.11282343951259606,0.43193891498408804,0.4334582232520079,0.8466538916595374
155,adam,155,156,0.006317953385901855,1,7.22591846569485e-08,1.0469946389952493e-08,5.4587995555748475e-08,0.00011443018866593677,1,1,,0,1.723958794904802e-17,-0.07153482233798406,-1.5334365447631977,-1.3137679923315004,0.0011631726810675716,0.00018569470373426214,0.00026881068553342237,0.0011307733649187338,0.000139422967415823,0.0003403053080364503,0.11283546779333352,0.43125501816413847,0.43351141731481513,0.8467265366200206
156,adam,156,157,0.006254773852042837,1,7.121237770334312e-08,1.0276667140641655e-08,5.427495833007457e-08,0.00011170804479626383,1,1,,0,1.601541912829774e-17,-0.07155126792305225,-1.5327976270583945,-1.3143664872564116,0.0012283513833712212,0.00018332127992053352,0.00026685647397682355,0.0011252536399528074,0.0001369568829372513,0.0003403661612548501,0.1128471573382444,0.4305943514560448,0.4335629227222789,0.8467969112975948
157,adam,157,158,0.006192226113522408,1,7.020930734818502e-08,1.0089610370040153e-08,5.3970304659432756e-08,0.0001090825188167317,1,1,,0,1.7048146340179086e-17,-0.07156224731420976,-1.5321571243123167,-1.3149465888166485,0.0012913815362361218,0.00018101896385363207,0.0002649703895686932,0.001119824492706622,0.00013457367593332355,0.0003404254046670593,0.11285852032284546,0.42995602637143876,0.4336128162257282,0.8468650982932244
158,adam,158,159,0.006130303852387184,1,6.924759966852809e-08,9.908537337980134e-09,5.3675211738386685e-08,0.00010654997069981569,1,1,,0,1.5122848264152905e-17,-0.07156808260969859,-1.531515501772276,-1.3155088934095736,0.0013522660800312678,0.00017878520396410967,0.0002631493866010865,0.0011144845267045066,0.00013226988685321946,0.0003404831169714764,0.11286956838285762,0.429339197331382,0.43366116937644195,0.8469311773513402
159,adam,159,160,0.006069000813863312,1,6.832503173286124e-08,9.73321760386274e-09,5.339032331110731e-08,0.00010410692991441397,1,1,,0,1.7718122563927304e-17,-0.07156907126819961,-1.5308731826831725,-1.3160539682193515,0.0014110308087857636,0.00017661752293256122,0.000261390573152249,0.001109232163468705,0.00013004226825934405,0.0003405393742865996,0.11288031262143682,0.42874305933325535,0.4337080486288656,0.8469952255501786
160,adam,160,161,0.006008310805724679,1,6.743952148523682e-08,9.563429363117475e-09,5.311578642142098e-08,0.00010174999557026658,1,1,,0,1.7237788001387223e-17,-0.0715654879816713,-1.5302305504496638,-1.3165823530894243,0.0014677213010150035,0.00017451351404401403,0.00025969120409678265,0.0011040656542203797,0.00012788777908361894,0.00034059424998171886,0.11289076362240572,0.42816684551418627,0.4337535155387528,0.8470573174415077
161,adam,161,162,0.005948227697667433,1,6.658911822200945e-08,9.398959699983298e-09,5.285131008267387e-08,9.947577401992304e-05,1,1,,0,1.8433812793376325e-17,-0.07155758684253122,-1.5295879515394935,-1.3170945626971782,0.0015223994237715994,0.0001724708393841346,0.00025804867413340733,0.0010989831024580323,0.00012580357483627484,0.0003406478143974817,0.11290093146841161,0.4276098244777056,0.4337976270428445,0.8471175251461719
162,adam,162,163,0.005888745420690758,1,6.577199358359934e-08,9.239604638552233e-09,5.2596238973256096e-08,9.72808536544458e-05,1,1,,0,1.7441203547007056e-17,-0.07154560368392746,-1.52894569891489,-1.3175910889079303,0.0015614210546711087,0.00017048722945753873,0.0002564605107684209,0.0010939824945324144,0.0001237869944629943,0.00034070013448459267,0.1129108257629903,0.4270712973810619,0.4338404358035644,0.8471759184129434
163,adam,163,164,0.00582985796648385,1,6.498643303322458e-08,9.085168957078631e-09,5.234963571320427e-08,9.516181117675927e-05,1,1,,0,1.6932293959718513e-17,-0.07152975847527289,-1.5283040757800517,-1.3180724031906528,0.0015632017393238833,0.00016856048383149898,0.000254924367280228,0.001089061735331822,0.00012183554472642091,0.0003407512733969351,0.11292045565560178,0.42655059487829183,0.4338819906004142,0.8472325646487493
164,adam,164,165,0.005771559386819012,1,6.42308278240354e-08,8.935465793862058e-09,5.2110365844284374e-08,9.311524016483133e-05,1,1,,0,1.7199296876610387e-17,-0.07151025766575334,-1.5276633394459327,-1.3185389589892773,0.0015648054027438863,0.0001666884724474487,0.0002534380157435648,0.0010842186863321466,0.00011994688305448733,0.00034080129007909486,0.11292982986876546,0.42604707406928727,0.43392233674920383,0.847287528928473
165,adam,165,166,0.005713843792950822,1,6.350366747506942e-08,8.790316118851436e-09,5.187718055454216e-08,9.113779144215257e-05,1,1,,0,1.602310399770128e-17,-0.0714872963837428,-1.527023725136293,-1.318991193959297,0.0015662376337236875,0.0001648691372900574,0.00025199934022744863,0.0010794512035489025,0.00011811879981863501,0.00034085023888754697,0.11293895672647344,0.4255601156223845,0.4339615165308116,0.8473408739922526
166,adam,166,167,0.005656705355021313,1,6.280353277556934e-08,8.649548162094405e-09,5.164879316451282e-08,8.922621540973388e-05,1,1,,0,1.66181730188586e-17,-0.07146106041857479,-1.5263854495872846,-1.3194295319979932,0.001567504028929387,0.00016310049415276594,0.00025060633027832585,0.0010747571732976973,0.00011634920091578426,0.0003408981692799717,0.11294784418312946,0.4250891212179334,0.4339995696126527,0.8473926602375619
167,adam,167,168,0.005600138301471101,1,6.212908932806529e-08,8.512996886775482e-09,5.142394648973199e-08,8.737739855644149e-05,1,1,,0,1.6113625845202228e-17,-0.07143172793125108,-1.5257487143252702,-1.3198543850164046,0.0015686101999705488,0.00016138063428000954,0.00024925707478036665,0.0010701345441089208,0.00011463609139780108,0.0003409451256009152,0.1129564998522786,0.4246335114222932,0.43403653344823573,0.8474429457124529
168,adam,168,169,0.005544136918456389,1,6.147908162502881e-08,8.380503570703974e-09,5.120146908267325e-08,8.558838919785657e-05,1,1,,0,1.66643982529812e-17,-0.07139947086082786,-1.5251137085400377,-1.3202661544207186,0.0015695617941755373,0.000159707725711073,0.0002479497562511986,0.0010655813535685329,0.00011297756072307734,0.0003409911469828144,0.11296493103447497,0.4241927240477787,0.4340724436428869,0.8474917861152194
169,adam,169,170,0.005488695549271825,1,6.08523276378299e-08,8.25191553320513e-09,5.0980319445797784e-08,8.385641047088878e-05,1,1,,0,1.8070266852541686e-17,-0.07136445601242053,-1.524480611502504,-1.320665232289166,0.0015703645218430146,0.00015808001417952626,0.00024668264559516524,0.001061095749335649,0.00011137177002457031,0.0003410362673730801,0.1129731447436778,0.4237662130036518,0.4341073342767046,0.8475392348045137
170,adam,170,171,0.005433808593779107,1,6.02477138800126e-08,8.1270860069066e-09,5.0759617870609765e-08,8.21788611909746e-05,1,1,,0,1.6547802734818747e-17,-0.07132684583013296,-1.5238495945056965,-1.3210520022466992,0.0015710241838390096,0.0001564958234641536,0.00024545409729725964,0.00105667600395547,0.00010981694159490898,0.0003410805156887525,0.11298114773166969,0.4233534475966482,0.4341412381788798,0.8475853428226802
171,adam,171,172,0.005379470507841316,1,5.96641908982566e-08,8.00587413136482e-09,5.05386664216876e-08,8.05533070472e-05,1,1,,0,1.8108399492880738e-17,-0.07128679887256781,-1.523220822332195,-1.321426840053505,0.00157154669465539,0.0001549535551113208,0.0002442625450171528,0.001052320523501886,0.0001083113506346204,0.0003411239160923636,0.1129889465101031,0.422953912207678,0.43417418715048967,0.8476301589338253
172,adam,172,173,0.005325675802762902,1,5.9100769139160866e-08,7.888145023675228e-09,5.031695791763088e-08,7.897746560111829e-05,1,1,,0,1.5412636046089308e-17,-0.07124447002052454,-1.522594454273627,-1.3217901139341686,0.001571938097422516,0.00015345168748976513,0.0002431064975255924,0.0010480278503521166,0.00010685331917207323,0.00034116648837642264,0.11299654736989335,0.42256710625320204,0.43420621213561095,0.8476737296770082
173,adam,173,174,0.005272419044735273,1,5.855651513977399e-08,7.773769874049708e-09,5.009417519449328e-08,7.744918872546467e-05,1,1,,0,1.729961821712432e-17,-0.07120001045496145,-1.5219706447430743,-1.3221421846822101,0.0015722045687056908,0.00015198877416878844,0.00024198453491860588,0.0010437966606693634,0.00010544121195174306,0.0003412082484383401,0.11300395639783282,0.4221925443339571,0.4342373433429819,0.8477160994339291
174,adam,174,175,0.00521969485428792,1,5.8030547996420135e-08,7.662626016536378e-09,4.987018212622707e-08,7.596644562887676e-05,1,1,,0,1.8792769096296968e-17,-0.07115356744877817,-1.5213495435340922,-1.3224834055797512,0.0015723524121774087,0.00015056344164796276,0.0002408953050526725,0.001039625757328723,0.00010407343403444885,0.00034124920882483927,0.11301117949040924,0.4218297564816613,0.43426761032239386,0.847757310509673
175,adam,175,176,0.0051674979057450415,1,5.752203607258529e-08,7.554596933970067e-09,4.964500800367617e-08,7.45273087016812e-05,1,1,,0,1.7552695396026193e-17,-0.071105284018878,-1.520731295786495,-1.322814122174535,0.0015723880413477194,0.00014917438649580744,0.00023983752015184216,0.0010355140591537402,0.0001027484298000159,0.000341289379322695,0.11301822236495027,0.4214782884271376,0.43429704200147196,0.847797403224434
176,adam,176,177,0.00511582292668759,1,5.703019391631299e-08,7.449572171605832e-09,4.941882690027178e-08,7.31299433451852e-05,1,1,,0,1.8741828064816807e-17,-0.07105529848462945,-1.5201160417232709,-1.3231346719566814,0.0015723179524262294,0.00014782037198745086,0.0002388099535536846,0.0010314605873762645,0.00010146468304073838,0.0003413287675721575,0.11302509056832376,0.4211377018328147,0.43432566668949996,0.8478364160137248
177,adam,177,178,0.005064664697420715,1,5.655427936617552e-08,7.347447148262678e-09,4.919193354321348e-08,7.177260192814722e-05,1,1,,0,1.7183562355277472e-17,-0.0710037439776104,-1.519503916222927,-1.3234453839758156,0.0015273934352724925,0.00014650022434802614,0.00023781143657565236,0.0010274644502388276,0.00010022071784144262,0.0003413673796807712,0.11303178948348216,0.4208075744503392,0.4343535120554708,0.84787438553434
178,adam,178,179,0.005014018050446508,1,5.609359083142899e-08,7.248122870912267e-09,4.896471721311384e-08,7.045362121803682e-05,1,1,,0,1.7051975096233702e-17,-0.07095074794290311,-1.5188950482883625,-1.3237465784359934,0.0011247694578682553,0.0001452128287274666,0.00023684085549463167,0.0010235248266322453,9.901509995934171e-05,0.00034140522081633194,0.11303832433422609,0.42048750018256903,0.4343806050876413,0.847911346773296
179,adam,179,180,0.004963877869942042,1,5.564746473826906e-08,7.151505568058065e-09,4.87376349284208e-08,6.917142213477766e-05,1,1,,0,1.818890693071408e-17,-0.07089643166797158,-1.518289560468821,-1.3240385663014391,0.0007278418033240317,0.0001439571250342946,0.00023589714864378724,0.0010196409495683587,9.784643845899312e-05,0.0003414422957609204,0.11304470018854701,0.4201770890425418,0.4344069720416029,0.8479473331570792
180,adam,180,181,0.004914239091242623,1,5.52152731368747e-08,7.057506266526299e-09,4.8511185090957124e-08,6.792451049766258e-05,1,1,,0,1.7364513601388156e-17,-0.0708409098686997,-1.5176875682850677,-1.3243216489410061,0.00033650765960634946,0.00014273210375469308,0.00023497930363518125,0.0010158120902032696,9.671338739149332e-05,0.00034147860941093934,0.11305092196093826,0.41987596701207125,0.4344326383832999,0.8479823766587596
181,adam,181,182,0.004865096700330196,1,5.479642146406526e-08,6.966040337912481e-09,4.828588256988514e-08,6.671147752792734e-05,1,1,,0,1.7583041298069367e-17,-0.0707842903559172,-1.5170891796989687,-1.324596117833731,4.933359275458059e-05,0.0001415368018710532,0.00023408635471565886,0.0010120375430122787,9.561464733435769e-05,0.0003415141672107552,0.11305699441404567,0.4195837758095249,0.4344576287326354,0.8480165079008688
182,adam,182,183,0.004816445733326894,1,5.439034645862453e-08,6.877027040971816e-09,4.806223597616188e-08,6.553099916218996e-05,1,1,,0,1.6584077700775003e-17,-0.0707266737994682,-1.5164944946624281,-1.3248622543521442,0.0004297804729890899,0.00014037029897901975,0.00023321738026704726,0.0010083166125732063,9.454896667027111e-05,0.0003415489755123944,0.1130629221599484,0.41930017257762114,0.43448196681233836,0.848049756252319
183,adam,183,184,0.004768281275993625,1,5.399651422273216e-08,6.7903890822566804e-09,4.784072775656153e-08,6.438183362355204e-05,1,1,,0,1.738568277027063e-17,-0.07066815359991022,-1.5159036047699157,-1.325120329634451,0.0008049294839490611,0.00013923171367882952,0.0002323715004529001,0.0010046486023096248,9.351514249588609e-05,0.0003415830418559719,0.11306870966136766,0.41902482950511694,0.4345056754057404,0.8480821499180832
184,adam,184,185,0.004720598463233689,1,5.361441842286785e-08,6.706052211827454e-09,4.7621797515955025e-08,6.326281710679055e-05,1,1,,0,1.5472364329656806e-17,-0.07060881587254877,-1.515316593032136,-1.325370604551454,0.0011748751862736657,0.00013812020029555915,0.0002315478750126372,0.0010010328054018327,9.25120210990337e-05,0.00034161637516951074,0.11307436123300052,0.418757433391872,0.4345287763260506,0.8481137160207703
185,adam,185,186,0.004673392478601351,1,5.324357862166516e-08,6.623944865133209e-09,4.7405828826473584e-08,6.217285778845981e-05,1,1,,0,1.7621856491842957e-17,-0.07054873954247112,-1.5147335337799297,-1.3256133297692798,0.0015397102622658487,0.00013703494595996543,0.0002307457011986684,0.0009974684979664914,9.15384979692836e-05,0.0003416489858898581,0.11307988104314912,0.4184976851686146,0.43455129039870427,0.848144480673654
186,adam,186,187,0.004626658553815338,1,5.288353873087951e-08,6.543997856492736e-09,4.719313963211802e-08,6.111092862758687e-05,1,1,,0,1.5096156257796078e-17,-0.07048799654509878,-1.5141544927000155,-1.3258487459048007,0.0015672102275035551,0.00013597516805875597,0.0002299642118480167,0.0009939549344963904,9.059351733221808e-05,0.00034168088600869146,0.11308527311573782,0.4182452993780789,0.43457323745742965,0.8481744690450824
187,adam,187,188,0.004580391968277185,1,5.2533865575368734e-08,6.466144124908473e-09,4.698397619202884e-08,6.0076059560308276e-05,1,1,,0,1.66995178094344e-17,-0.07042665212235473,-1.5135795269990773,-1.3260770837670819,0.0015663891416564633,0.00013494011204774717,0.0002292026735781429,0.0009904913454560705,8.967607122463361e-05,0.00034171208905031214,0.1130905413327898,0.4180000036250707,0.4345946363538578,0.8482037054145232
188,adam,188,189,0.004534588048594413,1,5.219414755788692e-08,6.390318530123621e-09,4.677851042196317e-08,5.9067329714123336e-05,1,1,,0,1.7855200039720934e-17,-0.0703647652020163,-1.5130086856860707,-1.326298564675375,0.001565532268485211,0.00013392904960353425,0.0002284603850952872,0.000987076936863686,8.878519814579357e-05,0.0003417426099893263,0.11309568943735923,0.41776153800106886,0.43461550497982415,0.8482322132207584
189,adam,189,190,0.004489242168108469,1,5.18639934146126e-08,6.316457693919706e-09,4.657684034305815e-08,5.8083860197013337e-05,1,1,,0,1.7282685057533966e-17,-0.0703023888450546,-1.5124420099596512,-1.3265134008420374,0.0015646438329007298,0.0001329412770825958,0.00022773667560279482,0.0009837108916186375,8.791998133414823e-05,0.0003417724651176894,0.11310072103692263,0.41752965448985446,0.4346358603009771,0.8482600151029532
190,adam,190,191,0.004444349746427384,1,5.1543031053265985e-08,6.2444998825149835e-09,4.6378993313386066e-08,5.712480788242534e-05,1,1,,0,1.8660933993659322e-17,-0.07023957074510602,-1.5118795336836692,-1.3267217958073716,0.0015637277642464506,0.00013197611424623092,0.00022703090330011458,0.0009803923723041552,8.707954673801676e-05,0.00034180167187145634,0.11310563960716251,0.41730411635998194,0.43465571839992956,0.8482871329354479
191,adam,191,192,0.00439990624896311,1,5.123090646506603e-08,6.174384923514447e-09,4.6184931599996914e-08,5.6189360442787874e-05,1,1,,0,1.8960506719415856e-17,-0.07017635376297945,-1.5113212839322223,-1.3269239449126002,0.0015627877060289366,0.00013103290320926977,0.00022634245396095277,0.0009771205251610303,8.626306074343364e-05,0.00034183024862762917,0.11311044849610599,0.41708469755150934,0.4346750945269547,0.8483135878572109
192,adam,192,193,0.004355907186473479,1,5.0927282705048534e-08,6.106054153470502e-09,4.599455984031015e-08,5.527673271806656e-05,1,1,,0,1.8183568469761128e-17,-0.07011277647989161,-1.5107672815845,-1.3271200357970865,0.0015618270288748348,0.0001301110075698114,0.00022567073958546007,0.0009738944849191905,8.546972774348595e-05,0.0003418582144816874,0.11311515092852299,0.4168711820642585,0.4346940031561194,0.848339400296909
193,adam,193,194,0.004312348114608744,1,5.063183893447541e-08,6.03945039134514e-09,4.580773391546473e-08,5.4386164355942e-05,1,1,,0,1.787423583885202e-17,-0.07004887375348613,-1.510217541949239,-1.3273102489063107,0.0015608488457981165,0.00012920981167865837,0.00022501519711893997,0.0009707133801837216,8.469878761611574e-05,0.0003418855890154804,0.11311975001052385,0.41666336335528154,0.43471245804476594,0.8483645899945267
194,adam,194,195,0.004269224633462657,1,5.0344269521260344e-08,5.974517933797555e-09,4.562427073019363e-08,5.3516918548825754e-05,1,1,,0,1.8034957509233258e-17,-0.06998467726209658,-1.509672075400215,-1.327494757997992,0.001559856028918658,0.00012832872001116197,0.0002243752872338225,0.0009675763390785032,8.394951318674122e-05,0.0003419123920648057,0.11312424873427036,0.416461043753575,0.4347304722943542,0.8483891760204124
195,adam,195,196,0.00422653238712803,1,5.0064283194678186e-08,5.911202569332316e-09,4.5443958450087685e-08,5.2668281623019994e-05,1,1,,0,1.6991367580056967e-17,-0.06992021602465383,-1.5091308880042653,-1.327673730635005,0.0015588512268559704,0.00012746715660966217,0.00022375049317192172,0.0009644824948839167,8.32212077391473e-05,0.00034193864349431894,0.11312864998272654,0.41626403389908784,0.4347480584108637,0.8484131767925386
196,adam,196,197,0.00418426706325675,1,4.979160225098003e-08,5.8494516064440166e-09,4.5266566722916036e-08,5.183956320553928e-05,1,1,,0,1.577642054875857e-17,-0.06985551688524723,-1.5085939821267993,-1.3278473286552837,0.0015578368821352435,0.00012662456456985418,0.00022314031964434404,0.0009614309914317945,8.251320262939288e-05,0.0003419643629869067,0.11313295653438453,0.416072152212527,0.4347652283631896,0.8484366100926557
197,adam,197,198,0.004142424392624182,1,4.952596180735772e-08,5.789213913620364e-09,4.5091856534229475e-08,5.103009670427828e-05,1,1,,0,1.5526213882398806e-17,-0.06979060495384465,-1.5080613570005224,-1.3280157086106577,0.0015568152480735127,0.00012580040554745534,0.0002225442917878545,0.0009584209880637325,8.182485505153493e-05,0.00034198956985263487,0.11313717106790264,0.4158852244016644,0.4347819936382355,0.848459493081908
198,adam,198,199,0.00410100014869794,1,4.926710910160364e-08,5.7304399651184325e-09,4.49195892933404e-08,5.023923986748564e-05,1,1,,0,1.6140281904539994e-17,-0.06972550399696636,-1.5075330092475132,-1.3281790221684,0.0015557884047281082,0.000124994159272906,0.00022196195417594348,0.0009554516639915336,8.115554598806157e-05,0.00034201428286150713,0.11314129616660425,0.4157030830070558,0.4347983652916988,0.8484818423163548
199,adam,199,200,0.004059990147210961,1,4.901480283473174e-08,5.673081890117503e-09,4.474953495920416e-08,4.9466375243689654e-05,1,1,,0,1.6702158630159535e-17,-0.06966023677394156,-1.5070089333454104,-1.3283374164711734,0.0015547582736253423,0.00012420532305836647,0.0002213928698823242,0.0009525222219591721,8.05046783668097e-05,0.00034203852010260613,0.11314533432280288,0.4155255669907711,0.43481435399382473,0.8485036737627265
200,adam,200,201,0.004019390245738851,1,4.876881255447863e-08,5.617093519006998e-09,4.458147891401272e-08,4.871091041745315e-05,1,1,,0,1.5507960323279678e-17,-0.06959482531707095,-1.506489122033602,-1.3284910344528547,0.0015537266310899685,0.00012343341129283483,0.00022083661959575144,0.000949631891119457,7.987167544124458e-05,0.0003420622988711837,0.11314928794191786,0.4153525213674802,0.43482997006968627,0.848525002814638
201,adam,201,202,0.003979196343281463,1,4.852891807687753e-08,5.5624304236480675e-09,4.441522751439478e-08,4.797227795556539e-05,1,1,,0,1.6342366347703976e-17,-0.06952929115574312,-1.5059735666558938,-1.3286400151094766,0.001552695120104142,0.00012267795492128518,0.00022029280078313392,0.000946779929106018,7.925597939147969e-05,0.00034208563558384836,0.11315315934636236,0.4151837968781033,0.4348452235337969,0.84854584430938
202,adam,202,203,0.003939404379848648,1,4.829490894355466e-08,5.509049946845752e-09,4.42506122207049e-08,4.724993504586038e-05,1,1,,0,1.6201023169179586e-17,-0.06946365548620288,-1.5054622574400556,-1.3287844937260438,0.0015516652606927838,0.00012193850090679774,0.0002197610268986625,0.0009439656232984918,7.865705014218423e-05,0.0003421085457212853,0.11315695077919195,0.4150192497035554,0.43486012411908664,0.8485662125453297
203,adam,203,204,0.0039000103360501614,1,4.806658391235279e-08,5.456911218271428e-09,4.4087492322025344e-08,4.654336285050728e-05,1,1,,0,1.7896322581318415e-17,-0.06939793929026432,-1.5049551837156347,-1.328924602061356,0.0015506384589127893,0.00012121461167804587,0.00021924092663632124,0.0009411882913181418,7.807436438361603e-05,0.0003421310437966838,0.11316066440751903,0.4148587412155217,0.4348746813004595,0.8485861212999523
204,adam,204,205,0.00386101023268966,1,4.784375047901416e-08,5.4059751535014e-09,4.392575627962005e-08,4.585206562070499e-05,1,1,,0,1.5635657631568738e-17,-0.06933216340778169,-1.5044523340749583,-1.329060468494045,0.0015496160145636393,0.00012050586456677678,0.00021873214322319927,0.0009384472808103125,7.750741477710455e-05,0.00034215314334809114,0.1131643023256795,0.41470213776021425,0.43488890431330346,0.8486055838483084
205,adam,205,206,0.0038224001303627637,1,4.76262244274355e-08,5.356204435665343e-09,4.376532184081158e-08,4.517556963500761e-05,1,1,,0,1.679547080334823e-17,-0.06926634856792378,-1.5039536964814133,-1.3291922181339466,0.001548599127760383,0.00011981185123855101,0.0002182343337502958,0.0009357419686045398,7.695570932000357e-05,0.0003421748569514213,0.11316786655818648,0.41454931047101184,0.43490280216743676,0.8486246129819481
206,adam,206,207,0.003784176129059135,1,4.741382940680481e-08,5.307563478509772e-09,4.3606135011960105e-08,4.451342202663913e-05,1,1,,0,1.754409788804455e-17,-0.06920051538547811,-1.5034592583323958,-1.3293199729034817,0.0015475889045475722,0.00011913217712320595,0.00021774716853912202,0.0009330717593335473,7.641877084943829e-05,0.0003421961962515589,0.11317135906246568,0.414400135105359,0.4349163836570532,0.8486432210280435
207,adam,207,208,0.003746334367768544,1,4.720639653322344e-08,5.260018372102529e-09,4.3448168112505464e-08,4.3865189561430125e-05,1,1,,0,1.6731381616728737e-17,-0.06913468432864328,-1.5029690064838106,-1.32944385159413,0.001546586361713842,0.00011846646085149703,0.00021727033054060429,0.0009304360836336264,7.589613665282699e-05,0.00034221717200803555,0.11317478173140262,0.41425449190087094,0.4349296573672761,0.8486614198685967
208,adam,208,209,0.0037088710240908585,1,4.700376401451974e-08,5.213536812570892e-09,4.3291417053527735e-08,4.323045741886824e-05,1,1,,0,1.694590983549389e-17,-0.06906887566448894,-1.502482927243468,-1.329563969903174,0.0015455924309848443,0.00011781433370122397,0.00021680351476514336,0.0009278343960156021,7.538735816660186e-05,0.0003422377941521745,0.11317813639572176,0.4141122654467767,0.43494263167794384,0.8486792209595625
209,adam,209,210,0.00367178231384995,1,4.680577679645106e-08,5.168088018213954e-09,4.3135898059513234e-08,4.260882801617085e-05,1,1,,0,1.7519347948352146e-17,-0.06900310938855699,-1.5020010063413913,-1.3296804404558435,0.0015446079627405684,0.00011717543906090537,0.00021634642774136822,0.0009252661725271345,7.489200073512812e-05,0.0003422580718525514,0.11318142482621096,0.4139733445663122,0.43495531476524363,0.8486966353497221
210,adam,210,211,0.00363506449071145,1,4.661228622873314e-08,5.123642635568172e-09,4.298164403696542e-08,4.199991990349826e-05,1,1,,0,1.6489897024051337e-17,-0.0689374051443765,-1.5017474413235679,-1.329793372817728,0.0015436337294034632,0.00011654943191208068,0.00021589878700153259,0.0009227309083031966,7.440964340819689e-05,0.00034227801358566244,0.11318464873582723,0.4138376222067148,0.4349677146017769,0.8487136736991626
211,adam,211,212,0.0035987138458043358,1,4.642314975005599e-08,5.080172638273518e-09,4.282870075551758e-08,4.140336674489774e-05,1,1,,0,1.5909681607181653e-17,-0.0688717821383294,-1.5015872215182193,-1.329902873501921,0.0015426704286074198,0.00011593597833653477,0.00021546032059304097,0.00092022811509841,7.393987876134552e-05,0.0003422976272093038,0.11318780978168987,0.4137049953335174,0.4349798389555975,0.8487303462972298
212,adam,212,213,0.0035627267073462927,1,4.623823059029284e-08,5.037651222258097e-09,4.26771230237176e-08,4.081881639130605e-05,1,1,,0,1.649185312953534e-17,-0.06880625905452162,-1.5014279391232543,-1.3300090459748504,0.0015417186862578776,0.00011533475504833245,0.00021503076661327523,0.0009177573188842173,7.348231271808949e-05,0.0003423169200360443,0.11319090956699085,0.41357536482689455,0.4349916953887011,0.84874666307984
213,adam,213,214,0.0035270994402728296,1,4.605739748954675e-08,4.9960527005584015e-09,4.2526970989729575e-08,4.0245930043536195e-05,1,1,,0,1.709592926980407e-17,-0.0687408539738456,-1.5012696108567842,-1.3301119906641727,0.0015407790595428185,0.00011474544895479978,0.00021460987276811558,0.0009153180575773687,7.303656436737371e-05,0.0003423358989049359,0.11319394964283262,0.4134486353777737,0.4350032912553819,0.8487626336460629
214,adam,214,215,0.0034918284458701015,1,4.5880524432395853e-08,4.955352401172582e-09,4.237830672700051e-08,3.9684381498713094e-05,1,1,,0,1.783206446428018e-17,-0.06867558430026875,-1.5011122524110345,-1.3302118049714704,0.0015398520399650803,0.00011416775674433377,0.00021419739595148176,0.0009129098789631044,7.260226576021705e-05,0.00034235457024961474,0.11319693151001105,0.41332471538256893,0.43501463370080135,0.8487782672739036
215,adam,215,216,0.0034569101614114,1,4.570749039698425e-08,4.915526570187325e-09,4.2231191167404714e-08,3.913385647021977e-05,1,1,,0,1.822312648531587e-17,-0.06861046669703431,-1.5009558783703858,-1.3303085832918413,0.001538938056422444,0.00011360138450314036,0.00021379310184611722,0.0009105323388475698,7.217906168463262e-05,0.00034237294016157985,0.11319985662075353,0.41320351683556295,0.4350257296600432,0.8487935729352387
216,adam,216,217,0.0034223410597972862,1,4.553817911766701e-08,4.876552281917785e-09,4.208568145872045e-08,3.859405197108778e-05,1,1,,0,1.5402716681123346e-17,-0.06854551703450469,-1.500800502146623,-1.3304024170418496,0.0015380374783639952,0.00011304604735853253,0.0002133967645435774,0.0009081849994689316,7.176660941023785e-05,0.0003423910144476955,0.11320272638042045,0.413084955218039,0.43503658585785954,0.8488085593098764
217,adam,217,218,0.003388117649199313,1,4.537247886070924e-08,4.8384073583973085e-09,4.194182880781157e-08,3.8064675751433e-05,1,1,,0,1.9151999709704685e-17,-0.06848075035058175,-1.5006461359329746,-1.3304933946967048,0.0015371506190221629,0.00011250146914798268,0.00021300816618315187,0.0009058674281868603,7.136457840376075e-05,0.0003424087986811647,0.11320554214917783,0.4129689493844893,0.43504720880924996,0.8488232347987356
218,adam,218,219,0.00335423647270732,1,4.521028221214831e-08,4.801070298563115e-09,4.179967681295659e-08,3.754544578102401e-05,1,1,,0,1.9007744644710563e-17,-0.06841618082430155,-1.5004927906776286,-1.3305816018369976,0.0015362777387226926,0.00011196738211245475,0.00021262709660847158,0.0009035791964482862,7.097265001464997e-05,0.00034242629824584345,0.11320830524364014,0.41285542144559173,0.4350576048209531,0.8488376075361495
219,adam,219,220,0.003320694107980247,1,4.5051485877017904e-08,4.764520217501364e-09,4.1659260280077975e-08,3.703608977033005e-05,1,1,,0,1.6261100784765426e-17,-0.06835182176238704,-1.5003404760763017,-1.3306671212048409,0.0015354190482528278,0.00011144352661078122,0.000212253353040695,0.0009013198790242667,7.05905171323743e-05,0.000342443518373597,0.11321101693849202,0.4127442966486369,0.43506777999388196,0.848851685401319
220,adam,220,221,0.0032874871669004444,1,4.489599048947602e-08,4.728736796129129e-09,4.152060451488086e-08,3.6536344725296245e-05,1,1,,0,1.8444589140810453e-17,-0.06828768559814193,-1.500189200583037,-1.3307500327688708,0.0015345747122730126,0.00011092965085497387,0.00021188673976791473,0.000899089053503631,7.021788382012618e-05,0.0003424604641750472,0.11321367846807755,0.41263550325576087,0.4350777402264845,0.8488654760289487
221,adam,221,222,0.0032546122952314396,1,4.4743700432966453e-08,4.693700240562186e-09,4.138372504485007e-08,3.6045956532051765e-05,1,1,,0,1.7130844477554576e-17,-0.06822378390183668,-1.5000389714375735,-1.3308304137972409,0.0015337448527411991,0.00011042551066239105,0.00021152706784940422,0.0008968863000202801,6.98544649276486e-05,0.0003424771406639945,0.11321629102796515,0.41252897242079056,0.4350874912189792,0.8488789868191114
222,adam,222,223,0.0032220661722791254,1,4.459452366990663e-08,4.65939125048317e-09,4.124862772007242e-08,3.556467956925836e-05,1,1,,0,1.7913863944234264e-17,-0.06816012740122623,-1.4998897947073497,-1.330908338937505,0.0015329295523270415,0.0001099308692240038,0.00021117415483412413,0.0008947112011839237,6.94999856889064e-05,0.0003424935527759291,0.1132188557764784,0.4124246380654113,0.43509703847838177,0.8488922249463915
223,adam,223,224,0.0031898455105563344,1,4.44483715803145e-08,4.625790995474309e-09,4.111530914171812e-08,3.5092276346245944e-05,1,1,,0,1.8185996649211202e-17,-0.06809672601076278,-1.4997416753417816,-1.3309838803021214,0.00153212885778514,0.00010944549688690774,0.00021082782449267579,0.0008925633421884307,6.915418130913244e-05,0.0003425097053813068,0.11322137383619203,0.41232243675539787,0.4351063873242209,0.8489051973683653
224,adam,224,225,0.0031579470554507706,1,4.4305158808871846e-08,4.59288109875493e-09,4.098375736784331e-08,3.4628517166007096e-05,1,1,,0,1.7040608724634994e-17,-0.0680335888680894,-1.4995946172365084,-1.3310571075582276,0.0015313427832569838,0.00010896917094898098,0.0002104879065620442,0.0008904423110628532,6.881679654692888e-05,0.00034252560329422555,0.1132238462953849,0.41222230757801903,0.43511554289482385,0.8489179108334755
225,adam,225,226,0.003126367584896263,1,4.416480311979986e-08,4.560643625785078e-09,4.0853952793965725e-08,3.4173179811082446e-05,1,1,,0,1.617814240154432e-17,-0.06797072437605975,-1.4994486233049136,-1.3311280880202945,0.001530571313478578,0.00010850167546545291,0.00021015423650214588,0.000888347699028864,6.848758529564749e-05,0.00034254125127709426,0.11322627420945214,0.4121241920210109,0.43512451015404674,0.8489303718883633
226,adam,226,227,0.0030951039090473006,1,4.402722525923992e-08,4.5290610786287425e-09,4.072586921600454e-08,3.3726049252121304e-05,1,1,,0,1.4958745327358554e-17,-0.06790814024871122,-1.4993036955546646,-1.3311968867443298,0.00152981440686101,0.00010804280106479252,0.00020982665526391047,0.0008862791009412738,6.81663101693451e-05,0.00034255665404221144,0.11322865860226337,0.4120280338542524,0.4351332938983217,0.8489425868847147
227,adam,227,228,0.0030641528699568276,1,4.389234882464595e-08,4.498116392695078e-09,4.0599474941426475e-08,3.328691737609683e-05,1,1,,0,1.660361404338879e-17,-0.06784584355997168,-1.4991598351669213,-1.3312635666223385,0.001529071998428822,0.00010759234477554286,0.0002095050090681508,0.0008842361157722613,6.78527420978935e-05,0.0003425718162506358,0.11323100046747175,0.4119337790145095,0.4351418987638937,0.8489545619856828
228,adam,228,229,0.0030335113412572594,1,4.37601001407629e-08,4.467792936584865e-09,4.0474733957382184e-08,3.2855582733653727e-05,1,1,,0,1.611450035973643e-17,-0.06778384079325789,-1.4990170425759906,-1.3313281884758952,0.0015283440025919953,0.00010715010986122758,0.00020918914919460546,0.0008822183471188809,6.7546659933895e-05,0.0003425867425092256,0.11323330076976605,0.41184137549417904,0.4351503292341296,0.848966303171938
229,adam,229,230,0.0030031762278446865,1,4.3630408141762424e-08,4.4380745128774844e-09,4.0351607077464505e-08,3.243185030262e-05,1,1,,0,1.8504439872402603e-17,-0.06772213789120791,-1.4988753175477367,-1.331390811147801,0.0015276303157373385,0.00010671590566492135,0.00020887893178049915,0.0008802254037075069,6.724785007423427e-05,0.00034260143736630473,0.11323556044606344,0.4117507732342466,0.4351585896467899,0.8489778162473993
230,adam,230,231,0.0029731444655662397,1,4.350320425933316e-08,4.408945359555569e-09,4.023005303166016e-08,3.2015531266151e-05,1,1,,0,1.603821952711959e-17,-0.06766074030419704,-1.4987346592552206,-1.3314514915909594,0.0015269308186260256,0.00010628954746256932,0.0002085742176284815,0.0008782568998724043,6.695610610020475e-05,0.00034261590530654457,0.11323778040664395,0.41166192402208207,0.435166684201165,0.8489891068446913
231,adam,231,232,0.002943413020910577,1,4.3378422316257554e-08,4.380390151519379e-09,4.011002949287483e-08,3.160644280306484e-05,1,1,,0,1.5806653898655294e-17,-0.06759965303680841,-1.4985950663499308,-1.3315102849537708,0.0015262453785902905,0.00010587085632487918,0.0002082748720231453,0.0008763124560001213,6.667122843604864e-05,0.00034263015074540706,0.11323996153622415,0.4115747813944179,0.4351746169649933,0.8490001804303712
232,adam,232,233,0.002913978890701471,1,4.3255998425307915e-08,4.352394001364183e-09,3.999149399107175e-08,3.1204407888408895e-05,1,1,,0,1.4847304998169595e-17,-0.06753888069165358,-1.498456537028156,-1.3315672446615026,0.0015255738515242525,0.00010545965898830875,0.0002079807645560231,0.0008743916989177993,6.639302402913093e-05,0.0003426441780237161,0.11324210469496887,0.4114893005453854,0.4351823918810921,0.84901104230996
233,adam,233,234,0.0028848391017944567,1,4.313587089296786e-08,4.324942458438184e-09,3.9874404692278e-08,3.0809255102097984e-05,1,1,,0,1.445982420602243e-17,-0.06747842750994523,-1.49831906909136,-1.3316224224932534,0.0015249160836688811,0.00010505578773585611,0.00020769176895815553,0.0008724942622188188,6.612130604952375e-05,0.00034265799140239725,0.1132442107194464,0.4114054382401718,0.43519001277364616,0.8490216976328082
234,adam,234,235,0.0028559907107765124,1,4.301798012795089e-08,4.298021507362281e-09,3.975872107821899e-08,3.0420818444834424e-05,1,1,,0,1.5694640330558827e-17,-0.0674182974084629,-1.4981826600004107,-1.3316758686542838,0.0015242719131900971,0.00010465908028376193,0.00020740776294042346,0.0008706197865266231,6.585589361229569e-05,0.00034267159505796266,0.11324628042352161,0.41132315273413,0.43519748335411607,0.8490321513968235
235,adam,235,236,0.002827430803668747,1,4.290226855406638e-08,4.271617564143878e-09,3.964440446835942e-08,3.0038937158929804e-05,1,1,,0,1.6515699171569606e-17,-0.06735849401274416,-1.4980473069232687,-1.3317276318436115,0.001523641171565386,0.00010426937967803265,0.00020712862804080556,0.0008687679196843445,6.559661151909433e-05,0.00034268499307852284,0.11324831459919671,0.4112424036972297,0.43520480722673877,0.8490424084530803
236,adam,236,237,0.0027991564956320594,1,4.278868052730342e-08,4.245717471384522e-09,3.953141844081451e-08,2.9663455553994264e-05,1,1,,0,1.712054855821204e-17,-0.06729902068635081,-1.4979130067762554,-1.331777759316891,0.0015230236847759218,0.00010388653419288638,0.00020685424947847558,0.0008669383168816854,6.534329002025113e-05,0.00034269818946073237,0.11325031401740042,0.4111631521438547,0.4352119878936072,0.8490524735103251
237,adam,237,238,0.0027711649306757387,1,4.267716225686257e-08,4.220308490942114e-09,3.94197290983117e-08,2.929422283602737e-05,1,1,,0,1.8189568370399193e-17,-0.06723988055646385,-1.4977797562592228,-1.3318262969446888,0.0015224192743236945,0.00010351039723248877,0.00020658451601429997,0.0008651306407074989,6.509576459539595e-05,0.0003427111881076333,0.11325227942871895,0.4110853603676169,0.43521902875932944,0.8490623511393915
238,adam,238,239,0.0027434532813689814,1,4.256766172999448e-08,4.195378295593835e-09,3.93093052389136e-08,2.8931092940156752e-05,1,1,,0,1.745502009924355e-17,-0.06718107653568159,-1.497647551884736,-1.3318732892663678,0.0015218277580880796,0.00010314082722533878,0.00020631931981759363,0.0008633445611444162,6.485387575267231e-05,0.0003427239928273893,0.11325421156409034,0.411008991881132,0.4352259331352729,0.8490720457775315
239,adam,239,240,0.0027160187485552917,1,4.2460128640281395e-08,4.170914959333409e-09,3.9200118435995544e-08,2.8573924366415106e-05,1,1,,0,1.7326267684893903e-17,-0.06712261134040604,-1.497516390001763,-1.331918779539833,0.0015212489510273283,0.00010277768750386397,0.0002060585563384384,0.0008615797555097258,6.461746884210631e-05,0.0003427366073328178,0.11325611113544903,0.4109340113604234,0.4352327042434124,0.8490815617326644
240,adam,240,241,0.0026888585610697385,1,4.23545143193299e-08,4.1469069458103525e-09,3.909214300238566e-08,2.822258001857355e-05,1,1,,0,1.7885410040200592e-17,-0.06706448750613446,-1.4973862668146622,-1.3319628097874385,0.0015206826657565512,0.00010242084615716144,0.0002058021241856602,0.0008598359083396746,6.438639388436791e-05,0.00034274903524179645,0.11325797883633551,0.4108603845932471,0.4352393452198044,0.8490909031875498
241,adam,241,242,0.0026619699754590414,1,4.225077167170282e-08,4.123343096584091e-09,3.898535591197567e-08,2.787692704651248e-05,1,1,,0,1.5953122122767647e-17,-0.06700670739979919,-1.4972571783976159,-1.3320054208384107,0.0015201287130021807,0.00010207017583595775,0.00020554992501020967,0.0008581127112377541,6.416050541331098e-05,0.0003427612800784333,0.11325981534246479,0.41078807843193615,0.43524585911771585,0.8491000742038782
242,adam,242,243,0.0026353502757044504,1,4.214885511270229e-08,4.1002126175434026e-09,3.887973662978366e-08,2.753683669171447e-05,1,1,,0,1.653070373696469e-17,-0.06694927322966474,-1.4971291207055326,-1.3320466523681154,0.0015195869019647035,0.00010172555349249677,0.0002053018633931565,0.0008564098626825484,6.39396623277557e-05,0.00034277334527475263,0.11326162131227137,0.4107170607493489,0.4352522489104415,0.8491090787262804
243,adam,243,244,0.0026089967729474063,1,4.20487205092908e-08,4.077505065895974e-09,3.8775266928439563e-08,2.7202184136990992e-05,1,1,,0,1.6418323180047146e-17,-0.06689218705308546,-1.4970020895817238,-1.3320865429345394,0.001519057040596555,0.00010138686002877815,0.00020505784673913554,0.0008547270678117928,6.372372775645033e-05,0.00034278523417309115,0.11326339738741407,0.4106473003984218,0.43525851749384037,0.8491179205862487
244,adam,244,245,0.002582906805217932,1,4.195032512333573e-08,4.05521033583339e-09,3.8671930651530386e-08,2.6872848359709803e-05,1,1,,0,1.847267594542725e-17,-0.06683545078236168,-1.4968760807630723,-1.3321251300123176,0.001518538935817517,0.0001010539798354107,0.00020481778517339683,0.0008530640381862679,6.351256892665957e-05,0.0003427969500286792,0.11326514419326868,0.4105787671743435,0.43526466768863104,0.8491266035059659
245,adam,245,246,0.0025570777371657525,1,4.18536275578129e-08,4.033318644711614e-09,3.85697134665321e-08,2.654871198964239e-05,1,1,,0,1.7547360246876945e-17,-0.06677906618925672,-1.496751089883198,-1.3321624500246407,0.0015180323936795988,0.00010072680020839922,0.00020458159144412993,0.0008514204915380384,6.330605704498037e-05,0.0003428084960128034,0.1132668623393842,0.4105114317797502,0.4352707022424774,0.8491351311020381
246,adam,246,247,0.002531506959794095,1,4.175858770513209e-08,4.0118205188110786e-09,3.846860260097081e-08,2.622966117110488e-05,1,1,,0,1.6801844868299105e-17,-0.06672303490822638,-1.4966271124742225,-1.3321985383733408,0.001517537219495169,0.00010040521065475132,0.00020434918082814057,0.0008497961515134097,6.310406717992793e-05,0.0003428198752159715,0.11326855241993287,0.4104452657918272,0.43527662383190036,0.849143506889124
247,adam,247,248,0.0025061918901961543,1,4.1665166697979166e-08,3.990706779671181e-09,3.836858658616203e-08,2.5915585429858726e-05,1,1,,0,1.923699588139863e-17,-0.06666735843881037,-1.496504143967363,-1.3322334294674392,0.0015170532179468593,0.0001000891021225436,0.00020412047104094964,0.0008481907474148069,6.290647815191968e-05,0.00034283109065129657,0.11327021501413317,0.41038024163175324,0.4352824350640457,0.8491517342834557
248,adam,248,249,0.0024811299712941925,1,4.157332686225861e-08,3.969968530777001e-09,3.826965500970634e-08,2.5606377544771147e-05,1,1,,0,1.5415622068625773e-17,-0.06661203814744872,-1.4963821796930052,-1.3322671567503983,0.0015165801931807026,9.977836622725221e-05,0.00020389538215040236,0.0008467829520561562,6.271317242628452e-05,0.0003428421452578816,0.11327185068666279,0.4103163325357002,0.4352881384783399,0.8491598166062492
249,adam,249,250,0.0024563186715812505,1,4.148303167212981e-08,3.9495971443394356e-09,3.817179826703194e-08,2.5301933424221506e-05,1,1,,0,1.5854768934558658e-17,-0.06655707526884025,-1.4962612148804941,-1.3322997527262896,0.0015161179489010122,9.947289457311796e-05,0.00020367383649386539,0.0008454399284670642,6.252403600944254e-05,0.00034285304190416444,0.11327345998805662,0.4102535125274542,0.43529373654805786,0.8491677570869971
250,adam,250,251,0.0024317554848654385,1,4.139424570704044e-08,3.929584248992285e-09,3.8075007345466756e-08,2.5002151987591274e-05,1,1,,0,1.7377674365334837e-17,-0.06650247090714227,-1.4961412446578153,-1.3323312489850705,0.0015156662884672869,9.917257827248741e-05,0.000203455758598867,0.0008441122562478757,6.23389583480849e-05,0.00034286378339119615,0.1132750434550928,0.41019175639251393,0.43529923168182577,0.8491755588666439
251,adam,251,252,0.0024074379300167838,1,4.1306934610654175e-08,3.9099217183338625e-09,3.797927363472308e-08,2.470693505162243e-05,1,1,,0,1.9576519611394148e-17,-0.06644822603705194,-1.496022264051547,-1.3323616762271164,0.0015152250150049038,9.887730774840821e-05,0.0002032410751070122,0.0008427997278571104,6.21578322305682e-05,0.0003428743724557145,0.11327660161116958,0.41013103965312214,0.43530462622508076,0.8491832250006399
252,adam,252,253,0.002383363550716616,1,4.122106505144226e-08,3.890601659368998e-09,3.788458873896884e-08,2.4416187221424827e-05,1,1,,0,1.9526600883076852e-17,-0.06639434150503687,-1.4959042679872263,-1.3323910642871257,0.0015147939315286248,9.858697285400415e-05,0.00020302971470068676,0.0008415021394399723,6.198055368863548e-05,0.00034288481177301004,0.11327813496667473,0.4100713385443527,0.4353099224615007,0.8491907584618748
253,adam,253,254,0.00235952991520945,1,4.113660468525517e-08,3.8716164024096665e-09,3.7790944330865064e-08,2.4129815786597456e-05,1,1,,0,1.4604053071961054e-17,-0.06634081803070022,-1.4957872512901325,-1.3324194421575069,0.0015143728410852563,9.830146327685994e-05,0.00020282160803340252,0.0008402192906588824,6.180702190433811e-05,0.0003428951039597423,0.11327964401933656,0.4100126299913177,0.4353151226144187,0.8491981621434891
254,adam,254,255,0.0023359346160573553,1,4.105352211915439e-08,3.852958491487439e-09,3.769833203755818e-08,2.384773062185935e-05,1,1,,0,1.6579997156563532e-17,-0.0662876562083944,-1.4956712086866464,-1.3324468380113104,0.0015139615469126138,9.802066914427534e-05,0.00020261668766208372,0.0008389509845443535,6.16371391136002e-05,0.0003429052515762467,0.1132811292545821,0.4099548915867997,0.43532022884823157,0.8492054388615672
255,adam,255,256,0.002312575269896782,1,4.0971786877062564e-08,3.834620674930699e-09,3.7606743320715746e-08,2.3569844092175775e-05,1,1,,0,1.7506380372253442e-17,-0.06623485650912436,-1.4955561348063702,-1.332473279224758,0.0015135598526197255,9.77444817181835e-05,0.00020241488798273353,0.0008376970273507064,6.14708105149883e-05,0.00034291525712886465,0.11328259114587542,0.4098981015697226,0.4353252432698093,0.8492125913577113
256,adam,256,257,0.002289449517197814,1,4.0891369366765836e-08,3.8165958976688915e-09,3.7516169424048656e-08,2.329607096261904e-05,1,1,,0,1.615504061985476e-17,-0.06618241928269147,-1.495442024184575,-1.3324987923994054,0.0015131675623808465,9.74727940672596e-05,0.00020221614516839607,0.000836457228436917,6.130794417828616e-05,0.00034292512307190255,0.11328403015505294,0.409842238804568,0.43533016792990864,0.8492196223015025
257,adam,257,258,0.0022665550220258355,1,4.0812240848231405e-08,3.798877292661878e-09,3.742660128939692e-08,2.3026328312091366e-05,1,1,,0,1.6725764218263376e-17,-0.06613034476029919,-1.4953288712655937,-1.3325234033839495,0.0015127844811476934,9.720550164048511e-05,0.00020202039710937955,0.0008352314001521994,6.114845095342107e-05,0.00034293485180940104,0.11328544673265259,0.4097872827607563,0.435335004824594,0.849226534292849
258,adam,258,259,0.0022438894718055775,1,4.073437340345873e-08,3.781458174692255e-09,3.733802955044157e-08,2.2760535451721914e-05,1,1,,0,1.7503174442624007e-17,-0.0660786330573142,-1.495216670406458,-1.3325471372956939,0.0015124104148682422,9.694250269436459e-05,0.00020182758335633594,0.0008340193577448207,6.0992244383526e-05,0.0003429444456966875,0.11328684131823351,0.40973321349308034,0.4353397558966648,0.8492333298642292
259,adam,259,260,0.0022214505770875217,1,4.0657739907349216e-08,3.7643320329710385e-09,3.725044448795762e-08,2.2498613846623733e-05,1,1,,0,1.6957424118078672e-17,-0.06602728417640474,-1.4951054158812735,-1.332570018541658,0.0015120451707179977,9.668369857052427e-05,0.00020163764506497594,0.0008328209192726623,6.083924061658898e-05,0.00034295390704174153,0.11328821434069017,0.40968001162245377,0.4353444230370883,0.849240011482832
260,adam,260,261,0.0021992360713166464,1,4.058231400001809e-08,3.747492525794336e-09,3.716383605019324e-08,2.2240487041891545e-05,1,1,,0,1.74812030742129e-17,-0.06597629801090663,-1.4949951018858558,-1.3325920708393268,0.001511688557335714,9.642899383332136e-05,0.00020145052494351584,0.0008316359055359655,6.068935832161882e-05,0.00034296323810641344,0.11328956621855558,0.4096276583172996,0.43534900808643323,0.8492465815526015
261,adam,261,262,0.00217724371060348,1,4.0508070060014286e-08,3.730933474313682e-09,3.707819384391008e-08,2.1986080591771245e-05,1,1,,0,1.834542089109078e-17,-0.06592567434841076,-1.494885722542839,-1.3326133172370163,0.001511340385054738,9.617829629997558e-05,0.00020126616720157983,0.0008304641400106391,6.054251860373875e-05,0.0003429724411074184,0.11329089736030472,0.4095761352752056,0.4353535128363035,0.8492530424161879
262,adam,262,263,0.0021554712734974447,1,4.043498317883477e-08,3.714648857771413e-09,3.699350716842672e-08,2.1735321992527928e-05,1,1,,0,1.768397383321736e-17,-0.06587541287451501,-1.4947772719069705,-1.3326337801338421,0.0015110004661388662,9.593151698824808e-05,0.00020108451750155897,0.0008293054487975589,6.0398644923960576e-05,0.00034298151821732985,0.11329220816464057,0.40952542470550923,0.4353579390307644,0.8492593963568154
263,adam,263,264,0.0021339165607624703,1,4.0363029136364524e-08,3.6986328084165922e-09,3.6909765036576205e-08,2.148814061823001e-05,1,1,,0,1.6465455744578412e-17,-0.06582551317679182,-1.4946697439706664,-1.332653481299265,0.0015106686150041812,9.56885700137415e-05,0.00020090552291155295,0.0008281596605743042,6.025766301914869e-05,0.0003429904715653393,0.11329349902077923,0.40947550931187504,0.43536228836775875,0.8492656456000665
264,adam,264,265,0.002112577395154846,1,4.0292184377336793e-08,3.6828796070457903e-09,3.6826956211947405e-08,2.124446765962191e-05,1,1,,0,1.634965237800839e-17,-0.06577597474880512,-1.4945631326697177,-1.3326724418921914,0.001510344648434458,9.544937245441463e-05,0.0002007291318601682,0.000827026606556083,6.011950082493786e-05,0.0003429993032380515,0.113294770308725,0.4094263722757927,0.43536656250050654,0.8492717923155934
265,adam,265,266,0.0020914516212032974,1,4.022242598879142e-08,3.6673836788112493e-09,3.674506924998833e-08,2.1004236065748757e-05,1,1,,0,1.9861830750794405e-17,-0.06572679699412744,-1.494457431888906,-1.3326906824796168,0.00151002838578261,9.521384420254572e-05,0.00020055529409315382,0.0008259061204607325,5.9984088401167626e-05,0.00034300801528016825,0.1132960223995346,0.40937799724040935,0.43537076303888494,0.8492778386187578
266,adam,266,267,0.0020705371049912643,1,4.0153731678299326e-08,3.652139589400985e-09,3.666409254794174e-08,2.076738048814105e-05,1,1,,0,1.708560860130937e-17,-0.0656779792304936,-1.4943526354677437,-1.3327082230547835,0.0015097196491559996,9.498190781115293e-05,0.0002003839606313323,0.0008247980384798568,5.985135785833486e-05,0.00034301660969505163,0.11329725565558399,0.4093303682949702,0.4353748915507821,0.849283786572206
267,adam,267,268,0.0020498317339413515,1,4.0086079753245033e-08,3.637142040956641e-09,3.658401437627324e-08,2.0533837227303068e-05,1,1,,0,1.8553925174505655e-17,-0.06562952069391721,-1.494248737206057,-1.3327250830548416,0.0015094182635829697,9.475348834667354e-05,0.00020021508373058467,0.000823702199247513,5.9721243288612414e-05,0.00034302508844548656,0.11329847043080829,0.40928346995967474,0.4353789495634224,0.8492896381873835
268,adam,268,269,0.002029333416601938,1,4.001944910076361e-08,3.622385868640105e-09,3.650482292939479e-08,2.0303544181597948e-05,1,1,,0,1.7633600945474485e-17,-0.0655814205427026,-1.494145730869498,-1.3327412813780035,0.00150912405716207,9.452851324781335e-05,0.00020004861684291548,0.0008226184438160787,5.959368069722443e-05,0.00034303345345423653,0.11329966707095257,0.40923728717116564,0.4353829385646586,0.8492953954259932
269,adam,269,270,0.002009040082435919,1,3.995381916855003e-08,3.6078660373195386e-09,3.6426506372849974e-08,2.0076440798091074e-05,1,1,,0,1.6133617843636295e-17,-0.06553367786139337,-1.4940436101947712,-1.3327568364001776,0.0015088368611871465,9.430691219400633e-05,0.00019988451457916902,0.000821546615632461,5.946860793748676e-05,0.0003430417066046367,0.11330084591380452,0.40919180526851867,0.43538686000422777,0.849301060201402
270,adam,270,271,0.001988949681611559,1,3.988916994640378e-08,3.5935776382613323e-09,3.6349052884021506e-08,1.9852468025279992e-05,1,1,,0,1.4891345409029296e-17,-0.06548629166470103,-1.4939423688947617,-1.3327717659910827,0.001508556510255746,9.408861698532631e-05,0.000199722732673083,0.0008204865605136151,5.934596464787056e-05,0.0003430498497412935,0.11330200728942084,0.40914700997965886,0.43539071529496853,0.8493066343799982
271,adam,271,272,0.001969060184795444,1,3.9825481948480216e-08,3.5795158856812252e-09,3.6272450682250417e-08,1.9631568267570413e-05,1,1,,0,1.871855415559157e-17,-0.06543926090125525,-1.49384200066336,-1.3327860875298287,0.001508282842351678,9.387356143250548e-05,0.00019956322794663405,0.0008194381266212015,5.922569219166176e-05,0.00034305788467072786,0.11330315152034516,0.40910288740861006,0.43539450581399763,0.849312119782504
272,adam,272,273,0.0019493695829474894,1,3.976273619624032e-08,3.5656761140742226e-09,3.6196688077835376e-08,1.9413685341578785e-05,1,1,,0,1.5253430197689116e-17,-0.06539258445720003,-1.4937424991800008,-1.3327998179199811,0.0015080156989085633,9.366168125571537e-05,0.0001994059582766782,0.0008184011644388127,5.910773359885188e-05,0.0003430658131620369,0.1133042789218222,0.40905942402275014,0.43539823290384505,0.8493175181852457
273,adam,273,274,0.0019298758871180146,1,3.970091420205855e-08,3.5520537749607357e-09,3.6121753497255524e-08,1.9198764433697147e-05,1,1,,0,1.709793784903908e-17,-0.06534626115973784,-1.493643858113964,-1.332812973604098,0.001507754924853449,9.345291399288313e-05,0.0001992508825628096,0.0008173755267472444,5.899203351050998e-05,0.00034307363694764263,0.1133053898019969,0.4090166066410054,0.43540189787354566,0.8493228313213844
274,adam,274,275,0.0019105771282468345,1,3.9639997953421297e-08,3.5386444341182955e-09,3.6047635515252424e-08,1.8986752059345352e-05,1,1,,0,1.5766788870613603e-17,-0.06530028978036162,-1.4935460711283417,-1.3328255705777572,0.001507500368629933,9.324719891577277e-05,0.00019909796069628966,0.0008163610685964174,5.8878538125140085e-05,0.00034308135772400186,0.1133064844621172,0.40897442242235094,0.43540550199968875,0.8493280608821085
275,adam,275,276,0.001891471356964366,1,3.9579969897767476e-08,3.525443768376015e-09,3.5974322871036834e-08,1.8777596023333627e-05,1,1,,0,1.6929415239410714e-17,-0.06525466903812792,-1.4934491318837784,-1.332837624403075,0.0015072518822038434,9.304447695373859e-05,0.00019894715353019625,0.0008153576472792247,5.876719514744318e-05,0.0003430889771523819,0.11330756319671824,0.4089328588547287,0.43540904652742357,0.8493332085177924
276,adam,276,277,0.0018725566433947223,1,3.9520812927937696e-08,3.512447563336743e-09,3.5901804503392015e-08,1.8571245381834296e-05,1,1,,0,1.7059102380308642e-17,-0.06520939760261392,-1.4933530340417989,-1.3328491502217392,0.00150700932105046,9.284469062175642e-05,0.00019879842285073013,0.0008143651223030769,5.865795373998388e-05,0.00034309649685968337,0.11330862629380498,0.40889190374469486,0.435412532671424,0.8493382758391195
277,adam,277,278,0.001853831076960775,1,3.9462510368046354e-08,3.499651710141547e-09,3.583006955474093e-08,1.8367650405205363e-05,1,1,,0,1.549163147277707e-17,-0.06516447409678755,-1.4932577712679835,-1.332860162767555,0.0015067725441296504,9.264778395613022e-05,0.00019865173134922924,0.0008133833553587411,5.8550764475095e-05,0.00034310391843921887,0.11330967403503112,0.40885154520706624,0.4354159616168111,0.849343264418175
278,adam,278,279,0.0018352927661911672,1,3.940504595997007e-08,3.487052202947291e-09,3.575910739218025e-08,1.8166762542199166e-05,1,1,,0,1.6991672140494913e-17,-0.06511989709967056,-1.493163337234755,-1.332870676378533,0.001506541413845113,9.245370245336225e-05,0.00019850704259539526,0.000812412210291124,5.8445579289722054e-05,0.00034311124345151345,0.11331070669586894,0.40881177165530225,0.4354193345200368,0.8493481757895065
279,adam,279,280,0.0018169398385292556,1,3.9348403850383024e-08,3.474645136056305e-09,3.5688907607181397e-08,1.7968534385250844e-05,1,1,,0,1.5765529884057023e-17,-0.0650756651489235,-1.493069725623996,-1.3328807050085292,0.0015063157959924773,9.226239301430386e-05,0.0001983643210115746,0.0008114515530632872,5.8342351443287996e-05,0.00034311847342526205,0.11331172454576804,0.4087725717923962,0.4354226525097281,0.8493530114511549
280,adam,280,281,0.001798770440143963,1,3.929256857814594e-08,3.462426701534808e-09,3.561946003549515e-08,1.7772919636851573e-05,1,1,,0,1.6273536320707805e-17,-0.0650317767432106,-1.492976930129328,-1.332890262238455,0.0015060955596990508,9.207380389070626e-05,0.00019822353184762383,0.0008105012517274616,5.824103547478164e-05,0.00034312560985803626,0.11331272784831867,0.40873393460171287,0.4354259166874959,0.8493577728656576
281,adam,281,282,0.0017807827357425234,1,3.923752506226479e-08,3.4503931862960362e-09,3.555075474683555e-08,1.7579873076894688e-05,1,1,,0,1.755659414361431e-17,-0.0649882303444586,-1.4928849444582324,-1.332899361287072,0.0015058805773525018,9.188788463659635e-05,0.00019808464115691755,0.0008095611763862081,5.814158716372806e-05,0.00034313265421724836,0.113313716861401,0.4086958493385937,0.43542912812870843,0.8493624614610222
282,adam,282,283,0.001762974908385098,1,3.918325859025258e-08,3.438540969595426e-09,3.548278204962135e-08,1.7389350531105128e-05,1,1,,0,1.6749194140600793e-17,-0.06494502437999965,-1.492793762333927,-1.3329080150213977,0.0015056707245274079,9.170458606126908e-05,0.00019794761577309432,0.0008086311991592858,5.8043963491762346e-05,0.0003431396079409733,0.11331469183733213,0.4086583055221337,0.43543228788323246,0.8493670786316737
283,adam,283,284,0.0017453451593012472,1,3.912975480686403e-08,3.4268665205843477e-09,3.541553249340843e-08,1.7201308840487743e-05,1,1,,0,1.5416922707762212e-17,-0.06490215724454135,-1.492703377496991,-1.332916235966734,0.0015054658799035438,9.152386018579843e-05,0.00019781242328747715,0.0008077111941482524,5.794812260512957e-05,0.0003431464724386985,0.11331565302301191,0.408621292927293,0.4354353969761436,0.8493716257393752
284,adam,284,285,0.0017278917077082347,1,3.90769997033486e-08,3.4153663954801677e-09,3.53489968513837e-08,1.7015705831622976e-05,1,1,,0,1.56130304795169e-17,-0.06485962730209706,-1.4926137837069782,-1.332924036316339,0.0015052659251815817,9.134566020142424e-05,0.00019767903202754864,0.0008073106013773393,5.7854023780079704e-05,0.00034315324909231244,0.11331660066005532,0.4085848015772322,0.4354384564084074,0.8493761041141218
285,adam,285,286,0.0017106127906311524,1,3.9024979606977236e-08,3.404037235448594e-09,3.528316612859059e-08,1.6832500288094142e-05,1,1,,0,1.6879778074627135e-17,-0.06481743288772517,-1.492524974743656,-1.3329314279407565,0.0015050707449971977,9.116994043028408e-05,0.00019754741103587573,0.0008074641821573935,5.776162738810799e-05,0.00034315993925677544,0.11331753498492984,0.4085488217362496,0.43544146715753446,0.8493805150550104
286,adam,286,287,0.0016935066627248407,1,3.897368117103187e-08,3.3928757638791657e-09,3.5218031542279755e-08,1.6651651922651107e-05,1,1,,0,1.592445728343707e-17,-0.0647755723092452,-1.4924369444082823,-1.3329384223968277,0.0015048802268352415,9.099665628800077e-05,0.0001974175300499727,0.0008076160316391679,5.767089486350681e-05,0.0003431665442609995,0.11331845622908122,0.40851334390250477,0.4354444301782101,0.849384859831083
287,adam,287,288,0.0016765715960975925,1,3.892309136506962e-08,3.3818787842761965e-09,3.5153584524996776e-08,1.6473121350395417e-05,1,1,,0,1.6939766152739336e-17,-0.06473404384880682,-1.4923496865246024,-1.3329450309363955,0.0015046942609418625,9.082576424808962e-05,0.00019728935948263814,0.0008077661728085471,5.758178867114124e-05,0.0003431730654085511,0.11331936461906118,0.40847835880156397,0.4354473464029004,0.8493891396821458
288,adam,288,289,0.0016598058801366165,1,3.887319746562595e-08,3.371043177494323e-09,3.508981669711431e-08,1.6296870062782615e-05,1,1,,0,1.6203691241888588e-17,-0.06469284576446337,-1.4922631949399778,-1.3329512645147163,0.001504512740240416,9.065722180883798e-05,0.00019716287040319217,0.0008079146282729372,5.749427227641737e-05,0.00034317950397845135,0.11332026037664517,0.40844385737950595,0.4354502167424378,0.8493933558195655
289,adam,289,290,0.0016432078213352503,1,3.88239870471388e-08,3.360365899886241e-09,3.502671987445111e-08,1.612286040259325e-05,1,1,,0,1.769955939782757e-17,-0.06465197629156334,-1.4921774635261185,-1.332957133798603,0.0015043355602468846,9.049098745995463e-05,0.00019703803451907149,0.0008080614202685467,5.740831011502123e-05,0.00034318586122585954,0.11332114371895216,0.4084098307970429,0.43545304208658575,0.8493975094270413
290,adam,290,291,0.0016267757431218978,1,3.8775447973252955e-08,3.349843980750308e-09,3.496428604448998e-08,1.5951055539620724e-05,1,1,,0,1.5860355369786e-17,-0.06461143364416666,-1.4920924861799512,-1.3329626491743014,0.0015041626189898662,9.032702065256648e-05,0.00019691482415819524,0.0008082065706692578,5.7323867564554844e-05,0.0003431921383827183,0.11332201485855925,0.40837627042311453,0.43545582330458554,0.8494016016613528
291,adam,291,292,0.0016105079856906788,1,3.8727568388468125e-08,3.339474520346153e-09,3.4902507362358766e-08,1.578141944727195e-05,1,1,,0,1.6782124303313148e-17,-0.06457121601636577,-1.492008256824378,-1.332967820755122,0.001503993816931005,9.016528176957575e-05,0.00019679321225201882,0.0008083501009941643,5.724091091721167e-05,0.0003431983366584799,0.11332287400360953,0.40834316782916835,0.4354585612456849,0.849405633653088
292,adam,292,293,0.001594402905833772,1,3.8680336709970596e-08,3.3292546877286727e-09,3.4841376138869875e-08,1.5613916879899062e-05,1,1,,0,1.6550594543136802e-17,-0.06453132158353797,-1.4919247694089326,-1.332972658388841,0.0015038290568905356,9.000573209702623e-05,0.00019667317231887677,0.0008084920324154621,5.715940735260323e-05,0.00034320445724068136,0.11332372135792125,0.408310514783543,0.43546125673965186,0.8494096065073468
293,adam,293,294,0.0015784588767754342,1,3.863374161980619e-08,3.319181718500766e-09,3.4780884823001526e-08,1.544851335097104e-05,1,1,,0,1.6707111943421346e-17,-0.06449174850361762,-1.491842017910429,-1.3329771716648688,0.0015036682439766933,8.984833379809215e-05,0.0001965546784480242,0.0008086323857666075,5.707932491165365e-05,0.000343210501295508,0.11332455712109306,0.4082783032457352,0.4354639105972724,0.8494135213044252
294,adam,294,295,0.0015626742880076798,1,3.858777205734267e-08,3.309252913254967e-09,3.472102600716504e-08,1.5285175111984765e-05,1,1,,0,1.5576190880247983e-17,-0.06445249491821071,-1.4917599963335526,-1.3329813699212145,0.0015035112855168932,8.969304988580043e-05,0.00019643770528425205,0.0008087711815487899,5.700063247190831e-05,0.0003432164699684249,0.11332538148860437,0.40824652536140826,0.43546652361083454,0.8494173791004768
295,adam,295,296,0.0015470475451276032,1,3.85424172119186e-08,3.2994656349963208e-09,3.466179239461621e-08,1.5123869132018616e-05,1,1,,0,1.410212333832758e-17,-0.06441355895379816,-1.49167869871146,-1.3329852622512401,0.0015033580909934036,8.953984419989529e-05,0.00019632222801282235,0.0008089084399395126,5.692329972260117e-05,0.00034322236438460535,0.11332619465191612,0.4082151734569286,0.435469096554599,0.8494211809281559
296,adam,296,297,0.0015315770696763269,1,3.8497666515836326e-08,3.289817308150274e-09,3.4603176820413467e-08,1.4964563078175708e-05,1,1,,0,1.7097359379806607e-17,-0.06437493872279473,-1.491598119106273,-1.3329888575102269,0.0015032085719839678,8.938868138092409e-05,0.0001962082223451309,0.000809044180797994,5.6847297141709905e-05,0.0003432281856494968,0.11332699679856569,0.40818424003450915,0.4354716301852571,0.8494249277972388
297,adam,297,298,0.0015162612989795638,1,3.845350963750521e-08,3.2803054157614464e-09,3.454517220902577e-08,1.4807225296399982e-05,1,1,,0,1.5715322108985396e-17,-0.06433663232465354,-1.4915182516096732,-1.3329921643217486,0.0015030626421025821,8.923952684978848e-05,0.00019609566450461165,0.0008091784236738363,5.677259597260199e-05,0.000343233934849319,0.11332778811225933,0.40815371776745246,0.435474125242377,0.8494286206952278
298,adam,298,299,0.001501098685989768,1,3.840993647485759e-08,3.2709274987574515e-09,3.4487771600837104e-08,1.4651824793326122e-05,1,1,,0,1.755656046786127e-17,-0.06429863784688533,-1.4914390903433525,-1.3329951910838713,0.001502920216947773,8.909234678331152e-05,0.00019598453121319955,0.0008093111878115817,5.6699168201907874e-05,0.0003432396130513853,0.11332856877296704,0.40812359949526267,0.43547658244883825,0.8494322605879359
299,adam,299,300,0.0014860876991298704,1,3.836693714894554e-08,3.261681153374693e-09,3.443096811578676e-08,1.4498331218361817e-05,1,1,,0,1.5061589217125408e-17,-0.0642609533660742,-1.491360629459507,-1.3329979459751773,0.00150278121405088,8.894710809490906e-05,0.00019587479967812487,0.0008094424921586264,5.662698653755425e-05,0.00034324522130463114,0.11332933895700939,0.40809387821917975,0.43547900251125504,0.8494358484200528
300,adam,300,301,0.0014712268221385716,1,3.832450199784059e-08,3.25256403024687e-09,3.437475496849641e-08,1.4346714846739275e-05,1,1,,0,1.5161933735886702e-17,-0.06422357694885214,-1.4912828631413424,-1.333000436960624,0.0015026455528283531,8.880377841311543e-05,0.00019576644757935563,0.000809572355370474,5.655602438879622e-05,0.0003432507606399764,0.11333009883714332,0.4080645470977867,0.43548138612038934,0.8494393851156953
301,adam,301,302,0.001456514553917186,1,3.8282621570613335e-08,3.2435738324651464e-09,3.431912545185913e-08,1.4196946562858757e-05,1,1,,0,1.748211506994316e-17,-0.0641865066528687,-1.4912057856035739,-1.3330026717972414,0.0015025131545372264,8.866232606251831e-05,0.0001956594530571251,0.0008097007958167883,5.6486255844945524e-05,0.0003432562320706739,0.11333084858264826,0.4080355994426507,0.4354837339515535,0.8494428715789383
302,adam,302,303,0.001441949408378014,1,3.824128662161431e-08,3.234708314310247e-09,3.4264072938922196e-08,1.4048997844321541e-05,1,1,,0,1.7265678004405594e-17,-0.06414974052769241,-1.4911293910927765,-1.3330046580396764,0.0015023839422329797,8.852272004425716e-05,0.00019555379470011393,0.0008098278315870114,5.641765565646863e-05,0.0003432616365927113,0.11333158835940697,0.40800702871425054,0.4354860466650022,0.8494463086943324
303,adam,303,304,0.001427529914294234,1,3.820048810485843e-08,3.2259652796747644e-09,3.420959087460568e-08,1.3902840746458564e-05,1,1,,0,1.5550141438816403e-17,-0.0641132766157112,-1.4910536738879174,-1.333006403045582,0.0015022578407277126,8.838493001846132e-05,0.0001954494515337877,0.0008099534804958592,5.635019921520936e-05,0.00034326697518508096,0.11333231832998765,0.40797882851782513,0.435488324906316,0.8494496973274034
304,adam,304,305,0.0014132546151512915,1,3.81602171686406e-08,3.2173425807971208e-09,3.415567277707514e-08,1.3758447887365492e-05,1,1,,0,1.5650148427150444e-17,-0.06407711295300422,-1.4909786283007398,-1.3330079139808628,0.0015021347765538018,8.824892628582903e-05,0.00019534640300922,0.0008100777600882004,5.6283862536030036e-05,0.00034327224881014256,0.11333303865372064,0.40795099259952494,0.4354905693067738,0.8494530383251381
305,adam,305,306,0.0013991220689997786,1,3.812046515034826e-08,3.2088381167850697e-09,3.410231222747339e-08,1.3615792433455315e-05,1,1,,0,1.5850271492509288e-17,-0.0640412475702129,-1.4909042486762414,-1.3330091978247751,0.001502014677926472,8.811467977148855e-05,0.0001952446289923189,0.0008102006876448872,5.621862223939363e-05,0.0003432774584139622,0.11333374948677255,0.407923514842648,0.43549278048371687,0.8494563325164545
306,adam,306,307,0.0013851308483097808,1,3.8081223571382225e-08,3.200449832625552e-09,3.404950287895885e-08,1.3474848085440422e-05,1,1,,0,1.5258943223271527e-17,-0.06400567849332046,-1.4908305293930022,-1.3330102613748946,0.0015018974747084473,8.798216200781302e-05,0.00019514410975323397,0.0008103222801868018,5.61544555334348e-05,0.0003432826049265429,0.11333445098222353,0.4078963892637924,0.43549495904090296,0.8494595807126587
307,adam,307,308,0.001371279539826683,1,3.8042484132252945e-08,3.192175717734537e-09,3.399723844873411e-08,1.3335589064741527e-05,1,1,,0,1.687392490296716e-17,-0.06397040374444332,-1.4907574648635846,-1.333011111251939,0.001501783098377616,8.785134511862341e-05,0.00019504482595611948,0.0008104425544797013,5.609134019705845e-05,0.00034328768926213246,0.1133351432901379,0.40786961000951,0.43549710556885196,0.8494627837078875
308,adam,308,309,0.0013575667444284162,1,3.8004238707854704e-08,3.1840138047793545e-09,3.394551271473415e-08,1.3197990100377342e-05,1,1,,0,1.8660675496630972e-17,-0.0639354213426263,-1.4906850495349768,-1.3330117539044664,0.001501671481992519,8.772220180436384e-05,0.00019494675864926482,0.0008105615270394362,5.602925456352528e-05,0.00034329271231952127,0.11333582655763438,0.40784317135263853,0.4354992206451822,0.8494659422795383
309,adam,309,310,0.001343991076984132,1,3.7966479342901e-08,3.1759621688085334e-09,3.389431952515158e-08,1.3062026416252759e-05,1,1,,0,1.6103276316648313e-17,-0.06390072930454115,-1.4906132778888668,-1.3330121956134424,0.0015015625601624723,8.75947053264512e-05,0.0001948498892555523,0.0008106792141352025,5.59681775049673e-05,0.0003432976749822559,0.1133365009289556,0.4078170676890344,0.4355013048349382,0.8494690571886866
310,adam,310,311,0.0013305511662142907,1,3.7929198247451244e-08,3.1680189258881695e-09,3.3843652788178163e-08,1.2927673718777005e-05,1,1,,0,1.764189438636202e-17,-0.06386632564521011,-1.490542144442004,-1.3330124424966798,0.0015014562690163677,8.746882949336978e-05,0.0001947541995630678,0.0008107956317948979,5.5908088416562924e-05,0.00034330257811896104,0.11333716654553298,0.40779129353423943,0.4355033586909094,0.84947212918049
311,adam,311,312,0.0013172456545521478,1,3.78923877926269e-08,3.160182232248401e-09,3.3793506479533806e-08,1.2794908184904411e-05,1,1,,0,1.7256883981711447e-17,-0.06383220837868067,-1.490471643746501,-1.3330125005131588,0.001501352546172314,8.734454864628793e-05,0.0001946596717161182,0.000810910795808376,5.584896720178889e-05,0.0003433074225835424,0.11333782354605396,0.4077658435204388,0.4355053827539407,0.8494751589845824
312,adam,312,313,0.001304073198006626,1,3.7856040506431514e-08,3.1524502829729895e-09,3.37438746313889e-08,1.2663706450562085e-05,1,1,,0,1.6080994263403712e-17,-0.06379837551871431,-1.4904017703901933,-1.3330123754672214,0.0015012513307085067,8.722183764636117e-05,0.0001945662882064401,0.0008110247217325867,5.579079425798409e-05,0.00034331220921545553,0.11333847206652273,0.4077407123932592,0.43550737755323465,0.8494781473154549
313,adam,313,314,0.00129103246602656,1,3.7820149069732664e-08,3.144821311395653e-09,3.36947513460487e-08,1.2534045599414133e-05,1,1,,0,1.9542980119395607e-17,-0.06376482507937592,-1.4903325189968248,-1.333012073012659,0.0015011525631330829,8.710067186069858e-05,0.00019447403186475222,0.0008111374248944385,5.573355046234503e-05,0.00034331693883996836,0.11333911224032307,0.4077158950088082,0.43550934360664534,0.8494810948728273
314,adam,314,315,0.0012781221413662943,1,3.7784706312310566e-08,3.137293588100483e-09,3.364613079547304e-08,1.2405903151910201e-05,1,1,,0,1.5624636473051967e-17,-0.06373155507559422,-1.4902638842263098,-1.3330115986566777,0.0015010561853574492,8.698102714969162e-05,0.00019438288585240873,0.0008112489203948615,5.567721715814373e-05,0.00034332161226834415,0.1133397441982802,0.40769138633094854,0.4355112814209635,0.849484002342008
315,adam,315,316,0.0012653409199526314,1,3.774970520912589e-08,3.1298654195860444e-09,3.359800720451468e-08,1.227925705466596e-05,1,1,,0,1.401446973717606e-17,-0.06369856352388016,-1.4901958607750758,-1.333010957763754,0.0015009621406655768,8.686287985591811e-05,0.00019429283365354958,0.0008113592231136263,5.562177614226254e-05,0.00034332623029817585,0.11334036806871442,0.4076671814282593,0.43551319149219564,0.8494868703942443
316,adam,316,317,0.0012526875107531051,1,3.771513887654867e-08,3.1225351480120012e-09,3.355037487811535e-08,1.215408567024971e-05,1,1,,0,1.6209973338834524e-17,-0.0636658484427002,-1.4901284433760995,-1.3330101555593858,0.001500870373687853,8.674620679040705e-05,0.00019420385906708618,0.0008114683477112313,5.5567209651163785e-05,0.00034333079371350094,0.11334098397750386,0.4076432754715379,0.4355150743058329,0.8494896996870624
317,adam,317,318,0.001240160635645574,1,3.7681000568887436e-08,3.115301149714662e-09,3.3503228174662137e-08,1.2030367767126147e-05,1,1,,0,1.5767975308257126e-17,-0.06363340785312338,-1.4900616267992457,-1.3330091971337337,0.0015007808303716702,8.663098522265792e-05,0.00019411594619939764,0.000811576308634555,5.5513500349997466e-05,0.0003433353032851509,0.11334159204813504,0.40761966373100067,0.4355169303371144,0.8494924908645985
318,adam,318,319,0.0012277590292891184,1,3.764728367487292e-08,3.1081618349632125e-09,3.345656153133939e-08,1.1908082510013308e-05,1,1,,0,1.72671632202854e-17,-0.06360123977926148,-1.4899954058512919,-1.333008087445163,0.0015006934579561916,8.651719286803922e-05,0.0001940290794568508,0.0008116831201185198,5.54606313197798e-05,0.0003433397597708927,0.11334219240175948,0.4075963415738841,0.4355187600512821,0.8494952445579201
319,adam,319,320,0.001215481438996227,1,3.761398171430193e-08,3.1011156466889995e-09,3.341036944715648e-08,1.1787209450417062e-05,1,1,,0,1.4918780950869517e-17,-0.06356934224876461,-1.4899297753761742,-1.333006831323685,0.0015006082049414482,8.64048078778627e-05,0.00019394324353867533,0.0008117887961907985,5.5408586045701315e-05,0.00034334416391567827,0.11334278515724636,0.40757330446182927,0.4355205639038287,0.8494979613853386
320,adam,320,321,0.001203326624606265,1,3.7581088334830283e-08,3.0941610598595515e-09,3.3364646487825605e-08,1.1667728517487068e-05,1,1,,0,1.744961334855663e-17,-0.0635377132932689,-1.4898647302550723,-1.3330054334742967,0.0015005250210643254,8.629380882850547e-05,0.00019385842343016792,0.000811893350675194,5.535734840677443e-05,0.0003433485164519565,0.11334337043123024,0.4075505479486791,0.4355223423407389,0.8495006419527134
321,adam,321,322,0.0011912933583602021,1,3.754859730875614e-08,3.087296580792657e-09,3.3319387290740985e-08,1.1549620009166364e-05,1,1,,0,1.6503749059599858e-17,-0.06350635094880724,-1.4898002654064584,-1.3330038984802357,0.001500443857269351,8.618417471071351e-05,0.00019377460439581895,0.000811996797194341,5.53069026639657e-05,0.00034335281809973986,0.11334394833816677,0.4075280676778883,0.43552409579872275,0.8495032868537478
322,adam,322,323,0.0011793804247766002,1,3.7516502529986614e-08,3.080520746190923e-09,3.3274586556920185e-08,1.1432864583509749e-05,1,1,,0,1.5677927175762844e-17,-0.06347525325624019,-1.4897363757862359,-1.3330022308061324,0.0015003646656828022,8.607588492023884e-05,0.00019369177197286057,0.0008120991491737797,5.5257233450141145e-05,0.00034335706956696013,0.11334451899037659,0.40750585938049866,0.4355258247054437,0.8495058966702767
323,adam,323,324,0.001167586620528834,1,3.748479801108945e-08,3.0738321228516066e-09,3.323023906467796e-08,1.131744325032911e-05,1,1,,0,1.6709028888026716e-17,-0.06344441826160639,-1.4896730563877296,-1.3330004348010833,0.001500287399586809,8.596891924736635e-05,0.00019360991196498554,0.0008122004198445549,5.5208325760286846e-05,0.000343361271549641,0.11334508249809361,0.4074839188729458,0.43552752947973905,0.8495084719725465
324,adam,324,325,0.0011559107543235457,1,3.745347788033646e-08,3.0672293062288046e-09,3.318633964785614e-08,1.1203337362956699e-05,1,1,,0,1.548210681153506e-17,-0.06341384401652916,-1.4896103022417944,-1.3329985147016292,0.0015002120133919756,8.586325786858147e-05,0.00019352901043599756,0.0008123006222473715,5.5160164940503517e-05,0.00034336542473212386,0.11334563896951202,0.4074622420547328,0.4355292105318348,0.8495110133194873
325,adam,325,326,0.0011443516467803103,1,3.742253637899024e-08,3.06071092062829e-09,3.3142883222006495e-08,1.1090528610444461e-05,1,1,,0,1.516697244196509e-17,-0.06338352857851415,-1.4895481084167532,-1.3329964746346565,0.001500138462611622,8.575888133604127e-05,0.00019344905370404438,0.0008123997692345813,5.511273667977173e-05,0.0003433695297872662,0.1133461885108307,0.40744082490662153,0.4355308682635539,0.8495135212589786
326,adam,326,327,0.0011329081303125073,1,3.739196785850389e-08,3.0542756176720605e-09,3.309986475781806e-08,1.0978999009698197e-05,1,1,,0,1.5257699889586293e-17,-0.06335347001131926,-1.4894864700184542,-1.3329943186202131,0.001500066703835706,8.565577057004963e-05,0.00019337002833558228,0.0008124978734746562,5.5066026999469464e-05,0.00034337358737669075,0.11334673122629643,0.40741966348841013,0.43553250306851926,0.8495159963281063
327,adam,327,328,0.0011215790490093822,1,3.73617667779233e-08,3.0479220762103e-09,3.305727929914232e-08,1.0868730898121912e-05,1,1,,0,1.6912358883627297e-17,-0.06332366638520077,-1.4894253821901982,-1.3329920505742465,0.0014999966947066084,8.555390684944612e-05,0.00019329192113982235,0.0008125949474542629,5.502002224515437e-05,0.0003433775981509706,0.11334726721824807,0.4073987539372588,0.43553411533235004,0.8495184390534146
328,adam,328,329,0.0011103632585192883,1,3.73319277013168e-08,3.0416490015776826e-09,3.301512195871282e-08,1.0759706926276167e-05,1,1,,0,1.60526383910518e-17,-0.06329411577726214,-1.4893648401127193,-1.332989674311269,0.0014999283938922604,8.545327180340876e-05,0.0001932147191632066,0.0008126910034815782,5.497470907754332e-05,0.0003433815627498477,0.11334779658715609,0.4073780924655929,0.43553570543285336,0.8495208499511505
329,adam,329,330,0.0010992596259340954,1,3.7302445295280945e-08,3.0354551247782394e-09,3.297338791091415e-08,1.0651910050772706e-05,1,1,,0,1.6988101288013617e-17,-0.06326481627170048,-1.4893048390041859,-1.3329871935469428,0.0014998617610630768,8.535384740361648e-05,0.00019313840968404226,0.0008127860536896383,5.493007446417875e-05,0.00034338548180245013,0.11334831943166367,0.40735767535930467,0.43553727374021006,0.8495232295275014
330,adam,330,331,0.0010882670296747544,1,3.727331432650959e-08,3.0293392019559425e-09,3.293207239460395e-08,1.0545323527404365e-05,1,1,,0,1.6681207245461428e-17,-0.06323576596006596,-1.4892453741200382,-1.3329846119006001,0.0014997967568657008,8.525561595622802e-05,0.00019306298020726188,0.0008128801100391865,5.4886105671090025e-05,0.0003433893559274896,0.11334883584862687,0.40733749897614296,0.4355388206171554,0.849525578278827
331,adam,331,332,0.001077384359378007,1,3.724452965945187e-08,3.0233000140107717e-09,3.289117072008813e-08,1.0439930904462859e-05,1,1,,0,1.612222490612163e-17,-0.06320696294147965,-1.4891864407529967,-1.3329819328976886,0.0014997333429015425,8.515856009355857e-05,0.0001929884184593777,0.0008129731843208476,5.4842790254841465e-05,0.00034339318573345536,0.11334934593315316,0.40731755974377015,0.43554034641915484,0.8495278966918852
332,adam,332,333,0.0010666105157842267,1,3.721608625403675e-08,3.017336365669034e-09,3.285067825372064e-08,1.0335716016186224e-05,1,1,,0,1.7024974360794003e-17,-0.06317840532291043,-1.4891280342328999,-1.3329791599721537,0.0014996714817006732,8.506266276750363e-05,0.00019291471238357314,0.0008130652881593219,5.480011605525207e-05,0.0003433969718188305,0.11334984977863649,0.40729785415831476,0.43554185149457486,0.8495301852440515
333,adam,333,334,0.0010559444106263845,1,3.718797916341167e-08,3.0114470851585706e-09,3.281059042968499e-08,1.0232662976437739e-05,1,1,,0,1.676579423103767e-17,-0.06315009121933648,-1.4890701499266394,-1.3329762964687542,0.0014996111367001994,8.496790724153629e-05,0.00019284185013479743,0.0008131564330148666,5.475807118704202e-05,0.0003434007147722618,0.11335034747679823,0.40727837878254475,0.435543336184849,0.8495324444035335
334,adam,334,335,0.0010453849665201206,1,3.7160203531842404e-08,3.0056310235832853e-09,3.277090274185095e-08,1.0130756172533143e-05,1,1,,0,1.799331535052427e-17,-0.06312201875400276,-1.4890127832380515,-1.3329733456453143,0.0014995522722210872,8.487427708413027e-05,0.0001927698200752452,0.0008132466301871,5.4716644033609574e-05,0.0003434044151727846,0.11335083911771836,0.4072591302444388,0.4355448008246396,0.8495346746295788
335,adam,335,336,0.0010349311168549194,1,3.713275459256076e-08,2.9998870543419864e-09,3.273161074469962e-08,1.0029980259239972e-05,1,1,,0,1.5143614631251734e-17,-0.06309418605856623,-1.4889559296077768,-1.3329703106749171,0.0014994948534464547,8.47817561614544e-05,0.00019269861076966994,0.0008133358908171945,5.467582323914317e-05,0.00034340807358997094,0.11335132478987373,0.40724010523550397,0.43554624574199485,0.8495368763726785
336,adam,336,337,0.0010245818056863702,1,3.710562766577299e-08,2.9942140725914356e-09,3.269271005044094e-08,9.930320152932095e-06,1,1,,0,1.70964971515848e-17,-0.06306659127331218,-1.4888995845131447,-1.3329671946480375,0.0014994388463986175,8.469032863097617e-05,0.00019262821098108395,0.000813424225890792,5.463559770263036e-05,0.00034341169058420723,0.11335180458016654,0.4072213005095432,0.43554767125850175,0.8495390500747652
337,adam,337,338,0.0010143359876295065,1,3.707881815659783e-08,2.988610994925614e-09,3.2654196336032216e-08,9.831761025927851e-06,1,1,,0,1.580097382259569e-17,-0.06303923254723488,-1.4888437434679538,-1.332964000574618,0.001499384217920006,8.459997893465203e-05,0.00019255860966624637,0.0008135116462401605,5.4595956569976734e-05,0.0003434152667066892,0.11335227857396807,0.407202712880933,0.43554907768943507,0.8495411961694046
338,adam,338,339,0.0010041926277532115,1,3.7052321553233766e-08,2.9830767586566893e-09,3.261606533229271e-08,9.734288300928964e-06,1,1,,0,1.8300435449489753e-17,-0.0630121080383457,-1.4887884020224826,-1.3329607313860896,0.0014993309356495844,8.451069179280715e-05,0.00019248979597171837,0.0008135981625473662,5.455688922895499e-05,0.0003434188024998155,0.11335274685513817,0.4071843392232976,0.4355504653439023,0.8495433150819848
339,adam,339,340,0.0009941507014756793,1,3.702613342503502e-08,2.977610321360208e-09,3.257831282506771e-08,9.637887645638198e-06,1,1,,0,1.86789005766859e-17,-0.06298521591369373,-1.4887335557631673,-1.3329573899373388,0.001499278968005232,8.442245219803078e-05,0.00019242175922965424,0.0008136837853466956,5.451838530244904e-05,0.0003434222984972446,0.11335320950606476,0.40716617646824604,0.435551834524984,0.8495454072298979
340,adam,340,341,0.0009842091944609226,1,3.7000249420649125e-08,2.9722106605467085e-09,3.2540934660683686e-08,9.5425449675402e-06,1,1,,0,1.5624063038299774e-17,-0.06295855434954792,-1.4886792003125264,-1.3329539790086233,0.0014992282841620143,8.433524540884922e-05,0.00019235448895372608,0.0008137685250266466,5.4480434641752867e-05,0.00034342575522405036,0.11335366660769328,0.4071482216039318,0.43555318552987227,0.8495474730227195
341,adam,341,342,0.0009743671025163132,1,3.6974665266303474e-08,2.966876773018244e-09,3.250392673620608e-08,9.448246408769376e-06,1,1,,0,1.6834346912385925e-17,-0.06293212153153023,-1.4886253313289903,-1.332950501307437,0.0014991788540337058,8.424905694418031e-05,0.00019228797483541053,0.0008138523918331077,5.4443027321588955e-05,0.00034342917319696385,0.11335411823955527,0.40713047167375666,0.4355545186500034,0.849549512862381
342,adam,342,343,0.0009646234314911502,1,3.6949376764053526e-08,2.9616076745199157e-09,3.246728500286744e-08,9.354978341147323e-06,1,1,,0,1.628356467421458e-17,-0.06290591565476722,-1.4885719445067167,-1.3329469594703252,0.0014991306482541528,8.416387257760209e-05,0.00019222220674015145,0.0008139353958711592,5.4406153634178e-05,0.0003434325529244735,0.11335456447979785,0.40711292377520114,0.4355558341711883,0.84955152714334
343,adam,343,344,0.0009549771971762386,1,3.692437979007706e-08,2.9564023992310175e-09,3.2431005463519536e-08,9.262727361350331e-06,1,1,,0,1.7776449095989217e-17,-0.06287993492393014,-1.4885190355753906,-1.3329433560646538,0.001499083638158558,8.40796783317952e-05,0.00019215717470361877,0.0008140175471078173,5.4369804083182166e-05,0.0003434358949070232,0.11335500540521377,0.40709557505850164,0.4355571323737401,0.8495535162527449
344,adam,344,345,0.0009454274252044762,1,3.68996702930737e-08,2.9512599995224273e-09,3.239508417663782e-08,9.171480286195882e-06,1,1,,0,1.7228814982466163e-17,-0.06285417755341535,-1.488466600300086,-1.3329396935903322,0.0014990377957659201,8.399646047296613e-05,0.0001920928689282184,0.0008140988553738633,5.433396937884572e-05,0.00034343919963714114,0.11335544109126756,0.4070784227253968,0.43555841353259656,0.8495554805705957
345,adam,345,346,0.0009359731509524314,1,3.6875244292652037e-08,2.946179545304234e-09,3.2359517247346883e-08,9.081224148020772e-06,1,1,,0,1.708997009568471e-17,-0.0628286417674093,-1.488414634481029,-1.3329359744814917,0.0014989930937613224,8.391420550597256e-05,0.0001920292797795483,0.0008141793303666541,5.4298640432780735e-05,0.0003434424675996194,0.11335587161212332,0.40706146402825,0.43555967791744143,0.8495574204699007
346,adam,346,347,0.0009266134194429071,1,3.6851097877778746e-08,2.9411601237957965e-09,3.2324300833099105e-08,8.991946190229131e-06,1,1,,0,1.7058616112084973e-17,-0.06280332579998726,-1.488363133953463,-1.332932201108119,0.0014989495054788292,8.383290016876627e-05,0.00019196639778299416,0.0008142589816518614,5.4263808352476073e-05,0.0003434456992716279,0.11335629704067267,0.4070446962685466,0.43556092579282124,0.8495593363168293
347,adam,347,348,0.000917347285248478,1,3.6827227205258006e-08,2.936200838993544e-09,3.2289431138324524e-08,8.903633862919266e-06,1,1,,0,1.6474071501021154e-17,-0.06277822789519726,-1.488312094587399,-1.3329283757776498,0.0014989070048855504,8.375253142797452e-05,0.0001919042136203841,0.0008143378186659234,5.422946443652666e-05,0.0003434488951228999,0.1133567174485583,0.40702811679610684,0.43556215741826,0.8495612284708615
348,adam,348,349,0.0009081738123959933,1,3.680362849829706e-08,2.9313008114001327e-09,3.225490441501597e-08,8.816274818633797e-06,1,1,,0,1.5453018365392008e-17,-0.06275334630717282,-1.4882615122874754,-1.3329245007365191,0.0014988655665667083,8.367308647373465e-05,0.0001918427181268475,0.0008144158507181975,5.4195600170123816e-05,0.0003434520556158409,0.11335713290620122,0.4070117230077472,0.43556337304837023,0.849563097284932
349,adam,349,350,0.0008990920742720333,1,3.678029804503383e-08,2.926459177645842e-09,3.222071696443789e-08,8.729856908225669e-06,1,1,,0,1.5118719610560494e-17,-0.06272867930013981,-1.4882113829927262,-1.332920578171676,0.0014988251657074435,8.359455271475573e-05,0.00019178190228755638,0.000814493086992738,5.4162207219998675e-05,0.0003434551812056997,0.11335754348282463,0.40699551234646075,0.43556457293296186,0.8495649431055731
350,adam,350,351,0.000890101153529313,1,3.67572321971626e-08,2.9216750900054507e-09,3.2186865130652525e-08,8.644368176797147e-06,1,1,,0,1.7690556843204372e-17,-0.06270422514858343,-1.4881617026763605,-1.3329166102120547,0.0014987857780796574,8.351691777429128e-05,0.00019172175723470355,0.0008145695365506572,5.412927743009982e-05,0.0003434582723406658,0.11335794924647827,0.40697948230025527,0.4355657573171486,0.8495667662730518
351,adam,351,352,0.0008812001419940199,1,3.6734427368547507e-08,2.9169477161894677e-09,3.215334530585995e-08,8.55979685978946e-06,1,1,,0,1.739312525051024e-17,-0.0626799821371967,-1.4881124673456112,-1.3329125989300112,0.001498747380027073,8.344016948529617e-05,0.00019166227424443106,0.0008146452083317623,5.409680281673518e-05,0.00034346132946199727,0.1133583502640637,0.40696363040118766,0.43556692644145034,0.8495685671215052
352,adam,352,353,0.0008723881405740797,1,3.671188003397038e-08,2.9122762390166613e-09,3.212015392688311e-08,8.476131379127644e-06,1,1,,0,1.6371095321118593e-17,-0.06265594856105604,-1.4880636730414964,-1.3329085463427237,0.001498709948450291,8.336429588587872e-05,0.00019160344473409234,0.0008147201111570287,5.4064775565464636e-05,0.0003434643530042567,0.11335874660135264,0.4069479542244957,0.4355680805418945,0.8495703459790711
353,adam,353,354,0.0008636642591683388,1,3.668958672773474e-08,2.907659855874303e-09,3.2087287472451456e-08,8.393360339456113e-06,1,1,,0,1.6790845661833746e-17,-0.06263212272556758,-1.488015315838595,-1.3329044544135538,0.0014986734607930795,8.328928521575173e-05,0.0001915452602591219,0.0008147942537300152,5.403318802528186e-05,0.0003434673433952547,0.11335913832301667,0.4069324513875209,0.43556921985011404,0.8495721031680169
354,adam,354,355,0.0008550276165766554,1,3.666754404251112e-08,2.9030977786451055e-09,3.205474246646064e-08,8.311472524528468e-06,1,1,,0,1.6171941580818408e-17,-0.0626085029466273,-1.4879673918448946,-1.3329003250533795,0.0014986378950302987,8.321512591135182e-05,0.00019148771251051885,0.0008148676446388866,5.400203270605541e-05,0.00034347030105633255,0.11335952549264144,0.40691711954884285,0.4355703445934434,0.8495738390048636
355,adam,355,356,0.0008464773404108889,1,3.6645748628034705e-08,2.8985892331689373e-09,3.202251547225492e-08,8.230456893609093e-06,1,1,,0,1.8589160649649593e-17,-0.0625850875505651,-1.4879198972015477,-1.3328961601218874,0.0014986032296524796,8.314180660225894e-05,0.00019143079331192958,0.0008149402923586253,5.397130227351528e-05,0.0003434732264024039,0.11335990817275568,0.40690195640738264,0.43557145499501176,0.8495755538005085
356,adam,356,357,0.00083801256700678,1,3.6624197189957625e-08,2.894133459134607e-09,3.1990603098213974e-08,8.150302578019782e-06,1,1,,0,1.5847879765516258e-17,-0.06256187487423466,-1.487872828082617,-1.3328919614288381,0.0014985694436542838,8.306931610709918e-05,0.0001913744946171188,0.0008150122052521503,5.394098954609448e-05,0.00034347611984208786,0.11336028642484629,0.4068869597016102,0.435572551273834,0.8495772478603439
357,adam,357,358,0.0008296324413367123,1,3.6602886488668266e-08,2.8897297097205265e-09,3.195900199460653e-08,8.070998877736318e-06,1,1,,0,1.6675603324094805e-17,-0.06253886326504662,-1.4878261806949324,-1.3328877307352982,0.001498536516521718,8.299764342943276e-05,0.0001913188085073401,0.0008150833915725371,5.3911087490946514e-05,0.00034347898177783224,0.11336066030938227,0.40687212720857785,0.4355736336449002,0.8495789214843725
358,adam,358,359,0.000821336116923345,1,3.658181333817037e-08,2.885377251121187e-09,3.192770884665515e-08,7.99253525806829e-06,1,1,,0,1.8726516807865133e-17,-0.0625160510810023,-1.4877799512778558,-1.3328834697548364,0.00149850442822144,8.292677775483539e-05,0.00019126372718884877,0.0008151538594650114,5.388158922048934e-05,0.0003434818126060385,0.11336102988583277,0.4068574567431578,0.4355747023192618,0.8495805749673214
359,adam,359,360,0.0008131227557541116,1,3.656097460493295e-08,2.8810753625577245e-09,3.1896720385899636e-08,7.914901346463318e-06,1,1,,0,1.4886319917642136e-17,-0.06249343669069634,-1.4877341361030212,-1.332879180154698,0.0014984731591867289,8.285670844633643e-05,0.00019120924299032447,0.0008152236169677612,5.385248798826239e-05,0.00034348461271709263,0.11336139521269031,0.4068429461572153,0.43557575750411653,0.849582208598752
360,adam,360,361,0.0008049915281965705,1,3.654036720687665e-08,2.8768233357400844e-09,3.186603337762738e-08,7.838086929327894e-06,1,1,,0,1.838500881860449e-17,-0.06247101847337584,-1.4876887314741798,-1.3328748635569432,0.0014984426903078712,8.278742504165292e-05,0.00019115534836063744,0.0008152926720146568,5.382377718647297e-05,0.0003434873824955838,0.11336175634748472,0.406828593338807,0.4355767994028909,0.8495838226631678
361,adam,361,362,0.0007969416129146048,1,3.651998811227087e-08,2.872620474820811e-09,3.183564463032109e-08,7.762081948962533e-06,1,1,,0,1.5913784043484883e-17,-0.06244879481892996,-1.4876437337269648,-1.3328705215395606,0.001498413002920067,8.271891724880296e-05,0.0001911020358663687,0.0008153610324360593,5.379545034193823e-05,0.0003434901223203473,0.11336211334680628,0.40681439621149057,0.43557782821532065,0.8495854174401198
362,adam,362,363,0.0007889721967854587,1,3.649983433874363e-08,2.8684660959488777e-09,3.180555098742647e-08,7.686876500550378e-06,1,1,,0,1.7581553076594522e-17,-0.06242676412794559,-1.4875991392286445,-1.3328661556375505,0.0014983840787934242,8.265117494372302e-05,0.00019104929818961291,0.0008154287059609129,5.376750111322472e-05,0.00034349283256456594,0.11336246626632177,0.40680035273341625,0.4355788441375295,0.8495869932043092
363,adam,363,364,0.0007810824748176041,1,3.647990295225112e-08,2.8643595271340864e-09,3.1775749332318576e-08,7.612460829235241e-06,1,1,,0,1.4405901666942596e-17,-0.06240492481165598,-1.487554944377919,-1.3328617673439822,0.00149835590012148,8.258418816620413e-05,0.0001909971281256635,0.0008154957002181122,5.373992328734011e-05,0.0003434955135959046,0.11336281516079234,0.4067864608969198,0.4355798473621058,0.8495885502256871
364,adam,364,365,0.000773271650069428,1,3.6460191066109606e-08,2.8603001078709864e-09,3.174623658218616e-08,7.538825327250653e-06,1,1,,0,1.7769867421880925e-17,-0.062383275292016274,-1.487511145604725,-1.332857358111026,0.00149832844951189,8.251794711722571e-05,0.00019094551858084966,0.000815562022738146,5.371271077643273e-05,0.0003434981657765544,0.11336316008409396,0.4067727187273561,0.4355808380781775,0.8495900887695526
365,adam,365,366,0.0007655389335687338,1,3.6440695840058e-08,2.8562871890919447e-09,3.171700969476383e-08,7.465960531135918e-06,1,1,,0,1.9306589523943478e-17,-0.062361814001671845,-1.487467739369977,-1.3328529293509561,0.001498301709976497,8.245244215528885e-05,0.0001908944625704423,0.0008156276809544327,5.3685857615297373e-05,0.00034350078946337326,0.11336350108923042,0.4067591242828146,0.4355818164714851,0.8495916090966484
366,adam,366,367,0.0007578835442330464,1,3.642141447931793e-08,2.8523201328280928e-09,3.168806566403697e-08,7.393857118986932e-06,1,1,,0,1.6484752960379433e-17,-0.062340539383969176,-1.4874247221653594,-1.3328484824371332,0.0014982756649198467,8.238766379353995e-05,0.00019084395321654267,0.0008156926822048518,5.3659357958235463e-05,0.00034350338500794517,0.11336383822835323,0.4067456756532123,0.435582782724453,0.8495931114632539
367,adam,367,368,0.000750304708790716,1,3.640234423367293e-08,2.8483983117900374e-09,3.165940151466535e-08,7.322505907787015e-06,1,1,,0,1.6287068476932377e-17,-0.06231944989296831,-1.487382090513132,-1.332844018704957,0.0014982502981325827,8.232360269726299e-05,0.00019079398374601054,0.0008157570337335712,5.3633206075900254e-05,0.00034350595275672505,0.11336417155277626,0.40673237095969533,0.4355837370162591,0.8495945961212761
368,adam,368,369,0.0007428016617028088,1,3.638348239662038e-08,2.8445211093775873e-09,3.163101430679683e-08,7.251897850839341e-06,1,1,,0,1.6404329204609073e-17,-0.062298543993429274,-1.4873398409658702,-1.3328395394528019,0.0014982255937798846,8.226024968037946e-05,0.00019074454748857275,0.0008158207426922742,5.360739635330177e-05,0.0003435084930510774,0.11336450111299176,0.4067192083540405,0.4355846795229028,0.8495960633183383
369,adam,369,370,0.0007353736450857807,1,3.63648263044675e-08,2.8406879196171815e-09,3.1602901144299626e-08,7.182024035192404e-06,1,1,,0,1.5859846340227106e-17,-0.062277820160790434,-1.4872979701062545,-1.332835045942923,0.0014982015363936992,8.21975957022613e-05,0.00019069563787477546,0.000815883816140873,5.3581923286354754e-05,0.0003435110062273983,0.11336482695868727,0.4067061860180345,0.4355856104172714,0.8495975132978676
370,adam,370,371,0.0007280199086349228,1,3.6346373335520533e-08,2.836898146434861e-09,3.157505915348214e-08,7.1128756791304216e-06,1,1,,0,1.8447231668489668e-17,-0.06225727688119919,-1.487256474546869,-1.3328305394023425,0.0014981781108633397,8.213563186613533e-05,0.00019064724843417105,0.0008159462610501869,5.355678147985966e-05,0.00034351349261715344,0.1133651491387604,0.40669330216269517,0.43558652986920465,0.8495989462991786
371,adam,371,372,0.0007207397095485736,1,3.632812090923177e-08,2.833151203891738e-09,3.154748550128046e-08,7.044444129796107e-06,1,1,,0,1.8077046142977458e-17,-0.062236912651469044,-1.487215350929955,-1.3328260210237166,0.0014981553024285732,8.207434941513157e-05,0.00019059937279338507,0.000816008084302151,5.353196564443406e-05,0.00034351595254701226,0.11336546770133388,0.4066805550278831,0.43558743804555805,0.8496003625575572
372,adam,372,373,0.0007135323124530878,1,3.631006648542963e-08,2.829446515826221e-09,3.1520177386109236e-08,6.97672086078172e-06,1,1,,0,1.5552804387715626e-17,-0.062216725979063706,-1.487174595927189,-1.3328214919661732,0.0014981330966683522,8.201373973037377e-05,0.00019055200467439233,0.0008160692926919078,5.350747059464877e-05,0.00034351838633893693,0.11336578269376885,0.40666794288167674,0.43558833511026485,0.8496017623043407
373,adam,373,374,0.000706396989328557,1,3.6292207563496644e-08,2.8257835156138687e-09,3.1493132039068566e-08,6.909697469810595e-06,1,1,,0,1.8029769848113875e-17,-0.06219671538212313,-1.4871342062394899,-1.3328169533561391,0.0014981114794949838,8.195379432802484e-05,0.00019050513789264752,0.0008161298929286287,5.348329124599971e-05,0.00034352079431018684,0.11336609416268197,0.4066554640196938,0.4355892212243958,0.849603145766997
374,adam,374,375,0.0006993330194352714,1,3.627454168164055e-08,2.8221616461001013e-09,3.14663467255703e-08,6.843365676475694e-06,1,1,,0,1.7162053853098196e-17,-0.06217687938937575,-1.4870941785967438,-1.3328124062881397,0.0014980904371471283,8.189450485676077e-05,0.0001904587663554517,0.0008161898916369867,5.345942261304601e-05,0.00034352317677350126,0.11336640215395635,0.4066431167646487,0.43559009654621844,0.8496045131692018
375,adam,375,376,0.0006923396892409187,1,3.625706641611459e-08,2.8185803591389103e-09,3.1439818737317045e-08,6.777717320024442e-06,1,1,,0,1.5738532633322094e-17,-0.06215721654020868,-1.487054509757652,-1.3328078518255797,0.001498069956178842,8.18358630957465e-05,0.0001904128840601775,0.0008162492953586635,5.343585980682553e-05,0.00034352553403709744,0.11336670671275755,0.4066308994657428,0.4355909612312544,0.8496058647309139
376,adam,376,377,0.0006854162923485094,1,3.623977938051574e-08,2.8150391158306317e-09,3.141354540480068e-08,6.712744357177184e-06,1,1,,0,1.5521520589689157e-17,-0.06213772538454774,-1.4870151965094482,-1.332803291001507,0.0014980500234549016,8.177786095133353e-05,0.0001903674850926905,0.0008163081105531418,5.3412598032994324e-05,0.00034352786640479984,0.1133670078835461,0.40661881049823806,0.43559181543233555,0.8496072006684489
377,adam,377,378,0.0006785621294250244,1,3.6222678225043223e-08,2.8115373859178816e-09,3.138752408377166e-08,6.648438860031243e-06,1,1,,0,1.5535942690582917e-17,-0.06211840448290307,-1.4869762356677017,-1.332798724819359,0.0014980306261418608,8.172049045542552e-05,0.00019032256362565953,0.0008163663435991906,5.338963258920225e-05,0.0003435301741760778,0.11336730571009038,0.4066068482628006,0.43559265929965874,0.8496085211945509
378,adam,378,379,0.0006717765081307741,1,3.620576063581936e-08,2.8080746479713925e-09,3.1361752166633086e-08,6.5847930139706405e-06,1,1,,0,1.780787774291799e-17,-0.062099252406297045,-1.4869376240760879,-1.3327941542536823,0.0014980117517029853,8.166374376280276e-05,0.00019027811391702243,0.0008164240007959222,5.336695886331544e-05,0.00034353245764611823,0.11336760023548083,0.40659501118511837,0.4355934929808395,0.8496098265184634
379,adam,379,380,0.0006650587430494664,1,3.6189024334198625e-08,2.8046503889279033e-09,3.133622707240309e-08,6.521799115623458e-06,1,1,,0,1.6735761238411307e-17,-0.062080267736295186,-1.486899358606196,-1.3327895802508474,0.0014979933878879867,8.160761314890678e-05,0.00019023413030841397,0.000816481088363972,5.334457233119109e-05,0.00034353471710593024,0.11336789150214095,0.4065832977153334,0.43559431662096404,0.8496111168459972
380,adam,380,381,0.0006584081556189718,1,3.617246707611633e-08,2.801264103939013e-09,3.131094624624469e-08,6.45944957090781e-06,1,1,,0,1.8885824932125715e-17,-0.06206144906491321,-1.4868614361572803,-1.3327850037297335,0.0014979755227300477,8.155209100790669e-05,0.00019019060722369105,0.0008165376124472306,5.332246855493511e-05,0.0003435369528424126,0.11336817955183909,0.4065717063275829,0.4355951303626408,0.8496123923795981
381,adam,381,382,0.000651824074062782,1,3.6156086651416323e-08,2.797915296539493e-09,3.128590717101104e-08,6.397736893101622e-06,1,1,,0,1.6334786420313646e-17,-0.062042794994608234,-1.4868238536560345,-1.3327804255824054,0.001497958144535711,8.149716984974055e-05,0.0001901475391673958,0.0008165935791129191,5.330064318066143e-05,0.0003435391651383772,0.11336846442570349,0.40656023551963694,0.43559593434604965,0.8496136533184122
382,adam,382,383,0.0006453058333221542,1,3.6139880883241395e-08,2.794603478125183e-09,3.1261107354534344e-08,6.3366537009110475e-06,1,1,,0,1.5085166734708105e-17,-0.06202430413825054,-1.4867866080564036,-1.3327758466747703,0.0014979412418809723,8.14428422988458e-05,0.00019010492072337685,0.0008166489943534259,5.327909193677891e-05,0.00034354135427265835,0.11336874616423093,0.4065488838121927,0.43559672870899135,0.8496148998583506
383,adam,383,384,0.0006388527749889326,1,3.612384762738383e-08,2.7913281678684846e-09,3.123654433186177e-08,6.27619271662193e-06,1,1,,0,1.5183986756597125e-17,-0.06200597511909561,-1.4867496963393272,-1.3327712678472179,0.0014979248036038793,8.138910109164919e-05,0.0001900627465532997,0.0008167038640874427,5.325781063201731e-05,0.0003435435205201822,0.1133690248072997,0.4065376497487393,0.4355975135869348,0.8496161321921514
384,adam,384,385,0.0006324642472390434,1,3.610798477169577e-08,2.788088892709526e-09,3.1212215669511955e-08,6.216346764320919e-06,1,1,,0,1.746734208051506e-17,-0.061987806570724044,-1.486713115512554,-1.3327666899152466,0.0014979088187983707,8.13359390743141e-05,0.000190021011395308,0.0008167581941606251,5.323679515369304e-05,0.00034354566415201084,0.11336930039418057,0.4065265318948551,0.4355982891130635,0.8496173505094413
385,adam,385,386,0.0006261396047666528,1,3.609229023550922e-08,2.784885187113733e-09,3.118811896085319e-08,6.1571087680736744e-06,1,1,,0,1.8120949351384707e-17,-0.06196979713703123,-1.4866768626104236,-1.3327621136700731,0.0014978932768083544,8.128334920115012e-05,0.00018997971006270439,0.0008168119903469862,5.3216041466242597e-05,0.0003435477854354008,0.11336957296354863,0.4065155288379443,0.4355990554183211,0.8496185549967956
386,adam,386,387,0.0006198782087189864,1,3.6076761969018026e-08,2.78171659286912e-09,3.116425182691426e-08,6.098471750202987e-06,1,1,,0,1.6030645556839662e-17,-0.06195194547215302,-1.4866409346936218,-1.3327575398792284,0.0014978781672220793,8.123132453243755e-05,0.00018993883744252525,0.0008168652583497406,5.319554560885775e-05,0.00034354988463390694,0.11336984255349208,0.40650463918678337,0.43559981263145603,0.8496197458377966
387,adam,387,388,0.0006136794266317965,1,3.606139795273254e-08,2.778582659094826e-09,3.1140611917962605e-08,6.040428829608513e-06,1,1,,0,1.672911727818859e-17,-0.06193425024045661,-1.4866053288489733,-1.3327529692871383,0.0014978634798662148,8.117985823240163e-05,0.00018989838849430119,0.0008169180038023766,5.317530369426313e-05,0.0003435519620073715,0.11337010920152607,0.4064938615710286,0.4356005608790647,0.8496209232130915
388,adam,388,389,0.0006075426323654784,1,3.6046196196938966e-08,2.775482941751913e-09,3.1117196902722594e-08,5.982973220053669e-06,1,1,,0,1.5063222950338573e-17,-0.06191671011649078,-1.486570042189279,-1.33274840261569,0.0014978492048006097,8.112894356782947e-05,0.00018985835824882446,0.0008169702322701802,5.315531190726554e-05,0.00034355401781208854,0.1133703729445989,0.4064831946409824,0.43560130028563393,0.8496220873004471
389,adam,389,390,0.0006014672060418237,1,3.603115474112669e-08,2.772417004258747e-09,3.109400449389692e-08,5.926098228608859e-06,1,1,,0,1.6821851528070145e-17,-0.061899323784929995,-1.486535071852974,-1.3327438405647862,0.0014978353323127523,8.107857390476807e-05,0.00018981874180682657,0.0008170219492496841,5.313556650270574e-05,0.00034355605230074047,0.11337063381910678,0.4064726370671117,0.43560203097358247,0.8496232382748059
390,adam,390,391,0.0005954525339814055,1,3.601627165348514e-08,2.769384416301719e-09,3.107103241089888e-08,5.869797253965032e-06,1,1,,0,1.703451429677791e-17,-0.06188208994053896,-1.4865004150040992,-1.3327392838128844,0.001497821852910674,8.102874270901962e-05,0.00018977953433783407,0.0008170731601719205,5.311606380428265e-05,0.0003435580657225798,0.11337089186089913,0.40646218753960817,0.4356027530633013,0.8496243763083392
391,adam,391,392,0.0005894980086415914,1,3.600154503037514e-08,2.7663847545888287e-09,3.104827840984044e-08,5.8140637849563915e-06,1,1,,0,1.597888355240374e-17,-0.06186500728815202,-1.4864660688319333,-1.3327347330175223,0.0014978087573213551,8.097944354221764e-05,0.0001897407310789519,0.000817123870401602,5.309680020299483e-05,0.0003435600583234082,0.11337114710529159,0.40645184476813806,0.4356034666731939,0.8496255015704993
392,adam,392,393,0.0005836030285551755,1,3.5986972995806814e-08,2.7634176023335204e-09,3.1025740271265795e-08,5.758891398989878e-06,1,1,,0,1.775512198849839e-17,-0.06184807454257702,-1.4864320305508336,-1.3327301888158343,0.001497796036482546,8.093067006093659e-05,0.0001897023273336593,0.000817174085238449,5.307777215544572e-05,0.00034356203034563546,0.11337139958707387,0.4064416074814608,0.43560417191971407,0.8496266142280711
393,adam,393,394,0.0005777669982696237,1,3.597255370096432e-08,2.7604825491973874e-09,3.1003415800232365e-08,5.704273760543958e-06,1,1,,0,1.7198120530547105e-17,-0.06183129042857685,-1.486398297400063,-1.3327256518250508,0.0014977836815401606,8.088241601515447e-05,0.00018966431847072427,0.0008172238099185532,5.305897618255131e-05,0.00034356398202835486,0.11337164934052145,0.40643147442692484,0.43560486891740474,0.8496277144452217
394,adam,394,395,0.0005719893282869274,1,3.5958285323703506e-08,2.757579191155175e-09,3.098130282694051e-08,5.650204619720055e-06,1,1,,0,1.7663390214622453e-17,-0.06181465368082103,-1.486364866643494,-1.332721122642989,0.0014977716838400943,8.083467524598623e-05,0.00018962669992304224,0.0008172730496148586,5.304040886825667e-05,0.00034356591360738993,0.11337189639940165,0.4064214443703811,0.435605557778934,0.8496288023835501
395,adam,395,396,0.0005662694350040583,1,3.594416606810014e-08,2.7547071304708553e-09,3.09593992087737e-08,5.596677810789476e-06,1,1,,0,1.722212856303789e-17,-0.061798163043840844,-1.4863317355695038,-1.3327166018485301,0.001497760034928103,8.078744168434177e-05,0.00018958946718660333,0.000817321809438206,5.3022066858136637e-05,0.00034356782531536355,0.11337214079698393,0.4064115160956437,0.4356062386151322,0.8496298782021346
396,adam,396,397,0.0005606067406540177,1,3.593019416394834e-08,2.7518659752307928e-09,3.093770281892503e-08,5.5436872507950625e-06,1,1,,0,1.8221356071361483e-17,-0.06178181727197453,-1.486298901490687,-1.3327120900020846,0.001497748726540606,8.074070934965997e-05,0.00018955261581932428,0.0008173700944385594,5.3003946857804586e-05,0.00034356971738172266,0.11337238256604937,0.40640168840419666,0.43560691153502695,0.8496309420575805
397,adam,397,398,0.0005550006732474775,1,3.591636786636833e-08,2.749055339751027e-09,3.0916211561625535e-08,5.4912269381955445e-06,1,1,,0,1.6421674807281966e-17,-0.06176561512932739,-1.4862663617437297,-1.3327075876460501,0.0014977377506041768,8.069447234730805e-05,0.00018951614144016422,0.0008174179096054444,5.298604563238848e-05,0.0003435715900328593,0.1133726217388957,0.40639196011495776,0.43560757664587746,0.8496319941040648
398,adam,398,399,0.0005494506665150027,1,3.590268545526023e-08,2.7462748441489232e-09,3.089492336550099e-08,5.439290951485811e-06,1,1,,0,1.7247796660588822e-17,-0.06174955538967161,-1.4862341136890729,-1.3327030953052523,0.001497727099228438,8.064872486763058e-05,0.00018948003972783052,0.0008174652598682869,5.2968360003859444e-05,0.00034357344349198723,0.11337285834735396,0.4063823300638645,0.43560823405320875,0.8496330344933822
399,adam,399,400,0.0005439561598498526,1,3.588914523498083e-08,2.7435241142676117e-09,3.087383617925514e-08,5.387873447878255e-06,1,1,,0,1.7527172683051123e-17,-0.061733636836463796,-1.486202154710849,-1.3326986134873815,0.0014977167647029948,8.060346118440192e-05,0.00018944430642006856,0.0008175121500985793,5.2950886851433165e-05,0.0003435752779794137,0.11337309242278651,0.4063727971035855,0.4356088838608449,0.8496340633749888
400,adam,400,401,0.0005385165982513541,1,3.587574553384169e-08,2.7408027815917605e-09,3.085294797548275e-08,5.336968662019188e-06,1,1,,0,1.590906332977232e-17,-0.0617178582627644,-1.486170482216619,-1.3326941426834131,0.0014977067394931177,8.05586756530107e-05,0.00018940893731247662,0.0008175585851097035,5.2933623109290697e-05,0.00034357709371245264,0.1133733239961011,0.4063633601033168,0.43560952617094073,0.8496350808960448
401,adam,401,402,0.0005331314322688406,1,3.586248470372403e-08,2.7381104831891914e-09,3.083225675065477e-08,5.286570904727584e-06,1,1,,0,1.6605004037987004e-17,-0.06170221847116595,-1.4861390936371597,-1.3326896833680224,0.0014976970162351977,8.051436270900073e-05,0.0001893739282576248,0.0008176045696579834,5.29165657657856e-05,0.0003435788909054845,0.11337355309775896,0.4063540179483036,0.43561016108401435,0.8496360872014569
402,adam,402,403,0.0005278001179461521,1,3.584936111964113e-08,2.735446861473898e-09,3.0811760521184615e-08,5.236674561721859e-06,1,1,,0,1.5701352703964993e-17,-0.06168671627376716,-1.4861079864262714,-1.3326852359999866,0.0014976875877335213,8.047051686660783e-05,0.00018933927516403228,0.0008176501084435606,5.2899711862020275e-05,0.0003435806697700228,0.11337377975778039,0.40634476953970994,0.43561078869897746,0.8496370824339196
403,adam,403,404,0.0005225221167666907,1,3.5836373179386286e-08,2.732811564273139e-09,3.079145732723162e-08,5.187274092430107e-06,1,1,,0,1.6499077108917843e-17,-0.06167135049210615,-1.4860771580606114,-1.3326808010225797,0.0014976784469560266,8.042713271727868e-05,0.00018930497399536624,0.0008176952061111307,5.288305849133107e-05,0.0003435824305147797,0.11337400400575222,0.4063356137943032,0.43561140911316604,0.8496380667339548
404,adam,404,405,0.0005172968955990236,1,3.5823519303093574e-08,2.730204244806927e-09,3.077134523645298e-08,5.1383640287965694e-06,1,1,,0,1.8459087100122296e-17,-0.06165611995710072,-1.4860466060394328,-1.3326763788639564,0.001497669587029996,8.038420492758732e-05,0.00018927102076940773,0.0008177398672504005,5.286660279756088e-05,0.0003435841733456594,0.11337422587083797,0.4063265496441197,0.4356120224223695,0.8496390402399528
405,adam,405,406,0.0005121239266430334,1,3.581079793289251e-08,2.727624561023925e-09,3.0751422323518825e-08,5.089938974064541e-06,1,1,,0,1.7018799564046116e-17,-0.06164102350902802,-1.4860163278844742,-1.3326719699375258,0.001497661001239439,8.03417282395454e-05,0.00018923741155726188,0.0008177840963980047,5.2850341974506266e-05,0.000343585898465876,0.11337444538178042,0.4063175760362455,0.4356126287208605,0.8496400030882092
406,adam,406,407,0.0005070026873766031,1,3.5798207532483315e-08,2.7250721763406673e-09,3.0731686699268896e-08,5.041993601706296e-06,1,1,,0,1.647368826452075e-17,-0.06162605999740446,-1.4859863211396862,-1.3326675746423182,0.0014976526830204721,8.029969746671386e-05,0.00018920414248235507,0.0008178278980364198,5.28342732641811e-05,0.00034358760607588383,0.11337466256691599,0.40630869193249075,0.43561322810142256,0.8496409554129639
407,adam,407,408,0.0005019326605028371,1,3.57857465868371e-08,2.72254675895473e-09,3.071213648854319e-08,4.994522654237294e-06,1,1,,0,1.995398324515442e-17,-0.061611228281004904,-1.4859565833710673,-1.3326631933633455,0.0014976446259590106,8.02581074946141e-05,0.00018917120971975913,0.000817871276596216,5.28183939568831e-05,0.0003435892963735585,0.11337487745417288,0.4062998963092849,0.435613820655378,0.8496418973464377
408,adam,408,409,0.0004969133338978088,1,3.577341360177002e-08,2.7200479819849403e-09,3.069276983918327e-08,4.947520942128812e-06,1,1,,0,1.5889421753838623e-17,-0.06159652722774573,-1.4859271121664797,-1.3326588264719452,0.001497636823786692,8.021695327854979e-05,0.00018913860949517955,0.0008179142364560337,5.280270138907038e-05,0.0003435909695541106,0.11337509007108595,0.406291188157221,0.4356144064726157,0.8496428290188685
409,adam,409,410,0.0004919442005588306,1,3.576120710363353e-08,2.717575523256521e-09,3.0673584916719235e-08,4.9009833427400155e-06,1,1,,0,1.678799289933162e-17,-0.06158195571468115,-1.4858979051354664,-1.3326544743261246,0.0014976292703760062,8.017622984256211e-05,0.00018910633808424701,0.0008179567819437499,5.2787192943221656e-05,0.00034359262581023093,0.11337530044479727,0.40628256648095484,0.43561498564161666,0.849643750558547
410,adam,410,411,0.0004870247585532423,1,3.5749125638951285e-08,2.715129065391208e-09,3.0654579910200985e-08,4.854904799251885e-06,1,1,,0,1.7260098799562886e-17,-0.061567512627890814,-1.4858689599090236,-1.3326501372708914,0.001497621959739474,8.013593227773102e-05,0.00018907439181166573,0.0008179989173366025,5.277186604649558e-05,0.00034359426533204726,0.1133755086020675,0.4062740302988456,0.435615558249481,0.8496446620918516
411,adam,411,412,0.0004821545109677099,1,3.573716777407904e-08,2.7127082955260478e-09,3.0635753025184766e-08,4.8092803196153975e-06,1,1,,0,1.7880093893501742e-17,-0.06155319686247721,-1.4858402741394383,-1.332645815638581,0.0014976148860255541,8.009605574117009e-05,0.00018904276705041914,0.0008180406468625026,5.275671816991919e-05,0.0003435958883072125,0.1133757145692794,0.40626557864288015,0.4356161243819529,0.8496455637432822
412,adam,412,413,0.00047733296585803273,1,3.572533209488026e-08,2.710312905457296e-09,3.061710249148057e-08,4.764104975561063e-06,1,1,,0,1.9232976785739005e-17,-0.06153900732247425,-1.485811845500114,-1.3326415097491706,0.0014976080435154912,8.005659545418969e-05,0.0001890114602210148,0.0008180819747001313,5.27417468274092e-05,0.00034359749492093156,0.11337591837244489,0.40625721055823255,0.43561668412344545,0.8496464556354931
413,adam,413,414,0.00047255963619945244,1,3.571361720641106e-08,2.7079425912926478e-09,3.0598626553097746e-08,4.71937390155907e-06,1,1,,0,1.737565929625235e-17,-0.06152494292081784,-1.4857836716853716,-1.3326372199105916,0.001497601426619379,8.001754670182958e-05,0.00018898046779075096,0.0008181229049801416,5.272694957527921e-05,0.0003435990853560168,0.11337612003721084,0.4062489251032599,0.4356172375570655,0.849647337889327
414,adam,414,415,0.0004678340398374579,1,3.570202173256124e-08,2.7055970537146606e-09,3.0580323481082295e-08,4.675082293882232e-06,1,1,,0,1.5414021061042983e-17,-0.06151100257922126,-1.4857557504102188,-1.3326329464190305,0.0014975950298746366,7.99789048303603e-05,0.00018894978627286468,0.0008181634417850879,5.2712324010625675e-05,0.00034360065979286266,0.1133763195888678,0.4062407213491209,0.43561778476463714,0.8496482106238453
415,adam,415,416,0.00046315569943908335,1,3.569054431579692e-08,2.7032759974377826e-09,3.0562191554956185e-08,4.6312254096019905e-06,1,1,,0,1.7762177078276664e-17,-0.06149718522825491,-1.4857280794102758,-1.3326286895592234,0.0014975888479426098,7.994066524757178e-05,0.00018891941222594602,0.0008182035891512141,5.269786777129932e-05,0.00034360221840955073,0.1133765170523519,0.4062325983795204,0.4356183258267253,0.8496490739563609
416,adam,416,417,0.00045852414244469246,1,3.567918361681913e-08,2.700979131615173e-09,3.054422908165409e-08,4.587798565682672e-06,1,1,,0,1.7147621720345784e-17,-0.06148348980713234,-1.4857006564414859,-1.332624449604745,0.0014975828756048017,7.99028234200302e-05,0.00018888934225312748,0.0008182433510678814,5.268357853468979e-05,0.00034360376138188446,0.11337671245225327,0.40622455529073376,0.4356188608226585,0.8496499280024676
417,adam,417,418,0.0004539389010202456,1,3.566793831426871e-08,2.698706169367743e-09,3.05264343799018e-08,4.544797138035813e-06,1,1,,0,1.611074583237586e-17,-0.061469915263757696,-1.4856734792800081,-1.332620226818291,0.0014975771077621089,7.986537487277556e-05,0.00018885957300139358,0.0008182827314790227,5.266945401684132e-05,0.0003436052888833852,0.11337690581282062,0.40621659119110654,0.4356193898305514,0.8496507728760715
418,adam,418,419,0.0004493995120100431,1,3.56568071044349e-08,2.696456828190765e-09,3.0508805797262105e-08,4.502216560622888e-06,1,1,,0,1.919423599980126e-17,-0.06145646055460219,-1.4856465457219434,-1.3326160214519505,0.0014975715394300372,7.982831518739895e-05,0.00018883010116089782,0.000818321734282935,5.265549197187216e-05,0.0003436068010853059,0.11337709715796983,0.40620870520110897,0.4356199129273266,0.8496516086894189
419,adam,419,420,0.0004449055168899427,1,3.56457887009924e-08,2.6942308291980946e-09,3.0491341685210556e-08,4.460052324545485e-06,1,1,,0,1.585908391157033e-17,-0.06144312464474509,-1.485619853583324,-1.3326118337474773,0.0014975661657369397,7.97916400021392e-05,0.0001888009234643528,0.0008183603633341734,5.2641690191392855e-05,0.0003436082981567717,0.11337728651128307,0.40620089645290447,0.4356204301887364,0.8496524355531264
420,adam,420,421,0.0004404564617210432,1,3.5634881834661395e-08,2.6920278977521586e-09,3.0474040425079605e-08,4.418299977189197e-06,1,1,,0,1.6345857095368464e-17,-0.06142990650767384,-1.4855934006997513,-1.3326076639365487,0.0014975609819221694,7.975534500910393e-05,0.00018877203668621418,0.0008183986224425915,5.2628046503049036e-05,0.0003436097802646616,0.11337747389602293,0.4061931640902681,0.43562094168938353,0.8496532535762089
421,adam,421,422,0.0004360518971038328,1,3.562408525299516e-08,2.6898477629441092e-09,3.0456900409993024e-08,4.376955121363088e-06,1,1,,0,1.6220368808275546e-17,-0.061416805125362385,-1.485567184926337,-1.332603512241025,0.0014975559833323806,7.971942595417148e-05,0.00018874343764220032,0.0008184365153751962,5.261455877083506e-05,0.0003436112475738088,0.11337765933512907,0.4061855072685257,0.4356214475027418,0.8496540628661069
422,adam,422,423,0.0004316913781327945,1,3.561339772006e-08,2.687690157640989e-09,3.043992005025743e-08,4.33601341445348e-06,1,1,,0,1.563078732836424e-17,-0.06140381948812536,-1.4855412041375051,-1.3325993788731951,0.0014975511654192171,7.968387863589049e-05,0.00018871512318852456,0.0008184740458560385,5.2601224893302006e-05,0.00034361270024687907,0.11337784285123054,0.4061779251539986,0.43562194770117646,0.8496548635287138
423,adam,423,424,0.0004273744643514665,1,3.560281801621763e-08,2.6855548185479833e-09,3.04230977757589e-08,4.295470567603284e-06,1,1,,0,1.9423169454383994e-17,-0.061390948594603784,-1.4855154562268047,-1.3325952640360237,0.0014975465237385564,7.964869890389394e-05,0.00018868709022139705,0.0008185112175670943,5.258804280402859e-05,0.00034361413844453004,0.11337802446664429,0.40617041692423506,0.43562244235596387,0.8496556556684024
424,adam,424,425,0.0004231007197079519,1,3.5592344937805725e-08,2.6834414859417483e-09,3.040643203114418e-08,4.25532234489542e-06,1,1,,0,1.839147979216364e-17,-0.06137819145168184,-1.4854899391067482,-1.3325911679233888,0.0014975420539453323,7.961388265827068e-05,0.00018865933567625463,0.0008185480341485832,5.257501046977529e-05,0.00034361556232535265,0.11337820420338651,0.4061629817675858,0.43562293153731074,0.8496564393880515
425,adam,425,426,0.00041886971251087234,1,3.558197729692311e-08,2.6813499037721587e-09,3.038992127935741e-08,4.215564562568007e-06,1,1,,0,1.8191629362750434e-17,-0.061365547074458925,-1.4854646507086349,-1.332587090720314,0.001497537751794089,7.957942584840139e-05,0.0001886318565272661,0.0008185844991996204,5.256212589052628e-05,0.00034361697204592263,0.11337838208317358,0.40615561888304874,0.43562341531437343,0.8496572147890705
426,adam,426,427,0.0004146810153857636,1,3.557171392116579e-08,2.6792798195569177e-09,3.0373564000748365e-08,4.17619308821224e-06,1,1,,0,1.6491869028402024e-17,-0.06135301448615837,-1.4854395889823893,-1.3325830326031958,0.0014975336131349756,7.954532447195744e-05,0.00018860464978670538,0.0008186206162786733,5.2549387098645315e-05,0.0003436183677608313,0.11337855812742974,0.40614832748012386,0.43562389375527616,0.8496579819714255
427,adam,427,428,0.00041053420523190596,1,3.556155365338701e-08,2.677230984195944e-09,3.035735868807836e-08,4.137203840031828e-06,1,1,,0,1.633141615709639e-17,-0.061340592718092044,-1.4854147518963887,-1.3325789937400256,0.0014975296339112703,7.951157457408844e-05,0.0001885777125043864,0.0008186563889045175,5.25367921583628e-05,0.00034361974962276797,0.11337873235728724,0.40614110677869986,0.43562436692712936,0.8496587410336626
428,adam,428,429,0.0004064288631795869,1,3.5551495351470095e-08,2.675203152235724e-09,3.034130385724587e-08,4.0985927860710795e-06,1,1,,0,1.5976722497220185e-17,-0.06132828080961439,-1.4853901374373422,-1.332574974290606,0.0014975258101593255,7.947817224628993e-05,0.00018855104176713025,0.0008186918205560116,5.252433916527648e-05,0.0003436211177825072,0.11337890479359446,0.4061339560088107,0.4356248348960474,0.8496594920729331
429,adam,429,430,0.000402364574547791,1,3.5541537888038245e-08,2.6731960812379553e-09,3.032539802892135e-08,4.060355943475319e-06,1,1,,0,1.759055878916516e-17,-0.06131607780804396,-1.485365743610044,-1.3325709744067633,0.0014975221380049367,7.944511362607947e-05,0.0001885246346980634,0.000818726914673497,5.251202624503844e-05,0.0003436224723888691,0.1133790754569217,0.4061268744103988,0.4356252977271663,0.8496602351850165
430,adam,430,431,0.0003983409288023131,1,3.553168015027682e-08,2.671209532507217e-09,3.030963975371813e-08,4.022489377793635e-06,1,1,,0,1.4970888175549788e-17,-0.06130398276857281,-1.4853415684372508,-1.3325669942325533,0.0014975186136614194,7.941239489512527e-05,0.00018849848845621235,0.0008187616746581347,5.24998515535702e-05,0.0003436238135888482,0.11337924436756401,0.4061198612333976,0.4356257554846607,0.8496609704643435
431,adam,431,432,0.00039435751951429,1,3.552192103971198e-08,2.6692432703010884e-09,3.0294027586059554e-08,3.984989202217772e-06,1,1,,0,1.6712573347460298e-17,-0.06129199475430671,-1.4853176099595604,-1.3325630339044634,0.001497515233427528,7.938001227962788e-05,0.0001884726002359812,0.0008187961038739447,5.248781327654801e-05,0.0003436251415276738,0.11337941154554078,0.406112915737414,0.43562620823176035,0.849661698004019
432,adam,432,433,0.0003904139443191471,1,3.551225947191799e-08,2.6672970622117075e-09,3.0278560101628967e-08,3.947851576926716e-06,1,1,,0,1.6015791556907077e-17,-0.06128011283612617,-1.4852938662351876,-1.3325590935516096,0.0014975119936858465,7.934796204884135e-05,0.00018844696726643808,0.0008188302056468682,5.247590962777096e-05,0.0003436264563486414,0.11337957701061124,0.4061060371914016,0.4356266560307671,0.8496624178958438
433,adam,433,434,0.0003865098048759556,1,3.5502694376370506e-08,2.6653706789193915e-09,3.026323588883109e-08,3.911072708371062e-06,1,1,,0,1.6705659209666744e-17,-0.06126833609264422,-1.485270335339844,-1.3325551732959293,0.0014975088909023326,7.931624051443986e-05,0.00018842158681098753,0.000818863983266077,5.2464138849790306e-05,0.0003436277581933861,0.11337974078226676,0.4060992248739234,0.43562709894307045,0.8496631302303371
434,adam,434,435,0.000382644706827196,1,3.549322469620532e-08,2.663463894224061e-09,3.024805355078287e-08,3.874648848620049e-06,1,1,,0,1.8444373969713452e-17,-0.06125666361018593,-1.4852470153665789,-1.3325512732523683,0.0014975059216205205,7.928484403026252e-05,0.00018839645616679026,0.0008188974399843036,5.2452499212882206e-05,0.00034362904720172124,0.11337990287974285,0.40609247807265964,0.4356275370291637,0.8496638350967572
435,adam,435,436,0.00037881825975892406,1,3.548384938799515e-08,2.6615764851259087e-09,3.023301171124269e-08,3.838576294681745e-06,1,1,,0,1.6281213500933208e-17,-0.06124509448266132,-1.48522390442557,-1.3325473935290673,0.001497503082464243,7.92537689906318e-05,0.00018837157266422965,0.0008189305790177369,5.244098901440287e-05,0.00034363032351174017,0.11338006332202037,0.4060857960843462,0.4356279703486593,0.8496645325831226
436,adam,436,437,0.0003750300771613349,1,3.5474567421561643e-08,2.6597082314380943e-09,3.021810900183253e-08,3.8028513878531735e-06,1,1,,0,1.6694048129071433e-17,-0.06123362781160305,-1.4852010006440617,-1.3325435342275367,0.0014975003701333093,7.922301183104706e-05,0.00018834693366646997,0.0008189634035475551,5.242960657851341e-05,0.0003436315872598514,0.11338022212783017,0.40607917821473966,0.4356283989603039,0.8496652227762326
437,adam,437,438,0.0003712797763897215,1,3.54653777797599e-08,2.6578589158652115e-09,3.020334406674031e-08,3.767470513091416e-06,1,1,,0,1.618205639032276e-17,-0.06122226270605726,-1.4851783021661737,-1.3325396954428341,0.001497497781401884,7.919256902711156e-05,0.00018832253656894042,0.0008189959167197532,5.241835025551645e-05,0.0003436328385807906,0.11338037931565514,0.40607262377833425,0.4356288229219933,0.8496659057616875
438,adam,438,439,0.00036756697862582425,1,3.5456279458286034e-08,2.656028324324492e-09,3.018871557509686e-08,3.732430098375614e-06,1,1,,0,1.7308757340359423e-17,-0.061210998282495835,-1.4851558071526725,-1.332535877263738,0.0014974953131174148,7.916243709296707e-05,0.00018829837879887876,0.0008190281216450464,5.240721842148347e-05,0.0003436340776076167,0.11338053490373785,0.4060661320983256,0.435629242290787,0.8496665816239083
439,adam,439,440,0.00036389130883956604,1,3.544727146548262e-08,2.6542162453126045e-09,3.017422220007562e-08,3.6977266140951696e-06,1,1,,0,1.6508449518798987e-17,-0.06119983366482254,-1.4851335137809298,-1.3325320797729083,0.001497492962199332,7.913261258273276e-05,0.00018827445781486828,0.0008190600214006352,5.2396209477772345e-05,0.0003436353044717866,0.1133806889100801,0.40605970250648793,0.4356296571229225,0.8496672504461559
440,adam,440,441,0.00036025239575117037,1,3.543835282213078e-08,2.652422470228979e-09,3.015986263296777e-08,3.6633565724341543e-06,1,1,,0,1.7210566714047224e-17,-0.06118876798430248,-1.4851114202447364,-1.3325283030470565,0.0014974907256364944,7.91030920881791e-05,0.0001882507711063378,0.0008190916190294125,5.238532185029158e-05,0.00034363651930313427,0.11338084135245015,0.4060533343428533,0.43563006747382926,0.8496679123105499
441,adam,441,442,0.00035664987179365865,1,3.5429522561288646e-08,2.6506467932233703e-09,3.014563557730348e-08,3.6293165267944044e-06,1,1,,0,1.858574808356182e-17,-0.061177800379482145,-1.485089524754131,-1.3325245471571,0.0014974886004858897,7.907387223978331e-05,0.0001882273161931834,0.0008191229175411805,5.237455398944656e-05,0.0003436377222299033,0.11338099224838424,0.4060470269558493,0.4356304733981422,0.8496685672980882
442,adam,442,443,0.00035308337307572203,1,3.542077972808342e-08,2.648889011224086e-09,3.013153975266576e-08,3.5956030711880775e-06,1,1,,0,1.6686474638068527e-17,-0.06116692999615088,-1.4850678255352567,-1.3325208121683196,0.001497486583871866,7.904494970491826e-05,0.00018820409062526622,0.0008191539199125511,5.23639043694568e-05,0.00034363891337879556,0.11338114161519064,0.40604077970197516,0.43563087494971575,0.8496692154886639
443,adam,443,444,0.00034955253934496484,1,3.541212337954097e-08,2.647148923811265e-09,3.011757389104749e-08,3.5622128396758608e-06,1,1,,0,1.6927768863126505e-17,-0.061156155987282926,-1.4850463208302558,-1.3325170981405114,0.0014974846729839742,7.901632118845263e-05,0.00018818109198200802,0.0008191846290877592,5.235337148795365e-05,0.00034364009287498075,0.1133812894699529,0.4060345919458287,0.43563127218163616,0.8496698569610842
444,adam,444,445,0.0003460570139515152,1,3.5403552584396757e-08,2.6454263330978204e-09,3.010373673488777e-08,3.5291425057879106e-06,1,1,,0,1.8145320043013335e-17,-0.061145477512994185,-1.4850250088970753,-1.3325134051281349,0.0014974828650751188,7.898798343230993e-05,0.00018815831787193665,0.00081921504797885,5.234295386538305e-05,0.00034364126084208415,0.11338143582953598,0.406028463059771,0.43563166514623525,0.8496704917930876
445,adam,445,446,0.00034259644381200003,1,3.5395066422939216e-08,2.643721043984052e-09,3.0090027045331475e-08,3.496388781992624e-06,1,1,,0,1.723629394671476e-17,-0.061134893740481866,-1.485003888009357,-1.3325097331804578,0.0014974811574610253,7.895993321430126e-05,0.00018813576593231605,0.0008192451794660061,5.233265004497296e-05,0.0003436424174022682,0.11338158071058389,0.4060223924240487,0.43563205389510246,0.8496711200613614
446,adam,446,447,0.00033917047937388,1,3.538666398681516e-08,2.6420328636863607e-09,3.0076443589459436e-08,3.463948419127339e-06,1,1,,0,1.703452273494177e-17,-0.0611244038439438,-1.4849829564562713,-1.332506082341698,0.0014974795475180792,7.893216734909356e-05,0.00018811343382867465,0.0008192750263984898,5.232245859195318e-05,0.00034364356267621034,0.11338172412952906,0.40601637942656554,0.4356324384790979,0.849671741841558
447,adam,447,448,0.00033577877458014125,1,3.537834437888494e-08,2.640361602194914e-09,3.006298515524184e-08,3.431818205870448e-06,1,1,,0,1.6661617039768176e-17,-0.061114007004581666,-1.4849622125424013,-1.332502452651162,0.0014974780326834942,7.890468268652064e-05,0.00018809131925446465,0.0008193045915940245,5.23123780933616e-05,0.00034364469678312484,0.11338186610259256,0.40601042346262867,0.43563281894836364,0.8496723572083126
448,adam,448,449,0.0003324209868343398,1,3.537010671302958e-08,2.638707071748532e-09,3.004965053667882e-08,3.3999949682101404e-06,1,1,,0,1.788769450773233e-17,-0.06110370241049303,-1.484941654587583,-1.3324988441433783,0.0014974766104515179,7.887747611236755e-05,0.0001880694199305926,0.000819333877840237,5.230240715748534e-05,0.0003436458198408111,0.11338200664578711,0.4060045239351318,0.4356331953523367,0.8496729662352581
449,adam,449,450,0.0003290967769659964,1,3.536195011401675e-08,2.63706908716504e-09,3.0036438544516876e-08,3.368475568927696e-06,1,1,,0,1.7069087819839325e-17,-0.061093489256628344,-1.4849212809267691,-1.3324952568482316,0.001497475278373293,7.88505445475684e-05,0.00018804773360510556,0.0008193628878943318,5.2292544413700116e-05,0.000343646931965661,0.1133821457749209,0.40599868025422287,0.43563356773975986,0.8496735689950424
450,adam,450,451,0.00032580580919633643,1,3.5353873717308445e-08,2.635447465522038e-09,3.00233479977523e-08,3.3372569070929075e-06,1,1,,0,1.7014016139821544e-17,-0.061083366744788745,-1.4849010899099242,-1.3324916907910889,0.0014974740340570967,7.8823884948163e-05,0.00018802625805272103,0.0008193916244840272,5.2282788511744294e-05,0.00034364803327266273,0.11338228350560176,0.40599289183723447,0.43563393615869395,0.8496741655593433
451,adam,451,452,0.00032254775110437305,1,3.5345876668940966e-08,2.633842026321611e-09,3.001037772950546e-08,3.3063359175551447e-06,1,1,,0,1.7181115664018853e-17,-0.061073334083512176,-1.4848810799018497,-1.3324881459929288,0.0014974728751648604,7.879749430488912e-05,0.00018800499107454825,0.0008194200903073792,5.2273138121821644e-05,0.0003436491238754397,0.11338241985323823,0.40598715810859126,0.4356343006565283,0.8496747559988839
452,adam,452,453,0.00031932227359332934,1,3.533795812533281e-08,2.6322525915243157e-09,2.999752659007444e-08,3.2757095704556068e-06,1,1,,0,1.5903785129452e-17,-0.061063390488008164,-1.4848612492820172,-1.33248462247046,0.0014974717994116378,7.877136964256213e-05,0.00018798393049761678,0.0008194482880330896,5.226359193372958e-05,0.0003436502038862466,0.11338255483304395,0.4059814784997858,0.43563466127999256,0.8496753403834482
453,adam,453,454,0.00031612905085739605,1,3.533011725316999e-08,2.6306789852038402e-09,2.998479343563217e-08,3.245374870734262e-06,1,1,,0,1.7489072695456127e-17,-0.061053535180200055,-1.4848415964445496,-1.3324811202362443,0.001497470804565149,7.874550802074894e-05,0.00018796307417461014,0.0008194762203016281,5.2254148656977805e-05,0.0003436512734160495,0.11338268846003906,0.4059758524491212,0.4356350180751671,0.8496759187818954
454,adam,454,455,0.0003129677603488221,1,3.532235322922513e-08,2.6291210336258126e-09,2.997217713195024e-08,3.215328857654062e-06,1,1,,0,1.6603304325848213e-17,-0.06104376738858717,-1.4848221197979952,-1.332477639298813,0.0014974698884436168,7.87199065331537e-05,0.00018794241998342239,0.0008195038897251827,5.224480702004814e-05,0.00034365233257445876,0.11338282074905508,0.4059702794017019,0.4356353710874936,0.8496764912621748
455,adam,455,456,0.00030983808274533386,1,3.53146652402199e-08,2.627578565473137e-09,2.9959676564139415e-08,3.1855686043528367e-06,1,1,,0,1.555272731951547e-17,-0.061034086348191526,-1.4848028177651713,-1.33247417966278,0.0014974690489158579,7.869456230657347e-05,0.00018792196582682904,0.0008195312988873829,5.223556577020609e-05,0.00034365338146977767,0.11338295171473765,0.40596475880935823,0.4356357203617859,0.84967705789134
456,adam,456,457,0.00030673970191788053,1,3.530705248269988e-08,2.6260514114455927e-09,2.994729062268443e-08,3.1560912173535308e-06,1,1,,0,1.6861148002364424e-17,-0.061024491300580554,-1.4847836887831676,-1.332470741328956,0.0014974682838985705,7.866947250201576e-05,0.0001879017096321901,0.0008195584503446903,5.2226423673252356e-05,0.0003436544202090766,0.1133830813715459,0.4059592901304508,0.43563606594223997,0.8496776187355629
457,adam,457,458,0.0003036723048987017,1,3.5299514162868636e-08,2.6245394044884242e-09,2.993501821314686e-08,3.1268938361323334e-06,1,1,,0,1.7102770994654082e-17,-0.061014981493744694,-1.4847647313030676,-1.332467324294455,0.001497467591356427,7.86446343132303e-05,0.00018788164935104395,0.0008195853466259315,5.221737951308581e-05,0.0003436554488981381,0.11338320973376037,0.40595387282986806,0.4356364078724436,0.8496781738601472
458,adam,458,459,0.0003006355818497147,1,3.5292049496463e-08,2.6230423796321597e-09,2.9922858250858896e-08,3.097973632656583e-06,1,1,,0,1.7865911547925423e-17,-0.06100555618206955,-1.484745943789901,-1.3324639285528017,0.0014974669693007603,7.862004496736875e-05,0.0001878617829588099,0.0008196119902332237,5.2208432091447636e-05,0.0003436564676415089,0.11338333681548082,0.4059485063789132,0.43563674619538717,0.8496787233295426
459,adam,459,460,0.00029762922603121755,1,3.528465770861326e-08,2.621560173971131e-09,2.9910809662193825e-08,3.0693278109611663e-06,1,1,,0,1.6729894340949565e-17,-0.06099621462629538,-1.4847273247225217,-1.3324605540940373,0.0014974664157887982,7.859570172415578e-05,0.00018784210845444973,0.0008196383836417027,5.219958022757232e-05,0.0003436574765424895,0.11338346263063302,0.40594319025515946,0.4356370809534724,0.8496792672073572
460,adam,460,461,0.00029465293377090534,1,3.527733803370206e-08,2.620092626642372e-09,2.9898871384393164e-08,3.0409536067013956e-06,1,1,,0,1.5116225633189872e-17,-0.06098695609346113,-1.484708872593454,-1.3324572009048175,0.0014974659289220438,7.857160187606763e-05,0.00018782262386012516,0.0008196645293004208,5.219082275776281e-05,0.0003436584757031982,0.11338358719296802,0.40593792394239453,0.4356374121885223,0.8496798055563712
461,adam,461,462,0.0002917064044331963,1,3.5270089715255614e-08,2.6186395788543778e-09,2.988704236642424e-08,3.012848286746997e-06,1,1,,0,1.6269402978609566e-17,-0.060977779856828625,-1.4846905859087598,-1.3324538689685135,0.0014974655068451961,7.854774274767855e-05,0.0001878033272209404,0.0008196904296323993,5.2182158535532835e-05,0.00034365946522457676,0.11338371051606606,0.40593270693061806,0.43563773994179045,0.8496803384385495
462,adam,462,463,0.00028878934038886436,1,3.5262912005776e-08,2.6172008737652037e-09,2.987532156769733e-08,2.985009148756159e-06,1,1,,0,1.7131842474034408e-17,-0.060968685195888044,-1.4846724631879464,-1.3324505582653112,0.0014974651477460824,7.852412169567297e-05,0.00018778421660452723,0.0008197160870347701,5.217358643060951e-05,0.0003436604452063211,0.11338383261334095,0.4059275387156983,0.43563806425397017,0.849680865915054
463,adam,463,464,0.0002859014469849757,1,3.525580416664514e-08,2.6157763564921828e-09,2.9863707957934115e-08,2.957433520747256e-06,1,1,,0,1.7466033315589805e-17,-0.0609596713962633,-1.4846545029638392,-1.3324472687723017,0.0014974648498545001,7.850073610860344e-05,0.00018776529010082013,0.0008197415038794215,5.216510532917592e-05,0.0003436614157470167,0.11338395349803895,0.4059224187995857,0.4356383851652033,0.849681388046256
464,adam,464,465,0.00028304243251512593,1,3.524876546799851e-08,2.6143658741101173e-09,2.9852200518176024e-08,2.9301187607316975e-06,1,1,,0,1.7578691618836328e-17,-0.0609507377496673,-1.484636703782446,-1.332444000463575,0.0014974646114399768,7.84775834062888e-05,0.0001877465458217501,0.0008197666825131019,5.215671413356895e-05,0.00034366237694412506,0.1133840731832427,0.40591734669006374,0.435638702715089,0.8496819048917491
465,adam,465,466,0.0002802120081899747,1,3.524179518857806e-08,2.6129692755092605e-09,2.984079823714063e-08,2.9030622562905426e-06,1,1,,0,1.6133137157362727e-17,-0.06094188355387309,-1.4846190642028294,-1.332440753310312,0.0014974644308128652,7.845466104011202e-05,0.0001877279819008825,0.0008197916252579134,5.2148411761663865e-05,0.000343663328893925,0.11338419168187554,0.40591232190067533,0.43563901694269275,0.8496824165103597
466,adam,466,467,0.00027740988810807493,1,3.523489261564041e-08,2.6115864116031803e-09,2.9829500118690746e-08,2.8762614241840155e-06,1,1,,0,1.7570888040221616e-17,-0.06093310811266034,-1.4846015827970283,-1.3324375272808702,0.0014974643063218674,7.843196649198902e-05,0.0001877095964932012,0.0008198163344111507,5.2140197146986106e-05,0.0003436642716916066,0.11338430900670021,0.405907343950693,0.43563932788655446,0.8496829229601597
467,adam,467,468,0.0002746357892269942,1,3.5228057044813513e-08,2.6102171350214623e-09,2.9818305172849994e-08,2.8497137099745056e-06,1,1,,0,1.631070637752068e-17,-0.06092441073573557,-1.4845842581498871,-1.3324343223408703,0.001497464236354272,7.840949727476297e-05,0.00018769138777475518,0.0008198408122462359,5.2132069238123307e-05,0.00034366520543127117,0.1133844251703246,0.40590241236499786,0.4356396355846969,0.8496834242984777
468,adam,468,469,0.0002718894313347242,1,3.522128778000321e-08,2.608861300281585e-09,2.9807212421590716e-08,2.8234165876511253e-06,1,1,,0,1.6531826523127377e-17,-0.06091579073875228,-1.4845670888589928,-1.3324311384532814,0.001497464219334493,7.838725093156851e-05,0.00018767335394243693,0.0008198650610125663,5.212402699878424e-05,0.0003436661302059361,0.11338454018520097,0.4058975266739917,0.43563994007463386,0.8496839205819101
469,adam,469,470,0.000269170537021377,1,3.521458413325652e-08,2.607518763658755e-09,2.9796220896098146e-08,2.7973675592421187e-06,1,1,,0,1.519262390909901e-17,-0.06090724744317879,-1.484550073534508,-1.332427975578501,0.0014974642537229086,7.836522503548038e-05,0.0001876554932136454,0.0008198890829358809,5.211606940724217e-05,0.00034366704610752673,0.11338465406363113,0.4058926864135493,0.43564024139337826,0.8496844118663327
470,adam,470,471,0.0002664788316511632,1,3.520794542465753e-08,2.6061893831368974e-09,2.978532963561921e-08,2.7715641544654036e-06,1,1,,0,1.5325434583159676e-17,-0.060898780176313505,-1.4845332107991043,-1.3324248336744362,0.0014974643380164907,7.834341718962228e-05,0.00018763780382603483,0.0008199128802186852,5.2108195456209306e-05,0.0003436679532269339,0.1133847668177664,0.40588789112495466,0.4356405395774499,0.8496848982069104
471,adam,471,472,0.0002638140433346516,1,3.520137098221668e-08,2.6048730185518906e-09,2.977453769277121e-08,2.7460039303647973e-06,1,1,,0,1.6519451431435942e-17,-0.06089038827122512,-1.4845164992878075,-1.332421712696581,0.0014974644707465641,7.832182502618125e-05,0.0001876202840372455,0.0008199364550402986,5.2100404152561684e-05,0.0003436688516539926,0.11338487845961086,0.40588314035473694,0.43564083466288334,0.8496853796581094
472,adam,472,473,0.00026117590290130504,1,3.519486014177519e-08,2.6035695314680327e-09,2.976384412971915e-08,2.7206844709312143e-06,1,1,,0,1.6443859171774283e-17,-0.06088207106668321,-1.4844999376479129,-1.3324186125980944,0.0014974646504781108,7.830044620648901e-05,0.00018760293212467441,0.000819959809557215,5.209269451740931e-05,0.0003436697414775261,0.11338498900102259,0.40587843365475396,0.4356411266852352,0.8496858562737065
473,adam,473,474,0.00025856414387229204,1,3.518841224686214e-08,2.6022787849579946e-09,2.9753248013422218e-08,2.6956033867911536e-06,1,1,,0,1.3937898998421908e-17,-0.060873827907127954,-1.484483524538855,-1.3324155333298717,0.001497464875809935,7.827927842107499e-05,0.00018758574638511887,0.0008199829459036223,5.208506558517567e-05,0.0003436706227853394,0.11338509845371689,0.4058737705819508,0.435641415679592,0.8496863281067999
474,adam,474,475,0.0002559785024335691,1,3.518202664863339e-08,2.601000643926553e-09,2.974274842429541e-08,2.67075831483251e-06,1,1,,0,1.6373643016709266e-17,-0.060865658142647015,-1.4844672586321368,-1.3324124748406203,0.001497465145373815,7.825831938856183e-05,0.00018756872513463804,0.0008200058661913585,5.2077516404144635e-05,0.00034367149566423257,0.11338520682926659,0.40586915069837803,0.43564170168057725,0.8496867952098194
475,adam,475,476,0.0002534187174092334,1,3.517570270571821e-08,2.5997349748597247e-09,2.9732344451584626e-08,2.6461469178805613e-06,1,1,,0,1.5383999270723063e-17,-0.060857561128874554,-1.4844511386111388,-1.332409437076928,0.0014974654578328813,7.823756685573227e-05,0.00018755186670816747,0.0008200285725100588,5.207004603548934e-05,0.000343672360199997,0.11338531413910789,0.40586457357110256,0.4356419847223586,0.8496872576345359
476,adam,476,477,0.00025088453023514105,1,3.5169439784168034e-08,2.598481645827456e-09,2.9722035191741076e-08,2.621766884357492e-06,1,1,,0,1.6625271980299467e-17,-0.060849536226994336,-1.4844351631710926,-1.3324064199833352,0.001497465811881234,7.821701859737168e-05,0.00018753516945940575,0.0008200510669279916,5.206265355380396e-05,0.00034367321647749897,0.11338542039453609,0.4058600387722185,0.4356422648386549,0.8496877154320719
477,adam,477,478,0.00024837568493278964,1,3.5163237257326076e-08,2.59724052658323e-09,2.9711819753367865e-08,2.5976159279628636e-06,1,1,,0,1.730377851326533e-17,-0.06084158280368375,-1.4844193310189615,-1.3324034235023994,0.001497466206244415,7.819667241554028e-05,0.00018751863176048953,0.0008200733514916611,5.2055338046333434e-05,0.00034367406458062587,0.11338552560671326,0.4058555458786139,0.43564254206274333,0.8496881686529101
478,adam,478,479,0.00024589192808346173,1,3.515709450572561e-08,2.596011488324418e-09,2.970169725025369e-08,2.5736917873398516e-06,1,1,,0,1.6145490766956752e-17,-0.06083370023104881,-1.4844036408732784,-1.332400447574763,0.001497466639677242,7.817652613950973e-05,0.00018750225200174427,0.0008200954282265957,5.204809861291203e-05,0.0003436749045923164,0.11338562978666653,0.4058510944720352,0.4356428164274659,0.8496886173469037
479,adam,479,480,0.00024343300880262712,1,3.5151010917009355e-08,2.5947944039199387e-09,2.9691666809174702e-08,2.549992225764586e-06,1,1,,0,1.7674545189733152e-17,-0.06082588788659151,-1.4843880914640848,-1.3323974921392179,0.0014974671109629608,7.815657762540262e-05,0.00018748602859149094,0.0008201172991369995,5.2040934365839776e-05,0.0003436757365945374,0.11338573294529301,0.4058466841389778,0.4356430879652365,0.8496890615632855
480,adam,480,481,0.00024099867871460088,1,3.5144985885818956e-08,2.5935891476360506e-09,2.9681727561251492e-08,2.526515030826988e-06,1,1,,0,1.7114095890648282e-17,-0.06081814515318834,-1.4843726815328497,-1.3323945571327667,0.0014974676189144912,7.81368247558825e-05,0.00018746995995577254,0.0008201389662067381,5.203384442948257e-05,0.00034367656066838743,0.1133858350933587,0.40584231447057756,0.435643356708047,0.8496895013506766
481,adam,481,482,0.00023858869192745487,1,3.513901881371571e-08,2.592395595389282e-09,2.9671878650914185e-08,2.503258014134281e-06,1,1,,0,1.6504129117661107e-17,-0.06081047141902021,-1.4843574098322871,-1.3323916424906859,0.0014974681623720315,7.811726543932687e-05,0.0001874540445381633,0.0008201604313988708,5.202682794047789e-05,0.00034367737689402046,0.11338593624150224,0.40583798506267554,0.43564362268747414,0.8496899367570957
482,adam,482,483,0.0002362028050081803,1,3.513310910907568e-08,2.5912136245414116e-09,2.9662119230740317e-08,2.4802190109812357e-06,1,1,,0,1.7649229777042595e-17,-0.06080286607751111,-1.484342275126345,-1.3323887481465853,0.0014974687402039125,7.809789761009176e-05,0.00018743828079950924,0.0008201816966561872,5.2019884047011036e-05,0.0003436781853507097,0.1133860364002357,0.40583369551562604,0.4356438859346855,0.8496903678299679
483,adam,483,484,0.00023384077695809847,1,3.5127256186991724e-08,2.5900431137218275e-09,2.9652448454925637e-08,2.4573958800848226e-06,1,1,,0,1.8126784862409464e-17,-0.06079532852733565,-1.4843272761900232,-1.332385874032465,0.001497469351304278,7.807871922836627e-05,0.00018742266721768667,0.000820202763901866,5.201301190886229e-05,0.0003436789861168072,0.11338613557994723,0.405829445434288,0.4356441464804461,0.849690794616133
484,adam,484,485,0.0002315023691885175,1,3.512145946921862e-08,2.588883943275023e-09,2.9642865494927078e-08,2.434786503259199e-06,1,1,,0,1.5056095757019538e-17,-0.060787858172336826,-1.484312411809337,-1.332383020078775,0.001497469994593558,7.805972827894498e-05,0.0001874072022874751,0.0008202236350388583,5.200621069749917e-05,0.0003436797792698389,0.1133862337909011,0.4058252344279672,0.435644404355124,0.8496912171618546
485,adam,485,486,0.0002291873454966323,1,3.511571838404121e-08,2.5877359947663372e-09,2.9633369524412133e-08,2.412388785152024e-06,1,1,,0,1.6009340042276725e-17,-0.060780454421510116,-1.4842976807812023,-1.3323801862144684,0.001497470669017461,7.804092277154862e-05,0.00018739188452022464,0.0008202443119507941,5.199947959535695e-05,0.0003436805648864286,0.11338633104324142,0.40582106211032865,0.43564465958869686,0.849691635512828
486,adam,486,487,0.000226895472041666,1,3.511003236621267e-08,2.5865991512876426e-09,2.9623959729096836e-08,2.390200652938091e-06,1,1,,0,1.6149932423445626e-17,-0.06077311668891905,-1.484283081913276,-1.3323773723670573,0.0014974713735476802,7.80223007403054e-05,0.0001873767124437097,0.0008202715245685283,5.1992817796030845e-05,0.0003436813430423522,0.1133864273469928,0.4058169280993961,0.4356449122107574,0.8496920497141884
487,adam,487,488,0.00022462651732124936,1,3.5104400856867036e-08,2.5854732972786812e-09,2.9614635302209706e-08,2.3682200560514945e-06,1,1,,0,1.79450980067938e-17,-0.06076584439370079,-1.4842686140239374,-1.3323745784626653,0.001497472107179261,7.800386024332745e-05,0.00018736168460191382,0.0008203064217123707,5.198622450396565e-05,0.00034368211381255735,0.11338652271206166,0.4058128320174308,0.4356451622505193,0.8496924598105193
488,adam,488,489,0.00022238025214803682,1,3.5098823303424806e-08,2.584358318474366e-09,2.960539544230779e-08,2.346444965892615e-06,1,1,,0,1.6798698587706352e-17,-0.060758636959990966,-1.4842542759421649,-1.3323718044260788,0.0014974728689315347,7.798559936270861e-05,0.0001873467995547957,0.000820340993059284,5.1979698934292704e-05,0.0003436828772711446,0.1133866171482394,0.40580877349092564,0.4356454097368232,0.84969286584586
489,adam,489,490,0.00022015644962655647,1,3.509329915952483e-08,2.5832541019706844e-09,2.9596239356782224e-08,2.324873375576429e-06,1,1,,0,1.7156187782626442e-17,-0.060751493816917725,-1.4842400665074322,-1.3323690501807977,0.0014974736578469627,7.796751620383313e-05,0.0001873320558781247,0.0008203752417385892,5.197324031269614e-05,0.00034368363349139726,0.11338671066520152,0.40580475215045525,0.43564565469814176,0.8496932678637137
490,adam,490,491,0.0002179548851302909,1,3.5087827884929245e-08,2.582160536312747e-09,2.9587166264939927e-08,2.303503299642886e-06,1,1,,0,1.8070479388851162e-17,-0.06074441439850008,-1.4842259845695884,-1.3323663156490857,0.0014974744729919149,7.794960889507802e-05,0.0001873174521632441,0.000820409170847833,5.196684787520103e-05,0.0003436843825457894,0.11338680327251162,0.4058007676308087,0.4356458971625856,0.8496936659070553
491,adam,491,492,0.00021577533627898797,1,3.508240894545331e-08,2.5810775111351625e-09,2.957817538709124e-08,2.2823327738086623e-06,1,1,,0,1.5673426688120944e-17,-0.0607373981437034,-1.4842120289888483,-1.3323636007520172,0.0014974753134534941,7.793187558778466e-05,0.0001873029870169008,0.0008204427834526969,5.1960520868009935e-05,0.00034368512450600326,0.11338689497962041,0.4057968195707106,0.43564613715790845,0.8496940600183384
492,adam,492,493,0.0002136175829161981,1,3.5077041812872804e-08,2.580004917601219e-09,2.956926595894546e-08,2.261359854693725e-06,1,1,,0,1.6894325165913672e-17,-0.060730444496248606,-1.484198198635568,-1.3323609054095233,0.0014974761783417135,7.791431445549867e-05,0.00018728865906101418,0.0008204760825877842,5.195425854727921e-05,0.0003436858594428994,0.1133869857958718,0.4057929076129231,0.4356463747115125,0.8496944502395033
493,adam,493,494,0.00021148140708703614,1,3.507172596487207e-08,2.5789426479193477e-09,2.9560437216321724e-08,2.240582619571046e-06,1,1,,0,1.6337273942563004e-17,-0.060723552904774214,-1.4841844923902843,-1.3323582295404404,0.0014974770667877176,7.789692369422174e-05,0.0001872744669325535,0.0008205090712568206,5.194806017923275e-05,0.00034368658742660384,0.11338707573049685,0.4057890314041867,0.4356466098504536,0.8496948366119841
494,adam,494,495,0.00020936659301616577,1,3.506646088493945e-08,2.5778905956961456e-09,2.9551688407374837e-08,2.2199991661085715e-06,1,1,,0,1.5563058259500262e-17,-0.06071672282260004,-1.4841709091435495,-1.3323555730625514,0.0014974779779433976,7.787970152137817e-05,0.00018726040928327442,0.0008205417524326791,5.194192503964665e-05,0.00034368730852643315,0.11338716479262333,0.4057851905950067,0.43564684260144665,0.8496952191767155
495,adam,495,496,0.0002072729270860041,1,3.506124606230701e-08,2.5768486557482975e-09,2.9543018787345878e-08,2.1996076121285412e-06,1,1,,0,1.5292313653249465e-17,-0.060709953707813985,-1.484157447795854,-1.3323529358926316,0.0014974789109812386,7.78626461761233e-05,0.00018724648477957338,0.0008205741290581701,5.193585241387827e-05,0.00034368802281097526,0.11338725299127143,0.4057813848398594,0.4356470729908702,0.8496955979741406
496,adam,496,497,0.00020520019781514407,1,3.505608099186793e-08,2.5758167239260756e-09,2.9534427611870865e-08,2.179406095345192e-06,1,1,,0,1.597437444805395e-17,-0.06070324502319309,-1.4841441072575419,-1.3323503179464904,0.0014974798650940178,7.784575591907495e-05,0.000187232692102282,0.0008206062040466385,5.1929841596647403e-05,0.00034368873034804455,0.11338734033535876,0.40577761379691757,0.4356473010447715,0.8496959730442167
497,adam,497,498,0.00020314819583699262,1,3.5050965174127137e-08,2.5747946976866006e-09,2.952591415841412e-08,2.1593927731437753e-06,1,1,,0,1.6231346269569678e-17,-0.060696596236123036,-1.4841308864486844,-1.332347719139013,0.0014974808394930999,7.78290290309454e-05,0.00018721902994654988,0.0008206379802809053,5.192389189219299e-05,0.0003436894312047295,0.11338742683369776,0.40577387712817264,0.43564752678887175,0.8496963444264237
498,adam,498,499,0.00020111671387862268,1,3.504589811507885e-08,2.573782475299904e-09,2.9517477698745485e-08,2.1395658223222064e-06,1,1,,0,1.7090967021898438e-17,-0.06069000681864238,-1.4841177842990714,-1.332345139384199,0.0014974818334102255,7.781246381360546e-05,0.00018720549702153208,0.0008206694606153769,5.1918002613380364e-05,0.00034369012544735656,0.11338751249500334,0.4057701744991978,0.4356477502485704,0.8496967121597693
499,adam,499,500,0.00019910554673983647,1,3.504087932619917e-08,2.5727799563064174e-09,2.9509117514757404e-08,2.1199234388635936e-06,1,1,,0,1.518301276707918e-17,-0.06068347624735696,-1.484104799748055,-1.3323425785952043,0.0014974828460949541,7.77960585893428e-05,0.0001871920920503833,0.0008207006478754418,5.191217308251213e-05,0.0003436908131415595,0.11338759732788682,0.40576650557929544,0.43564797144895007,0.8496970762827961
500,adam,500,501,0.0001971144912724381,1,3.503590832432663e-08,2.5717870414787234e-09,2.9500832898866963e-08,2.1004638377129303e-06,1,1,,0,1.6520466261029136e-17,-0.06067700400337468,-1.484091931744483,-1.3323400366843783,0.001497483876815215,7.777981169996275e-05,0.00018717881376995268,0.0008207315448577257,5.1906402630458346e-05,0.00034369149435225295,0.11338768134086319,0.4057628700413456,0.4356481904147811,0.8496974368335889
501,adam,501,502,0.00019514334635971372,1,3.503098463162528e-08,2.5708036326566284e-09,2.949262314719757e-08,2.0811852525258486e-06,1,1,,0,1.7209819017472302e-17,-0.060670589572338486,-1.4840791792466281,-1.3323375135633009,0.0014974849248573056,7.776372150734823e-05,0.00018716566093069872,0.000820762154330733,5.190069059693768e-05,0.0003436921691436463,0.11338776454234865,0.40575926756172875,0.43564840717052616,0.8496977938497795
502,adam,502,503,0.00019319191289611658,1,3.502610777548789e-08,2.569829632797406e-09,2.9484487563590558e-08,2.0620859354658466e-06,1,1,,0,1.7853302713538527e-17,-0.06066423244429967,-1.4840665412220473,-1.3323350091428197,0.0014974859895248913,7.774778639263496e-05,0.00018715263229644377,0.0008207924790351156,5.1895036330017035e-05,0.00034369283757923545,0.11338784694066452,0.4057556978204096,0.4356486217403448,0.8496981473685545
503,adam,503,504,0.00019125999376715542,1,3.502127728849837e-08,2.568864946037255e-09,2.9476425460538813e-08,2.043164156981005e-06,1,1,,0,1.71008702845179e-17,-0.06065793211379885,-1.4840540166476177,-1.3323325233330847,0.0014974870701379979,7.773200475602223e-05,0.00018713972664428675,0.0008208225216835316,5.188943918637678e-05,0.000343693499721844,0.11338792854403688,0.40575216050071095,0.4356488341480975,0.8496984974266605
504,adam,504,505,0.00018934739382948386,1,3.5016492708350445e-08,2.567909477455435e-09,2.946843615220641e-08,2.024418205564091e-06,1,1,,0,1.7300737924215867e-17,-0.06065168807968776,-1.4840416045092926,-1.3323300560435853,0.0014974881660347248,7.771637501696198e-05,0.00018712694276439842,0.0008208522849620796,5.188389853094502e-05,0.00034369415563362385,0.11338800936059795,0.40574865528947446,0.4356490444173503,0.8496988440604106
505,adam,505,506,0.000187453919891189,1,3.501175357778943e-08,2.566963133414128e-09,2.9460518966332886e-08,2.005846387561218e-06,1,1,,0,1.7836467380307335e-17,-0.06064549984521136,-1.4840293038021481,-1.3323276071831798,0.0014974892765681439,7.7700895613041e-05,0.00018711427945987828,0.0008208817715290856,5.1878413736885837e-05,0.0003436948053760481,0.11338808939838757,0.40574518187687136,0.4356492525713789,0.8496991873056902
506,adam,506,507,0.0001855793806922771,1,3.500705944454065e-08,2.5660258211407657e-09,2.9452673230860396e-08,1.987447026937735e-06,1,1,,0,1.689463552399432e-17,-0.06063936691792073,-1.4840171135302536,-1.3323251766601338,0.0014974904011083956,7.768556500045537e-05,0.00018710173554657543,0.0008209109840166531,5.187298418529258e-05,0.0003436954490099291,0.1133881686653554,0.4057417399563404,0.43564945863317284,0.8496995271979628
507,adam,507,508,0.00018372358688535436,1,3.500240986124881e-08,2.565097449094263e-09,2.9444898286492732e-08,1.9692184650884574e-06,1,1,,0,1.59907123339364e-17,-0.06063328880959639,-1.4840050327065415,-1.3323227643821471,0.0014974915390407585,7.767038165323798e-05,0.00018708930985293846,0.0008209399250302427,5.186760926521257e-05,0.00034369608659541866,0.11338824716936055,0.4057383292247623,0.43564966262543964,0.8496998637722762
508,adam,508,509,0.0001818863510165008,1,3.4997804385418127e-08,2.564177926638883e-09,2.9437193475765264e-08,1.9511590606217592e-06,1,1,,0,1.6691248786812502e-17,-0.060627265036313834,-1.4839930603528437,-1.33232037025639,0.0014974926897654921,7.765534406342115e-05,0.00018707700121986702,0.0008209685971491969,5.1862288373415824e-05,0.0003436967181919982,0.11338832491817429,0.4057349493820999,0.4356498645706091,0.8497001970632678
509,adam,509,510,0.0001800674875063358,1,3.4993242579367994e-08,2.563267164223599e-09,2.942955814975848e-08,1.9332671891452213e-06,1,1,,0,1.612956335080344e-17,-0.060621295118321324,-1.4839811954996915,-1.3323179941895285,0.001497493852699317,7.764045074051481e-05,0.00018706480850060492,0.0008209970029271547,5.1857020914565146e-05,0.00034369734385857715,0.11338840191947877,0.4057316001315616,0.4356500644908365,0.8497005271051701
510,adam,510,511,0.00017826681263127242,1,3.4988724010136464e-08,2.5623650731943514e-09,2.9421991662127618e-08,1.9155412430870677e-06,1,1,,0,1.7289353419853134e-17,-0.06061537858003283,-1.483969437186318,-1.3323156360877582,0.0014974950272710736,7.762570021152699e-05,0.0001870527305604932,0.0008210251448923893,5.1851806300678184e-05,0.0003436979636533857,0.11338847818087128,0.4057282811796261,0.43565026240800714,0.8497008539318168
511,adam,511,512,0.0001764841445049597,1,3.4984248249454515e-08,2.561471566036469e-09,2.941449337798162e-08,1.8979796314827893e-06,1,1,,0,1.8178872171650663e-17,-0.0606095149499952,-1.483957784460516,-1.3323132958568316,0.0014974962129263012,7.761109102030475e-05,0.00018704076627691226,0.0008210530255475757,5.184664395128231e-05,0.0003436985776340223,0.1133885537098629,0.4057249922357595,0.4356504583437403,0.8497011775766473
512,adam,512,513,0.0001747193030599101,1,3.497981487368016e-08,2.5605865561170704e-09,2.9407062664548123e-08,1.880580779784668e-06,1,1,,0,1.7113717463099335e-17,-0.06060370376087182,-1.4839462363786564,-1.3323109734020866,0.0014974974091232103,7.759662172758458e-05,0.00018702891453911655,0.0008210806473706518,5.1841533293424815e-05,0.00034369918585752744,0.11338862851388036,0.4057217330126253,0.4356506523193922,0.8497014980727132
513,adam,513,514,0.000172972110029311,1,3.497542346371914e-08,2.5597099579244974e-09,2.939969890118665e-08,1.8633431296669153e-06,1,1,,0,1.6003795283980893e-17,-0.06059794454934636,-1.4839347920054653,-1.3323086686284744,0.0014974986153346984,7.758229091046331e-05,0.000187017174248033,0.0008211080128144349,5.1836473761026784e-05,0.0003436997883802484,0.11338870260026919,0.40571850322583747,0.43565084435606066,0.8497018154526822
514,adam,514,515,0.0001712423889290179,1,3.4971073605005825e-08,2.5588416866881807e-09,2.9392401465271957e-08,1.8462651388334058e-06,1,1,,0,1.4580062230530476e-17,-0.06059223685616522,-1.4839234504140846,-1.3323063814405847,0.001497499831045486,7.756809716278276e-05,0.0001870055443162203,0.0008211351243079618,5.18314647954712e-05,0.0003437003852580128,0.11338877597629032,0.40571530259411387,0.4356510344745882,0.8497021297488445
515,adam,515,516,0.0001695299650397277,1,3.496676488742007e-08,2.5579816587167966e-09,2.9385169745254996e-08,1.8293452808381513e-06,1,1,,0,1.4825675916178317e-17,-0.060586580226066965,-1.4839122106859572,-1.3323041117426744,0.0014975010557552217,7.755403909433494e-05,0.00018699402366765646,0.0008211619842555885,5.182650584499485e-05,0.0003437009765460292,0.11338884864912442,0.405712130839111,0.43565122269556555,0.8497024409931172
516,adam,516,517,0.00016783466538933045,1,3.4962496905228635e-08,2.5571297912121173e-09,2.9378003134106813e-08,1.8125820448981784e-06,1,1,,0,1.6194310133910493e-17,-0.06058097420771227,-1.4839010719106767,-1.3323018594386902,0.0014975022889749164,7.75401153306938e-05,0.00018698261123759245,0.0008211885950380553,5.182159636461652e-05,0.00034370156229887106,0.11338892062587462,0.40570898768535646,0.43565140903933564,0.8497027492170494
517,adam,517,518,0.00016615631873543712,1,3.49582692570683e-08,2.5562860023356975e-09,2.937090103172314e-08,1.7959739357023642e-06,1,1,,0,1.7221478982833823e-17,-0.06057541835374267,-1.4838900331860359,-1.3322996244322947,0.0014975035302285762,7.752632451322279e-05,0.00018697130597251628,0.0008212149590122687,5.1816735816509224e-05,0.000343702142570619,0.11338899191356176,0.4057058728604134,0.43565159352599664,0.849703054451827
518,adam,518,519,0.00016449475554808276,1,3.4954081545840306e-08,2.5554502110139077e-09,2.9363862839704656e-08,1.7795194732497384e-06,1,1,,0,1.7834393594056838e-17,-0.0605699122206526,-1.4838790936178783,-1.3322974066268924,0.0014975047790527387,7.751266529878995e-05,0.00018696010682988043,0.0008212410785118499,5.181192366909954e-05,0.00034370271741470976,0.11338906251913117,0.4057027860945349,0.4356517761754055,0.8497033567282781
519,adam,519,520,0.00016284980799260193,1,3.494993337870703e-08,2.5546223373513165e-09,2.9356887974048545e-08,1.7632171926532083e-06,1,1,,0,1.605258223698182e-17,-0.0605644553688038,-1.4838682523199807,-1.3322952059256497,0.0014975060349957782,7.749913635923973e-05,0.00018694901277810223,0.0008212669558472458,5.180715939790613e-05,0.0003437032868840593,0.11338913244944929,0.4056997271210465,0.43565195700718146,0.8497036560768773
520,adam,520,521,0.00016122130991267592,1,3.4945824367011664e-08,2.55380230203394e-09,2.9349975846672545e-08,1.7470656439794737e-06,1,1,,0,1.8448413675783046e-17,-0.06055904736239455,-1.483857508414136,-1.3322930222315188,0.0014975072976173669,7.748573638192476e-05,0.000186938022796358,0.0008212925933061448,5.180244248464129e-05,0.00034370385103101844,0.11338920171130844,0.4056966956758438,0.43565213604070907,0.8497039525277502
521,adam,521,522,0.00015960909681354916,1,3.494175412622179e-08,2.552990026816348e-09,2.9343125881770804e-08,1.7310633920676225e-06,1,1,,0,1.459234330032424e-17,-0.060553687769418184,-1.4838468610299154,-1.3322908554472614,0.0014975085664891727,7.747246406837037e-05,0.00018692713587444116,0.0008213179931533337,5.179777241742626e-05,0.0003437044099073468,0.11338927031142583,0.4056936914976556,0.43565231329514176,0.8497042461106786
522,adam,522,523,0.00015801300584541365,1,3.4937722275910595e-08,2.552185434262428e-09,2.9336337507225038e-08,1.7152090163589645e-06,1,1,,0,1.6101901099797598e-17,-0.06054837616161271,-1.4838363093046711,-1.3322887054754702,0.0014975098411936995,7.74593181353187e-05,0.00018691635101272065,0.0008213431576314265,5.1793148690895077e-05,0.0003437049635643134,0.11338933825644339,0.40569071432801956,0.4356524887894048,0.8497045368551045
523,adam,523,524,0.00015643287578695952,1,3.493372843967595e-08,2.551388447723061e-09,2.9329610154128094e-08,1.6995011107420618e-06,1,1,,0,1.7479004139582416e-17,-0.06054311211447539,-1.4838258523835073,-1.3322865722185868,0.0014975111213244483,7.744629731362105e-05,0.00018690566722193296,0.0008213680889609459,5.1788570805730915e-05,0.00034370551205261876,0.1133894055529306,0.4056877639110661,0.4356526625421986,0.8497048247901351
524,adam,524,525,0.00015486854702908992,1,3.4929772245105814e-08,2.550598991491429e-09,2.932294326275659e-08,1.683938283372615e-06,1,1,,0,1.575530904970899e-17,-0.06053789520716339,-1.4838154894191231,-1.3322844555789268,0.0014975124064856812,7.743340034838776e-05,0.0001868950835230981,0.0008213927893403583,5.178403826882723e-05,0.00034370605542244733,0.11338947220738543,0.4056848399936696,0.4356528345720015,0.8497051099445467
525,adam,525,526,0.00015331986155879904,1,3.492585332373238e-08,2.5498169906095877e-09,2.9316336275663098e-08,1.6685191565137933e-06,1,1,,0,1.704102768498882e-17,-0.060532725022547036,-1.4838052195718112,-1.332282355458696,0.0014975136962919638,7.742062599898423e-05,0.00018688459894740492,0.0008214172609465201,5.1779550593109876e-05,0.000343706593723431,0.11338953822623421,0.4056819423252234,0.43565300489707337,0.8497053923467897
526,adam,526,527,0.00015178666294321104,1,3.4921971310973e-08,2.5490423709425646e-09,2.9309788641385756e-08,1.6532423663815712e-06,1,1,,0,1.8126675556121204e-17,-0.060527601147081334,-1.4837950420093284,-1.332280271760012,0.0014975149903687069,7.740797303829058e-05,0.00018687421253606127,0.0008214415059350225,5.177510729745356e-05,0.0003437071270047104,0.11338960361583289,0.40567907065787756,0.43565317353545807,0.8497056720249919
527,adam,527,528,0.00015026879631377892,1,3.491812584610247e-08,2.5482750592743985e-09,2.9303299817127794e-08,1.6381065629827555e-06,1,1,,0,1.6839907833546563e-17,-0.060522523170873206,-1.4837849559069087,-1.3322782043849226,0.0014975162883503104,7.739544025293877e-05,0.00018686392334022763,0.0008214655264397598,5.177070790665418e-05,0.0003437076553148963,0.11338966838246757,0.40567622474621323,0.43565334050498666,0.8497059490069636
528,adam,528,529,0.00014876610835064114,1,3.4914316572185465e-08,2.547514983013289e-09,2.92968692594651e-08,1.6231104099523561e-06,1,1,,0,1.497123946791321e-17,-0.06051749068758454,-1.483774960447128,-1.332276153235423,0.0014975175898810159,7.738302644331062e-05,0.00018685373042084407,0.000821489324574225,5.1766351951214095e-05,0.00034370817870210685,0.11338973253235655,0.40567340434741683,0.4356535058232803,0.8497062233202014
529,adam,529,530,0.00014727844726713471,1,3.491054313605044e-08,2.5467620705627793e-09,2.9290496437149157e-08,1.608252584414245e-06,1,1,,0,1.7709887211074274e-17,-0.06051250329440957,-1.4837650548198673,-1.3322741182134756,0.0014975188946163068,7.737073042261056e-05,0.00018684363284856792,0.0008215129024306599,5.176203896747488e-05,0.0003437086972139419,0.11338979607164927,0.40567060922119574,0.43565366950775286,0.8497064949918921
530,adam,530,531,0.00014580566279446335,1,3.490680518822892e-08,2.546016250921715e-09,2.928418081793177e-08,1.5935317768053286e-06,1,1,,0,1.75368165806239e-17,-0.060507560592079145,-1.4837552382222459,-1.3322720992210249,0.0014975202022186468,7.735855101746965e-05,0.00018683362970361872,0.0008215362620810684,5.1757768497261785e-05,0.0003437092108975268,0.11338985900642912,0.4056678391296945,0.4356538315756142,0.8497067640489171
531,adam,531,532,0.00014434760616651872,1,3.490310238291556e-08,2.5452774538604306e-09,2.9277921874629536e-08,1.5789466907442417e-06,1,1,,0,1.6774871435804764e-17,-0.06050266218480268,-1.4837455098585408,-1.3322700961600171,0.0014975215123617426,7.734648706753167e-05,0.00018682372007567871,0.0008215594055773026,5.17535400879548e-05,0.0003437097197994598,0.11338992134271392,0.40566509383748145,0.4356539920438726,0.8497070305178563
532,adam,532,533,0.00014290413010485355,1,3.489943437794061e-08,2.5445456101752224e-09,2.927171909424766e-08,1.5644960428852401e-06,1,1,,0,1.5800193986233345e-17,-0.060497807680206524,-1.4837358689401106,-1.3322681089324155,0.0014975228247265963,7.733453742481207e-05,0.00018681390306382609,0.0008215823349505218,5.1749353292534566e-05,0.00034371022396590745,0.11338998308645497,0.40566237311167586,0.43565415092933735,0.8497072944249915
533,adam,533,534,0.000141475088803805,1,3.4895800834702046e-08,2.543820650984494e-09,2.926557195391495e-08,1.550178562752143e-06,1,1,,0,1.659398830648806e-17,-0.06049299668940467,-1.483726314685435,-1.3322661374402145,0.0014975241390030555,7.732270095455677e-05,0.00018680417777636036,0.0008216050522127208,5.1745207669211715e-05,0.00034371072344251575,0.11339004424354031,0.4056596767216117,0.43565430824862195,0.8497075557963109
534,adam,534,535,0.00014006033791576694,1,3.489220141813442e-08,2.5431025085371057e-09,2.925947994949593e-08,1.5359929926132993e-06,1,1,,0,1.7477702497605515e-17,-0.060488228826853244,-1.483716846319864,-1.332264181585458,0.0014975254548909788,7.731097653382801e-05,0.00018679454333072587,0.000821627559355637,5.1741102781550874e-05,0.0003437112182744641,0.11339010481979371,0.40565700443915004,0.435654464018146,0.8497078146575121
535,adam,535,536,0.0001386597345366093,1,3.488863579668466e-08,2.5423911155776745e-09,2.9253442572923317e-08,1.521938087323882e-06,1,1,,0,1.6732238216491173e-17,-0.06048350371040759,-1.4837074630757554,-1.3322622412702523,0.001497526772097138,7.729936305239351e-05,0.0001867849988534536,0.000821649858351893,5.173703819846249e-05,0.0003437117085064988,0.1133901648209754,0.40565435603832944,0.43565461825413876,0.8497080710340071
536,adam,536,537,0.0001372731371912432,1,3.4885103642227733e-08,2.541686405654185e-09,2.924745932465701e-08,1.5080126141996379e-06,1,1,,0,1.8480181110140445e-17,-0.060478820961239466,-1.4836981641922538,-1.3322603163967826,0.0014975280903368458,7.72878594118619e-05,0.00018677554347994207,0.0008216719511546752,5.1733013493769e-05,0.00034371219418285613,0.11339022425278546,0.40565173129563303,0.43565477097264055,0.8497083249509245
537,adam,537,538,0.00013590040581933075,1,3.4881604630074094e-08,2.540988313071384e-09,2.9241529710578517e-08,1.4942153528678065e-06,1,1,,0,1.7096464475687847e-17,-0.0604741802038502,-1.483688948915314,-1.3322584068673247,0.001497529409333805,7.727646452587368e-05,0.00018676617635448366,0.0008216938396981269,5.1729028246649545e-05,0.0003437126753473517,0.11339028312086029,0.40564912998977526,0.43565492218950647,0.8497085764331143
538,adam,538,539,0.00013454140176113745,1,3.487813843890409e-08,2.540296772693951e-09,2.9235653236327377e-08,1.4805450951330308e-06,1,1,,0,1.888479274250401e-17,-0.06046958106600751,-1.4836798164976417,-1.3322565125842616,0.0014975307288190227,7.726517732023029e-05,0.00018675689663009528,0.0008217155258978644,5.172508204120443e-05,0.0003437131520433327,0.11339034143077778,0.4056465519016657,0.4356550719204078,0.8497088255051503
539,adam,539,540,0.00013319598774352606,1,3.4874704750719595e-08,2.539611720254592e-09,2.9229829419161738e-08,1.4670006448403474e-06,1,1,,0,1.9787173762673128e-17,-0.06046502317872121,-1.4836707661985757,-1.332254633450096,0.001497532048530894,7.725399673174205e-05,0.00018674770346839502,0.0008217370116502633,5.1721174466326e-05,0.00034371362431370115,0.11339039918805503,0.4056439968145383,0.43565522018083536,0.8497090721913347
540,adam,540,541,0.00013186402786609082,1,3.4871303250837805e-08,2.5389330921097282e-09,2.922405777731043e-08,1.4535808177508427e-06,1,1,,0,1.7396439642205924e-17,-0.06046050617626074,-1.483661797284086,-1.3322527693674613,0.0014975333682160513,7.72429217091708e-05,0.00018673859603959167,0.0008217582988335908,5.1717305116067245e-05,0.00034371409220092334,0.1133904563981495,0.4056414645137893,0.43565536698610113,0.8497093165157013
541,adam,541,542,0.0001305453875874299,1,3.4867933627822475e-08,2.538260825242435e-09,2.921833783278414e-08,1.4402844413878092e-06,1,1,,0,1.638949533083151e-17,-0.06045602969605691,-1.483652909026694,-1.3322509202391357,0.001497534687627508,7.723195121257891e-05,0.0001867295735223065,0.0008217793893079132,5.171347358910858e-05,0.000343714555747047,0.1133905130664611,0.4056389547869702,0.4356555123513411,0.849709558502018
542,adam,542,543,0.0001292399337115556,1,3.4864595573451405e-08,2.537594857311457e-09,2.921266911196288e-08,1.4271103549371235e-06,1,1,,0,1.6822494762888527e-17,-0.06045159337873017,-1.4836441007053964,-1.3322490859680558,0.0014975360065262904,7.722108421322366e-05,0.000186720635103492,0.0008218002849151218,5.170967948882364e-05,0.00034371501499364925,0.11339056919833232,0.40563646742379106,0.4356556562915175,0.8497097981737916
543,adam,543,544,0.00012794753437444004,1,3.4861288782689634e-08,2.5369351267817493e-09,2.9207051150815227e-08,1.4140574090965445e-06,1,1,,0,1.6274263179509814e-17,-0.06044719686802662,-1.4836353716056112,-1.3322472664573264,0.0014975373246796533,7.721031969317489e-05,0.0001867117799783657,0.0008218209874790711,5.1705922423355737e-05,0.00034371546998189224,0.11339062479904849,0.40563400221614027,0.4356557988214209,0.8497100355542697
544,adam,544,545,0.00012666805903069564,1,3.485801295365684e-08,2.5362815725857013e-09,2.9201483482961394e-08,1.4011244659483073e-06,1,1,,0,1.8381212880448737e-17,-0.06044283981084118,-1.4836267210191698,-1.332245461610233,0.0014975386418617784,7.719965664583626e-05,0.00018670300735032858,0.0008218414988062424,5.170220200554818e-05,0.0003437159207525631,0.11339067987383712,0.4056315589579439,0.43565593995567276,0.849710270666445
545,adam,545,546,0.0001254013784403887,1,3.4854767787570935e-08,2.535634134385187e-09,2.9195965649222336e-08,1.3883103988533486e-06,1,1,,0,1.8191584973804633e-17,-0.06043852185712843,-1.4836181482441981,-1.3322436713302521,0.00149753995785386,7.718909407530693e-05,0.00018669431643081943,0.0008218618206854115,5.1698517852655884e-05,0.00034371636734598137,0.113390734427872,0.4056291374452427,0.4356560797087275,0.8497105035330581
546,adam,546,547,0.00012414736465598479,1,3.485155298872093e-08,2.534992752553746e-09,2.919049719787456e-08,1.375614092308195e-06,1,1,,0,1.615803582750387e-17,-0.060434242659892265,-1.4836096525850593,-1.3322418955210624,0.001497541272443324,7.71786309959793e-05,0.0001866857064392476,0.0008218819548878534,5.169486958638095e-05,0.000343716809802058,0.11339078846627187,0.4056267374760966,0.4356562180948746,0.8497107341766006
547,adam,547,548,0.00012290589100942494,1,3.484836826444085e-08,2.5343573678582458e-09,2.9185077672660178e-08,1.3630344418290195e-06,1,1,,0,1.6640895932324117e-17,-0.060430001875237435,-1.483601233352383,-1.3322401340865575,0.0014975425854236014,7.716826643343291e-05,0.00018667717660292822,0.0008219019031682974,5.1691256832989125e-05,0.00034371724816032785,0.11339084199409966,0.4056243588506347,0.43565635512824075,0.849710962619318
548,adam,548,549,0.0001216768320993307,1,3.484521332506359e-08,2.533727922027649e-09,2.917970663381942e-08,1.3505703538434963e-06,1,1,,0,1.9397443494092745e-17,-0.06042579916219146,-1.483592889862867,-1.3322383869308507,0.001497543896595059,7.715799942287674e-05,0.00018666872615696393,0.0008219216672635676,5.168767922300579e-05,0.0003437176824598974,0.11339089501636648,0.40562200137098525,0.4356564908227924,0.8497111888832135
549,adam,549,550,0.00012046006377833737,1,3.484208788389609e-08,2.5331043570848073e-09,2.917438363386348e-08,1.3382207455474727e-06,1,1,,0,1.5078997068502476e-17,-0.06042163418283312,-1.483584621439363,-1.332236653958292,0.0014975452057631397,7.714782901055184e-05,0.00018666035434418337,0.0008219412488948618,5.1684136391396355e-05,0.00034371811273950254,0.11339094753802886,0.4056196648412663,0.43565662519233717,0.8497114129900503
550,adam,550,551,0.00011925546314055401,1,3.483899165717204e-08,2.5324866159757366e-09,2.9169108241183092e-08,1.3259845448099294e-06,1,1,,0,1.8483472206813402e-17,-0.06041750660217585,-1.4835764274107444,-1.3322349350734708,0.0014975465127399935,7.713775425206664e-05,0.00018665206041501936,0.0008219606497654417,5.1680627977169356e-05,0.00034371853903744415,0.1133909995639924,0.4056173490675131,0.4356567582505265,0.8497116349613547
551,adam,551,552,0.00011806290850914847,1,3.483592436402933e-08,2.531874641948453e-09,2.916388001764268e-08,1.3138606900414732e-06,1,1,,0,1.5962498284220245e-17,-0.060413416088165924,-1.483568307111851,-1.3322332301812294,0.0014975478173435484,7.712777421364948e-05,0.00018664384362745352,0.0008219798715631877,5.167715362364531e-05,0.00034371896139167023,0.11339105109911007,0.4056150538577416,0.4356568900108573,0.8497118548184197
552,adam,552,553,0.00011688227942405698,1,3.483288572647936e-08,2.531268379005758e-09,2.9158698534327977e-08,1.3018481300959825e-06,1,1,,0,1.7226985589141695e-17,-0.060409362311658374,-1.4835602598834872,-1.3322315391866704,0.0014975491193966572,7.711788797118463e-05,0.00018663570324693867,0.0008219989159593075,5.167371297834705e-05,0.00034371937983973983,0.1133911021481835,0.40561277902189324,0.435657020486674,0.8497120725823065
553,adam,553,554,0.00011571345662981642,1,3.482987546935028e-08,2.530667771742008e-09,2.915356336772706e-08,1.2899458241394256e-06,1,1,,0,1.7427035828888907e-17,-0.060405344946382604,-1.4835522850722878,-1.332229861995166,0.001497550418728421,7.71080946102659e-05,0.00018662763854625144,0.0008220177846087668,5.167030569253962e-05,0.0003437197944188062,0.11339115271596568,0.40561052437179074,0.43565714969117075,0.8497122882738493
554,adam,554,555,0.00011455632206351825,1,3.48268933203096e-08,2.5300727652734216e-09,2.9148474094079158e-08,1.2781527415546769e-06,1,1,,0,1.5701325587119515e-17,-0.060401363668956674,-1.4835443820307757,-1.3322281985123652,0.001497551715173102,7.709839322625546e-05,0.00018661964880555744,0.0008220364791509948,5.1666931422120465e-05,0.00034372020516570587,0.1133912028071558,0.40560828972111873,0.43565727763739315,0.849712501913656
555,adam,555,556,0.00011341075884288306,1,3.482393900975462e-08,2.52948330526694e-09,2.9143430295344404e-08,1.2664678618199485e-06,1,1,,0,1.737500215690164e-17,-0.06039741815880007,-1.483536550117184,-1.3322265486442026,0.001497553008570048,7.708878292409165e-05,0.0001866117333121222,0.0008220550012092818,5.166358982629279e-05,0.0003437206121168208,0.11339125242640878,0.4056060748854208,0.43565740433824013,0.8497127135221125
556,adam,556,557,0.00011227665125445423,1,3.482101227085378e-08,2.5288993381017e-09,2.9138431560954565e-08,1.2548901744058457e-06,1,1,,0,1.6746111771057014e-17,-0.06039350809815384,-1.4835287886954958,-1.3322249122969074,0.0014975542987636175,7.707926281781352e-05,0.0001866038913604263,0.0008220733523912539,5.166028056861053e-05,0.0003437210153082397,0.11339130157832618,0.4056038796821204,0.435657529806466,0.849712923119385
557,adam,557,558,0.00011115388474190968,1,3.481811283946405e-08,2.528320810546358e-09,2.9133477478676024e-08,1.243418678666658e-06,1,1,,0,1.785258541401696e-17,-0.06038963317203454,-1.4835210971353634,-1.3322232893770083,0.0014975555856037992,7.70698320311114e-05,0.00018659612225194834,0.0008220915342894238,5.1657003316254264e-05,0.0003437214147756352,0.11339135026746514,0.4056017039303786,0.4356576540546821,0.8497131307254222
558,adam,558,559,0.0001100423458944906,1,3.481524045413213e-08,2.52774767006059e-09,2.9128567645174878e-08,1.232052383733554e-06,1,1,,0,1.67889709645725e-17,-0.06038579306825375,-1.4835134748120649,-1.3322216797913429,0.001497556868945519,7.706048969652207e-05,0.0001865884252951724,0.00082210954848054,5.165375774026139e-05,0.0003437218105543491,0.11339139849833249,0.4055995474511617,0.4356577770953588,0.8497133363599586
559,adam,559,560,0.00010894192243554568,1,3.481239485606006e-08,2.5271798645307666e-09,2.912370165581685e-08,1.2207903084102596e-06,1,1,,0,1.7891836697722135e-17,-0.06038198747731901,-1.4835059211064372,-1.3322200834470634,0.0014975581486468552,7.705123495614031e-05,0.00018658079980549998,0.000822127396526883,5.1650543515633855e-05,0.000343722202679379,0.11339144627538893,0.4055974100672685,0.4356578989408273,0.8497135400425171
560,adam,560,561,0.00010785250321119023,1,3.4809575789051794e-08,2.52661734252184e-09,2.9118879115634227e-08,1.2096314810704551e-06,1,1,,0,1.8041562665172317e-17,-0.060378216092461974,-1.4834984354048082,-1.3322185002516456,0.00149755942457253,7.704206696048428e-05,0.00018657324510511092,0.0008221450799750665,5.164736032081562e-05,0.00034372259118533547,0.11339149360304944,0.40559529160321106,0.43565801960328104,0.8497137417924108
561,adam,561,562,0.00010677397817907833,1,3.4806782999510775e-08,2.526060052908371e-09,2.911409962507085e-08,1.1985749395490765e-06,1,1,,0,1.7138374959895497e-17,-0.060374478609621376,-1.4834910170990407,-1.332216930112892,0.0014975606965916622,7.703298486946397e-05,0.00018656576052296085,0.0008221626003574754,5.1644207838004554e-05,0.0003437229761065198,0.11339154048568156,0.4055931918852357,0.43565813909477796,0.8497139416287465
562,adam,562,563,0.00010570623839728754,1,3.4804016236407e-08,2.525507945388743e-09,2.9109362798447967e-08,1.1876197310604082e-06,1,1,,0,1.651163983319888e-17,-0.06037077472740423,-1.4834836655863568,-1.332215372938941,0.0014975619645762953,7.702398785122019e-05,0.00018655834539469684,0.0008221799591911648,5.164108575310094e-05,0.00034372335747686586,0.11339158692760806,0.4055911107412787,0.435658257427242,0.8497141395704265
563,adam,563,564,0.00010464917601331466,1,3.48012752512248e-08,2.5249609699059416e-09,2.9104668244618412e-08,1.176764912069335e-06,1,1,,0,1.7300351430707887e-17,-0.06036710414703191,-1.4834763802693791,-1.3322138286382714,0.0014975632284043453,7.701507508298327e-05,0.00018655099906252122,0.0008221971579793624,5.163799375535324e-05,0.00034372373532996607,0.11339163293310799,0.4055890480010104,0.4356583746124646,0.8497143356361516
564,adam,564,565,0.00010360268425318152,1,3.4798559797968135e-08,2.524419077086926e-09,2.910001558133348e-08,1.1660095482221887e-06,1,1,,0,1.7257833242373225e-17,-0.06036346657237376,-1.4834691605560477,-1.3322122971197097,0.0014975644879575089,7.700624575034792e-05,0.00018654372087520966,0.0008222141982104489,5.163493153772548e-05,0.0003437241096990892,0.1133916785064144,0.40558700349575066,0.4356584906621067,0.8497145298444233
565,adam,565,566,0.0001025666574106497,1,3.47958696331085e-08,2.523882218128827e-09,2.9095404432271055e-08,1.1553527142288488e-06,1,1,,0,1.8214546341061064e-17,-0.06035986170988008,-1.4834620058595607,-1.3322107782924337,0.0014975657431210326,7.699749904698686e-05,0.000186536510187975,0.0008222310813584915,5.163189879659486e-05,0.0003437244806171604,0.1133917236517176,0.4055849770585237,0.43565860558770014,0.8497147222135458
566,adam,566,567,0.0001015409908365432,1,3.479320451557013e-08,2.5233503444931457e-09,2.9090834416777002e-08,1.1447934937726792e-06,1,1,,0,1.6746317426545314e-17,-0.0603562892686042,-1.4834549155983914,-1.3322092720659797,0.0014975669937852606,7.69888341756931e-05,0.00018652936636243133,0.0008222478088837388,5.162889523165251e-05,0.00034372484811678134,0.11339176837316349,0.4055829685238489,0.4356587194006493,0.8497149127616292
567,adam,567,568,0.00010052558092817777,1,3.479056420670333e-08,2.522823408303054e-09,2.9086305162332244e-08,1.1343309794204548e-06,1,1,,0,1.9325469268221058e-17,-0.0603527489601263,-1.4834478891961513,-1.3322077783502473,0.0014975682398439376,7.698025034695067e-05,0.00018652228876652605,0.0008222643822327282,5.162592054625482e-05,0.0003437252122302663,0.11339181267485555,0.4055809777281207,0.435658832112233,0.8497151015065912
568,adam,568,569,9.9520325118896e-05,1,3.47879484702421e-08,2.522301362171948e-09,2.9081816300608594e-08,1.12396427252612e-06,1,1,,0,1.7167878637050446e-17,-0.06034924049858999,-1.4834409260816162,-1.3322062970555038,0.0014975694811942804,7.697174677953633e-05,0.00018651527677442965,0.0008222808028375353,5.162297444677225e-05,0.000343725572989528,0.11339185656085513,0.40557900450906414,0.4356589437336056,0.8497152884661593
569,adam,569,570,9.852512186770703e-05,1,3.478535707229149e-08,2.52178415916013e-09,2.907736746567395e-08,1.1136924831325005e-06,1,1,,0,1.6331861560735444e-17,-0.06034576360060005,-1.4834340256886156,-1.3322048280923888,0.0014975707177383017,7.696332270025277e-05,0.0001865083297665053,0.0008222970721171195,5.1620056643007413e-05,0.00034372593042622377,0.11339190003518235,0.40557704870618555,0.43565905427579876,0.8497154736578739
570,adam,570,571,9.753987064902997e-05,1,3.47827897813068e-08,2.5212717528521126e-09,2.907295829555103e-08,1.1035147298905354e-06,1,1,,0,1.6309957374956008e-17,-0.060342317985298245,-1.4834271874560596,-1.3322033713719206,0.0014975719493807939,7.695497734386961e-05,0.00018650144712925636,0.0008223131914766187,5.1617166848076144e-05,0.0003437262845716872,0.11339194310181451,0.40557511016047587,0.4356591637497232,0.8497156570990896
571,adam,571,572,9.656447194253965e-05,1,3.4780246368051304e-08,2.5207640973061556e-09,2.9068588432040518e-08,1.093430139956276e-06,1,1,,0,1.9076382146285865e-17,-0.0603389033742602,-1.4834204108278333,-1.3322019268054983,0.0014975731760304158,7.694670995296869e-05,0.00018649462825521626,0.0008223291623079299,5.161430477823084e-05,0.00034372663545692583,0.11339198576468883,0.4055731887145032,0.4356592721661698,0.8497158388069777
572,adam,572,573,9.559882722311426e-05,1,3.4777726605579516e-08,2.520261146881911e-09,2.906425751481893e-08,1.0834378489095263e-06,1,1,,0,1.5179865277728845e-17,-0.06033551949153954,-1.4834136952528028,-1.3322004943049082,0.00149757439759977,7.693851977824655e-05,0.00018648787254290698,0.0008223449859897749,5.1611470152844944e-05,0.0003437269831126447,0.11339202802770233,0.40557128421231886,0.4356593795358114,0.8497160187985289
573,adam,573,574,9.464283895088311e-05,1,3.4775230269218185e-08,2.519762856706995e-09,2.9059965196720612e-08,1.0735370006699196e-06,1,1,,0,1.6852002812137376e-17,-0.060332166063581494,-1.483407040184719,-1.332199073782326,0.0014975756140045537,7.693040607753057e-05,0.0001864811793967911,0.0008223606638873788,5.1608662694509014e-05,0.00034372732756924793,0.11339206989471168,0.40556939649955703,0.435659485869204,0.8497161970905546
574,adam,574,575,9.369641056137428e-05,1,3.47727571365248e-08,2.519269182146918e-09,2.9055711126771328e-08,1.0637267473973269e-06,1,1,,0,1.6761316221517684e-17,-0.06032884281924511,-1.4834004450821903,-1.3321976651503216,0.0014975768251630163,7.692236811665979e-05,0.0001864745482271637,0.0008223761973534188,5.160588212882189e-05,0.00034372766885682485,0.1133921113695342,0.4055675254233119,0.4356595911767886,0.8497163736996896
575,adam,575,576,9.275944645576054e-05,1,3.477030698727876e-08,2.5187800790137912e-09,2.9051494956678257e-08,1.0540062494163513e-06,1,1,,0,1.6599535168152e-17,-0.06032554948980611,-1.483393909408691,-1.3321962683218633,0.0014975780309982836,7.691440516890327e-05,0.00018646797845013163,0.0008223915877275048,5.1603128184435025e-05,0.0003437280070051838,0.1133921524559479,0.40556567083215944,0.435659695468892,0.8497165486423939
576,adam,576,577,9.183185199120294e-05,1,3.4767879603463033e-08,2.5182955037500044e-09,2.9047316347268702e-08,1.0443746751272706e-06,1,1,,0,1.6619486650022502e-17,-0.06032228580884247,-1.4833874326324399,-1.3321948832103205,0.0014975792314354183,7.69065165147603e-05,0.0001864614694875674,0.0008224068363365559,5.1600400593233404e-05,0.0003437283420438683,0.11339219315769158,0.40556383257623624,0.4356597987557289,0.8497167219349551
577,adam,577,578,9.091353347129091e-05,1,3.476547476920479e-08,2.5178154130764666e-09,2.904317495779592e-08,1.034831200917562e-06,1,1,,0,1.5692829469788098e-17,-0.06031905151231968,-1.4833810142263988,-1.332193509729467,0.0014975804264029647,7.689870144227756e-05,0.00018645502076695278,0.0008224219444947869,5.1597699089652786e-05,0.00034372867400205763,0.11339223347846737,0.4055620105070032,0.4356599010474027,0.8497168935934898
578,adam,578,579,9.000439813657799e-05,1,3.4763092270799505e-08,2.517339764151288e-09,2.903907044961601e-08,1.0253750110886202e-06,1,1,,0,1.7298230482863412e-17,-0.06031584633851381,-1.4833746536682386,-1.3321921477934848,0.0014975816158323356,7.689095924684843e-05,0.0001864486317214463,0.0008224369135043135,5.159502341145167e-05,0.00034372900290871144,0.11339227342193793,0.40556020447741953,0.4356600023539072,0.8497170636339463
579,adam,579,580,8.910435415521222e-05,1,3.4760731896642945e-08,2.516868514706593e-09,2.9035002493025912e-08,1.016005297774383e-06,1,1,,0,1.7741956639432364e-17,-0.06031267002798873,-1.4833683504402542,-1.3321907973169678,0.0014975827996589737,7.6883289230586e-05,0.00018644230178970368,0.000822451744654243,5.159237329894367e-05,0.0003437293287924466,0.11339231299173108,0.40555841434182166,0.4356601026851279,0.8497172320721063
580,adam,580,581,8.821331061366008e-05,1,3.47583934372467e-08,2.516401622794279e-09,2.9030970756621187e-08,1.006721260836243e-06,1,1,,0,1.5907967379033787e-17,-0.060309522323599284,-1.48336210402938,-1.3321894582149216,0.001497583977819018,7.687569070311433e-05,0.00018643603041592228,0.0008224664392220916,5.1589748495615386e-05,0.0003437296516816458,0.11339235219143483,0.4055566399560834,0.43566020205084305,0.8497173989235866
581,adam,581,582,8.733117750752349e-05,1,3.4756076685192005e-08,2.515939046916235e-09,2.9026974913427894e-08,9.975221078159354e-07,1,1,,0,1.6631013672516403e-17,-0.060306402970477097,-1.4833559139271242,-1.3321881304027716,0.0014975851502533378,7.686816298082622e-05,0.00018642981704971982,0.0008224809984728978,5.1587148747595004e-05,0.00034372997160439284,0.11339239102460226,0.40555488117729555,0.43566030046072546,0.8497175642038414
582,adam,582,583,8.645786573244826e-05,1,3.4753781435108696e-08,2.5154807459501654e-09,2.9023014638273444e-08,9.884070538392345e-07,1,1,,0,1.8369547416222135e-17,-0.06030331171597622,-1.483349779629485,-1.3321868137963604,0.0014975863169053641,7.686070538737704e-05,0.00018642366114608063,0.0008224954236600085,5.158457380378372e-05,0.0003437302885884818,0.1133924294947505,0.40555313786402375,0.43566039792434325,0.849717727928164
583,adam,583,584,8.559328707512377e-05,1,3.475150748366299e-08,2.5150266792936848e-09,2.9019089612397385e-08,9.793753215333178e-07,1,1,,0,1.7241032950949372e-17,-0.06030024830967353,-1.4833437006369723,-1.3321855083119534,0.0014975874777196903,7.685331725271003e-05,0.00018641756216532547,0.0008225097160245755,5.158202341591658e-05,0.00034373060266147166,0.1133924676053601,0.4055514098762315,0.43566049445116156,0.8497178901116885
584,adam,584,585,8.473735420437252e-05,1,3.4749254629531785e-08,2.5145768066389487e-09,2.9015199515569188e-08,9.704261409612335e-07,1,1,,0,1.6643844782720786e-17,-0.06029721250335807,-1.4833376764545672,-1.3321842138662392,0.0014975886326458756,7.684599791411171e-05,0.0001864115195730451,0.0008225238767963573,5.157949733844974e-05,0.0003437309138506095,0.11339250535987723,0.4055496970751295,0.4356605900505434,0.8497180507693923
585,adam,585,586,8.38899806623288e-05,1,3.4747022673375404e-08,2.514131088143352e-09,2.9011344033264967e-08,9.615587495405127e-07,1,1,,0,1.8218576041092688e-17,-0.06029420405101332,-1.483331706591633,-1.3321829303763344,0.0014975897816337956,7.683874671522845e-05,0.00018640553284002972,0.0008225379071931554,5.157699532842074e-05,0.0003437312221829036,0.11339254276171261,0.4055479993233048,0.43566068473175124,0.8497182099160971
586,adam,586,587,8.305108085570551e-05,1,3.474481141782249e-08,2.513689484398865e-09,2.9007522854669926e-08,9.527723919697285e-07,1,1,,0,1.618958436387053e-17,-0.06029122270875858,-1.4833257905619108,-1.3321816577597823,0.0014975909246368196,7.683156300639972e-05,0.00018639960144223078,0.0008225518084214391,5.1574517145620636e-05,0.00034373152768508834,0.11339257981424276,0.4055463164847043,0.43566077850394797,0.8497183675664711
587,adam,587,588,8.222057004714846e-05,1,3.474262066744883e-08,2.513251956298544e-09,2.900373566864919e-08,9.440663201386289e-07,1,1,,0,1.529713155804188e-17,-0.06028826823489496,-1.483319927883478,-1.332180395934558,0.0014975920616114226,7.682444614452525e-05,0.0001863937248607067,0.0008225655816763314,5.157206255241492e-05,0.000343731830383644,0.11339261652080965,0.4055446484244969,0.43566087137619836,0.849718523735031
588,adam,588,589,8.139836434667697e-05,1,3.474045022874233e-08,2.5128184652262555e-09,2.8999982170412073e-08,9.354397930803865e-07,1,1,,0,1.6306748183596742e-17,-0.06028534038980891,-1.4833141180786718,-1.3321791448190685,0.0014975931925153294,7.68173954929521e-05,0.0001863879025815311,0.0008225792281415284,5.156963131359949e-05,0.00034373213030475605,0.11339265288472301,0.40554299500921426,0.4356609633574698,0.8497186784361428
589,adam,589,590,8.058438070321021e-05,1,3.473829991012235e-08,2.5123889728789604e-09,2.8996262054937195e-08,9.268920768831863e-07,1,1,,0,1.760169566390526e-17,-0.060282438936052056,-1.4833083606741344,-1.3321779043321544,0.001497594317308363,7.681041042154194e-05,0.00018638213409584716,0.0008225927489897165,5.156722319697644e-05,0.0003437324274744307,0.11339268890925631,0.40554135610667424,0.43566105445663394,0.8497188316840252
590,adam,590,591,7.97785368961781e-05,1,3.4736169521856415e-08,2.5119634414045015e-09,2.899257502339718e-08,9.184224446095164e-07,1,1,,0,1.78799170516336e-17,-0.060279563638215565,-1.4833026552006865,-1.3321766743930923,0.0014975954359536922,7.680349030615138e-05,0.00018637641889964626,0.0008226061453822456,5.156483797225593e-05,0.00034373272191833275,0.11339272459765287,0.40553973158588064,0.4356611446824676,0.8497189834927494
591,adam,591,592,7.898075152721632e-05,1,3.473405887610858e-08,2.5115418332901736e-09,2.8988920777001094e-08,9.100301762514689e-07,1,1,,0,1.6929826936173386e-17,-0.06027671426300145,-1.4832970011933433,-1.3321754549215963,0.001497596548416121,7.679663452937167e-05,0.00018637075649390004,0.0008226194184698197,5.156247541218603e-05,0.00034373301366192807,0.11339275995312201,0.4055381213171255,0.435661234043654,0.8497191338762425
592,adam,592,593,7.819094401194416e-05,1,3.473196778686281e-08,2.5111241112781026e-09,2.898529901647588e-08,9.017145586311328e-07,1,1,,0,1.7636565440642058e-17,-0.060273890579149406,-1.4832913981912776,-1.3321742458378183,0.001497597654662637,7.67898424798715e-05,0.000186365146384357,0.0008226325693924238,5.156013529159124e-05,0.0003437333027304474,0.113392794978841,0.40553652517199507,0.43566132254878354,0.8497192828482876
593,adam,593,594,7.740903457182472e-05,1,3.4729896069935024e-08,2.5107102387982407e-09,2.898170945618536e-08,8.934748853572924e-07,1,1,,0,1.4748497681423786e-17,-0.06027109235742149,-1.4832858457376972,-1.3321730470623492,0.0014975987546624098,7.678311355185685e-05,0.0001863595880815769,0.0008226455992786892,5.1557817387891375e-05,0.00034373358914881874,0.11339282967795572,0.40553494302321025,0.43566141020635557,0.8497194304225265
594,adam,594,595,7.663494422610647e-05,1,3.47278435429483e-08,2.510300179308305e-09,2.8978151801136297e-08,8.853104567274753e-07,1,1,,0,1.51424048944942e-17,-0.060268319370634746,-1.4832803433799784,-1.332171858516222,0.0014975998483858588,7.67764471464237e-05,0.00018635408110086643,0.0008226585092472443,5.155552148085318e-05,0.00034373387294179175,0.11339286405357961,0.4055333747447698,0.43566149702477897,0.8497195766124612
595,adam,595,596,7.58685947838454e-05,1,3.472581002530833e-08,2.5098938968365444e-09,2.897462576621375e-08,8.77220579687383e-07,1,1,,0,1.511091321494446e-17,-0.060265571393587916,-1.4832748906694493,-1.332170680120912,0.0014976009358068317,7.676984267007383e-05,0.00018634862496221517,0.0008226713004058069,5.1553247352674285e-05,0.0003437341541338087,0.11339289810879578,0.405531820211803,0.4356615830123731,0.8497197214314549
596,adam,596,597,7.510990883600694e-05,1,3.472379533818885e-08,2.509491355759275e-09,2.897113106886507e-08,8.692045677483266e-07,1,1,,0,1.9166038932421835e-17,-0.06026284820306439,-1.4832694871614656,-1.332169511798336,0.0014976020168997299,7.676329953531461e-05,0.00018634321919025883,0.0008226839738517317,5.1550994787817055e-05,0.00034373443274914056,0.11339293184665587,0.4055302793007063,0.4356616681773695,0.8497198648927342
597,adam,597,598,7.435880974764687e-05,1,3.472179930451364e-08,2.5090925206233965e-09,2.8967667422458663e-08,8.612617409263686e-07,1,1,,0,1.9317369506472117e-17,-0.060260149577829276,-1.4832641324153537,-1.3321683534708542,0.0014976030916411403,7.675681716094848e-05,0.00018633786331423262,0.0008226965306724388,5.1548763573148316e-05,0.00034373470881179414,0.11339296527018093,0.4055287518889965,0.4356617525279121,0.8497200070093903
598,adam,598,599,7.36152216501704e-05,1,3.471982174893324e-08,2.5086973565592145e-09,2.896423455110546e-08,8.533914256732258e-07,1,1,,0,1.591395790776388e-17,-0.060257475298572255,-1.483258825994335,-1.332167205061273,0.001497604160010536,7.675039497094928e-05,0.00018633255686791088,0.000822708971944585,5.154655349773019e-05,0.0003437349823455343,0.11339299838236172,0.40552723785536315,0.43566183607205894,0.8497201477943809
599,adam,599,600,7.28790694336687e-05,1,3.471786249780193e-08,2.508305828942488e-09,2.8960832178283915e-08,8.455929548131333e-07,1,1,,0,1.611861628279658e-17,-0.06025482514793675,-1.4832535674655307,-1.3321660664928423,0.0014976052219875585,7.674403239530274e-05,0.0001863272993895471,0.000822721298735033,5.154436435284403e-05,0.0003437352533738971,0.11339303118616084,0.40552573707966766,0.435661918817783,0.8497202872605308
600,adam,600,601,7.215027873933202e-05,1,3.4715921379181455e-08,2.507917903458527e-09,2.895746002842702e-08,8.378656674775959e-07,1,1,,0,1.8075527158193753e-17,-0.06025219891048545,-1.4832483563999352,-1.3321649376892586,0.0014976062775548151,7.673772886978058e-05,0.00018632209042188598,0.0008227335121005185,5.1542195932084436e-05,0.00034373552192019946,0.11339306368450904,0.4055242494428512,0.4356620007729728,0.8497204254205349
601,adam,601,602,7.14287759519387e-05,1,3.471399822281077e-08,2.5075335461838054e-09,2.8954117829891055e-08,8.302089090436582e-07,1,1,,0,1.6350077417390377e-17,-0.06024959637266633,-1.4832431923723617,-1.3321638185746643,0.0014976073266954719,7.673148383564175e-05,0.0001863169295120837,0.000822745613088019,5.154004803140351e-05,0.00034373578800757213,0.11339309588030823,0.40552277482709964,0.43566208194543404,0.8497205622869581
602,adam,602,603,7.071448819241931e-05,1,3.471209286005618e-08,2.507152723485998e-09,2.8950805313426873e-08,8.226220310697493e-07,1,1,,0,1.7197774006787227e-17,-0.06024701732281667,-1.483238074961366,-1.3321627090736479,0.0014976083693962006,7.672529673948332e-05,0.00018631181621157629,0.00082275760273448,5.153792044838904e-05,0.0003437360516588042,0.11339312777643422,0.405521313115514,0.43566216234289,0.8497206978722378
603,adam,603,604,7.000734331049511e-05,1,3.4710205123974204e-08,2.5067754022024057e-09,2.894752221509022e-08,8.1510439123517e-07,1,1,,0,1.5671979957716777e-17,-0.06024446155115192,-1.4832330037493235,-1.3321616091112454,0.0014976094056429203,7.671916703361327e-05,0.0001863067500762498,0.0008227694820671302,5.1535812983581673e-05,0.00034373631289663105,0.11339315937572923,0.40551986419256725,0.435662241972983,0.8497208321886852
604,adam,604,605,6.930726987739016e-05,1,3.470833484919105e-08,2.506401549260686e-09,2.894426826713685e-08,8.076553532687706e-07,1,1,,0,1.7683779118963637e-17,-0.060241928849723354,-1.4832279783222704,-1.332160518612939,0.001497610435424357,7.671309417579909e-05,0.00018630173066611875,0.0008227812521037419,5.153372543874166e-05,0.00034373657174340254,0.11339319068101272,0.4055184279435251,0.4356623208432749,0.849720965248486
605,adam,605,606,6.861419717861625e-05,1,3.470648187198887e-08,2.506031132189186e-09,2.8941043211755767e-08,8.002742869099872e-07,1,1,,0,1.774402137637008e-17,-0.060239419012423835,-1.4832229982699707,-1.3321594375046601,0.0014976114587311224,7.67070776288921e-05,0.0001862967575455592,0.0008227929138523012,5.153165761855315e-05,0.00034373682822138034,0.11339322169507132,0.40551700425496334,0.43566239896124814,0.8497210970637025
606,adam,606,607,6.792805520683009e-05,1,3.4704646030202335e-08,2.5056641185305545e-09,2.8937846784489882e-08,7.929605678250302e-07,1,1,,0,1.7059689284051888e-17,-0.06023693183497308,-1.4832180631858307,-1.332158365712785,0.0014976124755544653,7.670111686151108e-05,0.00018629183028303291,0.0008228044683117851,5.1529609329196157e-05,0.00034373708235254757,0.11339325242066754,0.40551559301444196,0.4356624763343071,0.8497212276462749
607,adam,607,608,6.724877465476178e-05,1,3.4702827163256605e-08,2.505300476383943e-09,2.8934678730838077e-08,7.857135775645122e-07,1,1,,0,1.7873106832476708e-17,-0.06023446711488411,-1.4832131726668625,-1.3321573031641383,0.0014976134858879066,7.669521134703468e-05,0.00018628694845119077,0.0008228159164713872,5.152758037915053e-05,0.0003437373341586863,0.11339328286053416,0.4055141941105622,0.43566255296977824,0.8497213570080226
608,adam,608,609,6.657628690821418e-05,1,3.4701025112134145e-08,2.5049401740827575e-09,2.893153879577896e-08,7.785327034939141e-07,1,1,,0,1.9068320845710353e-17,-0.060232024651448786,-1.4832083263136862,-1.3321562497859913,0.0014976144897247588,7.668936056439046e-05,0.00018628211162678541,0.0008228272593113181,5.152557057891727e-05,0.00034373758366138956,0.1133933130173782,0.40551280743302226,0.4356626288749118,0.8497214851606455
609,adam,609,610,6.591052403913205e-05,1,3.469923971934493e-08,2.5045831803033947e-09,2.8928426728142367e-08,7.714173387407091e-07,1,1,,0,1.764174944564293e-17,-0.06022960424574721,-1.4832035237304675,-1.3321552055060644,0.0014976154870620748,7.668356399732391e-05,0.00018627731939059282,0.0008228384978022845,5.1523579740819087e-05,0.0003437378308819872,0.11339334289388106,0.4055114328724756,0.4356627040568821,0.8497216121157251
610,adam,610,611,6.525141879874071e-05,1,3.469747082894383e-08,2.5042294640184527e-09,2.892534227809401e-08,7.643668821437014e-07,1,1,,0,1.8257982471339164e-17,-0.06022720570061739,-1.4831987645248976,-1.3321541702525226,0.0014976164778956961,7.667782113484195e-05,0.00018627257132746043,0.0008228496329061425,5.152160767943489e-05,0.0003437380758416857,0.11339337249269373,0.4055100703206905,0.4356627785227887,0.8497217378847262
611,adam,611,612,6.459890461075331e-05,1,3.4695718286475726e-08,2.5038789944440263e-09,2.892228519638443e-08,7.573807381681914e-07,1,1,,0,1.577944745997247e-17,-0.06022482882062744,-1.4831940483081707,-1.332153143953978,0.0014976174622247406,7.667213147098399e-05,0.00018626786702616134,0.0008228606655759662,5.1519654211085206e-05,0.00034373831856141987,0.1133934018164452,0.40550871967042096,0.435662852279657,0.849721862478998
612,adam,612,613,6.395291556464577e-05,1,3.469398193899233e-08,2.5035317411161523e-09,2.8919255236568468e-08,7.504583168988252e-07,1,1,,0,1.621142762690438e-17,-0.060222473412074554,-1.4831893746949534,-1.3321521265394896,0.0014976184400484313,7.666649450493871e-05,0.00018626320607944107,0.0008228715967556163,5.151771915408427e-05,0.00034373855906197614,0.11339343086773575,0.40550738081539695,0.43566292533443957,0.8497219859097753
613,adam,613,614,6.331338640899932e-05,1,3.4692261635012876e-08,2.503187674061892e-09,2.8916252161050206e-08,7.435990339316416e-07,1,1,,0,1.8371545979873083e-17,-0.06022013928296067,-1.4831847433032996,-1.3321511179385617,0.0014976194113674888,7.666090974012007e-05,0.00018625858808391326,0.0008228824273799404,5.151580232864843e-05,0.00034373879736387995,0.11339345964914192,0.40550605365036224,0.4356629976940164,0.8497221081881801
614,adam,614,615,6.268025254490932e-05,1,3.469055722451839e-08,2.5028467631844046e-09,2.8913275720263522e-08,7.368023103530508e-07,1,1,,0,1.6981205862478313e-17,-0.060217826243005215,-1.4831801537547291,-1.3321501180811441,0.0014976203761842119,7.66553766857869e-05,0.00018625401264004592,0.0008228931583758243,5.151390355675636e-05,0.00034373903348752284,0.11339348816321337,0.40550473807104825,0.4356630693651963,0.8497222293252225
615,adam,615,616,6.205345001946022e-05,1,3.468886855895693e-08,2.5025089792030387e-09,2.8910325683977715e-08,7.300675726791428e-07,1,1,,0,1.6335407074670937e-17,-0.060215534103589104,-1.4831756056740781,-1.3321491268976313,0.001497621334501235,7.664989485515001e-05,0.00018624947935217678,0.000822903790660649,5.151202266262649e-05,0.00034373926745307203,0.1133935164124756,0.40550343397418737,0.43566314035471726,0.8497223493318018
616,adam,616,617,6.143291551926563e-05,1,3.4687195491173506e-08,2.50217429270507e-09,2.890740181156762e-08,7.233942527877753e-07,1,1,,0,1.6868526431563992e-17,-0.060213262677761635,-1.483171098689543,-1.3321481443188625,0.0014976222863232374,7.664446376661235e-05,0.00018624498782832656,0.0008229143251435294,5.151015947172041e-05,0.00034373949928047273,0.11339354439942914,0.40550214125738215,0.43566321066924746,0.8497224682187084
617,adam,617,618,6.0818586364072964e-05,1,3.4685537875471375e-08,2.5018426747131314e-09,2.890450386719139e-08,7.16781787884444e-07,1,1,,0,1.7053260961858813e-17,-0.06021101178024219,-1.483166632432665,-1.3321471702761196,0.001497623231655236,7.663908294344027e-05,0.00018624053768036478,0.0008229247627255552,5.1508313811951206e-05,0.00034373972898955483,0.11339357212654898,0.40550085981931144,0.4356632803153862,0.8497225859966244
618,adam,618,619,6.021040050043223e-05,1,3.468389556752515e-08,2.5015140965336906e-09,2.8901631619055175e-08,7.10229620441757e-07,1,1,,0,1.5828572719602665e-17,-0.06020878122736618,-1.4831622065382115,-1.3321462047011285,0.0014976241705035168,7.663375191326461e-05,0.000186236128523778,0.0008229351042989448,5.1506485512561955e-05,0.00034373995659988326,0.11339359959628761,0.405499589559502,0.4356633492996644,0.8497227026761247
619,adam,619,620,5.960829649542791e-05,1,3.468226842441061e-08,2.5011885298575413e-09,2.8898784840841398e-08,7.037371981410091e-07,1,1,,0,1.5353150013160966e-17,-0.06020657083709003,-1.483157820644227,-1.332145247526056,0.0014976251028758676,7.662847020809125e-05,0.00018623175997775087,0.0008229453507473829,5.150467440476194e-05,0.0003437401821308811,0.11339362681107143,0.4054983303785413,0.4356634176285454,0.8497228182676787
620,adam,620,621,5.901221353047363e-05,1,3.468065630457891e-08,2.500865946485207e-09,2.8895963301868686e-08,6.973039738311421e-07,1,1,,0,1.4898572549945712e-17,-0.060204380429004244,-1.4831534743919859,-1.332144298683511,0.001497626028779334,7.662323736497734e-05,0.00018622743166509843,0.0008229555029467981,5.150288032149334e-05,0.0003437404056017591,0.1133936537733052,0.405497082177781,0.4356634853084261,0.8497229327816509
621,adam,621,622,5.8422091395168896e-05,1,3.467905906784429e-08,2.5005463185368384e-09,2.8893166775223816e-08,6.909294054752522e-07,1,1,,0,1.590273764479163e-17,-0.06020220982428846,-1.4831491674259758,-1.3321433581065432,0.0014976269482242434,7.661805292548794e-05,0.0001862231432122342,0.0008229655617648635,5.1501103097482856e-05,0.000343740627031569,0.11339368048536824,0.40549584485955525,0.4356635523456372,0.8497230462283026
622,adam,622,623,5.783787048121721e-05,1,3.4677476575359954e-08,2.5002296184640246e-09,2.8890395038750678e-08,6.846129560925129e-07,1,1,,0,1.6158324939881853e-17,-0.06020005884566961,-1.4831448993938063,-1.3321424257286405,0.0014976278612208805,7.661291643529304e-05,0.0001862188942491066,0.0008229755280610129,5.1499342569082736e-05,0.00034374084643916755,0.11339370694961735,0.4054946183271923,0.4356636187464445,0.8497231586177926
623,adam,623,624,5.7259491776405034e-05,1,3.4675908689612605e-08,2.4999158189219477e-09,2.8887647869862745e-08,6.78354093722764e-07,1,1,,0,1.610641143573943e-17,-0.06019792731749679,-1.4831406699462624,-1.3321415014837306,0.0014976287677800262,7.660782744464682e-05,0.00018621468440918563,0.000822985402686755,5.14975985743315e-05,0.0003437410638432397,0.11339373316838643,0.40549340248477167,0.43566368451704907,0.8497232699601784
624,adam,624,625,5.668689685864098e-05,1,3.4674355274412755e-08,2.4996048928792143e-09,2.8884925049302356e-08,6.721522913618566e-07,1,1,,0,1.653186663363842e-17,-0.06019581506562549,-1.4831364787372312,-1.3321405853061785,0.0014976296679134217,7.660278550827017e-05,0.00018621051332943787,0.0008229951864856045,5.1495870953002895e-05,0.00034374127926226224,0.11339375914398686,0.40549219723735225,0.4356637496635884,0.8497233802654173
625,adam,625,626,5.6120027890054576e-05,1,3.467281619487745e-08,2.499296813457701e-09,2.888222635637679e-08,6.66007026920219e-07,1,1,,0,1.5294611934071944e-17,-0.06019372191748809,-1.4831323254236706,-1.3321396771307856,0.001497630561634317,7.659779018527915e-05,0.00018620638065028127,0.0008230048802936275,5.149415954658464e-05,0.0003437414927145976,0.1133937848787059,0.40549100249090997,0.43566381419213684,0.8497234895433676
626,adam,626,627,5.555882761115403e-05,1,3.467129131740651e-08,2.4989915542221502e-09,2.8879551578799818e-08,6.599177831841599e-07,1,1,,0,1.5690905317132665e-17,-0.06019164770202121,-1.4831282096656115,-1.3321387768927895,0.0014976314489556835,7.659284103861233e-05,0.00018620228601552266,0.0008230144849383751,5.1492464197967324e-05,0.00034374170421837345,0.11339381037481076,0.4054898181521661,0.4356638781087066,0.8497235978037897
627,adam,627,628,5.500323933504249e-05,1,3.4669780509690106e-08,2.4986890888803776e-09,2.8876900501900607e-08,6.538840477518575e-07,1,1,,0,1.6914138268210706e-17,-0.06018959224967652,-1.483124131126109,-1.3321378845278615,0.0014976323298924636,7.65879376359542e-05,0.00018619822907237895,0.0008230240012403036,5.149078475194068e-05,0.0003437419137915749,0.11339383563454453,0.40548864412880764,0.4356639414192481,0.8497237050563469
628,adam,628,629,5.445320694169206e-05,1,3.466828364068983e-08,2.4983893914243972e-09,2.887427291369927e-08,6.479053129924376e-07,1,1,,0,1.732407993121251e-17,-0.060187555392412564,-1.483120089471216,-1.3321369999721056,0.0014976332044592492,7.658307954898675e-05,0.00018619420947142752,0.000823033430012074,5.148912105486275e-05,0.00034374212145202646,0.11339386066012909,0.4054874803293749,0.4356640041296509,0.8497238113106065
629,adam,629,630,5.3908674872275135e-05,1,3.466680058059274e-08,2.498092436004833e-09,2.8871668602311122e-08,6.419810760041883e-07,1,1,,0,1.4907910353205693e-17,-0.06018553696367667,-1.483116084369967,-1.3321361231620585,0.0014976340726727572,7.657826635356148e-05,0.0001861902268664839,0.0008230427720587981,5.1487472954324356e-05,0.00034374232721733105,0.11339388545376623,0.4054863266631589,0.4356640662457446,0.8497239165760414
630,adam,630,631,5.3369588123552385e-05,1,3.4665331200854444e-08,2.497798197183238e-09,2.8869087362209867e-08,6.361108385590706e-07,1,1,,0,1.795875241529346e-17,-0.06018353679838859,-1.4831121154943285,-1.3321352540346878,0.0014976349345492768,7.657349762948933e-05,0.00018618628091471843,0.0008230520281779808,5.148584029985522e-05,0.0003437425311049893,0.11339391001763362,0.4054851830403764,0.4356641277732986,0.8497240208620301
631,adam,631,632,5.2835892242316866e-05,1,3.4663875374152474e-08,2.4975066497363215e-09,2.8866528988335776e-08,6.302941070692237e-07,1,1,,0,1.5348560703586594e-17,-0.060181554732919494,-1.4831081825192076,-1.3321343925273899,0.0014976357901059062,7.656877296079521e-05,0.00018618237127653218,0.0008230611991598296,5.1484222942489804e-05,0.00034374273313228417,0.11339393435389017,0.4054840493720745,0.4356641887180242,0.8497241241778587
632,adam,632,633,5.23075333198937e-05,1,3.4662432974375035e-08,2.497217768431724e-09,2.8863993269904323e-08,6.245303925308065e-07,1,1,,0,1.5605353845877274e-17,-0.06017959060510898,-1.4831042851224177,-1.3321335385779907,0.001497636639360868,7.656409193585805e-05,0.00018617849761552765,0.0008230702857875855,5.1482620734634e-05,0.0003437429333163952,0.11339395846467162,0.4054829255700856,0.4356642490855739,0.8497242265327212
633,adam,633,634,5.1784457986694756e-05,1,3.466100387660832e-08,2.4969315286980537e-09,2.8861480011984937e-08,6.18819210487969e-07,1,1,,0,1.614810275476574e-17,-0.06017764425421506,-1.4831004229846174,-1.3321326921247405,0.001497637482332728,7.655945414612149e-05,0.00018617465959847574,0.0008230792888363577,5.1481033530178306e-05,0.00034374313167426517,0.1133939823520954,0.405481811547052,0.4356643088815426,0.8497243279357207
634,adam,634,635,5.126661340682781e-05,1,3.4659587957149875e-08,2.496647905865465e-09,2.8858989009510327e-08,6.131600809780086e-07,1,1,,0,1.5178581038038668e-17,-0.060175715520931455,-1.4830965957893312,-1.3321318531063175,0.0014976383190407126,7.655485918794721e-05,0.00018617085689535265,0.0008230882090747685,5.147946118476515e-05,0.00034374332822274285,0.11339400601825544,0.4054807072164435,0.4356643681114688,0.8497244283958706
635,adam,635,636,5.075394727275953e-05,1,3.465818509345449e-08,2.4963668756913766e-09,2.885652006608173e-08,6.075525285039998e-07,1,1,,0,1.381587922221672e-17,-0.060173804247346745,-1.4830928032228727,-1.3321310214618225,0.0014976391495050922,7.655030666096591e-05,0.00018616708917919538,0.0008230970472641518,5.147790355524743e-05,0.0003437435229784599,0.11339402946522883,0.4054796124925173,0.43566442678083406,0.8497245279220954
636,adam,636,637,5.0246407800031936e-05,1,3.4656795164161717e-08,2.4960884140222658e-09,2.885407298195726e-08,6.019960819656526e-07,1,1,,0,1.694435543338393e-17,-0.060171910276986235,-1.4830890449744187,-1.3321301971307797,0.0014976399737458652,7.654579616898615e-05,0.00018616335612617677,0.000823105804158708,5.14763605001191e-05,0.00034374371595796244,0.11339405269506884,0.40547852729031947,0.4356644848950645,0.8497246265232313
637,adam,637,638,4.9743943722031614e-05,1,3.465541804905825e-08,2.4958124970868525e-09,2.885164756476362e-08,5.964902746510842e-07,1,1,,0,1.6635459734408253e-17,-0.06017003345470751,-1.4830853207358292,-1.3321293800531333,0.001497640791783921,7.65413273194993e-05,0.00018615965741550518,0.0008231144805055927,5.1474831879230976e-05,0.0003437439071775629,0.11339407570981186,0.4054774515256699,0.4356645424595313,0.849724724208028
638,adam,638,639,4.924650428481129e-05,1,3.465405362906937e-08,2.495539101202154e-09,2.8849243618665728e-08,5.910346441685286e-07,1,1,,0,1.7383481121752763e-17,-0.0601681736267817,-1.483081630201766,-1.3321285701692478,0.001497641603641586,7.653689972381578e-05,0.00018615599272940253,0.00082312307704529,5.147331755381737e-05,0.0003437440966534489,0.11339409851147408,0.40547638511515033,0.4356645994795508,0.8497248209851485
639,adam,639,640,4.875403924196319e-05,1,3.4652701786266393e-08,2.495268203046177e-09,2.8846860954337856e-08,5.856287324067899e-07,1,1,,0,1.715907952328852e-17,-0.06016633064082375,-1.4830779730696102,-1.3321277674199064,0.0014976424093401364,7.653251299683606e-05,0.0001861523617531252,0.000823131594511041,5.147181738662204e-05,0.00034374428440168986,0.11339412110205027,0.4054753279761649,0.43566465596038595,0.849724916863171
640,adam,640,641,4.826649884954355e-05,1,3.465136240382869e-08,2.494999779428461e-09,2.8844499381096713e-08,5.802720855036877e-07,1,1,,0,1.8172314249854194e-17,-0.06016450434581745,-1.483074349039418,-1.3321269717463071,0.0014976432089032188,7.652816675740453e-05,0.00018614876417486281,0.0008231400336295312,5.147033124164198e-05,0.0003437444704381476,0.11339414348351838,0.4054742800267974,0.435664711907246,0.8497250118505891
641,adam,641,642,4.7783833861048115e-05,1,3.465003536605576e-08,2.4947338074151598e-09,2.8842158710943927e-08,5.749642538050669e-07,1,1,,0,1.8934785034143008e-17,-0.06016269459205653,-1.4830707578139255,-1.3321261830900644,0.0014976440023528879,7.65238606278542e-05,0.00018614519968577153,0.0008231483951207553,5.146885898443144e-05,0.0003437446547785761,0.11339416565783546,0.40547324118594147,0.43566476732528775,0.8497251059558134
642,adam,642,643,4.7305995522437634e-05,1,3.464872055834558e-08,2.4944702643037635e-09,2.883983875791886e-08,5.697047918097866e-07,1,1,,0,1.6636391882033558e-17,-0.06016090123119753,-1.483067199098537,-1.3321254013932053,0.0014976447897131796,7.651959423421346e-05,0.0001861416679799168,0.0008231566796978696,5.1467400481845745e-05,0.0003437448374385646,0.11339418762694035,0.40547221137320677,0.4356648222196158,0.8497251991871716
643,adam,643,644,4.683293556721326e-05,1,3.464741786717554e-08,2.4942091274716164e-09,2.8837539333485664e-08,5.644932581466561e-07,1,1,,0,1.7798835032916036e-17,-0.06015912411619777,-1.4830636726012807,-1.332124626598169,0.0014976455710081708,7.65153672062571e-05,0.00018613816875422283,0.0008231648880677461,5.146595560197896e-05,0.0003437450184335697,0.11339420939275294,0.4054711905089316,0.43566487659528325,0.84972529155291
644,adam,644,645,4.636460621154113e-05,1,3.4646127180107986e-08,2.4939503747342978e-09,2.8835260257858227e-08,5.593292155272106e-07,1,1,,0,1.7112412340539144e-17,-0.06015736310129077,-1.4830601780327406,-1.332123858647804,0.0014976463462627553,7.651117917700446e-05,0.00018613470170848848,0.00082317302093045,5.146452421443838e-05,0.0003437451977788727,0.11339423095717514,0.405470178514266,0.4356649304572922,0.8497253830611938
645,adam,645,646,4.5900960149425716e-05,1,3.464484838576776e-08,2.493693984005211e-09,2.883300134914732e-08,5.542122307075724e-07,1,1,,0,1.71539340467582e-17,-0.060155618042038374,-1.4830567151061376,-1.332123097485368,0.001497647115501325,7.650702978307692e-05,0.0001861312665453275,0.0008231810789795002,5.146310618997956e-05,0.0003437453754896281,0.1133942523220907,0.40546917531089777,0.43566498381059426,0.8497254737201086
646,adam,646,647,4.544195054793146e-05,1,3.4643581373839035e-08,2.4934399334352123e-09,2.8830762428289318e-08,5.49141874439459e-07,1,1,,0,1.704541924403234e-17,-0.06015388879528582,-1.4830532835372223,-1.3321223430545248,0.0014976478787490904,7.650291866470786e-05,0.000186127862970161,0.0008231890629020645,5.146170140078519e-05,0.00034374555158084974,0.11339427348936412,0.40546818082140934,0.4356650366600915,0.8497255635376609
647,adam,647,648,4.498753104245214e-05,1,3.4642326035045675e-08,2.4931882012841127e-09,2.8828543314031095e-08,5.441177214541959e-07,1,1,,0,1.7566037230600417e-17,-0.06015217521911617,-1.483049883044309,-1.332121595299343,0.001497648636031616,7.649884546555294e-05,0.0001861244906911653,0.0008231969733792454,5.1460309720223865e-05,0.0003437457260674214,0.11339429446084301,0.40546719496900796,0.4356650890106363,0.8497256525217786
648,adam,648,649,4.453765573202762e-05,1,3.464108226115745e-08,2.492938766216559e-09,2.8826343833553334e-08,5.391393504007828e-07,1,1,,0,1.6236973539322436e-17,-0.06015047717289884,-1.4830465133481663,-1.332120854164295,0.001497649387375669,7.64948098325424e-05,0.0001861211494192894,0.0008232048110854648,5.145893102314183e-05,0.0003437458989640789,0.11339431523835582,0.405466217677648,0.4356651408670322,0.8497257406803125
649,adam,649,650,4.409227917470734e-05,1,3.4639849944945866e-08,2.492691606922508e-09,2.8824163810106628e-08,5.342063438252631e-07,1,1,,0,1.760072433360908e-17,-0.06014879451722949,-1.4830431741720997,-1.332120119594255,0.0014976501328074433,7.649081141603073e-05,0.00018611783886813717,0.0008232125766890726,5.14575651852572e-05,0.0003437460702853798,0.11339433582371622,0.40546524887191426,0.43566519223403477,0.8497258280210364
650,adam,650,651,4.3651356382960265e-05,1,3.4638628980232594e-08,2.492446702376809e-09,2.882200306991575e-08,5.293182881266249e-07,1,1,,0,1.604089551906624e-17,-0.06014712711397143,-1.4830398652418757,-1.3321193915344949,0.001497650872353331,7.648684986986281e-05,0.000186114558754098,0.0008232202708523003,5.145621208410073e-05,0.00034374624004583203,0.11339435621871681,0.40546428847712657,0.43566524311635185,0.8497259145516487
651,adam,651,652,4.3214842819130665e-05,1,3.463741926179902e-08,2.4922040317864253e-09,2.881986144400053e-08,5.244747735161389e-07,1,1,,0,1.593839018086537e-17,-0.06014547482616903,-1.4830365862856723,-1.3321186699306864,0.0014976516060410858,7.648292485072093e-05,0.00018611130879610466,0.0008232278942309552,5.145487159775085e-05,0.0003437464082596972,0.11339437642513714,0.40546333641923715,0.4356652935186439,0.8497260002797725
652,adam,652,653,4.278269439093936e-05,1,3.463622068546486e-08,2.4919635743722485e-09,2.881773875623845e-08,5.196753939883456e-07,1,1,,0,1.8095218026336488e-17,-0.060143837518146476,-1.4830333370341673,-1.332117954728897,0.0014976523338974211,7.647903601942334e-05,0.00018610808871584507,0.0008232354474754843,5.1453543606157074e-05,0.00034374657494122573,0.11339439644473501,0.40546239262494244,0.43566534344552466,0.8497260852129567
653,adam,653,654,4.2354867447029966e-05,1,3.463503314800589e-08,2.4917253098067454e-09,2.8815634842673137e-08,5.149197472807208e-07,1,1,,0,1.4447578950468754e-17,-0.060142215055360174,-1.4830301172203528,-1.3321172458755879,0.0014976530559503345,7.647518303926147e-05,0.00018610489823754208,0.0008232429312294939,5.1452227990057275e-05,0.0003437467401044284,0.11339441627925494,0.4054614570215487,0.43566539290156187,0.8497261693586766
654,adam,654,655,4.193131877255966e-05,1,3.4633856547185936e-08,2.491489217885612e-09,2.881354953704164e-08,5.10207434842241e-07,1,1,,0,1.6556041122467987e-17,-0.060140607304509895,-1.4830269265796374,-1.332116543317613,0.001497653772228105,7.647136557683453e-05,0.00018610173708803992,0.0008232503461310977,5.1450924631640375e-05,0.000343746903763255,0.11339443593042292,0.4054605295370726,0.43566544189127726,0.8497262527243352
655,adam,655,656,4.1512005584834066e-05,1,3.4632690781714984e-08,2.491255278395744e-09,2.8811482669233777e-08,5.055380617852797e-07,1,1,,0,1.6961627867080967e-17,-0.060139014133464376,-1.4830237648498152,-1.3321158470022165,0.0014976544827586661,7.646758330230222e-05,0.0001860986049966925,0.000823257692812455,5.144963341386951e-05,0.000343747065931457,0.1133944553999505,0.4054596101000912,0.43566549041914765,0.8497263353172629
656,adam,656,657,4.1096885528985725e-05,1,3.4631535751284994e-08,2.4910234715872317e-09,2.8809434078332313e-08,5.009112368708913e-07,1,1,,0,1.9377736712570296e-17,-0.06013743541126415,-1.4830206317709793,-1.3321151568770322,0.0014976551875708526,7.646383588859666e-05,0.0001860955016954601,0.000823264971899949,5.1448354221397195e-05,0.00034374722662273147,0.11339447468953061,0.4054586986399321,0.4356655384896051,0.8497264171447195
657,adam,657,658,4.068591667369587e-05,1,3.4630391356523263e-08,2.490793777689605e-09,2.8807403598528602e-08,4.963265724580321e-07,1,1,,0,1.7601766258005587e-17,-0.060135871008116716,-1.48301752708558,-1.3321144728900802,0.0014976558866934666,7.646012301208623e-05,0.0001860924269187848,0.0008232721840141935,5.144708693975406e-05,0.0003437473858506199,0.11339449380083941,0.40545779508653473,0.43566558610703726,0.8497264982138939
658,adam,658,659,4.027905750695891e-05,1,3.462925749898364e-08,2.490566177298679e-09,2.88053910720295e-08,4.917836844728031e-07,1,1,,0,1.6519988508960543e-17,-0.060134320795376575,-1.483014450538321,-1.332113794989765,0.0014976565801548933,7.645644435176433e-05,0.00018608938040356746,0.0008232793297697595,5.1445831455540715e-05,0.00034374754362849843,0.11339451273554052,0.40545689937045803,0.4356656332757881,0.8497265785319056
659,adam,659,660,3.987626693188932e-05,1,3.4628134081164114e-08,2.490340651105955e-09,2.880339633835748e-08,4.872821923768031e-07,1,1,,0,1.7874746041919223e-17,-0.06013278464554198,-1.4830114018762053,-1.3321131231248742,0.0014976572679854248,7.645279959006298e-05,0.0001860863618892156,0.0008232864097759544,5.144458765670558e-05,0.00034374769996967515,0.11339453149527856,0.40545601142286675,0.43566568000015843,0.8497266581058046
660,adam,660,661,3.947750426257042e-05,1,3.4627021006468956e-08,2.490117179894144e-09,2.8801419236508684e-08,4.828217191341046e-07,1,1,,0,1.50823134297228e-17,-0.060131262432255014,-1.483008380848524,-1.332112457244577,0.0014976579502137728,7.644918841237445e-05,0.00018608337111754224,0.0008232934246362524,5.144335543210286e-05,0.0003437478548873045,0.11339455008168356,0.4054551311755844,0.4356657262844061,0.8497267369425733
661,adam,661,662,3.9082729219944726e-05,1,3.462591817921977e-08,2.489895744863471e-09,2.879945961405546e-08,4.784018911797039e-07,1,1,,0,1.832449367933021e-17,-0.060129754030270724,-1.4830053872067281,-1.3321117972984229,0.0014976586268698612,7.644561050681718e-05,0.00018608040783279624,0.0008233003749485196,5.144213467185671e-05,0.0003437480083944245,0.11339456849636984,0.4054542585610822,0.43566577213274643,0.8497268150491257
662,adam,662,663,3.869190192774527e-05,1,3.46248255046278e-08,2.4896763271325085e-09,2.8797517311875942e-08,4.740223383754231e-07,1,1,,0,1.648529954852206e-17,-0.0601282593154363,-1.4830024207045616,-1.3321111432363357,0.0014976592979838142,7.644206556478034e-05,0.00018607747178158834,0.0008233072613053553,5.14409252670315e-05,0.00034374816050393366,0.11339458674093723,0.4054533935123853,0.43566581754935324,0.8497268924323094
663,adam,663,664,3.830498290846782e-05,1,3.462374288881681e-08,2.489458908159614e-09,2.8795592176705483e-08,4.696826939873233e-07,1,1,,0,1.6847586135626298e-17,-0.06012677816475479,-1.4829994810979261,-1.3321104950086173,0.001497659963585264,7.643855328059616e-05,0.00018607456271295335,0.000823314084293781,5.143972711000633e-05,0.0003437483112286472,0.11339460481696764,0.4054525359631391,0.4356658625383585,0.8497269690989059
664,adam,664,665,3.7921933079383146e-05,1,3.462267023877447e-08,2.48924346955469e-09,2.8793684056744886e-08,4.653825946616806e-07,1,1,,0,1.7401332015305186e-17,-0.06012531045627015,-1.4829965681449213,-1.3321098525659425,0.0014976606237045902,7.643507335115941e-05,0.00018607168037822002,0.000823320844495253,5.143854009399587e-05,0.0003437484605812408,0.11339462272603089,0.40545168584759306,0.4356659071038533,0.8497270450556307
665,adam,665,666,3.754271374858931e-05,1,3.462160746236356e-08,2.489029992982251e-09,2.8791792797594967e-08,4.6112168037087067e-07,1,1,,0,1.8039159311736008e-17,-0.060123856069157613,-1.482993681605789,-1.332109215859356,0.0014976612783721402,7.643162547660471e-05,0.00018606882453104165,0.0008233275424860706,5.143736411329231e-05,0.00034374860857426477,0.11339464046968024,0.4054508431006121,0.4356659512498882,0.8497271203091348
666,adam,666,667,3.716728661110342e-05,1,3.46205544683208e-08,2.4888184605302367e-09,2.8789918254110316e-08,4.568995943959045e-07,1,1,,0,1.8185985893396748e-17,-0.060122414883617095,-1.4829908212429164,-1.3321085848402734,0.0014976619276187036,7.642820935954283e-05,0.00018606599492739342,0.0008233341788369736,5.1436199063346183e-05,0.00034374875522013887,0.11339465804945557,0.405450007657581,0.4356659949804735,0.8497271948660047
667,adam,667,668,3.6795613744992385e-05,1,3.461951116623978e-08,2.488608854237898e-09,2.8788060275359074e-08,4.527159832987935e-07,1,1,,0,1.658550366423648e-17,-0.06012098678094093,-1.4829879868208047,-1.3321079594604779,0.0014976625714747274,7.642482470570402e-05,0.00018606319132552732,0.0008233407541137646,5.143504484061631e-05,0.0003437489005312135,0.11339467546687994,0.40544917945455805,0.43566603829957967,0.8497272687327638
668,adam,668,669,3.642765760754246e-05,1,3.461847746656257e-08,2.488401156344349e-09,2.8786218712486853e-08,4.4857049687914873e-07,1,1,,0,1.7197431816136544e-17,-0.06011957164348844,-1.482985178106086,-1.3321073396721168,0.001497663209971178,7.642147122361988e-05,0.0001860604134859497,0.0008233472688769825,5.1433901342612005e-05,0.0003437490445197084,0.11339469272346325,0.4054483584281296,0.4356660812111382,0.8497273419158723
669,adam,669,670,3.6063381031467036e-05,1,3.4617453280561585e-08,2.4881953493394557e-09,2.8784393421554247e-08,4.4446278815765507e-07,1,1,,0,1.7818637389583618e-17,-0.06011816935463662,-1.482982394867426,-1.3321067254277024,0.0014976638431387576,7.641814862428821e-05,0.0001860576611713734,0.0008233537236817504,5.1432768467684436e-05,0.00034374918719767714,0.11339470982070173,0.40544754451543896,0.4356661237190413,0.8497274144217281
670,adam,670,671,3.570274722115236e-05,1,3.461643852035555e-08,2.487991415836977e-09,2.8782584257779972e-08,4.4039251333073926e-07,1,1,,0,1.6315599553569432e-17,-0.06011677979881415,-1.4829796368755934,-1.3321061166801074,0.0014976644710087662,7.641485662166147e-05,0.00018605493414676095,0.0008233601190783122,5.1431646115398044e-05,0.0003437493285771338,0.11339472676007611,0.405446737654241,0.43566616582714296,0.8497274862566678
671,adam,671,672,3.534571974894084e-05,1,3.461543309888132e-08,2.487789338623362e-09,2.8780791078424313e-08,4.363593317499362e-07,1,1,,0,1.8378487619046528e-17,-0.06011540286147957,-1.4829769039033913,-1.3321055133825648,0.0014976650936120092,7.641159493229153e-05,0.00018605223217924938,0.0008233664556116169,5.143053418621235e-05,0.0003437494686699429,0.11339474354305341,0.40544593778281035,0.43566620753925905,0.8497275574269668
672,adam,672,673,3.499226255145143e-05,1,3.4614436929892756e-08,2.4875891006204266e-09,2.8779013740869825e-08,4.323629058895578e-07,1,1,,0,1.7765673308931603e-17,-0.0601140384291073,-1.4829741957256528,-1.332104915488665,0.001497665710980197,7.640836327548114e-05,0.00018604955503814772,0.0008233727338219245,5.142943258157083e-05,0.0003437496074878724,0.11339476017108678,0.4054451448400074,0.4356662488591676,0.8497276279388402
673,adam,673,674,3.464233992593692e-05,1,3.4613449927952335e-08,2.487390684838568e-09,2.8777252101271373e-08,4.2840290132276994e-07,1,1,,0,1.6673436819999772e-17,-0.06011268638920123,-1.4829715121192322,-1.3321043229523544,0.0014976663231441617,7.640516137339094e-05,0.0001860469024949148,0.0008233789542444773,5.142834120390723e-05,0.0003437497450425678,0.11339477664561559,0.4054443587651908,0.4356662897906096,0.8497276977984434
674,adam,674,675,3.4295916526677546e-05,1,3.4612472008417665e-08,2.4871940746433073e-09,2.8775506024042117e-08,4.2447898668472987e-07,1,1,,0,1.771876084657652e-17,-0.060111346630215313,-1.482968852862943,-1.332103735727931,0.0014976669301356386,7.64019889502915e-05,0.0001860442743231236,0.0008233851174093121,5.142725995655371e-05,0.0003437498813455713,0.11339479296806668,0.4054435794983311,0.4356663303372889,0.8497277670118725
675,adam,675,676,3.395295736141077e-05,1,3.4611503087449054e-08,2.486999253395883e-09,2.8773775369009567e-08,4.2059083364379135e-07,1,1,,0,1.5553553470067074e-17,-0.06011001904165526,-1.4829662177375986,-1.3321031537700465,0.0014976675319861065,7.639884573340809e-05,0.00018604167029848194,0.0008233912238418021,5.1426188743886594e-05,0.0003437500164083367,0.11339480913985041,0.40544280697994406,0.4356663705028731,0.8497278355851652
676,adam,676,677,3.361342778779666e-05,1,3.4610543081987146e-08,2.4868062047305426e-09,2.877206000138658e-08,4.1673811688279754e-07,1,1,,0,1.9471350954217065e-17,-0.06010870351396625,-1.4829636065259622,-1.3321025770337016,0.0014976681287270182,7.639573145248489e-05,0.00018603909019877286,0.0008233972740624065,5.142512747122106e-05,0.0003437501502421668,0.11339482516236735,0.40544204115097615,0.43566641029099357,0.8497279035243014
677,adam,677,678,3.3277293509918694e-05,1,3.4609591909741995e-08,2.4866149122942004e-09,2.877035978282414e-08,4.1292051405171134e-07,1,1,,0,2.0437694850666496e-17,-0.06010739993859945,-1.4829610190127573,-1.3321020054742436,0.0014976687203898788,7.63926458397612e-05,0.00018603653380382573,0.0008234032685868403,5.142407604459988e-05,0.0003437502828582947,0.11339484103700302,0.4054412819529704,0.4356664497052458,0.8497279708352035
678,adam,678,679,3.294452057481951e-05,1,3.460864948921565e-08,2.486425360020029e-09,2.8768674580392898e-08,4.0913770576524224e-07,1,1,,0,1.5826189134117885e-17,-0.06010610820795438,-1.4829584549845993,-1.3321014390473653,0.0014976693070067125,7.638958863010575e-05,0.00018603400089557727,0.0008234092079260711,5.142303437137112e-05,0.00034375041426786966,0.1133948567651285,0.40544052932803426,0.43566648874919023,0.8497280375237369
679,adam,679,680,3.2615075369071314e-05,1,3.460771573964184e-08,2.486237531912622e-09,2.876700426053427e-08,4.053893755526638e-07,1,1,,0,1.5281045078620194e-17,-0.060104828215389074,-1.4829559142300177,-1.3321008777091046,0.0014976698886085891,7.638655956069907e-05,0.00018603149125791,0.000823415092586337,5.142200235936798e-05,0.00034375054448187504,0.11339487234810507,0.40543978321874186,0.43566652742635226,0.8497281035957115
680,adam,680,681,3.2288924615380604e-05,1,3.460679058103489e-08,2.486051412154914e-09,2.8765348690765783e-08,4.0167520984557935e-07,1,1,,0,1.7661547021708298e-17,-0.06010355985521817,-1.4829533965394355,-1.3321003214158387,0.001497670465227871,7.63835583713755e-05,0.0001860290046767839,0.0008234209230693446,5.1420979917622664e-05,0.00034375067351124366,0.1133948877872785,0.40543904356820054,0.43566656574022217,0.8497281690568809
681,adam,681,682,3.196603536922679e-05,1,3.460587393414828e-08,2.4858669850485658e-09,2.8763707739132882e-08,3.9799489793302337e-07,1,1,,0,1.8354032299714718e-17,-0.06010230302270707,-1.4829509017051603,-1.3320997701242856,0.0014976710368958118,7.638058480444207e-05,0.00018602654094012575,0.0008234266998721314,5.141996695598414e-05,0.0003437508013668021,0.11339490308398215,0.40543831032001004,0.43566660369425664,0.8497282339129437
682,adam,682,683,3.1646375015534524e-05,1,3.460496572046624e-08,2.4856842351512127e-09,2.8762081279237632e-08,3.9434813196291804e-07,1,1,,0,1.6988119229508996e-17,-0.06010105761401724,-1.4829484295213171,-1.3320992237914997,0.0014976716036448048,7.637763860426532e-05,0.0001860240998378066,0.0008234324234869236,5.1418963385055264e-05,0.00034375092805923545,0.11339491823953918,0.40543758341830843,0.4356666412918781,0.8497282981695444
683,adam,683,684,3.132991126537918e-05,1,3.4604065862226966e-08,2.485503146952152e-09,2.8760469177535983e-08,3.907346068827896e-07,1,1,,0,1.476892800477508e-17,-0.060099823526283465,-1.4829459797839182,-1.3320986823748715,0.00149767216550629,7.637471951824347e-05,0.0001860216811617048,0.0008234380944019198,5.141796911653783e-05,0.00034375105359919214,0.11339493325525635,0.4054368628076785,0.43566667853647545,0.8497283618322734
684,adam,684,685,3.101661215272539e-05,1,3.460317428236941e-08,2.4853237053335706e-09,2.8758871310896662e-08,3.8715402043959596e-07,1,1,,0,1.771250606645637e-17,-0.060098600657515204,-1.4829435522907575,-1.332098145832124,0.0014976727225116057,7.637182729543141e-05,0.0001860192847055633,0.0008234437131003327,5.141698406273534e-05,0.00034375117799714946,0.11339494813243235,0.40543614843325615,0.43566671543140456,0.8497284249066676
685,adam,685,686,3.070644603119813e-05,1,3.4602290904575006e-08,2.4851458951419656e-09,2.8757287550903247e-08,3.8360607313981896e-07,1,1,,0,1.4973967607848102e-17,-0.06009738890666069,-1.4829411468414577,-1.3320976141213126,0.0014976732746933862,7.636896168781276e-05,0.00018601691026510199,0.0008234492800612334,5.141600813703174e-05,0.0003437513012635653,0.11339496287235004,0.40543544024061007,0.4356667519799881,0.8497284873982107
686,adam,686,687,3.0399381570886156e-05,1,3.46014156532276e-08,2.484969701447171e-09,2.875571777305525e-08,3.800904682245234e-07,1,1,,0,1.7800525887186576e-17,-0.060096188173554464,-1.482938763237428,-1.3320970872008215,0.0014976738220833909,7.636612244942775e-05,0.0001860145576379107,0.0008234547957592061,5.141504125360125e-05,0.00034375142340875147,0.11339497747628169,0.4054347381758791,0.4356667881855166,0.8497285493123347
687,adam,687,688,3.009538775517729e-05,1,3.4600548453415196e-08,2.484795109394503e-09,2.8754161851667193e-08,3.766069116487211e-07,1,1,,0,1.6614681949159198e-17,-0.06009499835892778,-1.4829364012818456,-1.3320965650293617,0.0014976743647130452,7.636330933681246e-05,0.00018601222662345396,0.000823460260664575,5.141408332736535e-05,0.00034375154444293556,0.1133949919454878,0.40543404218558154,0.4356668240512481,0.8497286106544194
688,adam,688,689,2.979443387762552e-05,1,3.45996892309236e-08,2.484622104400272e-09,2.875261966721563e-08,3.731551120536225e-07,1,1,,0,1.6085515155433252e-17,-0.060093819364380414,-1.4829340607796457,-1.3320960475659696,0.0014976749026135983,7.63605221083994e-05,0.00018600991702305444,0.0008234656752431274,5.141313427414537e-05,0.00034375166437624645,0.11339500628121667,0.4054333522168189,0.43566685958040907,0.8497286714297934
689,adam,689,690,2.9496489538849264e-05,1,3.459883791223189e-08,2.4844506717994432e-09,2.8751091093405046e-08,3.6973478074069346e-07,1,1,,0,1.4547766007381877e-17,-0.060092651092417404,-1.4829317415375174,-1.3320955347700048,0.0014976754358176744,7.635776052537258e-05,0.00018600762863988103,0.0008234710399567203,5.141219401050981e-05,0.000343751783218731,0.11339502048470493,0.4054326682170609,0.4356668947761943,0.8497287316437342
690,adam,690,691,2.9201524643460766e-05,1,3.459799442451597e-08,2.484280797304009e-09,2.8749576012899518e-08,3.663456316483847e-07,1,1,,0,1.7218148286385907e-17,-0.06009149344640616,-1.4829294433638815,-1.332095026601149,0.001497675964356556,7.635502435088131e-05,0.00018600536127895875,0.0008234763552624848,5.141126245405814e-05,0.00034375190098034653,0.11339503455717682,0.4054319901343108,0.4356669296417674,0.8497287913014697
691,adam,691,692,2.890950939702616e-05,1,3.45971586956031e-08,2.484112466614412e-09,2.8748074305615672e-08,3.6298738132742013e-07,1,1,,0,1.736919363390256e-17,-0.06009034633055171,-1.482927166068836,-1.3320945230194015,0.0014976764882628996,7.635231335013682e-05,0.00018600311474704692,0.0008234816216137104,5.141033952280259e-05,0.00034375201767092,0.1133950484998468,0.4054313179170242,0.43566696418026113,0.8497288504081776
692,adam,692,693,2.86204143030559e-05,1,3.459633065402426e-08,2.4839456655914977e-09,2.8746585851992043e-08,3.5965974891414736e-07,1,1,,0,1.7106694279011657e-17,-0.06008920964993952,-1.4829249094642147,-1.3320940239850796,0.0014976770075671726,7.634962729102431e-05,0.0001860008888527801,0.0008234868394595934,5.140942513599512e-05,0.0003437521333002374,0.11339506231391601,0.4054306515141193,0.4356669983947777,0.8497289089689861
693,adam,693,694,2.8334210160025338e-05,1,3.459551022895545e-08,2.4837803802394795e-09,2.874511053507973e-08,3.563624561070131e-07,1,1,,0,1.481211141151208e-17,-0.06008808331047966,-1.482922673363514,-1.332093529458816,0.0014976775223013686,7.63469659432044e-05,0.00018599868340651084,0.0008234920092449242,5.140851921334383e-05,0.00034375224787798144,0.11339507600057484,0.40542999087496595,0.4356670322883891,0.8497289669889752
694,adam,694,695,2.8050868058425085e-05,1,3.4594697350231824e-08,2.483616596651516e-09,2.8743648237316876e-08,3.530952271446208e-07,1,1,,0,1.8586746815160738e-17,-0.06008696721895285,-1.4829204575819064,-1.3320930394015564,0.0014976780324974627,7.634432907867834e-05,0.00018599649822034775,0.0008234971314106036,5.140762167537291e-05,0.0003437523614137118,0.11339508956100385,0.40542933594935676,0.43566706586413734,0.849729024473176
695,adam,695,696,2.7770359377840834e-05,1,3.4593891948358854e-08,2.4834543011246884e-09,2.874219884409086e-08,3.4985778878794187e-07,1,1,,0,1.7142951526076515e-17,-0.06008586128295322,-1.482918261936228,-1.332092553774557,0.0014976785381865558,7.634171647153961e-05,0.000185994333108186,0.0008235022063933541,5.14067324435957e-05,0.00034375247391694276,0.11339510299637032,0.40542868668755194,0.435667099125035,0.8497290814265724
696,adam,696,697,2.749265578406243e-05,1,3.459309395447091e-08,2.483293480105716e-09,2.8740762243300343e-08,3.466498702777293e-07,1,1,,0,1.7149932011285806e-17,-0.06008476541087204,-1.4829160862448902,-1.3320920725393837,0.001497679039400272,7.633912789775695e-05,0.00018599218788559616,0.0008235072346259785,5.14058514400769e-05,0.00034375258539707317,0.11339511630783274,0.40542804304027374,0.43566713207406504,0.8497291378541005
697,adam,697,698,2.72177292262218e-05,1,3.45923033003508e-08,2.4831341199838307e-09,2.873933831725595e-08,3.4347120333571893e-07,1,1,,0,1.6541945061462095e-17,-0.06008367951196745,-1.4829139303280254,-1.3320915956579094,0.001497679536170447,7.633656313595335e-05,0.00018599006236987717,0.0008235122165374625,5.140497858767982e-05,0.00034375269586344695,0.11339512949653646,0.4054274049586642,0.43566716471418165,0.8497291937606495
698,adam,698,699,2.6945551933959582e-05,1,3.459151991842041e-08,2.482976207510918e-09,2.873792695719488e-08,3.403215221199625e-07,1,1,,0,1.803956056833626e-17,-0.06008260349628038,-1.4829117940073075,-1.3320911230923116,0.0014976800285280447,7.633402196623259e-05,0.00018598795638003127,0.0008235171525524404,5.140411381012393e-05,0.00034375280532529415,0.11339514256361741,0.40542677239429376,0.4356671970483103,0.8497292491510627
699,adam,699,700,2.6676096414619988e-05,1,3.459074374171017e-08,2.4828197293603823e-09,2.8736528049143167e-08,3.37200563219081e-07,1,1,,0,1.687611508660544e-17,-0.06008153727465455,-1.4829096771059975,-1.3320906548050722,0.0014976805165042406,7.63315041712019e-05,0.00018598586973668233,0.0008235220430921602,5.1403257031613653e-05,0.00034375291379173164,0.11339515551020177,0.4054261452991744,0.435667229079348,0.8497293040301369
700,adam,700,701,2.6409335450473786e-05,1,3.4589974703898606e-08,2.482664672444935e-09,2.8735141483259938e-08,3.3410806562180306e-07,1,1,,0,1.6567114904092888e-17,-0.06008048075873586,-1.482907579448989,-1.3320901907589735,0.0014976810001308904,7.632900953518818e-05,0.00018598380226218252,0.0008235268885736822,5.140240817737724e-05,0.00034375302127187784,0.11339516833740243,0.4054255236257659,0.43566726081016344,0.8497293584026238
701,adam,701,702,2.614524209596905e-05,1,3.458921273926512e-08,2.4825110238722173e-09,2.8733767153459175e-08,3.3104377068734553e-07,1,1,,0,1.6227179185218657e-17,-0.060079433860950056,-1.4829055008627001,-1.3320897309170963,0.0014976814794384345,7.632653784452653e-05,0.00018598175378048545,0.0008235316894100971,5.140156717319522e-05,0.00034375312777468225,0.11339518104632508,0.4054249073268779,0.43566729224359785,0.8497294122732296
702,adam,702,703,2.5883789675009356e-05,1,3.458845778269821e-08,2.4823587706010532e-09,2.873240494588492e-08,3.280074221434871e-07,1,1,,0,1.7151765315396702e-17,-0.06007839649452311,-1.48290344117512,-1.3320892752428195,0.0014976819544584561,7.632408888794623e-05,0.00018597972411716878,0.0008235364460112574,5.140073394551809e-05,0.00034375323330905483,0.11339519363806262,0.4054242963557963,0.43566732338246456,0.8497294656466168
703,adam,703,704,2.5624951778259265e-05,1,3.458770976970814e-08,2.482207900005412e-09,2.8731054756848567e-08,3.2499876604872656e-07,1,1,,0,2.0260285674569245e-17,-0.060077368573438455,-1.4829014002157674,-1.3320888236998174,0.0014976824252219783,7.632166245576191e-05,0.0001859777130994683,0.000823541158782717,5.1399908421759874e-05,0.00034375333788382885,0.11339520611369827,0.40542369066622397,0.4356673542295499,0.8497295185274027
704,adam,704,705,2.5368702260476674e-05,1,3.458696863637966e-08,2.4820583994493495e-09,2.872971648013683e-08,3.2201755076528736e-07,1,1,,0,1.6676941411253692e-17,-0.06007635001244153,-1.4828993778156785,-1.332088376252057,0.001497682891759384,7.63192583402293e-05,0.00018597572055615124,0.0008235458281265007,5.1399090529706975e-05,0.0003437534415077173,0.11339521847430599,0.4054230902122733,0.43566738478761297,0.8497295709201615
705,adam,705,706,2.5115015237871907e-05,1,3.458623431940938e-08,2.481910256359412e-09,2.8728390008059925e-08,3.190635269621641e-07,1,1,,0,1.5664120584680264e-17,-0.06007534072705954,-1.482897373807419,-1.3320879328637965,0.0014976833541025124,7.631687633578915e-05,0.00018597374631761706,0.0008235504544411731,5.1398280198079045e-05,0.00034375354418939556,0.11339523072094887,0.4054224949484244,0.4356674150593862,0.8497296228294241
706,adam,706,707,2.4863865085493185e-05,1,3.4585506756076436e-08,2.4817634583828685e-09,2.872707523729144e-08,3.161364475689335e-07,1,1,,0,1.7218846846757224e-17,-0.06007434063356915,-1.4828953880250573,-1.3320874934995839,0.001497683812281478,7.631451623868921e-05,0.0001859717902158186,0.0008235550381213258,5.139747735620659e-05,0.0003437536459374477,0.1133952428546796,0.40542190482962137,0.43566744504757576,0.8497296742596785
707,adam,707,708,2.4615226434638252e-05,1,3.458478588423684e-08,2.4816179932374715e-09,2.8725772064715715e-08,3.1323606776172465e-07,1,1,,0,1.6257478099941158e-17,-0.06007334964898689,-1.4828934203041158,-1.3320870581242537,0.0014976842663268414,7.631217784691399e-05,0.00018596985208424737,0.0008235595795578506,5.1396681934022516e-05,0.00034375374676034624,0.11339525487654295,0.4054213198110864,0.4356674747548615,0.8497297252153699
708,adam,708,709,2.4369074170291873e-05,1,3.458407164232862e-08,2.4814738487347256e-09,2.8724480386895693e-08,3.1036214495786507e-07,1,1,,0,1.418069257800916e-17,-0.06007236769106315,-1.4828914704816052,-1.3320866267029274,0.0014976847162696133,7.630986096067335e-05,0.0001859679317579475,0.000823564079138543,5.139589386226871e-05,0.00034375384666653406,0.11339526678757154,0.40542073984863136,0.4356675041838973,0.8497297757009022
709,adam,709,710,2.4125383428588952e-05,1,3.458336396936608e-08,2.4813310127608955e-09,2.872320009928186e-08,3.075144387791656e-07,1,1,,0,1.6763056508127258e-17,-0.06007139467831828,-1.4828895383960239,-1.3320861992010087,0.0014976851621396978,7.630756538195802e-05,0.0001859660290735006,0.0008235685372475329,5.1395113072365644e-05,0.00034375394566436954,0.11339527858878909,0.40542016489830746,0.43566753333731145,0.8497298257206373
710,adam,710,711,2.3884129594303063e-05,1,3.45826628049099e-08,2.4811894735393736e-09,2.8721931107886327e-08,3.046927110165954e-07,1,1,,0,1.813321569081532e-17,-0.06007043052995077,-1.4828876238872595,-1.332085775584183,0.0014976856039682243,7.630529091399344e-05,0.0001859641438689456,0.0008235729542645709,5.1394339496111016e-05,0.0003437540437620829,0.11339529028121136,0.405419594916579,0.4356675622177068,0.8497298752788955
711,adam,711,712,2.3645288298360033e-05,1,3.4581968089097624e-08,2.4810492190858646e-09,2.8720673306905654e-08,3.0189672565677474e-07,1,1,,0,1.9416311311358672e-17,-0.06006947516591529,-1.4828857267966467,-1.332085355818416,0.0014976860417847545,7.630303736274908e-05,0.00018596227598386084,0.0008235773305673053,5.1393573066277836e-05,0.0003437541409678824,0.11339530186584253,0.4054190298603557,0.4356675908276613,0.8497299243799572
712,adam,712,713,2.340883541537643e-05,1,3.458127976262124e-08,2.4809102377369725e-09,2.8719426599411148e-08,2.9912624880989267e-07,1,1,,0,1.5850536195211533e-17,-0.060068528506888756,-1.482883846967003,-1.3320849398699504,0.001497686475619916,7.630080453549255e-05,0.00018596042525930413,0.0008235816665288193,5.139281371617214e-05,0.00034375423728989047,0.11339531334367789,0.4054184696868394,0.4356676191697277,0.8497299730280619
713,adam,713,714,2.3174747061222666e-05,1,3.458059776671149e-08,2.480772517840394e-09,2.8718190885786545e-08,2.963810487310031e-07,1,1,,0,1.500141414588106e-17,-0.06006759047421468,-1.4828819842424588,-1.332084527705305,0.0014976869055034717,7.629859224139852e-05,0.00018595859153777082,0.0008235859625195489,5.1392061379700454e-05,0.00034375433273613323,0.11339532471570515,0.4054179143536941,0.4356676472464343,0.8497300212274089
714,adam,714,715,2.294299959061044e-05,1,3.4579922043159635e-08,2.480636047898136e-09,2.8716966069319536e-08,2.936608957736665e-07,1,1,,0,1.708016911011034e-17,-0.060066660989994004,-1.4828801384686112,-1.332084119291273,0.001497687331465936,7.629640029140094e-05,0.00018595677466325242,0.0008235902189058989,5.139131599150359e-05,0.00034375442731460616,0.11339533598289916,0.4054173638189279,0.4356676750602849,0.8497300689821585
715,adam,715,716,2.2713569594704337e-05,1,3.457925253428116e-08,2.480500816588806e-09,2.8715752055957198e-08,2.9096556238410357e-07,1,1,,0,1.563067965901537e-17,-0.06006573997697372,-1.482878309492399,-1.3320837145949185,0.0014976877535364949,7.629422849807449e-05,0.00018595497448113928,0.0008235944360512181,5.13905774867256e-05,0.00034375452103317737,0.11339534714622966,0.4054168180408948,0.4356677026137595,0.8497301162964315
716,adam,716,717,2.248643389875729e-05,1,3.4578589182928577e-08,2.480366812520059e-09,2.871454874714542e-08,2.8829482307073876e-07,1,1,,0,1.6476142666637606e-17,-0.0600648273586361,-1.4828764971621473,-1.3320833135835766,0.0014976881717450135,7.62920766759476e-05,0.00018595319083825526,0.0008235986143156205,5.138984580114314e-05,0.0003437546138996791,0.11339535820665439,0.4054162769783383,0.4356677299093137,0.8497301631743097
717,adam,717,718,2.2261569559769718e-05,1,3.457793193249663e-08,2.480234024534262e-09,2.871335604869114e-08,2.8564845439949035e-07,1,1,,0,1.8218910556340865e-17,-0.060063923059113046,-1.4828747013275452,-1.3320829162248495,0.0014976885861212607,7.62899446412724e-05,0.00018595142358287186,0.0008236027540558446,5.138912087136176e-05,0.00034375470592186387,0.11339536916512373,0.40541574059036967,0.4356677569493798,0.8497302096198368
718,adam,718,719,2.203895386417202e-05,1,3.4577280726879936e-08,2.48010244155745e-09,2.8712173867868778e-08,2.830262349644617e-07,1,1,,0,1.7099606127053097e-17,-0.06006302700322163,-1.482872921839602,-1.3320825224866077,0.001497688996694451,7.628783221164185e-05,0.00018594967256459457,0.0008236068556251938,5.1388402634200994e-05,0.000343754797107405,0.11339538002257944,0.4054152088364478,0.4356677837363666,0.8497302556370181
719,adam,719,720,2.18185643255303e-05,1,3.457663551051202e-08,2.4799720526186866e-09,2.8711002111746746e-08,2.8042794537787515e-07,1,1,,0,1.715200027161771e-17,-0.06006213911646378,-1.4828711585506902,-1.3320821323369842,0.0014976894034941682,7.62857392067904e-05,0.00018594793763446803,0.0008236109193739124,5.138769102739139e-05,0.00034375488746391316,0.11339539077995318,0.4054146816763924,0.43566781027265983,0.8497303012298216
720,adam,720,721,2.1600378682274997e-05,1,3.4575996228339254e-08,2.479842846753606e-09,2.870984068505418e-08,2.778533682323949e-07,1,1,,0,1.8901115874224563e-17,-0.06006125932501713,-1.4828694113145078,-1.3320817457443759,0.001497689806549825,7.628366544804548e-05,0.00018594621864490617,0.0008236149456491406,5.138698598923792e-05,0.0003437549769989379,0.11339540143816824,0.40541415907037404,0.4356678365606221,0.8497303464021776
721,adam,721,722,2.1384374895452244e-05,1,3.4575362825806043e-08,2.479714813304193e-09,2.8708689501201114e-08,2.753022881094542e-07,1,1,,0,1.679738933747566e-17,-0.060060387555679016,-1.4828676799860028,-1.3320813626774388,0.0014976902058902771,7.628161075804671e-05,0.00018594451544965245,0.000823618934794446,5.138628745847757e-05,0.00034375506571993845,0.11339541199814022,0.4054136409789622,0.4356678626025934,0.8497303911579797
722,adam,722,723,2.1170531146497724e-05,1,3.457473524887022e-08,2.4795879414909898e-09,2.8707548465867998e-08,2.7277449154773964e-07,1,1,,0,1.7314222643309762e-17,-0.06005952373594303,-1.4828659644215052,-1.33208098310509,0.0014976906015445185,7.627957496156911e-05,0.00018594282790382162,0.0008236228871507374,5.138559537456987e-05,0.000343755153634307,0.11339542246077568,0.40541312736298135,0.43566788840089116,0.8497304355010847
723,adam,723,724,2.0958825835032745e-05,1,3.4574113443987336e-08,2.479462220779162e-09,2.8706417491108627e-08,2.7026976701143696e-07,1,1,,0,1.5839593947682212e-17,-0.06005866779393681,-1.482864264478588,-1.3320806069965019,0.0014976909935414519,7.627755788460669e-05,0.00018594115586385748,0.0008236268030554425,5.138490967748553e-05,0.0003437552407494012,0.11339543282697222,0.4054126181836802,0.43566791395781074,0.8497304794353133
724,adam,724,725,2.0749237576682418e-05,1,3.457349735810667e-08,2.479337640625797e-09,2.8705296486013165e-08,2.6778790490276063e-07,1,1,,0,1.6269419877808253e-17,-0.060057819658421795,-1.482862580016105,-1.3320802343211025,0.0014976913819098098,7.627555935505153e-05,0.00018593949918752246,0.0008236306828431302,5.1384230307795073e-05,0.0003437553270724789,0.11339544309761992,0.4054121134026021,0.43566793927562536,0.8497305229644502
725,adam,725,726,2.0541745200915595e-05,1,3.457288693867343e-08,2.47921419067703e-09,2.8704185363378477e-08,2.65328697515987e-07,1,1,,0,1.7716293164390672e-17,-0.060056979258817755,-1.4828609108941726,-1.3320798650485732,0.0014976917666783083,7.627357920232269e-05,0.00018593785773390377,0.0008236345268452091,5.138355720666768e-05,0.00034375541261074484,0.11339545327359925,0.4054116129816597,0.4356679643565862,0.8497305660922448
726,adam,726,727,2.0336327748906438e-05,1,3.457228213360798e-08,2.479091860703627e-09,2.870308403844066e-08,2.6289193904187904e-07,1,1,,0,1.8293729821983603e-17,-0.06005614652514339,-1.482859256974155,-1.3320794991488476,0.0014976921478749518,7.627161725714222e-05,0.00018593623136335742,0.0008236383353898263,5.138289031570816e-05,0.000343755497371323,0.11339546335578458,0.40541111688307696,0.43566798920292327,0.8497306088224111
727,adam,727,728,2.0132964471417376e-05,1,3.4571682891315934e-08,2.478970640447402e-09,2.8701992422453406e-08,2.6047742553462426e-07,1,1,,0,1.632125462838517e-17,-0.060055321388063417,-1.4828576181186552,-1.3320791365921085,0.0014976925255285045,7.626967335216947e-05,0.00018593461993753594,0.0008236421088025725,5.1382229577177375e-05,0.0003437555813612733,0.11339547334504095,0.4054106250694559,0.4356680138168449,0.8497306511586282
728,adam,728,729,1.9931634826703198e-05,1,3.457108916069692e-08,2.478850519786089e-09,2.870091042842393e-08,2.580849548975169e-07,1,1,,0,1.7897614342630427e-17,-0.060054503778906115,-1.4828559941915678,-1.332078777348786,0.0014976928996668656,7.626774732163241e-05,0.00018593302331941177,0.000823645847405699,5.1381574934009473e-05,0.0003437556645876383,0.11339548324222372,0.4054101375036439,0.43566803820053834,0.8497306931045407
729,adam,729,730,1.973231847843617e-05,1,3.457050089108261e-08,2.4787314887010378e-09,2.8699837971780482e-08,2.557143268727254e-07,1,1,,0,1.865715651067593e-17,-0.060053693629526284,-1.4828543850579128,-1.3320784213895571,0.0014976932703184608,7.626583900098761e-05,0.00018593144137311099,0.0008236495515188018,5.138092632923338e-05,0.00034375574705730437,0.11339549304818457,0.4054096541488437,0.43566806235616995,0.8497307346637593
730,adam,730,731,1.9534995293651806e-05,1,3.456991803231215e-08,2.478613537299555e-09,2.8698774968937636e-08,2.533653430242206e-07,1,1,,0,1.8378770554850007e-17,-0.06005289087244728,-1.48285279058398,-1.3320780686853437,0.001497693637510771,7.626394822734453e-05,0.00018592987396411623,0.0008236532214582614,5.1380283706925126e-05,0.0003437558287771915,0.1133955027637628,0.4054091749686743,0.4356680862858852,0.8497307758398603
731,adam,731,732,1.933964534071529e-05,1,3.4569340534682003e-08,2.478496655791469e-09,2.8697721336824806e-08,2.5103780670952455e-07,1,1,,0,1.836279184952409e-17,-0.060052095440797836,-1.4828512106372527,-1.3320777192073092,0.0014976940012721175,7.626207483953406e-05,0.000185928320959132,0.0008236568575377891,5.1379647011639256e-05,0.0003437559097541142,0.11339551238979124,0.4054086999269742,0.4356681099918091,0.8497308166363873
732,adam,732,733,1.9146248887308135e-05,1,3.456876834891419e-08,2.4783808343667754e-09,2.86966769913601e-08,2.4873152307897116e-07,1,1,,0,1.6028886475592022e-17,-0.06005130726827436,-1.482849645086364,-1.3320773729268571,0.001497694361629567,7.626021867742432e-05,0.00018592678222599936,0.0008236604600680146,5.137901618795761e-05,0.00034375598999479285,0.11339552192709745,0.40540822898788126,0.4356681334760463,0.8497308570568498
733,adam,733,734,1.8954786398435054e-05,1,3.4568201426231694e-08,2.478266063414079e-09,2.8695641850762422e-08,2.464462990414082e-07,1,1,,0,1.6994275686513537e-17,-0.060050526289205694,-1.4828480938011925,-1.3320770298156326,0.001497694718610867,7.62583795829088e-05,0.00018592525763389892,0.0008236640293569915,5.13783911816355e-05,0.000343756069505951,0.11339553137649734,0.40540776211594565,0.43566815674068143,0.849730897104725
734,adam,734,735,1.8765238534450703e-05,1,3.456763971827394e-08,2.4781523333618825e-09,2.8694615833507902e-08,2.441819432689493e-07,1,1,,0,1.5386540008310375e-17,-0.06004975243847136,-1.4828465566527096,-1.3320766898455152,0.001497695072243291,7.625655739897138e-05,0.00018592374705312376,0.0008236675657097242,5.137777193849149e-05,0.0003437561482941927,0.11339554073880265,0.4054072992759244,0.43566817978777905,0.8497309367834576
735,adam,735,736,1.8577586149106196e-05,1,3.456708317714164e-08,2.4780396347811536e-09,2.8693598860311667e-08,2.419382661634329e-07,1,1,,0,1.6417910479481027e-17,-0.06004898565155643,-1.4828450335130825,-1.3320763529886217,0.0014976954225539407,7.625475197006768e-05,0.00018592225035519994,0.0008236710694284629,5.1377158405082094e-05,0.00034375622636609104,0.11339555001481583,0.4054068404329669,0.43566820261938405,0.8497309760964595
736,adam,736,737,1.8391810287615136e-05,1,3.456653175537367e-08,2.477927958214962e-09,2.8692590849040375e-08,2.3971507985136904e-07,1,1,,0,1.9166600910079094e-17,-0.060048225864525,-1.4828435242556368,-1.3320760192173025,0.0014976957695699829,7.625296314236443e-05,0.00018592076741282473,0.0008236745408128645,5.137655052834231e-05,0.00034375630372817257,0.11339555920533181,0.4054063855524894,0.4356682252375217,0.8497310150471113
737,adam,737,738,1.8207892184738984e-05,1,3.456598540595106e-08,2.4778172944680514e-09,2.869159172348673e-08,2.375121981574156e-07,1,1,,0,1.679318040929425e-17,-0.060047473013992325,-1.4828420287547899,-1.3320756885041396,0.0014976961133186502,7.62511907631098e-05,0.00018591929809987735,0.0008236779801596426,5.1375948255894124e-05,0.0003437563803868759,0.1133955683111382,0.4054059346002674,0.43566824764419804,0.8497310536387616
738,adam,738,739,1.802581326289159e-05,1,3.4565444082274694e-08,2.477707634254763e-09,2.8690601403223785e-08,2.353294366040482e-07,1,1,,0,1.6651128609056278e-17,-0.0600467270371717,-1.4828405468861328,-1.332075360821945,0.0014976964538261515,7.624943468108467e-05,0.00018591784229135915,0.0008236813877627434,5.1375351535509356e-05,0.0003437564563485703,0.11339557733301696,0.4054054875422097,0.4356682698413999,0.8497310918747276
739,adam,739,740,1.7845555130262677e-05,1,3.456490773819205e-08,2.4775989684775335e-09,2.868961981110931e-08,2.331666123781081e-07,1,1,,0,1.625245314214383e-17,-0.06004598787182499,-1.4828390785263283,-1.3320750361437605,0.001497696791119228,7.624769474661362e-05,0.00018591639986346566,0.0008236847639137292,5.1374760315841874e-05,0.0003437565316196129,0.11339558627174029,0.40540504434474445,0.43566829183109507,0.849731129758296
740,adam,740,741,1.766709957896005e-05,1,3.456437632797109e-08,2.4774912880443002e-09,2.8688646868113016e-08,2.3102354432982646e-07,1,1,,0,1.769030114663905e-17,-0.06004525545626457,-1.4828376235532008,-1.332074714442854,0.0014976971252249165,7.624597081135244e-05,0.00018591497069351647,0.0008236881089013875,5.1374174545847156e-05,0.0003437566062062721,0.11339559512807496,0.40540460497441655,0.4356683136152327,0.8497311672927222
741,adam,741,742,1.749042858317045e-05,1,3.456384980629427e-08,2.477384584023848e-09,2.8687682499333483e-08,2.2890005295373863e-07,1,1,,0,1.502970764150867e-17,-0.06004452972937345,-1.4828361818456177,-1.3320743956927186,0.001497697456168691,7.62442627282224e-05,0.00018591355465993938,0.0008236914230116523,5.1373594174913085e-05,0.0003437566801147628,0.11339560390277963,0.4054041693982017,0.43566833519574344,0.8497312044812316
742,adam,742,743,1.7315524297338745e-05,1,3.456332812827106e-08,2.4772788475965626e-09,2.8686726630548084e-08,2.267959603712688e-07,1,1,,0,1.698480667593021e-17,-0.06004381063056019,-1.4828347532835526,-1.3320740798670714,0.0014976977839772552,7.624257035141319e-05,0.00018591215164230407,0.0008236947065278889,5.137301915305485e-05,0.00034375675335124214,0.11339561259660676,0.4054037375832655,0.43566835657453923,0.8497312413270192
743,adam,743,744,1.7142369054365355e-05,1,3.456281124941537e-08,2.4771740698555823e-09,2.868577918319008e-08,2.247110903143397e-07,1,1,,0,1.6937108599491706e-17,-0.060043098099804716,-1.4828333377480565,-1.3320737669398504,0.001497698108676444,7.624089353681916e-05,0.0001859107615212615,0.0008236979597312043,5.137244943058075e-05,0.0003437568259218118,0.11339562121030163,0.4054033094970534,0.43566837775351386,0.8497312778332502
744,adam,744,745,1.6970945363821705e-05,1,3.456229912566535e-08,2.477070242209759e-09,2.8684840086838007e-08,2.226452681160567e-07,1,1,,0,1.7115390279440577e-17,-0.0600423920775988,-1.4828319351212507,-1.3320734568852148,0.0014976984302923154,7.62392321412945e-05,0.0001859093841785975,0.0008237011828996848,5.137188495850196e-05,0.0003437568978325308,0.11339562974460171,0.40540288510740313,0.4356683987345433,0.8497313140030605
745,adam,745,746,1.6801235910183485e-05,1,3.456179171334299e-08,2.476967355950519e-09,2.8683909265596724e-08,2.2059832069693942e-07,1,1,,0,1.894729693165666e-17,-0.06004169250497573,-1.482830545286308,-1.332073149677542,0.0014976987488501388,7.623758602316474e-05,0.00018590801949712387,0.0008237043763091525,5.1371325687976134e-05,0.00034375696908937566,0.11339563820023911,0.40540246438235816,0.4356684195194855,0.8497313498395564
746,adam,746,747,1.663322355108165e-05,1,3.4561288969197624e-08,2.4768654025175347e-09,2.868298664589634e-08,2.1857007653951755e-07,1,1,,0,1.6734625291313786e-17,-0.0600409993235138,-1.482829168127461,-1.3320728452914259,0.0014976990643757156,7.623595504222109e-05,0.00018590666736079592,0.0008237075402329379,5.137077157097583e-05,0.00034375703969831563,0.11339564657793721,0.40540204729023815,0.4356684401101807,0.8497313853458155
747,adam,747,748,1.6466891315570834e-05,1,3.45607908503567e-08,2.4767643734548984e-09,2.8682072156154787e-08,2.1656036568144105e-07,1,1,,0,1.5815714582642413e-17,-0.06004031247528379,-1.4828278035299587,-1.332072543701677,0.0014976993768946783,7.623433905928164e-05,0.00018590532765457986,0.0008237106749416933,5.1370222559622056e-05,0.000343757109665191,0.11339565487841559,0.4054016337996224,0.4356684605084516,0.8497314205248864
748,adam,748,749,1.6302222402415126e-05,1,3.4560297314357013e-08,2.476664260294625e-09,2.8681165722057094e-08,2.1456901970950826e-07,1,1,,0,1.6365898080284643e-17,-0.060039631902923184,-1.4828264513801155,-1.332072244883317,0.0014976996864322605,7.623273793676582e-05,0.00018590400026453712,0.0008237137807038009,5.136967860670899e-05,0.0003437571789958643,0.11339566310238368,0.4054012238794347,0.4356684807161037,0.8497314553797894
749,adam,749,750,1.6139200178390973e-05,1,3.4559808319117305e-08,2.4765650548663494e-09,2.868026727801817e-08,2.125958717308709e-07,1,1,,0,1.5188468078477346e-17,-0.060038957549531306,-1.482825111565216,-1.332071948811582,0.0014976999930129107,7.623115153779427e-05,0.00018590268507775057,0.0008237168577846692,5.136913966533174e-05,0.0003437572476961,0.1133956712505473,0.4054008174988076,0.4356685007349251,0.8497314899135169
750,adam,750,751,1.5977808176607064e-05,1,3.4559323822943435e-08,2.4764667488154824e-09,2.867937674971263e-08,2.106407563700012e-07,1,1,,0,1.600946797620744e-17,-0.06003828935874905,-1.482823783973611,-1.3320716554619172,0.0014977002966623815,7.622957972738767e-05,0.00018590138198233878,0.000823719906447999,5.136860568905965e-05,0.0003437573157716267,0.11339567932360395,0.40540041462717674,0.4356685205666872,0.8497315241290329
751,adam,751,752,1.5818030094840994e-05,1,3.4558843784533395e-08,2.4763693339995873e-09,2.8678494067868918e-08,2.0870350974159855e-07,1,1,,0,1.658089482695699e-17,-0.06003762727472064,-1.482822468494601,-1.3320713648099762,0.0014977005974054069,7.622802237149986e-05,0.00018590009086746944,0.0008237229269547322,5.136807663198278e-05,0.00034375738322810727,0.11339568732224573,0.40540001523422464,0.4356685402131443,0.8497315580292741
752,adam,752,753,1.5659849793892583e-05,1,3.455836816295772e-08,2.4762728022725772e-09,2.8677619161972805e-08,2.0678396945543276e-07,1,1,,0,1.5975953489895196e-17,-0.06003697124208066,-1.482821165018519,-1.3320710768316208,0.0014977008952659354,7.622647933737705e-05,0.00018589881162330683,0.0008237259195634721,5.1367552448533214e-05,0.0003437574500711886,0.11339569524715688,0.4053996192899343,0.4356685596760341,0.8497315916171498
753,adam,753,754,1.5503251295953658e-05,1,3.455789691766402e-08,2.476177145713105e-09,2.867675196636002e-08,2.048819745906769e-07,1,1,,0,1.6267650421606087e-17,-0.06003632120596384,-1.482819873436668,-1.3320707915029175,0.0014977011902691433,7.622495049335729e-05,0.00018589754414102415,0.0008237288845302587,5.136703309355095e-05,0.0003437575163064053,0.11339570309901796,0.40539922676448237,0.4356685789570778,0.8497316248955423
754,adam,754,755,1.5348218782994118e-05,1,3.455743000847989e-08,2.476082356238725e-09,2.867589240862501e-08,2.0299736567946535e-07,1,1,,0,1.579672062753254e-17,-0.06003567711202703,-1.4828185936413432,-1.3320705088001374,0.0014977014824388772,7.622343570940953e-05,0.00018589628831281138,0.0008237318221092076,5.13665185224288e-05,0.0003437575819393112,0.11339571087849941,0.4053988376283957,0.4356685980579803,0.8497316578673068
755,adam,755,756,1.5194736595164179e-05,1,3.455696739559371e-08,2.475988426132038e-09,2.8675040426845e-08,2.0112998471347292e-07,1,1,,0,1.7819714499973047e-17,-0.060035038906357176,-1.4828173255257708,-1.3320702286997539,0.001497701771799829,7.622193485601105e-05,0.0001858950440318238,0.0008237347325514766,5.136600869081463e-05,0.00034375764697533706,0.11339571858626962,0.4053984518523527,0.43566861698043025,0.8497316905352721
756,adam,756,757,1.5042789229212538e-05,1,3.4556509039568e-08,2.4758953474324283e-09,2.8674195948339976e-08,1.9927967509337133e-07,1,1,,0,1.5166798233898025e-17,-0.060034406535584846,-1.4828160689841796,-1.3320699511784408,0.0014977020583755124,7.622044780569925e-05,0.00018589381119221802,0.0008237376161067704,5.136550355492006e-05,0.0003437577114199338,0.11339572622298749,0.40539806940735607,0.43566863572610026,0.8497317229022405
757,adam,757,758,1.489236133692041e-05,1,3.455605490132574e-08,2.475803112608551e-09,2.8673358913845387e-08,1.974462816608206e-07,1,1,,0,1.8210212785274484e-17,-0.06003377994676471,-1.4828148239117023,-1.3320696762130724,0.0014977023421900543,7.62189744311797e-05,0.0001858925896891152,0.0008237404730216243,5.1365003071359214e-05,0.0003437577752784549,0.11339573378930766,0.40539769026471834,0.43566865429664725,0.8497317549709886
758,adam,758,759,1.4743437723551208e-05,1,3.455560494213521e-08,2.47571171372181e-09,2.8672529248761288e-08,1.9562965065212496e-07,1,1,,0,1.7258058033182745e-17,-0.060033159087481504,-1.4828135902044584,-1.3320694037807193,0.001497702623267645,7.621751460738752e-05,0.00018589137941856047,0.0008237433035411725,5.1364507196871604e-05,0.00034375783855621387,0.11339574128587857,0.40539731439582954,0.43566867269371207,0.8497317867442667
759,adam,759,760,1.4596003346315696e-05,1,3.4555159123651076e-08,2.4756211434404368e-09,2.8671706896107488e-08,1.9382962969725872e-07,1,1,,0,1.655711210596435e-17,-0.06003254390575159,-1.4828123677594667,-1.3320691338586488,0.001497702901630762,7.621606820951957e-05,0.00018589018027763348,0.00082374610790749,5.136401588909684e-05,0.00034375790125850916,0.11339574871334109,0.40539694177250335,0.4356686909189203,0.8497318182247999
760,adam,760,761,1.4450043312852539e-05,1,3.455471740785508e-08,2.4755313940868833e-09,2.867089178632468e-08,1.920460678145857e-07,1,1,,0,1.7208718495968604e-17,-0.060031934350074666,-1.4828111564746935,-1.332068866424323,0.0014977031773036533,7.621463511461113e-05,0.00018588899216428895,0.0008237488863610952,5.136352910566796e-05,0.0003437579633905374,0.11339575607233211,0.4053965723666862,0.43566870897388216,0.8497318494152879
761,adam,761,762,1.4305542879724013e-05,1,3.455427975708661e-08,2.475442458283569e-09,2.8670083858010826e-08,1.9027881537884144e-07,1,1,,0,1.7459983473476012e-17,-0.06003133036940743,-1.4828099562490125,-1.332068601455398,0.0014977034503094718,7.6213215200263e-05,0.00018588781497743905,0.0008237516391399158,5.136304680479528e-05,0.000343758024957495,0.11339576336348157,0.40539620615066496,0.4356687268601922,0.8497318803184049
762,adam,762,763,1.4162487450926773e-05,1,3.455384613402943e-08,2.475354328672312e-09,2.8669283048836245e-08,1.8852772412991925e-07,1,1,,0,1.782996757749338e-17,-0.06003073191315259,-1.4828087669821817,-1.3320683389297199,0.0014977037206706614,7.621180834542829e-05,0.0001858866486169177,0.0008237543664798263,5.1362568944986725e-05,0.000343758085964496,0.11339577058741465,0.4053958430968802,0.43566874457943033,0.8497319109368004
763,adam,763,764,1.4020862576417504e-05,1,3.455341650171455e-08,2.4752669978308902e-09,2.8668489292467972e-08,1.867926471422481e-07,1,1,,0,1.778099223608423e-17,-0.06003013893120598,-1.4828075885749206,-1.3320680788253267,0.0014977039884111322,7.621041443043466e-05,0.00018588549298348848,0.000823757068614532,5.1362095485188116e-05,0.00034375814641662394,0.11339577774474965,0.405395483177994,0.4356687621331612,0.8497319412731
764,adam,764,765,1.388065395065333e-05,1,3.455299082351168e-08,2.4751804585723803e-09,2.8667702528401943e-08,1.8507343883136022e-07,1,1,,0,1.7211217678703255e-17,-0.060029551373877214,-1.4828064209287763,-1.3320678211204442,0.0014977042535532295,7.620903333633085e-05,0.0001858843479788217,0.0008237597457757634,5.136162638481518e-05,0.0003437582063189234,0.11339578483609901,0.4053951263670488,0.4356687795229347,0.849731971329904
765,adam,765,766,1.3741847411146797e-05,1,3.455256906312645e-08,2.475094703777447e-09,2.8666922697325846e-08,1.8336995492775992e-07,1,1,,0,1.5106945026706604e-17,-0.06002896919193411,-1.4828052639462268,-1.3320675657934853,0.0014977045161194459,7.6207664945372e-05,0.00018588321350548697,0.0008237623981927089,5.136116160353638e-05,0.00034375826567638486,0.11339579186207069,0.40539477263717894,0.43566879675028625,0.8497320011097887
766,adam,766,767,1.3604428937035329e-05,1,3.45521511846013e-08,2.4750097262246744e-09,2.8666149734408798e-08,1.816820524629016e-07,1,1,,0,1.677922157809248e-17,-0.06002839233660383,-1.4828041175305968,-1.3320673128230496,0.0014977047761324206,7.620630914112942e-05,0.00018588208946695563,0.0008237650260929935,5.13607011015075e-05,0.0003437583244939513,0.11339579882326523,0.4053944219618105,0.4356688138167364,0.849732030615307
767,adam,767,768,1.3468384647664975e-05,1,3.4551737152298605e-08,2.4749255188863334e-09,2.866538358012906e-08,1.8000958976941254e-07,1,1,,0,1.5566166567241916e-17,-0.06002782075950987,-1.482802981586098,-1.3320670621879196,0.0014977050336144697,7.62049658079277e-05,0.00018588097576755563,0.000823767629701828,5.13602448391151e-05,0.00034375838277652976,0.11339580572027985,0.4053940743146283,0.43566883072379153,0.8497320598489876
768,adam,768,769,1.3333700801188325e-05,1,3.455132693091589e-08,2.474842074732011e-09,2.8664624173033814e-08,1.783524264614404e-07,1,1,,0,1.6888284382899945e-17,-0.06002725441276347,-1.482801856017805,-1.3320668138670615,0.0014977052885882115,7.620363483136722e-05,0.00018587987231251233,0.0008237702092425305,5.135979277717403e-05,0.00034375844052896975,0.1133958125537048,0.4053937296694516,0.4356688474729437,0.8497320888133356
769,adam,769,770,1.3200363793176441e-05,1,3.455092048547326e-08,2.4747593869819755e-09,2.866387145852052e-08,1.767104234273555e-07,1,1,,0,1.8143270797197566e-17,-0.06002669324886078,-1.4828007407316026,-1.332066567839623,0.0014977055410745493,7.62023160977677e-05,0.0001858787790079149,0.0008237727649359677,5.1359344876890996e-05,0.0003437584977560562,0.1133958193241256,0.4053933880004228,0.43566886406567096,0.8497321175108336
770,adam,770,771,1.3068360155244677e-05,1,3.4550517781320195e-08,2.474677448648682e-09,2.8663125372881122e-08,1.7508344281490877e-07,1,1,,0,1.745986223912645e-17,-0.06002613722075538,-1.4827996356342896,-1.332066324084931,0.001497705791096238,7.620100949502044e-05,0.00018587769576073454,0.0008237752970016198,5.1358901099933675e-05,0.0003437585544626021,0.11339582603212159,0.40539304928187553,0.43566888050343716,0.8497321459439401
771,adam,771,772,1.293767655369223e-05,1,3.455011878411069e-08,2.4745962529616757e-09,2.8662385859154362e-08,1.734713480139898e-07,1,1,,0,1.6750740845218968e-17,-0.06002558628179921,-1.482798540633461,-1.332066082582492,0.0014977060386750917,7.619971491164298e-05,0.0001858766224787579,0.0008237778056564995,5.1358461408111024e-05,0.00034375861065330293,0.11339583267826718,0.4053927134883461,0.4356688967876926,0.8497321741150919
772,adam,772,773,1.2808299788155307e-05,1,3.45497234598259e-08,2.4745157931966373e-09,2.8661652859278414e-08,1.7187400365829284e-07,1,1,,0,1.8602944554528977e-17,-0.060025040385789576,-1.4827974556375478,-1.3320658433119887,0.001497706283831907,7.619843223740364e-05,0.00018587555907064785,0.0008237802911158884,5.135802576380963e-05,0.00034375866633285754,0.11339583926313128,0.40539238059467037,0.4356689129198736,0.8497322020267024
773,adam,773,774,1.2680216790273755e-05,1,3.454933177475113e-08,2.474436062697764e-09,2.8660926316630204e-08,1.702912756105516e-07,1,1,,0,1.7075984944547427e-17,-0.06002449948692729,-1.4827963805558062,-1.3320656062532803,0.001497706526588869,7.619716136287136e-05,0.00018587450544588175,0.0008237827535928772,5.135759412958169e-05,0.0003437587215058852,0.11339584578727856,0.40539205057576233,0.43566892890140313,0.8497322296811629
774,adam,774,775,1.2553414622371016e-05,1,3.4548943695492015e-08,2.4743570548374395e-09,2.8660206173797535e-08,1.6872303093763297e-07,1,1,,0,1.6273533938601367e-17,-0.060023963539825045,-1.4827953152983147,-1.3320653713863992,0.001497706766966834,7.619590217981485e-05,0.0001858734615147951,0.0008237851932986931,5.1357166468514086e-05,0.0003437587761770114,0.1133958522512662,0.40539172340688345,0.43566894473369056,0.8497322570808425
775,adam,775,776,1.2427880476147307e-05,1,3.454855918894434e-08,2.4742787630470824e-09,2.865949237397487e-08,1.6716913791753293e-07,1,1,,0,1.820097293002115e-17,-0.060023432499498604,-1.482794259775966,-1.3320651386915525,0.0014977070049871143,7.619465458084985e-05,0.0001858724271885003,0.0008237876104426937,5.1356742743810216e-05,0.00034375883035076704,0.11339585865564901,0.4053913990634443,0.435668960418132,0.8497322842280884
776,adam,776,777,1.2303601671385834e-05,1,3.4548178222320655e-08,2.474201180839182e-09,2.8658784861193514e-08,1.6562946602255596e-07,1,1,,0,1.7993232971087615e-17,-0.060022906321378695,-1.482793213900427,-1.3320649081491172,0.0014977072406708598,7.619341845978792e-05,0.00018587140237895838,0.0008237900052323681,5.135632291919436e-05,0.00034375888403166753,0.11339586500097529,0.4053910775210704,0.4356689759561104,0.8497323111252261
777,adam,777,778,1.2180565654671974e-05,1,3.4547800763133654e-08,2.4741243017749508e-09,2.865808357997915e-08,1.6410388590269202e-07,1,1,,0,1.693165197509997e-17,-0.06002238496128946,-1.4827921775841792,-1.3320646797396414,0.0014977074740375046,7.619219371122288e-05,0.00018587038699893443,0.0008237923778732235,5.1355906958732534e-05,0.00034375893722419295,0.11339587128778764,0.40539075875565944,0.4356689913489957,0.8497323377745591
778,adam,778,779,1.2058759998125255e-05,1,3.4547426779179714e-08,2.4740481194674153e-09,2.8657388475455198e-08,1.6259226938606714e-07,1,1,,0,1.8075777411756973e-17,-0.06002186837545688,-1.4827911507404965,-1.3320644534438406,0.0014977077051098863,7.619098023063588e-05,0.00018586938096195327,0.0008237947285687641,5.135549482655597e-05,0.0003437589899327698,0.11339587751662528,0.4053904427432201,0.4356690065981449,0.8497323641783703
779,adam,779,780,1.1938172398144002e-05,1,3.4547056238581986e-08,2.4739726276859393e-09,2.8656699495226233e-08,1.6109448944636373e-07,1,1,,0,1.644617373616538e-17,-0.06002135652049456,-1.482790133283411,-1.3320642292426006,0.0014977079339068007,7.618977791478417e-05,0.00018586838418241546,0.0008237970575207926,5.1355086487673575e-05,0.0003437590421617929,0.11339588368802056,0.40539012946007724,0.435669021704902,0.8497323903389207
780,adam,780,781,1.1818790674162561e-05,1,3.454668910972477e-08,2.4738978200460207e-09,2.865601658159212e-08,1.596104202298674e-07,1,1,,0,1.699974087743431e-17,-0.06002084935341981,-1.4827891251277685,-1.3320640071169703,0.0014977081604494406,7.618858666115826e-05,0.00018586739657542085,0.0008237993649293341,5.1354681906878853e-05,0.0003437590939156192,0.11339588980250281,0.4053898188826671,0.43566903667059864,0.8497324162584508
781,adam,781,782,1.1700602767420937e-05,1,3.4546325361293405e-08,2.4738236904122235e-09,2.8655339683584526e-08,1.5813993700326692e-07,1,1,,0,1.48336685137507e-17,-0.06002034683163046,-1.4827881261891191,-1.3320637870481653,0.0014977083847577484,7.618740636820277e-05,0.000185866418056876,0.0008238016509923536,5.1354281049492364e-05,0.0003437591451985367,0.11339589586059544,0.4053895109876729,0.4356690514965535,0.8497324419391804
782,adam,782,783,1.1583596739746725e-05,1,3.454596496227073e-08,2.473750232622376e-09,2.8654668747039293e-08,1.5668291617379521e-07,1,1,,0,1.6702098963947706e-17,-0.06001984891290291,-1.4827871363838547,-1.3320635690175637,0.001497708606851814,7.618623693539102e-05,0.00018586544854348462,0.0008238039159062239,5.135388388130669e-05,0.00034375919601486337,0.1133959018628164,0.4053892057519952,0.43566906618407336,0.8497324673833084
783,adam,783,784,1.1467760772349259e-05,1,3.4545607881911283e-08,2.4736774405092304e-09,2.865400371701346e-08,1.5523923526251765e-07,1,1,,0,1.6488192383797654e-17,-0.06001935555540671,-1.48278615562905,-1.3320633530067063,0.0014977088267516413,7.618507826313987e-05,0.00018586448795267826,0.00082380615986559,5.135349036824087e-05,0.00034375924636880254,0.1133959078096801,0.4053889031526908,0.4356690807344522,0.8497324925930136
784,adam,784,785,1.1353083164625766e-05,1,3.4545254089751695e-08,2.473605308291369e-09,2.8653344550355405e-08,1.5380877290307624e-07,1,1,,0,1.6085709760149216e-17,-0.06001886671764049,-1.4827851838425197,-1.3320631389972948,0.0014977090444770699,7.61839302522628e-05,0.00018586353620264436,0.0008238083830626301,5.135310047652547e-05,0.0003437592962645382,0.11339591370169678,0.40538860316707065,0.435669095148972,0.8497325175704548
785,adam,785,786,1.1239552332979509e-05,1,3.4544903555614856e-08,2.4735338297061604e-09,2.8652691185555745e-08,1.523914088259105e-07,1,1,,0,1.8213691816590913e-17,-0.06001838235854852,-1.482784220942887,-1.3320629269711897,0.0014977092600473906,7.618279280540464e-05,0.00018586259321233753,0.000823810585688882,5.135271417279824e-05,0.00034375934570624956,0.11339591953937002,0.4053883057725861,0.4356691094289028,0.8497325423177703
786,adam,786,787,1.1127156809649713e-05,1,3.4544556249601836e-08,2.4734629989812224e-09,2.8652043576688884e-08,1.509870238491002e-07,1,1,,0,1.594845897504384e-17,-0.0600179024374215,-1.482783266849477,-1.332062716910411,0.0014977094734819614,7.618166582536082e-05,0.00018586165890145776,0.0008238127679330179,5.1352331424024684e-05,0.0003437593946980478,0.11339592532320014,0.4053880109468823,0.43566912357550225,0.8497325668370791
787,adam,787,788,1.1015885241553217e-05,1,3.454421214207953e-08,2.4733928101654454e-09,2.8651401670161313e-08,1.4959549987739444e-07,1,1,,0,1.6110969231034262e-17,-0.06001742691387718,-1.4827823214822926,-1.3320625087971338,0.0014977096848007544,7.618054921622593e-05,0.0001858607331904174,0.000823814929983084,5.135195219740199e-05,0.00034375944324402207,0.11339593105368147,0.40538771866790385,0.43566913759001674,0.8497325911304803
788,adam,788,789,1.0905726389137684e-05,1,3.454387120369587e-08,2.4733232574621585e-09,2.865076541662239e-08,1.4821671987198105e-07,1,1,,0,1.711852722344801e-17,-0.06001695574794736,-1.482781384762147,-1.3320623026136906,0.0014977098940225694,7.617944288278455e-05,0.00018585981600038203,0.0008238170720244279,5.135157646049988e-05,0.00034375949134822563,0.11339593673130519,0.4053874289136692,0.4356691514736804,0.8497326152000537
789,adam,789,790,1.0796669125246308e-05,1,3.454353340535773e-08,2.4732543352163833e-09,2.8650134770088995e-08,1.4685056786932806e-07,1,1,,0,1.794757585652778e-17,-0.06001648889998244,-1.4827804566104656,-1.332062098342568,0.0014977101011662006,7.617834673050019e-05,0.00018585890725321112,0.0008238191942410045,5.1351204181063255e-05,0.0003437595390146357,0.11339594235655874,0.40538714166239254,0.43566916522771615,0.84973263904786
790,adam,790,791,1.0688702433993845e-05,1,3.454319871825309e-08,2.4731860375978542e-09,2.8649509676833463e-08,1.4549692894458552e-07,1,1,,0,1.6641282162171905e-17,-0.0600160263307293,-1.4827795369494794,-1.332061895966405,0.001497710306250974,7.617726066620387e-05,0.00018585800687151763,0.0008238212968154478,5.1350835327368875e-05,0.00034375958624726266,0.11339594792992182,0.4053868568925676,0.43566917885333495,0.8497326626759404
791,adam,791,792,1.0581815409653906e-05,1,3.454286711382394e-08,2.47311835888837e-09,2.8648890085773156e-08,1.441556892124277e-07,1,1,,0,1.7612980786006348e-17,-0.060015568001269684,-1.48277862570205,-1.3320616954679934,0.0014977105092957457,7.617618459752774e-05,0.00018585711477859529,0.0008238233799286423,5.135046986779897e-05,0.00034375963305002723,0.11339595345187287,0.4053865745827779,0.43566919235173673,0.8497326860863178
792,adam,792,793,1.0475997255557366e-05,1,3.4542538563768935e-08,2.4730512936214542e-09,2.8648275953924413e-08,1.428267358351767e-07,1,1,,0,1.6113324783038683e-17,-0.06001511387302714,-1.4827777227917616,-1.3320614968302749,0.001497710710318354,7.617511843228639e-05,0.0001858562308984257,0.0008238254437591627,5.135010777097171e-05,0.00034375967942681804,0.11339595892288507,0.40538629471182297,0.43566920572411016,0.849732709280996
793,adam,793,794,1.0371237283001793e-05,1,3.4542213040063326e-08,2.472984836239912e-09,2.8647667232526938e-08,1.4150995697202838e-07,1,1,,0,1.5244409007149023e-17,-0.06001466390777584,-1.4827768281428737,-1.3320613000363413,0.0014977109093377947,7.617406207975307e-05,0.00018585535515573212,0.0008238274884845809,5.1349749006081305e-05,0.000343759725381518,0.11339596434342601,0.40538601725874895,0.4356692189716324,0.8497327322619606
794,adam,794,795,1.0267524910171774e-05,1,3.45418905149185e-08,2.472918981060961e-09,2.8647063868622893e-08,1.402052418174315e-07,1,1,,0,1.9054535776975242e-17,-0.06001421806765627,-1.4827759416803448,-1.3320611050694326,0.0014977111063728225,7.617301545007666e-05,0.0001858544874758705,0.000823829514280938,5.1349393542223724e-05,0.0003437597709179421,0.11339596971396082,0.40538574220265444,0.43566923209546976,0.8497327550311783
795,adam,795,796,1.0164849661070057e-05,1,3.4541570960817776e-08,2.472853722814939e-09,2.8646465820984742e-08,1.3891248055286464e-07,1,1,,0,1.6148768758587417e-17,-0.060013776315124084,-1.4827750633297967,-1.332060911912935,0.0014977113014406325,7.61719784537812e-05,0.0001858536277849259,0.0008238315213220839,5.1349041349126616e-05,0.0003437598160398909,0.11339597503494939,0.40538546952297705,0.43566924509677757,0.8497327775905982
796,adam,796,797,1.0063201164459356e-05,1,3.454125435049242e-08,2.472789056030597e-09,2.8645873040405344e-08,1.3763156437005417e-07,1,1,,0,1.8289134980756653e-17,-0.060013338612996285,-1.482774193017547,-1.3320607205503816,0.0014977114945603544,7.61709510025128e-05,0.00018585277600964808,0.0008238335097806937,5.134869239663609e-05,0.0003437598607511323,0.11339598030684683,0.4053851991991666,0.43566925797670036,0.8497327999421511
797,adam,797,798,9.962569152814763e-06,1,3.454094065691679e-08,2.472724975308432e-09,2.8645285479585016e-08,1.36362385430404e-07,1,1,,0,1.8208807126077084e-17,-0.060012904924395906,-1.4827733306705186,-1.3320605309654496,0.0014977116857484726,7.616993300876024e-05,0.00018585193207743843,0.0008238354798278863,5.134834665485734e-05,0.00034375990505538823,0.11339598553010537,0.4053849312109743,0.4356692707363716,0.8497328220877503
798,adam,798,799,9.862943461286614e-06,1,3.4540629853324565e-08,2.47266147541903e-09,2.8644703094776532e-08,1.3510483688125967e-07,1,1,,0,1.6222333479199206e-17,-0.060012475212814484,-1.4827724762163617,-1.3320603431419598,0.001497711875024023,7.616892438563662e-05,0.00018585109591639368,0.0008238374316329465,5.1348004094316605e-05,0.0003437599489563526,0.11339599070517134,0.40538466553828495,0.4356692833769146,0.8497328440292907
799,adam,799,800,9.76431402667375e-06,1,3.4540321913190234e-08,2.4725985510560117e-09,2.8644125839008553e-08,1.3385881283439843e-07,1,1,,0,1.6935592070993915e-17,-0.060012049442037,-1.4827716295833315,-1.3320601570638748,0.0014977120624043272,7.616792504735904e-05,0.00018585026745525612,0.0008238393653638246,5.134766468569415e-05,0.0003437599924576873,0.11339599583248895,0.4053844021611319,0.43566929589944153,0.8497328657686506
800,adam,800,801,9.666670886407011e-06,1,3.454001681022173e-08,2.4725361969827866e-09,2.8643553666296288e-08,1.3262420836339026e-07,1,1,,0,1.7896374030509797e-17,-0.06001162757620927,-1.4827707907003582,-1.3320599727152986,0.0014977122479059271,7.616693490858946e-05,0.00018584944662339387,0.0008238412811869653,5.1347328399907835e-05,0.0003437600355630107,0.1133960009124972,0.40538414105976567,0.4356693083050547,0.8497328873076903
801,adam,801,802,9.57000417754294e-06,1,3.453971451837668e-08,2.4724744079954753e-09,2.8642986530801874e-08,1.3140091948399386e-07,1,1,,0,1.6558575342488857e-17,-0.06001120957977386,-1.4827699594969972,-1.3320597900804754,0.001497712431547451,7.61659538849398e-05,0.00018584863335084463,0.0008238431792672238,5.134699520817496e-05,0.00034376007827592657,0.11339600594563101,0.40538388221458876,0.43566932059484564,0.8497329086482531
802,adam,802,803,9.474304135767512e-06,1,3.453941501185446e-08,2.4724131791436975e-09,2.864242439370353e-08,1.301888431644308e-07,1,1,,0,1.7365751388354653e-17,-0.06001079541748313,-1.48276913590341,-1.3320596091437875,0.0014977126133455796,7.616498189253981e-05,0.00018584782756829433,0.0008238450597676398,5.134666508207592e-05,0.0003437601205999856,0.11339601093232184,0.4053836256061875,0.4356693327698957,0.8497329297921655
803,adam,803,804,9.379561094409836e-06,1,3.453911826509491e-08,2.4723525051729e-09,2.8641867204235777e-08,1.2898787730024678e-07,1,1,,0,1.8302632183259854e-17,-0.06001038505447738,-1.4827683198504837,-1.3320594298897555,0.0014977127933174538,7.61640188490171e-05,0.00018584702920707371,0.000823846922850451,5.134633799349879e-05,0.00034376016253873126,0.1133960158729964,0.40538337121525797,0.43566934483127623,0.8497329507412368
804,adam,804,805,9.285765483465738e-06,1,3.453882425274861e-08,2.472292381186449e-09,2.864131492417198e-08,1.277979207102133e-07,1,1,,0,1.536271040310595e-17,-0.06000997845611428,-1.482767511269602,-1.3320592523030366,0.0014977129714797417,7.616306467170791e-05,0.00018584623819907845,0.0008238487686755821,5.134601391421412e-05,0.0003437602040956344,0.11339602076807848,0.40538311902273466,0.4356693567800485,0.8497329714972599
805,adam,805,806,9.192907828631079e-06,1,3.453853294972298e-08,2.4722328021028585e-09,2.8640767506528356e-08,1.2661887313107546e-07,1,1,,0,1.498412790735546e-17,-0.06000957558814584,-1.4827667100928712,-1.3320590763684224,0.0014977131478495708,7.616211927953446e-05,0.00018584545447689318,0.0008238505974021224,5.134569281666842e-05,0.00034376024527418326,0.11339602561798702,0.4053828690096468,0.4356693686172637,0.8497329920620109
806,adam,806,807,9.10097875034477e-06,1,3.453824433114864e-08,2.4721737630971424e-09,2.864022491201935e-08,1.2545063521425564e-07,1,1,,0,1.6940349368505967e-17,-0.060009176416571774,-1.4827659162529372,-1.3320589020708387,0.001497713322443596,7.616118259177848e-05,0.00018584467797370106,0.0008238524091874324,5.13453746734451e-05,0.0003437602860778039,0.11339603042313762,0.4053826211572901,0.43566938034396313,0.8497330124372496
807,adam,807,808,9.009968962841322e-06,1,3.453795837237698e-08,2.4721152591725236e-09,2.863968709470441e-08,1.242931084971615e-07,1,1,,0,1.6402980681601237e-17,-0.06000878090773815,-1.4827651296831013,-1.3320587293953463,0.001497713495278001,7.616025452870637e-05,0.00018584390862327714,0.0008238542041876327,5.1345059457269014e-05,0.0003437603265098917,0.11339603518394256,0.4053823754470271,0.4356693919611785,0.8497330326247199
808,adam,808,809,8.919869273212909e-06,1,3.45376750489949e-08,2.4720572855745547e-09,2.8639154015577934e-08,1.2314619541766552e-07,1,1,,0,1.594157068109369e-17,-0.060008389028283954,-1.482764350317248,-1.3320585583271356,0.0014977136663693505,7.615933501095528e-05,0.0001858431463600283,0.0008238559825571031,5.1344747141260184e-05,0.0003437603665738336,0.11339603990080867,0.4053821318604237,0.4356694034699317,0.849733052626149
809,adam,809,810,8.830670580480779e-06,1,3.453739433680824e-08,2.471999837406943e-09,2.863862562953505e-08,1.2200979929904665e-07,1,1,,0,1.6599408426703354e-17,-0.06000800074514953,-1.482763578089855,-1.3320583888515296,0.001497713835733893,7.615842396031989e-05,0.00018584239111894854,0.000823857744449258,5.1344437698737e-05,0.000343760406272957,0.11339604457414079,0.40538189037918815,0.43566941487123506,0.8497330724432485
810,adam,810,811,8.74236387467597e-06,1,3.453711621184623e-08,2.4719429099422483e-09,2.8638101896393048e-08,1.2088382433611811e-07,1,1,,0,1.6666170009929356e-17,-0.060007616025577824,-1.482762812936002,-1.3320582209539804,0.0014977140033877925,7.615752129907035e-05,0.00018584164283563098,0.0008238594900156742,5.1344131103240834e-05,0.00034376044561058633,0.1133960492043387,0.4053816509851873,0.4356694261660914,0.8497330920777144
811,adam,811,812,8.654940235929212e-06,1,3.45368406503569e-08,2.4718864985064493e-09,2.8637582776812752e-08,1.19768175590723e-07,1,1,,0,1.9079170459013606e-17,-0.06000723483709215,-1.4827620547913454,-1.3320580546200687,0.0014977141693472847,7.615662695012733e-05,0.00018584090144625564,0.0008238612194065835,5.134382732856578e-05,0.00034376048458998503,0.11339605379179973,0.40538141366045255,0.4356694373554943,0.8497331115312267
812,adam,812,813,8.56839083356992e-06,1,3.4536567628800246e-08,2.4718305984064398e-09,2.8637068229236393e-08,1.1866275898782084e-07,1,1,,0,1.825640507836863e-17,-0.060006857147514366,-1.482761303592118,-1.332057889835503,0.0014977143336279,7.615574083720417e-05,0.000185840166887571,0.0008238629327711001,5.13435263487135e-05,0.00034376052321440954,0.11339605833691731,0.4053811783871675,0.4356694484404277,0.8497331308054499
813,adam,813,814,8.48270692523422e-06,1,3.453629712386505e-08,2.4717752049818996e-09,2.8636558212384768e-08,1.1756748130115443e-07,1,1,,0,1.715298242734337e-17,-0.06000648292497413,-1.482760559275152,-1.3320577265861189,0.001497714496245475,7.615486288478106e-05,0.0001858394390969394,0.0008238646302568081,5.1343228138071944e-05,0.0003437605614870944,0.11339606284007968,0.40538094514768425,0.43566945942186663,0.8497331499020336
814,adam,814,815,8.397879855981878e-06,1,3.453602911243941e-08,2.4717203137236654e-09,2.8636052689269655e-08,1.1648225015288082e-07,1,1,,0,1.7255042298480232e-17,-0.06000611213786601,-1.4827598217778073,-1.332057564857877,0.0014977146572158402,7.61539930178904e-05,0.00018583871801225763,0.0008238663120098392,5.134293267105548e-05,0.0003437605994112072,0.11339606730167419,0.40538071392448144,0.4356694703007767,0.8497331688226119
815,adam,815,816,8.313901057422059e-06,1,3.4535763571637674e-08,2.471665919974221e-09,2.8635551615991607e-08,1.154069739957246e-07,1,1,,0,1.607386126205305e-17,-0.06000574475489837,-1.4827590910380535,-1.332057404636862,0.0014977148165537307,7.615313116247806e-05,0.00018583800357202957,0.0008238679781754128,5.13426399225326e-05,0.000343760636989934,0.1133960717220818,0.405380484700194,0.4356694810781147,0.8497331875688037
816,adam,816,817,8.230762046847837e-06,1,3.453550047876295e-08,2.471612019359013e-09,2.8635054958588605e-08,1.1434156212117692e-07,1,1,,0,1.7981298980754922e-17,-0.0600053807450203,-1.4827583669943847,-1.3320572459092836,0.001497714974275897,7.61522772447246e-05,0.00018583729571526527,0.0008238696288967208,5.13423498673247e-05,0.00034376067422638157,0.11339607610168344,0.4053802574576276,0.43566949175482844,0.849733206142213
817,adam,817,818,8.14845442637936e-06,1,3.453523981135777e-08,2.471558607317409e-09,2.8634562674043704e-08,1.1328592463182381e-07,1,1,,0,1.7151632030272587e-17,-0.06000502007750391,-1.4827576495858803,-1.3320570886614722,0.0014977151303962872,7.615143119213035e-05,0.00018583659438161734,0.0008238712643164476,5.1342062480915235e-05,0.0003437607111237078,0.11339608044085148,0.40538003217974844,0.4356695023318567,0.8497332245444295
818,adam,818,819,8.066969882115566e-06,1,3.453498154714057e-08,2.471505679448105e-09,2.863407472510573e-08,1.1223997244972534e-07,1,1,,0,1.7126290985007715e-17,-0.060004662721877405,-1.4827569387521518,-1.3320569328798806,0.0014977152849307862,7.615059293237923e-05,0.0001858358995112101,0.0008238728845753091,5.134177773855562e-05,0.00034376074768493705,0.11339608473995993,0.4053798088495682,0.4356695128101296,0.8497332427770276
819,adam,819,820,7.98630018329441e-06,1,3.4534725664040405e-08,2.471453231312943e-09,2.8633591072036058e-08,1.1120361730664646e-07,1,1,,0,1.718927080770867e-17,-0.060004308647938015,-1.4827562344333454,-1.332056778551081,0.0014977154378938745,7.6149762393956e-05,0.00018583521104473288,0.0008238744898131801,5.1341495615892824e-05,0.00034376078391313864,0.11339608899937736,0.4053795874503561,0.43566952319056845,0.8497332608415675
820,adam,820,821,7.906437181461466e-06,1,3.4534472140204e-08,2.47140125868225e-09,2.8633111680259447e-08,1.1017677172765378e-07,1,1,,0,1.6275318957576096e-17,-0.06000395782577737,-1.482755536570184,-1.332056625661766,0.001497715589300262,7.614893950589912e-05,0.0001858345289234592,0.000823876080168241,5.1341216088984476e-05,0.00034376081981134357,0.1133960932194681,0.40537936796552265,0.435669533474086,0.8497332787395953
821,adam,821,822,7.827372809646852e-06,1,3.4534220953960687e-08,2.4713497571825897e-09,2.8632636510312336e-08,1.0915934903228066e-07,1,1,,0,1.8138283344891595e-17,-0.06000361022573154,-1.4827548451038792,-1.3320564741987462,0.0014977157391653482,7.61481241980438e-05,0.00018583385308915243,0.0008238776557777734,5.1340939133829296e-05,0.0003437608553825338,0.11339609740059425,0.40537915037854094,0.4356695436615863,0.8497332964726423
822,adam,822,823,7.749099081550383e-06,1,3.45339720838576e-08,2.4712987225981164e-09,2.8632165526175316e-08,1.0815126333306938e-07,1,1,,0,1.6706815364247376e-17,-0.06000326581843085,-1.4827541599762155,-1.3320563241489491,0.0014977158875032093,7.614731640090359e-05,0.00018583318348416034,0.000823879216777659,5.134066472698092e-05,0.0003437608906296897,0.11339610154311361,0.4053789346731224,0.4356695537539652,0.8497333140422257
823,adam,823,824,7.671608090734879e-06,1,3.4533725508610765e-08,2.4712481505895146e-09,2.8631698687712036e-08,1.0715242950939975e-07,1,1,,0,1.5713013490959033e-17,-0.060002924574766164,-1.4827534811294831,-1.3320561754994198,0.0014977160343289265,7.614651604558151e-05,0.00018583252005128373,0.0008238807633026341,5.1340392844749216e-05,0.0003437609255557431,0.11339610564738228,0.40537872083301385,0.43566956375211,0.8497333314498496
824,adam,824,825,7.59489200982753e-06,1,3.4533481207156545e-08,2.4711980371150536e-09,2.8631235963228456e-08,1.061627632149789e-07,1,1,,0,1.6226953024218296e-17,-0.06000258646585771,-1.4827528085064814,-1.3320560282373166,0.0014977161796562541,7.61457230635432e-05,0.0001858318627339148,0.0008238822954857995,5.134012346409419e-05,0.00034376096016361667,0.11339610971375148,0.4053785088422054,0.4356695736568997,0.8497333486970032
825,adam,825,826,7.518943089729256e-06,1,3.4533239158607855e-08,2.471148377932059e-09,2.863077731358428e-08,1.0518218087224348e-07,1,1,,0,1.8036172884555854e-17,-0.06000225146314389,-1.4827521420505538,-1.3320558823499147,0.0014977163234992537,7.614493738732094e-05,0.00018583121147591934,0.0008238838134595175,5.133985656187492e-05,0.00034376099445617873,0.11339611374257053,0.40537829868473224,0.4356695834692051,0.8497333657851627
826,adam,826,827,7.443753658831962e-06,1,3.4532999342283174e-08,2.4710991689423934e-09,2.863032270280636e-08,1.0421059965824579e-07,1,1,,0,1.5578950069196715e-17,-0.06000191953826928,-1.482751481705542,-1.3320557378246012,0.001497716465872598,7.614415894984021e-05,0.00018583056622171492,0.0008238853173548954,5.1339592115471906e-05,0.00034376102843631753,0.11339611773418395,0.4053780903448569,0.4356695931898888,0.8497333827157902
827,adam,827,828,7.369316122243643e-06,1,3.453276173767751e-08,2.4710504060973176e-09,2.862987209684338e-08,1.0324793749689599e-07,1,1,,0,1.6499120947520667e-17,-0.06000159066316414,-1.4827508274157877,-1.332055594648876,0.0014977166067904164,7.614338768454891e-05,0.00018582992691619266,0.000823886807301482,5.133933010217624e-05,0.00034376106210686234,0.11339612168893408,0.4053778838069149,0.43566960281980543,0.8497333994903346
828,adam,828,829,7.295622961021206e-06,1,3.45325263244753e-08,2.4710020853304962e-09,2.862942545921623e-08,1.022941130596335e-07,1,1,,0,1.5780732245650486e-17,-0.06000126481000286,-1.4827501791261335,-1.3320554528103503,0.0014977167462658983,7.614262352566147e-05,0.0001858292935047521,0.0008238882834279841,5.1339070499617155e-05,0.0003437610954705957,0.11339612560716138,0.4053776790553989,0.43566961235980145,0.8497334161102315
829,adam,829,830,7.222666731410994e-06,1,3.4532293082558996e-08,2.470954202675712e-09,2.8628982756230332e-08,1.0134904575583276e-07,1,1,,0,1.8022456787020226e-17,-0.06000094195121698,-1.4827495367819465,-1.3320553122967465,0.0014977168843136272,7.61418664079928e-05,0.00018582866593332416,0.0008238897458617179,5.133881328571591e-05,0.00034376112853033773,0.11339612948920035,0.40537747607492886,0.4356696218107156,0.849733432576903
830,adam,830,831,7.150440064096884e-06,1,3.453206199198753e-08,2.4709067541378427e-09,2.8628543952006066e-08,1.004126557227872e-07,1,1,,0,1.6287935482350844e-17,-0.06000062205949091,-1.4827489003290715,-1.3320551730958958,0.001497717020946472,7.614111626690844e-05,0.00018582804414831345,0.0008238911947290376,5.1338558438538835e-05,0.0003437611612888457,0.11339613333538406,0.4053772748502753,0.43566963117337865,0.8497334488917587
831,adam,831,832,7.078935663455915e-06,1,3.453183303298947e-08,2.4708597357744342e-09,2.8628109012457507e-08,9.948486382331072e-08,1,1,,0,1.7125755106762386e-17,-0.060000305107736886,-1.4827482697138294,-1.3320550351957394,0.0014977171561785401,7.614037303829269e-05,0.00018582742809657962,0.0008238926301549255,5.133830593612011e-05,0.00034376119374882904,0.11339613714604355,0.40537707536627726,0.43566964044861367,0.8497334650561945
832,adam,832,833,7.008146306821355e-06,1,3.4531606186000357e-08,2.4708131437072093e-09,2.862767790326693e-08,9.856559163079802e-08,1,1,,0,1.6261030457156134e-17,-0.0599999910691315,-1.482747644883046,-1.3320548985843241,0.0014977172900231559,7.613963665886114e-05,0.0001858268177255381,0.0008238940522634658,5.133805575711586e-05,0.0003437612259130139,0.11339614092150477,0.4053768776079837,0.435669649637236,0.8497334810715939
833,adam,833,834,6.938064843753142e-06,1,3.453138143161247e-08,2.4707669741118227e-09,2.8627250592618385e-08,9.765476144416832e-08,1,1,,0,1.588977169885347e-17,-0.059999679917086074,-1.4827470257840072,-1.3320547632498057,0.0014977174224935642,7.613890706545416e-05,0.00018582621298302474,0.0008238954611771597,5.133780788006522e-05,0.0003437612577840844,0.11339614466209162,0.40537668156053935,0.4356696587400533,0.8497334969393276
834,adam,834,835,6.868684195315611e-06,1,3.4531158750608904e-08,2.4707212231061595e-09,2.8626827044487603e-08,9.67522962511157e-08,1,1,,0,1.5682100970020767e-17,-0.05999937162524573,-1.4827464123644996,-1.3320546291804454,0.0014977175536022259,7.613818419604588e-05,0.00018582561381738768,0.0008238968570181154,5.133756228386606e-05,0.0003437612893647068,0.11339614836812471,0.40537648720925346,0.4356696677578657,0.8497335126607538
835,adam,835,836,6.799997353362454e-06,1,3.4530938123941567e-08,2.470675886965738e-09,2.862640722851787e-08,9.585811974199962e-08,1,1,,0,1.6020677261297162e-17,-0.0599990661675099,-1.4827458045727613,-1.3320544963646093,0.001497717683363692,7.613746798876072e-05,0.00018582502017742812,0.000823898239906431,5.133731894743625e-05,0.00034376132065748883,0.113396152039923,0.40537629453943325,0.435669676691466,0.8497335282372176
836,adam,836,837,6.73199737982883e-06,1,3.453071953274964e-08,2.4706309618822254e-09,2.8625991109234363e-08,9.49721563050339e-08,1,1,,0,1.6095991886207716e-17,-0.05999876351801091,-1.4827452023575325,-1.332054364790767,0.0014977178117897185,7.613675838254131e-05,0.00018582443201244997,0.0008238996099619312,5.1337077850250064e-05,0.0003437613516650881,0.11339615567780015,0.4053761035367051,0.4356696855416393,0.8497335436700525
837,adam,837,838,6.664677406030541e-06,1,3.453050295832502e-08,2.470586444141876e-09,2.8625578655110838e-08,9.409433100370007e-08,1,1,,0,1.748942441121413e-17,-0.05999846365110751,-1.4827446056679656,-1.3320542344474924,0.0014977179388941484,7.613605531680286e-05,0.00018582384927216694,0.0008239009673028162,5.133683897150136e-05,0.00034376138239007435,0.11339615928206885,0.40537591418666996,0.43566969430916375,0.8497335589605796
838,adam,838,839,6.5980306319702365e-06,1,3.453028838214402e-08,2.4705423301050977e-09,2.8625169835181558e-08,9.322456958932755e-08,1,1,,0,1.725243744429153e-17,-0.05999816654138969,-1.4827440144536945,-1.3320541053234616,0.0014977180646889591,7.613535873128735e-05,0.00018582327190678788,0.0008239023120462979,5.1336602290872515e-05,0.0003437614128349961,0.11339616285303847,0.40537572647509007,0.4356697029948098,0.8497335741101072
839,adam,839,840,6.532050325650534e-06,1,3.4530075785851684e-08,2.470498616024775e-09,2.862476461429549e-08,9.236279848197678e-08,1,1,,0,1.722321918916801e-17,-0.059997872163690784,-1.4827434286648382,-1.3320539774074518,0.0014977181891863566,7.613466856683706e-05,0.0001858226998669745,0.0008239036443087817,5.1336367788181974e-05,0.00034376144300242217,0.11339616639101491,0.40537554038790835,0.43566971159934104,0.8497335891199322
840,adam,840,841,6.466729822394028e-06,1,3.4529865151251635e-08,2.470455298366145e-09,2.8624362963833723e-08,9.150894476811102e-08,1,1,,0,1.7108781739132298e-17,-0.05999758049305115,-1.4827428482519172,-1.3320538506883404,0.0014977183124004023,7.613398476419346e-05,0.0001858221331038142,0.0008239049642052383,5.133613544330549e-05,0.00034376147289484784,0.11339616989630329,0.4053753559110684,0.4356697201235137,0.8497336039913396
841,adam,841,842,6.402062524170088e-06,1,3.452965646033652e-08,2.470412373521202e-09,2.862396485123918e-08,9.066293619972505e-08,1,1,,0,1.6830229081034736e-17,-0.059997291504759936,-1.4827422731659448,-1.332053725155106,0.0014977184343421298,7.613330726513023e-05,0.00018582157156890188,0.0008239062718497919,5.1335905236632164e-05,0.00034376150251479897,0.11339617336920199,0.40537517303078124,0.43566972856807706,0.849733618725602
842,adam,842,843,6.338041898928387e-06,1,3.452944969523984e-08,2.470369837905832e-09,2.8623570244652497e-08,8.982470117668693e-08,1,1,,0,1.6215011880126154e-17,-0.05999700517431298,-1.4827417033583314,-1.3320536007968247,0.0014977185550241181,7.613263601175105e-05,0.00018582101521421047,0.0008239075673555647,5.1335677148382426e-05,0.0003437615318647282,0.11339617681001089,0.4053749917332817,0.4356697369337734,0.849733633323981
843,adam,843,844,6.274661479939103e-06,1,3.452924483826485e-08,2.4703276879832616e-09,2.8623179113048854e-08,8.899416875505354e-08,1,1,,0,1.775856227511654e-17,-0.05999672147743572,-1.4827411387809781,-1.3320534776026718,0.0014977186744588652,7.613197094674315e-05,0.00018582046399216867,0.0008239088508344676,5.133545115898644e-05,0.0003437615609470839,0.11339618021902466,0.40537481200489034,0.4356697452213381,0.849733647787726
844,adam,844,845,6.211914865139712e-06,1,3.452904187188903e-08,2.4702859204345496e-09,2.8622791431183525e-08,8.817126863186726e-08,1,1,,0,1.6830338762215626e-17,-0.0599964403900677,-1.4827405793861637,-1.332053355561919,0.0014977187926588612,7.61313120129622e-05,0.0001858199178556729,0.0008239101223972326,5.13352272493796e-05,0.00034376158976431143,0.1133961835965358,0.4053746338322112,0.43566975343149944,0.8497336621180753
845,adam,845,846,6.149795716488315e-06,1,3.452884077873082e-08,2.470244531503562e-09,2.8622407159070383e-08,8.735593113635045e-08,1,1,,0,1.8356561851789768e-17,-0.059996161888378856,-1.482740025126665,-1.332053234663935,0.0014977189096349677,7.613065915468077e-05,0.00018581937675799803,0.000823911382154425,5.1335005400214986e-05,0.0003437616183188106,0.11339618694283471,0.4053744572017438,0.4356697615649792,0.8497336763162557
846,adam,846,847,6.088297759323432e-06,1,3.4528641541586784e-08,2.4702035180487533e-09,2.8622026276164225e-08,8.654808723583765e-08,1,1,,0,1.7598624760767755e-17,-0.05999588594873357,-1.4827394759556203,-1.3320531148981836,0.001497719025399823,7.613001231556994e-05,0.00018581884065289715,0.0008239126302143144,5.133478559273867e-05,0.00034376164661295685,0.11339619025820839,0.40537428210026627,0.4356697696224923,0.8497336903834828
847,adam,847,848,6.027414781730197e-06,1,3.452844414340685e-08,2.4701628764756486e-09,2.862164874551889e-08,8.574766852183411e-08,1,1,,0,1.969177283697702e-17,-0.05999561254775039,-1.4827389318266528,-1.332052996254224,0.0014977191399655188,7.612937144080112e-05,0.00018581830949453515,0.0008239138666853402,5.13345678082085e-05,0.0003437616746491457,0.11339619354294067,0.4053741085145849,0.4356697776047469,0.8497337043209606
848,adam,848,849,5.967140633912895e-06,1,3.452824856727957e-08,2.4701226035695054e-09,2.8621274543674354e-08,8.495460720581789e-08,1,1,,0,1.700933808532165e-17,-0.0599953416622028,-1.4827383926937407,-1.3320528787217085,0.0014977192533427463,7.612873647519024e-05,0.00018581778323744895,0.0008239150916741242,5.133435202789721e-05,0.0003437617024296812,0.11339619679731477,0.40537393643171077,0.43566978551244473,0.8497337181298827
849,adam,849,850,5.907469227573766e-06,1,3.4528054796467814e-08,2.470082695826526e-09,2.8620903635031236e-08,8.41688361167349e-08,1,1,,0,1.8532407452657906e-17,-0.059995073269119424,-1.4827378585113347,-1.3320527622903826,0.0014977193655435878,7.61281073648245e-05,0.00018581726183664372,0.0008239163052870083,5.133413823344884e-05,0.0003437617299569076,0.11339620002160948,0.4053737658386651,0.4356697933462807,0.8497337318114311
850,adam,850,851,5.848394535298028e-06,1,3.4527862814388594e-08,2.4700431500809757e-09,2.862053599542943e-08,8.339028868534224e-08,1,1,,0,1.7414825922432096e-17,-0.059994807345723836,-1.4827373292342707,-1.3320526469500849,0.0014977194765800447,7.612748405580474e-05,0.00018581674524753843,0.0008239175076286995,5.133392640669499e-05,0.0003437617572331326,0.11339620321610115,0.4053735967226091,0.4356698011069435,0.8497337453667776
851,adam,851,852,5.789910589945049e-06,1,3.45276726045925e-08,2.4700039629873498e-09,2.8620171593933718e-08,8.26188989511337e-08,1,1,,0,1.944913263105883e-17,-0.0599945438694403,-1.4827368048177985,-1.3320525326907455,0.0014977195864626397,7.612686649485529e-05,0.00018581623342591062,0.000823918698803317,5.1333716529416744e-05,0.0003437617842606056,0.11339620638106539,0.4053734290708489,0.43566980879511524,0.8497337587970825
852,adam,852,853,5.7320114840455976e-06,1,3.4527484150801435e-08,2.4699651313454923e-09,2.8619810403278216e-08,8.185460155365846e-08,1,1,,0,2.0022037405684838e-17,-0.0599942828179023,-1.4827362852175665,-1.3320524195023842,0.0014977196952030564,7.61262546291702e-05,0.00018581572632799797,0.0008239198789140188,5.1333508583852764e-05,0.00034376181104161515,0.11339620951677248,0.40537326287080155,0.43566981641147173,0.8497337721034959
853,adam,853,854,5.674691369205142e-06,1,3.45272974368662e-08,2.469926651903018e-09,2.8619452394633648e-08,8.109733172548114e-08,1,1,,0,1.4099824298123432e-17,-0.05999402416894284,-1.4827357703896369,-1.3320523073751118,0.001497719802812119,7.61256484063793e-05,0.00018581522391038414,0.0008239210480627945,5.13333025520851e-05,0.0003437618375783758,0.1133962126234932,0.4053730981099025,0.4356698239566824,0.8497337852871572
854,adam,854,855,5.617944455513089e-06,1,3.4527112446810414e-08,2.4698885214862323e-09,2.861909753961529e-08,8.03470252798351e-08,1,1,,0,2.017338581707261e-17,-0.05999376790061289,-1.4827352602904749,-1.3320521962991272,0.001497719909301269,7.612504777487045e-05,0.00018581472613011707,0.0008239222063510358,5.133309841670419e-05,0.0003437618638731434,0.11339621570149272,0.40537293477582487,0.4356698314314106,0.8497337983491953
855,adam,855,856,5.561765010957959e-06,1,3.452692916477482e-08,2.469850736940056e-09,2.8618745811264157e-08,7.960361861653211e-08,1,1,,0,1.7932151451475075e-17,-0.05999351399112856,-1.4827347548768968,-1.3320520862647185,0.0014977200146812461,7.612445268302345e-05,0.00018581423294455895,0.0008239233538788933,5.1332896160164694e-05,0.000343761889928058,0.11339621875103731,0.4053727728562474,0.43566983883631316,0.8497338112907289
856,adam,856,857,5.50614736084838e-06,1,3.4526747575068665e-08,2.4698132951176897e-09,2.8618397181276105e-08,7.886704871211722e-08,1,1,,0,1.5929064946010754e-17,-0.05999326241893609,-1.4827342541061819,-1.3320519772622619,0.0014977201189634837,7.612386308015762e-05,0.00018581374431152466,0.0008239244907457184,5.133269576521748e-05,0.0003437619157453431,0.11339622177238784,0.4053726123390081,0.43566984617204124,0.8497338241128661
857,adam,857,858,5.451085887239895e-06,1,3.4526567662138214e-08,2.469776192936675e-09,2.8618051622792315e-08,7.813725312087433e-08,1,1,,0,1.7807018194887425e-17,-0.05999301316267049,-1.4827337579359308,-1.3320518692822196,0.0014977202221580148,7.612327891583469e-05,0.000185813260189197,0.0008239256170500546,5.13324972148455e-05,0.0003437619413271421,0.1133962247658038,0.4053724532120253,0.43566985343923953,0.8497338368167052
858,adam,858,859,5.396575028367497e-06,1,3.4526389410567864e-08,2.4697394272911613e-09,2.8617709108020876e-08,7.741416994943626e-08,1,1,,0,1.939418180343508e-17,-0.059992766201139865,-1.4827332663241555,-1.3320517623151404,0.0014977203242757993,7.612270014004151e-05,0.0001858127805361296,0.0008239267328894768,5.1332300492048605e-05,0.00034376196667560544,0.11339622773154216,0.40537229546335046,0.43566986063854685,0.8497338494033342
859,adam,859,860,5.342609278083822e-06,1,3.4526212805087474e-08,2.4697029951643352e-09,2.861736961094306e-08,7.669773788042971e-08,1,1,,0,1.7026999206019243e-17,-0.059992521513370214,-1.482732779229266,-1.3320516563516573,0.001497720425327794,7.612212670339086e-05,0.00018581230531126693,0.0008239278383605315,5.1332105580053275e-05,0.00034376199179283974,0.1133962306698581,0.4053721390810984,0.435669867770596,0.8497338618738309
860,adam,860,861,5.289183185302983e-06,1,3.452603783056454e-08,2.4696668936084483e-09,2.861703310755685e-08,7.598789614736061e-08,1,1,,0,1.7702888553169424e-17,-0.059992279078550544,-1.4827322966099934,-1.33205155138249,0.0014977205253232445,7.612155855653985e-05,0.00018581183447392293,0.0008239289335588779,5.133191246224894e-05,0.0003437620166809488,0.11339623358100405,0.4053719840535281,0.43566987483601416,0.8497338742292636
861,adam,861,862,5.236291353449953e-06,1,3.4525864472003965e-08,2.4696311194769327e-09,2.8616699566260323e-08,7.528458452777396e-08,1,1,,0,1.646229270546364e-17,-0.0599920388761076,-1.4827318184255167,-1.3320514473984404,0.001497720624273875,7.612099565131153e-05,0.0001858113679837807,0.0008239300185796054,5.133172112205725e-05,0.0003437620413420082,0.11339623646523017,0.4053718303688981,0.43566988183542216,0.8497338864706906
862,adam,862,863,5.183928439915454e-06,1,3.452569271455141e-08,2.469595669903089e-09,2.8616368964145153e-08,7.458774335693268e-08,1,1,,0,1.642714341676294e-17,-0.05999180088558709,-1.4827313446353318,-1.3320513443903947,0.0014977207221899321,7.612043793932183e-05,0.00018581090580090128,0.000823931093516661,5.133153154323287e-05,0.0003437620657780917,0.11339623932278452,0.40537167801572427,0.4356698887694355,0.8497338985991603
863,adam,863,864,5.132089155516299e-06,1,3.4525522543489017e-08,2.4695605419291657e-09,2.861604127471713e-08,7.389731351093046e-08,1,1,,0,1.601383142042608e-17,-0.059991565086777714,-1.4827308751993178,-1.332051242349321,0.00149772081908096,7.611988537291544e-05,0.00018581044788571233,0.0008239321584631312,5.133134370958061e-05,0.0003437620899912389,0.1133962421539122,0.4053715269825056,0.4356698956386637,0.8497339106157118
864,adam,864,865,5.080768263961136e-06,1,3.45253539442269e-08,2.4695257326579253e-09,2.8615716473039054e-08,7.321323638843235e-08,1,1,,0,1.611897360278271e-17,-0.05999133145961328,-1.4827304100777,-1.3320511412662686,0.0014977209149569662,7.61193379047715e-05,0.00018580999419898515,0.0008239332135113964,5.133115760506127e-05,0.00034376211398347886,0.11339624495885643,0.4053713772579327,0.4356699024437108,0.8497339225213744
865,adam,865,866,5.029960581321525e-06,1,3.452518690232222e-08,2.469491239191332e-09,2.861539453252579e-08,7.253545393670562e-08,1,1,,0,1.6340397865374817e-17,-0.0599910999842391,-1.4827299492311043,-1.332051041132369,0.0014977210098285735,7.611879548820895e-05,0.00018580954470188613,0.0008239342587529384,5.133097321386166e-05,0.00034376213775681215,0.11339624773785877,0.40537122883066995,0.4356699091851748,0.8497339343171679
866,adam,866,867,4.979660975508309e-06,1,3.4525021403448665e-08,2.4694570586810407e-09,2.8615075429064886e-08,7.186390862167229e-08,1,1,,0,1.69325997738734e-17,-0.05999087064097121,-1.482729492620481,-1.332050941938833,0.0014977211037053926,7.611825807662304e-05,0.00018580909935589447,0.0008239352942781465,5.13307905201352e-05,0.00034376216131323394,0.11339625049115758,0.40537108168955227,0.43566991586364845,0.8497339460041032
867,adam,867,868,4.929864365753227e-06,1,3.4524857433416744e-08,2.4694231882849637e-09,2.8614759137127336e-08,7.119854343398396e-08,1,1,,0,1.6810884436914195e-17,-0.05999064341028092,-1.4827290402071296,-1.3320508436769518,0.001497721196597653,7.611772562412433e-05,0.00018580865812285697,0.0008239363201770591,5.133060950831529e-05,0.0003437621846546983,0.11339625321899034,0.4053709358235358,0.43566992247971903,0.8497339575831815
868,adam,868,869,4.880565722095694e-06,1,3.4524694978175506e-08,2.469389625295922e-09,2.861444563510269e-08,7.053930188019492e-08,1,1,,0,1.7598528871455208e-17,-0.059990418272835674,-1.4827285919527162,-1.3320507463380953,0.0014977212885143364,7.61171980849985e-05,0.00018580822096499257,0.0008239373365383636,5.1330430163054494e-05,0.0003437622077831806,0.11339625592159092,0.40537079122166375,0.43566992903396806,0.8497339690553947
869,adam,869,870,4.831760064874737e-06,1,3.452453402379083e-08,2.46935636669996e-09,2.8614134890984048e-08,6.988612797690706e-08,1,1,,0,1.8734396042582952e-17,-0.059990195209518635,-1.482728147819287,-1.3320506499137108,0.001497721379465743,7.6116675414488e-05,0.00018580778784483396,0.0008239383434504512,5.1330252468901686e-05,0.0003437622307005987,0.11339625859919165,0.4053706478729368,0.435669935526972,0.8497339804217259
870,adam,870,871,4.78344246422599e-06,1,3.452437455646341e-08,2.4693234099153223e-09,2.8613826886161983e-08,6.923896625628988e-08,1,1,,0,1.9708681654172063e-17,-0.05998997420130091,-1.4827277077691625,-1.332050554395325,0.0014977214694613143,7.611615756755159e-05,0.00018580735872527604,0.000823939341000577,5.133007641079101e-05,0.00034376225340889755,0.1133962612520228,0.40537050576668954,0.4356699419593016,0.849733991683149
871,adam,871,872,4.73560803958373e-06,1,3.452421656251305e-08,2.469290752201176e-09,2.8613521596144624e-08,6.859776174907614e-08,1,1,,0,1.561715384112228e-17,-0.05998975522939394,-1.4827272717650377,-1.3320504597745386,0.0014977215585103337,7.611564449988494e-05,0.00018580693356953356,0.0008239403292752115,5.132990197362431e-05,0.00034376227590992984,0.11339626388031329,0.4053703648921419,0.43566994833152234,0.849734002840629
872,adam,872,873,4.688251959187892e-06,1,3.4524060028397505e-08,2.4692583907798538e-09,2.8613218994841748e-08,6.796245998203716e-08,1,1,,0,1.6529044606664255e-17,-0.05998953827515479,-1.4827268397699658,-1.3320503660430318,0.0014977216466222358,7.611513616774494e-05,0.0001858065123411919,0.0008239413083601596,5.132972914256891e-05,0.00034376229820563,0.11339626648428794,0.4053702252387198,0.4356699546441948,0.8497340138951222
873,adam,873,874,4.641369439596014e-06,1,3.4523904940687436e-08,2.4692263231030385e-09,2.8612919062873585e-08,6.733300698611223e-08,1,1,,0,1.6576848428382204e-17,-0.05998932332010897,-1.4827264117472905,-1.332050273192558,0.0014977217338066845,7.611463252731173e-05,0.00018580609500413984,0.0008239422783401417,5.1329557902910125e-05,0.00034376232029783617,0.1133962690641709,0.4053700867959264,0.4356699608978737,0.8497340248475755
874,adam,874,875,4.594955745200053e-06,1,3.4523751286076744e-08,2.4691945463777695e-09,2.8612621772391757e-08,6.670934926808756e-08,1,1,,0,1.496376784498572e-17,-0.05998911034595707,-1.4827259876607397,-1.3320501812149461,0.0014977218200727985,7.611413353572215e-05,0.000185805681522597,0.0008239432392996071,5.132938823990664e-05,0.0003437623421883924,0.11339627162018494,0.405369949553279,0.43566996709310907,0.8497340356989282
875,adam,875,876,4.5490061877480526e-06,1,3.452359905138628e-08,2.4691630580507453e-09,2.8612327102824426e-08,6.609143383814841e-08,1,1,,0,1.5480908649894914e-17,-0.05998889933456683,-1.4827255674743274,-1.3320500901021,0.0014977219054291486,7.611363915012364e-05,0.00018580527186112423,0.0008239441913217526,5.132922013914157e-05,0.0003437623638791452,0.11339627415254899,0.4053698135004842,0.4356699732304458,0.84973404645011
876,adam,876,877,4.503516125870572e-06,1,3.4523448223561556e-08,2.4691318554880273e-09,2.8612035030215094e-08,6.547920817616864e-08,1,1,,0,1.6171857176102868e-17,-0.0599886902679617,-1.4827251511524184,-1.3320499998459958,0.0014977219898854681,7.611314932828764e-05,0.00018580486598461718,0.0008239451344892744,5.13290535863433e-05,0.0003437623853719086,0.11339627666148124,0.4053696786272724,0.4356699793104235,0.8497340571020422
877,adam,877,878,4.458480964611867e-06,1,3.4523298789651005e-08,2.4691009359905134e-09,2.8611745527951262e-08,6.487262023678934e-08,1,1,,0,1.905356773499314e-17,-0.05998848312834715,-1.4827247386597147,-1.3320499104386838,0.0014977220734505529,7.611266402835738e-05,0.00018580446385824803,0.0008239460688841878,5.132888856712361e-05,0.0003437624066684719,0.11339627914719816,0.4053695449234532,0.4356699853335768,0.8497340676556382
878,adam,878,879,4.413896154965748e-06,1,3.452315073684194e-08,2.4690702972240424e-09,2.861145858130411e-08,6.42716184534048e-08,1,1,,0,1.5912037503959976e-17,-0.05998827789804792,-1.4827243299611745,-1.3320498218722852,0.0014977221561331985,7.611218320845603e-05,0.0001858040654475621,0.0008239469945872771,5.132872506756489e-05,0.00034376242777064416,0.11339628160991208,0.4053694123790562,0.4356699913004355,0.8497340781118023
879,adam,879,880,4.369757193416091e-06,1,3.45230040524254e-08,2.4690399364401428e-09,2.8611174160316688e-08,6.367615172966788e-08,1,1,,0,1.64551669229381e-17,-0.05998807455961003,-1.4827239250221478,-1.3320497341389939,0.001497722237942429,7.611170682776683e-05,0.0001858036707183833,0.0008239479116792551,5.13285630736333e-05,0.000343762448680164,0.11339628404983618,0.40536928098399083,0.43566999721152416,0.8497340884714313
880,adam,880,881,4.326059621481929e-06,1,3.452285872381703e-08,2.469009851282089e-09,2.8610892248600083e-08,6.308616942302978e-08,1,1,,0,1.8897573117259807e-17,-0.059987873095684145,-1.4827235238082561,-1.3320496472310757,0.0014977223188865664,7.611123484520897e-05,0.0001858032796368703,0.0008239488202394649,5.1328402571532086e-05,0.00034376246939880705,0.11339628646717959,0.4053691507284123,0.4356700030673628,0.8497340987354128
881,adam,881,882,4.28279902526711e-06,1,3.4522714738536655e-08,2.4689800391701402e-09,2.8610612821099438e-08,6.250162136625132e-08,1,1,,0,1.641434818156284e-17,-0.05998767348910001,-1.4827231262854343,-1.332049561140864,0.0014977223989746287,7.611076722048734e-05,0.0001858028921694618,0.0008239497203469244,5.132824354750952e-05,0.00034376248992827265,0.11339628886215118,0.4053690216024804,0.43567000886846635,0.8497341089046272
882,adam,882,883,4.239971035014439e-06,1,3.45225720842292e-08,2.4689504976649283e-09,2.861033585683425e-08,6.192245783345253e-08,1,1,,0,2.0548704095902107e-17,-0.05998747572286047,-1.4827227324199448,-1.3320494758607646,0.001497722478215087,7.611030391345392e-05,0.0001858025082829325,0.0008239506120798197,5.1328085988007e-05,0.0003437625102703055,0.11339629123495677,0.40536889359647066,0.4356700146153451,0.849734118979946
883,adam,883,884,4.197571324664295e-06,1,3.4522430748653526e-08,2.468921224206836e-09,2.8610061330553482e-08,6.134862955351869e-08,1,1,,0,1.5677023890887975e-17,-0.05998727978010583,-1.4827223421783786,-1.3320493913832512,0.0014977225566161776,7.610984488471238e-05,0.00018580212794436324,0.0008239514955157569,5.1327929879616644e-05,0.000343762530426625,0.11339629358579963,0.4053687667007146,0.4356700203085044,0.8497341289622333
884,adam,884,885,4.1555956114176515e-06,1,3.452229071967255e-08,2.468892216538436e-09,2.8609789226418013e-08,6.078008771277297e-08,1,1,,0,1.534117136253696e-17,-0.05998708564411029,-1.4827219555275493,-1.3320493077008664,0.0014977226341869076,7.610939009462526e-05,0.00018580175112111442,0.000823952370731187,5.132777520897299e-05,0.00034376255039887964,0.11339629591488341,0.40536864090565783,0.43567002594844506,0.8497341388523451
885,adam,885,886,4.114039655303475e-06,1,3.4522151985260355e-08,2.468863472156743e-09,2.860951952006244e-08,6.021678393100545e-08,1,1,,0,1.9624705959469735e-17,-0.05998689329833367,-1.4827215724346516,-1.33204922480622,0.0014977227109349658,7.610893950427418e-05,0.00018580137778084519,0.0008239532378023302,5.132762196285441e-05,0.00034376257018877587,0.11339629822240763,0.4053685162018661,0.43567003153566325,0.8497341486511292
886,adam,886,887,4.072899258750441e-06,1,3.452201453350854e-08,2.4688349886997024e-09,2.8609252190914836e-08,5.965867026560101e-08,1,1,,0,1.7719776633717353e-17,-0.059986702726375365,-1.4827211928671395,-1.3320491426919905,0.0014977227868690417,7.610849307510612e-05,0.0001858010078915304,0.0008239540968044286,5.132747012818498e-05,0.0003437625897979522,0.11339630050857202,0.40536839257985696,0.4356700370706503,0.849734158359426
887,adam,887,888,4.032170266162936e-06,1,3.4521878352615346e-08,2.468806763792333e-09,2.8608987217634383e-08,5.9105699223443467e-08,1,1,,0,1.5231208902578103e-17,-0.05998651391197222,-1.482720816792773,-1.3320490613509226,0.0014977228619973604,7.610805076885152e-05,0.00018580064142143145,0.0008239549478122604,5.1327319692034494e-05,0.00034376260922806346,0.11339630277357247,0.4053682700303574,0.4356700425538932,0.8497341679780684
888,adam,888,889,3.991848563501306e-06,1,3.452174343088501e-08,2.468778795135715e-09,2.8608724580923756e-08,5.855782372425632e-08,1,1,,0,1.869323544610958e-17,-0.05998632683902678,-1.482720444179609,-1.3320489807758262,0.0014977229363275215,7.610761254757169e-05,0.00018580027833909455,0.000823955790899595,5.1327170641527653e-05,0.0003437626284807274,0.11339630501760463,0.4053681485440844,0.4356700479858742,0.8497341775078809
889,adam,889,890,3.951930077866294e-06,1,3.45216097567297e-08,2.468751080361731e-09,2.8608464258626134e-08,5.801499713440855e-08,1,1,,0,1.6228115154643806e-17,-0.0599861414915679,-1.4827200749959677,-1.3320489009595784,0.0014977230098683638,7.610717837384885e-05,0.00018579991861335596,0.0008239566261399623,5.132702296396588e-05,0.0003437626475575686,0.1133963072408608,0.4053680281119567,0.4356700533670714,0.8497341869496811
890,adam,890,891,3.91241077708763e-06,1,3.452147731866826e-08,2.4687236171860946e-09,2.8608206230622726e-08,5.747717322810101e-08,1,1,,0,1.837727179406929e-17,-0.059985957853797435,-1.482719709210497,-1.33204882189512,0.0014977230826265498,7.610674821035667e-05,0.00018579956221333855,0.0008239574536058185,5.132687664670596e-05,0.0003437626664601782,0.11339630944353339,0.405367908724819,0.4356700586979579,0.8497341963042788
891,adam,891,892,3.8732866693167535e-06,1,3.4521346105327144e-08,2.468696403332682e-09,2.8607950476872486e-08,5.694430620932075e-08,1,1,,0,1.514896051684705e-17,-0.05998577591002531,-1.4827193467921012,-1.3320487435754569,0.0014977231546112234,7.610632202026167e-05,0.00018579920910845435,0.000823958273369158,5.132673167731835e-05,0.00034376268519014947,0.11339631162581146,0.40536779037369136,0.4356700639790029,0.8497342055724765
892,adam,892,893,3.834553802623586e-06,1,3.452121610542999e-08,2.4686694365903552e-09,2.8607696978982293e-08,5.6416350696671165e-08,1,1,,0,1.6883772408922938e-17,-0.05998559564474161,-1.4827189877099833,-1.3320486659936588,0.0014977232258296623,7.610589976687363e-05,0.00018579885926837654,0.0008239590855011203,5.1326588043359255e-05,0.00034376270374903426,0.11339631378788324,0.4053676730496367,0.43567006921067103,0.849734214755069
893,adam,893,894,3.79620826459735e-06,1,3.4521087307809913e-08,2.468642714661685e-09,2.86074457152148e-08,5.5893261721381714e-08,1,1,,0,1.7347197306079063e-17,-0.05998541704254737,-1.4827186319336108,-1.3320485891428586,0.0014977232962894522,7.610548141416227e-05,0.00018579851266307252,0.0008239598900724648,5.132644573257451e-05,0.00034376272213841315,0.11339631592993471,0.40536755674380637,0.4356700743934225,0.8497342238528445
894,adam,894,895,3.758246181951377e-06,1,3.4520959701398455e-08,2.468616235338835e-09,2.860719666601334e-08,5.537499471407109e-08,1,1,,0,1.6186429017452206e-17,-0.059985240088192573,-1.4827182794327378,-1.3320485130162514,0.0014977233659983315,7.610506692627074e-05,0.0001857981692627741,0.0008239606871531784,5.132630473277237e-05,0.00034376274035980613,0.11339631805215117,0.4053674414474355,0.43567007952771347,0.8497342328665831
895,adam,895,896,3.7206637201318626e-06,1,3.452083327523491e-08,2.4685899964252828e-09,2.860694981182143e-08,5.4861505531462646e-08,1,1,,0,1.6681744170921284e-17,-0.0599850647665752,-1.482717930177389,-1.3320484376070956,0.0014977234349645785,7.610465626759538e-05,0.0001857978290380028,0.0008239614768126265,5.132616503201017e-05,0.00034376275841475277,0.11339632015471446,0.4053673271518228,0.43567008461399553,0.8497342417970583
896,adam,896,897,3.683457082930544e-06,1,3.4520708018450205e-08,2.4685639958226345e-09,2.8606705136028417e-08,5.435275040542402e-08,1,1,,0,1.6966521387602008e-17,-0.059984891062730306,-1.4827175841378688,-1.3320483629087103,0.0014977235031945293,7.610424940279753e-05,0.0001857974919595262,0.000823962259119224,5.132602661826393e-05,0.00034376277630475074,0.11339632223780652,0.4053672138483025,0.4356700896527165,0.8497342506450365
897,adam,897,898,3.646622512101239e-06,1,3.4520583920281085e-08,2.468538231264809e-09,2.8606462615981788e-08,5.384868599060378e-08,1,1,,0,1.6891747832932497e-17,-0.05998471896180454,-1.4827172412847331,-1.3320482889144762,0.0014977235706965344,7.610384629725698e-05,0.00018579715799839643,0.0008239630341413968,5.132588947974391e-05,0.000343762794031318,0.1133963243016066,0.4053671015283959,0.43567009464431955,0.8497342594112768
898,adam,898,899,3.610156286980226e-06,1,3.4520460970062724e-08,2.468512700683935e-09,2.8606222234722024e-08,5.334926931632242e-08,1,1,,0,1.8747562655419577e-17,-0.05998454844912132,-1.4827169015888366,-1.3320482156178337,0.0014977236374777013,7.610344691610791e-05,0.00018579682712593,0.0008239638019463091,5.1325753604765025e-05,0.00034376281159593516,0.11339632634629206,0.4053669901835701,0.4356700995892439,0.8497342680965314
899,adam,899,900,3.574054724110424e-06,1,3.4520339157229154e-08,2.4684874019143532e-09,2.8605983971814475e-08,5.2854457812069546e-08,1,1,,0,1.5115357400598078e-17,-0.05998437951009734,-1.4827165650212863,-1.3320481430122844,0.0014977237035452874,7.610305122537996e-05,0.00018579649931370923,0.0008239645626009982,5.1325618981710465e-05,0.00034376282900008245,0.1133963283720393,0.405366879805415,0.4356701044879251,0.8497342767015459
900,adam,900,901,3.5383141768693195e-06,1,3.452021847130443e-08,2.468462332819906e-09,2.8605747807532645e-08,5.236420929833515e-08,1,1,,0,1.7172616085253242e-17,-0.05998421213032068,-1.4827162315534357,-1.3320480710913882,0.0014977237689062415,7.610265919110285e-05,0.00018579617453355821,0.0008239653161716648,5.132548559907422e-05,0.00034376284624521914,0.11339633037902301,0.4053667703856335,0.435670109340794,0.8497342852270584
901,adam,901,902,3.5029310351006267e-06,1,3.452009890191102e-08,2.4684374914895786e-09,2.8605513729242546e-08,5.1878481969559295e-08,1,1,,0,1.681774727445305e-17,-0.05998404629544998,-1.482715901156883,-1.332047999848765,0.0014977238335682809,7.61022707792908e-05,0.00018579585275756567,0.000823966062723582,5.132535344541578e-05,0.00034376286333276173,0.11339633236741693,0.4053666619159329,0.43567011414827767,0.849734293673801
902,adam,902,903,3.46790172474962e-06,1,3.4519980438773245e-08,2.4684128757241166e-09,2.8605281713696618e-08,5.1397234404884854e-08,1,1,,0,1.736233991348538e-17,-0.059983881991346244,-1.482715573803547,-1.3320479292780931,0.0014977238975382693,7.610188595698561e-05,0.00018579553395809396,0.0008239668023220778,5.1325222509541493e-05,0.00034376288026418203,0.11339633433739162,0.40536655438816166,0.4356701189107995,0.8497343020424988
903,adam,903,904,3.433222707502124e-06,1,3.451986307170375e-08,2.468388483445013e-09,2.8605051741538273e-08,5.092042556347568e-08,1,1,,0,1.8534451887367683e-17,-0.05998371920396963,-1.4827152494655735,-1.3320478593731067,0.0014977239608231455,7.610150469114751e-05,0.00018579521810774288,0.0008239675350314618,5.132509278017033e-05,0.00034376289704088483,0.11339633628911666,0.4053664477941301,0.4356701236287784,0.8497343103338697
904,adam,904,905,3.3988904804271028e-06,1,3.4519746790604154e-08,2.4683643127978316e-09,2.860482380086963e-08,5.044801476950918e-08,1,1,,0,1.620906120602763e-17,-0.059983557919376394,-1.4827149281152983,-1.3320477901276,0.001497724023430079,7.610112694873703e-05,0.00018579490517935134,0.0008239682609153049,5.132496424625074e-05,0.00034376291366426865,0.11339633822276084,0.4053663421258638,0.43567012830262997,0.8497343185486259
905,adam,905,906,3.364901575622832e-06,1,3.4519631585486556e-08,2.4683403616262848e-09,2.8604597867880576e-08,4.9979961723416515e-08,1,1,,0,1.9112413253691222e-17,-0.059983398123808034,-1.482714609725426,-1.332047721535423,0.0014977240853654601,7.610075269773154e-05,0.0001857945951460552,0.00082396898003722,5.132483689692747e-05,0.00034376293013575613,0.11339634013849023,0.4053662373753539,0.4356701329327654,0.8497343266874724
906,adam,906,907,3.3312525598666034e-06,1,3.4519517446425236e-08,2.4683166280103495e-09,2.8604373928215482e-08,4.9516226492825915e-08,1,1,,0,1.691929786226405e-17,-0.05998323980358235,-1.4827142942687994,-1.3320476535904813,0.0014977241466366056,7.610038190572825e-05,0.00018579428798115737,0.0008239696924594533,5.132471072106876e-05,0.0003437629464566898,0.11339634203647184,0.40536613353464596,0.43567013751959244,0.849734334751108
907,adam,907,908,3.2979400342679372e-06,1,3.451940436360862e-08,2.4682931099627433e-09,2.8604151963448614e-08,4.905676950225156e-08,1,1,,0,1.7714482711550988e-17,-0.059983082945163246,-1.4827139817185795,-1.332047586286738,0.001497724207250369,7.610001454093706e-05,0.00018579398365826765,0.0008239703982442232,5.1324585708010614e-05,0.0003437629626284576,0.11339634391686779,0.4053660305959476,0.43567014206351473,0.8497343427402251
908,adam,908,909,3.264960633925258e-06,1,3.45192923273207e-08,2.4682698055346925e-09,2.860393195568491e-08,4.8601551548829525e-08,1,1,,0,1.3923096541283216e-17,-0.05998292753515153,-1.4827136720481542,-1.3320475196182102,0.0014977242672133643,7.609965057205518e-05,0.00018579368215125265,0.0008239710974530517,5.132446184720964e-05,0.00034376297865243194,0.11339634577983976,0.40536592855144055,0.4356701465649325,0.8497343506555096
909,adam,909,910,3.232311027586005e-06,1,3.45191813279105e-08,2.468246712767203e-09,2.86037138873387e-08,4.815053377269057e-08,1,1,,0,1.706896724304614e-17,-0.05998277356024594,-1.4827133652311368,-1.33204745357897,0.0014977243265319742,7.609928996769712e-05,0.00018579338343415383,0.000823971790146923,5.13243391279464e-05,0.0003437629945299539,0.11339634762554916,0.405365827393468,0.43567015102424206,0.8497343584976413
910,adam,910,911,3.1999879173101453e-06,1,3.451907135582557e-08,2.4682238297666923e-09,2.8603497742437783e-08,4.7703677673213734e-08,1,1,,0,1.673791392939874e-17,-0.05998262100726785,-1.4827130612413912,-1.3320473881631447,0.001497724385212886,7.609893269679264e-05,0.00018579308748127734,0.0008239724763860031,5.13242175396653e-05,0.0003437630102623367,0.1133963494541557,0.4053657271143206,0.43567015544183596,0.8497343662672936
911,adam,911,912,3.1679880381370436e-06,1,3.451896240161602e-08,2.468201154618879e-09,2.8603283502713792e-08,4.726094510584856e-08,1,1,,0,1.5919827534823382e-17,-0.05998246986318016,-1.4827127600530263,-1.3320473233649144,0.0014977244432624753,7.609857872894303e-05,0.00018579279426720515,0.000823973156230294,5.132409707219006e-05,0.0003437630258509235,0.11339635126581568,0.4053656277064504,0.4356701598181032,0.849734373965134
912,adam,912,913,3.1363081577556734e-06,1,3.451885445588742e-08,2.468178685467087e-09,2.860307115322222e-08,4.682229825485434e-08,1,1,,0,1.786173560837258e-17,-0.059982320115030116,-1.4827124616403606,-1.332047259178514,0.0014977245006873494,7.609822803344086e-05,0.0001857925037666682,0.0008239738297388437,5.1323977714959696e-05,0.00034376304129698853,0.11339635306068774,0.4053655291623364,0.4356701641534292,0.8497343815918232
913,adam,913,914,3.1049450761781164e-06,1,3.45187475093689e-08,2.4681564204393244e-09,2.860286067626402e-08,4.63876996750458e-08,1,1,,0,1.679903712885381e-17,-0.05998217175002168,-1.482712165977984,-1.3320471955982296,0.0014977245574941118,7.609788058039619e-05,0.00018579221595472966,0.0008239744969705254,5.13238594580436e-05,0.00034376305660187664,0.11339635483892412,0.4053654314745435,0.43567016844819567,0.8497343891480165
914,adam,914,915,3.0738956254163354e-06,1,3.451864155283895e-08,2.468134357688926e-09,2.860265205596253e-08,4.5957112240200487e-08,1,1,,0,1.5679412232457936e-17,-0.05998202475544347,-1.4827118730406819,-1.3320471326184014,0.0014977246136887435,7.609753633980967e-05,0.00018579193080658522,0.0008239751579833976,5.132374229112319e-05,0.00034376307176681886,0.11339635660068066,0.405365334635653,0.43567017270278086,0.849734396634363
915,adam,915,916,3.043156669162172e-06,1,3.451853657718171e-08,2.4681124953959078e-09,2.8602445276589602e-08,4.55304991744958e-08,1,1,,0,1.556273351014941e-17,-0.059981879118716996,-1.4827115828034871,-1.3320470702334206,0.001497724669277999,7.609719528207965e-05,0.00018579164829771468,0.0008239758128349879,5.132362620419713e-05,0.00034376308679313146,0.1133963583461077,0.40536523863839563,0.4356701769175595,0.8497344040515059
916,adam,916,917,3.01272510247055e-06,1,3.451843257337052e-08,2.468090831656652e-09,2.8602240317960198e-08,4.510782403066098e-08,1,1,,0,1.659043264617474e-17,-0.05998173482738581,-1.4827112952416721,-1.3320470084377305,0.0014977247242674674,7.609685737832219e-05,0.00018579136840383764,0.0008239764615828665,5.1323511187559306e-05,0.00034376310168207,0.11339636007535586,0.4053651434754597,0.4356701810929028,0.8497344114000821
917,adam,917,918,2.9825978514458447e-06,1,3.451832953244261e-08,2.4680693648092084e-09,2.8602037169434133e-08,4.468905069361505e-08,1,1,,0,1.8315430615573206e-17,-0.0599815918690873,-1.4827110103307182,-1.3320469472258247,0.0014977247786635884,7.609652259899061e-05,0.00018579109110084533,0.0008239771042830263,5.132339723118934e-05,0.00034376311643487674,0.11339636178857504,0.4053650491396706,0.43567018522917844,0.8497344186807233
918,adam,918,919,2.952771872931386e-06,1,3.451822744552039e-08,2.4680480930022036e-09,2.860183581310668e-08,4.427414338373265e-08,1,1,,0,1.6920874140792592e-17,-0.05998145023157191,-1.4827107280463208,-1.3320468865922483,0.0014977248324720242,7.609619091549984e-05,0.000185790816364858,0.000823977740991639,5.132328432528107e-05,0.00034376313105278,0.11339636348591384,0.40536495562384545,0.43567018932675083,0.849734425894055
919,adam,919,920,2.9232441542020725e-06,1,3.451812630382632e-08,2.468027014442972e-09,2.8601636231189513e-08,4.3863066634083234e-08,1,1,,0,1.7759120064489184e-17,-0.05998130990272878,-1.482710448364408,-1.3320468265315961,0.0014977248856999064,7.609586229954197e-05,0.00018579054417226492,0.0008239783717645875,5.1323172460407124e-05,0.00034376314553702397,0.11339636516751721,0.40536486292098206,0.43567019338598095,0.8497344330406967
920,adam,920,921,2.8940117126600516e-06,1,3.451802609864032e-08,2.4680061274436512e-09,2.8601438411234257e-08,4.345578531709293e-08,1,1,,0,1.9582458811659485e-17,-0.05998117087051416,-1.4827101712611221,-1.3320467670385123,0.001497724938352197,7.609553672265929e-05,0.0001857902744996097,0.0008239789966565961,5.132306162683337e-05,0.0003437631598888189,0.11339636683353124,0.4053647710240477,0.4356701974072263,0.8497344401212629
921,adam,921,922,2.865071595533451e-06,1,3.451792682133941e-08,2.4679854302180014e-09,2.8601242335289095e-08,4.3052264613286396e-08,1,1,,0,1.5281099100751016e-17,-0.05998103312304749,-1.4827098967128398,-1.3320467081076912,0.0014977249904347826,7.609521415701079e-05,0.00018579000732369706,0.0008239796157223315,5.132295181519288e-05,0.00034376317410937234,0.1133963684840993,0.40536467992607106,0.4356702013908411,0.8497344471363619
922,adam,922,923,2.8364208795781166e-06,1,3.4517828463362065e-08,2.4679649209911797e-09,2.860104798664181e-08,4.2652470020738425e-08,1,1,,0,1.7359757147179243e-17,-0.059980896648503604,-1.4827096246961347,-1.3320466497338754,0.0014977250419544808,7.609489457488897e-05,0.0001857897426214969,0.0008239802290158733,5.1322843015914936e-05,0.00034376318819988224,0.11339637011936464,0.4053645896201275,0.4356702053371765,0.8497344540865966
923,adam,923,924,2.8080566707823353e-06,1,3.451773101624848e-08,2.467944598272982e-09,2.860085535689736e-08,4.2256367355309906e-08,1,1,,0,1.6699381785580243e-17,-0.05998076143519201,-1.4827093551877826,-1.332046591911856,0.0014977250929160883,7.609457794855149e-05,0.00018578948037025262,0.0008239808365903508,5.132273521994282e-05,0.00034376320216152696,0.1133963717394677,0.4053645000994602,0.43567020924658,0.8497344609725647
924,adam,924,925,2.779976104074512e-06,1,3.4517634471596844e-08,2.4679244601739212e-09,2.8600664424323568e-08,4.186392275061077e-08,1,1,,0,1.6511749446305885e-17,-0.05998062747154686,-1.4827090881648264,-1.3320465346364718,0.0014977251433257982,7.609426425109333e-05,0.00018578922054736342,0.0008239814384990809,5.132262841787665e-05,0.0003437632159954829,0.11339637334454875,0.4053644113572023,0.4356702131193962,0.8497344677948576
925,adam,925,926,2.752176343033767e-06,1,3.451753882108918e-08,2.467904505108946e-09,2.8600475176858607e-08,4.147510263352148e-08,1,1,,0,1.4306877482737012e-17,-0.05998049474606696,-1.482708823604439,-1.3320464779026093,0.0014977251931892564,7.60939534553846e-05,0.00018578896313045396,0.0008239820347945966,5.132252260066086e-05,0.0003437632297029023,0.11339637493474683,0.40536432338669676,0.43567021695596636,0.849734474554062
926,adam,926,927,2.7246545796034293e-06,1,3.4517444056483896e-08,2.4678847313469174e-09,2.8600287597320494e-08,4.108987374694189e-08,1,1,,0,1.684833790660666e-17,-0.05998036324738199,-1.4827085614840527,-1.3320464217052022,0.0014977252425120312,7.609364553486118e-05,0.00018578870809735423,0.0008239826255290471,5.132241775921736e-05,0.00034376324328495985,0.11339637651019835,0.40536423618129924,0.4356702207566283,0.849734481250759
927,adam,927,928,2.697408033807395e-06,1,3.4517350169615274e-08,2.4678651373847497e-09,2.8600101675901607e-08,4.0708203137558016e-08,1,1,,0,1.9113549980105772e-17,-0.059980232964212364,-1.482708301781296,-1.3320463660392308,0.0014977252912994556,7.60933404627566e-05,0.0001857884554260982,0.0008239832107535698,5.132231388454276e-05,0.00034376325674276314,0.11339637807104053,0.4053641497343361,0.43567022452171733,0.8497344878855243
928,adam,928,929,2.670433953469321e-06,1,3.4517257152398045e-08,2.4678457214331225e-09,2.8599917391923218e-08,4.033005814726391e-08,1,1,,0,1.643193461587034e-17,-0.05998010388540767,-1.482708044473999,-1.3320463108997214,0.0014977253395578663,7.609303821323591e-05,0.00018578820509493611,0.0008239837905198487,5.132221096788856e-05,0.000343763270077485,0.11339637961740653,0.40536406403929975,0.43567022825156504,0.8497344944589283
929,adam,929,930,2.6437296139346275e-06,1,3.451716499680778e-08,2.467826481951821e-09,2.8599734733956973e-08,3.995540641661031e-08,1,1,,0,1.5916029768914582e-17,-0.05997997599987599,-1.4827077895401886,-1.332046256281746,0.001497725387291818,7.609273876010036e-05,0.00018578795708228178,0.0008239843648782669,5.132210900034648e-05,0.0003437632832902283,0.1133963811494315,0.4053639790897376,0.43567023194650023,0.8497345009715364
930,adam,930,931,2.6172923177952812e-06,1,3.451707369490472e-08,2.467807417361452e-09,2.8599553688128254e-08,3.9584215884907296e-08,1,1,,0,1.8002265491812914e-17,-0.05997984929667579,-1.482707536958109,-1.3320462021804236,0.001497725434506948,7.609244207753418e-05,0.00018578771136677668,0.0008239849338787975,5.132200797320639e-05,0.00034376329638208773,0.11339638266724741,0.40536389487913527,0.4356702356068485,0.8497345074239082
931,adam,931,932,2.5911193946173285e-06,1,3.451698323881437e-08,2.4677885260649303e-09,2.8599374240091056e-08,3.921645478046005e-08,1,1,,0,1.609207466724229e-17,-0.05997972376492263,-1.4827072867061704,-1.332046148590916,0.0014977254812093557,7.609214814009019e-05,0.00018578746792723768,0.0008239854975713113,5.132190787777054e-05,0.00034376330935417126,0.11339638417098581,0.4053638114011248,0.4356702392329325,0.8497345138165991
932,adam,932,933,2.565208200671155e-06,1,3.45168936207418e-08,2.4677698064868426e-09,2.8599196375424378e-08,3.885209161585747e-08,1,1,,0,1.7277829096374818e-17,-0.05997959939384681,-1.482707038763005,-1.3320460955084312,0.0014977255274031224,7.609185692247893e-05,0.00018578722674269564,0.0008239860560050555,5.132180870556684e-05,0.00034376332220758344,0.11339638566077594,0.4053637286494434,0.435670242825072,0.8497345201501586
933,adam,933,934,2.5395561186644436e-06,1,3.451680483296389e-08,2.4677512570439503e-09,2.8599020079122396e-08,3.8491095205513504e-08,1,1,,0,1.6528268181999408e-17,-0.05997947617279341,-1.482706793107444,-1.33204604292822,0.0014977255730945003,7.609156839974562e-05,0.00018578698779237444,0.0008239866092288582,5.132171044811298e-05,0.00034376333494340506,0.11339638713674634,0.4053636466177949,0.4356702463835834,0.8497345264251316
934,adam,934,935,2.5141605574777994e-06,1,3.451671686782392e-08,2.4677328762776783e-09,2.859884534015338e-08,3.813343463311859e-08,1,1,,0,1.7098756740789953e-17,-0.05997935409118214,-1.482706549718486,-1.3320459908455782,0.0014977256182884206,7.609128254691146e-05,0.0001857867510556765,0.0008239871572908753,5.1321613097012814e-05,0.00034376334756269474,0.1133963885990253,0.40536356529992484,0.4356702499087807,0.8497345326420576
935,adam,935,936,2.489018951903021e-06,1,3.4516629717724674e-08,2.4677146625762656e-09,2.8598672142486365e-08,3.777907926978377e-08,1,1,,0,1.602043638936747e-17,-0.05997923313853162,-1.4827063085753525,-1.3320459392558448,0.0014977256629897342,7.609099933941872e-05,0.00018578651651216424,0.0008239877002390896,5.1321516643764505e-05,0.0003437633600664972,0.11339639004773958,0.4053634846896847,0.4356702534009746,0.8497345388014717
936,adam,936,937,2.464128762383991e-06,1,3.4516543375159026e-08,2.46769661443381e-09,2.859850047246409e-08,3.742799876668132e-08,1,1,,0,1.6356930021078897e-17,-0.05997911330447063,-1.4827060696574175,-1.3320458881544015,0.0014977257072038353,7.609071875296475e-05,0.00018578628414164225,0.000823988238121109,5.132142108025307e-05,0.00034376337245589763,0.11339639148301406,0.4053634047809825,0.4356702568604729,0.8497345449039034
937,adam,937,938,2.439487474760151e-06,1,3.4516457832691475e-08,2.467678730358695e-09,2.85983303163732e-08,3.708016305209143e-08,1,1,,0,1.7031943684082648e-17,-0.05997899457872558,-1.4827058329442926,-1.3320458375366728,0.0014977257509357252,7.609044076353934e-05,0.00018578605392410776,0.0008239887709838703,5.1321326398472505e-05,0.0003437633847319535,0.11339639290497087,0.40536332556779736,0.43567026028758077,0.8497345509498782
938,adam,938,939,2.4150926000125494e-06,1,3.4516373082923215e-08,2.4676610089290177e-09,2.8598161664036717e-08,3.673554232557207e-08,1,1,,0,1.6330575279305962e-17,-0.059978876951080395,-1.4827055984157096,-1.3320457873981257,0.0014977257941907937,7.609016534687679e-05,0.0001857858258396566,0.0008239892988737614,5.1321232590012414e-05,0.00034376339689563937,0.11339639431373638,0.4053632470440578,0.43567026368260026,0.849734556939916
939,adam,939,940,2.390941674012424e-06,1,3.4516289118552854e-08,2.4676434486265185e-09,2.8597994500371075e-08,3.6394107059529184e-08,1,1,,0,1.504920704504246e-17,-0.059978760411457104,-1.4827053660516503,-1.3320457377342685,0.0014977258369731094,7.608989247937144e-05,0.0001857855998686466,0.0008239898218369281,5.1321139646954074e-05,0.00034376340894801653,0.11339639570943015,0.40536316920378945,0.4356702670458309,0.8497345628745321
940,adam,940,941,2.3670322572723e-06,1,3.45162059323399e-08,2.4676260479801466e-09,2.8597828811579027e-08,3.6055827998252273e-08,1,1,,0,1.622215781680275e-17,-0.05997864494984054,-1.4827051358322412,-1.3320456885406522,0.0014977258792882898,7.608962213775048e-05,0.00018578537599159924,0.0008239903399193673,5.13210475614389e-05,0.0003437634208901003,0.1133963970921732,0.40536309204116827,0.4356702703775692,0.8497345687542374
941,adam,941,942,2.3433619346995764e-06,1,3.4516123517104124e-08,2.4676088055017763e-09,2.8597664583373588e-08,3.572067614813274e-08,1,1,,0,1.842542783283502e-17,-0.059978530556323434,-1.4827049077377996,-1.3320456398128666,0.0014977259211408664,7.60893542986906e-05,0.00018578515418919814,0.0008239908531663744,5.132095632551509e-05,0.00034376343272289167,0.11339639846208542,0.40536301555027915,0.4356702736781092,0.8497345745795378
942,adam,942,943,2.3199283153525808e-06,1,3.451604186572902e-08,2.4675917198334835e-09,2.8597501805734346e-08,3.538862278835254e-08,1,1,,0,1.7218809828233754e-17,-0.05997841722105695,-1.482704681748807,-1.3320455915465448,0.0014977259625358322,7.608908893897814e-05,0.00018578493444229815,0.0008239913616226433,5.132086593133302e-05,0.00034376344444736636,0.1133963998192859,0.405362939725359,0.43567027694774174,0.8497345803509347
943,adam,943,944,2.296729032199055e-06,1,3.4515960971176786e-08,2.467574789522312e-09,2.8597340464597086e-08,3.505963944909339e-08,1,1,,0,1.6426719194367134e-17,-0.05997830493434838,-1.482704457845971,-1.3320455437373582,0.0014977260034779473,7.60888260359124e-05,0.00018578471673196583,0.0008239918653326381,5.132077637121447e-05,0.000343763456064546,0.11339640116389091,0.405362864560603,0.4356702801867553,0.8497345860689248
944,adam,944,945,2.2737617418770643e-06,1,3.4515880826456516e-08,2.4675580131827273e-09,2.8597180548322205e-08,3.4733697921933746e-08,1,1,,0,1.7117358727136157e-17,-0.05997819368651812,-1.4827042360100997,-1.3320454963810202,0.0014977260439717364,7.608856556667324e-05,0.0001857845010393938,0.0008239923643404581,5.132068763742855e-05,0.00034376346757537254,0.11339640249601735,0.40536279005037856,0.4356702833954357,0.8497345917340005
945,adam,945,946,2.251024124458294e-06,1,3.451580142465824e-08,2.46754138933276e-09,2.8597022041033275e-08,3.441077026415303e-08,1,1,,0,1.901045999554207e-17,-0.05997808346803514,-1.4827040162222538,-1.332045449473282,0.0014977260840224223,7.608830750912687e-05,0.00018578428734599233,0.0008239928586899547,5.132059972243679e-05,0.0003437634789808423,0.11339640381578066,0.40536271618895364,0.43567028657406587,0.8497345973466491
946,adam,946,947,2.228513883213711e-06,1,3.4515722758923184e-08,2.467524916703991e-09,2.8596864934418985e-08,3.40908287831237e-08,1,1,,0,1.497975915193e-17,-0.05997797426940514,-1.4827037984636025,-1.3320454030099351,0.0014977261236340598,7.608805184074972e-05,0.00018578407563330928,0.0008239933484241731,5.132051261869662e-05,0.0003437634902818964,0.1133964051232949,0.4053626429707937,0.4356702897229263,0.8497346029073541
947,adam,947,948,2.2062287443815733e-06,1,3.451564482246581e-08,2.4675085939185324e-09,2.8596709215980694e-08,3.377384604117913e-08,1,1,,0,1.7375800331798452e-17,-0.05997786608125816,-1.4827035827155357,-1.33204535698681,0.001497726162811325,7.608779853959932e-05,0.00018578386588308956,0.0008239938335857989,5.132042631874658e-05,0.0003437635014795022,0.11339640641867282,0.4053625703902906,0.4356702928422948,0.8497346084165942
948,adam,948,949,2.184166456937758e-06,1,3.451556760855175e-08,2.4674924195814724e-09,2.859655487210281e-08,3.345979484118771e-08,1,1,,0,1.8052893055725075e-17,-0.05997775889429445,-1.4827033689595817,-1.332045311399775,0.001497726201558581,7.60875475838795e-05,0.00018578365807721557,0.0008239943142175228,5.132034081518001e-05,0.00034376351257458404,0.11339640770202737,0.4053624984419441,0.43567029593244655,0.8497346138748436
949,adam,949,950,2.1623247923683803e-06,1,3.4515491110515846e-08,2.467476392254367e-09,2.8596401887603224e-08,3.314864824634656e-08,1,1,,0,1.5053947266777868e-17,-0.059977652699308714,-1.4827031571774525,-1.332045266244738,0.0014977262398811204,7.60872989521828e-05,0.00018578345219775588,0.0008239947903615815,5.132025610067671e-05,0.0003437635235681052,0.11339640897346849,0.4053624271203065,0.4356702989936543,0.8497346192825724
950,adam,950,951,2.1407015444446967e-06,1,3.451541532175761e-08,2.4674605108289794e-09,2.8596250257856556e-08,3.2840379557863e-08,1,1,,0,1.5941485914495516e-17,-0.05997754748715518,-1.4827029473510085,-1.3320452215176428,0.0014977262777823715,7.608705262272133e-05,0.00018578324822695293,0.0008239952620592711,5.13201721680795e-05,0.000343763534460959,0.11339641023310719,0.4053623564199668,0.43567030202618817,0.8497346246402464
951,adam,951,952,2.1192945290002496e-06,1,3.45153402357239e-08,2.4674447737622836e-09,2.8596099963636252e-08,3.2534962324886926e-08,1,1,,0,1.5532800941863702e-17,-0.059977443248803074,-1.4827027394623182,-1.3320451772144728,0.0014977263152676247,7.608680857453749e-05,0.00018578304614717646,0.000823995729352181,5.13200890100576e-05,0.00034376354525408274,0.11339641148105249,0.40536228633552435,0.4356703050303156,0.8497346299483267
952,adam,952,953,2.098101583710247e-06,1,3.45152658459352e-08,2.4674291798757596e-09,2.859595099781766e-08,3.2232370337463464e-08,1,1,,0,1.707888600716408e-17,-0.05997733997529313,-1.4827025334935582,-1.3320451333312475,0.0014977263523401501,7.608656678650754e-05,0.00018578284594099426,0.0008239961922809675,5.1320006619573355e-05,0.00034376355594837547,0.11339641271741165,0.40536221686166424,0.43567030800630197,0.8497346352072708
953,adam,953,954,2.077120567873144e-06,1,3.4515192145964546e-08,2.4674137277665517e-09,2.8595803344746876e-08,3.1932577622878303e-08,1,1,,0,1.8154974927872485e-17,-0.05997723765773962,-1.482702329427119,-1.3320450898640233,0.0014977263890051558,7.60863272379417e-05,0.0001857826475911153,0.0008239966508864818,5.131992498953625e-05,0.00034376356654474696,0.11339641394229244,0.40536214799311465,0.4356703109544098,0.8497346404175316
954,adam,954,955,2.0563493621944134e-06,1,3.4515119129445775e-08,2.467398416300057e-09,2.859565699813746e-08,3.163555844708257e-08,1,1,,0,1.6000001526022977e-17,-0.05997713628733849,-1.482702127245503,-1.3320450468088931,0.0014977264252670737,7.608608990788274e-05,0.00018578245108041226,0.000823997105208538,5.131984411299379e-05,0.00034376357704409076,0.11339641515580046,0.4053620797246681,0.4356703138748993,0.8497346455795577
955,adam,955,956,2.035785868572469e-06,1,3.45150467900692e-08,2.4673832441035965e-09,2.8595511943292762e-08,3.134128730613573e-08,1,1,,0,1.9453773553594212e-17,-0.059977035855366984,-1.4827019269313984,-1.332045004161987,0.0014977264611296345,7.608585477608958e-05,0.0001857822563919095,0.0008239975552871515,5.131976398297118e-05,0.0003437635874472778,0.11339641635804129,0.4053620120511079,0.43567031676802825,0.8497346506937941
956,adam,956,957,2.015428009886744e-06,1,3.451497512158517e-08,2.467368209922142e-09,2.8595368169088155e-08,3.1049738942450606e-08,1,1,,0,1.6921212723456576e-17,-0.059976936353198645,-1.4827017284676591,-1.332044961919469,0.0014977264965970354,7.608562182227371e-05,0.00018578206350879293,0.0008239980011616254,5.131968459259913e-05,0.00034376359775519655,0.11339641754911893,0.4053619449672935,0.43567031963405206,0.8497346557606812
957,adam,957,958,1.995273729787877e-06,1,3.451490411780869e-08,2.467353312479831e-09,2.8595225662904126e-08,3.076088830856211e-08,1,1,,0,1.6234154861958686e-17,-0.05997683777227835,-1.4827015318373022,-1.332044920077541,0.0014977265316735455,7.608539102647306e-05,0.0001857818724144223,0.0008239984428711553,5.1319605935186284e-05,0.0003437636079687257,0.11339641872913576,0.40536187846811256,0.43567032247322385,0.8497346607806555
958,adam,958,959,1.975320992489998e-06,1,3.4514833772590264e-08,2.4673385505938092e-09,2.8595084416258003e-08,3.047471060426416e-08,1,1,,0,1.7105226551089064e-17,-0.05997674010410722,-1.4827013370234505,-1.3320448786324384,0.00149772656636297,7.608516236852418e-05,0.00018578168309225284,0.0008239988804543133,5.131952800382372e-05,0.00034376361808869993,0.11339641989819522,0.4053618125485535,0.43567032528579414,0.8497346657541499
959,adam,959,960,1.955567782565098e-06,1,3.451476407985988e-08,2.467323923039798e-09,2.8594944417689358e-08,3.0191181246371944e-08,1,1,,0,1.7923569163888713e-17,-0.0599766433402935,-1.4827011440094318,-1.332044837580432,0.0014977266006698888,7.608493582878553e-05,0.0001857814955259535,0.000823999313949381,5.131945079193362e-05,0.0003437636281159795,0.11339642105639801,0.4053617472035333,0.43567032807201134,0.8497346706815926
960,adam,960,961,1.936012104739447e-06,1,3.4514695033590065e-08,2.4673094285178292e-09,2.8594805653696095e-08,2.991027587594854e-08,1,1,,0,1.603792248618487e-17,-0.05997654747249317,-1.482700952778689,-1.3320447969178275,0.001497726634598179,7.608471138795822e-05,0.00018578130969930766,0.0008239997433946516,5.131937429286911e-05,0.0003437636380514169,0.11339642220384444,0.40536168242817616,0.4356703308321214,0.8497346755634084
961,adam,961,962,1.9166519836920524e-06,1,3.4514626627822404e-08,2.4672950658760994e-09,2.859466811474186e-08,2.9631970361299165e-08,1,1,,0,1.66086157043026e-17,-0.05997645249248805,-1.4827007633148839,-1.3320447566409643,0.0014977266681514873,7.608448902661299e-05,0.00018578112559628442,0.0008240001688275387,5.131929850019608e-05,0.00034376364789586724,0.11339642334063321,0.4053616182174721,0.43567033356636814,0.8497346804000181
962,adam,962,963,1.8974854638551318e-06,1,3.451455885662762e-08,2.467280833941766e-09,2.859453179164611e-08,2.93562407880457e-08,1,1,,0,1.6623869346881385e-17,-0.059976358392069454,-1.4827005756017284,-1.332044716746216,0.001497726701334232,7.608426872529738e-05,0.00018578094320093118,0.0008240005902852066,5.131922340719535e-05,0.0003437636576501198,0.11339642446686443,0.40536155456658163,0.43567033627499296,0.8497346851918386
963,adam,963,964,1.8785106092165805e-06,1,3.451449171415581e-08,2.4672667314874536e-09,2.8594396671791848e-08,2.9083063457643616e-08,1,1,,0,1.747158350549004e-17,-0.059976265163154116,-1.4827003896231532,-1.3320446772299903,0.0014977267341500548,7.608405046527894e-05,0.0001857807624975089,0.0008240010078048077,5.131914900756919e-05,0.00034376366731502867,0.11339642558263435,0.4053614914706517,0.4356703389582351,0.8497346899392827
964,adam,964,965,1.8597255031244148e-06,1,3.4514425194593644e-08,2.4672527573761207e-09,2.859426274617004e-08,2.8812414896208318e-08,1,1,,0,1.8463419223749085e-17,-0.05997617279769855,-1.482700205363199,-1.3320446380887276,0.0014977267666027518,7.608383422752869e-05,0.0001857805834703768,0.000824001421422781,5.131907529482911e-05,0.00034376367689137983,0.11339642668804123,0.405361428924884,0.4356703416163314,0.84973469464276
965,adam,965,966,1.8411282480931705e-06,1,3.4514359292207506e-08,2.4672389104165166e-09,2.8594130002398453e-08,2.8544271834301947e-08,1,1,,0,1.99378065143954e-17,-0.05997608128776532,-1.4827000228060958,-1.332044599318902,0.0014977267986958072,7.608361999371034e-05,0.0001857804061041086,0.0008240018311756522,5.1319002262925485e-05,0.0003437636863800175,0.11339642778317885,0.4053613669245215,0.4356703442495169,0.8497346993026756
966,adam,966,967,1.8227169656122388e-06,1,3.451429400128411e-08,2.4672251895039628e-09,2.8593998432486212e-08,2.8278611220694897e-08,1,1,,0,1.578188912449783e-17,-0.059975990625473596,-1.482699841936173,-1.33204456091702,0.0014977268304343318,7.608340774499366e-05,0.00018578023038333253,0.0008240022370990868,5.131892990538494e-05,0.00034376369578172804,0.11339642886814325,0.40536130546487387,0.435670346858024,0.8497347039194317
967,adam,967,968,1.8044897959561164e-06,1,3.451422931617492e-08,2.467211593369874e-09,2.8593868022054483e-08,2.8015410216722017e-08,1,1,,0,1.7020865895502612e-17,-0.059975900803012544,-1.4826996627379403,-1.3320445228796198,0.001497726861820489,7.60831974633361e-05,0.00018578005629285108,0.0008240026392287962,5.131885821595273e-05,0.000343763705097292,0.11339642994302869,0.4053612445411891,0.43567034944208327,0.849734708493426
968,adam,968,969,1.7864448979965553e-06,1,3.451416523128767e-08,2.467198121062187e-09,2.8593738766473e-08,2.775464618424419e-08,1,1,,0,1.6904988699488256e-17,-0.05997581181263545,-1.4826994851959918,-1.3320444852032727,0.0014977268928591536,7.608298913031838e-05,0.00018577988381761806,0.0008240030375999134,5.131878718855549e-05,0.00034376371432748667,0.11339643100792846,0.40536118414887373,0.43567035200192283,0.8497347130250532
969,adam,969,970,1.7685804490165898e-06,1,3.4514101741089464e-08,2.46718477132503e-09,2.859361065080189e-08,2.7496296704631087e-08,1,1,,0,1.7090989279915142e-17,-0.059975723646701104,-1.482699309295162,-1.3320444478845817,0.0014977269235534182,7.608278272829313e-05,0.00018577971294274695,0.0008240034322476304,5.131871681722223e-05,0.0003437637234731297,0.11339643206293355,0.40536112428333976,0.435670354537769,0.849734717514704
970,adam,970,971,1.7508946445264239e-06,1,3.4514038840072037e-08,2.467171543078275e-09,2.8593483666961235e-08,2.724033955121103e-08,1,1,,0,1.7231686911756826e-17,-0.05997563629758109,-1.4826991350202967,-1.3320444109201812,0.001497726953907146,7.608257823920574e-05,0.00018577954365341743,0.000824003823206386,5.1318647095729504e-05,0.00034376373253495963,0.1133964331081371,0.4053610649400139,0.43567035704984575,0.8497347219627657
971,adam,971,972,1.7333856980811595e-06,1,3.4513976522803266e-08,2.4671584352583187e-09,2.8593357805489007e-08,2.6986752706022683e-08,1,1,,0,1.816147981015599e-17,-0.0599755497577703,-1.482698962356489,-1.3320443743067374,0.0014977269839239686,7.608237564543839e-05,0.00018577937593501403,0.0008240042105104898,5.131857801822394e-05,0.0003437637415137477,0.11339643414362875,0.4053610061143782,0.4356703595383751,0.8497347263696217
972,adam,972,973,1.716051841100348e-06,1,3.451391478388832e-08,2.467145446752116e-09,2.8593233056022013e-08,2.6735514355177875e-08,1,1,,0,1.8432773392443175e-17,-0.0599754640198052,-1.482698791288899,-1.3320443380409468,0.001497727013606895,7.608217492958295e-05,0.00018577920977302147,0.0008240045941940174,5.131850957873966e-05,0.0003437637504102577,0.11339643516949888,0.405360947801966,0.4356703620035769,0.8497347307356523
973,adam,973,974,1.6988913226893444e-06,1,3.451385361798532e-08,2.467132576440722e-09,2.8593109407880188e-08,2.6486602876683233e-08,1,1,,0,1.5363179849291648e-17,-0.059975379076307074,-1.482698621802873,-1.332044302119537,0.0014977270429600198,7.608197607428889e-05,0.00018577904515306703,0.0008240049742904542,5.1318441771381025e-05,0.0003437637592252397,0.11339643618583582,0.405360889998312,0.435670364445669,0.8497347350612341
974,adam,974,975,1.6819024094624509e-06,1,3.451379301979826e-08,2.4671198232955174e-09,2.859298685240181e-08,2.623999685198919e-08,1,1,,0,1.571892214183977e-17,-0.059975294919927334,-1.4826984538838366,-1.3320442665392656,0.0014977270719868127,7.608177906235343e-05,0.00018577888206090126,0.000824005350833401,5.131837459035699e-05,0.0003437637679594314,0.11339643719272849,0.4053608326990284,0.4356703668648673,0.8497347393467404
975,adam,975,976,1.6650833853678265e-06,1,3.451373298408951e-08,2.4671071861885208e-09,2.8592865377642476e-08,2.5995675061681865e-08,1,1,,0,1.8612948766463004e-17,-0.05997521154344001,-1.482698287517416,-1.3320442312969205,0.0014977271006903583,7.608158387695363e-05,0.00018577872048243177,0.0008240057238559302,5.131830802995308e-05,0.0003437637766135919,0.11339643819026331,0.4053607758997563,0.4356703692613856,0.8497347435925409
976,adam,976,977,1.6484325515141481e-06,1,3.4513673505652404e-08,2.4670946641870022e-09,2.859274497864811e-08,2.5753616472779073e-08,1,1,,0,1.501830073766913e-17,-0.05997512893963994,-1.4826981226892852,-1.33204419638932,0.001497727129074436,7.608139050091427e-05,0.0001857785604036494,0.0008240060933904364,5.131824208436676e-05,0.0003437637851884035,0.113396439178528,0.4053607195961532,0.43567037163543565,0.8497347477990017
977,adam,977,978,1.6319482259990067e-06,1,3.451361457934324e-08,2.4670822561780234e-09,2.85926256433551e-08,2.5513800245791384e-08,1,1,,0,1.7615549583634796e-17,-0.05997504710141087,-1.482697959385332,-1.3320441618133114,0.001497727157142823,7.608119891763507e-05,0.00018577840181071436,0.0008240064594695324,5.131817674798054e-05,0.0003437637936846333,0.1133964401576077,0.40536066378394153,0.4356703739872274,0.8497347519664861
978,adam,978,979,1.6156287437390166e-06,1,3.451355620006306e-08,2.4670699611286847e-09,2.859250736221392e-08,2.5276205733665406e-08,1,1,,0,1.4764953165113017e-17,-0.0599749660216905,-1.4826977975915197,-1.3320441275657717,0.0014977271848978237,7.608100911066569e-05,0.00018577824468990727,0.0008240068221254998,5.131811201522833e-05,0.0003437638021029876,0.11339644112758743,0.40536060845885663,0.43567037631696875,0.8497347560953535
979,adam,979,980,1.5994724563016262e-06,1,3.4513498362758965e-08,2.467057778014968e-09,2.8592390126154553e-08,2.504081247948306e-08,1,1,,0,1.9005899653751352e-17,-0.05997488569350069,-1.4826976372939658,-1.332044093643607,0.0014977272123433683,7.608082106368422e-05,0.00018577808902763254,0.0008240071813900105,5.131804788056106e-05,0.0003437638104441776,0.11339644208855082,0.4053605536166606,0.4356703786248657,0.8497347601859605
980,adam,980,981,1.5834777317386102e-06,1,3.45134410624079e-08,2.467045705810454e-09,2.8592273926016586e-08,2.4807600210099562e-08,1,1,,0,1.7251077288899105e-17,-0.059974806109891116,-1.4826974784788913,-1.3320440600437518,0.0014977272394829217,7.608063476014053e-05,0.0001857779348103749,0.0008240075372946428,5.1317984338287146e-05,0.0003437638187088843,0.11339644304058286,0.4053604992531968,0.43567038091112215,0.84973476423866
981,adam,981,982,1.567642954421224e-06,1,3.451338429406713e-08,2.467033743542486e-09,2.859215875294032e-08,2.4576548841248573e-08,1,1,,0,1.6263672949739228e-17,-0.05997472726401003,-1.482697321132667,-1.3320440267631692,0.0014977272663194816,7.608045018427533e-05,0.00018577778202483506,0.0008240078898707949,5.131792138322068e-05,0.00034376382689784205,0.11339644398376464,0.4053604453643266,0.4356703831759404,0.8497347682538018
982,adam,982,983,1.5519665248770116e-06,1,3.4513328052809366e-08,2.467021890145099e-09,2.85920445961846e-08,2.434763846810769e-08,1,1,,0,1.755405686112487e-17,-0.0599746491490641,-1.4826971652417875,-1.3320439937988506,0.0014977272928564306,7.608026732004824e-05,0.00018577763065775535,0.0008240082391493254,5.1317859009792e-05,0.0003437638350117196,0.11339644491817864,0.4053603919459268,0.43567038541952074,0.8497347722317325
983,adam,983,984,1.5364468596282416e-06,1,3.451327233376768e-08,2.467010144730879e-09,2.8591931449942734e-08,2.4120849373875522e-08,1,1,,0,1.5247150716930038e-17,-0.05997457175829738,-1.4826970107928426,-1.3320439611478163,0.0014977273190964558,7.608008615152473e-05,0.00018577748069604046,0.0008240085851608686,5.1317797212745766e-05,0.0003437638430512164,0.11339644584390533,0.4053603389939481,0.43567038764206145,0.8497347761727957
984,adam,984,985,1.5210823910319593e-06,1,3.4513217132113786e-08,2.466998506213748e-09,2.8591819301920038e-08,2.389616201769796e-08,1,1,,0,1.7370476252762443e-17,-0.05997449508504077,-1.4826968577725865,-1.3320439288071126,0.0014977273450430934,7.60799066632302e-05,0.0001857773321266989,0.0008240089279359166,5.131773598668158e-05,0.0003437638510170042,0.11339644676102578,0.40536028650430844,0.43567038984375916,0.8497347800773315
985,adam,985,986,1.5058715671216396e-06,1,3.451316244306455e-08,2.466986973702788e-09,2.8591708145686075e-08,2.3673557033975615e-08,1,1,,0,1.6992079577759475e-17,-0.0599744191226697,-1.4826967061678464,-1.3320438967738153,0.0014977273706999563,7.607972883952056e-05,0.00018577718493686073,0.0008240092675045714,5.1317675326399765e-05,0.0003437638589097364,0.11339644766962048,0.40536023447300445,0.4356703920248085,0.8497347839456771
986,adam,986,987,1.4908128514504232e-06,1,3.451310826188786e-08,2.4669755461930306e-09,2.8591597971247824e-08,2.3453015245353065e-08,1,1,,0,1.6932918391171475e-17,-0.05997434386464194,-1.4826965559656138,-1.332043865045026,0.001497727396069572,7.607955266515178e-05,0.0001857770391137932,0.0008240096038966349,5.1317615226739525e-05,0.00034376386673012487,0.11339644856976609,0.4053601828961095,0.43567039418540265,0.8497347877781666
987,adam,987,988,1.475904722935919e-06,1,3.451305458388117e-08,2.4669642228026845e-09,2.859148877251943e-08,2.323451763702406e-08,1,1,,0,1.7459303885616382e-17,-0.05997426930443896,-1.4826964071529687,-1.3320438336178733,0.0014977274211549316,7.607937812470693e-05,0.0001857768946448432,0.0008240099371415756,5.1317555682419536e-05,0.000343763874478789,0.11339644946154263,0.405360131769662,0.4356703963257325,0.8497347915751308
988,adam,988,989,1.4611456757065598e-06,1,3.4513001404396495e-08,2.4669530024688804e-09,2.8591380536410887e-08,2.3018045379507298e-08,1,1,,0,1.6970401392890653e-17,-0.05997419543564864,-1.4826962597171331,-1.3320438024895143,0.0014977274459590224,7.607920520330869e-05,0.0001857767515175042,0.000824010267269008,5.13174966884245e-05,0.00034376388215639906,0.11339645034502704,0.40536008108976546,0.43567039844598743,0.8497347953368978
989,adam,989,990,1.4465342189494942e-06,1,3.451294871882681e-08,2.466941884364696e-09,2.8591273258581992e-08,2.2803579805856315e-08,1,1,,0,1.5436490775300064e-17,-0.05997412225187664,-1.482696113645427,-1.3320437716571298,0.0014977274704855326,7.607903388585968e-05,0.00018577660971937993,0.0008240105943076078,5.1317438239642814e-05,0.00034376388976360516,0.11339645122029611,0.40536003085253064,0.4356704005463551,0.8497347990637922
990,adam,990,991,1.432068876759999e-06,1,3.451289652260921e-08,2.4669308675397136e-09,2.8591166929397856e-08,2.2591102427587446e-08,1,1,,0,1.745954547521e-17,-0.059974049746816825,-1.4826959689253034,-1.3320437411179296,0.0014977274947366725,7.607886415759893e-05,0.00018577646923819284,0.0008240109182861339,5.1317380331125646e-05,0.0003437638973010467,0.1133964520874254,0.40535998105413723,0.4356704026270212,0.8497348027561364
991,adam,991,992,1.417748187992399e-06,1,3.451284481121231e-08,2.466919951045442e-09,2.8591061539837792e-08,2.238059492145349e-08,1,1,,0,1.7596967851256048e-17,-0.05997397791418995,-1.4826958255443077,-1.3320437108691479,0.0014977275187154303,7.607869600389715e-05,0.00018577633006175009,0.0008240112392333229,5.131732295783496e-05,0.0003437639047693643,0.11339645294649091,0.4053599316907988,0.4356704046881699,0.8497348064142491
992,adam,992,993,1.4035707061124752e-06,1,3.451279358015292e-08,2.466909133976009e-09,2.8590957081877603e-08,2.217203913183199e-08,1,1,,0,1.729885703756725e-17,-0.059973906747805186,-1.4826956834901068,-1.3320436809080456,0.001497727542425099,7.60785294101179e-05,0.00018577619217798852,0.0008240115571772108,5.131726611479842e-05,0.00034376391216917523,0.11339645379756737,0.4053598827586995,0.4356704067299837,0.8497348100384464
993,adam,993,994,1.3895349990513503e-06,1,3.451274282499796e-08,2.4668984153993615e-09,2.8590853545774473e-08,2.19654170759629e-08,1,1,,0,1.5007646622851765e-17,-0.05997383624151412,-1.4826955427505117,-1.3320436512319078,0.0014977275658682758,7.607836436201732e-05,0.00018577605557497972,0.0008240118721459344,5.1317209797258806e-05,0.00034376391950113,0.11339645464072805,0.40535983425416044,0.4356704087526432,0.8497348136290412
994,adam,994,995,1.375639649060837e-06,1,3.4512692541338486e-08,2.466887794493569e-09,2.85907509266036e-08,2.1760710919361113e-08,1,1,,0,1.7225194408000142e-17,-0.059973766389227516,-1.4826954033133992,-1.3320436218380467,0.0014977275890484083,7.607820084506379e-05,0.0001857759202408603,0.0008240121841668494,5.131715400022551e-05,0.00034376392676583163,0.11339645547604647,0.40535978617343127,0.43567041075632734,0.8497348171863442
995,adam,995,996,1.3618832525702286e-06,1,3.451264272482333e-08,2.4668772703344896e-09,2.859064921414307e-08,2.155790301285635e-08,1,1,,0,1.8102179660410288e-17,-0.05997369718491259,-1.4826952651667777,-1.3320435927237977,0.0014977276119673936,7.607803884536257e-05,0.00018577578616392216,0.0008240124932677941,5.1317098719081646e-05,0.0003437639339639011,0.11339645630359506,0.40535973851286,0.43567041274121354,0.8497348207106623
996,adam,996,997,1.3482644200445262e-06,1,3.4512593371124216e-08,2.466866842064787e-09,2.8590548401767946e-08,2.135697584664044e-08,1,1,,0,1.6206758741921116e-17,-0.05997362862257715,-1.4826951282987715,-1.3320435638865231,0.001497727634628754,7.607787834875797e-05,0.00018577565333251884,0.0008240127994756393,5.131704394893451e-05,0.0003437639410959338,0.11339645712344691,0.4053596912687909,0.4356704147074774,0.8497348242023005
997,adam,997,998,1.334781775844081e-06,1,3.4512544475968175e-08,2.4668565087568405e-09,2.8590448479151077e-08,2.115791208600883e-08,1,1,,0,1.6851686644420574e-17,-0.05997356069630905,-1.4826949926975996,-1.3320435353236084,0.001497727657034772,7.607771934153562e-05,0.00018577552173515264,0.0008240131028176469,5.1316989685188695e-05,0.00034376394816254806,0.11339645793567163,0.4053596444376486,0.43567041665529316,0.8497348276615604
998,adam,998,999,1.32143395808564e-06,1,3.451249603510834e-08,2.4668462696407763e-09,2.8590349442016396e-08,2.096069455654598e-08,1,1,,0,1.6481834733027013e-17,-0.05997349340023322,-1.4826948583515964,-1.3320435070324637,0.001497727679188194,7.607756180961699e-05,0.00018577539136039613,0.0008240134033200893,5.131693592307568e-05,0.000343763955164329,0.11339645874034077,0.4053595980157967,0.435670418584833,0.8497348310887408
999,adam,999,1000,1.3082196185047836e-06,1,3.451244804434527e-08,2.466836123772334e-09,2.8590251279370535e-08,2.0765306230213198e-08,1,1,,0,1.8142173452782307e-17,-0.05997342672853733,-1.482694725249203,-1.332043479010524,0.0014977277010920738,7.607740573962949e-05,0.00018577526219694932,0.0008240137010097512,5.1316882658018074e-05,0.00034376396210188505,0.11339645953752425,0.40535955199973817,0.435670420496268,0.8497348344841383
1000,adam,1000,1001,1.2951374223197358e-06,1,3.4512400499525875e-08,2.4668260703645554e-09,2.85901539850461e-08,2.0571730240185014e-08,1,1,,0,1.516518799661905e-17,-0.05997336067545907,-1.4826945933789795,-1.3320434512552473,0.0014977277227490788,7.60772511181291e-05,0.00018577513423363707,0.0008240139959127409,5.131682988557996e-05,0.00034376396897580315,0.11339646032729053,0.4053595063859111,0.4356704223897672,0.8497348378480462
1001,adam,1001,1002,1.2821860480965384e-06,1,3.4512353396501206e-08,2.4668161084816477e-09,2.8590057549054533e-08,2.0379949876811706e-08,1,1,,0,1.7604446811949133e-17,-0.05997329523527715,-1.4826944627295537,-1.3320434237641157,0.0014977277441617191,7.60770979315485e-05,0.00018577500745929526,0.0008240142880550565,5.131677760088157e-05,0.0003437639757866276,0.1133964611097101,0.4053594611708573,0.43567042426549835,0.8497348411807554
1002,adam,1002,1003,1.2693641876155732e-06,1,3.451230673120834e-08,2.4668062373959307e-09,2.8589961966355303e-08,2.0189948575847267e-08,1,1,,0,1.4784144191028568e-17,-0.05997323040234118,-1.4826943332896978,-1.332043396534635,0.0014977277653326578,7.607694616679833e-05,0.0001857748818629912,0.0008240145774624144,5.131672579977242e-05,0.00034376398253497777,0.11339646188484973,0.405359416351114,0.4356704261236275,0.849734844482554
1003,adam,1003,1004,1.2566705457394174e-06,1,3.451226049958909e-08,2.466796456326623e-09,2.8589867231491458e-08,2.0001709934117936e-08,1,1,,0,1.7775852661030106e-17,-0.05997316617104353,-1.4826942050482492,-1.3320433695643343,0.0014977277862640943,7.607679581046803e-05,0.000185774757433805,0.0008240148641600113,5.131667447767212e-05,0.0003437639892214062,0.11339646265277666,0.40535937192324367,0.4356704279643193,0.8497348477537274
1004,adam,1004,1005,1.2441038402820233e-06,1,3.451221469763197e-08,2.466786764286435e-09,2.8589773330915176e-08,1.9815217691254783e-08,1,1,,0,1.6055788106922993e-17,-0.05997310253584041,-1.482694077994198,-1.3320433428507654,0.0014977278069593111,7.607664684985132e-05,0.00018577463416094236,0.0008240151481735506,5.131662363017276e-05,0.00034376399584648765,0.1133964634135582,0.4053593278838592,0.43567042978773657,0.8497348509945589
1005,adam,1005,1006,1.2316628018792029e-06,1,3.451216932135861e-08,2.46677716063779e-09,2.8589680263468404e-08,1.9630455741473333e-08,1,1,,0,1.8276928771717704e-17,-0.05997303949121498,-1.4826939521165825,-1.3320433163915035,0.0014977278274199615,7.607649927181128e-05,0.00018577451203369803,0.0008240154295275184,5.131657325283944e-05,0.0003437640024107606,0.11339646416726082,0.40535928422955236,0.435670431594041,0.8497348542053282
1006,adam,1006,1007,1.219346173860411e-06,1,3.4512124366836786e-08,2.466767644454804e-09,2.8589588017298968e-08,1.9447408120879575e-08,1,1,,0,1.614100609306733e-17,-0.05997297703172265,-1.4826938274045665,-1.3320432901841461,0.0014977278476501791,7.60763530637853e-05,0.00018577439104149092,0.0008240157082471597,5.131652334145498e-05,0.0003437640089148108,0.11339646491394896,0.4053592409570709,0.43567043338339256,0.8497348573863134
1007,adam,1007,1008,1.2071527121218068e-06,1,3.4512079830156604e-08,2.4667582150501556e-09,2.858949658907268e-08,1.9266059018824163e-08,1,1,,0,1.7091306479251188e-17,-0.05997291515194363,-1.482693703847407,-1.3320432642263134,0.0014977278676504512,7.60762082128541e-05,0.00018577427117380006,0.0008240159843566721,5.13164738916112e-05,0.0003437640153591571,0.11339646565368938,0.4053591980630179,0.43567043515594966,0.8497348605377895
1008,adam,1008,1009,1.1950811850005887e-06,1,3.451203570745917e-08,2.4667488715412696e-09,2.8589405968005642e-08,1.9086392762431805e-08,1,1,,0,1.585527185902962e-17,-0.05997285384654483,-1.4826935814344817,-1.332043238515647,0.001497727887424601,7.60760647067084e-05,0.00018577415242024162,0.0008240162578806191,5.1316424899129595e-05,0.0003437640217443699,0.11339646638654466,0.40535915554413265,0.43567043691186946,0.849734863660029
1009,adam,1009,1010,1.1831303731505827e-06,1,3.4511991994914847e-08,2.4667396132148216e-09,2.8589316149175486e-08,1.8908393828198206e-08,1,1,,0,1.4662880504160832e-17,-0.05997279311021333,-1.4826934601552346,-1.3320432130498128,0.0014977279069745876,7.607592253286932e-05,0.00018577403477051051,0.000824016528842975,5.13163763598388e-05,0.00034376402807098004,0.11339646711257949,0.4053591133971713,0.43567043865130733,0.8497348667533025
1010,adam,1010,1011,1.171299069419077e-06,1,3.4511948688723755e-08,2.4667304392076178e-09,2.858922712287851e-08,1.8732046829595666e-08,1,1,,0,1.9203962796468033e-17,-0.059972732937700605,-1.4826933399992142,-1.3320431878264958,0.0014977279263024479,7.607578167906552e-05,0.00018577391821438164,0.0008240167972678025,5.1316328269526147e-05,0.0003437640343395362,0.11339646783185649,0.40535907161893225,0.43567044037441754,0.8497348698178769
1011,adam,1011,1012,1.1595860787248861e-06,1,3.451190578512385e-08,2.46672134890576e-09,2.8589138887125918e-08,1.8557336525742256e-08,1,1,,0,1.8602764136643562e-17,-0.05997267332378676,-1.4826932209560766,-1.332043162843404,0.0014977279454113782,7.607564213281755e-05,0.00018577380274173173,0.0008240170631782902,5.131628062396679e-05,0.0003437640405505351,0.11339646854443934,0.4053590302061337,0.43567044208135275,0.8497348728540178
1012,adam,1012,1013,1.1479902179376374e-06,1,3.4511863280393e-08,2.4667123414579937e-09,2.858905143188363e-08,1.8384247809324298e-08,1,1,,0,1.6186882727985474e-17,-0.05997261426331128,-1.482693103015551,-1.3320431380982665,0.0014977279643033378,7.607550388230923e-05,0.0001857736883425449,0.0008240173265982377,5.131623341916491e-05,0.00034376404670452847,0.11339646925038926,0.4053589891556998,0.4356704437722642,0.8497348758619878
1013,adam,1013,1014,1.1365103157582608e-06,1,3.451182117084218e-08,2.466703416021706e-09,2.858896474689163e-08,1.8212765723221156e-08,1,1,,0,1.8951230248252286e-17,-0.0599725557511911,-1.4826929861675089,-1.3320431135888346,0.0014977279829804363,7.607536691568431e-05,0.0001857735750068943,0.00082401758755099,5.131618665107962e-05,0.000343764052802053,0.11339646994976721,0.40535894846443615,0.43567044544730177,0.8497348788420472
1014,adam,1014,1015,1.1251452126006782e-06,1,3.451177945281026e-08,2.466694571999683e-09,2.85888788306399e-08,1.8042875434866594e-08,1,1,,0,1.8242501842167444e-17,-0.05997249778233012,-1.482692870401848,-1.3320430893128796,0.0014977280014457153,7.607523122078493e-05,0.00018577346272492812,0.0008240178460592059,5.131614031563259e-05,0.00034376405884359225,0.11339647064263508,0.405358908129225,0.4356704471066138,0.849734881794454
1015,adam,1015,1016,1.1138937604746714e-06,1,3.451173812267223e-08,2.466685808619191e-09,2.8588793675442425e-08,1.7874562247461052e-08,1,1,,0,1.5816170089010498e-17,-0.05997244035170966,-1.4826927557085885,-1.3320430652681934,0.0014977280197006637,7.607509678592019e-05,0.00018577335148689175,0.0008240181021457486,5.131609440882521e-05,0.00034376406482967086,0.11339647132905292,0.4053588681469989,0.43567044875034755,0.8497348847194636
1016,adam,1016,1017,1.1027548228699247e-06,1,3.4511697176834504e-08,2.466677125094665e-09,2.8588709272537683e-08,1.7707811615528448e-08,1,1,,0,1.6086801258242598e-17,-0.059972383454376,-1.4826926420778712,-1.3320430414525897,0.0014977280377480868,7.60749635994541e-05,0.0001857732412831151,0.000824018355833259,5.1316048926649524e-05,0.00034376407076078464,0.11339647200908094,0.4053588285146417,0.43567045037864854,0.8497348876173293
1017,adam,1017,1018,1.0917272746412257e-06,1,3.451165661174882e-08,2.4666685207587084e-09,2.8588625617165862e-08,1.7542609106026477e-08,1,1,,0,1.8703018207949075e-17,-0.059972327085382214,-1.4826925294998694,-1.3320430178639016,0.0014977280555903258,7.607483164987018e-05,0.00018577313210405003,0.0008240186071441027,5.131600386535671e-05,0.00034376407663745835,0.11339647268277721,0.40535878922919855,0.4356704519916612,0.8497348904883019
1018,adam,1018,1019,1.080810001894813e-06,1,3.451161642388304e-08,2.4666599947775582e-09,2.8588542699113233e-08,1.7378940434232096e-08,1,1,,0,1.7467289389359526e-17,-0.059972271239874635,-1.4826924179649208,-1.3320429944999832,0.0014977280732287111,7.607470092590387e-05,0.0001857730239401917,0.0008240188561004862,5.131595922090134e-05,0.00034376408246016677,0.11339647335020155,0.40535875028756224,0.4356704535895285,0.8497348933326299
1019,adam,1019,1020,1.070001901875865e-06,1,3.451157660975448e-08,2.466651546637084e-09,2.8588460518127465e-08,1.7216791436612527e-08,1,1,,0,1.776498096989507e-17,-0.059972215912985356,-1.4826923074633684,-1.3320429713587087,0.0014977280906667454,7.607457141591535e-05,0.00018577291678216842,0.0008240191027241902,5.1315914989647206e-05,0.00034376408822942755,0.11339647401141113,0.40535871168681575,0.4356704551723921,0.8497348961505596
1020,adam,1020,1021,1.0593018828571065e-06,1,3.451153716589625e-08,2.4666431754590776e-09,2.8588379062159985e-08,1.7056148082202958e-08,1,1,,0,1.5887376571495025e-17,-0.05997216109994356,-1.482692197985702,-1.3320429484379717,0.0014977281079055244,7.607444310891554e-05,0.000185772810620651,0.0008240193470372476,5.13158711676396e-05,0.00034376409394571946,0.11339647466646396,0.40535867342399484,0.4356704567403924,0.8497348989423349
1021,adam,1021,1022,1.0487088640285352e-06,1,3.451149808888127e-08,2.4666348806691184e-09,2.8588298329269526e-08,1.6896996471366944e-08,1,1,,0,1.676189274371076e-17,-0.05997210679599202,-1.4826920895224731,-1.3320429257356858,0.0014977281249476185,7.607431599352371e-05,0.00018577270544641714,0.0008240195890607515,5.131582775115123e-05,0.00034376409960952287,0.11339647531541688,0.4053586354961649,0.4356704582936684,0.8497349017081978
1022,adam,1022,1023,1.03822177538825e-06,1,3.451145937530726e-08,2.466626661469148e-09,2.8588218309406347e-08,1.6739322828999763e-08,1,1,,0,1.6467220177927294e-17,-0.05997205299641886,-1.4826919820643225,-1.3320429032497842,0.0014977281417953632,7.607419005897826e-05,0.00018577260125031156,0.00082401982881647,5.1315784736333314e-05,0.00034376410522130355,0.11339647595832733,0.4053585979003879,0.4356704598323578,0.8497349044483876
1023,adam,1023,1024,1.0278395576343675e-06,1,3.451142102182027e-08,2.466618517195077e-09,2.8588138996864362e-08,1.6583113507082997e-08,1,1,,0,1.6917709795689477e-17,-0.0599719996965878,-1.4826918756020138,-1.3320428809782188,0.0014977281584505507,7.607406529430983e-05,0.0001857724980233088,0.0008240200663254061,5.131574211966132e-05,0.00034376411078157194,0.11339647659524996,0.40535856063378595,0.43567046135659715,0.8497349071631416
1024,adam,1024,1025,1.0175611620580238e-06,1,3.451138302507732e-08,2.4666104472221684e-09,2.8588060387377426e-08,1.6428354983259913e-08,1,1,,0,1.5921914316646016e-17,-0.05997194689184357,-1.4826917701263187,-1.3320428589189623,0.001497728174915282,7.607394168858239e-05,0.00018577239575641295,0.0008240203016084859,5.13156998973343e-05,0.0003437641162907539,0.11339647722624217,0.4053585236934931,0.43567046286652156,0.849734909852695
1025,adam,1025,1026,1.0073855504374436e-06,1,3.4511345381775714e-08,2.466602450781306e-09,2.8587982471750274e-08,1.627503385884015e-08,1,1,,0,1.8908098447390358e-17,-0.05997189457763889,-1.4826916656281695,-1.3320428370700053,0.0014977281911918144,7.607381923121298e-05,0.00018577229444073653,0.0008240205346865725,5.1315658065739724e-05,0.00034376412174935445,0.1133964778513573,0.4053584870767063,0.43567046436226503,0.8497349125172807
1026,adam,1026,1027,9.973116949330693e-07,1,3.4511308088647725e-08,2.4665945274105226e-09,2.8587905250879245e-08,1.612313685824064e-08,1,1,,0,1.6539067720829834e-17,-0.05997184274941278,-1.4826915620985173,-1.3320428154293558,0.0014977282072822474,7.607369791125236e-05,0.00018577219406748613,0.0008240207655798463,5.131561662135889e-05,0.00034376412715781773,0.11339647847065046,0.40535845078062666,0.43567046584396013,0.8497349151571297
1027,adam,1027,1028,9.873385779837385e-07,1,3.451127114244996e-08,2.466586676117129e-09,2.8587828706862576e-08,1.597265082890375e-08,1,1,,0,1.6810295251735334e-17,-0.05997179140271518,-1.4826914595284775,-1.3320427939950437,0.0014977282231882925,7.607357771886613e-05,0.00018577209462793373,0.0008240209943094307,5.1315575560584116e-05,0.00034376413251662613,0.11339647908417509,0.4053584148024137,0.4356704673117383,0.8497349177724707
1028,adam,1028,1029,9.77465192203901e-07,1,3.451123453996545e-08,2.4665788965263824e-09,2.8587752843949785e-08,1.582356273529882e-08,1,1,,0,1.6483179763921257e-17,-0.059971740533055456,-1.4826913579091627,-1.3320427727651152,0.0014977282389119703,7.607345864291266e-05,0.00018577199611342245,0.0008240212208947792,5.1315534879845215e-05,0.00034376413782621126,0.11339647969198498,0.4053583791393653,0.4356704687657299,0.8497349203635302
1029,adam,1029,1030,9.67690540281862e-07,1,3.451119827800919e-08,2.466571187888035e-09,2.858767765249748e-08,1.5675859665552604e-08,1,1,,0,1.61347452844227e-17,-0.05997169013603142,-1.4826912572318087,-1.3320427517376348,0.001497728254455767,7.60733406734053e-05,0.00018577189851538148,0.0008240214453562311,5.1315494575620095e-05,0.00034376414308701547,0.11339648029413381,0.4053583437886859,0.4356704702060638,0.8497349229305325
1030,adam,1030,1031,9.580136348790433e-07,1,3.451116235343521e-08,2.4665635495023397e-09,2.8587603124696842e-08,1.5529528822551805e-08,1,1,,0,1.631077176815028e-17,-0.05997164020729502,-1.482691157487733,-1.332042730910686,0.0014977282698212355,7.607322380020615e-05,0.00018577180182534486,0.0008240216677136311,5.131545464452588e-05,0.00034376414829951046,0.11339648089067283,0.4053583087476748,0.43567047163286793,0.8497349254737002
1031,adam,1031,1032,9.484334985302529e-07,1,3.45111267631129e-08,2.466555980827617e-09,2.8587529257877007e-08,1.5384557530714445e-08,1,1,,0,1.6101864563495536e-17,-0.05997159074248196,-1.482691058668314,-1.3320427102823698,0.0014977282850100854,7.607310801289882e-05,0.00018577170603488815,0.0008240218879865262,5.131541508308466e-05,0.0003437641534641282,0.11339648148165497,0.40535827401370617,0.43567047304626877,0.8497349279932539
1032,adam,1032,1033,9.389491635449504e-07,1,3.451109150394329e-08,2.4665484812293664e-09,2.8587456046588595e-08,1.524093322606423e-08,1,1,,0,1.6953132412695895e-17,-0.059971541737329506,-1.4826909607650334,-1.332042689850805,0.001497728300024954,7.607299330147041e-05,0.00018577161113567187,0.0008240221061941225,5.1315375887812506e-05,0.0003437641585812824,0.11339648206713204,0.4053582395840023,0.43567047444639184,0.8497349304894118
1033,adam,1033,1034,9.29559671909501e-07,1,3.4511056572861625e-08,2.4665410499577906e-09,2.8587383480614326e-08,1.5098643467603513e-08,1,1,,0,1.6243013613613323e-17,-0.05997149318757022,-1.4826908637694176,-1.3320426696141285,0.001497728314867161,7.607287965620173e-05,0.0001857715171194487,0.0008240223223562375,5.1315337055415295e-05,0.00034376416365144194,0.1133964826471543,0.405358205456018,0.4356704758333613,0.8497349329623902
1034,adam,1034,1035,9.202640751904058e-07,1,3.4511021966828665e-08,2.466533686545758e-09,2.85873115594709e-08,1.4957675920614686e-08,1,1,,0,1.8861870665571938e-17,-0.05997144508900804,-1.4826907676731016,-1.3320426495704938,0.0014977283295386458,7.607276706694155e-05,0.00018577142397803993,0.0008240225364914409,5.131529858251142e-05,0.0003437641686750103,0.11339648322177283,0.40535817162706816,0.43567047720730034,0.8497349354124036
1035,adam,1035,1036,9.110614344385018e-07,1,3.451098768283724e-08,2.4665263902141848e-09,2.858724027175783e-08,1.4818018364290816e-08,1,1,,0,1.4581385484961577e-17,-0.05997139743746623,-1.4826906724678295,-1.3320426297180734,0.0014977283440414226,7.607265552425849e-05,0.0001857713317033531,0.0008240227486190271,5.131526046584618e-05,0.0003437641736524443,0.11339648379103699,0.40535813809455234,0.4356704785683309,0.8497349378396643
1036,adam,1036,1037,9.019508200941168e-07,1,3.451095371790044e-08,2.466519160516498e-09,2.8587169617763675e-08,1.4679658698913268e-08,1,1,,0,1.697339157808655e-17,-0.059971350228799895,-1.4826905781453121,-1.3320426100550542,0.001497728358377585,7.607254501817705e-05,0.0001857712402873503,0.0008240229587574721,5.131522270210585e-05,0.0003437641785841529,0.11339648435499697,0.40535810485596635,0.43567047991657376,0.8497349402443826
1037,adam,1037,1038,8.929313118931756e-07,1,3.4510920069054445e-08,2.466511996716849e-09,2.8587099587461208e-08,1.4542584919639187e-08,1,1,,0,1.5823963888643055e-17,-0.059971303458925644,-1.482690484697438,-1.3320425905796427,0.001497728372548604,7.607243553920614e-05,0.00018577114972205574,0.0008240231669254646,5.131518528792803e-05,0.0003437641834705337,0.11339648491370267,0.40535807190867945,0.4356704812521486,0.8497349426267673
1038,adam,1038,1039,8.840019987742438e-07,1,3.4510886733383765e-08,2.4665048983849907e-09,2.8587030181070405e-08,1.4406785148929759e-08,1,1,,0,1.6242081715366278e-17,-0.05997125712376904,-1.4826903921161139,-1.3320425712900612,0.0014977283865560275,7.607232707773545e-05,0.00018577105999962364,0.0008240233731411317,5.131514822027302e-05,0.00034376418831201717,0.11339648546720198,0.4053580392501891,0.43567048257517405,0.8497349449870246
1039,adam,1039,1040,8.751619787865015e-07,1,3.451085370797687e-08,2.4664978647160703e-09,2.8586961385687162e-08,1.4272247607660382e-08,1,1,,0,1.5807127342721215e-17,-0.059971211219328656,-1.4826903003933705,-1.332042552184549,0.001497728400402178,7.607221962454635e-05,0.0001857709711122189,0.0008240235774231407,5.1315111495798866e-05,0.0003437641931090139,0.11339648601554339,0.40535800687795437,0.43567048388576757,0.8497349473253596
1040,adam,1040,1041,8.664103589986365e-07,1,3.451082098996347e-08,2.4664908952540195e-09,2.858689320057818e-08,1.4138960629298045e-08,1,1,,0,1.5693497764562597e-17,-0.05997116574159956,-1.482690209521258,-1.3320425332613612,0.0014977284140883717,7.60721131702038e-05,0.00018577088305211738,0.0008240237797893201,5.1315075111434575e-05,0.0003437641978619363,0.11339648655877471,0.4053579747895432,0.4356704851840455,0.8497349496419748
1041,adam,1041,1042,8.5774625540865e-07,1,3.4510788576494974e-08,2.46648398937007e-09,2.8586825618714128e-08,1.4006912654336705e-08,1,1,,0,1.7241823133133574e-17,-0.05997112068665657,-1.482690119491938,-1.33204251451877,0.0014977284276169278,7.607200770549804e-05,0.00018577079581165326,0.0008240239802575347,5.1315039064006206e-05,0.00034376420257117656,0.11339648709694358,0.4053579429824301,0.4356704864701232,0.8497349519370713
1042,adam,1042,1043,8.491687928545634e-07,1,3.451075646474242e-08,2.4664771465049207e-09,2.8586758635839746e-08,1.3876092225580096e-08,1,1,,0,1.6056238315486935e-17,-0.05997107605057418,-1.482690030297636,-1.3320424959550634,0.0014977284409889277,7.607190322115517e-05,0.00018577070938321363,0.0008240241788454266,5.131500335033274e-05,0.00034376420723713873,0.11339648763009702,0.4053579114541835,0.4356704877441147,0.849734954210848
1043,adam,1043,1044,8.406771049260178e-07,1,3.45107246519209e-08,2.466470366095564e-09,2.8586692246496465e-08,1.3746487991563032e-08,1,1,,0,1.7713966540065113e-17,-0.05997103182948035,-1.4826899419306256,-1.3320424775685455,0.0014977284542066907,7.607179970819922e-05,0.00018577062375930406,0.0008240243755706428,5.131496796750324e-05,0.0003437642118602322,0.11339648815828032,0.4053578802024094,0.4356704890061335,0.8497349564635021
1044,adam,1044,1045,8.322703338767577e-07,1,3.451069313524719e-08,2.466463647533681e-09,2.8586626444375047e-08,1.3618088716163508e-08,1,1,,0,1.838733552116154e-17,-0.059970988019521054,-1.4826898543832674,-1.3320424593575375,0.0014977284672715303,7.607169715763689e-05,0.00018577053893243457,0.0008240245704506406,5.131493291229955e-05,0.0003437642164408329,0.11339648868154181,0.4053578492246844,0.4356704902562913,0.8497349586952292
1045,adam,1045,1046,8.239476305379902e-07,1,3.451066191199328e-08,2.4664569903070567e-09,2.8586561225531918e-08,1.3490883250312297e-08,1,1,,0,1.5692944627619207e-17,-0.05997094461692134,-1.482689767648018,-1.3320424413203744,0.0014977284801850647,7.607159556061e-05,0.0001857704548952639,0.0008240247635025787,5.1314898181909047e-05,0.0003437642209793422,0.11339648919992487,0.40535781851863967,0.4356704914946994,0.8497349609062228
1046,adam,1046,1047,8.157081542326102e-07,1,3.4510630979416724e-08,2.4664503938385178e-09,2.8586496584878938e-08,1.3364860557270271e-08,1,1,,0,1.8296785011520364e-17,-0.059970901617876216,-1.48268968171735,-1.3320424234554076,0.0014977284929491477,7.607149490810031e-05,0.0001857703716404118,0.0008240249547434523,5.131486377301828e-05,0.0003437642254761082,0.11339648971347725,0.4053577880818393,0.4356704927214677,0.849734963096675
1047,adam,1047,1048,8.075510726902841e-07,1,3.451060033484489e-08,2.4664438574959847e-09,2.8586432513979355e-08,1.3240009696485425e-08,1,1,,0,1.8556100384475462e-17,-0.05997085901869245,-1.4826895965838787,-1.3320424057610054,0.0014977285055658655,7.607139519171777e-05,0.00018577028916068601,0.000824025144190372,5.1314829682971323e-05,0.00034376422993157593,0.11339649022224105,0.4053577579120444,0.4356704939367052,0.8497349652667755
1048,adam,1048,1049,7.994755619633813e-07,1,3.451056997559674e-08,2.4664373809160508e-09,2.858636901431447e-08,1.3116319831385637e-08,1,1,,0,1.4302477965325438e-17,-0.05997081681563571,-1.482689512240193,-1.3320423882355494,0.001497728518035517,7.607129640230645e-05,0.00018577020744887148,0.0008240253318597239,5.131479590869494e-05,0.00034376423434608294,0.11339649072626272,0.4053577280068735,0.43567049514052,0.8497349674167127
1049,adam,1049,1050,7.914808063437474e-07,1,3.451053989902622e-08,2.4664309634267118e-09,2.858630607660251e-08,1.2993780230058772e-08,1,1,,0,1.5251133576177243e-17,-0.059970775005042866,-1.482689428679011,-1.3320423708774378,0.0014977285303611175,7.607119853159817e-05,0.00018577012649784739,0.0008240255177684535,5.131476244724186e-05,0.0003437642387200012,0.1133964912255858,0.40535769836404584,0.43567049633301885,0.8497349695466735
1050,adam,1050,1051,7.8356599828031e-07,1,3.451051010251873e-08,2.4664246045042136e-09,2.8586243695966457e-08,1.2872380246862189e-08,1,1,,0,1.8423190790798207e-17,-0.05997073358331045,-1.4826893458931385,-1.3320423536850827,0.0014977285425432755,7.607110157106415e-05,0.00018577004630057755,0.0008240257019327862,5.131472929577953e-05,0.0003437642430537143,0.11339649172025322,0.4053576689812202,0.43567049751430786,0.8497349716568423
1051,adam,1051,1052,7.757303382975068e-07,1,3.45104805834702e-08,2.4664183035831836e-09,2.8586181866744367e-08,1.275210934056605e-08,1,1,,0,1.6399742711089662e-17,-0.059970692546809846,-1.4826892638753806,-1.332042336656912,0.0014977285545842301,7.607100551230539e-05,0.0001857699668500541,0.0008240258843693058,5.1314696451399105e-05,0.0003437642473475935,0.11339649221030912,0.4053576398562229,0.435670498684492,0.8497349737474025
1052,adam,1052,1053,7.679730349145317e-07,1,3.4510451339310424e-08,2.4664120601815467e-09,2.8586120585492196e-08,1.2632957068479045e-08,1,1,,0,1.7590947412393464e-17,-0.05997065189197561,-1.4826891826186508,-1.3320423197913684,0.0014977285664853634,7.607091034682807e-05,0.00018576988813936025,0.0008240260650938867,5.1314663911266875e-05,0.0003437642516019847,0.11339649269579644,0.40535761098674095,0.4356704998436751,0.8497349758185356
1053,adam,1053,1054,7.602933045653863e-07,1,3.4510422367499265e-08,2.466405873735846e-09,2.85860598457055e-08,1.2514913083904894e-08,1,1,,0,1.69657145441705e-17,-0.05997061161529821,-1.482689102115931,-1.332042303086909,0.0014977285782480588,7.607081606664947e-05,0.0001857698101616602,0.0008240262441227291,5.1314631672698845e-05,0.0003437642558172781,0.11339649317675596,0.4053575823705857,0.4356705009919605,0.8497349778704215
1054,adam,1054,1055,7.526903715197326e-07,1,3.451039366549841e-08,2.466399743821187e-09,2.8585999646349995e-08,1.2397967128494846e-08,1,1,,0,1.8666514996063956e-17,-0.059970571713249925,-1.4826890223602556,-1.3320422865420047,0.0014977285898738553,7.607072266310371e-05,0.00018576973291012293,0.0008240264214712784,5.13145997327371e-05,0.0003437642599938065,0.11339649365323148,0.40535755400554496,0.43567050212944997,0.8497349799032381
1055,adam,1055,1056,7.451634678045352e-07,1,3.451036523081754e-08,2.466393669850469e-09,2.858593997963152e-08,1.2282109049395698e-08,1,1,,0,1.7661850765414107e-17,-0.05997053218238149,-1.482688943344705,-1.3320422701551422,0.0014977286013645983,7.607063012849251e-05,0.00018576965637804669,0.000824026597155617,5.131456808878505e-05,0.0003437642641319424,0.11339649412526358,0.40535752588942825,0.4356705032562448,0.849734981917162
1056,adam,1056,1057,7.377118331264899e-07,1,3.451033706097023e-08,2.4663876513273443e-09,2.8585880841620933e-08,1.2167328776424351e-08,1,1,,0,1.6780794229703383e-17,-0.059970493019249775,-1.482688865062469,-1.3320422539248211,0.001497728612721128,7.607053845455457e-05,0.00018576958055874012,0.0008240267711910994,5.131453673801239e-05,0.0003437642682320299,0.11339649459289386,0.4053574980200852,0.4356705043724451,0.8497349839123681
1057,adam,1057,1058,7.30334714795225e-07,1,3.4510309153503776e-08,2.4663816877762463e-09,2.8585822228303746e-08,1.2053616338545263e-08,1,1,,0,1.7663996768536884e-17,-0.05997045422044247,-1.4826887875067427,-1.3320422378495564,0.0014977286239455212,7.607044763336102e-05,0.0001857695054456026,0.0008240269435931982,5.131450567775727e-05,0.00034376427229440814,0.11339649505616368,0.4053574703953236,0.43567050547815017,0.8497349858890297
1058,adam,1058,1059,7.230313676472727e-07,1,3.451028150598162e-08,2.4663757786211393e-09,2.858576413276782e-08,1.194096185298825e-08,1,1,,0,1.601583093339714e-17,-0.05997041578259835,-1.48268871067084,-1.3320422219278762,0.0014977286350390821,7.607035765708165e-05,0.00018576943103207702,0.0008240271143772286,5.1314474905304694e-05,0.0003437642763194393,0.11339649551511259,0.4053574430130616,0.4356705065734582,0.8497349878473185
1059,adam,1059,1060,7.158010539707999e-07,1,3.4510254115997335e-08,2.4663699234780216e-09,2.8585706554032062e-08,1.1829355526554247e-08,1,1,,0,1.493055077589009e-17,-0.0599703777023658,-1.4826886345480963,-1.3320422061583224,0.0014977286460026466,7.607026851774315e-05,0.00018576935731168725,0.0008240272835581612,5.1314444418049396e-05,0.0003437642803074639,0.11339649596978128,0.40535741587119617,0.4356705076584667,0.8497349897874042
1060,adam,1060,1061,7.08643043431092e-07,1,3.451022698115762e-08,2.466364121755096e-09,2.8585649484354403e-08,1.1718787665517458e-08,1,1,,0,1.8189956635495923e-17,-0.05997033997643499,-1.4826885591319323,-1.332042190539451,0.001497728656838913,7.607018020775708e-05,0.00018576928427799257,0.0008240274511510372,5.131441421327027e-05,0.00034376428425879905,0.11339649642020971,0.4053573889675655,0.4356705087332721,0.849734991709456
1061,adam,1061,1062,7.01556612996781e-07,1,3.4510200099099354e-08,2.4663583730120245e-09,2.8585592920540588e-08,1.1609248652038405e-08,1,1,,0,1.7355873199075833e-17,-0.059970302601525756,-1.4826884844158055,-1.3320421750698317,0.00149772866754825,7.607009271936369e-05,0.0001857692119246334,0.0008240276171707631,5.131438428845686e-05,0.00034376428817380376,0.11339649686643681,0.4053573623001451,0.43567050979797,0.8497349936136404
1062,adam,1062,1063,6.945410468668132e-07,1,3.451017346747437e-08,2.46635267679144e-09,2.8585536859138623e-08,1.1500728969433322e-08,1,1,,0,1.5596560993680396e-17,-0.0599702655743975,-1.4826884103932556,-1.3320421597480472,0.0014977286781321917,7.607000604482264e-05,0.0001857691402452904,0.0008240277816318479,5.131435464094495e-05,0.0003437642920528024,0.11339649730850154,0.40535733586688505,0.43567051085265507,0.8497349955001229
1063,adam,1063,1064,6.87595636398145e-07,1,3.451014708396118e-08,2.466347032559305e-09,2.85854812935206e-08,1.139321917738179e-08,1,1,,0,1.5979551171420315e-17,-0.059970228891804665,-1.4826883370578672,-1.3320421445726938,0.0014977286885925801,7.606992017684231e-05,0.00018576906923371603,0.0008240279445491759,5.1314325268215855e-05,0.00034376429589612036,0.11339649774644334,0.40535730966572187,0.4356705118974211,0.8497349973690673
1064,adam,1064,1065,6.807196800341636e-07,1,3.451012094626368e-08,2.4663414398392405e-09,2.8585426219416266e-08,1.1286709928571974e-08,1,1,,0,1.7720983444780943e-17,-0.05997019255058032,-1.4826882644033101,-1.332042129542381,0.0014977286989304817,7.606983510794434e-05,0.00018576899888373107,0.0008240281059369737,5.1314296167788885e-05,0.0003437642997041025,0.11339649818029908,0.40535728369463075,0.43567051293236114,0.8497349992206363
1065,adam,1065,1066,6.73912483233822e-07,1,3.4510095052090306e-08,2.4663358982096126e-09,2.8585371634207975e-08,1.118119196126321e-08,1,1,,0,1.582150680292827e-17,-0.059970156547555706,-1.4826881924232729,-1.3320421146557317,0.0014977287091478158,7.606975083044757e-05,0.0001857689291891685,0.0008240282658094614,5.131426733701177e-05,0.0003437643034770522,0.11339649861010823,0.40535725795162053,0.4356705139575672,0.8497350010549907
1066,adam,1066,1067,6.671733584014837e-07,1,3.451006939919213e-08,2.4663304072213395e-09,2.85853175336779e-08,1.1076656094403025e-08,1,1,,0,1.8708539414777748e-17,-0.05997012087959337,-1.482688121111516,-1.3320420999113807,0.0014977287192445622,7.606966733721754e-05,0.00018576886014397604,0.0008240284241809214,5.13142387735594e-05,0.0003437643072152989,0.11339649903590725,0.40535723243472144,0.4356705149731303,0.8497350028722896
1067,adam,1067,1068,6.605016248174689e-07,1,3.4510043985322133e-08,2.466324966364894e-09,2.8585263912344344e-08,1.0973093241573939e-08,1,1,,0,1.6696655612751323e-17,-0.05997008554358262,-1.4826880504618796,-1.3320420853079773,0.0014977287292235687,7.60695846209651e-05,0.0001857687917421065,0.0008240285810654054,5.1314210474815084e-05,0.00034376431091915564,0.1133964994577345,0.40535720714192897,0.4356705159791411,0.8497350046726914
1068,adam,1068,1069,6.538966085692942e-07,1,3.4510018808272066e-08,2.466319575190549e-09,2.8585210765744944e-08,1.087049438852324e-08,1,1,,0,1.6029563319003007e-17,-0.059970050536465626,-1.482687980468233,-1.3320420708441814,0.0014977287390848153,7.606950267450531e-05,0.00018576872397761703,0.0008240287364767655,5.131418243848087e-05,0.00034376431458895003,0.11339649987562554,0.40535718207131133,0.43567051697568887,0.8497350064563521
1069,adam,1069,1070,6.473576424836013e-07,1,3.450999386583404e-08,2.4663142332638524e-09,2.8585158090807443e-08,1.0768850608747848e-08,1,1,,0,1.587088859588717e-17,-0.059970015855181136,-1.4826879111245082,-1.3320420565186677,0.0014977287488307605,7.606942149069236e-05,0.00018576865684456577,0.0008240288904287629,5.131415466197202e-05,0.00034376431822497104,0.11339650028961826,0.4053571572209239,0.43567051796286255,0.8497350082234272
1070,adam,1070,1071,6.408840660587652e-07,1,3.4509969155836827e-08,2.466308940097751e-09,2.858510588173063e-08,1.0668153063843531e-08,1,1,,0,1.6162364072485333e-17,-0.0599699814967203,-1.4826878424247212,-1.3320420423301225,0.0014977287584618478,7.60693410624273e-05,0.00018576859033710955,0.0008240290429350378,5.131412714298984e-05,0.0003437643218275552,0.11339650069974769,0.4053571325888464,0.4356705189407497,0.84973500997407
1071,adam,1071,1072,6.344752253981776e-07,1,3.4509944676123025e-08,2.466303695279573e-09,2.858505413562238e-08,1.056839298332873e-08,1,1,,0,1.589049430019816e-17,-0.05996994745808752,-1.4826877743628935,-1.3320420282772443,0.001497728767980071,7.606926138276472e-05,0.00018576852444944226,0.0008240291940091304,5.131409987912859e-05,0.00034376432539700165,0.11339650110605022,0.4053571081731829,0.43567051990943756,0.8497350117084329
1072,adam,1072,1073,6.281304731441959e-07,1,3.450992042455169e-08,2.466298498434396e-09,2.858500285055726e-08,1.0469561691377744e-08,1,1,,0,1.4047389850062052e-17,-0.05996991373631124,-1.4826877069331175,-1.3320420143587441,0.0014977287773861802,7.606918244458154e-05,0.0001857684591758022,0.000824029343664312,5.131407286803282e-05,0.0003437643289335889,0.11339650150856204,0.4053570839720654,0.4356705208690122,0.8497350134266666
1073,adam,1073,1074,6.218491684127538e-07,1,3.450989639901684e-08,2.466293349026241e-09,2.8584952018537123e-08,1.0371650581527296e-08,1,1,,0,1.6141005672765796e-17,-0.05996988032847212,-1.4826876401295972,-1.332042000573345,0.001497728786681472,7.606910424128994e-05,0.00018576839451052174,0.0008240294919140351,5.131404610746421e-05,0.0003437643324376492,0.11339650190731704,0.40535705998356614,0.4356705218195592,0.8497350151289204
1074,adam,1074,1075,6.156306767286263e-07,1,3.450987259740458e-08,2.4662882466462674e-09,2.85849016373573e-08,1.0274651131914333e-08,1,1,,0,1.6043931089824186e-17,-0.05996984723164629,-1.4826875739464913,-1.3320419869197817,0.001497728795867239,7.606902676587682e-05,0.00018576833044791187,0.0008240296387713228,5.131401959490709e-05,0.00034376433590946293,0.11339650230235154,0.4053570362058827,0.435670522761163,0.8497350168153425
1075,adam,1075,1076,6.094743699613401e-07,1,3.450984901764863e-08,2.466283190901041e-09,2.8584851703383322e-08,1.0178554900189577e-08,1,1,,0,1.7192593222841528e-17,-0.059969814442955606,-1.4826875083780897,-1.3320419733968012,0.0014977288049446973,7.606895001164646e-05,0.0001857682669824118,0.0008240297842492282,5.1313993328255805e-05,0.0003437643393493336,0.11339650269369977,0.40535701263716684,0.4356705236939076,0.8497350184860795
1076,adam,1076,1077,6.033796262617266e-07,1,3.4509825657689985e-08,2.466278181309841e-09,2.8584802210796594e-08,1.0083353514843018e-08,1,1,,0,1.7002072083883593e-17,-0.05996978195955218,-1.4826874434187114,-1.3320419600031623,0.0014977288139153726,7.606887397202717e-05,0.00018576820410848025,0.0008240299283607436,5.131396730521156e-05,0.00034376434275756667,0.11339650308139439,0.4053569892755899,0.4356705246178758,0.8497350201412767
1077,adam,1077,1078,5.973458299991095e-07,1,3.4509802515475915e-08,2.4662732174949582e-09,2.858475315805736e-08,9.989038690977741e-09,1,1,,0,1.8200209219205248e-17,-0.059969749778593304,-1.4826873790627015,-1.3320419467376359,0.0014977288227797818,7.606879864023384e-05,0.0001857681418205929,0.0008240300711184201,5.131394152334922e-05,0.0003437643461344167,0.11339650346547182,0.40535696611933464,0.4356705255331501,0.849735021781078
1078,adam,1078,1079,5.913723716991182e-07,1,3.450977958900013e-08,2.4662682990324736e-09,2.8584704539797136e-08,9.895602208980927e-09,1,1,,0,1.618894498965614e-17,-0.059969717897279805,-1.4826873153045048,-1.3320419335990037,0.0014977288315396041,7.60687240097904e-05,0.00018576808011335028,0.0008240302125351959,5.131391598070985e-05,0.00034376434948021136,0.11339650384596389,0.4053569431666429,0.43567052643981197,0.8497350234056262
1079,adam,1079,1080,5.854586479821272e-07,1,3.450975687624881e-08,2.4662634255150332e-09,2.858465635324763e-08,9.803035937913926e-09,1,1,,0,1.861618946492183e-17,-0.05996968631284302,-1.4826872521385734,-1.33204192058606,0.0014977288401962089,7.606865007411919e-05,0.00018576801898133278,0.0008240303526233318,5.131389067485091e-05,0.0003437643527952,0.11339650422290498,0.4053569204157041,0.43567052733794204,0.8497350250150624
1080,adam,1080,1081,5.796040615023057e-07,1,3.4509734375246836e-08,2.466258596542656e-09,2.8584608594435382e-08,9.711331811604972e-09,1,1,,0,1.5386816195336098e-17,-0.05996965502252805,-1.4826871895594484,-1.3320419076976089,0.001497728848749723,7.606857682680047e-05,0.0001857679584192248,0.0008240304913953751,5.131386560376134e-05,0.0003437643560796878,0.11339650459632729,0.4053568978647731,0.43567052822762037,0.8497350266095268
1081,adam,1081,1082,5.738080208872827e-07,1,3.450971208402045e-08,2.466253811636564e-09,2.8584561257137236e-08,9.62048183847987e-09,1,1,,0,1.7755751271492724e-17,-0.05996962402359689,-1.4826871275616806,-1.3320418949324673,0.001497728857202447,7.606850426160826e-05,0.00018576789842171453,0.0008240306288638727,5.131384076515991e-05,0.0003437643593339453,0.11339650496626374,0.4053568755121392,0.4356705291089261,0.8497350281891582
1082,adam,1082,1083,5.680699406784099e-07,1,3.450969000062426e-08,2.4662490705541974e-09,2.858451434341532e-08,9.530478108420398e-09,1,1,,0,1.6234605169245522e-17,-0.05996959331334675,-1.482687066139901,-1.3320418822894624,0.0014977288655550485,7.606843237182189e-05,0.00018576783898356642,0.0008240307650404676,5.131381615689509e-05,0.00034376436255825256,0.1133965053327473,0.40535685335602223,0.43567052998193795,0.8497350297540938
1083,adam,1083,1084,5.623892412716257e-07,1,3.4509668123136544e-08,2.466244372694369e-09,2.8584467842059864e-08,9.441312776993975e-09,1,1,,0,1.7418691880476315e-17,-0.05996956288913014,-1.4826870052887913,-1.332041869767433,0.0014977288738086628,7.60683611517016e-05,0.00018576778009960862,0.0008240308999378202,5.131379177698496e-05,0.00034376436575289394,0.1133965056958089,0.40535683139473166,0.43567053084673346,0.8497350313044699
1084,adam,1084,1085,5.567653488589095e-07,1,3.450964644963681e-08,2.4662397178204986e-09,2.858442175508558e-08,9.352978075386623e-09,1,1,,0,1.651530717670912e-17,-0.059969532748263214,-1.4826869450030682,-1.3320418573652273,0.001497728881964424,7.606829059475727e-05,0.0001857677217646726,0.0008240310335675605,5.131376762317559e-05,0.00034376436891812395,0.11339650605548172,0.40535680962655124,0.43567053170338976,0.8497350328404214
1085,adam,1085,1086,5.511976953703204e-07,1,3.4509624978228374e-08,2.4662351054655562e-09,2.8584376076510984e-08,9.265466303603437e-09,1,1,,0,1.6510361168468494e-17,-0.05996950288812919,-1.4826868852774884,-1.3320418450817069,0.0014977288900233868,7.606822069473516e-05,0.00018576766397365385,0.0008240311659415992,5.1313743693372945e-05,0.0003437643720542109,0.11339650641179663,0.40535678804982084,0.4356705325519832,0.8497350343620821
1086,adam,1086,1087,5.456857184166173e-07,1,3.4509603707039556e-08,2.46623053521215e-09,2.858433080122303e-08,9.17876983197754e-09,1,1,,0,1.654587449062577e-17,-0.05996947330613701,-1.4826868261068953,-1.3320418329157426,0.001497728897986608,7.606815144581572e-05,0.00018576760672151524,0.000824031297071875,5.131371998552848e-05,0.0003437643751614377,0.11339650676478497,0.4053567666628265,0.43567053339258927,0.8497350358695842
1087,adam,1087,1088,5.40228861232451e-07,1,3.450958263421514e-08,2.466226006852773e-09,2.8584285931854762e-08,9.09288110845134e-09,1,1,,0,1.8123155443448132e-17,-0.05996944399968548,-1.4826867674861242,-1.332041820866216,0.0014977289058552205,7.606808284165314e-05,0.00018576755000326387,0.000824031426969611,5.1313696497695606e-05,0.00034376437824006284,0.11339650711447702,0.40535674546398087,0.435670534225283,0.8497350373630592
1088,adam,1088,1089,5.348265726201265e-07,1,3.4509561757903176e-08,2.4662215198369428e-09,2.858424145913908e-08,9.007792642577243e-09,1,1,,0,1.4821243802200606e-17,-0.05996941496622472,-1.4826867094100897,-1.332041808932019,0.0014977289136306653,7.606801487644727e-05,0.0001857674938139156,0.000824031555646705,5.1313673227705396e-05,0.00034376438129032953,0.1133965074609051,0.40535672445160453,0.4356705350501386,0.849735038842637
1089,adam,1089,1090,5.294783068939253e-07,1,3.45095410762846e-08,2.4662170737508966e-09,2.8584197378292775e-08,8.92349701238231e-09,1,1,,0,1.6333431126661998e-17,-0.05996938620324089,-1.4826866518737867,-1.3320417971120553,0.0014977289213129893,7.6067947544348e-05,0.0001857674381485749,0.0008240316831145888,5.1313650173577474e-05,0.0003437643843125424,0.11339650780409725,0.40535670362405635,0.4356705358672294,0.8497350403084463
1090,adam,1090,1091,5.24183523824986e-07,1,3.450952058755261e-08,2.4662126683617353e-09,2.858415369040455e-08,8.839986878457872e-09,1,1,,0,1.6687568333861168e-17,-0.059969357708215515,-1.4826865948721961,-1.3320417854052369,0.0014977289289040986,7.606788083937578e-05,0.00018576738300237912,0.0008240318093842671,5.131362733336644e-05,0.0003437643873069086,0.11339650814408524,0.40535668297970023,0.43567053667662836,0.8497350417606149
1091,adam,1091,1092,5.189416885867361e-07,1,3.450950028991797e-08,2.4662083032693567e-09,2.8584110390821387e-08,8.757254946162955e-09,1,1,,0,1.811009597970188e-17,-0.059969329478657886,-1.4826865384003725,-1.332041773810488,0.0014977289364047374,7.606781475566115e-05,0.00018576732837051292,0.0008240319344672403,5.131360470516388e-05,0.00034376439027372993,0.11339650848089788,0.40535666251702734,0.43567053747840767,0.8497350431992692
1092,adam,1092,1093,5.137522717008688e-07,1,3.450948018159202e-08,2.466203978077905e-09,2.858406747604763e-08,8.675294005040737e-09,1,1,,0,1.7898260510429343e-17,-0.059969301512097783,-1.482686482453392,-1.3320417623267418,0.0014977289438158025,7.60677492874209e-05,0.0001857672742481625,0.0008240320583744166,5.131358228677009e-05,0.0003437643932132191,0.11339650881456585,0.405356642234394,0.43567053827263874,0.8497350446245342
1093,adam,1093,1094,5.0861474898386e-07,1,3.450946026083106e-08,2.466199692348276e-09,2.8584024939021117e-08,8.594096909273898e-09,1,1,,0,1.6305298165153774e-17,-0.059969273806124025,-1.4826864270264388,-1.3320417509529416,0.0014977289511388893,7.606768442923849e-05,0.0001857672206306351,0.0008240321811170709,5.1313560076464036e-05,0.0003437643961256469,0.11339650914511745,0.40535662213019374,0.4356705390593923,0.8497350460365345
1094,adam,1094,1095,5.035286014940214e-07,1,3.450944052588625e-08,2.4661954458012525e-09,2.8583982779801594e-08,8.513656570213002e-09,1,1,,0,1.7348878262905908e-17,-0.05996924635830367,-1.4826863721146832,-1.3320417396880415,0.0014977289583741197,7.6067620175243e-05,0.00018576716751322406,0.0008240323027058892,5.131353807222465e-05,0.0003437643990112603,0.11339650947258173,0.4053566022029173,0.43567053983873855,0.8497350474353929
1095,adam,1095,1096,4.984933154790812e-07,1,3.450942097503157e-08,2.4661912381651028e-09,2.8583940997749742e-08,8.433965973939245e-09,1,1,,0,1.8187304961113112e-17,-0.05996921916622483,-1.4826863177133378,-1.3320417285310042,0.0014977289655229325,7.606755651960757e-05,0.00018576711489128416,0.000824032423151561,5.131351627218787e-05,0.00034376440187030004,0.11339650979698784,0.4053565824510354,0.435670540610747,0.849735048821231
1096,adam,1096,1097,4.935083823242904e-07,1,3.4509401606554616e-08,2.4661870689244453e-09,2.8583899584175996e-08,8.355018165725796e-09,1,1,,0,1.68372311465708e-17,-0.05996919222753539,-1.4826862638176876,-1.3320417174808035,0.0014977289725860697,7.606749345713124e-05,0.00018576706276020682,0.0008240325424651036,5.131349467441273e-05,0.00034376440470300747,0.11339651011836435,0.40535656287297767,0.4356705413754865,0.84973505019417
1097,adam,1097,1098,4.885732985010475e-07,1,3.450938241876517e-08,2.4661829378164836e-09,2.85838585384934e-08,8.276806257083643e-09,1,1,,0,1.5029917927058627e-17,-0.05996916553988181,-1.4826862104230725,-1.3320417065364223,0.0014977289795649682,7.606743098218312e-05,0.00018576701111544313,0.0008240326606569023,5.131347327707432e-05,0.0003437644075096312,0.11339651043673911,0.40535654346724403,0.4356705421330251,0.8497350515543288
1098,adam,1098,1099,4.836875655160371e-07,1,3.450936340998647e-08,2.466178844504419e-09,2.858381785805608e-08,8.199323420047743e-09,1,1,,0,1.623716114206922e-17,-0.05996913910092974,-1.4826861575248287,-1.3320416956968535,0.0014977289864605246,7.606736908928148e-05,0.00018576695995248043,0.0008240327777374407,5.1313452078361855e-05,0.0003437644102904162,0.11339651075213948,0.4053565242323204,0.4356705428834305,0.8497350529018266
1099,adam,1099,1100,4.788506898608767e-07,1,3.450934457855301e-08,2.4661747885435157e-09,2.8583777535909862e-08,8.122562899055817e-09,1,1,,0,1.6880880917678752e-17,-0.059969112908382215,-1.4826861051183835,-1.3320416849610983,0.001497728993272936,7.6067307773213e-05,0.00018576690926683635,0.0008240328937173707,5.131343107640289e-05,0.00034376441304560096,0.1133965110645934,0.4053565051667271,0.43567054362676955,0.8497350542367804
1100,adam,1100,1101,4.7406218296226794e-07,1,3.450932592280948e-08,2.466170769789998e-09,2.8583737576180125e-08,8.046517986668568e-09,1,1,,0,1.803422420515278e-17,-0.059969086959930584,-1.4826860531991508,-1.332041674328169,0.0014977290000039486,7.606724702814104e-05,0.00018576685905405591,0.0008240330086064817,5.1313410269267644e-05,0.0003437644157753805,0.11339651137412997,0.405356486268963,0.4356705443631086,0.8497350555593066
1101,adam,1101,1102,4.693215611326452e-07,1,3.450930744113661e-08,2.466166787614418e-09,2.858369796505839e-08,7.97118204813955e-09,1,1,,0,1.605957295814544e-17,-0.05996906125334696,-1.4826860017626686,-1.3320416637970858,0.0014977290066539154,7.606718684949737e-05,0.0001857668093097812,0.0008240331224157195,5.13133896553616e-05,0.0003437644184800547,0.11339651168077296,0.40535646753758475,0.43567054509251335,0.8497350568695206
1102,adam,1102,1103,4.646283455213188e-07,1,3.450928913190916e-08,2.4661628419876086e-09,2.858365871016656e-08,7.896548505432712e-09,1,1,,0,1.765441265871237e-17,-0.059969035786348455,-1.4826859508044288,-1.3320416533668793,0.0014977290132245809,7.606712723135395e-05,0.00018576676002963813,0.0008240332351545097,5.1313369232776706e-05,0.0003437644211598017,0.11339651198455247,0.4053564489711379,0.43567054581504866,0.8497350581675364
1103,adam,1103,1104,4.599820620661056e-07,1,3.4509270993520276e-08,2.4661589324150445e-09,2.8583619803248048e-08,7.822610842888651e-09,1,1,,0,1.5917616915678505e-17,-0.05996901055672398,-1.482685900319997,-1.3320416430365885,0.0014977290197159881,7.606706816872953e-05,0.00018576671120930217,0.0008240333468331577,5.1313348999676646e-05,0.00034376442381486177,0.113396512285494,0.40535643056816745,0.43567054653077925,0.8497350594534672
1104,adam,1104,1105,4.5538224144544454e-07,1,3.450925302439504e-08,2.466155058574612e-09,2.858358124046085e-08,7.749362601248128e-09,1,1,,0,1.6177590035634904e-17,-0.05996898556228609,-1.4826858503050262,-1.3320416328052622,0.0014977290261292604,7.606700965669072e-05,0.00018576666284453474,0.0008240334574617278,5.131332895451838e-05,0.0003437644264454805,0.1133965125836232,0.4053564123272753,0.4356705472397688,0.849735060727425
1105,adam,1105,1106,4.5082841903099003e-07,1,3.450923522294386e-08,2.4661512201444413e-09,2.8583543019927598e-08,7.67679739066001e-09,1,1,,0,1.631364842724574e-17,-0.05996896080083967,-1.4826858007551382,-1.3320416226719574,0.0014977290324652908,7.606695168984684e-05,0.00018576661493105768,0.0008240335670498135,5.1313309095283184e-05,0.0003437644290518465,0.11339651287896774,0.40535639424697606,0.43567054794208065,0.849735061989521
1106,adam,1106,1107,4.4632013484068015e-07,1,3.450921758762844e-08,2.4661474168737084e-09,2.8583505140094376e-08,7.604908866857803e-09,1,1,,0,1.580057739639402e-17,-0.05996893627021034,-1.4826857516660266,-1.3320416126357402,0.0014977290387252044,7.60668942633202e-05,0.00018576656746473096,0.000824033675607358,5.1313289420594805e-05,0.0003437644316342256,0.11339651317155168,0.4053563763259787,0.43567054863777754,0.8497350632398651
1107,adam,1107,1108,4.418569334922733e-07,1,3.45092001168824e-08,2.4661436483161277e-09,2.858346759476115e-08,7.533690750832827e-09,1,1,,0,1.8523779686460784e-17,-0.05996891196827084,-1.4826857030334326,-1.3320416026956854,0.0014977290449095066,7.606683737195384e-05,0.00018576652044133895,0.0008240337831438443,5.131326992837838e-05,0.0003437644341928026,0.11339651346140278,0.4053563585627672,0.43567054932692134,0.8497350644785665
1108,adam,1108,1109,4.3743836415735064e-07,1,3.450918280919602e-08,2.46613991427796e-09,2.8583430384120895e-08,7.463136822368015e-09,1,1,,0,1.571621991887541e-17,-0.05996888789290448,-1.4826856548531475,-1.3320415928508775,0.0014977290510193963,7.606678101086301e-05,0.00018576647385681847,0.000824033889668849,5.131325061723876e-05,0.0003437644367278143,0.11339651374854468,0.4053563409560354,0.4356705500095737,0.8497350657057329
1109,adam,1109,1110,4.3306398051577713e-07,1,3.450916566303624e-08,2.466136214320288e-09,2.8583393501755737e-08,7.393240921207168e-09,1,1,,0,1.7072036618054838e-17,-0.05996886404199258,-1.4826856071209442,-1.3320415831004093,0.001497729057055456,7.606672517512862e-05,0.00018576642770704355,0.0008240339951920417,5.131323148530231e-05,0.0003437644392394672,0.11339651403300394,0.4053563235044139,0.43567055068579547,0.8497350669214715
1110,adam,1110,1111,4.2873334071061934e-07,1,3.4509148676913814e-08,2.4661325482909258e-09,2.8583356949542138e-08,7.323996932894225e-09,1,1,,0,1.7610977811794885e-17,-0.05996884041345527,-1.482685559832693,-1.3320415734433813,0.0014977290630187325,7.606666985976049e-05,0.00018576638198800614,0.000824034099722486,5.131321253102463e-05,0.0003437644417279732,0.1133965143148052,0.4053563062065019,0.4356705513556471,0.8497350681258883
1111,adam,1111,1112,4.244460073035131e-07,1,3.450913184933979e-08,2.4661289157589765e-09,2.8583320720781232e-08,7.255398811695462e-09,1,1,,0,1.7883941943881386e-17,-0.05996881700523102,-1.4826855129842782,-1.332041563878903,0.0014977290689099597,7.606661506007275e-05,0.00018576633669569896,0.0008240342032697903,5.131319375279008e-05,0.0003437644441935697,0.11339651459397197,0.40535628906102644,0.4356705520191883,0.8497350693190883
1112,adam,1112,1113,4.20201547230478e-07,1,3.45091151788355e-08,2.4661253164968565e-09,2.8583284815223138e-08,7.187440560844648e-09,1,1,,0,1.716885977734906e-17,-0.05996879381527271,-1.4826854665716218,-1.3320415544060928,0.0014977290747298718,7.606656077112734e-05,0.0001857662918261424,0.000824034305842851,5.131317514888679e-05,0.0003437644466364334,0.11339651487053039,0.4053562720665908,0.4356705526764783,0.8497350705011755
1113,adam,1113,1114,4.159995317581732e-07,1,3.4509098663946246e-08,2.466121750078935e-09,2.8583249225552058e-08,7.120116240080294e-09,1,1,,0,1.6192883557705912e-17,-0.05996877084156463,-1.4826854205907212,-1.332041545024077,0.0014977290804791272,7.60665069885069e-05,0.00018576624737542136,0.0008240344074512054,5.1313156717755155e-05,0.0003437644490568104,0.11339651514450344,0.40535625522191265,0.4356705533275758,0.8497350716722532
1114,adam,1114,1115,4.1183953644059146e-07,1,3.4509082303221544e-08,2.466118216330912e-09,2.858321395345315e-08,7.053419967814331e-09,1,1,,0,1.6838588938189275e-17,-0.05996874808207583,-1.4826853750375124,-1.3320415357319901,0.0014977290861586151,7.60664537071451e-05,0.0001857662033396321,0.000824034508103606,5.1313138457808676e-05,0.0003437644514548729,0.11339651541591626,0.40535623852566866,0.435670553972539,0.8497350728324233
1115,adam,1115,1116,4.0772114107618554e-07,1,3.450906609522335e-08,2.4661147149423686e-09,2.858317899596157e-08,6.987345910827204e-09,1,1,,0,1.654463648040544e-17,-0.059968725534837376,-1.482685329908085,-1.3320415265289751,0.0014977290917696899,7.606640092240025e-05,0.00018576615971490433,0.0008240346078088568,5.131312036733079e-05,0.00034376445383082056,0.11339651568479275,0.40535622197652854,0.43567055461142534,0.8497350739817872
1116,adam,1116,1117,4.0364392966542373e-07,1,3.450905003854166e-08,2.4661112455413607e-09,2.858314434716663e-08,6.921888294288342e-09,1,1,,0,1.6240598050009807e-17,-0.059968703197874396,-1.4826852851984995,-1.3320415174141826,0.0014977290973123855,7.606634862990943e-05,0.00018576611649744325,0.0008240347065762166,5.1313102444949443e-05,0.0003437644561849069,0.11339651595115473,0.4053562055732956,0.435670555244292,0.8497350751204451
1117,adam,1117,1118,3.996074903687694e-07,1,3.450903413175467e-08,2.466107807844223e-09,2.8583110005268327e-08,6.857041390161121e-09,1,1,,0,1.8072019292720393e-17,-0.05996868106922511,-1.4826852409048579,-1.3320415083867723,0.0014977291027877472,7.606629682496893e-05,0.00018576607368342226,0.0008240348044142974,5.1313084688849996e-05,0.00034376445851727085,0.11339651621502826,0.4053561893145941,0.4356705558711954,0.8497350762484963
1118,adam,1118,1119,3.9561141546508173e-07,1,3.450901837348818e-08,2.466104401694798e-09,2.8583075971162535e-08,6.792799533096054e-09,1,1,,0,1.7653589919262005e-17,-0.05996865914695462,-1.4826851970233026,-1.3320414994459102,0.0014977291081965844,7.606624550296454e-05,0.0001857660312691429,0.000824034901331741,5.13130670978403e-05,0.0003437644608281591,0.11339651647643455,0.40535617319923195,0.43567055649219166,0.8497350773660394
1119,adam,1119,1120,3.9165530131043096e-07,1,3.4509002762351347e-08,2.4661010266879447e-09,2.8583042238684043e-08,6.7291571023368976e-09,1,1,,0,1.674986501963235e-17,-0.05996863742916941,-1.4826851535500367,-1.3320414905907718,0.0014977291135397082,7.606619465956924e-05,0.00018576598925086193,0.0008240349973371735,5.1313049670181665e-05,0.00034376446311774563,0.11339651673539684,0.40535615722590823,0.4356705571073361,0.8497350784731718
1120,adam,1120,1121,3.8773874829732663e-07,1,3.4508987296967926e-08,2.4660976825051198e-09,2.858300880413816e-08,6.666108533685317e-09,1,1,,0,1.655937869338402e-17,-0.05996861591393563,-1.4826851104812582,-1.3320414818205397,0.0014977291188180049,7.606614429027344e-05,0.00018576594762487533,0.0008240350924393306,5.13130324042861e-05,0.0003437644653862263,0.11339651699193908,0.4053561413933951,0.4356705577166837,0.84973507956999
1121,adam,1121,1122,3.8386136081435336e-07,1,3.4508971975996277e-08,2.4660943689368805e-09,2.8582975667006425e-08,6.603648312684627e-09,1,1,,0,1.7474708377327795e-17,-0.059968594599397934,-1.4826850678132304,-1.332041473134404,0.0014977291240315862,7.606609439070708e-05,0.0001857659063875723,0.0008240351866465051,5.131301529885531e-05,0.00034376446763380655,0.11339651724608228,0.40535612570046986,0.4356705583202889,0.84973508065659
1122,adam,1122,1123,3.800227472062098e-07,1,3.450895679807489e-08,2.4660910856992475e-09,2.8582942824903914e-08,6.54177097148063e-09,1,1,,0,1.8332496350444994e-17,-0.059968573483679094,-1.482685025542228,-1.3320414645315628,0.0014977291291821146,7.606604495633793e-05,0.0001857658655352885,0.0008240352799670827,5.1312998352140656e-05,0.0003437644698606444,0.11339651749785071,0.4053561101458825,0.43567055891820555,0.8497350817330663
1123,adam,1123,1124,3.7622251973414775e-07,1,3.4508941761899994e-08,2.4660878325019924e-09,2.858291027401661e-08,6.480471098120136e-09,1,1,,0,1.691484638631945e-17,-0.05996855256494004,-1.4826849836645732,-1.3320414560112221,0.00149772913426939,7.606599598314574e-05,0.000185765825064515,0.0008240353724095091,5.131298156307405e-05,0.0003437644720669933,0.11339651774726348,0.4053560947285018,0.43567055951048733,0.849735082799513
1124,adam,1124,1125,3.724602945368062e-07,1,3.450892686613549e-08,2.466084609120854e-09,2.858287801385628e-08,6.419743328404067e-09,1,1,,0,1.6053239206034967e-17,-0.05996853184134664,-1.4826849421766255,-1.3320414475725948,0.0014977291392946099,7.60659474665303e-05,0.00018576578497165588,0.0008240354639818065,5.131296492991317e-05,0.00034376447425299173,0.11339651799434529,0.4053560794470379,0.43567056009718685,0.8497350838560235
1125,adam,1125,1126,3.687356915914382e-07,1,3.4508912109479326e-08,2.466081415190676e-09,2.858284603863512e-08,6.359582350675425e-09,1,1,,0,1.7761092406013588e-17,-0.05996851131108767,-1.4826849010747778,-1.3320414392149011,0.001497729144258581,7.606589940251203e-05,0.0001857657452532068,0.0008240355546923819,5.131294845127942e-05,0.00034376447641884517,0.11339651823911595,0.40535606430034316,0.43567056067835663,0.8497350849026896
1126,adam,1126,1127,3.6504833467552375e-07,1,3.450889749063436e-08,2.46607825051115e-09,2.8582814348355262e-08,6.29998289877808e-09,1,1,,0,1.5867132667581467e-17,-0.05996849097236973,-1.4826848603554486,-1.3320414309373694,0.0014977291491614917,7.60658517866807e-05,0.00018576570590567667,0.0008240356445490276,5.1312932125700396e-05,0.00034376447856472765,0.11339651848159855,0.40535604928720886,0.4356705612540487,0.849735085939603
1127,adam,1127,1128,3.613978513287685e-07,1,3.450888300831643e-08,2.4660751147844252e-09,2.8582782939569962e-08,6.2409397568244296e-09,1,1,,0,1.6340236010765415e-17,-0.059968470823403175,-1.4826848200150768,-1.332041422739235,0.0014977291540051575,7.606580461498434e-05,0.00018576566692560934,0.0008240357335599388,5.131291595174672e-05,0.0003437644806908243,0.11339651872181372,0.4053560344065277,0.4356705618243144,0.849735086966854
1128,adam,1128,1129,3.5778387281548085e-07,1,3.450886866126183e-08,2.4660720077564566e-09,2.8582751809613012e-08,6.182447757349758e-09,1,1,,0,1.7663620111555956e-17,-0.05996845086242971,-1.4826847800501668,-1.332041414619741,0.00149772915878899,7.606575788326294e-05,0.00018576562830960368,0.0008240358217330841,5.131289992808253e-05,0.00034376448279732386,0.11339651895978269,0.405356019657069,0.4356705623892047,0.8497350879845323
1129,adam,1129,1130,3.5420603408732603e-07,1,3.450885444821275e-08,2.4660689291858226e-09,2.858272095699003e-08,6.12450177931222e-09,1,1,,0,1.6043139645805487e-17,-0.059968431087712104,-1.4826847404572332,-1.3320414065781363,0.0014977291635139504,7.606571158744295e-05,0.00018576559005427446,0.0008240359090760648,5.131288405332215e-05,0.00034376448488440323,0.11339651919552592,0.4053560050377139,0.43567056294877005,0.8497350889927271
1130,adam,1130,1131,3.5066397374645276e-07,1,3.4508840367918723e-08,2.466065878737786e-09,2.8582690376533203e-08,6.067096745235329e-09,1,1,,0,1.731566287136136e-17,-0.05996841149751453,-1.482684701232843,-1.3320413986136777,0.0014977291681814665,7.606566572355878e-05,0.00018576555215625614,0.0008240359955970449,5.131286832605085e-05,0.00034376448695224533,0.11339651942906467,0.40535599054730975,0.4356705635030606,0.849735089991526
1131,adam,1131,1132,3.4715733400898825e-07,1,3.450882641914616e-08,2.4660628561949543e-09,2.858266006726451e-08,6.0102276343621186e-09,1,1,,0,1.6586150401596744e-17,-0.05996839209011878,-1.4826846623735606,-1.3320413907256299,0.001497729172791568,7.606562028758478e-05,0.0001857655146122287,0.0008240360813035328,5.131285274492907e-05,0.00034376448900102965,0.11339651966041882,0.4053559761847831,0.43567056405212584,0.8497350909810166
1132,adam,1132,1133,3.4368576066889837e-07,1,3.4508812600670385e-08,2.466059861405389e-09,2.8582630030415074e-08,5.953889469570333e-09,1,1,,0,1.4481454007932658e-17,-0.05996837286382229,-1.482684623875989,-1.3320413829132627,0.0014977291773446751,7.606557527524961e-05,0.00018576547741889606,0.0008240361662029266,5.13128373085732e-05,0.00034376449103090467,0.11339651988960966,0.40535596194893386,0.43567056459601483,0.8497350919612852
1133,adam,1133,1134,3.402489030622094e-07,1,3.450879891127855e-08,2.466056893991803e-09,2.8582600259093783e-08,5.8980773095830015e-09,1,1,,0,1.641145508907412e-17,-0.0599683538169459,-1.4826845857367927,-1.332041375175855,0.0014977291818420576,7.606553068292191e-05,0.00018576544057299395,0.0008240362503032249,5.131282201567664e-05,0.00034376449304207633,0.1133965201166569,0.4053559478387257,0.4356705651347762,0.8497350929324173
1134,adam,1134,1135,3.368464140315873e-07,1,3.450878534977093e-08,2.466053953696375e-09,2.85825707508825e-08,5.842786267978617e-09,1,1,,0,1.7430735548010486e-17,-0.05996833494782436,-1.4826845479526616,-1.3320413675126905,0.0014977291862839786,7.606548650671916e-05,0.00018576540407129344,0.0008240363336117376,5.131280686488663e-05,0.0003437644950347069,0.11339652034158049,0.40535593385300617,0.4356705656684581,0.8497350938944979
1135,adam,1135,1136,3.3347794989127143e-07,1,3.450877191495679e-08,2.4660510404137817e-09,2.858254150830064e-08,5.788011505859215e-09,1,1,,0,1.5387011877712567e-17,-0.0599683162548041,-1.4826845105202697,-1.3320413599230612,0.001497729190671397,7.606544274246076e-05,0.0001857653679105898,0.0008240364161356109,5.131279185487516e-05,0.00034376449700895747,0.11339652056439992,0.4053559199907184,0.43567056619710826,0.849735094847611
1136,adam,1136,1137,3.301431703923587e-07,1,3.4508758605657466e-08,2.4660481537506454e-09,2.8582512523684216e-08,5.733748221939958e-09,1,1,,0,1.631874130751056e-17,-0.05996829773625289,-1.4826844734363882,-1.3320413524062646,0.0014977291950046556,7.606539938662192e-05,0.00018576533208771077,0.0008240364978825745,5.13127769843814e-05,0.0003437644989649971,0.11339652078513544,0.4053559062507481,0.435670566720774,0.8497350957918398
1137,adam,1137,1138,3.2684173868843507e-07,1,3.450874542069966e-08,2.4660452935177093e-09,2.858248379714202e-08,5.679991664005356e-09,1,1,,0,1.735284669225018e-17,-0.05996827939053024,-1.4826844366977487,-1.3320413449616064,0.0014977291992840126,7.6065356435318e-05,0.00018576529659949852,0.0008240365788598085,5.13127622520054e-05,0.0003437645009029931,0.11339652100380658,0.4053558926320464,0.43567056723950215,0.8497350967272671
1138,adam,1138,1139,3.235733213015507e-07,1,3.450873235894051e-08,2.4660424594957103e-09,2.8582455326279255e-08,5.626737118206852e-09,1,1,,0,1.7040332669121533e-17,-0.05996826121605693,-1.4826844003011903,-1.3320413375883977,0.0014977292035108951,7.606531388477276e-05,0.00018576526144287718,0.0008240366590745234,5.131274765671e-05,0.00034376450282313614,0.11339652122043117,0.40535587913355614,0.43567056775333896,0.8497350976539743
1139,adam,1139,1140,3.203375880885352e-07,1,3.4508719419215566e-08,2.4660396513525906e-09,2.85824271065823e-08,5.573979923844454e-09,1,1,,0,1.70671862892537e-17,-0.059968243211230086,-1.482684364243521,-1.332041330285956,0.0014977292076854077,7.606527173131826e-05,0.0001857652266147127,0.0008240367385339519,5.131273319694319e-05,0.0003437645047255626,0.11339652143502972,0.40535586575419974,0.4356705682623305,0.8497350985720425
1140,adam,1140,1141,3.171342122076499e-07,1,3.4508706600400055e-08,2.4660368690097637e-09,2.8582399140647368e-08,5.5217154537871844e-09,1,1,,0,1.7871624873905895e-17,-0.05996822537445823,-1.4826843285215878,-1.3320413230536057,0.0014977292118085103,7.606522997111977e-05,0.0001857651921119779,0.0008240368172449114,5.131271887160794e-05,0.000343764506610436,0.1133965216476209,0.4053558524929592,0.43567056876652244,0.849735099481552
1141,adam,1141,1142,3.139628700855734e-07,1,3.450869390136686e-08,2.4660341120954196e-09,2.8582371421535978e-08,5.469939129083342e-09,1,1,,0,1.814981554268881e-17,-0.05996820770419985,-1.482684293132291,-1.3320413158906776,0.0014977292158807735,7.606518860065928e-05,0.0001857651579316392,0.000824036895214792,5.131270467948563e-05,0.0003437645084779379,0.11339652185822248,0.40535583934881747,0.4356705692659596,0.8497351003825823
1142,adam,1142,1143,3.1082324138471763e-07,1,3.4508681320999556e-08,2.4660313804403553e-09,2.858234394948868e-08,5.418646412147929e-09,1,1,,0,1.6210971036352345e-17,-0.059968190198895745,-1.4826842580725397,-1.3320413087965095,0.00149772921990176,7.606514761627463e-05,0.0001857651240706919,0.0008240369724502472,5.131269061924592e-05,0.0003437645103282087,0.11339652206685388,0.4053558263206845,0.43567056976068685,0.8497351012752121
1143,adam,1143,1144,3.077150089708705e-07,1,3.450866885819288e-08,2.466028673789031e-09,2.8582316721485286e-08,5.3678328039115875e-09,1,1,,0,1.5657988112069476e-17,-0.059968172857017624,-1.4826842233392865,-1.332041301770444,0.0014977292238735904,7.606510701436696e-05,0.00018576509052616123,0.0008240370489582863,5.131267668969947e-05,0.000343764512161412,0.11339652227353371,0.4053558134076023,0.43567057025074835,0.8497351021595193
1144,adam,1144,1145,3.046378588811618e-07,1,3.450865651185041e-08,2.466025991923892e-09,2.858228973560332e-08,5.317493852164702e-09,1,1,,0,1.942789079652506e-17,-0.05996815567704177,-1.4826841889294866,-1.3320412948118312,0.0014977292277957505,7.606506679137287e-05,0.0001857650572950963,0.0008240371247456856,5.131266288958525e-05,0.0003437645139777034,0.11339652247827942,0.4053558006085194,0.435670570736188,0.8497351030355815
1145,adam,1145,1146,3.0159148029235015e-07,1,3.4508644280899174e-08,2.466023334557283e-09,2.8582262987196798e-08,5.267625139870745e-09,1,1,,0,1.6563342621233275e-17,-0.0599681386574793,-1.482684154840176,-1.332041287920026,0.0014977292316691961,7.606502694394782e-05,0.00018576502437460927,0.0008240371998194439,5.131264921787723e-05,0.0003437645157772574,0.11339652268110881,0.4053557879224393,0.4356705712170492,0.8497351039034752
1146,adam,1146,1147,2.985755654894266e-07,1,3.450863216425362e-08,2.466020701663888e-09,2.8582236481505097e-08,5.218222303737105e-09,1,1,,0,1.4098249106451202e-17,-0.05996812179679423,-1.4826841210683115,-1.3320412810943918,0.0014977292354946535,7.606498746818519e-05,0.00018576499176177846,0.0008240372741858096,5.131263567328398e-05,0.0003437645175601962,0.11339652288204087,0.4053557753484542,0.4356705716933751,0.8497351047632762
1147,adam,1147,1148,2.9558980983453234e-07,1,3.450862016084745e-08,2.466018092790241e-09,2.858221020857868e-08,5.169280997915015e-09,1,1,,0,1.8810971975348763e-17,-0.05996810509355269,-1.4826840876110132,-1.3320412743342958,0.0014977292392726127,7.606494836096973e-05,0.00018576495945373404,0.0008240373478517835,5.131262225449408e-05,0.0003437645193266923,0.11339652308109244,0.40535576288546327,0.4356705721652082,0.8497351056150597
1148,adam,1148,1149,2.9263391173618703e-07,1,3.450860826963374e-08,2.4660155077711405e-09,2.8582184167915285e-08,5.120796944269624e-09,1,1,,0,1.734233540882526e-17,-0.05996808854628126,-1.482684054465344,-1.3320412676391118,0.0014977292430030245,7.606490961888858e-05,0.00018576492744765827,0.0008240374208238457,5.131260896049573e-05,0.00034376452107689966,0.1133965232782813,0.4053557505325624,0.43567057263259074,0.8497351064589003
1149,adam,1149,1150,2.8970757261882517e-07,1,3.450859648956773e-08,2.466012946537433e-09,2.8582158362306102e-08,5.072765878322221e-09,1,1,,0,1.617726548180066e-17,-0.059968072153518855,-1.4826840216283945,-1.3320412610082197,0.0014977292466873094,7.606487123825402e-05,0.00018576489574073928,0.0008240374931083495,5.131259579016254e-05,0.0003437645228109459,0.11339652347362489,0.40535573828877486,0.43567057309556456,0.8497351072948717
1150,adam,1150,1151,2.868104968926369e-07,1,3.450858481960872e-08,2.466010408677175e-09,2.8582132783505747e-08,5.0251835923362925e-09,1,1,,0,1.788169685228118e-17,-0.059968055913834424,-1.482683989097327,-1.332041254441006,0.0014977292503258039,7.606483321602993e-05,0.00018576486433017608,0.0008240375647119897,5.1312582742236e-05,0.0003437645245290047,0.11339652366714013,0.4053557261531494,0.4356705735541711,0.8497351081230469
1151,adam,1151,1152,2.839423919237106e-07,1,3.450857325873865e-08,2.4660078940856115e-09,2.858210743278273e-08,4.978045914492769e-09,1,1,,0,1.6287575666610688e-17,-0.05996803982580105,-1.4826839568692742,-1.3320412479368622,0.0014977292539184554,7.60647955487551e-05,0.00018576483321322863,0.0008240376356410823,5.1312569815682356e-05,0.00034376452623120665,0.11339652385884434,0.4053557141247169,0.43567057400845144,0.8497351089434986
1152,adam,1152,1153,2.811029680044734e-07,1,3.4508561805940365e-08,2.466005402553768e-09,2.8582082308326296e-08,4.931348703606122e-09,1,1,,0,1.7521958290351573e-17,-0.059968023888011326,-1.482683924941458,-1.3320412414951845,0.001497729257466298,7.60647582330803e-05,0.00018576480238715937,0.0008240377059018471,5.1312557009365484e-05,0.00034376452791771734,0.11339652404875396,0.4053557022025664,0.4356705744584463,0.8497351097562984
1153,adam,1153,1154,2.782919383244287e-07,1,3.450855046019856e-08,2.4660029337926905e-09,2.8582057405930064e-08,4.8850878686132945e-09,1,1,,0,1.6555351853060056e-17,-0.05996800809907663,-1.4826838933110693,-1.3320412351153776,0.001497729260969977,7.606472126577326e-05,0.00018576477184923561,0.000824037775500659,5.1312544322029174e-05,0.00034376452958865454,0.11339652423688656,0.40535569038572034,0.4356705749041959,0.8497351105615174
1154,adam,1154,1155,2.755090189411844e-07,1,3.450853922051953e-08,2.466000487711208e-09,2.8582032727364114e-08,4.8392593462306044e-09,1,1,,0,1.4906195992302857e-17,-0.059967992457580416,-1.482683861975333,-1.3320412287968493,0.0014977292644296708,7.60646846434508e-05,0.00018576474159678292,0.0008240378444435645,5.131253175266078e-05,0.00034376453124416567,0.11339652442325864,0.40535567867330485,0.43567057534574005,0.8497351113592262
1155,adam,1155,1156,2.727539287517725e-07,1,3.4508528085925944e-08,2.465998063981065e-09,2.8582008266101363e-08,4.793859114749403e-09,1,1,,0,1.5271478279058937e-17,-0.05996797696219822,-1.4826838309315522,-1.3320412225390141,0.0014977292678456386,7.606464836329497e-05,0.00018576471162717084,0.0008240379127370018,5.131251930026761e-05,0.00034376453288441523,0.11339652460788528,0.40535566706437987,0.4356705757831186,0.8497351121494945
1156,adam,1156,1157,2.700263894642548e-07,1,3.450851705542885e-08,2.465995662473802e-09,2.858198402300053e-08,4.748883193461042e-09,1,1,,0,1.6310450302707853e-17,-0.05996796161153018,-1.4826838001769984,-1.3320412163412931,0.0014977292712189125,7.606461242170804e-05,0.00018576468193773772,0.0008240379803868957,5.131250696367367e-05,0.00034376453450952777,0.11339652479078413,0.4053556555580428,0.4356705762163703,0.8497351129323915
1157,adam,1157,1158,2.6732612556961226e-07,1,3.4508506128059314e-08,2.4659932830150847e-09,2.858195999747623e-08,4.7043276286546784e-09,1,1,,0,1.604955835307806e-17,-0.05996794640424574,-1.4826837697089799,-1.3320412102031105,0.0014977292745501358,7.606457681569281e-05,0.00018576465252587564,0.0008240380473991987,5.131249474176068e-05,0.00034376453611963115,0.11339652497197124,0.4053556441533847,0.43567057664553427,0.8497351137079855
1158,adam,1158,1159,2.6465286431391617e-07,1,3.450849530286311e-08,2.4659909252764892e-09,2.8581936182735874e-08,4.660188510352376e-09,1,1,,0,1.8461137569744857e-17,-0.05996793133902915,-1.482683739524869,-1.3320412041238978,0.0014977292778391006,7.606454154226812e-05,0.00018576462338901643,0.0008240381137801125,5.131248263357269e-05,0.0003437645377148887,0.11339652515146137,0.40535563284951204,0.4356705770706488,0.8497351144763446
1159,adam,1159,1160,2.62006335670777e-07,1,3.4508484578880953e-08,2.465988589178542e-09,2.8581912581291424e-08,4.616461968780816e-09,1,1,,0,1.703432271077038e-17,-0.0599679164145176,-1.482683709621975,-1.332041198103091,0.0014977292810868384,7.606450659820505e-05,0.00018576459452457821,0.0008240381795355019,5.131247063798708e-05,0.00034376453929541733,0.11339652532927193,0.4053556216455831,0.43567057749175203,0.8497351152375361
1160,adam,1160,1161,2.5938627231406925e-07,1,3.4508473955178245e-08,2.4659862744679294e-09,2.8581889189079365e-08,4.5731441603869924e-09,1,1,,0,1.7032243424410273e-17,-0.05996790162943746,-1.4826836799977403,-1.3320411921401323,0.0014977292842939154,7.606447198040133e-05,0.00018576456593004558,0.0008240382446711793,5.1312458754036386e-05,0.0003437645408613764,0.113396525505417,0.40535561054067615,0.43567057790888164,0.8497351159916263
1161,adam,1161,1162,2.5679240959092853e-07,1,3.450846343080995e-08,2.46598398103659e-09,2.8581866007671367e-08,4.530231282227012e-09,1,1,,0,1.4891949069920948e-17,-0.0599678869824681,-1.4826836506495413,-1.3320411862344679,0.0014977292874604321,7.606443768574417e-05,0.00018576453760287497,0.0008240383091927462,5.131244698052817e-05,0.0003437645424128578,0.11339652567991378,0.40535559953390987,0.43567057832207495,0.8497351167386816
1162,adam,1162,1163,2.5422448549501926e-07,1,3.4508453004861144e-08,2.465981708553619e-09,2.858184303010703e-08,4.487719565492889e-09,1,1,,0,1.6946705239383975e-17,-0.059967872472350255,-1.4826836215748438,-1.3320411803855512,0.0014977292905870327,7.60644037115079e-05,0.00018576450954060398,0.0008240383731064424,5.131243531663129e-05,0.0003437645439500403,0.11339652585277601,0.40535558862448684,0.43567057873136905,0.8497351174787672
1163,adam,1163,1164,2.5168224064006904e-07,1,3.4508442676407215e-08,2.465979456901872e-09,2.858182025735918e-08,4.445605278229433e-09,1,1,,0,1.8757387538740344e-17,-0.059967858097786965,-1.4826835927711013,-1.3320411745928387,0.0014977292936736615,7.606437005453184e-05,0.00018576448174074402,0.0008240384364176333,5.1312423761153635e-05,0.000343764545473029,0.11339652602402013,0.40535557781147646,0.4356705791368007,0.8497351182119478
1164,adam,1164,1165,2.4916541823366833e-07,1,3.4508432444549135e-08,2.4659772258118696e-09,2.8581797684441038e-08,4.403884722451978e-09,1,1,,0,1.7297572464176284e-17,-0.05996784385753398,-1.482683564235795,-1.3320411688557936,0.00149772929672166,7.60643367120729e-05,0.0001857644542008754,0.0008240384991323531,5.131241231328982e-05,0.0003437645469819743,0.11339652619366028,0.4053555670940783,0.435670579538406,0.8497351189382878
1165,adam,1165,1166,2.4667376405133165e-07,1,3.45084223083711e-08,2.4659750152538187e-09,2.8581775315891357e-08,4.362554225390497e-09,1,1,,0,1.6438999035215668e-17,-0.05996782975031649,-1.4826835359664166,-1.3320411631738833,0.0014977292997313597,7.606430368078291e-05,0.0001857644269185333,0.0008240385612556329,5.131240097179417e-05,0.0003437645484769651,0.11339652636171318,0.4053555564714662,0.4356705799362211,0.8497351196578506
1166,adam,1166,1167,2.4420702641081834e-07,1,3.450841226699562e-08,2.4659728249821833e-09,2.8581753147167582e-08,4.32161016867029e-09,1,1,,0,1.569548587925408e-17,-0.05996781577491293,-1.4826835079605174,-1.3320411575465807,0.0014977293027023965,7.606427095793908e-05,0.00018576439989135597,0.0008240386227932562,5.131238973585524e-05,0.0003437645499581648,0.11339652652819183,0.4053555459427494,0.43567058033028155,0.8497351203706994
1167,adam,1167,1168,2.417649561467102e-07,1,3.450840231953602e-08,2.4659706546741364e-09,2.8581731172013778e-08,4.281048946479463e-09,1,1,,0,1.632417269885748e-17,-0.0599678019301036,-1.4826834802156459,-1.3320411519733633,0.0014977293056359546,7.606423854101601e-05,0.00018576437311695703,0.0008240386837510586,5.131237860448292e-05,0.0003437645514257014,0.1133965266931111,0.40535553550718334,0.43567058072062276,0.8497351210768965
1168,adam,1168,1169,2.3934730658524307e-07,1,3.4508392465110555e-08,2.465968504349692e-09,2.858170939581851e-08,4.24086699734481e-09,1,1,,0,1.7204679711913732e-17,-0.0599677882146648,-1.4826834527293757,-1.3320411464537143,0.001497729308532676,7.606420642661401e-05,0.0001857643465929632,0.0008240387441338748,5.1312367576592495e-05,0.0003437645528796637,0.11339652685648696,0.40535552516386014,0.4356705811072797,0.8497351217765038
1169,adam,1169,1170,2.369538335193906e-07,1,3.4508382702865005e-08,2.465966373685085e-09,2.8581687811474405e-08,4.201060796404844e-09,1,1,,0,1.6254699077887623e-17,-0.059967774627392154,-1.4826834254993102,-1.3320411409871216,0.001497729311392272,7.606417461235772e-05,0.00018576432031707543,0.0008240388039476988,5.131235665140057e-05,0.0003437645543202373,0.11339652701833167,0.40535551491204314,0.435670581490287,0.8497351224695825
1170,adam,1170,1171,2.345842951841967e-07,1,3.450837303193149e-08,2.465964262597758e-09,2.8581666420927382e-08,4.161626834541447e-09,1,1,,0,1.7232585353834008e-17,-0.059967761167083806,-1.4826833985230563,-1.3320411355730766,0.0014977293142153841,7.606414309519834e-05,0.00018576429428695789,0.0008240388631975154,5.1312345827874495e-05,0.00034376455574749255,0.11339652717866149,0.40535550475090126,0.43567058186967894,0.8497351231561935
1171,adam,1171,1172,2.3223845223235473e-07,1,3.450836345146067e-08,2.4659621708089793e-09,2.8581645219176803e-08,4.1225616537250085e-09,1,1,,0,1.777335755809245e-17,-0.059967747832578085,-1.4826833717982795,-1.332041130211078,0.0014977293170026543,7.606411187252769e-05,0.00018576426850032456,0.0008240389218887505,5.131233510503274e-05,0.0003437645571615784,0.1133965273374893,0.40535549467962506,0.4356705822454896,0.8497351238363966
1172,adam,1172,1173,2.2991606771003118e-07,1,3.450835396060068e-08,2.4659600982408045e-09,2.8581624208091567e-08,4.083861812989316e-09,1,1,,0,1.6591983813963214e-17,-0.05996773462268003,-1.4826833453226245,-1.3320411249006272,0.0014977293197548016,7.606408094133088e-05,0.00018576424295488269,0.0008240389800264786,5.1312324481846224e-05,0.0003437645585625969,0.1133965274948302,0.40535548469744925,0.43567058261775266,0.8497351245102518
1173,adam,1173,1174,2.276169070329309e-07,1,3.4508344558536885e-08,2.4659580446100264e-09,2.8581603381363502e-08,4.04552392053549e-09,1,1,,0,1.7475403467886067e-17,-0.05996772153625986,-1.4826833190938007,-1.3320411196412312,0.0014977293224711474,7.606405029938924e-05,0.00018576421764843974,0.0008240390376162729,5.131231395769513e-05,0.0003437645599507031,0.11339652765069608,0.4053554748036033,0.43567058298650146,0.8497351251778179
1174,adam,1174,1175,2.2534073796260157e-07,1,3.4508335244426224e-08,2.4659560098204876e-09,2.858158274086349e-08,4.007544597920747e-09,1,1,,0,1.6249870532290476e-17,-0.05996770857214078,-1.4826832931094827,-1.3320411144324016,0.0014977293251535741,7.606401994360946e-05,0.0001857641925787266,0.0008240390946629949,5.131230353144482e-05,0.0003437645613259811,0.11339652780510266,0.4053554649972852,0.4356705833517691,0.8497351258391533
1175,adam,1175,1176,2.2308733058297553e-07,1,3.4508326017449274e-08,2.4659539937021282e-09,2.858156228486159e-08,3.969920511515955e-09,1,1,,0,1.561470137110681e-17,-0.05996769572918643,-1.4826832673674213,-1.3320411092736544,0.001497729327800862,7.606398987139811e-05,0.00018576416774353786,0.0008240391511717173,5.131229320216247e-05,0.00034376456268855665,0.11339652795806326,0.40535545527770644,0.43567058371358836,0.849735126494316
1176,adam,1176,1177,2.2085645727714578e-07,1,3.450831687680156e-08,2.4659519960640926e-09,2.858154201071118e-08,3.932648348918313e-09,1,1,,0,1.6262300481957673e-17,-0.05996768300628892,-1.4826832418653688,-1.3320411041645108,0.0014977293304148911,7.606396008020092e-05,0.0001857641431407083,0.0008240392071475595,5.131228296906234e-05,0.0003437645640385523,0.11339652810959082,0.4053554456441302,0.43567058407199155,0.8497351271433637
1177,adam,1177,1178,2.1864789270437433e-07,1,3.4508307821667674e-08,2.4659500167656235e-09,2.8581521918173352e-08,3.895724836268165e-09,1,1,,0,1.609266352926089e-17,-0.05996767040229895,-1.4826832166010782,-1.3320410991044966,0.0014977293329952168,7.606393056723466e-05,0.00018576411876804324,0.0008240392625955411,5.1312272831132936e-05,0.00034376456537608274,0.11339652825969924,0.40535543609583136,0.43567058442701095,0.8497351277863531
1178,adam,1178,1179,2.1646141377733056e-07,1,3.4508298851260505e-08,2.465948055573924e-09,2.8581502003042685e-08,3.859146722713983e-09,1,1,,0,1.721296987447449e-17,-0.0599676579161462,-1.48268319157236,-1.3320410940931409,0.0014977293355427886,7.606390133017734e-05,0.00018576409462342421,0.000824039317520687,5.131226278759736e-05,0.0003437645667012581,0.1133965284084013,0.40535542663198254,0.43567058477867837,0.8497351284233403
1179,adam,1179,1180,2.1429679963955727e-07,1,3.450828996479093e-08,2.465946112385533e-09,2.8581482265892368e-08,3.822910793494528e-09,1,1,,0,1.7651523651751523e-17,-0.05996764554670969,-1.4826831667770166,-1.332041089129978,0.0014977293380572395,7.606387236629149e-05,0.00018576407070472733,0.0008240393719278151,5.1312252837639605e-05,0.00034376456801421095,0.11339652855570947,0.4053554172519432,0.43567058512702533,0.8497351290543815
1180,adam,1180,1181,2.121538316431617e-07,1,3.4508281161463135e-08,2.4659441869802023e-09,2.858146270372178e-08,3.7870138598363055e-09,1,1,,0,1.6952676716522296e-17,-0.059967633292906296,-1.482683142212878,-1.3320410842145471,0.0014977293405395186,7.606384367299596e-05,0.00018576404700981064,0.0008240394258218016,5.131224298015288e-05,0.0003437645693150247,0.11339652870163862,0.40535540795489294,0.4356705854720831,0.8497351296795318
1181,adam,1181,1182,2.1003229332673008e-07,1,3.450827244051892e-08,2.465942279240725e-09,2.8581443315597947e-08,3.751452767665023e-09,1,1,,0,1.5844992997991483e-17,-0.05996762115365795,-1.4826831178777993,-1.3320410793463913,0.0014977293429901102,7.606381524795e-05,0.0001857640235366335,0.000824039479207687,5.13122332145541e-05,0.00034376457060383977,0.11339652884619969,0.4053553987401523,0.4356705858138826,0.8497351302988461
1182,adam,1182,1183,2.0793197039346277e-07,1,3.450826380117521e-08,2.465940388980975e-09,2.8581424100255368e-08,3.7162243843189696e-09,1,1,,0,1.7640934190335424e-17,-0.05996760912790511,-1.482683093769649,-1.332041074525058,0.0014977293454089555,7.606378708848175e-05,0.00018576400028308824,0.0008240395320898708,5.131222353974756e-05,0.0003437645718807418,0.11339652898940684,0.4053553896069786,0.4356705861524546,0.8497351309123785
1183,adam,1183,1184,2.0585265068952816e-07,1,3.4508255242677916e-08,2.4659385161279716e-09,2.8581405058523554e-08,3.681325610645598e-09,1,1,,0,1.3903404964401667e-17,-0.05996759721457433,-1.4826830698863107,-1.332041069750099,0.0014977293477965409,7.606375919205698e-05,0.0001857639772471453,0.0008240395844731166,5.1312213955011415e-05,0.0003437645731458333,0.11339652913127292,0.405355380554627,0.43567058648782925,0.8497351315201831
1184,adam,1184,1185,2.0379412418263285e-07,1,3.450824676427387e-08,2.4659366603810857e-09,2.8581386183919976e-08,3.646753382291016e-09,1,1,,0,1.4343323615372993e-17,-0.059967585412639794,-1.4826830462257206,-1.332041065021071,0.0014977293501534244,7.606373155640705e-05,0.0001857639544267775,0.0008240396363624746,5.131220445953093e-05,0.00034376457439926045,0.11339652927180902,0.4053553715824422,0.43567058682003684,0.8497351321223131
1185,adam,1185,1186,2.0175618294080656e-07,1,3.4508238365218614e-08,2.4659348216676974e-09,2.8581367477970168e-08,3.612504647397429e-09,1,1,,0,1.790521233765883e-17,-0.05996757372105366,-1.4826830227857966,-1.3320410603375339,0.0014977293524797808,7.606370417907083e-05,0.00018576393181998118,0.0008240396877622802,5.1312195052462666e-05,0.0003437645756411161,0.11339652941102818,0.4053553626896806,0.4356705871491071,0.8497351327188211
1186,adam,1186,1187,1.9973862111139848e-07,1,3.4508230044763184e-08,2.4659329998227093e-09,2.858134893902358e-08,3.5785763957876427e-09,1,1,,0,1.7752925866868614e-17,-0.05996756213877727,-1.4826829995644735,-1.3320410556990518,0.0014977293547760173,7.60636770575296e-05,0.0001857639094247405,0.0008240397386772022,5.1312185732912576e-05,0.00034376457687148167,0.11339652954894335,0.4053553538756487,0.4356705874750696,0.8497351333097595
1187,adam,1187,1188,1.9774123490028448e-07,1,3.450822180218445e-08,2.465931194650064e-09,2.8581330563881853e-08,3.544965643404281e-09,1,1,,0,1.5475010697397684e-17,-0.05996755066481955,-1.4826829765597418,-1.3320410511051937,0.001497729357042538,7.606365018960801e-05,0.00018576388723910914,0.0008240397891119473,5.1312176500171804e-05,0.00034376457809050053,0.11339652968556546,0.4053553451396806,0.43567058779795353,0.8497351338951802
1188,adam,1188,1189,1.9576382255128165e-07,1,3.4508213636756454e-08,2.46592940605433e-09,2.858131235296762e-08,3.5116694285112675e-09,1,1,,0,1.677990148105663e-17,-0.05996753929815232,-1.4826829537695843,-1.3320410465555328,0.0014977293592802155,7.606362357281573e-05,0.0001857638652611332,0.0008240398390708259,5.131216735346391e-05,0.00034376457929825643,0.113396529820907,0.40535533648107014,0.4356705881177879,0.8497351344751346
1189,adam,1189,1190,1.938061843257688e-07,1,3.450820554775083e-08,2.465927633839995e-09,2.8581294303733353e-08,3.478684825079001e-09,1,1,,0,1.6273466888694433e-17,-0.05996752803777649,-1.4826829311920022,-1.3320410420496447,0.0014977293614885235,7.60635972048551e-05,0.00018576384348885236,0.0008240398885584339,5.131215829184802e-05,0.0003437645804948584,0.11339652995498099,0.4053553278991231,0.43567058843460144,0.8497351350496734
1190,adam,1190,1191,1.9186812248251115e-07,1,3.450819753445749e-08,2.4659258779278044e-09,2.858127641690315e-08,3.446008922727778e-09,1,1,,0,1.743328612252109e-17,-0.05996751688270101,-1.4826829088250002,-1.3320410375871112,0.0014977293636679453,7.606357108319558e-05,0.00018576382192035532,0.0008240399375790841,5.131214931457707e-05,0.0003437645816803942,0.1133965300877985,0.4053553193931864,0.4356705887484225,0.8497351356188471
1191,adam,1191,1192,1.8994944125768602e-07,1,3.450818959617377e-08,2.4659241380860955e-09,2.8581258688237066e-08,3.413638850160546e-09,1,1,,0,1.8616265556871083e-17,-0.0599675058319492,-1.482682886666653,-1.3320410331675172,0.0014977293658192743,7.606354520584127e-05,0.00018576380055375098,0.0008240399861372596,5.131214042092819e-05,0.00034376458285497846,0.11339653021937099,0.40535531096257643,0.43567058905927947,0.8497351361827054
1192,adam,1192,1193,1.8804994684510913e-07,1,3.4508181732201467e-08,2.465922414190876e-09,2.858124111698598e-08,3.381571753466226e-09,1,1,,0,1.690144583293091e-17,-0.0599674948845524,-1.4826828647150103,-1.3320410287904516,0.001497729367942759,7.606351957041743e-05,0.00018576377938716004,0.0008240400342373582,5.1312131610159944e-05,0.00034376458401873033,0.11339653034970973,0.40535530260668917,0.4356705893672,0.8497351367412982
1193,adam,1193,1194,1.8616944737665807e-07,1,3.450817394184087e-08,2.4659207061365605e-09,2.8581223703464427e-08,3.349804811253334e-09,1,1,,0,1.876217871571306e-17,-0.05996748403954182,-1.4826828429681498,-1.3320410244555065,0.001497729370038108,7.60634941745498e-05,0.0001857637584186993,0.0008240400818834614,5.131212288133662e-05,0.0003437645851717142,0.11339653047882768,0.40535529432474776,0.43567058967221184,0.8497351372946741
1194,adam,1194,1195,1.843077529028915e-07,1,3.450816622440973e-08,2.4659190137426205e-09,2.858120644484773e-08,3.318335224559173e-09,1,1,,0,1.5777745146188372e-17,-0.059967473295961804,-1.4826828214241563,-1.3320410201622788,0.0014977293721062676,7.606346901612496e-05,0.00018576373764653243,0.0008240401290800215,5.131211423382601e-05,0.0003437645863140483,0.11339653060673513,0.4053552861161961,0.4356705899743423,0.8497351378428819
1195,adam,1195,1196,1.8246467537386255e-07,1,3.450815857922748e-08,2.4659173368728423e-09,2.858118933980798e-08,3.2871602211621873e-09,1,1,,0,1.5903237956056164e-17,-0.059967462652870104,-1.4826828000811627,-1.332041015910369,0.0014977293741474092,7.606344409298777e-05,0.00018576371706882774,0.0008240401758313195,5.1312105666892065e-05,0.0003437645874458281,0.1133965307334439,0.40535527798039755,0.4356705902736187,0.8497351383859697
1196,adam,1196,1197,1.8064002862012394e-07,1,3.450815100561429e-08,2.465915675394341e-09,2.858117238777472e-08,3.25627705644337e-09,1,1,,0,1.637043332548519e-17,-0.0599674521093305,-1.4826827789372872,-1.3320410116993815,0.0014977293761620158,7.606341940269737e-05,0.00018576369668375545,0.0008240402221413314,5.13120971796308e-05,0.0003437645885671443,0.1133965308589651,0.40535526991664095,0.43567059057006774,0.849735138923985
1197,adam,1197,1198,1.788336283339227e-07,1,3.4508143502916015e-08,2.4659140291524838e-09,2.858115558633882e-08,3.2256830083057992e-09,1,1,,0,1.7128533076128073e-17,-0.05996744166441971,-1.4826827579906918,-1.3320410075289237,0.0014977293781503359,7.606339494343643e-05,0.00018576367648955492,0.0008240402680143965,5.1312088771542776e-05,0.00034376458967811464,0.11339653098330904,0.40535526192435134,0.4356705908637161,0.8497351394569751
1198,adam,1198,1199,1.7704529205058347e-07,1,3.4508136070457224e-08,2.4659123979582438e-09,2.858113893297146e-08,3.1953753843379803e-09,1,1,,0,1.4899519660744987e-17,-0.05996743131721358,-1.482682737239533,-1.3320410033986079,0.0014977293801126963,7.606337071278381e-05,0.00018576365648440823,0.0008240403134545791,5.1312080441683174e-05,0.0003437645907788134,0.11339653110648747,0.40535525400286115,0.4356705911545902,0.8497351399849868
1199,adam,1199,1200,1.7527483913007764e-07,1,3.450812870758909e-08,2.465910781824874e-09,2.8581122431155614e-08,3.165351511602813e-09,1,1,,0,1.586913846288064e-17,-0.05996742106679408,-1.4826827166819867,-1.3320409993080486,0.0014977293820489584,7.606334670863199e-05,0.00018576363666656908,0.0008240403584657788,5.131207218942883e-05,0.00034376459186933423,0.11339653122851188,0.40535524615158075,0.4356705914427161,0.8497351405080664
1200,adam,1200,1201,,1,3.4508121413660606e-08,2.4659091804726228e-09,2.8581106074946392e-08,3.135608744159884e-09,1,1,,0,1.5828470552896284e-17,-0.05996741091226816,-1.4826826963162592,-1.3320409952568661,0.0014977293839599894,7.606332292902009e-05,0.0001857636170342853,0.000824040403052303,5.131206401402766e-05,0.0003437645929497758,0.11339653134939201,0.40535523836988,0.4356705917281196,0.8497351410262598
1201,lbfgs_unbounded,0,0,,1,3.4508121413660606e-08,2.4659091804726228e-09,2.8581106074946392e-08,0.0,1,1,,0,1.5828470552896284e-17,-0.05996741091226816,-1.4826826963162592,-1.3320409952568661,0.0014977293839599894,7.606332292902009e-05,0.0001857636170342853,0.000824040403052303,5.131206401402766e-05,0.0003437645929497758,0.11339653134939201,0.40535523836988,0.4356705917281196,0.8497351410262598
1202,lbfgs_unbounded,1,3,,1,3.337250583020188e-08,7.73175106517911e-09,7.444799577163926e-08,0.0007675435308569287,1,1,,0,1.568776813235841e-17,-0.05457335997867514,-1.4734496411891176,-1.3338210742632928,0.0014840780165014211,7.73791880212e-05,0.00018268143263671293,0.0008404547089994464,5.388494797519717e-05,0.0003451120115325649,0.11342944448747806,0.39992494032750076,0.43567017725891083,0.8499562248584064
1203,lbfgs_unbounded,2,4,,1,3.187197556255575e-08,4.351115648084063e-09,4.471851735778632e-08,0.0007312531748278371,1,1,,0,1.5608027923550668e-17,-0.05311513775904035,-1.470499552499379,-1.335652077324298,0.0014423778443479849,7.103987029615857e-05,0.0001785272403936042,0.0008494318028566818,5.5895548793910434e-05,0.00034598753888357147,0.1135204817762212,0.40292680247796103,0.4357515702443607,0.8501643964481029
1204,lbfgs_unbounded,3,5,,1,3.060436176442692e-08,3.5758072944386975e-09,1.9387191644314926e-08,0.0009904124868322366,1,1,,0,1.578410403311811e-17,-0.052565647396694316,-1.4673816753642415,-1.3362938554410866,0.0011167193942318763,7.614795503902127e-05,0.0001749410236749143,0.0008603691659454968,5.7788332585466264e-05,0.000347002061489504,0.11367099813788921,0.4109389913299795,0.4358164326753986,0.8504012449485175
1205,lbfgs_unbounded,4,6,,1,2.940483672181489e-08,3.675054125995245e-09,2.1002985568357326e-08,0.001049702883741396,1,1,,0,1.6713618685665463e-17,-0.05222656382630523,-1.4638006956359628,-1.3345965570208078,0.0008597863473438275,7.8873190931538e-05,0.00017147838558201697,0.0008777330238586903,5.544130682303058e-05,0.0003480939815268787,0.11381790819746591,0.41640550385427877,0.4358325329304067,0.8505466710677425
1206,lbfgs_unbounded,5,7,,1,2.8340980808050518e-08,7.309745041397966e-09,4.473796901172994e-08,0.0017810515197515936,1,1,,0,1.7109471399921137e-17,-0.048748310291697676,-1.4541794105883437,-1.3295716758046852,0.0012837313208564063,8.430444547798653e-05,0.00016834779715829524,0.0009258849406425802,5.0044856440510244e-05,0.00034959733850610243,0.11400135984962928,0.4193891205090474,0.4358343784377895,0.8505481614218497
1207,lbfgs_unbounded,6,8,,1,2.70978511222974e-08,2.9615310601276166e-09,2.6568965702308534e-08,0.000881594688184921,1,1,,0,1.7845101729561903e-17,-0.04661751595641005,-1.4483601632349667,-1.325922618242622,0.0012059830155870543,6.888178402910583e-05,0.00016461424945094335,0.000953816548110919,4.092957250777027e-05,0.00035045114923832043,0.11402100975822274,0.421385078392071,0.43571670237699617,0.8504330526263888
1208,lbfgs_unbounded,7,9,,1,2.657377175542659e-08,2.3495348898209703e-09,1.5742513398428963e-08,0.00026317561631327124,1,1,,0,1.8569273736702477e-17,-0.0451132581209337,-1.4458943129691328,-1.324576948766622,0.0014862010115289101,6.240161671355879e-05,0.00016301463662943456,0.0009501584767506965,3.7136244075619014e-05,0.00035009626970785516,0.11395044609394372,0.4192338804999763,0.43564584719871835,0.8502608199936135
1209,lbfgs_unbounded,8,10,,1,2.583602958594267e-08,2.160297001128945e-09,1.662659821791433e-08,0.0006492398614876748,1,1,,0,1.867995538961325e-17,-0.040643533783755854,-1.438107353874264,-1.3221950781355014,0.0015921995172435569,5.7361334774493915e-05,0.00016073590011550832,0.0009413873516159095,3.801706404158437e-05,0.00034930997924390787,0.11384142283848064,0.41703921415590095,0.4355177306287738,0.8499963512046574
1210,lbfgs_unbounded,9,11,,1,2.522229435067472e-08,2.0038340399449957e-09,1.6558832300968838e-08,0.0008046193995687707,1,1,,0,1.739542925566027e-17,-0.03525707700619211,-1.4294696555916915,-1.3200931263777156,0.0017286183952174108,5.8195691092331014e-05,0.00015881528374396062,0.0009301824146526499,4.191970717216226e-05,0.00034843871262670153,0.11376402171224245,0.41516174848129184,0.4354551418391654,0.849919572291301
1211,lbfgs_unbounded,10,12,,1,2.499603584440676e-08,4.941895443343413e-09,2.7150265889322176e-08,0.0016908714790917555,1,1,,0,1.6633082597557607e-17,-0.022887035225747535,-1.4212515352578132,-1.3153374190586387,0.0020267473585607113,6.62043260124675e-05,0.00015810134675076857,0.0009119884529861403,5.26043087415523e-05,0.00034645226682608924,0.11360521412927628,0.41270326635866506,0.4352451973998464,0.8498939652320089
1212,lbfgs_unbounded,11,13,,1,2.426870789346238e-08,1.6388691604622642e-09,1.1920129174796698e-08,0.00025846230914286267,1,1,,0,1.6229951585798283e-17,-0.02313317251111901,-1.4230396071906346,-1.3154582855971568,0.0020196325215031887,5.585522827708423e-05,0.00015578417086938704,0.0009089397986668139,4.8313924536670315e-05,0.00034643554821756485,0.11362544471418916,0.41088287257543427,0.43536005834119057,0.8500167916756108
1213,lbfgs_unbounded,12,14,,1,2.403121097794621e-08,1.4967923675580273e-09,1.0243474364562564e-08,0.0002036287990482327,1,1,,0,1.7339924572500905e-17,-0.0227528526403004,-1.4226155189588805,-1.3152800669119984,0.0020080377901226317,5.212691501803006e-05,0.00015502003411800106,0.0009084474775280275,4.615204251511485e-05,0.0003463143512635379,0.11362851410226624,0.4082338040341985,0.4354081091769088,0.8501183023336114
1214,lbfgs_unbounded,13,15,,1,2.360030885522822e-08,1.5494173697180415e-09,9.932775380251028e-09,0.0006828419880031215,1,1,,0,1.731312271921676e-17,-0.019201218545544116,-1.4230188413232083,-1.3137895156813695,0.0017528284100648307,5.204700845077177e-05,0.0001536239201922286,0.0009038470968192095,4.474690077823088e-05,0.00034563739325641684,0.11357924023677768,0.4031817122085612,0.4354547493871556,0.8502510401200621
1215,lbfgs_unbounded,14,16,,1,2.326898731308286e-08,4.845215878172678e-09,4.5786107736817935e-08,0.001054132098707294,1,1,,0,1.8958642957669005e-17,-0.015112625646805692,-1.4233002415894744,-1.312895785145786,0.0016755235731231164,5.409837197168046e-05,0.00015254175596564654,0.0008948601055287394,4.308085383202723e-05,0.00034462011097616274,0.11349952267384396,0.40125438620310383,0.43550277205914123,0.8502313841667491
1216,lbfgs_unbounded,15,17,,1,2.2873281741353923e-08,1.3662953862989386e-09,7.964660654790333e-09,0.0008673146996706301,1,1,,0,1.7556638787034317e-17,-0.009612879892404728,-1.425486575517098,-1.3120290086161135,0.0015524087791013242,5.082563027930205e-05,0.00015123915412800325,0.0008911011410039239,4.367442003456213e-05,0.00034405247001557254,0.11342655078932919,0.4029237918860682,0.43548593075367426,0.8502457412581176
1217,lbfgs_unbounded,16,18,,1,2.27425605540024e-08,1.0266107129402357e-09,8.465617887988348e-09,0.00019604973864566534,1,1,,0,1.7006532938957525e-17,-0.008773630680122838,-1.4274535353590716,-1.3123921694402794,0.001652798573677879,4.793404957146854e-05,0.00015080636775017958,0.0008917485686723857,4.3172681327668186e-05,0.00034408328536076325,0.11341617090327918,0.40106375515406406,0.43544820970881426,0.8501590095865014
1218,lbfgs_unbounded,17,19,,1,2.257003172764845e-08,9.983882257676054e-10,9.307835257705193e-09,0.0003668104822038538,1,1,,0,1.6815050611992792e-17,-0.007043334985864622,-1.4306782766377255,-1.3140429611807423,0.0015597196681113442,4.666944986895098e-05,0.00015023325772826884,0.0008911338218631179,4.265661878126388e-05,0.000344357483252982,0.11342253582720396,0.3975339896271805,0.43541160668579443,0.8500783289796883
1219,lbfgs_unbounded,18,20,,1,2.247469625338916e-08,3.3480311213150986e-09,1.8079673459940987e-08,0.0007660719085171851,1,1,,0,1.6350059104337326e-17,-0.0023143312445857594,-1.436277728374788,-1.3171543523872966,0.0014370480581735743,5.1531894884530083e-05,0.00014991563045056096,0.0008900883392438554,4.155730023288351e-05,0.0003453087639833553,0.11344238214852548,0.39444826632799207,0.43530698613218843,0.8500160752712048
1220,lbfgs_unbounded,19,21,,1,2.225896013008121e-08,1.1448250652540302e-09,8.624492753401121e-09,0.00024275738993253864,1,1,,0,1.8742817636016656e-17,-0.001433180248227948,-1.4378123587165321,-1.318817375000527,0.001419561984090406,4.675043005968348e-05,0.00014919437030290792,0.0008894832482245958,4.040904332081115e-05,0.0003456544440232964,0.11348176294414883,0.3935414631267044,0.4353159250821602,0.8500261811325022
1221,lbfgs_unbounded,20,22,,1,2.216152020582869e-08,8.007613630264881e-10,4.2201381698487324e-09,0.00021394664933206388,1,1,,0,1.6478768663237135e-17,-0.00028100654804225463,-1.4384161716162658,-1.319899937205728,0.0014385340868908949,4.404040882181568e-05,0.00014886745851873972,0.0008889856165779287,3.885624696352365e-05,0.00034602220531135584,0.11351296320868957,0.39369213506670014,0.43532028480017393,0.8500854224994191
1222,lbfgs_unbounded,21,23,,1,2.2080511268949555e-08,7.637652579572515e-10,3.716690338436288e-09,0.00031560326210911395,1,1,,0,1.521097585233697e-17,0.001755312732357876,-1.4394006640190857,-1.3210955485968192,0.00146869316345861,4.276603092587159e-05,0.00014859512532027945,0.0008887138133947791,3.730691002416973e-05,0.00034650863205219437,0.11354309491062994,0.39416336458034934,0.4353048157311849,0.8501430291852144
1223,lbfgs_unbounded,22,24,,1,2.1970611498115136e-08,8.088008909943459e-10,4.503460323920204e-09,0.00042390647484885364,1,1,,0,1.6784710799210527e-17,0.004409701550813957,-1.4406003336734294,-1.322205728789221,0.0015143618666539278,4.2457065549830046e-05,0.00014822486801517192,0.0008864617548625397,3.6657574538566406e-05,0.0003466870706669218,0.11355852246430427,0.394048025045021,0.4352737854077789,0.8501579860343877
1224,lbfgs_unbounded,23,26,,1,2.1908988578187552e-08,9.45873618259174e-10,3.297463871796265e-09,0.0003073692116089196,1,1,,0,1.5293757817249685e-17,0.0063262312029297415,-1.4403178508928862,-1.3226143758970863,0.0015362309663757615,4.2530501827197196e-05,0.00014801685234522302,0.0008858110221973815,3.697356750937546e-05,0.0003466000170263224,0.11355087691746499,0.3945725398042945,0.4352657478626937,0.8501789425750966
1225,lbfgs_unbounded,24,27,,1,2.184555847575263e-08,5.316391327661774e-10,2.931649261007955e-09,0.00029688077774330576,1,1,,0,1.7362346401126595e-17,0.008035266914597213,-1.4408337724417428,-1.3229826642556957,0.001547546441434534,4.143668982634172e-05,0.00014780243054751376,0.0008823126403500745,3.774766109193112e-05,0.00034627172103694813,0.1135394333822109,0.3950191724190929,0.4352463366245702,0.850154968497481
1226,lbfgs_unbounded,25,28,,1,2.1803388826453264e-08,4.240070075784439e-10,2.808048678372329e-09,0.00019675468500456457,1,1,,0,1.7382800990125798e-17,0.009071075401569694,-1.4406114866422723,-1.3230747118349886,0.001524145537295398,4.070002489766796e-05,0.00014765970617082124,0.0008793148278142201,3.859219158676669e-05,0.0003458489485559178,0.11352396928714059,0.39499772338737943,0.43524469484438943,0.8501424015924396
1227,lbfgs_unbounded,26,29,,1,2.1775290346078556e-08,1.3260424147097076e-09,9.969924625301486e-09,0.0003085994812314559,1,1,,0,1.7498474508230153e-17,0.010700940913206093,-1.4398923365786913,-1.3233095941641064,0.0014509208780212662,4.099432319468035e-05,0.00014756452943061403,0.0008762095348529317,3.962695827438763e-05,0.0003454499924869787,0.11350383580125596,0.3950344597668497,0.4352472276892296,0.8501246119361671
1228,lbfgs_unbounded,27,30,,1,2.175157966936969e-08,7.81198236688949e-10,5.2400775342266046e-09,0.00015378967563506261,1,1,,0,1.4821975035118135e-17,0.01108167399659345,-1.4396963033514274,-1.3235426484947266,0.0014061226735161295,4.042191119951764e-05,0.00014748416752102475,0.0008734309239209452,4.0018584012639866e-05,0.0003452075671860804,0.11350199227221315,0.39558707980621255,0.43525562536663287,0.8501228153695826
1229,lbfgs_unbounded,28,31,,1,2.173869490126692e-08,3.8147725276629133e-10,1.916030647833132e-09,6.864012211042063e-05,1,1,,0,1.6714934005625915e-17,0.010872279132275979,-1.4396958148906984,-1.323572404084445,0.001414082543220647,3.9401700563213565e-05,0.00014744047918148842,0.00087494407846752,3.94130679496121e-05,0.00034540696325007343,0.11350895339645423,0.39500816515050924,0.435251844499197,0.8501315444277238
1230,lbfgs_unbounded,29,32,,1,2.1727983819712123e-08,2.9538352668179255e-10,1.562808197926736e-09,4.81881845085313e-05,1,1,,0,1.648146511378978e-17,0.01108064659911062,-1.4396153718258187,-1.3237886305732913,0.0014069165401426314,3.8953080059893744e-05,0.0001474041512974181,0.0008757933232650445,3.884421163196265e-05,0.000345597589789773,0.11351586336914068,0.39471910404588334,0.43524506557118003,0.8501387863407202
1231,lbfgs_unbounded,30,33,,1,2.171610423410272e-08,3.5451717520169813e-10,2.295826570781166e-09,9.770859806791975e-05,1,1,,0,1.4977337110178776e-17,0.011534733254517284,-1.4395113704780107,-1.3241924296129208,0.0013951045978853427,3.860617373838968e-05,0.00014736384982112376,0.0008762277400674214,3.82570226432171e-05,0.00034581660442927723,0.11352227729416195,0.3947199920298074,0.4352340722534587,0.8501417905814392
1232,lbfgs_unbounded,31,34,,1,2.1702451051553843e-08,5.544110135351016e-10,3.617663187972595e-09,0.0001930783493114436,1,1,,0,1.9599234742047476e-17,0.01229112225704866,-1.4392490402858547,-1.3249749228219627,0.00139748588127611,3.868471300376198e-05,0.00014731751780271702,0.0008753913644787558,3.797807476317419e-05,0.0003459178270111939,0.11352416591503196,0.3951783555289649,0.43522072012873336,0.8501376723938898
1233,lbfgs_unbounded,32,35,,1,2.1695840365921366e-08,6.269768538373899e-10,2.63483798950388e-09,0.00018818233026831154,1,1,,0,1.670641124110081e-17,0.012708932683558704,-1.4388090806401561,-1.3258988395405304,0.0014012469635894351,3.852394484824772e-05,0.00014729507923186492,0.0008747707141366709,3.7824395249092335e-05,0.0003460517142274563,0.1135170703987441,0.39575448272379815,0.43519708054192957,0.8501304298851071
1234,lbfgs_unbounded,33,36,,1,2.1686340039485644e-08,2.1132045795564608e-10,1.0189059854245851e-09,4.319914867154e-05,1,1,,0,1.6840552553259672e-17,0.012559013418847178,-1.4388640600393092,-1.3257685839585975,0.001413592976099984,3.7700587694811e-05,0.00014726282640057417,0.0008740091623846891,3.8155104662930635e-05,0.00034587807008099313,0.113513966318674,0.3955707811462755,0.4352085173163994,0.850129658502472
1235,lbfgs_unbounded,34,37,,1,2.1682524770383834e-08,1.9459113692254824e-10,1.215438305141459e-09,2.6634635726446647e-05,1,1,,0,1.540447586203202e-17,0.012408537211911028,-1.4387713901730335,-1.3258438876358811,0.0014260680455556412,3.7556358921971026e-05,0.0001472498718857977,0.0008733390984786754,3.846542176528959e-05,0.0003457376594567578,0.11350885474607393,0.39547184524588763,0.43521366342676143,0.8501287972892402
1236,lbfgs_unbounded,35,38,,1,2.1677555081488104e-08,2.2914486342548373e-10,1.2661332949511384e-09,5.058867661598128e-05,1,1,,0,1.6501578761475004e-17,0.012233917453289533,-1.4385276816887937,-1.3261590699946768,0.0014417875561232106,3.739219494277519e-05,0.00014723299589931634,0.0008726000074129923,3.87757392777856e-05,0.0003455903965800205,0.11350210764164229,0.39535548154863476,0.43521788693096525,0.85012995738515
1237,lbfgs_unbounded,36,39,,1,2.166952424216418e-08,2.1895264374802378e-10,1.1262051826959727e-09,0.00010137813279762357,1,1,,0,1.90822074778991e-17,0.01213611434437956,-1.4380277694508476,-1.3268565593136645,0.0014479940344866652,3.711465674819904e-05,0.00014720572082009645,0.0008718118552940495,3.8882871967933186e-05,0.0003454765973431376,0.11349740423721273,0.3952355053814677,0.43522020389737415,0.8501353487527704
1238,lbfgs_unbounded,37,41,,1,2.1666572294164538e-08,3.038891710697661e-10,1.4826893833405202e-09,6.808291711849004e-05,1,1,,0,1.8485567206443872e-17,0.012004840171889497,-1.437701953890835,-1.327371079540562,0.0014478228953510367,3.715046949659733e-05,0.00014719569387099793,0.0008717917686395468,3.8706775933950025e-05,0.0003455501922560515,0.11349801808642654,0.39532100252825414,0.4352240413115281,0.8501388308000051
1239,lbfgs_unbounded,38,42,,1,2.1661719594028116e-08,1.483327666728839e-10,6.712982793335449e-10,9.095557658156373e-05,1,1,,0,1.6673889619882323e-17,0.012076413096348104,-1.4372408039686995,-1.3279847030624734,0.0014378337078742765,3.6836371970341746e-05,0.00014717920910926283,0.0008716282542442663,3.854385256623679e-05,0.00034557548781738077,0.11349865627391974,0.395307714399226,0.43521967627768404,0.8501420164015293
1240,lbfgs_unbounded,39,43,,1,2.1659579967367025e-08,1.8175096390285312e-10,1.0405337894478777e-09,4.892158426799953e-05,1,1,,0,2.01278227452455e-17,0.012054577817400495,-1.4370027442022146,-1.3283276443748213,0.001424624666157326,3.674848667226535e-05,0.00014717194014949664,0.0008717155142585661,3.828039780028996e-05,0.00034566839078716184,0.11350330527458617,0.3953213828615989,0.43521663328164883,0.8501436038702653
1241,lbfgs_unbounded,40,44,,1,2.165755909882828e-08,2.333717642616696e-10,1.6554638778956508e-09,4.940070027860845e-05,1,1,,0,1.733180269187464e-17,0.012108938022862243,-1.436701896981443,-1.3286196369159555,0.0014105542365490916,3.6399072927107124e-05,0.00014716507431734025,0.0008721493380165725,3.804578045834241e-05,0.00034580225034676115,0.1135077593112158,0.39527719601121436,0.43521134459156174,0.8501422523149282
1242,lbfgs_unbounded,41,45,,1,2.1655869190098407e-08,1.523837676347044e-10,1.1390145162310182e-09,2.0181540985866563e-05,1,1,,0,1.7088445111494544e-17,0.012017320711193168,-1.4366180063058513,-1.3286688257067003,0.0014069425601077976,3.624248794148754e-05,0.00014715933266394764,0.0008721419764038204,3.8029471787106464e-05,0.0003458334799994687,0.11350926377191409,0.39525072752790397,0.43521122896534603,0.8501402432819154
1243,lbfgs_unbounded,42,46,,1,2.165339321813039e-08,1.0825974127293484e-10,6.509431101149014e-10,4.925827515225617e-05,1,1,,0,1.6975358436242683e-17,0.011773708675032244,-1.4363088333875362,-1.3288301594634773,0.001404556299593569,3.615102986805795e-05,0.00014715091986844796,0.000871934451577151,3.817756746459891e-05,0.0003458282264819557,0.11350910772689687,0.395153789491775,0.4352122455513747,0.8501351329607902
1244,lbfgs_unbounded,43,47,,1,2.1651943349778066e-08,1.103243714072061e-10,7.583277772306107e-10,3.4835519345883235e-05,1,1,,0,1.7451849248612726e-17,0.01163276244896207,-1.435991511613748,-1.3290076478453277,0.0014037492688372545,3.6121883709556346e-05,0.00014714599331880587,0.0008717620726624769,3.8281049581311795e-05,0.0003457935532432855,0.11350775092833199,0.39509091186142337,0.4352128950217024,0.8501333420628173
1245,lbfgs_unbounded,44,48,,1,2.1649770588459492e-08,3.3170360578786744e-10,1.5374580955676817e-09,0.00011187825083978323,1,1,,0,1.508932181573136e-17,0.011214957611145339,-1.434852064587241,-1.3295512688214899,0.0014058703722607444,3.648870635062099e-05,0.00014713861012140725,0.0008716949294261442,3.8343582422129685e-05,0.00034573079638421003,0.113507620632366,0.3950372121059901,0.4352159848001372,0.8501345016477578
1246,lbfgs_unbounded,45,49,,1,2.1647439914553182e-08,1.254413943826055e-10,6.329401815887723e-10,5.612155633906663e-05,1,1,,0,1.8431715408369817e-17,0.011012561644119019,-1.4342437338917136,-1.3297382372975635,0.0014067568279847384,3.6041196894183476e-05,0.00014713068991394413,0.0008716043405758868,3.847027929849352e-05,0.0003456795949754008,0.11350403048171638,0.3950051177084224,0.4352142358819124,0.8501343923407211
1247,lbfgs_unbounded,46,50,,1,2.164648467669084e-08,8.551530776771905e-11,4.255916610866274e-10,1.6139005702460726e-05,1,1,,0,1.6889078899600717e-17,0.011059765129778897,-1.4342514003533475,-1.3297272528304376,0.0014088098502700126,3.58627808226729e-05,0.0001471274436558008,0.0008715771324473648,3.8384459775182855e-05,0.00034568649982424216,0.1135048851855599,0.39502714290543034,0.4352146140274822,0.8501371152098373
1248,lbfgs_unbounded,47,51,,1,2.1645124312395147e-08,8.38685146707046e-11,6.088578455049939e-10,3.301343468089801e-05,1,1,,0,1.6682996962969408e-17,0.011018235997961,-1.4339368220891167,-1.3297649159391882,0.001412734922791947,3.5760787963423246e-05,0.00014712282050176697,0.0008716318148355094,3.824682724443001e-05,0.00034571939497072743,0.11350664284566284,0.395078898540001,0.43521434534633,0.8501408142163962
1249,lbfgs_unbounded,48,52,,1,2.1644194364350915e-08,1.7616101413934206e-10,6.930326036750862e-10,8.501081202901447e-05,1,1,,0,1.7908282271820765e-17,0.010715093327669392,-1.4329956691703853,-1.330173328269414,0.001414231391615487,3.619618129594323e-05,0.00014711966001983186,0.0008709704273131141,3.824153225001239e-05,0.0003457166504856479,0.11350813197576182,0.39508394587724394,0.43521599040412473,0.8501416097234266
1250,lbfgs_unbounded,49,53,,1,2.1643072252970546e-08,8.750624292167831e-11,3.789836579480501e-10,2.0030676043014788e-05,1,1,,0,1.705036346124315e-17,0.010670836551671007,-1.4327540002415975,-1.3301982936083314,0.0014144356284715607,3.598637250356961e-05,0.0001471158463693512,0.0008711305010404242,3.82034549835618e-05,0.00034574714155577576,0.11350826625088394,0.3950868247337877,0.43521434173751655,0.8501407210381566
1251,lbfgs_unbounded,50,54,,1,2.164209842551661e-08,7.004949583181733e-11,3.3412968395396157e-10,3.622987860982037e-05,1,1,,0,1.7031585766526343e-17,0.010536995427903437,-1.4323010759401238,-1.3303261767520858,0.0014133445984425975,3.58743713029661e-05,0.00014711253660214214,0.0008711099583995882,3.823913896155465e-05,0.00034576165040605533,0.11350769775080737,0.395037131286478,0.4352128305992485,0.8501374876011587
1252,lbfgs_unbounded,51,55,,1,2.164132834489896e-08,8.210122934555646e-11,3.0914335077200794e-10,3.680937909872785e-05,1,1,,0,1.78503819512594e-17,0.010398840189977587,-1.431850769072972,-1.33049012946432,0.0014111261531156258,3.585957860270461e-05,0.00014710991926073156,0.000871023613472058,3.8273160747940625e-05,0.00034576144005534566,0.11350727503574487,0.3949674320485043,0.43521186001469614,0.8501347196919864
1253,lbfgs_unbounded,52,57,,1,2.164074215007406e-08,1.9486434328723536e-10,1.2146918592367516e-09,3.674821368761882e-05,1,1,,0,1.613682214314217e-17,0.010233667194459084,-1.4314648725479118,-1.330661827769078,0.0014077155148375807,3.595077200792526e-05,0.00014710792687708593,0.0008708444056088838,3.8266627792441976e-05,0.0003457493438778134,0.11350736350549454,0.3949264302534865,0.435213519047061,0.850134078004203
1254,lbfgs_unbounded,53,58,,1,2.1639747051013316e-08,9.791548275258515e-11,4.631210282313084e-10,5.423848631748385e-05,1,1,,0,1.8057923760419295e-17,0.010045574325936245,-1.430824850627357,-1.3309314620699357,0.0014039251234832086,3.589867795534546e-05,0.0001471045446307262,0.0008707689992283303,3.829304075457849e-05,0.0003457374691584107,0.11350690150214247,0.39480133291373587,0.4352131616825867,0.8501322087903519
1255,lbfgs_unbounded,54,59,,1,2.16391681647296e-08,6.574063525086353e-11,3.010544745944144e-10,2.2582762917774834e-05,1,1,,0,1.681041497575579e-17,0.009964666849209035,-1.430634133629881,-1.3310380630325842,0.0014019283082849193,3.580979063593871e-05,0.00014710257701593674,0.0008707492574878774,3.827420858824504e-05,0.00034572885022753134,0.11350731922186455,0.39473482722003367,0.4352133728180599,0.8501330557598753
1256,lbfgs_unbounded,55,60,,1,2.1638448727495395e-08,7.870624697628627e-11,3.2935329462331374e-10,3.0198155464286346e-05,1,1,,0,1.681549490688493e-17,0.009849495891946707,-1.4304734559978944,-1.3311357604024578,0.0013996131998341777,3.569403058202822e-05,0.00014710013163656718,0.0008708522166093236,3.821547253859147e-05,0.00034573677415771284,0.11350844248670307,0.394658860740089,0.4352150216032388,0.8501358521230096
1257,lbfgs_unbounded,56,61,,1,2.163783446346668e-08,9.210890224330151e-11,4.344628727953247e-10,3.4908303002195646e-05,1,1,,0,1.835300009508016e-17,0.009653061753341541,-1.4302451515326777,-1.331254192574289,0.0013981822237098625,3.5653075072916016e-05,0.00014709804371053573,0.0008709784032903396,3.814997680094971e-05,0.00034575842551014236,0.11351049145194764,0.39460280651041574,0.4352152566097076,0.8501383760459167
1258,lbfgs_unbounded,57,62,,1,2.1637356876959612e-08,6.808648945695353e-11,3.6862960961513925e-10,2.8284277480600863e-05,1,1,,0,1.865489007817095e-17,0.009495500911928476,-1.4300225813690233,-1.3313446723676048,0.0013968806968179723,3.554404653699582e-05,0.0001470964203403999,0.0008711680819278076,3.808538832696235e-05,0.00034579433342962865,0.11351148306727613,0.3946012917215082,0.43521608251741195,0.8501402703661095
1259,lbfgs_unbounded,58,63,,1,2.1637037764403244e-08,6.705292394392767e-11,2.4932445248245845e-10,2.4813925114314016e-05,1,1,,0,1.6102840647940706e-17,0.009338917205089243,-1.4298115616645655,-1.331412286523398,0.0013973987005171263,3.552025325144189e-05,0.00014709533563102278,0.00087134265035005,3.80428635186885e-05,0.00034582560094327834,0.11351262197357256,0.39463006000730577,0.4352175131498108,0.8501406559360869
1260,lbfgs_unbounded,59,64,,1,2.163678435252447e-08,4.79311113463211e-11,1.8439486956848066e-10,1.062902649421835e-05,1,1,,0,1.7581854468412212e-17,0.009282382140747017,-1.4297261504377885,-1.3314436974320043,0.0013970761054586662,3.543097990828306e-05,0.00014709447424197985,0.0008713968917134343,3.805093442276975e-05,0.00034582889849662076,0.1135122286259792,0.39464678975214323,0.4352167133396357,0.8501396797453977
1261,lbfgs_unbounded,60,65,,1,2.1636556914876972e-08,4.921724041422217e-11,2.3170175590795231e-10,1.3145369566594436e-05,1,1,,0,1.7626165874745162e-17,0.009216885399315141,-1.4296161453694118,-1.3314887973312577,0.0013966631508535653,3.538654016688548e-05,0.0001470937011393655,0.0008714034618440311,3.806914327490553e-05,0.0003458223068387143,0.11351167448450879,0.3946583268962566,0.43521647202789376,0.8501382317172155
1262,lbfgs_unbounded,61,66,,1,2.163621323779734e-08,4.410121149041773e-11,1.9463286322767118e-10,2.3468785156166465e-05,1,1,,0,1.7470972624990164e-17,0.009113556422339436,-1.4294372544790204,-1.3315501782874721,0.0013959805846806904,3.532619351473315e-05,0.00014709253290972094,0.0008714429553675597,3.806951020720957e-05,0.0003458123082203143,0.11351111700498186,0.39466150951137796,0.435216703586991,0.8501372626530701
1263,lbfgs_unbounded,62,67,,1,2.163613850663119e-08,1.254265630743472e-10,7.339933017423377e-10,4.195226944197618e-05,1,1,,0,1.402551485368477e-17,0.008901777992183044,-1.4291399819855863,-1.331622563703665,0.001395628648853886,3.5476713667520205e-05,0.0001470922788817659,0.0008712928705474093,3.809644477873558e-05,0.00034580195100115805,0.11351088869274625,0.3947369186017157,0.43521873960087587,0.8501365514210911
1264,lbfgs_unbounded,63,68,,1,2.1635751449849305e-08,4.039397319195354e-11,1.7231228449153078e-10,9.148963494953158e-06,1,1,,0,1.5241206144016307e-17,0.008921088275125645,-1.4290872858285295,-1.33163016553555,0.001395337545197687,3.528704542747682e-05,0.00014709096318213879,0.0008714688045007503,3.8065242746380555e-05,0.0003458030964648832,0.11351062707269564,0.3946909736030758,0.4352177510388198,0.8501371739655667
1265,lbfgs_unbounded,64,69,,1,2.163565225327006e-08,2.6161970711743302e-11,1.0836750331340133e-10,4.614118001010635e-06,1,1,,0,1.614301081598155e-17,0.00892982488463416,-1.4290802211159725,-1.3316231513109789,0.0013951436974975486,3.524010703618883e-05,0.0001470906259870766,0.0008714761800652879,3.805284972068121e-05,0.0003458042847183368,0.11351071541342075,0.3946827375786803,0.43521789303963204,0.8501379145444657
1266,lbfgs_unbounded,65,70,,1,2.1635519891234734e-08,4.8061387510373274e-11,2.758420021397868e-10,1.6519390330321425e-05,1,1,,0,1.6073492839846573e-17,0.0089051886630271,-1.428973177091309,-1.3316151737418966,0.0013951192000942868,3.519865350973233e-05,0.00014709017605276953,0.0008715272565233585,3.804560700004713e-05,0.00034581076720730886,0.1135106995101944,0.3946836305080006,0.4352178522538029,0.8501392071176084
1267,lbfgs_unbounded,66,71,,1,2.1635406583905036e-08,4.9396288090762155e-11,2.889170765129153e-10,1.5473541941988636e-05,1,1,,0,1.6951141734055505e-17,0.008864072567818468,-1.4288870832799574,-1.331606108146688,0.001394604901255465,3.521432802831346e-05,0.0001470897908894599,0.0008714768621325695,3.806021881781114e-05,0.00034580701517743825,0.11351037093031272,0.3947185421145367,0.4352183042796368,0.8501394039045064
1268,lbfgs_unbounded,67,72,,1,2.1635325814060538e-08,3.398841570921085e-11,1.639183652229099e-10,6.8089049713097935e-06,1,1,,0,1.5798014864141095e-17,0.008840937920994224,-1.428837768518458,-1.331603574022782,0.0013944675066961244,3.5180211045975636e-05,0.00014708951632954858,0.0008714839414585721,3.807370562592047e-05,0.0003458078639252346,0.11351016281569172,0.3947322941624471,0.43521832111113223,0.8501392664620298
1269,lbfgs_unbounded,68,73,,1,2.163520902905907e-08,2.356920870018807e-11,1.1536291521622931e-10,1.2955474839629299e-05,1,1,,0,1.5392673216262216e-17,0.00879611157479378,-1.4287545491736047,-1.3315924320211363,0.001393958891767631,3.51212018309773e-05,0.00014708911934286324,0.0008715102327025202,3.809878839180174e-05,0.0003458050166425932,0.11350985521971547,0.39475412618880124,0.4352184101871049,0.850138931441808
1270,lbfgs_unbounded,69,74,,1,2.1635137566721702e-08,4.253727810617303e-11,2.4404163727414735e-10,1.052308981501111e-05,1,1,,0,1.870709394528476e-17,0.008775369609298965,-1.4287023121302111,-1.3315746215589814,0.0013926192751283538,3.508441108374998e-05,0.00014708887642076032,0.0008715683760979633,3.810300993948883e-05,0.0003458028935596075,0.11350946736157429,0.3947606528430545,0.4352189265294787,0.8501388333717925
1271,lbfgs_unbounded,70,75,,1,2.1635061801206454e-08,2.8903328094773036e-11,1.7370556792723048e-10,9.004904667960594e-06,1,1,,0,1.6200789042514283e-17,0.008750233193203496,-1.4286638106443397,-1.3315616243313917,0.001391772011457237,3.5045550174877465e-05,0.00014708861887041585,0.0008716071045773624,3.8099754329317416e-05,0.00034579829704308455,0.11350953244867505,0.3947612206757875,0.4352193790871476,0.8501388586981512
1272,lbfgs_unbounded,71,76,,1,2.163499025290282e-08,2.5718343279499747e-11,1.2901287100603261e-10,1.2044495360246107e-05,1,1,,0,1.631105028154921e-17,0.008718722609843682,-1.4286135343177722,-1.3315512189660392,0.0013902827051663425,3.500464776521276e-05,0.0001470883756552598,0.0008716894378891852,3.8079223149570076e-05,0.0003457959819187094,0.11350968047949223,0.39475094364579455,0.435219376033604,0.8501389393864174
1273,lbfgs_unbounded,72,77,,1,2.1634944961928788e-08,3.4971219851993914e-11,1.5726914250275978e-10,9.921803687775404e-06,1,1,,0,1.9372434879501118e-17,0.008696488466383172,-1.4285757237384464,-1.331545683296826,0.0013898116649981656,3.500191807269469e-05,0.00014708822169680612,0.0008717200623104522,3.805551473415708e-05,0.00034580010673367756,0.11351016773084686,0.3947448314649252,0.435220094510309,0.8501390500445166
1274,lbfgs_unbounded,73,78,,1,2.163490880403805e-08,2.089894828238571e-11,1.052420268784775e-10,2.7922929558137893e-06,1,1,,0,1.8149546355145728e-17,0.008694899278949134,-1.4285627036907165,-1.33154756154632,0.0013898165420260255,3.4970794952719285e-05,0.00014708809878449734,0.0008717368638145156,3.804761918218085e-05,0.00034580523218837576,0.11351028234998391,0.3947415435617688,0.43521974514408357,0.8501390762044362
1275,lbfgs_unbounded,74,79,,1,2.1634866351469487e-08,1.6536349765513507e-11,7.139320730609213e-11,6.97280859753838e-06,1,1,,0,1.520733365085282e-17,0.008692819462075596,-1.4285274641614474,-1.3315499726735347,0.001390068702357183,3.494304776876888e-05,0.0001470879544744215,0.0008717600298778097,3.8036176869250446e-05,0.0003458154241448608,0.11351053070789903,0.394736398404279,0.43521916625476637,0.8501390930363798
1276,lbfgs_unbounded,75,80,,1,2.163483708035269e-08,1.7880450615340532e-11,7.557219302736866e-11,5.651109441557537e-06,1,1,,0,1.7776593419639082e-17,0.00869567403441152,-1.4285002140314915,-1.3315500707948675,0.001390276830462786,3.4928201481707656e-05,0.00014708785497230114,0.0008717660246658771,3.8032989109757516e-05,0.0003458186898522126,0.11351065028769362,0.3947300418167616,0.4352188928210898,0.8501391155162658
1277,lbfgs_unbounded,76,81,,1,2.163476118840833e-08,1.7401293940928832e-11,7.27247440662664e-11,1.6853778206125387e-05,1,1,,0,1.713791028545285e-17,0.00871197076467551,-1.4284245268150675,-1.3315511567152545,0.0013904856599607203,3.491069041138084e-05,0.00014708759699039322,0.0008717478358680095,3.803878282592296e-05,0.0003458177256365531,0.11351088758971649,0.394703227796709,0.4352184817010093,0.8501392578313758
1278,lbfgs_unbounded,77,83,,1,2.163474043185728e-08,2.3522647632117394e-11,1.186521376196232e-10,8.153238421902028e-06,1,1,,0,1.6377144636371232e-17,0.008726962858519472,-1.4283810243354058,-1.331548189651623,0.0013899798755652143,3.488432793947347e-05,0.00014708752643190817,0.00087178091250666,3.8039177055965e-05,0.0003458199550851894,0.11351086371866716,0.39469487211023,0.4352184096305926,0.8501392159534952
1279,lbfgs_unbounded,78,84,,1,2.1634705586384773e-08,1.3308205620152989e-11,6.13265564640451e-11,8.22180980920288e-06,1,1,,0,1.7539725611450504e-17,0.008738484058538143,-1.428349383117583,-1.3315476999995137,0.0013894667377080039,3.488433081843719e-05,0.00014708740798037326,0.0008717385635563604,3.8050802656075336e-05,0.0003458142183247919,0.11351095738307598,0.39468258571282877,0.43521862613418427,0.8501392956275515
1280,lbfgs_unbounded,79,85,,1,2.1634682348988185e-08,3.0330447513389763e-11,2.1233368207902842e-10,8.02371245938862e-06,1,1,,0,1.6566449009988502e-17,0.008757498434218863,-1.4283160476062884,-1.3315437504051024,0.0013884091715790211,3.487948332431324e-05,0.00014708732898855762,0.0008717320090494534,3.805893036108784e-05,0.0003458092410976822,0.1135110851437282,0.39466991533162316,0.4352187557982337,0.8501393778829143
1281,lbfgs_unbounded,80,86,,1,2.163465826357373e-08,2.1482219497955954e-11,1.1560539340624127e-10,5.347485549578554e-06,1,1,,0,1.7291839528738518e-17,0.008767440608192808,-1.428305360675578,-1.331543862332083,0.0013873014042410422,3.490380975367579e-05,0.00014708724711399602,0.0008716793451209872,3.806507765804021e-05,0.00034580587855790067,0.11351124212807592,0.39467551218994273,0.43521917030350044,0.8501394099415033
1282,lbfgs_unbounded,81,87,,1,2.1634641674879248e-08,1.592991413712393e-11,9.303769708290488e-11,2.2241828034966804e-06,1,1,,0,1.888505070380589e-17,0.008771986383835872,-1.4282985289356425,-1.3315411567197284,0.0013865565610091941,3.488517333315535e-05,0.00014708719072332319,0.0008716892379921606,3.805976878101044e-05,0.0003458082348278954,0.11351128537751595,0.39468081820175227,0.43521925303869075,0.8501394010135451
1283,lbfgs_unbounded,82,88,,1,2.1634614909634867e-08,1.2082237634173436e-11,4.959678248992039e-11,6.420622627974788e-06,1,1,,0,1.6114043270710868e-17,0.008790103200023746,-1.428269139840247,-1.3315325912883267,0.0013851920505376176,3.486497569457824e-05,0.00014708709973901472,0.0008717066864487689,3.80412742360915e-05,0.0003458163764110435,0.11351149570323636,0.3946938810844671,0.435219107467043,0.8501394416997201
1284,lbfgs_unbounded,83,89,,1,2.1634598587505032e-08,2.178754835027159e-11,9.793501853284435e-11,7.497900553647153e-06,1,1,,0,1.596067163174087e-17,0.008819007846656431,-1.4282317078908722,-1.3315219673140344,0.001384320057492948,3.4870566479530144e-05,0.0001470870442544313,0.0008716983534378505,3.8029045627563446e-05,0.00034582190007191317,0.11351152854229292,0.3947037017705554,0.43521898851778584,0.8501394825784951
1285,lbfgs_unbounded,84,90,,1,2.163458094090008e-08,1.516566549733438e-11,7.279010864541685e-11,4.376374123736366e-06,1,1,,0,1.862431438580875e-17,0.008835838396682987,-1.4282100404383973,-1.3315157627733105,0.001384237478687518,3.486022434813123e-05,0.00014708698426747378,0.0008716814536940313,3.802036477208969e-05,0.0003458247741101561,0.11351162655544633,0.39470937081462587,0.43521873495849556,0.8501395147658686
1286,lbfgs_unbounded,85,91,,1,2.1634554073199603e-08,1.5693805713684575e-11,5.941791901855382e-11,1.1306956113278614e-05,1,1,,0,1.6850279465424985e-17,0.008890315127124614,-1.4281551659330047,-1.3315003822042333,0.0013845850198678632,3.4854669244675976e-05,0.00014708689293475337,0.0008716021039261144,3.801950707613564e-05,0.00034582297364790646,0.1135114171774195,0.39471205468950094,0.4352178508746077,0.85013947237183
1287,lbfgs_unbounded,86,93,,1,2.163454509015822e-08,1.2081710520400113e-11,5.728234221407437e-11,2.9532721918440452e-06,1,1,,0,1.6420934151173332e-17,0.008904849084881192,-1.4281503955641255,-1.3314944122137229,0.0013848993452923132,3.485242660660568e-05,0.00014708686239823808,0.0008715637023557887,3.8020619294387146e-05,0.00034582108500998414,0.11351129690483079,0.394720735015326,0.43521794540943776,0.8501393639031795
1288,lbfgs_unbounded,87,94,,1,2.163453871005253e-08,1.020727287770823e-11,5.3036545314185124e-11,1.1728706068659192e-06,1,1,,0,1.7604303706002812e-17,0.008913070606839312,-1.428148335724074,-1.3314924532792365,0.0013851193373463115,3.484664054349677e-05,0.0001470868407100123,0.0008715393477320018,3.803023447103265e-05,0.0003458167140371693,0.11351108541035464,0.3947196208603194,0.4352178838126619,0.8501392666772771
1289,lbfgs_unbounded,88,95,,1,2.1634521494067126e-08,8.140719183601531e-12,4.2565881038964196e-11,4.724033272835068e-06,1,1,,0,1.7878183884748355e-17,0.008943176323398706,-1.428141895982836,-1.3314807282440146,0.0013855177240311776,3.48306519970131e-05,0.00014708678218679994,0.0008714639549607528,3.806181723752674e-05,0.000345803660928761,0.11351038148115278,0.3947274874021022,0.4352178331567322,0.8501388952684329
1290,lbfgs_unbounded,89,96,,1,2.163451699722771e-08,2.113870919534364e-11,7.518991478984376e-11,6.326833918344944e-06,1,1,,0,1.7513964690123882e-17,0.008982270130227621,-1.4281304644470025,-1.3314611010844979,0.001385472489449268,3.482525192656426e-05,0.00014708676690045134,0.0008714309878012056,3.8080360858647266e-05,0.00034579540410042254,0.11350992143140319,0.39474477848235756,0.4352175087983051,0.8501386719864295
1291,lbfgs_unbounded,90,97,,1,2.1634505137312897e-08,8.671166009603073e-12,4.2588193142950965e-11,1.1603658642577057e-06,1,1,,0,1.4506207443906445e-17,0.008985326484399234,-1.4281325579060795,-1.3314579725033515,0.0013853722579109462,3.480952171746374e-05,0.0001470867265843961,0.0008714170254737745,3.808318751316498e-05,0.0003457953216220017,0.1135098927868205,0.3947506578553272,0.43521773233600236,0.8501386645117582
1292,lbfgs_unbounded,91,98,,1,2.1634498408995742e-08,6.431565899564597e-12,3.516368983242348e-11,1.997202574181705e-06,1,1,,0,1.6715297465243713e-17,0.008992995430886781,-1.4281332790128614,-1.3314509469098164,0.0013851022540543533,3.480227858005331e-05,0.00014708670371245573,0.0008714174738207473,3.8079588953690436e-05,0.0003457978138704946,0.11350999375011685,0.39476140396795417,0.43521787328503836,0.8501387494473637
1293,lbfgs_unbounded,92,99,,1,2.1634491870026892e-08,1.194651521794024e-11,7.843839733656857e-11,3.715961802173482e-06,1,1,,0,1.7249343429027367e-17,0.009012657065411434,-1.4281350518430076,-1.3314374578140196,0.0013848452900828035,3.479190472710528e-05,0.00014708668148417413,0.0008714314506112546,3.807419452723456e-05,0.00034580174380432745,0.11351015041466038,0.3947739417274499,0.4352179182230289,0.8501389380377516
1294,lbfgs_unbounded,93,100,,1,2.163448808726156e-08,1.3376469254837262e-11,1.0387699029527225e-10,5.292088812954927e-06,1,1,,0,1.7432910923385766e-17,0.00903423417596712,-1.428137743694767,-1.3314218050740154,0.0013842991403270344,3.480814428581929e-05,0.00014708666862520736,0.0008714268470078622,3.806534594396031e-05,0.0003458064042484198,0.1135104387210264,0.3947924596560434,0.43521807713244176,0.8501392070266759
1295,lbfgs_unbounded,94,101,,1,2.163448412143931e-08,6.111893284678588e-12,3.292361103677388e-11,5.202605501185504e-07,1,1,,0,1.7918461494416503e-17,0.00903729160637789,-1.4281375098213616,-1.3314222680239896,0.0013844255119067673,3.479354097823592e-05,0.00014708665514396373,0.000871434576028924,3.8065645378155034e-05,0.0003458062456047892,0.11351042374295092,0.3947860052532345,0.4352179534371517,0.8501392196999844
1296,lbfgs_unbounded,95,102,,1,2.1634480981584486e-08,6.255286875888305e-12,3.490628390089434e-11,1.186638109364464e-06,1,1,,0,1.6468545962397815e-17,0.009043773367546065,-1.4281406133437042,-1.3314212178296663,0.001384518265707248,3.4785007276106854e-05,0.00014708664447047695,0.0008714404077463428,3.8065765299082185e-05,0.00034580625659631515,0.11351044642979102,0.3947783545932965,0.43521785001033997,0.850139272614235
