activation_neighbor_jump_rms,activation_rms,adjoint/absolute_residual,adjoint/best_solver,adjoint/relative_residual,adjoint/result,adjoint/success,elapsed_s,error_mae,error_max,error_rms,evaluation_success,forward/grad_norm,forward/result,forward/steps,forward/success,grad_norm,learning_rate,loss,min_det_ainv,min_det_f,min_det_g,step,top_curvature_rms,top_highpass_rms,top_laplacian_rms,top_slope_rms
0.0,0.0,1.0232872091373012e-06,0,0.00046067118417088824,success,True,0.4048371560056694,0.04624,0.1,0.05442176,True,0.0,primary_success,1,True,3.810706315196489e-05,0.02,0.0029617279614976002,1.0,0.9999999999999998,0.9999999999999998,0,0.0,0.0,0.0,0.0
0.009493855529721656,0.015091581186255981,1.0681245546677674e-06,0,0.0004922290116341314,success,True,0.3430704270140268,0.04540008113102281,0.09770073545584151,0.053164382778826284,True,2.679795286665252e-07,primary_success,127,True,3.674839958696391e-05,0.0198,0.0028264515962535606,0.9415917906847203,0.9651610567677087,0.9482287084042935,1,0.4317759486224711,9.540433060870436e-05,0.4270324836553926,0.013678852328718256
0.017234086228911264,0.029839801988068366,1.0573135388644274e-06,0,0.0004990562874423688,success,True,0.3515853929857258,0.04449390645413809,0.09544109474417115,0.05190633272037454,True,2.810042636790739e-07,primary_success,124,True,3.6356611909625254e-05,0.019602,0.0026942673764782247,0.8851553121146563,0.9275914931483242,0.8921976787825079,2,0.8769623543949202,0.0001922380496384426,0.8674677622898803,0.026522436532572982
0.023497288469945036,0.04433452759281574,1.0270967179051192e-06,0,0.0004971549375163334,success,True,0.3650296810083091,0.043502114383839524,0.09314221493815672,0.050615749115131115,True,2.727115836977826e-07,primary_success,132,True,3.682676512247689e-05,0.01940598,0.0025619540584858966,0.8303301661065609,0.816807479853307,0.816807479853307,3,1.5748740225302769,0.0003564514596865691,1.547882718496438,0.04174135439837736
0.028635152416004703,0.058639817491414,9.999573560291185e-07,0,0.0004969285632115549,success,True,0.7993678679922596,0.042412415257926446,0.09085988507605165,0.04930075877381915,True,2.779236281985519e-07,primary_success,407,True,3.811458814303257e-05,0.0192119202,0.0024305648156743064,0.777249276450374,0.5604591928967414,0.5604591928967414,4,2.7068453471712566,0.0006674515083722884,2.66373715052114,0.06480914148646884
0.0327867192319447,0.07275589572309124,9.72024322932345e-07,0,0.0004972625842490333,success,True,0.47855133400298655,0.04120901315491126,0.08852869652678104,0.047891389109452676,True,2.6752832676381225e-07,primary_success,203,True,3.964251591622969e-05,0.019019800998,0.0022935851508330027,0.7259848884263592,0.496322314810427,0.496322314810427,5,3.650072997361482,0.000915160965074377,3.5189427411718777,0.0820201113649393
0.036395131011026476,0.0868108643096812,9.418316565982844e-07,0,0.000497279314358625,success,True,0.7123534859856591,0.03986776089228726,0.08612639254986532,0.04640224300586323,True,2.7141835094725873e-07,primary_success,353,True,4.102966262401322e-05,0.01882960298802,0.0021531681559751833,0.6768727406388433,0.49766448809657254,0.49766448809657254,6,4.612070689424236,0.0011478254983838506,4.4803059932506635,0.10161555244485129
0.039652030822923956,0.10081539467924976,9.090769669227357e-07,0,0.0004972702858091694,success,True,0.3935167539748363,0.03836526347352576,0.08352595256567069,0.04478929532932959,True,2.5193080605833115e-07,primary_success,147,True,4.395543928822752e-05,0.0186413069581398,0.0020060809760979056,0.6266219007189654,0.4537084933501578,0.4537084933501578,7,5.199216168532939,0.0013387857415526252,5.061570590350329,0.1157690506632029
0.04266168468485394,0.11470865090954975,8.624931785196955e-07,0,0.0004909138904056074,success,True,0.453481628006557,0.036705752628680935,0.08094948015422768,0.04304437761228027,True,2.4653176513953917e-07,primary_success,179,True,4.801832255620908e-05,0.0184548938885584,0.0018528184440285752,0.5770198609612449,0.4199333276583145,0.4199333276583145,8,5.731865415411364,0.0014885985932432647,5.589929324732376,0.1275719639969919
0.045594051167340596,0.12840132352090647,8.16064970421658e-07,0,0.0004859212370247785,success,True,0.4549200950132217,0.0348976151455475,0.07814906921259007,0.041145745960288395,True,2.4384720175744933e-07,primary_success,179,True,4.952955252000127e-05,0.018270344949672817,0.0016929724106285891,0.5279313087234342,0.4154291219597064,0.4154291219597064,9,5.986056713524597,0.0014828616454047121,5.839963025607672,0.1335655431862592
0.04857685710486952,0.14202785120476571,7.830193883186996e-07,0,0.0004891221465769816,success,True,0.5789408499840647,0.03299184719676209,0.0763001500251415,0.03922123573439303,True,2.311139686975986e-07,primary_success,254,True,5.34319098213097e-05,0.01808764150017609,0.0015383053325328292,0.4792728630191149,0.46646384582580086,0.39787375626770455,10,6.836328840012533,0.0015121527107060874,6.671566930439579,0.15318124307787154
0.05159093305266476,0.1555988406631395,7.346855157270964e-07,0,0.0004864054144142642,success,True,0.45277929498115554,0.030814784718524803,0.07367329225834686,0.03700574582828082,True,2.2302738060715955e-07,primary_success,175,True,5.2590781051234807e-05,0.017906765085174327,0.001369425224307323,0.4309469583705772,0.4736774018975692,0.359986497080466,11,6.978582395109515,0.0015420113334303417,6.8291672448871825,0.16223531649311534
0.05470857938948616,0.16916360710208625,6.880162227630372e-07,0,0.00048730841854561537,success,True,0.5230423890170641,0.028431615627956437,0.0701464938616458,0.03459081931726681,True,2.1301846345219155e-07,primary_success,217,True,5.3541277185202553e-05,0.017727697434322585,0.0011965247810397988,0.3828694469860336,0.48731636464700323,0.37069573182491133,12,7.240790206769624,0.001580844862257297,7.009945204836223,0.17177519591172113
0.05795728171940918,0.18267850692396556,6.525878826999406e-07,0,0.0004937303130881193,success,True,0.9832658290106338,0.02638988719156519,0.06674134855387875,0.03238286712870917,True,2.068548318280703e-07,primary_success,502,True,7.161777604598784e-05,0.01755042045997936,0.0010486500834756328,0.334968655525151,0.41526973875549095,0.34561146704503115,13,8.514507176908367,0.0020393321031164785,8.338080255193656,0.20722952310482604
0.06135597093371723,0.19566774173048043,5.862690282727411e-07,0,0.00048451854988852943,success,True,0.7688475630129687,0.02392227465055525,0.06242367215220593,0.02964508004076771,True,1.8946979065281258e-07,primary_success,379,True,6.111804737327386e-05,0.017374916255379565,0.0008788307706235238,0.28721748563824856,0.3128852505055088,0.3056809207648106,14,8.383017139793532,0.0020607950558414008,8.216416403401686,0.2195547316436266
0.06496735714520425,0.20824908312881624,5.395538083688213e-07,0,0.000494338303182305,success,True,0.49839238400454633,0.02131451874100128,0.058907042365279993,0.02674093474031511,True,1.659575870964609e-07,primary_success,200,True,6.11128972173227e-05,0.01720116709282577,0.0007150775907857915,0.23959721302232317,0.24291665062797954,0.24291665062797954,15,8.484234009135431,0.0021075699323267316,8.314070298869902,0.23629073839124506
0.06885710850187138,0.220300546437513,4.795994468918139e-07,0,0.000493685279507411,success,True,0.9492603329999838,0.01884281060128683,0.0561821595434305,0.023800965790540755,True,1.6108539206578022e-07,primary_success,379,True,0.000406410737135323,0.017029155421897514,0.0005664859725624914,0.19218667433051465,0.20379891382735085,0.20379891382735085,16,8.922440761857944,0.002205140372205549,8.732298988383699,0.258990907098165
0.07216986640142117,0.23006239264995584,7.229236641381899e-07,0,0.0004959043841866944,success,True,1.5207070139877032,0.0290749565833216,0.10359876722242493,0.03571581606489228,True,1.3419979442249976e-07,primary_success,803,True,0.0002686426414540176,0.01685886386767854,0.0012756195171812177,0.1453542239350157,-0.3730848584044914,-0.10912853747116823,17,19.615275821004303,0.004563590184660827,19.523472166852304,0.5599824690751878
0.07480994366284578,0.23670904905637663,6.657938048664904e-07,0,0.00048791135966039185,success,True,1.1808972000144422,0.027545440302022807,0.10478578453875911,0.03343219602548885,True,1.3374431961531298e-07,primary_success,578,True,0.0002764615961019194,0.016690275229001753,0.0011177117310867122,0.10358108110886373,-0.38267142633680795,-0.1121495075270396,18,20.785599612275274,0.00482848163172514,20.681001271675544,0.5800179348581591
0.07762201385864177,0.2417873934219613,6.198547380363298e-07,0,0.000492923815807213,success,True,1.0825060200004373,0.025035526001231274,0.10187269378750359,0.030808901081439397,True,1.1345899092792479e-07,primary_success,550,True,0.00021258321684845002,0.016523372476711734,0.0009491883858459175,0.061665773673243655,-0.26230913252317617,-0.06682999349038772,19,21.621303306873383,0.004974532727192869,21.51761615917627,0.5826847284213416
0.08076275818738808,0.24588353508104313,5.565941386272258e-07,0,0.0004926019399727262,success,True,0.911689848988317,0.022628527691507503,0.09313124963601896,0.027682709485719936,True,1.1070983139645683e-07,primary_success,418,True,0.00015004652641443063,0.016358138751944615,0.0007663324044707686,0.03128573913518858,-0.4497213058946857,-0.10013122179582348,20,21.70105539348799,0.005011990710903978,21.598052846717806,0.5690218994824353
0.08417381619703619,0.24930333614301617,6.297049656296844e-07,0,0.00047998413759089677,success,True,2.85341570401215,0.026864221506720562,0.09730143315236764,0.03214225314895045,True,1.096281772921629e-07,primary_success,1628,True,0.00032474501639670554,0.01619455736442517,0.001033124437491215,-0.006820178445425999,-0.7320246291702562,-0.13190474221674628,21,23.50341480118836,0.005596466079314098,23.401871435441905,0.6362492170612757
0.08745725519915379,0.2512538109858208,5.922670084615586e-07,0,0.0004936321447510186,success,True,2.149433801008854,0.024390346660409772,0.08939667143170675,0.029395455424863194,True,1.229589408210822e-07,primary_success,1179,True,0.0002913033926475339,0.01603261179078092,0.0008640927996351191,-0.04930551536947773,-0.7864016092980656,-0.1177294961236868,22,23.224215854740507,0.005437543786529969,23.11708251868681,0.6123775098102372
0.09082135661596498,0.25249475395050563,5.179037055460817e-07,0,0.00048323239043578976,success,True,1.096089093014598,0.021663616443229675,0.08459229210195074,0.026257844128445323,True,1.1957925161348455e-07,primary_success,527,True,0.0003242384865566852,0.015872285672873108,0.0006894743782737305,-0.09155486660737021,-22.57557386001768,-0.5070155709452309,23,22.165634758297795,0.005241568593090084,22.064226832097134,0.5763193461263585
0.09442055625168877,0.25339780365657494,4.798781566088556e-07,0,0.0004940900044117896,success,True,1.270380047004437,0.019587087184998807,0.07817277939900667,0.023795289789182432,True,1.3358082716833866e-07,primary_success,663,True,0.0002787883634953545,0.015713562816144378,0.0005662158161511696,-0.13486159636387543,-23.679346475106804,-0.6452199187802857,24,21.106359797736342,0.005049827555417888,20.99797719354045,0.5369141058247942
0.09819291093051068,0.25418919683771374,4.359707392519409e-07,0,0.0004962671540736091,success,True,1.6848021789919585,0.017877400258069193,0.07226077840321919,0.021523252191879384,True,1.3541632090896294e-07,primary_success,927,True,0.00019297160591589616,0.015556427187982934,0.0004632503849152407,-0.17949812555701,-25.79058149462021,-0.7812360389277694,25,20.030553884845975,0.004851152858529694,19.911678397563858,0.49958161807758916
0.10202355678178679,0.2550210102863306,4.0254789809871027e-07,0,0.0004976347544761721,success,True,2.0623089929868,0.01663735108565059,0.06514283022861359,0.01981859871061445,True,1.3761008736836703e-07,primary_success,1126,True,0.0002026920115221539,0.015400862916103104,0.0003927768548523686,-0.2192611711315748,-21.019386332858215,-0.8014287214637892,26,18.59937585562066,0.004606785473314717,18.488690153338194,0.45962948838752393
0.10576951529532255,0.2559264360101703,3.6962853568426264e-07,0,0.0004974389320003939,success,True,1.6925282420124859,0.01533511866062818,0.06268802659617055,0.018205046975006904,True,1.3372651225569333e-07,primary_success,906,True,0.0002095302543112154,0.015246854286942073,0.0003314237353622081,-0.2538594372726301,-41.126717514542904,-0.851312671938382,27,17.942491828381428,0.004534769078132549,17.842828633171983,0.4341002057848197
0.10933650195404965,0.2569194548383223,3.307566915098337e-07,0,0.00047520131290429456,success,True,1.700785690016346,0.014484707290472652,0.05825632191905101,0.017052854699547045,True,1.3247469323451507e-07,primary_success,922,True,0.00017264012264827402,0.015094385744072653,0.00029079985340386375,-0.2840743913247816,-26.139868303191168,-0.8185146827397184,28,17.180189881718427,0.004358889865918079,17.070862112191147,0.415851199421894
0.11264951540446463,0.2579876114401569,2.8895708519255497e-07,0,0.00045154070814279484,success,True,1.9162187009933405,0.0133566878228107,0.053974927731477884,0.01567842823371486,True,1.243937153539464e-07,primary_success,1081,True,0.00027751075866646317,0.014943441886631926,0.0002458131118797473,-0.3106242036482085,-22.036062833760894,-0.805282785130969,29,16.37914739405819,0.0042577442081947236,16.25442182152975,0.3991598814512873
0.11571003770943446,0.2591088834554151,2.8945611840611715e-07,0,0.00048215976350849174,success,True,1.5834426490182523,0.012595747638884758,0.051779410636578,0.014708143311972925,True,1.1388673436420835e-07,primary_success,868,True,0.00012763134213814378,0.014794007467765607,0.0002163294796855339,-0.334040477060928,-19.744978391537057,-0.733511841401797,30,16.32738646562919,0.0042426051569203205,16.19978047544645,0.3958406614395973
0.11855048228664625,0.2602884952417815,2.4615269915233074e-07,0,0.0004396629371529385,success,True,1.498881782987155,0.011799707535512764,0.04980073757024394,0.013716737572387838,True,1.1003536931947775e-07,primary_success,824,True,0.00012482271572185891,0.014646067393087952,0.0001881488896297562,-0.35510727533442893,-17.788343210013657,-0.7125367852534292,31,16.05147308848014,0.004193298864950256,15.927005760910783,0.38853149255586644
0.1211801336726013,0.2615146596218024,2.4680875456402326e-07,0,0.0004743045569217701,success,True,1.0068838509905618,0.011000331492394036,0.047558700234060794,0.012748801162827342,True,1.0085649025260557e-07,primary_success,503,True,0.0001097534040836244,0.014499606719157072,0.0001625319310893078,-0.3742357351310585,-15.704544377311816,-0.7855306276040864,32,15.745453214056889,0.004118393252836307,15.613053442322624,0.381976489268591
0.12363208415116171,0.26277554311582296,2.3374582468886448e-07,0,0.00048064540473734225,success,True,1.4870707420050167,0.010320167474826855,0.04606464551801281,0.011914755968605759,True,9.552517374275842e-08,primary_success,804,True,8.484766048871793e-05,0.014354610651965501,0.00014196140979142656,-0.391649581080864,-14.463432589782382,-0.7089261086699851,33,15.507116522723749,0.004068720543641349,15.34294057907226,0.37598071210895617
0.1258942534101233,0.2640304722293835,2.2033492496266423e-07,0,0.00047830494001742873,success,True,1.5837323510204442,0.009814270650751257,0.04097727016368652,0.011286117307064757,True,8.775727892799593e-08,primary_success,857,True,8.277874146217172e-05,0.014211064545445845,0.00012737644386882668,-0.41249809239709095,-14.202427165806933,-1.0026383437454356,34,15.162712841994653,0.004035175693056917,15.00910533382825,0.37058526357000326
0.12796524102471016,0.2652462744769212,2.1707663475874422e-07,0,0.0004913815079280295,success,True,1.09441465800046,0.009382420469319058,0.03874899010437061,0.010823316436987678,True,8.412305462418497e-08,primary_success,545,True,9.738498791029475e-05,0.014068953899991387,0.00011714417869516767,-0.44118504647736084,-15.661155638264391,-1.123459793195336,35,15.034523181523932,0.004010522433257254,14.873413913941876,0.3672571305865574
0.12984967228297511,0.2663964445969964,2.0618625572470592e-07,0,0.0004883502180891122,success,True,1.290124076011125,0.009030196003001005,0.0432790844326752,0.010344140492087393,True,8.121743862436685e-08,primary_success,652,True,0.00012908302407132818,0.013928264360991474,0.00010700124252004204,-0.4641794533682542,-15.87868395056142,-1.149304032897028,36,14.919721140778774,0.003991547603718341,14.724487409112225,0.3645424727401923
0.13156651031890662,0.26746338449446466,1.9421579428099698e-07,0,0.00047833922522650904,success,True,1.2573951910017058,0.00867534282304874,0.03626442079786638,0.009947515714671368,True,7.377227191780787e-08,primary_success,608,True,0.00014097567299609502,0.01378898171738156,9.895306889363384e-05,-0.48675560311390925,-37.91668491914464,-1.1350700884075526,37,14.603043737720206,0.003931286551210392,14.436050233236848,0.3605997945301564
0.1331446755967116,0.2684369505206723,1.9139537252333007e-07,0,0.000485641556194592,success,True,1.6198348309844732,0.008430440867359362,0.0296866903827029,0.009655653572081615,True,7.459473770276837e-08,primary_success,868,True,0.0001006691883055339,0.013651091900207744,9.323164590405245e-05,-0.5096735471448278,-25.542738293230485,-1.1333283145147233,38,14.109969089631164,0.00385460283652957,13.955091538740762,0.3544789802855851
0.13462186967344647,0.269334453664498,1.7889124906780662e-07,0,0.0004699920967149646,success,True,0.9474263550073374,0.008120684790375107,0.028818266549183454,0.009325338942495695,True,7.134365276547895e-08,primary_success,422,True,0.00013114706388595113,0.013514580981205667,8.696194639242672e-05,-0.5317698085225832,-28.70688131832193,-1.1164039081051687,39,13.774652185160818,0.0037776033109695986,13.619471333051642,0.34946223884974725
0.1359862672001428,0.2701496969200355,1.8741650573407827e-07,0,0.0004959204704834617,success,True,1.5397198179853149,0.00805977801036837,0.028381809348174723,0.009258953126110256,True,6.670208136420863e-08,primary_success,831,True,7.561435125041669e-05,0.01337943517139361,8.572821299150691e-05,-0.5525997104066598,-24.965918531350713,-1.1069310420293867,40,13.612625823101158,0.003772373590364333,13.45629863711193,0.3470020474665401
0.13725473549647643,0.2708833842487262,1.8191110169143902e-07,0,0.0004987768271188687,success,True,1.1318907150125597,0.00777936923233943,0.02759438653540434,0.008935503313545288,True,6.496258343482699e-08,primary_success,557,True,6.488255812699584e-05,0.013245640819679673,7.984321946637884e-05,-0.5736055754004635,-20.828535335869482,-1.0917553634750785,41,13.443890750102558,0.0037215734022155865,13.270025383401542,0.3419996597120687
0.13842106892118405,0.2715352182693408,1.7854946230637613e-07,0,0.0004934062094232487,success,True,1.0560984070179984,0.007747137831103294,0.02788986418907246,0.008865842672753555,True,6.004109368701398e-08,primary_success,508,True,8.910607354169606e-05,0.013113184411482876,7.86031662980179e-05,-0.5942915433923129,-32.99285673380696,-1.1212939817759164,42,13.295478655164336,0.0036951590142694653,13.133182013803282,0.33844566678063515
0.13949405446477106,0.27210866242232795,1.613608214981689e-07,0,0.0004759158312284555,success,True,1.325704922026489,0.00725799582920956,0.024544083983473002,0.008306805252728401,True,6.176992443680559e-08,primary_success,680,True,5.256068711660055e-05,0.012982052567368046,6.900301350675617e-05,-0.6146570177454352,-36.59094919532872,-1.1269281099332054,43,12.904802435591007,0.0036087939737697895,12.74729955552133,0.3332211940472645
0.14049502264133323,0.2726236720479351,1.6031817100854842e-07,0,0.00048485282246792024,success,True,0.9913696150179021,0.007030955914399697,0.03159209967707223,0.008101005104429014,True,5.754174564276045e-08,primary_success,477,True,5.618058889907728e-05,0.012852232041694365,6.562628370198493e-05,-0.6349203133134887,-35.80260049693243,-1.1297740486178358,44,12.883138884152359,0.0035900078080183463,12.729793783124293,0.3320467451691649
0.14141044923546078,0.2730774659350668,1.5209786488571909e-07,0,0.00048033507747198643,success,True,0.9337112390203401,0.006746455716740063,0.024730804677856686,0.007757912891376217,True,5.3229588164799215e-08,primary_success,425,True,5.859744567762379e-05,0.012723709721277421,6.01852124301813e-05,-0.6548715411114504,-31.37735482386557,-1.1281696938984849,45,12.413120699773248,0.0034984173891425604,12.262599511500904,0.32572572724946364
0.14224217007864573,0.2734768984454372,1.4616176106005439e-07,0,0.0004760195672777357,success,True,0.9817149669979699,0.0065521804740336035,0.023128125749748086,0.007522722577246501,True,5.352290652191964e-08,primary_success,462,True,6.247532384358532e-05,0.012596472624064646,5.659135497421425e-05,-0.6740717979865236,-24.836043649628344,-1.1364550403081704,46,12.141394798318164,0.0034403546479729228,11.994998037035039,0.32236845846176004
0.14300662708633516,0.2738288027864461,1.434334595136134e-07,0,0.00048279647161565226,success,True,1.2560860149969812,0.006343801613981496,0.021394922921688844,0.007278677382052351,True,5.143003972103992e-08,primary_success,625,True,5.735869400199422e-05,0.012470507897824,5.297914443200046e-05,-0.6919894636373849,-23.97714252002687,-1.1451368541606362,47,12.024572948376049,0.003388816988308103,11.877665538642862,0.3202020526747951
0.14370819578159622,0.2741425226223964,1.4871903303566973e-07,0,0.0004826900074706748,success,True,1.0306375549989752,0.006501733976986841,0.028397039545519004,0.007548563784170053,True,4.5940238379812925e-08,primary_success,491,True,6.680178883841837e-05,0.01234580281884576,5.698081520368371e-05,-0.7084817901132409,-21.660864875214987,-1.1584798781324726,48,12.171234523072618,0.0034328175944522274,12.029102492536952,0.3224932256887785
0.14433930855234148,0.2744168279219143,1.4749875134960378e-07,0,0.0004839693696656848,success,True,1.395507966983132,0.006362539787428319,0.0354715215945517,0.007466834958091602,True,4.755313299966096e-08,primary_success,694,True,5.6789115901251054e-05,0.012222344790657301,5.575362429137881e-05,-0.7239395218832101,-22.85301069565672,-1.1616272843742284,49,12.063574409662836,0.0034412124581393636,11.928174888563944,0.32098780880578487
0.14492097210586374,0.2746677064162444,1.479754426167882e-07,0,0.0004953286435820095,success,True,1.0742956990143284,0.006285238816890834,0.028971388050059676,0.00731917766332661,True,4.676282908542738e-08,primary_success,517,True,6.474185605687138e-05,0.012100121342750729,5.3570361667339174e-05,-0.7385453497833442,-26.791201877099883,-1.1676677598878409,50,11.984143480095517,0.003415416510938632,11.852916370659532,0.3192558254370817
0.14544531262206856,0.2748883408930547,1.4030132308964024e-07,0,0.0004885530227550359,success,True,1.1415396649972536,0.0060680019855708055,0.026560291804005494,0.007035843103195197,True,4.364765939467062e-08,primary_success,556,True,5.1028846140149e-05,0.011979120129323222,4.950308817277943e-05,-0.7521115766406207,-30.33052007711035,-1.1770183168185624,51,11.608379606552692,0.0033517323992067307,11.481127813746415,0.31512449707949614
0.14592232935073313,0.2750810973751577,1.356097345775031e-07,0,0.0004798757050654654,success,True,1.8893682360067032,0.005978616073247339,0.02480311161035813,0.006923539704298165,True,4.286579771142053e-08,primary_success,1046,True,4.9254367808671866e-05,0.011859328928029989,4.793540203699312e-05,-0.764644737793654,-32.275829190799485,-1.1841841141913856,52,11.520952094910928,0.003314008713408218,11.397718701460485,0.31356142382731955
0.1463543253001393,0.2752529864340654,1.282036613071274e-07,0,0.0004675211838009065,success,True,1.1312357200076804,0.005816235767796541,0.023935348701177365,0.006718390119755962,True,3.900837670853349e-08,primary_success,553,True,3.594839134542645e-05,0.011740735638749689,4.513676580123454e-05,-0.7762283467620703,-35.33608123640068,-1.187659547159669,53,11.260706008954632,0.003240008980566741,11.140987130176093,0.3099355027147348
0.14675093904289857,0.2754119437297084,1.3211292870998094e-07,0,0.0004936521464109526,success,True,0.9706032419926487,0.005689881225010061,0.021385400452693108,0.006556776420252834,True,3.589165747960652e-08,primary_success,472,True,3.880600445230076e-05,0.011623328282362191,4.299131702518356e-05,-0.7872781789356675,-30.9880896358729,-1.1897075908053807,54,11.025390298186137,0.0031842904470733326,10.908891926613668,0.30719931515319
0.14711880955759116,0.27556002446371397,1.3007391381555337e-07,0,0.0004922421452568945,success,True,1.2604952870169654,0.005616745661784846,0.023634589363169412,0.006474071590960388,True,3.459562501444453e-08,primary_success,647,True,4.194988930634166e-05,0.011507094999538569,4.1913602964880374e-05,-0.7977797036993475,-47.70882412934527,-1.1905325916240574,55,10.910807519169436,0.003156222665744786,10.795881576756555,0.3058119084778783
0.14745773963831355,0.2756988650186087,1.1736406895670268e-07,0,0.00045687369174170813,success,True,1.3402368200186174,0.005440781410087385,0.021843766910142087,0.006293686288824055,True,3.6867280206367684e-08,primary_success,624,True,4.479976329653345e-05,0.011392024049543183,3.96104871021319e-05,-0.8073330511343519,-63.56153441016577,-1.19293212809063,56,10.688825901547087,0.0031019132814389355,10.577866989693707,0.3031592328790621
0.1477727196540912,0.27583121686474515,1.2256382621135705e-07,0,0.00048707925124914276,success,True,1.1264493399939965,0.005332221352649101,0.021247681147207514,0.0061649387332294685,True,3.684569617303385e-08,primary_success,484,True,5.2730896323414055e-05,0.01127810380904775,3.800646958447296e-05,-0.8165288553243625,-56.51411943869683,-1.1946984024264382,57,10.46891166417206,0.003070073889589537,10.365004007604782,0.30091995586478465
0.14806146612059606,0.27594800580633116,1.2060178394624797e-07,0,0.0004908739071226927,success,True,1.0241124439926352,0.005198230899933384,0.02214638952227994,0.006019353776619756,True,3.199232133112431e-08,primary_success,375,True,0.00016808507784854662,0.011165322770957272,3.623261988810652e-05,-0.8260975718882783,-57.77678152077972,-1.1999863713541379,58,10.299031338328199,0.0030355090462980292,10.201571647853171,0.2991856364640868
0.14833334555661054,0.27605932099414243,1.1908940855025527e-07,0,0.00048438374524727965,success,True,1.145886594982585,0.005187276182302156,0.022774210987503953,0.0060235103636513705,True,3.6441758785027553e-08,primary_success,497,True,2.9933932425037266e-05,0.011053669543247699,3.628267710101547e-05,-0.8357042654643297,-59.46002604497878,-1.2063994719997495,59,10.260954405538124,0.0030476658333946573,10.170896376082075,0.29896595527480646
0.14858868314255802,0.2761612841386813,1.188023317282371e-07,0,0.0004864699323613775,success,True,1.5409011890005786,0.005145979496013718,0.023764627657412763,0.005983221025014157,True,3.246078458877743e-08,primary_success,738,True,2.9388915579693672e-05,0.010943132847815222,3.579893383417147e-05,-0.8448951930462827,-57.8979802694254,-1.212463277928086,60,10.22177056347331,0.003026252494397104,10.13749185424193,0.298199975561145
0.14881885392808375,0.2762521110807385,1.1934186944924014e-07,0,0.0004935404852447994,success,True,1.7922239270119462,0.005083335801909068,0.022386928472106278,0.005924287649991107,True,3.144625224654667e-08,primary_success,799,True,0.001151969638593906,0.01083370151933707,3.509718415983716e-05,-0.853326423064744,-55.37785049362131,-1.217098284034613,61,10.111303271591277,0.002967439834726408,10.030942157448958,0.2968883823687439
0.1490285470495622,0.2763294049560738,1.194503076187956e-07,0,0.0004915072528985272,success,True,1.0406607420009095,0.005067201524552956,0.02056598560531454,0.005954200104682243,True,4.70396870852239e-08,primary_success,396,True,3.25789929399125e-05,0.010725364504143698,3.545249888659804e-05,-0.8608804153031404,-65.72852438459768,-1.2276950110635085,62,9.948564449221545,0.002940516966028234,9.872246959690136,0.29469313078896675
0.1492322809782678,0.27640679014614944,1.1579999694392543e-07,0,0.0004724778152249333,success,True,1.0679297699825838,0.0050678521725129886,0.021091498354874897,0.006004726219315737,True,4.18874684004214e-08,primary_success,435,True,3.754816366653963e-05,0.010618110859102262,3.605673696893786e-05,-0.8675117360139005,-63.74354508280895,-1.229838931183717,63,9.847867178074559,0.0029199509627773736,9.774356470441711,0.2933927842261276
0.14942011919793755,0.2764804213671142,1.2051314660179334e-07,0,0.0004953770419793767,success,True,1.167179723008303,0.00501162316134622,0.022517324673058683,0.00596025217467962,True,4.0510271721508257e-08,primary_success,503,True,3.54281007948045e-05,0.01051192975051124,3.552460598577314e-05,-0.8733586802377138,-43.781522725071056,-1.2271679336073873,64,9.795483256612803,0.002901262398642764,9.72391924474885,0.29283768018558914
0.1495951369079473,0.27655221276202013,1.1743406921537628e-07,0,0.0004695661902496494,success,True,1.1634876640164293,0.005075175371741473,0.025621400739579966,0.006127218602018731,True,3.74766789648453e-08,primary_success,504,True,4.742765876910855e-05,0.010406810453006126,3.754280779692438e-05,-0.8787041549110225,-38.813061995196016,-1.231348488758297,65,9.705237571299483,0.002884157746244152,9.634804702691941,0.29194681457057575
0.1497602931721457,0.27662049276483397,1.1696697647732887e-07,0,0.0004677809891746546,success,True,1.2293597699899692,0.005048867200716805,0.030245755305155126,0.006126138064633062,True,3.878156050555531e-08,primary_success,553,True,3.7082972386922225e-05,0.010302742348476066,3.7529567586946104e-05,-0.8837039815478128,-39.295291550520304,-1.2812176471992376,66,9.781611027327722,0.0028875054434356023,9.712183110876442,0.29302923864794944
0.14991498473245915,0.2766897377254412,1.195717815358193e-07,0,0.0004818646855760727,success,True,2.196679346001474,0.005018609165992535,0.030094525814664017,0.006079525508546708,True,3.1893953168220706e-08,primary_success,1063,True,4.401094350627807e-05,0.010199714924991304,3.696063040907012e-05,-0.8884718389959584,-36.80916762362927,-1.2547613699812286,67,9.753770740238581,0.002889892977213085,9.682256739665023,0.2924686866243874
0.15005583279672266,0.2767575295557736,1.1643120362122607e-07,0,0.0004846036356748068,success,True,0.9896377229888458,0.004871472158337751,0.029819005655879173,0.005886386891728257,True,3.060886439303223e-08,primary_success,411,True,3.126430051720309e-05,0.010097717775741392,3.464955063911025e-05,-0.8931114991659181,-32.576455629278456,-1.2376659656022595,68,9.59094521891487,0.0028493023437757433,9.519497886095209,0.290638814011143
0.15018799155792256,0.2768265160946233,1.1297547519099215e-07,0,0.00048221630461007603,success,True,0.9756853080180008,0.004764424776313376,0.02904428908449391,0.005739953451838284,True,3.086122227738425e-08,primary_success,397,True,2.6525783998751042e-05,0.009996740597983979,3.294706562927023e-05,-0.8974941554736299,-32.98135068687557,-1.2270922535030488,69,9.455107033613046,0.002809017370426344,9.383886715696178,0.2891421856844818
0.15031202424378462,0.276896889703079,1.1249517625702184e-07,0,0.0004815864981214598,success,True,1.161626287997933,0.004737859081168034,0.0285287696266059,0.005723025518879721,True,2.812391285896838e-08,primary_success,510,True,2.9334814143697616e-05,0.00989677319200414,3.2753021089748494e-05,-0.9014647128670276,-32.24101769984891,-1.2102799551980756,70,9.489398894623209,0.002814095879916867,9.420238940405328,0.2891323105420592
0.15042408508037644,0.2769643487327104,1.1493563935883888e-07,0,0.0004937726818088801,success,True,1.9803742679941934,0.004747438794461125,0.027565625375925423,0.005702873544918965,True,2.744904400255742e-08,primary_success,981,True,4.135570302354571e-05,0.009797805460084097,3.252276666933661e-05,-0.9049382869190619,-35.9332424753881,-1.1821169118874202,71,9.61802441277105,0.0028333306287341006,9.528067055918148,0.29015560936468676
0.15052002855998606,0.2770279308249042,1.0433091373796439e-07,0,0.00045341064250046956,success,True,1.1563856969878543,0.004664676459099838,0.025281165088590622,0.005637510783786864,True,2.5522884233655543e-08,primary_success,498,True,5.2053836171362834e-05,0.009699827405483256,3.178152783731318e-05,-0.9078918044322752,-38.178262494612625,-1.1843588442348922,72,9.513927467431984,0.002874524178882113,9.429520825692562,0.28974381388354065
0.15061047216242365,0.27708773817746857,1.1181667215869456e-07,0,0.0004749702781960535,success,True,1.3829311509907711,0.004741186670227937,0.028908927677850683,0.005767747148922083,True,2.4919940173983385e-08,primary_success,632,True,4.0304414703397455e-05,0.009602829131428424,3.326690717389883e-05,-0.9104514731041448,-37.22279583528205,-1.1480820764748194,73,9.66282880293438,0.002918561640355412,9.588501417622524,0.2922688849956255
0.1506958365118124,0.2771469059358487,1.1627313422641942e-07,0,0.0004919876794513086,success,True,1.010280700022122,0.004722377593148743,0.026441026777172895,0.005790168956515926,True,2.4738941834669014e-08,primary_success,421,True,3.114965663714485e-05,0.009506800840114139,3.3526056545000735e-05,-0.9128566170640566,-37.20659224094675,-1.1839440339345575,74,9.692938420649304,0.002973284956417158,9.626436821590449,0.2933483113894705
0.1507753996762188,0.2772092983624985,1.1482454920172337e-07,0,0.0004971335917201733,success,True,1.0137423140113242,0.004653721172901335,0.023779977215373064,0.005658844025623035,True,2.5336243714158476e-08,primary_success,428,True,2.875922964705376e-05,0.009411732831712998,3.20225157063295e-05,-0.9152238378387549,-36.24063725510959,-1.1991370727437556,75,9.640661899333175,0.002964049848797437,9.576159540988675,0.293074154949476
0.1508505275352306,0.27727421149657006,1.1122248432429882e-07,0,0.0004952456608690273,success,True,0.9387555359862745,0.004543316248949344,0.02222436393284298,0.005502220577084392,True,2.408074604915642e-08,primary_success,388,True,2.503142053705007e-05,0.009317615503395868,3.0274431278890905e-05,-0.9176398274446148,-34.10461486111795,-1.1905612642498422,76,9.558376273803233,0.0029482022546130013,9.494547089490377,0.2924614452528203
0.15092230361475606,0.27733949778146705,1.0527047355283136e-07,0,0.0004657563958474832,success,True,1.4839324610074982,0.004594978495783073,0.02497983209930619,0.005537501202428856,True,2.429998516296887e-08,primary_success,685,True,2.7374874965636544e-05,0.00922443934836191,3.066391956690103e-05,-0.9201295347949088,-31.542430567266177,-1.171227249829335,77,9.652847655721985,0.0029623559361299516,9.589750207846954,0.29339627724656286
0.15098706672278786,0.2773985363810697,1.0020717470976921e-07,0,0.00043960192351165443,success,True,1.5199568649986759,0.004606442051146579,0.030675713885939773,0.005584770332162248,True,2.2566062871421092e-08,primary_success,695,True,3.155313472784116e-05,0.00913219495487829,3.118965966299963e-05,-0.922660504241404,-31.554376226617432,-1.1281297575517015,78,9.439946669146837,0.0028887133094392583,9.380573807804545,0.29098199859716917
0.15104486155112606,0.2774506086683269,1.0962294871310584e-07,0,0.0004954108874818207,success,True,0.9438622379966546,0.004490133124094547,0.028443391029906697,0.005421282235283228,True,2.2842416030429993e-08,primary_success,389,True,2.6180804711020014e-05,0.009040873005329507,2.939030107459752e-05,-0.925176472120382,-31.921223097882113,-1.120301331621809,79,9.21424721089499,0.002843253594631608,9.155966681316237,0.28890487627375705
0.15109680863914107,0.27749566955774246,9.677930817357373e-08,0,0.00045013103388050863,success,True,0.9517538369982503,0.004381554027113906,0.02545021478606223,0.005267561824857391,True,2.395776676940039e-08,primary_success,389,True,1.883272357189434e-05,0.008950464275276212,2.7747207578694932e-05,-0.927639276356144,-32.618728243773205,-1.1204187239745402,80,9.029092069156762,0.002804595045958089,8.97144489234436,0.2871745099489581
0.15114444757399764,0.277536110751806,1.0178424982542758e-07,0,0.00048207204179257705,success,True,0.9572646970045753,0.004311143143721591,0.022387873831978,0.0051729075833772484,True,2.161585004497522e-08,primary_success,395,True,2.1866401034012656e-05,0.00886095963252345,2.6758972866161847e-05,-0.9299878772723763,-33.58288148448944,-1.1307832343951916,81,8.877526288045559,0.0027740921592928182,8.820813650995698,0.2856122963293273
0.1511873155452479,0.2775735538660535,1.0212617499220983e-07,0,0.0004863044100463448,success,True,1.2532867759873625,0.004308245109864518,0.020432571320989718,0.005145113298624398,True,2.085198410510534e-08,primary_success,563,True,2.1036271939389582e-05,0.008772350036198216,2.6472190855681634e-05,-0.9321877132662212,-35.024154391972075,-1.144826718450852,82,8.819904527982578,0.0027562574860420497,8.765661452011072,0.28482235752338153
0.151222855881281,0.2776077944272059,9.912997437654119e-08,0,0.00048051458477333986,success,True,1.142132209992269,0.004234174647865596,0.019966491081630483,0.005054340594824768,True,2.0589457769174433e-08,primary_success,507,True,2.0919081505804436e-05,0.008684626535836234,2.5546358848493593e-05,-0.9341838660682564,-36.75615842560088,-1.1495278909078193,83,8.753662605423116,0.00273236964476155,8.701261528241861,0.28402761915300556
0.15125280020752607,0.27763930366689216,1.0214319621593415e-07,0,0.0004986239954797322,success,True,1.41559650702402,0.0041849650105969215,0.021124349663992705,0.005018828475919401,True,2.0068687386239155e-08,primary_success,694,True,2.406010489287874e-05,0.008597780270477872,2.518863927069945e-05,-0.9359164383550015,-38.41372452455868,-1.088036464617051,84,8.64820267983755,0.002711445113345301,8.597396307460926,0.2829356172141483
0.15128196017322146,0.2776710762092716,8.985621073296536e-08,0,0.00044797220809665974,success,True,0.996352157992078,0.004109292325174961,0.019193353075132775,0.004914316386526002,True,1.955209284009251e-08,primary_success,482,True,2.3899303062833333e-05,0.008511802467773093,2.4150505546877985e-05,-0.9373005003253455,-39.05788496600213,-1.0953855114429636,85,8.488001539045484,0.0026620831863194386,8.437794009837774,0.2813269665680353
0.15130972242163934,0.27770291354525384,9.839526799671901e-08,0,0.0004986136495137379,success,True,0.9445927649794612,0.004050311293470637,0.019103398925660587,0.00483477351306083,True,1.801189369550044e-08,primary_success,458,True,1.7432656825898577e-05,0.008426684443095363,2.3375034922594553e-05,-0.9386573742758232,-38.8149280758404,-1.1057257267290765,86,8.361619621470915,0.0026215737613115306,8.312683381549439,0.2801459590797384
0.1513375591387235,0.277734699326885,1.0339338574546877e-07,0,0.0004950526112519237,success,True,1.6774886030179914,0.004162648400312828,0.029624549073659464,0.005116906553341893,True,1.8269232185595455e-08,primary_success,920,True,5.819082621421439e-05,0.00834241759866441,2.618273267563321e-05,-0.9400824103721009,-38.389611867813315,-1.1189483007104186,87,8.716841505191931,0.002690543880294001,8.671941288142905,0.28413143888523085
0.15136419401526113,0.27776766641288597,9.95929405495994e-08,0,0.0004898366550134183,success,True,1.0924871190218255,0.0040790637538414476,0.0275995479959936,0.004981307581806723,True,1.8926175111437084e-08,primary_success,537,True,3.4331917375684525e-05,0.008258993422677765,2.4813425224565145e-05,-0.9416220714324639,-37.97501339224413,-1.1318554093207982,88,8.558659753398967,0.0026581359137335873,8.514597735864085,0.2827244677666366
0.15139199653176108,0.27779961652171226,1.025986957935583e-07,0,0.0004994110373273904,success,True,1.2657003980129957,0.004113366591562746,0.026419688315863773,0.005033264904184197,True,1.9136753565320898e-08,primary_success,649,True,3.613508029090962e-05,0.008176403488450987,2.533375559569236e-05,-0.9432458418454039,-37.822441849654496,-1.147476194958525,89,8.55272234062533,0.0026674377175115163,8.509052098283806,0.28242504061491885
0.1514239675203563,0.2778301038045192,1.0029059185012998e-07,0,0.0004998028877331576,success,True,1.1328494019981008,0.0040540195104149575,0.02562520119066725,0.004916177078272564,True,1.9593354236366664e-08,primary_success,570,True,3.4766393196464305e-05,0.008094639453566477,2.416879706493256e-05,-0.9449011663473588,-38.277689343339574,-1.1674677289212976,90,8.393380781034733,0.002609807581166403,8.346993027491889,0.28102934356111703
0.15146066927820645,0.2778590006097616,9.606402337351015e-08,0,0.0004861377460090287,success,True,0.9789833889808506,0.003992938341701068,0.025285880399147274,0.004841361511161668,True,1.9644637864514342e-08,primary_success,469,True,3.9905198551972306e-05,0.008013693059030812,2.3438781281757593e-05,-0.9465058518647949,-38.57623537141744,-1.1729998748869328,91,8.279639210573816,0.002573142274435624,8.23338418676407,0.2798077482375022
0.15149902299790613,0.2778860569440571,9.136312658393328e-08,0,0.00047269923864388887,success,True,1.125797815999249,0.003934977495835797,0.022650406289864655,0.004735350553404797,True,1.842332729597939e-08,primary_success,533,True,4.190329104771925e-05,0.007933556128440504,2.242354486363112e-05,-0.9480154484917885,-38.89749679902223,-1.1568058751396981,92,8.125645452193254,0.002546104574782737,8.078887133263022,0.27855781793184514
0.15153521588767965,0.2779112400270792,9.10729702459066e-08,0,0.000479330213179146,success,True,0.8710586529923603,0.0038671130423361282,0.02006813390906096,0.004655011742793658,True,1.8637740668226206e-08,primary_success,398,True,2.3258654149412196e-05,0.007854220567156098,2.1669134325546846e-05,-0.9493694698244605,-38.668305919655936,-1.1136856327162856,93,8.040351954695335,0.0025209278365459775,7.995014184732111,0.2776688280167675
0.15156703240262837,0.2779351434298222,9.087605066955868e-08,0,0.00048179434387872456,success,True,1.1635430319875013,0.003850239133175406,0.01913039544212418,0.0046211900776581645,True,1.7259824925066414e-08,primary_success,588,True,1.8729730054377208e-05,0.007775678361484537,2.1355397733846276e-05,-0.9505942297852317,-37.9054316848657,-1.0760923883991707,94,7.9940825705223695,0.002507310280455403,7.950310003434749,0.27704973361359453
0.1515958615177206,0.27795905994624026,9.434191605838526e-08,0,0.0004919572056238918,success,True,2.8628460050094873,0.0038647107746468752,0.02125111333776765,0.004698329279472976,True,1.689235263229496e-08,primary_success,1687,True,2.1672906733688365e-05,0.007697921577869691,2.2074298018353064e-05,-0.9516582674319455,-36.83891942215575,-1.0765889559440873,95,7.824430552591502,0.0024419686772069256,7.780896428837694,0.27514295367114494
0.1516205174052372,0.27798480987660595,9.434068264700336e-08,0,0.0004942127965614729,success,True,1.1064350620144978,0.0038528394740025085,0.020350891043176347,0.004676824924269407,True,1.640617083627824e-08,primary_success,549,True,2.0660171542487143e-05,0.007620942362090995,2.1872691372267545e-05,-0.9526611025646502,-35.840179160595824,-1.0748735445161886,96,7.815081230408817,0.0024334540010992967,7.772397269774909,0.27539738022750276
0.151644938584688,0.278011910925184,9.129976501514429e-08,0,0.00047715121783372896,success,True,1.4278553320036735,0.003862154015813326,0.019739922634522084,0.004687914772650752,True,1.573356297966563e-08,primary_success,754,True,2.8551772843990032e-05,0.007544732938470085,2.197654491563715e-05,-0.9536568149572989,-35.27293173611636,-1.0730719422529893,97,7.830845754454643,0.002434251829590954,7.7890957666668035,0.27567687956866277
0.1516713188521652,0.27803612441535186,9.190042073529013e-08,0,0.0004956429937522637,success,True,0.9899561360070948,0.0037615985647493294,0.018502271991667856,0.004542705811231545,True,1.622854411613032e-08,primary_success,476,True,2.2100379270937846e-05,0.007469285609085384,2.0636176087396848e-05,-0.954689934909297,-35.1072849254351,-1.0716146328771816,98,7.7102956531513005,0.002401108823425249,7.668444090395936,0.2744785450182583
0.15169981339224012,0.27805854509562666,8.682752677884382e-08,0,0.0004783610338617938,success,True,0.8573497509933077,0.0036924860865207377,0.017005466375965266,0.004447006038322673,True,1.600655772870937e-08,primary_success,393,True,1.7996943329821306e-05,0.00739459275299453,1.9775862704878312e-05,-0.9557324202213915,-35.43258399637478,-1.0691297841285392,99,7.599994596392327,0.002372360749885703,7.558071018157121,0.2733637437150695
0.15173014523583228,0.2780787921532207,8.528065334607218e-08,0,0.00047683464424854805,success,True,1.0724779960000888,0.003650978384157746,0.01550819703111085,0.004381762173072496,True,1.5041657809660328e-08,primary_success,534,True,1.5502240458528795e-05,0.007320646825464585,1.9199839741369004e-05,-0.9567834793365255,-36.20415527585181,-1.0645422264190338,100,7.512520442409924,0.0023538039856480695,7.470768257102073,0.27239051525274477
0.15176049102435224,0.2780967351083774,8.895998571435918e-08,0,0.0004940747250202599,success,True,1.4411284849920776,0.003676296877168602,0.015496567582489143,0.004411315818497753,True,1.5032258753816397e-08,primary_success,768,True,1.9286719504729865e-05,0.007247440357209939,1.9459707250528502e-05,-0.9578264204420933,-37.10327635690829,-1.1074631527885253,101,7.499570338985105,0.002343381716040413,7.458195615650466,0.27196616456501865
0.15178738906824987,0.2781130234918373,8.41341531194751e-08,0,0.0004743035476425552,success,True,0.9280119409959298,0.003624871134379032,0.01573752072274125,0.004345923115423474,True,1.4555154567258972e-08,primary_success,446,True,1.5007740264952871e-05,0.007174965953637839,1.8887047725172085e-05,-0.9578732454098148,-37.822735631879716,-1.0537875585061847,102,7.438112859968167,0.0023268687229489504,7.396712319290053,0.2713260099892868
0.1518120413056788,0.2781297528318743,8.239644503280464e-08,0,0.00046896132885946245,success,True,1.2377894470118918,0.0035948988374510976,0.016542135020324863,0.004304646842018563,True,1.4143850888841226e-08,primary_success,641,True,1.8481173147852062e-05,0.007103216294101461,1.8529984434500384e-05,-0.9580555628784322,-38.369341852728496,-1.0523250192720608,103,7.387646152119911,0.0023096622662025627,7.3454612102598436,0.27086676818813454
0.15183286091802747,0.27814625282802624,8.572088012503743e-08,0,0.0004907995986164763,success,True,1.331679768016329,0.003581780879570094,0.016420516754046932,0.004279061288932591,True,1.4187806108886566e-08,primary_success,699,True,1.5166329509807837e-05,0.007032184131160447,1.8310365514441443e-05,-0.9583997208688739,-38.883445628156586,-1.0494526457935613,104,7.361331083360503,0.0023023355463524064,7.318826888796132,0.2708445152119468
0.15185252663542206,0.27816315022584776,8.235886718950092e-08,0,0.00047693471784215164,success,True,0.8935207710019313,0.0035439094838646307,0.016103555307315713,0.004230751443870751,True,1.3312231376997103e-08,primary_success,423,True,1.5417671613072358e-05,0.006961862289848842,1.789925777981445e-05,-0.9586074073578073,-39.254408369168864,-1.0506945442161988,105,7.274267762091753,0.002282672001785514,7.231512459771283,0.27024277448517564
0.15187162384135666,0.2781801630573181,8.252916012546474e-08,0,0.0004776589396301013,success,True,1.1710457590234,0.0035330744204662774,0.020640253047670195,0.0042330714560470575,True,1.2371591815609893e-08,primary_success,599,True,1.4412726620382516e-05,0.006892243666950354,1.7918893952000353e-05,-0.958721117918221,-39.459970112167426,-1.0534460165086936,106,7.303577168203718,0.002280022564662542,7.2618666201941595,0.27039429765270895
0.1518898293329302,0.27819720303103224,8.05152447548451e-08,0,0.0004760543035300233,success,True,0.9943433690059464,0.0034786067004737484,0.015388244464743918,0.004143694284173817,True,1.2591669484657669e-08,primary_success,487,True,1.0735062395811333e-05,0.00682332123028085,1.7170202320694764e-05,-0.9589433898614861,-39.37933716554284,-1.05676298584649,107,7.175941261118048,0.0022529950974831004,7.135457114545461,0.26957238078014445
0.15190789804457522,0.27821482460310576,7.938578819963385e-08,0,0.00047506456387594103,success,True,0.821952288999455,0.003443480368069799,0.01514769368541096,0.004094078907975415,True,1.1795969688665019e-08,primary_success,375,True,9.932240416032936e-06,0.006755088017978042,1.6761482104729162e-05,-0.9591958504891233,-38.994083665884816,-1.0602175397728086,108,7.1070666929372885,0.002239393018044136,7.066552988204896,0.269177343834001
0.15192570452584803,0.2782322466890897,8.25992440185945e-08,0,0.0004992007718979811,success,True,0.8289311480184551,0.003409087557600062,0.014968993885807165,0.004053842847160369,True,1.1913178182202272e-08,primary_success,382,True,1.2452254998646219e-05,0.006687537137798262,1.6433641829473284e-05,-0.9594270825800936,-38.440317556020766,-1.063559422148129,109,7.0314943453341,0.0022236421931298676,6.990825296255326,0.2686778744232931
0.15194355875545656,0.27824905139545775,7.957820544202473e-08,0,0.00048516847766203884,success,True,0.7943212949903682,0.003377102483833084,0.0147991634295887,0.004018534020851442,True,1.1020601646932129e-08,primary_success,359,True,9.557600575528421e-06,0.00662066176642028,1.6148615676740454e-05,-0.9595587804022561,-37.813969540476734,-1.0665761885351646,110,6.978131303533,0.002210869392939169,6.937100130594416,0.26832012489950885
0.15196265048545657,0.2782657546606273,7.963965940103925e-08,0,0.0004887833741365724,success,True,1.1316482149995863,0.003352623393186137,0.01460394025804147,0.003991894484488498,True,1.0615069918925405e-08,primary_success,574,True,1.0667360215452237e-05,0.006554455148756077,1.5935221575289694e-05,-0.9596758424655926,-38.19909182401935,-1.0692345720867644,111,6.916088097426562,0.002201113675003133,6.874264045735322,0.26792747447855936
0.15198341456744546,0.2782816868527916,7.961689174189584e-08,0,0.0004900343193927694,success,True,1.1978671289980412,0.003347982654630785,0.014362212788444276,0.003980565789950323,True,1.020528960755001e-08,primary_success,615,True,9.889486956346285e-06,0.0064889105972685155,1.5844904008122838e-05,-0.9598227574170666,-39.30688264947109,-1.0707217185673308,112,6.951904878503392,0.002197943458083651,6.898016472195803,0.26804231771231357
0.15200559868315572,0.278296892807476,7.887394100248585e-08,0,0.00048815556842282784,success,True,1.2414906269987114,0.0033254848315148566,0.016500939148272182,0.003958597790463178,True,9.682583150127197e-09,primary_success,640,True,1.2040961400607463e-05,0.006424021491295831,1.567049646665996e-05,-0.9599833787377179,-40.18986874580051,-1.0661406208529465,113,6.871770068546063,0.0021845339472006107,6.818198499936429,0.2673211872141889
0.1520276301449767,0.27831153242462336,8.077892712162076e-08,0,0.0004976581385843813,success,True,1.0151366450008936,0.0033128953560415697,0.017521804811741152,0.003976793628070329,True,1.0533426622096915e-08,primary_success,485,True,1.6647241206006088e-05,0.006359781276382872,1.5814887560260776e-05,-0.9601743252532632,-40.856360069913826,-1.0689369797881465,114,6.810530354752378,0.0021694673376650097,6.762407175651424,0.2666023749563707
0.15204842784131245,0.2783274095439858,8.033486283913296e-08,0,0.0004998612772017577,success,True,1.3851868369965814,0.003284526919390097,0.016298745616432513,0.00393750072135381,True,9.97873352064039e-09,primary_success,733,True,2.5075596680484637e-05,0.006296183463619044,1.5503911930661773e-05,-0.9604067633467802,-41.26478025501506,-1.073706251585953,115,6.774817318592167,0.002156757602376719,6.729191844696938,0.266211399947655
0.15206688608863952,0.27834391871786757,7.960129964780082e-08,0,0.0004991296012168895,success,True,0.9421513809938915,0.0032648753009823545,0.01601944343284462,0.00390726544091236,True,9.904455153678991e-09,primary_success,440,True,1.787642653715508e-05,0.006233221628982853,1.5266723225748057e-05,-0.9606890859206505,-41.93469732319693,-1.0742816010779097,116,6.6983100470600885,0.0021402088628502637,6.657911311543298,0.26543425124976144
0.1520826945000849,0.2783603677353123,6.978842703395398e-08,0,0.00044137256651468167,success,True,0.9162638730194885,0.0032356204514267404,0.015773117801213606,0.003873862111171782,True,9.693103452315252e-09,primary_success,434,True,1.5339282058668834e-05,0.0061708894126930244,1.5006807656372296e-05,-0.9610145553258882,-42.47177255895048,-1.0750539331148534,117,6.643580389324476,0.0021284119877654274,6.604204769317199,0.2650743744251582
0.15209807172345757,0.2783777900407991,7.790470111195204e-08,0,0.000496798844844759,success,True,0.8780773359758314,0.003208310705201368,0.015573226128295283,0.0038419275669597207,True,9.140266169015174e-09,primary_success,412,True,1.2051108271101115e-05,0.006109180518566094,1.4760407429765043e-05,-0.9613645630695767,-43.075747792878026,-1.0753678573304533,118,6.573603086562541,0.0021103297044669676,6.534733469487775,0.2646376620885354
0.15211375343160422,0.278396393662017,7.143558346030551e-08,0,0.00045889369741657706,success,True,0.8561635949881747,0.00318660529404529,0.01535243171150301,0.003813893728831721,True,8.626518465347873e-09,primary_success,400,True,9.13296539069005e-06,0.006048088713380433,1.4545785374821936e-05,-0.9617021613085535,-43.711477191539345,-1.0765535592818722,119,6.523193358605967,0.0020988789697939697,6.4847495040778975,0.2643589613525467
0.15213046001602065,0.2784160214336944,7.61908332393189e-08,0,0.0004926134474378623,success,True,1.034282742999494,0.0031717323360942813,0.015131341109550415,0.003789331014149331,True,8.46188840214284e-09,primary_success,466,True,5.277156393553581e-05,0.005987607826246628,1.4359029534794e-05,-0.962007159273469,-44.330399069154744,-1.078119632087035,120,6.483713433917008,0.002088854914736796,6.445648999105797,0.2641139732998048
0.15214598264840934,0.27843389983377725,7.644764823885076e-08,0,0.00049719172917629,success,True,0.918008931010263,0.0031615009980083654,0.015028276622631436,0.003767092797289359,True,1.0064673149027476e-08,primary_success,423,True,1.1404587131353963e-05,0.005927731747984162,1.419098814338937e-05,-0.962291450966562,-44.992676712236815,-1.0795512032428636,121,6.461514177724593,0.002082279727252315,6.423282107410836,0.2639454965687728
0.15216375664835624,0.2784527802435234,7.625048210692004e-08,0,0.0004981562577716816,success,True,0.790625761001138,0.003150262679136112,0.015042168737837302,0.003750102066319436,True,9.828402859538088e-09,primary_success,361,True,1.1308774273184309e-05,0.00586845443050432,1.4063265507813305e-05,-0.9625537835387319,-45.62502292977848,-1.0804026469525119,122,6.450353858758021,0.002078530649924596,6.411826641353207,0.2638727727062271
0.15218293517865866,0.2784719631448064,7.431141457914177e-08,0,0.0004886048893747881,success,True,0.8429292959917802,0.0031317108466402876,0.014927317670428276,0.003726179775889319,True,9.3695489949025e-09,primary_success,392,True,8.112144140642191e-06,0.0058097698861992765,1.3884415722246576e-05,-0.9627964756330984,-46.00815109059025,-1.0803472683062982,123,6.4198021693522955,0.002068737544882922,6.380731833451485,0.26361284872946317
0.15220308579938543,0.2784913245668012,7.445380754779062e-08,0,0.0004921777030398031,success,True,0.8795543260057457,0.003117818576412464,0.014730396723993336,0.003706218858868849,True,8.174079655547612e-09,primary_success,411,True,9.44829859290435e-06,0.005751672187337284,1.3736058229835113e-05,-0.9630374902999954,-46.137473285582935,-1.07916646919136,124,6.383142452528667,0.0020568992262650163,6.343414221925864,0.26328327057034207
0.1522226916089572,0.27851002282491183,7.266198527466022e-08,0,0.00048110964804668626,success,True,1.6019644489861093,0.003112430317292387,0.0145152901047595,0.003700234752009016,True,8.505619814747676e-09,primary_success,868,True,2.2247662403045076e-05,0.005694155465463911,1.3691737219975225e-05,-0.9632828268111222,-46.133898197539466,-1.076329143671254,125,6.337728655389674,0.002048807298071292,6.2974248578831435,0.26292917118287706
0.15224242705911178,0.27852920282819504,7.219414182116038e-08,0,0.0004812217216548011,success,True,1.6971590030007064,0.0030906599711269965,0.014423652350916059,0.00367555410536357,True,9.012807215776161e-09,primary_success,931,True,8.483465970001813e-06,0.005637213910809271,1.3509697981454995e-05,-0.9635430516198396,-46.04991247788564,-1.0628631457644229,126,6.3090102059124495,0.002042396860200149,6.2683017043976745,0.2627960524768372
0.1522614236131148,0.27854715607177644,7.437765909736281e-08,0,0.0004979913185507071,success,True,0.8111282179888804,0.0030735121963056094,0.014332940746156493,0.003659205652798627,True,8.202434571295404e-09,primary_success,379,True,8.546864574009267e-06,0.005580841771701178,1.3389786009473427e-05,-0.9638264024070182,-46.18928644238958,-1.0631355355169476,127,6.279605042396211,0.0020353252132677443,6.2394668265848825,0.2626720228087604
0.1522800070485727,0.27856394053116945,6.983813980486993e-08,0,0.0004700807883840563,success,True,0.83409228301025,0.003056432279579092,0.01423769855852955,0.0036398731186210423,True,7.813802739114831e-09,primary_success,384,True,7.540456470373501e-06,0.005525033353984166,1.3248676319660072e-05,-0.9641335190953921,-46.58951980130564,-1.0656663195677025,128,6.248520883345171,0.0020268810317515687,6.209164881580503,0.26252520088541115
0.1522984981133555,0.2785795552189723,7.474865656809401e-08,0,0.0004961478501853758,success,True,1.2295409049838781,0.0030949902389533074,0.014121496975846713,0.003691121679221342,True,6.809486546799907e-09,primary_success,644,True,1.2245340844608241e-05,0.005469783020444325,1.3624379250817778e-05,-0.9644626053131635,-47.01620365200276,-1.0805273937363462,129,6.345079142034725,0.002046269168677685,6.305606841399976,0.26330093953148953
0.1523165397991406,0.27859374026393297,7.331228956222291e-08,0,0.00047934216569457065,success,True,1.2856254559883382,0.003121813214726241,0.016912306527400365,0.0037471168255599294,True,6.8779252480681335e-09,primary_success,657,True,8.720856666186623e-06,0.005415085190239881,1.4040884504394325e-05,-0.964819030644658,-47.20329508293955,-1.0821953200493217,130,6.303929515372426,0.0020338306523070082,6.264333034149837,0.26308536358346535
0.15233462720884267,0.27860762614806667,7.57165812464635e-08,0,0.0004987225518488579,success,True,0.7806110329984222,0.003097545935274353,0.016591940964320463,0.003719615713509074,True,6.965159667557065e-09,primary_success,361,True,7.891716228509175e-06,0.0053609343383374825,1.383554105618362e-05,-0.9651802855921348,-47.407795808940655,-1.0833846339547142,131,6.268126580227245,0.002024970906227468,6.2296281897531545,0.26283524383265106
0.15235286597859696,0.27862124401160465,7.328880876017924e-08,0,0.000486558576070864,success,True,1.2060135430074297,0.0030790336615107816,0.015827970106105173,0.0036903589884784553,True,7.276855860425557e-09,primary_success,617,True,7.830401945873369e-06,0.005307324994954107,1.3618749463843727e-05,-0.9655422596961541,-47.51771018528112,-1.0833248867708578,132,6.236771065652561,0.002016638784350656,6.19880050636594,0.2625648739170026
0.1523702947939354,0.278633970503008,6.855242347291449e-08,0,0.00045947610605602556,success,True,1.5450840039993636,0.003055272552055589,0.014748652906597912,0.003655324733864644,True,7.016778808473563e-09,primary_success,818,True,1.217606961603007e-05,0.005254251745004566,1.3361398910002632e-05,-0.9659068395285788,-47.51409705394671,-1.0782504851959147,133,6.180458063556375,0.002003300877269805,6.1428948430991825,0.2622118860111742
0.15238841125805117,0.27864659741800873,7.034215232137375e-08,0,0.00047532844641165836,success,True,0.8714502720104065,0.00303637085513281,0.013600609461864383,0.003625667146335948,True,7.071519617069591e-09,primary_success,411,True,6.687598108399265e-06,0.005201709227554521,1.314546225601986e-05,-0.9662884010158468,-47.459458136013644,-1.0714487089306806,134,6.138147331147958,0.0019940856609643493,6.100466332926202,0.26191662749790545
0.1524067792542201,0.27865891082848504,7.167061748500824e-08,0,0.0004875495917871809,success,True,2.999573203996988,0.0030213091624500072,0.013350449973600829,0.0036015415825620847,True,7.334560012530532e-09,primary_success,1790,True,8.469872633643078e-06,0.0051496921352789755,1.2971101770923803e-05,-0.9666989199504508,-47.481221200496755,-1.0716668108365757,135,6.137570713259594,0.0019923182604313604,6.099973271490856,0.26186629314517246
0.15242543303045078,0.2786710164684347,6.822533269366076e-08,0,0.00046769661347697335,success,True,1.0411860690219328,0.0029989499788384316,0.013348311544694862,0.0035739421728290632,True,6.855971498985717e-09,primary_success,530,True,7.069197450567537e-06,0.005098195213926186,1.2773062654726127e-05,-0.9671364845502615,-47.56727817904259,-1.0732425281283204,136,6.11232892121396,0.0019863871277617557,6.074209553583166,0.2616608192473914
0.1524445063713469,0.2786829731121129,6.943914945098096e-08,0,0.00047970075624838727,success,True,0.8994262630003504,0.0029777930853413337,0.013352255591592015,0.003546500895379302,True,6.313148857677016e-09,primary_success,430,True,7.649228321324875e-06,0.005047213261786924,1.2577668600926192e-05,-0.9675901919768024,-47.79250438475225,-1.0755829638147811,137,6.084237366915101,0.001974587831999908,6.045781814776283,0.2613913985366349
0.15246286369279333,0.27869415875174325,7.042931033669574e-08,0,0.0004892896649155426,success,True,0.8612478819850367,0.002960399880950525,0.013367581097254447,0.0035265778678298695,True,6.501158707687622e-09,primary_success,411,True,6.744424190766768e-06,0.004996741129169055,1.2436751457867472e-05,-0.9680293673032672,-47.68634915512412,-1.0783623748521602,138,6.060110279764348,0.001969115048445516,6.02159752313202,0.26127228273289743
0.15248091855281276,0.27870471461346685,6.47512726884649e-08,0,0.0004521175624706631,success,True,0.7784737620095257,0.0029455204233590736,0.013380027743890455,0.0035088355608179416,True,6.19266807296506e-09,primary_success,359,True,6.405558318905472e-06,0.004946773717877364,1.231192699286056e-05,-0.9684394139122078,-47.741420322569624,-1.0814945057440348,139,6.03761625383292,0.0019629887098187833,5.9991818534734,0.26112543101645874
0.15249871221205216,0.2787145615161844,6.626511832776722e-08,0,0.0004647448136871386,success,True,0.9322172859974671,0.002933543530782564,0.013371949096171174,0.0034933050379841717,True,6.253116316511097e-09,primary_success,460,True,6.9391112940672805e-06,0.00489730598069859,1.2203180088405597e-05,-0.9688235334617977,-48.01762002832726,-1.0848098106572128,140,6.015730978226412,0.0019552325678107553,5.977454421069143,0.2609324204214057
0.1525158126997223,0.2787234361028108,6.912885165564755e-08,0,0.0004869051287794374,success,True,1.025040075997822,0.0029214624816055,0.013326591038577515,0.003478412457492458,True,6.174998574351701e-09,primary_success,498,True,1.3420228005966352e-05,0.004848332920891605,1.2099353224438724e-05,-0.9691791099736384,-48.14664952621327,-1.0881429421068394,141,5.998225355701027,0.0019514889085781087,5.960293891062553,0.2607984969523541
0.15253137943982212,0.2787312890478262,6.686731931141528e-08,0,0.0004723591932035152,success,True,1.1651543890184257,0.0029132324006547685,0.013253412096279235,0.0034682278797606406,True,5.873333254899639e-09,primary_success,592,True,6.652713204712859e-06,0.004799849591682688,1.2028604625948989e-05,-0.9694908038123577,-48.23514156577131,-1.091779877383059,142,5.967372700911128,0.001943600937367834,5.929974698419988,0.26061727095168136
0.1525460649168555,0.2787388324654557,6.759781811039557e-08,0,0.0004794121608598896,success,True,0.914324513025349,0.002900846841937524,0.013204552559524931,0.0034545359482207796,True,5.427733598266611e-09,primary_success,443,True,6.387525247961633e-06,0.004751851095765861,1.193381861754964e-05,-0.9697486252102803,-48.482758922779105,-1.0950722198755105,143,5.932519597492805,0.001932387321998849,5.895562920765906,0.26034901728077653
0.1525598949046974,0.27874612658140624,6.740203418025605e-08,0,0.00048018264992705456,success,True,0.752086281980155,0.0028861980371734214,0.013178928662361864,0.0034390035493101065,True,5.3053617073809794e-09,primary_success,341,True,5.895903584116445e-06,0.004704332584808202,1.182674541216751e-05,-0.9699705719495578,-48.59023842012827,-1.09829455841927,144,5.8977747576972375,0.0019230344604296656,5.861192716304155,0.260112711364061
0.15257340860669769,0.27875355238526756,6.905186937232738e-08,0,0.0004938554107028135,success,True,0.936362590000499,0.002871850447795892,0.013162852009282798,0.0034256398997723537,True,5.544835421940156e-09,primary_success,454,True,1.1183946044030013e-05,0.00465728925896012,1.1735008722912343e-05,-0.9701720473306285,-48.388734400011344,-1.10160983081814,145,5.8655852734649,0.0019167760672951944,5.829295128439739,0.2599188793003098
0.15258694206415335,0.2787616216048006,6.888411217567337e-08,0,0.0004944564342051302,success,True,0.9345619200030342,0.0028609535039391264,0.013111250735737469,0.003413163691594019,True,5.210080104337099e-09,primary_success,454,True,6.775648107667272e-06,0.004610716366370519,1.1649686385615713e-05,-0.9703572440412972,-48.74107492270342,-1.105567931522751,146,5.833434918863121,0.0019091837634933894,5.797410879046853,0.25972286236765507
0.15260028473535353,0.27876986119215263,6.940558221648132e-08,0,0.0004996517684901697,success,True,0.8653306259948295,0.0028517806901411412,0.01303351518872073,0.0034032437620347324,True,4.697745422203432e-09,primary_success,420,True,6.16669160750339e-06,0.004564609202706814,1.158206810382832e-05,-0.9705310624342579,-49.0466838382023,-1.1092460659156884,147,5.81330678180102,0.0019047213154177926,5.777705361357951,0.2596278887188611
0.15261374543317566,0.2787782068210903,6.760275247773542e-08,0,0.00048823908372120695,success,True,0.8493167660199106,0.002841465097344914,0.012953589428366125,0.003392328658084807,True,4.855355649365108e-09,primary_success,401,True,6.409735379956272e-06,0.004518963110679746,1.1507893724463468e-05,-0.9707112508722846,-49.05287623372311,-1.1127157256205278,148,5.788983647326217,0.0018988091028936793,5.753889795995124,0.25948515094453295
0.1526272774208696,0.27878654534135033,6.802429741000724e-08,0,0.0004923866009132964,success,True,1.3292609420022927,0.0028355240723564007,0.012926224107606814,0.003384729160894949,True,4.525040726359863e-09,primary_success,697,True,6.5778204003945745e-06,0.0044737734795729485,1.1456391492612625e-05,-0.9709091016625064,-48.83584630468658,-1.1160521029504018,149,5.773346358982981,0.0018943792564395279,5.738823362100708,0.2593715758951804
0.152640557290519,0.2787951389323114,6.737351398295455e-08,0,0.0004898234832072598,success,True,0.8484165249974467,0.002822426423021253,0.012899094992407531,0.0033698896626480103,True,4.699547679421911e-09,primary_success,406,True,7.231745561420547e-06,0.004429035744777219,1.1356156338421924e-05,-0.9711259178395301,-48.72966502985632,-1.1192343115227175,150,5.749655872540868,0.001888003787144149,5.715594274528173,0.2592052259838737
0.1526537679560888,0.27880418820831027,6.730316764117191e-08,0,0.0004912415269765362,success,True,2.6448626780183986,0.0028096692486475772,0.012846589245320329,0.003356653533257728,True,4.522365070105842e-09,primary_success,1546,True,1.2254550990245232e-05,0.004384745387329446,1.126712294233159e-05,-0.9713564390077896,-48.51541650442156,-1.121005856423433,151,5.73512311578029,0.0018848260277227983,5.701464206023599,0.259123515280945
0.1526675155280407,0.2788141361596095,6.577747535688122e-08,0,0.0004820677365366486,success,True,0.9627334079996217,0.002798481285085103,0.01275492147181113,0.0033429910863181653,True,4.646831132281108e-09,primary_success,459,True,5.830563179047222e-06,0.004340897933456152,1.1175589403202706e-05,-0.9715980086290422,-48.52988127105781,-1.1232180850412343,152,5.707532137891446,0.0018771198124244597,5.6740654532585,0.25889012129308
0.15268111823584712,0.27882423456930366,6.148713823288645e-08,0,0.0004520423199496766,success,True,0.9138534250087105,0.0027890934794122762,0.012659810536814812,0.003332508529009897,True,4.200735598726778e-09,primary_success,441,True,6.650473196769908e-06,0.00429748895412159,1.110561309592371e-05,-0.9718482060193107,-48.624100456089785,-1.1257278193862952,153,5.685514401425282,0.0018712673599370407,5.652153882431654,0.25872736945855324
0.15269439698039045,0.27883440105349966,6.811490997082574e-08,0,0.0004994109582362239,success,True,1.443465253978502,0.0027956052037971615,0.012612075458050676,0.003341567233884909,True,4.39826461136818e-09,primary_success,770,True,1.168248784971293e-05,0.004254514064580374,1.1166071578573241e-05,-0.972094044857572,-49.00344348207532,-1.1368981004484113,154,5.682786044558494,0.001873200043100933,5.649488645604372,0.25872967870510427
0.15270810875673035,0.27884474021837874,6.779464449687463e-08,0,0.0004928266946605625,success,True,1.6849878090142738,0.0028017266123686563,0.01834515761719469,0.0033702898162150724,True,4.4709773487744295e-09,primary_success,923,True,9.024337716945628e-06,0.00421196892393457,1.1358853445283025e-05,-0.9723148156906003,-48.80864590877083,-1.1375553355328036,155,5.715232755656296,0.0018752404421107718,5.6824740305783585,0.259002792527282
0.15272128491825737,0.27885545887626667,7.092823398538966e-08,0,0.0004975851735060467,success,True,1.8883081499952823,0.0028986492363463202,0.01734722083151013,0.0034923503053712456,True,4.2890004105321455e-09,primary_success,1066,True,1.176719952219912e-05,0.004169849234695225,1.2196510655426635e-05,-0.9724934293069923,-48.84909579022235,-1.1384324918830804,156,5.808682417068384,0.0018956434562496776,5.775184959068507,0.25994432422280617
0.152732585586625,0.2788646719062118,7.028920715782284e-08,0,0.0004915477640493072,success,True,1.4191796079976484,0.0028957441361364355,0.017352938973017477,0.003503394179194999,True,4.478141244207772e-09,primary_success,748,True,1.7348364172383053e-05,0.004128150742348273,1.2273770774817399e-05,-0.9726441975374239,-49.18493584313933,-1.1391617677469947,157,5.820604376061489,0.0019132456274626802,5.787633388673688,0.26019285194672254
0.1527415648250969,0.27887203854732917,6.950587465274059e-08,0,0.000492691148439487,success,True,1.556343862990616,0.0028657361711413813,0.017492879108778177,0.003456311188836582,True,5.241780432171516e-09,primary_success,842,True,1.12283426941645e-05,0.0040868692349247905,1.1946087034076945e-05,-0.9727605601776352,-49.4374364949036,-1.1286836226089028,158,5.803129344293415,0.0019094108130311219,5.770524594971549,0.2600586337471566
0.15275047383526968,0.2788784988322052,6.831173492525337e-08,0,0.0004902359687974896,success,True,0.9599985649983864,0.002838917735728261,0.01767159056153416,0.0034139426973789967,True,6.0085001033647165e-09,primary_success,461,True,8.202232592690734e-06,0.004046000542575543,1.165500474098738e-05,-0.9728815762715873,-49.449073844280186,-1.128257390197978,159,5.7779427618907615,0.001903219543204745,5.744890437973071,0.2598368922937882
0.15275991055853233,0.2788845624004626,6.747570974989881e-08,0,0.0004885656174232546,success,True,0.9492771989898756,0.002817692935464349,0.017793657754379518,0.003383690603508757,True,6.258660122914535e-09,primary_success,462,True,7.64064072144246e-06,0.0040055405371497875,1.1449362100273458e-05,-0.9730162602082779,-49.415754686563446,-1.1277079238229417,160,5.753989629146106,0.0018963110705405152,5.72040812530879,0.2595993861209188
0.15276997745785578,0.27889079058252947,6.653831370002095e-08,0,0.00047819561048363494,success,True,1.0749192600196693,0.00282963127480889,0.018097194290808524,0.003409041509188638,True,6.284491768224641e-09,primary_success,520,True,9.897822764983607e-06,0.003965485131778289,1.1621564011371152e-05,-0.9731612980190669,-49.42213522757509,-1.1273138582969857,161,5.762166750299458,0.0019057263701390396,5.728739806493647,0.2596543630778417
0.15278057511982793,0.27889791114918605,6.628738237657257e-08,0,0.00047890606339785063,success,True,0.8504117679840419,0.002815199652327039,0.018209202459435,0.0033911470168145642,True,6.028338483512082e-09,primary_success,411,True,8.420153448042602e-06,0.003925830280460506,1.1499878089650317e-05,-0.9733078808297814,-49.531149970087164,-1.1272639280756207,162,5.73964978961898,0.0019000838811713643,5.706629303971907,0.2594572524083998
0.15279124941734212,0.2789057268830418,6.781713123616514e-08,0,0.0004855058806270785,success,True,2.4497890369966626,0.0028432067027838247,0.01842081533101563,0.003422244264353771,True,6.290895500794777e-09,primary_success,1431,True,1.8404144421898223e-05,0.0038865719776559012,1.1711755804902283e-05,-0.9734467363909737,-49.63807468283164,-1.1273688390580459,163,5.79099195641903,0.001907364312404753,5.75890253617679,0.25961763737309124
0.15280059832745793,0.2789133598927545,6.725686907075144e-08,0,0.000491934020499558,success,True,1.2874934329884127,0.002781815449638571,0.018669329444569893,0.003349622558244863,True,6.560625159436287e-09,primary_success,663,True,8.652306078252553e-06,0.0038477062578793422,1.1219971282702862e-05,-0.973588669727763,-49.68671901422418,-1.127847139270274,164,5.668929087923348,0.0018834910973704556,5.63626579312136,0.25898801169655195
0.1528100004274579,0.2789209959575238,6.620154794400756e-08,0,0.00048684777090995295,success,True,0.9510459319863003,0.002772514212072767,0.018761081889427555,0.003331509398916767,True,6.05867480607194e-09,primary_success,456,True,1.061918273922117e-05,0.0038092291953005487,1.109895487507076e-05,-0.9737375878577367,-49.79969684846783,-1.1295525525080374,165,5.642180196425086,0.0018755182120459835,5.609141824114311,0.2588251358934786
0.15281973826262327,0.2789284988701411,6.426884369681272e-08,0,0.0004754593652375484,success,True,1.0279787490144372,0.002765463228500047,0.01800249650523738,0.003311716595981275,True,6.2155974438552565e-09,primary_success,500,True,9.707018116800129e-06,0.003771136903347543,1.0967466812097803e-05,-0.9738875011022867,-49.892417361608096,-1.1364669703574324,166,5.625838425202869,0.0018645606677854443,5.592912316560038,0.2586759238150663
0.1528292184681475,0.27893520526988347,6.225680285919968e-08,0,0.0004622437123222118,success,True,0.8476412709860597,0.0027546832982750253,0.01754229361386363,0.003299756447497487,True,5.7645746559222094e-09,primary_success,403,True,7.817587935017047e-06,0.0037334255343140677,1.0888392612801236e-05,-0.9739528074843489,-49.9863210335958,-1.1367239780532477,167,5.613089652631967,0.001858461202024875,5.580674516499143,0.2585698632712835
0.1528385352574723,0.2789411572550167,6.549250462020244e-08,0,0.0004883161476326798,success,True,0.8541805839922745,0.0027430765754769275,0.016926127602889907,0.0032859170661748084,True,5.8880752624957216e-09,primary_success,403,True,8.145072313970078e-06,0.003696091278970927,1.0797250965778861e-05,-0.9740559157069341,-50.11546161623565,-1.1371583426018044,168,5.602696815029732,0.001852156556368004,5.570880211014161,0.25845977171394663
0.1528475873093441,0.27894650454510633,6.100329539183399e-08,0,0.00045669040193195955,success,True,0.8712312380084768,0.0027334903221490634,0.016321057276039795,0.003272634438510937,True,5.574417956461768e-09,primary_success,415,True,7.280070723184593e-06,0.0036591303661812177,1.0710136168127796e-05,-0.9742219132315486,-50.232782969594574,-1.1377046631001948,169,5.5908122580265935,0.001846595876242787,5.559721249268013,0.2583495258397064
0.152856373032301,0.2789515842544051,6.239427389668225e-08,0,0.0004690704752335079,success,True,0.8331234979850706,0.0027224238219188497,0.01584732854284436,0.0032589126606353412,True,5.129428154701391e-09,primary_success,390,True,7.102106806704921e-06,0.0036225390625194056,1.0620511729649318e-05,-0.9743987572641215,-50.28924889213449,-1.1383087633359208,170,5.565638757606162,0.0018391892993989075,5.535250797554716,0.25817185264774806
0.15286501108460898,0.27895667404560237,6.336307785910115e-08,0,0.0004786102310972466,success,True,0.7670955089852214,0.0027081450731901496,0.015427787505446898,0.0032435483127659127,True,4.649218389831432e-09,primary_success,350,True,6.177082541792858e-06,0.0035863136718942115,1.0520605657246602e-05,-0.9745320709920618,-50.296360272565295,-1.1389147204134356,171,5.53024137687444,0.0018300099064549376,5.500429170133622,0.2579411536940109
0.15287364367801698,0.2789619000599674,6.587301269962179e-08,0,0.0004996978057519786,success,True,0.8433872839959804,0.0026959109978156237,0.014973263573226928,0.003229729633717415,True,4.45884947040393e-09,primary_success,403,True,5.204185410527296e-06,0.0035504505351752693,1.0431153506912428e-05,-0.9746257780661728,-50.36333809691628,-1.139372843074338,172,5.499537569315391,0.0018219273270699756,5.4701361597834675,0.25775103873910954
0.15288249727648165,0.2789673360410443,6.160750382811383e-08,0,0.00046899776053071666,success,True,0.8714749450155068,0.002686917457744984,0.014494754741874977,0.0032183178062103624,True,4.38371205564452e-09,primary_success,416,True,5.0901695377823915e-06,0.0035149460298235166,1.035756950177068e-05,-0.974712049089044,-50.516300875299734,-1.1396198563772564,173,5.475433929976368,0.0018150749228614588,5.446210938345929,0.2576050268213972
0.15289183837589876,0.2789730962628963,6.442917777245064e-08,0,0.0004921397968055883,success,True,0.8500017690239474,0.002677186111467064,0.014007361179310295,0.003207452162314374,True,4.2519051138199655e-09,primary_success,409,True,5.417380776847392e-06,0.0034797965695252814,1.0287749373535154e-05,-0.9748246403432304,-50.66186985844178,-1.1392745298534706,174,5.451120085391882,0.0018081303042069784,5.421879205140825,0.25744750803400845
0.15290165752659876,0.27897922566274885,5.989260033938997e-08,0,0.0004581327723333026,success,True,1.060039609001251,0.0026688302729764566,0.013511923508792077,0.0032029332912414045,True,4.1268889362376896e-09,primary_success,543,True,6.114338677519383e-06,0.0034449986038300284,1.0258781668142496e-05,-0.9749669728797445,-50.7295799378245,-1.1323746796960252,175,5.430205949564117,0.0018015585362598666,5.400989327322573,0.257306973012813
0.1529119048370039,0.2789858241983274,6.423881278369688e-08,0,0.00048048393935886356,success,True,1.4481115880189463,0.002712079876136035,0.015582791900891261,0.0032755536330738764,True,3.9679410842290685e-09,primary_success,794,True,8.143655619670962e-06,0.003410548617791728,1.0729251603143471e-05,-0.9751012456915372,-50.778164833355795,-1.1277942688237423,176,5.562847907221612,0.0018234192479039332,5.5339674356726,0.2583447370990608
0.15292083260346728,0.27899187427278654,6.594623819574119e-08,0,0.0004970179681690704,success,True,0.8460488600248937,0.0026954564217693535,0.015020373185975744,0.0032507533716488357,True,4.112496540582709e-09,primary_success,404,True,8.559888423319811e-06,0.003376443131613811,1.0567397483286273e-05,-0.9752411363881689,-50.911974446479924,-1.1289026768153576,177,5.5036782028642275,0.0018091526045081931,5.475216670346575,0.2579217211883551
0.15292881330256514,0.278997726179026,6.643599986927251e-08,0,0.0004893519731912172,success,True,1.8503814410069026,0.002721820922630458,0.020278858765603546,0.003326198903792199,True,4.2742216272509676e-09,primary_success,1025,True,2.2005189677645694e-05,0.0033426787002976727,1.1063599147588426e-05,-0.9754004006203776,-51.027640347001366,-1.1329453552590427,178,5.398666579158888,0.0017905882222093608,5.3668467180063955,0.25718398680787274
0.15293704260866164,0.27900375519924503,6.505666916290797e-08,0,0.0004980904789309048,success,True,1.334268616978079,0.002662541192220763,0.012260069199995201,0.0031999977150985646,True,4.737057708576467e-09,primary_success,687,True,7.389195381514987e-06,0.003309251913294696,1.0239985376636035e-05,-0.9755576989555034,-50.976170099841944,-1.1389734462053025,179,5.328292231833708,0.001767018217206255,5.295813192641967,0.25664072569371743
0.152945295780233,0.27900965738369826,6.067377482255459e-08,0,0.0004658044340919111,success,True,0.9231525679933839,0.002654033738777841,0.012323887919707533,0.003191269499292216,True,4.350622106849208e-09,primary_success,448,True,8.654584542537643e-06,0.003276159394161749,1.0184201017112792e-05,-0.9757067094034377,-51.03522964081353,-1.138516690962909,180,5.3208016429340805,0.0017666991734973834,5.288151692842983,0.25664003991248074
0.1529537194107792,0.27901541707401994,6.387906640811953e-08,0,0.0004919053698706214,success,True,0.919505891011795,0.0026469812504351397,0.012406992441347164,0.0031815817083081593,True,4.092272195722628e-09,primary_success,452,True,7.162218004401763e-06,0.0032433978002201318,1.0122462166641064e-05,-0.9758390027796202,-51.15550783459651,-1.1376219845904474,181,5.322390383042516,0.001767069070396897,5.289672787025725,0.25666212251610493
0.1529622602712514,0.2790210074377387,6.337025161770226e-08,0,0.000489195336447359,success,True,0.8344423730159178,0.002640904226208501,0.012441169953658524,0.003173724377482436,True,3.6985451026704197e-09,primary_success,402,True,5.9683602603887785e-06,0.0032109638222179303,1.0072526424226277e-05,-0.9759834869471811,-51.166725252492704,-1.1366903625821667,182,5.314592575403017,0.001765835862019948,5.281891173581224,0.25662182035051645
0.1529707454662149,0.2790264443233113,6.268452590242897e-08,0,0.0004849134153899252,success,True,0.9094917420006823,0.002635165703096858,0.012430311368350426,0.003167103313432928,True,3.698319327062504e-09,primary_success,445,True,7.279740848964607e-06,0.003178854183995751,1.003054339795783e-05,-0.9761305373801595,-51.194661689087035,-1.1359270853013017,183,5.3027863008929055,0.0017635986309685343,5.270234151946485,0.25655813149587386
0.15297934236936447,0.2790318426930953,6.422446694943198e-08,0,0.0004982079594828065,success,True,0.8604857329919469,0.0026264548477847424,0.012402895589324388,0.00315831855013827,True,3.590565080522527e-09,primary_success,419,True,5.901495965109825e-06,0.0031470656421557935,9.974976064147504e-06,-0.9762473842695247,-51.204857119908084,-1.1354819152493687,184,5.287696246258542,0.001759622581769169,5.25532586684998,0.25647430213239036
0.1529878182143195,0.27903721441162826,6.01333822610265e-08,0,0.0004679424868344526,success,True,0.8300937909807544,0.002617717046114083,0.01237476382859418,0.003148395170016605,True,3.3585615666818404e-09,primary_success,406,True,5.9456902373837e-06,0.0031155949857342357,9.912392146583886e-06,-0.9763451497115134,-51.1759819239482,-1.1389227713568812,185,5.271354182001064,0.0017554471468903161,5.2392181157862705,0.2563749626211403
0.15299601363232973,0.2790426363360943,6.369689351930583e-08,0,0.0004886064164363565,success,True,1.3223696619970724,0.002646147504922232,0.012685308554682452,0.003193928361819345,True,3.694839693909925e-09,primary_success,703,True,1.4427619895294355e-05,0.0030844390358768935,1.0201178380434006e-05,-0.9764291764052858,-51.271957005814244,-1.1412012998047425,186,5.312139875937393,0.0017727904151412371,5.280632526681477,0.2567362837754015
0.15300335550396668,0.27904833308468957,6.318727375021489e-08,0,0.0004900028025515096,success,True,1.1558611849904992,0.002624857651938222,0.012316189815244462,0.003159345617655989,True,3.7646803360804586e-09,primary_success,599,True,8.523110587350075e-06,0.0030535946455181244,9.9814647318021e-06,-0.9764948140301951,-51.42413012373804,-1.1402720757920195,187,5.290673629747615,0.0017609644162414832,5.259461812740676,0.2565142738481403
0.15301027874898218,0.2790543749210373,6.421206188855018e-08,0,0.0004987613758901963,success,True,1.349492431996623,0.0026223536807832345,0.012060245966878253,0.0031542047807162654,True,3.980963788004487e-09,primary_success,719,True,6.748289250568853e-06,0.0030230586990629433,9.949007798693344e-06,-0.9765356121067132,-51.364399997819014,-1.13761813337261,188,5.267990915972053,0.0017585528998878253,5.237101688355482,0.25635553922101945
0.15301672476836123,0.27906084164153394,6.268568672958545e-08,0,0.0004891902445676372,success,True,0.9231287899892777,0.0026111385860445773,0.01204279810426399,0.003139472509784479,True,3.820185669303788e-09,primary_success,446,True,5.3827375484452255e-06,0.002992828112072314,9.856287639692457e-06,-0.9765650038261882,-51.34202533353513,-1.138645132380734,189,5.244630245375619,0.0017529264018672215,5.214085972085666,0.2562001699726568
0.15302282954224028,0.2790678253154566,6.483239098901726e-08,0,0.0004933883231387623,success,True,1.9008653979981318,0.0026437711791725835,0.016013102004333982,0.0032193578662869926,True,3.744893993320458e-09,primary_success,1059,True,2.2463393949024547e-05,0.0029628998309515907,1.0364265071223939e-05,-0.9765973540634604,-51.376557171565615,-1.1390833729102703,190,5.306531718814502,0.0017632557123253099,5.276802167696601,0.25659358936885285
0.15302881376164143,0.2790752529737415,6.426389154972822e-08,0,0.00048786410312698727,success,True,1.2034422449942213,0.002652397545616003,0.01613478933530335,0.00322726212663882,True,4.3226385039264475e-09,primary_success,606,True,2.0906349728638786e-05,0.0029332708326420746,1.041522083403732e-05,-0.9766299319794813,-50.98968435698308,-1.1380426172927565,191,5.322171247990637,0.001766850468463884,5.292989563197821,0.2566934741527174
0.15303410025941455,0.2790826986932491,5.8913233436850014e-08,0,0.00044647955272245115,success,True,1.4592124119808432,0.002648941834345689,0.016186031590843763,0.0032327890726500576,True,3.956485405515233e-09,primary_success,776,True,1.48194460636033e-05,0.0029039381243156537,1.0450925188245617e-05,-0.976653193225085,-50.89952783247993,-1.1542001989542687,192,5.302482577569707,0.0017533032411163208,5.2734830655763005,0.2565925359220681
0.1530396352675437,0.27909016999529374,6.515870040781701e-08,0,0.0004975831944942853,success,True,0.9144154179957695,0.002634892862021514,0.015949364057325482,0.003208283916449375,True,4.076681683918143e-09,primary_success,436,True,1.3583836914737818e-05,0.002874898743072497,1.0293085688547742e-05,-0.976690396579336,-51.337576456632156,-1.1561115450440917,193,5.28305782706069,0.0017472864940266033,5.254247918072525,0.2564883222975211
0.15304549203988657,0.27909762747897515,6.125842879456367e-08,0,0.00047229014629920885,success,True,0.8847234339918941,0.0026161589898553426,0.015412709958536847,0.003177774334753941,True,4.381769812284709e-09,primary_success,420,True,1.1840727894862755e-05,0.002846149755641772,1.0098249722620853e-05,-0.976738704006501,-51.7118979111654,-1.1576015962385011,194,5.246946038920543,0.0017400535575775881,5.21820766874087,0.2562734977924622
0.15305182370976056,0.2791051119742481,5.806749605502318e-08,0,0.0004522767452931056,success,True,1.0632299639983103,0.0025973353242664393,0.014665372337481282,0.0031455379215353935,True,4.710055657956568e-09,primary_success,532,True,8.933891760873393e-06,0.0028176882580853544,9.894408815817203e-06,-0.9767805687042537,-52.21263679026222,-1.1588465576215476,195,5.197313156803222,0.001734220669750289,5.168527895712379,0.25605394570567785
0.15305874284385795,0.2791127267426841,6.347503905346997e-08,0,0.0004956473128050392,success,True,0.9532508130068891,0.002593378673175438,0.01454007354827764,0.0031375908163588117,True,4.430533238531726e-09,primary_success,458,True,7.456327726812417e-06,0.002789511375504501,9.844476130899155e-06,-0.9768242786993537,-52.680927429192685,-1.1598806516546325,196,5.187301238639799,0.0017315715990034659,5.158583867779167,0.25600888041017306
0.1530659152539644,0.27912037036303555,6.170889815505254e-08,0,0.0004828805442501025,success,True,0.9277894539991394,0.002590165420129495,0.014457900310808076,0.003130935844902736,True,3.974400476581777e-09,primary_success,452,True,8.145994454537698e-06,0.002761616261749456,9.802759264896808e-06,-0.9768740019302564,-52.90274507333936,-1.1608168558979701,197,5.18085506436024,0.0017300667642627932,5.152238929611288,0.2559698784537816
0.1530731749893878,0.279128045946791,6.184907895206293e-08,0,0.00048532944437100294,success,True,1.0570641360245645,0.002584731219551734,0.01434173412232065,0.0031222140999283597,True,4.366072752793229e-09,primary_success,492,True,1.0954193664263898e-05,0.0027340000991319616,9.74822088579146e-06,-0.9769154273391788,-52.949596951173135,-1.1616981230928702,198,5.1736742816267025,0.0017297674150136765,5.14520945685182,0.25593245752762517
0.1530806485646701,0.2791357776961376,6.359915718184983e-08,0,0.0004993900183540077,success,True,0.9496369340049569,0.0025822348435499947,0.014184465994088995,0.0031201651889060347,True,4.432720417477105e-09,primary_success,454,True,9.942877126794793e-06,0.002706660098140642,9.735430806061032e-06,-0.9769548515931452,-52.895690731388854,-1.1625844052021017,199,5.154474830012263,0.0017294378512866628,5.126147333058162,0.2558529408914388
0.15308783479051047,0.27914356341123575,6.240380862471746e-08,0,0.000491374234512747,success,True,1.1817939739848953,0.002576529576303394,0.014308739798573951,0.003111464142644044,True,3.867906355257303e-09,primary_success,613,True,1.2927685340964364e-05,0.0026795934971592353,9.681209110959635e-06,-0.9770016161992074,-52.80104517488715,-1.1634160916044305,200,5.137924046898617,0.001725654398346452,5.109778888193604,0.25578956762748684
0.1530943838551,0.27915110629808815,6.280587224433831e-08,0,0.0004969007809846862,success,True,0.9101203860191163,0.0025659936690108106,0.014032897377226163,0.0030966823335174245,True,3.368801616906825e-09,primary_success,436,True,8.304897914509429e-06,0.002652797562187643,9.589441474718925e-06,-0.9770279680967395,-52.67618979973213,-1.164415953817382,201,5.116458776474272,0.0017185072936728232,5.088430362387792,0.2556642916064103
0.15310106093044534,0.2791584575705701,6.259483943079101e-08,0,0.0004972125140505562,success,True,0.959156463999534,0.0025571832179697163,0.013640319566525356,0.0030843422534985667,True,3.952970872007233e-09,primary_success,465,True,9.542280675229595e-06,0.0026262695865657665,9.513167136716615e-06,-0.9770903026547515,-52.546684400860684,-1.1654461408138825,202,5.098286170973703,0.0017131567957853928,5.0703481536363695,0.2555359748626131
0.15310778929589366,0.279165727141198,6.598815328624043e-08,0,0.000493922239022935,success,True,1.7580207340070046,0.0026590759556733507,0.016815978532563468,0.0032732070511970195,True,3.942174515450995e-09,primary_success,956,True,1.627843626140177e-05,0.002600006890700109,1.0713884400005889e-05,-0.9770815291397313,-52.50970587442198,-1.166386349348992,203,5.170367653460574,0.0017326233463110599,5.142979786920382,0.25600557404675334
0.15311533718890508,0.2791722273264208,6.38482791916674e-08,0,0.00048185522510035177,success,True,1.3504600750165991,0.002649490642224367,0.015627320779269323,0.003246375173933357,True,4.15527083692957e-09,primary_success,700,True,4.679498912056676e-05,0.0025740068217931077,1.0538951769930834e-05,-0.9771777306196525,-52.641993045222804,-1.167459379610394,204,5.188124697313188,0.0017295356341937326,5.16094999152095,0.25602293902811335
0.15312305800761436,0.27917793540327884,6.573542548046494e-08,0,0.0004975006481861737,success,True,2.2560235330020078,0.0026411613240246807,0.016497375198433244,0.0032372177406062522,True,5.169028498762275e-09,primary_success,1288,True,1.1733409136789687e-05,0.0025482667535751766,1.0479578700095848e-05,-0.9773242096897985,-52.74372539839771,-1.1813519461837771,205,5.285156814330046,0.0017612512522738526,5.258589813961905,0.25678487813294165
0.15313142202981755,0.27918363541873986,6.508534215146836e-08,0,0.0004947530125580053,success,True,1.5697352470015176,0.0026420882956846854,0.0158711308035306,0.003223003887265918,True,5.2126127808611705e-09,primary_success,830,True,0.0001846248083043041,0.002522784086039425,1.038775405733122e-05,-0.9774384918294505,-52.829710317835506,-1.189266019971562,206,5.30136676769115,0.0017675524393389011,5.274949151996419,0.2569108479572611
0.15313995967427993,0.27919127023693746,6.417049586239899e-08,0,0.0004893959217813063,success,True,0.9237284190021455,0.002645309703792149,0.013658449949421657,0.0032124851856271197,True,8.801089339769063e-09,primary_success,415,True,2.0134394135564152e-05,0.0024975562451790305,1.032006106787371e-05,-0.9759071632210233,-52.902559475522125,-1.1691889527248882,207,5.298124425653108,0.0017644681062930876,5.271764311724221,0.25701577657201247
0.15315047797954032,0.2791988160102247,6.4737110390428e-08,0,0.0004960249411104944,success,True,1.2028657000046223,0.0026572325147876255,0.013159611407364708,0.003197539222553278,True,7.9664416247132e-09,primary_success,611,True,1.856537564360634e-05,0.00247258068272724,1.0224257079766623e-05,-0.9746542090132959,-52.96754971442648,-1.169659773704701,208,5.268877699369509,0.0017522082533107707,5.242364630559455,0.25689308288477236
0.15316176530193368,0.2792058952148079,6.48954498377477e-08,0,0.0004946405342050854,success,True,1.681979296990903,0.0026689966568939913,0.012978508764309607,0.0032143312387043605,True,6.885951846516439e-09,primary_success,929,True,1.8577460900420018e-05,0.0024478548758999677,1.0331925312110711e-05,-0.9737320333264881,-53.01429666210768,-1.1700889451938223,209,5.276847766120282,0.0017522705782213937,5.250476010876234,0.2569748858728515
0.15317334315802236,0.27921235796047306,6.02331947068658e-08,0,0.00046071311689222373,success,True,0.915078027988784,0.002657048405883102,0.01284586833838898,0.003203106697444933,True,6.0597392108765025e-09,primary_success,439,True,1.2196146459870637e-05,0.002423376327140968,1.0259892515216585e-05,-0.9729425110511574,-52.948123117002126,-1.1702185953127309,210,5.280113753688566,0.00175155176242924,5.253590414307084,0.25696071060267806
0.15318461959640944,0.2792180968076597,6.540990397964372e-08,0,0.0004975790405505098,success,True,1.402803300996311,0.0026689343808767286,0.0128700154210564,0.0032206795642522553,True,5.655951078008112e-09,primary_success,761,True,1.100940711475366e-05,0.002399142563869558,1.0372776855592096e-05,-0.9722504011813936,-53.010669953588334,-1.1703610813859897,211,5.3235049654780875,0.0017651113502962557,5.296996853959805,0.25718065446204214
0.15319515107085932,0.27922291539788063,6.37922918378943e-08,0,0.00048821400240164236,success,True,0.9982657649961766,0.0026547050417421608,0.012815680933908018,0.003201282925807276,True,5.378661802661543e-09,primary_success,491,True,9.19085234865874e-06,0.0023751511382308628,1.0248212371065194e-05,-0.9716372519424208,-52.97250279879502,-1.1704516669110896,212,5.3189400783255465,0.0017653920256581327,5.29242941469372,0.25709617191552736
0.15320476909645966,0.2792267538963387,6.107993898692873e-08,0,0.0004692033122366723,success,True,0.8792866689909715,0.0026467491841525317,0.012796155439130014,0.0031893604886252813,True,5.0574679344794824e-09,primary_success,425,True,1.2482569499189841e-05,0.002351399626848554,1.0172020326404092e-05,-0.9710722494528896,-52.86033891789905,-1.170485734637282,213,5.3144908711861945,0.0017656965048910307,5.288178590496346,0.257013611138038
0.15321271055801772,0.27922892600434684,6.244932807597825e-08,0,0.00048171429498793306,success,True,0.8554615809989627,0.0026363119529189587,0.012829167076724496,0.0031761742463959756,True,4.73022084642087e-09,primary_success,416,True,8.330934450048374e-06,0.0023278856305800687,1.0088082843469046e-05,-0.9705386133619514,-52.74611587107522,-1.1704716035068117,214,5.297531831107973,0.001762384704318899,5.271593453403683,0.2568470156112815
0.15321972561868888,0.2792303076523666,6.333922657607234e-08,0,0.0004901161758075077,success,True,0.8094967090000864,0.002628574554111737,0.012879878500000226,0.003166210640889443,True,4.107434985967924e-09,primary_success,387,True,8.493444740763341e-06,0.002304606774274268,1.0024889822481537e-05,-0.9700352073880246,-52.75287568841016,-1.1702996989379582,215,5.283083379441545,0.0017600722521300585,5.257447299723919,0.2567251513188873
0.15322605076382156,0.2792311043657158,5.910537688581894e-08,0,0.00045877006336867646,success,True,0.8424035010102671,0.0026203947070430863,0.01295424340375375,0.0031564433892428104,True,4.231462002926199e-09,primary_success,404,True,7.63294928729497e-06,0.0022815607065315253,9.963134869494642e-06,-0.9695581197920543,-52.891066108579516,-1.1698957951661046,216,5.267940050698152,0.0017570936390253174,5.242104122171657,0.25661068319794794
0.1532317616799628,0.27923150001533487,6.200633165217568e-08,0,0.0004828246035509508,success,True,0.8462318560050335,0.002611286263073432,0.013034669480996025,0.003146391286412547,True,3.883071278768609e-09,primary_success,406,True,7.3623228941313876e-06,0.00225874509946621,9.899778127212803e-06,-0.9691064572570923,-52.96792398456455,-1.169472728421359,217,5.250535651995013,0.0017531790194401523,5.224467406587045,0.2564862875143561
0.15323700664514828,0.2792317002262363,6.016586271753406e-08,0,0.000470120684629408,success,True,0.8221526849956717,0.0026012221842225264,0.013110181720308334,0.0031355004890745793,True,3.6550200286943595e-09,primary_success,397,True,6.688963991346548e-06,0.0022361576484715476,9.831363316986925e-06,-0.9686806378644508,-52.954107588275505,-1.169114071914223,218,5.22987470768698,0.0017481061819566927,5.2037490946127445,0.25634042926398104
0.1532419843473495,0.2792318897629861,6.039042258753282e-08,0,0.0004735017374201897,success,True,0.8585121410142165,0.0025915074813108716,0.01317774302381627,0.003124730569006496,True,3.515294090840443e-09,primary_success,422,True,6.1492002430433135e-06,0.002213796071986832,9.76394112888366e-06,-0.9682812198865818,-52.90036284047078,-1.1687994089275187,219,5.206395671021088,0.0017421199673424436,5.180368113741671,0.25618095884133546
0.15324700319038265,0.27923230390609655,6.27376046029292e-08,0,0.0004934560588208881,success,True,0.9706335609953385,0.002583063177024359,0.01323546172342978,0.003114910203847923,True,3.4844897746372513e-09,primary_success,479,True,5.952979465994205e-06,0.0021916581112669635,9.70266557803591e-06,-0.9679082065339225,-52.86129739556064,-1.1684961886594556,220,5.183322768092921,0.001736094002041235,5.157318412406789,0.2560277137724219
0.15325222240044042,0.2792331244816576,7.474207735668194e-08,0,0.00048256277697972906,success,True,2.768348499026615,0.0028969929507884503,0.029223805841792218,0.003794699845478612,True,3.1721095070960218e-09,primary_success,1611,True,2.8644439989208315e-05,0.002169741530154294,1.43997469172754e-05,-0.9675608279883925,-52.517630769871595,-1.1658954624806293,221,5.728362058233177,0.0018290947094669995,5.704870227732298,0.25964585962446685
0.15325812053321922,0.27923489265931833,7.49701852350772e-08,0,0.0004965992897818252,success,True,1.0498747439996805,0.002851135454033105,0.027493997848244505,0.0036986954594042075,True,3.965120027875877e-09,primary_success,518,True,2.7711396217815924e-05,0.002148044114852751,1.3680348101417301e-05,-0.9671967799165492,-52.273795862303025,-1.1651986849116358,222,5.679710866500855,0.0018195953961555955,5.655785689563,0.2592744425336532
0.15326498866108607,0.27923799258762455,7.23035419111652e-08,0,0.0004890076639449521,success,True,1.2287396529864054,0.002830888872409793,0.02487635276346402,0.0036225133212287627,True,5.683831334128839e-09,primary_success,633,True,3.3083745775280217e-05,0.0021265636737042236,1.3122602762479839e-05,-0.9668262165284931,-51.57753704856648,-1.1639601932552597,223,5.607517907300751,0.0018080739030168279,5.583208497333116,0.25878923303033047
0.15327235693323435,0.2792420632565064,8.007551658953571e-08,0,0.0004826171367965065,success,True,1.9170033250120468,0.0030277895250263305,0.03373466728483142,0.004065023818809879,True,6.810983658193546e-09,primary_success,1075,True,4.9576535148075635e-05,0.0021052980369671813,1.652441864749166e-05,-0.9664760393476688,-54.59516185122072,-1.1641073148092103,224,6.053353724756163,0.0019133769314877453,6.0298976280645595,0.2620641856117017
0.1532811237342408,0.27924566678767015,7.714642152106232e-08,0,0.0004960723264344236,success,True,1.5640035980031826,0.0029146218287054164,0.03190331524469941,0.0038101043467819403,True,6.933361045592387e-09,primary_success,816,True,4.363833825034582e-05,0.0020842450565975094,1.4516895133366631e-05,-0.9661597161717973,-54.80650281505564,-1.163788916549366,225,5.830321931892907,0.0018611996331530658,5.806050037917804,0.2603686283559588
0.15328878498784368,0.2792482729531825,7.219536251492556e-08,0,0.0004764408954895208,success,True,1.066855345008662,0.0028623082245544757,0.030605396638521593,0.0037124990704215906,True,7.692164033417857e-09,primary_success,522,True,2.7576158963192884e-05,0.002063402606031534,1.3782649347881175e-05,-0.9658834314705111,-55.837869516478555,-1.1639448848021325,226,5.83193854434446,0.0018672405220469636,5.807687181535811,0.26046141990987204
0.15329631260283488,0.27925059349870085,7.41222833423625e-08,0,0.0004973803856016258,success,True,1.5469905479985755,0.002843477520502851,0.028996060240761703,0.0036511209417542123,True,7.617315503881751e-09,primary_success,841,True,1.848805578952357e-05,0.002042768579971219,1.3330684131316165e-05,-0.9656454418130914,-55.671122827220394,-1.1644985268656676,227,5.796335535255252,0.0018555842094992942,5.771881633309579,0.26021354847878503
0.15330424609672472,0.27925276103645186,7.249834515908179e-08,0,0.0004933565556057389,success,True,0.9352262860047631,0.0028308624616360826,0.02734520349800168,0.003600255101944858,True,7.305462622273038e-09,primary_success,444,True,1.9255259778793953e-05,0.002022340894171507,1.2961836799079983e-05,-0.9654474691302775,-55.0931964439014,-1.1651849980462086,228,5.75291853619225,0.0018430534564819925,5.728000969090018,0.2599093033284011
0.15331249754979795,0.2792548993808291,7.121215418207862e-08,0,0.0004911992916522591,success,True,0.8885101589839906,0.0028146670774118116,0.025635288631640683,0.003551914278199066,True,6.78558710446166e-09,primary_success,425,True,1.8995745334753626e-05,0.002002117485229792,1.2616095039674389e-05,-0.9652815812431087,-54.53411492771141,-1.16702590282786,229,5.718260504538159,0.0018338156378694776,5.6928775138426975,0.2596642450200872
0.15332089435005122,0.27925707503150554,7.088085733853484e-08,0,0.0004959576842279401,success,True,2.294831298990175,0.002793756086323544,0.023878921702784786,0.003501470105251919,True,6.697871762644223e-09,primary_success,1324,True,1.8469491118649e-05,0.001982096310377494,1.2260292897972887e-05,-0.965140588186372,-53.848804054643814,-1.1700350100251102,230,5.683900048116328,0.0018262635197236364,5.658094440019341,0.25940381194203366
0.15332918514157176,0.27925956096719096,6.760571553567063e-08,0,0.0004791119850941468,success,True,0.8517569429823197,0.0027730904444102614,0.022062924922096726,0.003457104147161868,True,6.414500748565089e-09,primary_success,395,True,2.049925597298834e-05,0.001962275347273719,1.195156908432379e-05,-0.9650101361119908,-52.9205618704976,-1.1737190213868038,231,5.6544100393449135,0.0018204035931625626,5.62828584902652,0.2591781970206465
0.15333681499684326,0.2792621147454271,7.058570496110205e-08,0,0.0004976329201583359,success,True,1.4482504629995674,0.002781343106779321,0.02013175035512291,0.0034751514650533137,True,6.3837736143881385e-09,primary_success,781,True,2.8274830603392913e-05,0.001942652593800982,1.2076677705062195e-05,-0.9648858656234952,-52.49082023129172,-1.1774613120429973,232,5.684400063141791,0.0018400890186187967,5.658253500669939,0.2594118049955547
0.15334345144419706,0.2792642782244444,6.910361400289034e-08,0,0.0004939420703580399,success,True,0.8593122269958258,0.002758502342635388,0.018356959283607328,0.0034276054717177536,True,5.877691079220174e-09,primary_success,401,True,1.765466397650066e-05,0.001923226067862972,1.1748479269749487e-05,-0.9647690368762933,-52.58510154512565,-1.1809879356453286,233,5.64653523542838,0.0018344361226610725,5.620245032404022,0.259172992919936
0.15334929884774778,0.2792661736895486,6.481968988756699e-08,0,0.0004684676923757709,success,True,0.9067164069856517,0.002738863752613102,0.016869391760547532,0.0033899507438637758,True,5.773580929022757e-09,primary_success,426,True,1.458270046987416e-05,0.0019039938071843422,1.1491766045822566e-05,-0.9646647700511967,-52.94072689374946,-1.1837891466635426,234,5.616555105762174,0.0018285915927426972,5.590592897265166,0.2589920708388532
0.15335470664371129,0.2792678079602993,6.737098628139694e-08,0,0.0004908497370896915,success,True,0.8866578339948319,0.002723404775830656,0.015782174331425702,0.0033627178323060157,True,5.687563779654171e-09,primary_success,420,True,1.2736985665995578e-05,0.0018849538691124987,1.1307871219708869e-05,-0.9645811266910693,-53.260059724473514,-1.1859793057288754,235,5.59450414962696,0.0018240592816217373,5.568766929167178,0.25887334179407057
0.1533597148577974,0.27926905812310054,6.756486597368491e-08,0,0.0004956551806585762,success,True,0.8286571640055627,0.0027107262753643365,0.014943653617760346,0.003339699212173741,True,5.188074951166049e-09,primary_success,385,True,1.2714696284061626e-05,0.0018661043304213738,1.1153590827793905e-05,-0.9645262701081618,-53.44659319847455,-1.1875522744406612,236,5.574376036601608,0.0018204576545826437,5.548462633500003,0.2587652415281057
0.15336445958377853,0.27927008590732016,6.651694377871538e-08,0,0.0004913834310010437,success,True,0.836247873987304,0.0026978456732391957,0.014255364091552638,0.0033164836658382663,True,5.151853308293553e-09,primary_success,389,True,1.0831848691284215e-05,0.00184744328711716,1.0999063905772027e-05,-0.9644990193696183,-53.44176043029945,-1.1884723763101774,237,5.549792929081347,0.0018169760887580262,5.523744238315601,0.25863277682556857
0.15336881913472208,0.27927102750709726,6.607455568912942e-08,0,0.0004906299339481163,success,True,0.8344125299772713,0.0026890310455590406,0.014366404444802779,0.0032994860328983927,True,4.695069694478989e-09,primary_success,391,True,1.3183872598630106e-05,0.0018289688542459884,1.0886608081291573e-05,-0.9644937766738293,-53.350756733944465,-1.1888201647760575,238,5.526368210012637,0.0018127175744457145,5.500158538865029,0.2585074631428975
0.15337281251768686,0.279271978064902,6.678224409637006e-08,0,0.000498518282817208,success,True,0.8612755209906027,0.002679169191286739,0.01429792219633731,0.0032820561186138087,True,4.529399439786394e-09,primary_success,411,True,1.3304410087591599e-05,0.0018106791657035285,1.0771892365730338e-05,-0.9645043985898069,-53.158533107224095,-1.1886180280199627,239,5.503587039443162,0.0018079428703003978,5.477185302247125,0.2583803433243268
0.15337646795392706,0.2792730233666025,6.561128962552281e-08,0,0.0004927124915297721,success,True,0.883378892991459,0.0026669475136089586,0.014057961310568513,0.003262504246308878,True,4.258537186119672e-09,primary_success,422,True,9.99274187082354e-06,0.0017925723740464933,1.064393395718346e-05,-0.9645250087179646,-52.900698073114015,-1.1879702531212526,240,5.481192814295278,0.001802542454415805,5.4546098145422,0.2582524065901127
0.15337992223461672,0.27927413181413674,6.439858351267077e-08,0,0.00048532499903016684,success,True,1.4564482330169994,0.0026614352643617696,0.01376538059916425,0.003250945859400008,True,4.119677383253289e-09,primary_success,785,True,9.36511599787167e-06,0.0017746466503060284,1.0568648980750056e-05,-0.9645510276063282,-52.63823820836258,-1.1878015779413256,241,5.469096994395479,0.0017954530022893423,5.44247989978343,0.258176840572153
0.15338336546724696,0.2792752427464759,6.3171934256274e-08,0,0.0004787881618199936,success,True,0.8679747519781813,0.002648370849692636,0.01344720727381123,0.0032325619401187174,True,4.063678247719506e-09,primary_success,413,True,9.049216789331598e-06,0.0017569001838029681,1.0449456696704088e-05,-0.9645791986590627,-52.46061856645918,-1.1866093044522315,242,5.447815656651526,0.0017906709878956313,5.421126743405363,0.25805853894667596
0.1533868915205111,0.27927633199266616,5.975182924969862e-08,0,0.00045500950504073637,success,True,1.1073488889960572,0.0026363090376264756,0.013220570732280541,0.003217338979515502,True,3.862873321709128e-09,primary_success,559,True,1.4521276271571218e-05,0.0017393311819649383,1.035127010910985e-05,-0.9646082479194227,-52.38126989698254,-1.1852822332493442,243,5.427631675513809,0.001785216941480304,5.400932906465439,0.2579533261880373
0.15339049824355067,0.27927731702588726,6.444617020780912e-08,0,0.0004931080155315435,success,True,1.0119703020027373,0.0026233720026053067,0.013126982418930842,0.0032019985892732276,True,3.652323648975649e-09,primary_success,506,True,1.4569235301769367e-05,0.001721937870145289,1.025279496570774e-05,-0.9646382504974612,-52.53134325795842,-1.183430070227153,244,5.403222598715403,0.0017820054687968966,5.3765132365426185,0.25781702573564164
0.15339421747753398,0.27927819334467235,6.268683260688707e-08,0,0.000482353899243455,success,True,0.7877665819833055,0.002610461821411357,0.012704228842352514,0.0031840260880602236,True,3.5183381687029154e-09,primary_success,363,True,1.0516845939800594e-05,0.001704718491443836,1.0138022129448092e-05,-0.9646700828821293,-52.81065768685822,-1.1819116533407474,245,5.373611827169167,0.0017757261408513304,5.346950757198576,0.25763737312283347
0.1533981234868121,0.2792790071489644,6.438228170891929e-08,0,0.0004981777190028652,success,True,0.7767471320112236,0.0025978100231095814,0.012124208767458114,0.0031662714764235577,True,3.744550580629689e-09,primary_success,358,True,7.90328311465316e-06,0.0016876713065293975,1.0025275062413418e-05,-0.964704887451595,-53.15449346194455,-1.1802447229024122,246,5.343743866873327,0.0017692234650842917,5.317158484353029,0.2574501882982422
0.15340226517728237,0.2792798146176451,6.166930121083489e-08,0,0.00047959150016541974,success,True,0.7946443980035838,0.0025861612888275817,0.012103749701836457,0.0031503850238052988,True,3.549006197430582e-09,primary_success,369,True,6.6419719566946556e-06,0.0016707945934641036,9.924925798216713e-06,-0.9647437141103857,-53.51144075700399,-1.1784801646119372,247,5.314621620894413,0.0017626106727182097,5.288117519092774,0.2572627494370719
0.15340666526540075,0.27928069103701186,6.4601261832282e-08,0,0.000496806492634559,success,True,1.769928320980398,0.0026037224964375063,0.015248068026737026,0.003185809642900811,True,3.5690848764406973e-09,primary_success,970,True,1.1591507275653152e-05,0.0016540866475294625,1.0149383080799798e-05,-0.964787211188493,-53.95989698920092,-1.1768408431830024,248,5.265908494470029,0.0017390617710804207,5.239409417093798,0.25691347787853286
0.1534110428876335,0.2792816058203998,6.213611886353672e-08,0,0.0004807817333916887,success,True,0.8194396019971464,0.0025898226518288976,0.01488687326026601,0.0031663742742830386,True,3.467405057883688e-09,primary_success,388,True,1.1402481451163903e-05,0.0016375457810541678,1.0025926044841441e-05,-0.9648406555170245,-54.25945717519345,-1.1749381830323933,249,5.249253129744901,0.0017358304306921777,5.222798971019571,0.2567990798223613
0.15341550498290998,0.2792826079455152,6.25598271042523e-08,0,0.0004877996292319371,success,True,0.8706405050179455,0.0025729815416141197,0.014286597002291346,0.0031421011255533603,True,3.60324333558523e-09,primary_success,418,True,1.033442409658965e-05,0.001621170323243626,9.872799483203694e-06,-0.9649020223840542,-54.51422228539351,-1.173067724433972,250,5.233557472979797,0.0017329388335423968,5.207119327133009,0.2566901125839193
0.15342018675311017,0.2792837311433252,6.205461151151015e-08,0,0.00048524971472635345,success,True,1.72957034301362,0.0025711711810755297,0.013120962534444305,0.0031331043293644422,True,3.6716670550708e-09,primary_success,970,True,1.1092892234596486e-05,0.0016049586200111898,9.816342738682212e-06,-0.9649682568470043,-54.72333062182533,-1.1737783144266016,251,5.221249006232996,0.001733136709444595,5.195748482645492,0.25662396052221287
0.15342503670197707,0.27928495699864775,6.00501470947116e-08,0,0.00047234893862893135,success,True,0.8996544050169177,0.0025581149162533312,0.01208121620726656,0.00311470712327821,True,3.5995931836865046e-09,primary_success,425,True,1.0571351647558563e-05,0.001588909033811078,9.701400463800024e-06,-0.9650349712715748,-54.859957007684244,-1.1716492254476387,252,5.216267720386214,0.0017317116989230645,5.190711496090678,0.2565753529403988
0.15343005738468576,0.279286473750714,5.8827389815498416e-08,0,0.0004647920928743518,success,True,0.8753125329967588,0.0025471337059714736,0.012073900358979591,0.0031008940826997523,True,3.4400616681035607e-09,primary_success,416,True,9.240844117355544e-06,0.0015730199434729672,9.615544112122339e-06,-0.9650986891888685,-54.93188661888156,-1.1693339234781732,253,5.2155381748733705,0.0017307825658387718,5.189894835987466,0.2565378780279815
0.15343519073247922,0.27928824104565003,6.179061322674765e-08,0,0.0004902681717209317,success,True,0.873831495991908,0.002537056645688916,0.012063820918013298,0.0030878407193788543,True,3.2549916933894636e-09,primary_success,422,True,8.00644234136266e-06,0.0015572897440382376,9.53476030825412e-06,-0.9651573469956928,-54.94355769963388,-1.1669109282268235,254,5.213706485226129,0.0017292518382857015,5.187989418611331,0.25648700095120003
0.1534404241719858,0.2792902010315297,5.923843315976852e-08,0,0.00047216408514071974,success,True,1.5782420900068246,0.002525421143358865,0.012048382392388668,0.0030738077250873136,True,3.144924719271581e-09,primary_success,880,True,6.743928198812142e-06,0.0015417168465978552,9.448293930806447e-06,-0.9652104255695305,-54.89906645171554,-1.1630487986494127,255,5.205613684518413,0.001725435843550736,5.1796856819673005,0.25639244920722193
0.1534457370074289,0.27929233541213333,5.962838869878463e-08,0,0.00047649109248416556,success,True,0.8565082619898021,0.002518963947026683,0.012034866668813515,0.003065945085151347,True,2.911424330865963e-09,primary_success,415,True,6.956566611835423e-06,0.0015262996781318767,9.4000192651637e-06,-0.9652584622561419,-54.820386911889564,-1.1611952872594147,256,5.199948892157619,0.0017231530410067677,5.174186866395208,0.25631348513343266
0.15345109091892437,0.27929464174852603,6.25557058416109e-08,0,0.0004978116649475723,success,True,1.6621093320136424,0.0025197470121864655,0.014516849496275228,0.0030787040582523845,True,2.8132778642812313e-09,primary_success,928,True,7.956556348582173e-06,0.001511036681350558,9.478418678299701e-06,-0.9653020165157318,-54.59761414919259,-1.1595623731833642,257,5.205905872691581,0.0017270588530517365,5.180354768077651,0.2562782148042415
0.15345643786127408,0.2792971376160655,6.06570314806367e-08,0,0.0004840007904643243,success,True,0.7834127569803968,0.002512941967408861,0.014388610353346808,0.0030704438929736403,True,2.711435004164811e-09,primary_success,376,True,6.775740422903976e-06,0.0014959263145370523,9.427625699899124e-06,-0.9653411369689503,-54.466292554869725,-1.158331247107672,258,5.19154874343482,0.001722705285267741,5.166053772298406,0.2561389512752195
0.1534617153864259,0.2792998275289209,5.779046514010114e-08,0,0.0004628573224726443,success,True,1.0696559319912922,0.002505181476843979,0.013527326506681077,0.0030589694214379817,True,2.64625403788768e-09,primary_success,548,True,1.2305894304223903e-05,0.0014809670513916818,9.35729392129262e-06,-0.9653767406751856,-54.36263585183181,-1.1573679607018381,259,5.17837485232927,0.0017162777945766974,5.152887898141795,0.2560145843740875
0.1534667767347214,0.27930264828111084,6.17060581419688e-08,0,0.0004963533665318018,success,True,0.8456728679884691,0.0024964101724866405,0.011933244442718111,0.0030458107598659214,True,2.4760212769111945e-09,primary_success,397,True,6.90102101420117e-06,0.001466157380877765,9.276963184915022e-06,-0.9654096691116723,-54.32402223223475,-1.1566733289658404,260,5.161350392977268,0.0017110096738299923,5.135827614010059,0.25589027632477823
0.15347167047069582,0.27930567965247854,6.091263362645328e-08,0,0.0004916429419042859,success,True,0.7880753159988672,0.0024887799068033455,0.011902911420302743,0.003035453978181265,True,2.601248196672808e-09,primary_success,369,True,6.19919124799392e-06,0.0014514958070689873,9.21398085365647e-06,-0.9654405152891546,-54.35430013329209,-1.1562088072317072,261,5.141008625778032,0.0017057415984001244,5.115433765238628,0.25575442908990625
0.15347641275545132,0.2793089095062668,5.699357650196558e-08,0,0.00046137453949467405,success,True,0.7773639860097319,0.002481958598492901,0.01187924412363638,0.003026483918743149,True,2.4772492684609413e-09,primary_success,365,True,5.287755805918488e-06,0.0014369808489982975,9.159604910410885e-06,-0.9654696469277478,-54.450948074936555,-1.1559373731099851,262,5.121240064749801,0.0017005649700479427,5.095632871541523,0.25563093654313207
0.15348103245531333,0.2793123186340672,5.758080051658914e-08,0,0.00046537649580369713,success,True,1.4512031910126098,0.002482558168271036,0.011880599747167655,0.0030313727173095157,True,2.4216350108900184e-09,primary_success,790,True,6.362067862590851e-06,0.0014226110405083144,9.18922055124848e-06,-0.9654972010498604,-54.57457043582282,-1.1558477864098404,263,5.141413874784976,0.0017084908891556768,5.11598682765117,0.25579222549664055
0.15348559262569103,0.27931590432202325,5.806590337495815e-08,0,0.00047057348365402157,success,True,0.7396092069975566,0.0024766023266485594,0.011867471638424693,0.003023150861879884,True,2.327898891481846e-09,primary_success,348,True,5.449740920519282e-06,0.0014083849301032314,9.139441133685085e-06,-0.9655233784876598,-54.69406876678486,-1.1559032981565305,264,5.121464870423057,0.0017027198024226885,5.096062380672267,0.25566627378698376
0.15349010420286183,0.27931963503922275,5.985985428119173e-08,0,0.0004864163151940853,success,True,0.7604321500111837,0.002471041833392169,0.01185379236814968,0.003015043665433019,True,2.278785595896475e-09,primary_success,362,True,5.204310289448459e-06,0.001394301080802199,9.090488304467774e-06,-0.9655480100344019,-54.822204650344425,-1.1560663357338168,265,5.099826965857571,0.0016961401255451676,5.07446703981026,0.2555288903315659
0.15349459300987808,0.27932349734332834,6.057531548245141e-08,0,0.0004935167998610714,success,True,0.7686541479779407,0.0024657503231292764,0.01183755502240789,0.0030071827944617964,True,2.1495882498837138e-09,primary_success,369,True,6.597460532915432e-06,0.001380358069994177,9.04314835930706e-06,-0.9655711393382161,-54.958159071294425,-1.156298215261439,266,5.07859808506119,0.0016898165853865012,5.0533024577644525,0.25539785976884466
0.1534991358910484,0.27932752895271357,6.095840943569181e-08,0,0.0004979800585358454,success,True,0.808156434999546,0.002460423719540293,0.011822615770845533,0.002999077986306447,True,2.1335272475086703e-09,primary_success,390,True,5.161901842798369e-06,0.0013665544892942352,8.994468767947931e-06,-0.965593072784989,-55.09207609530359,-1.1565751156574637,267,5.061485758065704,0.001685308034853058,5.036287476252204,0.2553012790412204
0.15350370317648362,0.27933161541613744,5.871741112550864e-08,0,0.00048119171048314926,success,True,1.2297152329992969,0.002453920673957662,0.011782713295593803,0.002989612125966453,True,2.0202959397136444e-09,primary_success,652,True,5.604304270781378e-06,0.0013528889444012929,8.937780663725654e-06,-0.9656140317011611,-55.2546263677299,-1.1571603520903817,268,5.015890743376581,0.0016741158000198098,4.990657159015637,0.2550273786306156
0.1535082710772366,0.2793356578856743,5.650757361940529e-08,0,0.00046379223726001175,success,True,0.7324222169991117,0.0024501366531171414,0.011775316395219212,0.002985033906247305,True,1.924013171086551e-09,primary_success,346,True,5.550200940222054e-06,0.00133936005495728,8.910427421446043e-06,-0.9656343005931863,-55.32494102067757,-1.1574681813806016,269,5.004932695645289,0.0016716438150657469,4.9798197894592136,0.2549661933136203
0.15351289028413584,0.27933969365449024,5.995686042392396e-08,0,0.0004930342339342491,success,True,0.7382133489882108,0.002445907247136973,0.011777981960592416,0.002979393679551336,True,1.895961881537833e-09,primary_success,361,True,5.417562210051587e-06,0.0013259664544077072,8.876786697750452e-06,-0.9656541440681713,-55.351499460326444,-1.1577484391666328,270,4.992711978721813,0.0016686456472295445,4.9676950686571235,0.25489163504103224
0.15351755844263162,0.27934371651022016,6.057033321253017e-08,0,0.0004991487692627521,success,True,0.8174654319882393,0.002441409218134785,0.011786717132105776,0.0029730077585863493,True,1.804197626639068e-09,primary_success,410,True,4.7977800939688165e-06,0.00131270678986363,8.838775132614628e-06,-0.9656736486352665,-55.3371170793179,-1.1579787545614126,271,4.979046320053019,0.0016649739793398316,4.954090900882256,0.25480218034878976
0.1535222424425901,0.2793477001499539,6.04778213158528e-08,0,0.0004994215162464831,success,True,0.8666448119911365,0.0024372225964542048,0.011793735975559758,0.002966845788652638,True,1.7244002104278363e-09,primary_success,440,True,6.256054365423488e-06,0.0012995797219649938,8.802173933645896e-06,-0.9656926941384099,-55.288737373662954,-1.1581388993776804,272,4.964093641740654,0.0016607307163753215,4.939160758924588,0.2546999676667946
0.15352693291593672,0.2793516661435687,5.843381226933206e-08,0,0.0004835319834188125,success,True,0.8490400759910699,0.002432823258416295,0.011808981226200924,0.0029607729161498435,True,1.7927846328402409e-09,primary_success,410,True,4.011369207803447e-06,0.0012865839247453439,8.76617626100645e-06,-0.9657112900253338,-55.21632270531963,-1.158213743448193,273,4.956151046916459,0.0016594967156565625,4.93124365362841,0.2546488307043968
0.15353155813209168,0.27935553579550987,5.9128054329129934e-08,0,0.0004901710582715486,success,True,0.9209208200045396,0.002428719926909445,0.01181944196152679,0.002955371000833665,True,1.6964019758888278e-09,primary_success,408,True,3.7741452439590555e-06,0.0012737180854978905,8.734217752568579e-06,-0.9657290999423278,-55.12945531699824,-1.1581897777280274,274,4.94902315127509,0.001658688270832411,4.924120537355089,0.2546020091693367
0.15353611346412782,0.2793593161583606,5.965060798253136e-08,0,0.0004953318943495365,success,True,0.8986117460008245,0.0024249741587723046,0.011820891484948068,0.002950425587859959,True,1.6662931875661404e-09,primary_success,393,True,3.826103481085028e-06,0.0012609809046429117,8.705011149498787e-06,-0.965746046805741,-55.03749059790621,-1.1580603187626193,275,4.940804703600948,0.0016573140085769866,4.915890078751967,0.25454482678254475
0.1535405851406363,0.2793630156775033,5.868443521596259e-08,0,0.0004881001445634467,success,True,0.8606491280079354,0.0024213681849197142,0.011811914985444755,0.002945642771888571,True,1.665584524282064e-09,primary_success,384,True,3.662221953491507e-06,0.0012483710955964826,8.676811339579386e-06,-0.9657620628364001,-54.94924615791876,-1.1578205966388233,276,4.93121064737817,0.001655235647165797,4.906279144904702,0.2544755843366363
0.15354494984837316,0.2793666384497313,5.959229492230452e-08,0,0.0004964327325643873,success,True,0.8831224610039499,0.0024178575260376907,0.01179318162513536,0.002941005155027922,True,1.5992171166271173e-09,primary_success,388,True,3.3494094687291773e-06,0.0012358873846405178,8.64951132190081e-06,-0.965777056584383,-54.87263533084765,-1.157469985273525,277,4.920407266332935,0.001652519923252904,4.895464322708599,0.25439634845890324
0.15354918269907766,0.2793701896649081,5.750325670744239e-08,0,0.0004797380388138507,success,True,0.9047108090016991,0.002414493841341855,0.011765823824056975,0.0029366647531549953,True,1.4478794710524408e-09,primary_success,398,True,4.280707454617254e-06,0.0012235285107941125,8.623999872422892e-06,-0.9657910809176332,-54.813963712537095,-1.1570136138683926,278,4.908984358556596,0.00164941108066812,4.884044595415252,0.25431232276224425
0.15355328869949098,0.2793737075890266,5.646845279055615e-08,0,0.0004717993375535133,success,True,0.8973513579985593,0.0024109540245455035,0.011744379783734736,0.0029323421701746375,True,1.5302246424001958e-09,primary_success,403,True,3.3179588786482487e-06,0.0012112932256861714,8.598630602984503e-06,-0.9658043568910011,-54.77746410985738,-1.1564609088946052,279,4.901793176644403,0.0016478161457265741,4.8768970111072365,0.25425974473953966
0.15355723046119082,0.27937715718404016,5.883237766306102e-08,0,0.0004922444513345696,success,True,0.9073270100052468,0.002407336741090723,0.011720531179471708,0.002928206196813595,True,1.4729541473662508e-09,primary_success,406,True,3.334475853630205e-06,0.0011991802934293097,8.57439153105754e-06,-0.9658169189837176,-54.76433304382783,-1.1558249150930568,280,4.895072819938822,0.0016462969682786118,4.870236501883728,0.2542115056767262
0.1535610276302386,0.2793805652459745,5.69957171909061e-08,0,0.0004775342438293724,success,True,0.8600488499796484,0.0024037049551661836,0.011694406493721804,0.002924177876709811,True,1.448610477038263e-09,primary_success,413,True,3.2483367389959947e-06,0.0011871884904950166,8.550816254639098e-06,-0.9658288289051886,-54.77304359681462,-1.1551232335996577,281,4.888001362276923,0.0016444652592622437,4.863233934005342,0.25416167939942136
0.15356471836915325,0.27938397774596485,5.694928141221028e-08,0,0.00047778786199920804,success,True,0.8636713619926013,0.002400183368936623,0.011666655990046976,0.002920244538571942,True,1.4270861747062679e-09,primary_success,418,True,2.9562749162017036e-06,0.0011753166055900664,8.527828165059254e-06,-0.9658400978743793,-54.80042783354568,-1.1543749253103337,282,4.880094867232151,0.0016420662842764214,4.855400363324308,0.2541069174691345
0.1535683381759884,0.27938743714350395,5.802090950289255e-08,0,0.00048740002964092175,success,True,0.9564698000031058,0.002396886707583953,0.01163861316370791,0.0029165207147568836,True,1.4063565976922559e-09,primary_success,423,True,5.053436169054414e-06,0.0011635634395341656,8.506093079606004e-06,-0.9658507133929877,-54.843102300502345,-1.1535990289250628,283,4.871537463017631,0.0016391601515126167,4.846916932632141,0.25404895395388316
0.1535719422281522,0.27939101378784453,5.600797322035246e-08,0,0.00047106974316618924,success,True,0.927640354988398,0.0023936892583323764,0.01163852916067195,0.0029129345788072337,True,1.3540989532848266e-09,primary_success,427,True,3.161835339710537e-06,0.001151927805138824,8.485187860410875e-06,-0.9658607959581202,-54.89849239339826,-1.1528134383169781,284,4.86930532323054,0.0016384515364678339,4.844788292745008,0.254038625021002
0.15357547123793608,0.27939461880822325,5.894606688581789e-08,0,0.0004963542298194799,success,True,0.9041318089875858,0.002390603820662929,0.011629696371635315,0.0029095725430359977,True,1.350548465663303e-09,primary_success,399,True,3.3292205390535967e-06,0.0011404085270874356,8.465612383188962e-06,-0.9658700795787831,-54.963832699229926,-1.1520335773791235,285,4.8651829544404634,0.0016370823634186801,4.840750691665376,0.25401757783763046
0.15357894493775842,0.27939825656202627,5.801162113476244e-08,0,0.0004890667693255892,success,True,0.8446550749940798,0.0023874759867984208,0.011612750817767145,0.0029061159067535823,True,1.3232808033463898e-09,primary_success,364,True,3.1713536063338833e-06,0.0011290044418165613,8.445509663486197e-06,-0.9658785612747937,-55.03605780849184,-1.1512730460259863,286,4.85989618373344,0.0016353372641037475,4.835529171979673,0.25399130398528813
0.1535823905738695,0.27940193156043913,5.880265696256317e-08,0,0.0004963254694439771,success,True,0.8655129409744404,0.0023844890603799433,0.0115866999025864,0.0029026620318250928,True,1.2941943264553533e-09,primary_success,373,True,2.702715402692376e-06,0.0011177143973983956,8.425446870998975e-06,-0.9658862964358645,-55.11113744907587,-1.150547299454261,287,4.8524743581006655,0.001632729759295654,4.828147098139964,0.2539526376847342
0.15358583836556416,0.2794056534566149,6.163164743999818e-08,0,0.0004958037359271597,success,True,2.114319386979332,0.0024452624360332222,0.020200418585672796,0.0030455102550937447,True,1.2275619337903245e-09,primary_success,1051,True,2.0468522247140747e-05,0.0011065372534244115,9.275132713881165e-06,-0.9658934878565271,-55.19429846597933,-1.1499103260325085,288,4.868512322319212,0.0016423000885962664,4.844323185038583,0.25417346481511544
0.1535888909427587,0.27940911569436555,5.7909180771167724e-08,0,0.00046889276750873397,success,True,1.2072395790019073,0.0024360883330610205,0.01955044419554978,0.0030257982788509993,True,1.4558639145484069e-09,primary_success,553,True,2.0966763899610226e-05,0.0010954718808901674,9.155455224297671e-06,-0.9658979178925874,-55.27087944554452,-1.1492936183280111,289,4.856570671337343,0.0016377170994617168,4.832396784656957,0.2541272974026511
0.15359174223348665,0.2794123821466387,6.076294212889531e-08,0,0.0004981066710863538,success,True,1.4146082090155687,0.0024224805871233463,0.017714343542966637,0.00298870135369026,True,1.934682690109408e-09,primary_success,652,True,3.224240111193786e-05,0.0010845171620812658,8.932335781549994e-06,-0.9659017516829475,-55.341637190746994,-1.1487404181867094,290,4.842336927281896,0.0016309339506342744,4.818102258432496,0.25408114567402346
0.15359472568916907,0.27941566722466704,5.689911672595817e-08,0,0.00048036696177456166,success,True,1.297490155993728,0.002383552745111098,0.011979531723891384,0.0029020071543558795,True,2.4416286486811535e-09,primary_success,573,True,7.4669235107346795e-06,0.0010736719904604532,8.42164552393271e-06,-0.9659087564292731,-55.40134744894396,-1.148255485750022,291,4.851055346116777,0.0016327587407194354,4.826973723501885,0.2541675453762771
0.1535980466014974,0.27941895849321596,5.705806900155512e-08,0,0.0004819095166588571,success,True,0.970239883987233,0.0023813228091349114,0.011876997189349111,0.0029007990965401235,True,2.1360270004440765e-09,primary_success,428,True,5.999417807925702e-06,0.0010629352705558487,8.414635398487998e-06,-0.9659205814337434,-55.44536997938033,-1.1478324909528976,292,4.845666781544899,0.0016315785141759805,4.821686865217442,0.25416801082165064
0.1536015926214827,0.27942213982240316,5.821810423870068e-08,0,0.0004920550675281901,success,True,1.1902299840003252,0.002378250205840906,0.011762890094248536,0.002898747819046596,True,2.0195551429095808e-09,primary_success,548,True,5.385952248917965e-06,0.0010523059178502903,8.402738918427398e-06,-0.9659369692589429,-55.473922435853964,-1.1474611216658934,293,4.838871436967686,0.0016299757641848028,4.814996029798436,0.2541406534237977
0.15360526377821282,0.27942516550881696,5.786949758514919e-08,0,0.0004894643589308818,success,True,1.117974360997323,0.002374949997131814,0.011663594833124754,0.002896641328355362,True,1.7962231074241623e-09,primary_success,508,True,5.969626578518601e-06,0.0010417828586717873,8.390530985136315e-06,-0.9659565242996816,-55.48990847529426,-1.1471424267622021,294,4.833273419450005,0.0016281918078861958,4.809474966534077,0.25410522140552105
0.1536090005001699,0.27942803882941736,5.901883064058854e-08,0,0.0004977088722608033,success,True,1.741381542000454,0.002380024638510912,0.011527248619095442,0.002905235231444145,True,1.7485704617995338e-09,primary_success,852,True,7.76190091217261e-06,0.0010313650300850694,8.440391750024312e-06,-0.9659769108842434,-55.49864716821442,-1.1468698683516385,295,4.827029456753015,0.0016245358933842408,4.803302714010767,0.2540999496089506
0.15361274956693097,0.2794307439861244,5.8606237593403564e-08,0,0.000494254643438337,success,True,1.0312186630035285,0.0023793069783035457,0.01146475076808631,0.0029050871652913945,True,1.5039009162614457e-09,primary_success,461,True,9.593199130862281e-06,0.0010210513797842186,8.43953143794079e-06,-0.9659949824161784,-55.50919705113014,-1.146630385384689,296,4.823062369172615,0.001622998215659723,4.799386134812518,0.25406330320545134
0.15361632522418328,0.27943315001867564,5.5833409812237756e-08,0,0.00047113715749804103,success,True,1.47813771199435,0.00237738405950815,0.011476569985147842,0.0029034401524687913,True,1.4355186147174305e-09,primary_success,711,True,8.757780085094754e-06,0.0010108408659863764,8.429964718967995e-06,-0.9660096107448166,-55.52228380984596,-1.146394771951437,297,4.820802207810468,0.001623419173403998,4.797186542225024,0.2540411609452784
0.15361990830705635,0.2794354590242774,5.857009729917043e-08,0,0.00049529699355219,success,True,0.9552859819959849,0.002372435036181909,0.011501134906863462,0.002897185734034688,True,1.4106275704197564e-09,primary_success,421,True,1.0198605986227384e-05,0.0010007324573265127,8.393685177494114e-06,-0.9660217936548832,-55.54145122751545,-1.1462277334425124,298,4.8153112389298105,0.0016217133636925055,4.791720470081364,0.25399738597844024
0.153623475296751,0.2794376880546563,5.89206115083304e-08,0,0.0004968007317885738,success,True,2.019536998006515,0.002381626112766807,0.011409150510029248,0.002905702205302782,True,1.4492171213818065e-09,primary_success,1001,True,6.544114576750567e-06,0.0009907251327532474,8.443105305901454e-06,-0.9660316933435172,-55.563967092094714,-1.1460707258647815,299,4.826870110251355,0.0016260020729119014,4.803367892701516,0.2539802119066667
0.15362687550601434,0.2794397932491523,5.511446768339969e-08,0,0.00046511572963564075,success,True,0.9200990760000423,0.002379600934857954,0.011449770572144616,0.002903158014675369,True,1.1894658603095103e-09,primary_success,411,True,5.683630992873348e-06,0.000980817881425715,8.42832645817383e-06,-0.9660388729132332,-55.58773066849632,-1.1459415458849709,300,4.822209833056364,0.0016256876764269975,4.798746092192958,0.2539575880401288
0.15363015646962963,0.27944182436579657,5.9076057626441474e-08,0,0.0004992098399752454,success,True,0.9239465630089398,0.0023767177466898805,0.011498549514580422,0.002899308659299639,True,1.2467576043860772e-09,primary_success,411,True,5.547560600574357e-06,0.0009710097026114577,8.40599070188987e-06,-0.9660442672401262,-55.61245448888294,-1.1458222072530586,301,4.816194280834153,0.0016249963766257357,4.79276932058578,0.25393009949011497
0.15363335990906368,0.27944382274265933,5.843056382159881e-08,0,0.0004945737626286908,success,True,0.9674991610227153,0.002373351386240417,0.011554372034233434,0.0028945102263824075,True,1.331713216922945e-09,primary_success,437,True,5.404589223300285e-06,0.0009612996055853431,8.378189450632335e-06,-0.9660488202384336,-55.63818881999689,-1.145712168719234,302,4.808797350471847,0.0016236638644723043,4.78540805070545,0.25389710421136724
0.1536365210080632,0.2794457961724801,5.790761337991094e-08,0,0.0004910635040277038,success,True,1.0301406019716524,0.0023697077376787783,0.011617233884976817,0.0028891100971082926,True,1.2175500699190514e-09,primary_success,470,True,5.290562422029367e-06,0.0009516866095294897,8.346957153213087e-06,-0.9660534344520917,-55.66678054920824,-1.145610030732586,303,4.800765064128342,0.0016217916974201917,4.77740670384652,0.25386109612766306
0.15363967481269067,0.27944774785210696,5.451637773413377e-08,0,0.0004632649434763248,success,True,0.9211163299914915,0.0023655583512864303,0.011691405864191698,0.0028831261102202008,True,1.339924607866837e-09,primary_success,408,True,5.343219035035997e-06,0.0009421697434341948,8.312416167433462e-06,-0.9660588301877788,-55.700047199229466,-1.145514650011719,304,4.793314529573241,0.0016195915199390641,4.7699834234995935,0.2538220209874759
0.15364284531173866,0.2794496789212015,5.822286069923216e-08,0,0.0004955823406841194,success,True,1.4613147630007006,0.002360947646646227,0.01190390421040858,0.0028783513253560484,True,1.3803213984535442e-09,primary_success,689,True,5.033462607259437e-06,0.0009327480459998529,8.28490635217892e-06,-0.9660653569386104,-55.73872725758313,-1.1454285642942792,305,4.786940946161758,0.0016179627066082588,4.7636352908440545,0.253814857833744
0.1536459662342699,0.2794515340683212,5.3451038036338745e-08,0,0.00045542040663839424,success,True,0.9213499299949035,0.002359287813981568,0.011937009654552454,0.0028754759619941403,True,1.3372272228736788e-09,primary_success,406,True,4.8118874359293255e-06,0.0009234205655398543,8.26836200800613e-06,-0.9660748971737976,-55.781978404422986,-1.1453353527904035,306,4.78163162908448,0.0016162068525286213,4.758355626022676,0.25377810180173843
0.15364904805635424,0.2794532914342599,5.750490745236732e-08,0,0.0004905501241048504,success,True,0.9012601180002093,0.0023569224118133794,0.011947624033642662,0.002872020948223971,True,1.2348101238600002e-09,primary_success,406,True,4.42649417311531e-06,0.0009141863598844558,8.248504327037317e-06,-0.9660871991882077,-55.827672608908905,-1.1452495123189737,307,4.7751514957523336,0.0016143708346923688,4.751892369294927,0.2537319564069323
0.15365211321506886,0.2794549980044721,5.54400237785025e-08,0,0.00046922709062994936,success,True,3.233234896993963,0.002373797372954907,0.01192986970133575,0.0028947190170750476,True,1.2095287999401265e-09,primary_success,1729,True,6.975457505911929e-06,0.0009050444962856112,8.379398187815928e-06,-0.9661018568972138,-55.87070283398171,-1.1452735032930064,308,4.795374786113147,0.0016174718654444061,4.772208735939262,0.25380829256363663
0.15365519811822684,0.2794567276697791,5.8014478178318315e-08,0,0.00049338101119765,success,True,1.9868372659839224,0.002363179657153203,0.011915304417205322,0.0028808460056428875,True,1.2639718997303914e-09,primary_success,995,True,4.516518319369133e-06,0.0008959940513227551,8.299273708228579e-06,-0.9661176219390774,-55.91443524101611,-1.1451668029205326,309,4.78469792779988,0.0016144805750183458,4.761566736370299,0.25372998215536974
0.15365828217512767,0.2794585019991806,5.593192673047398e-08,0,0.00047631301937639444,success,True,0.9013208789983764,0.0023607174234906753,0.011897046138535693,0.002876957272112148,True,1.2355831000238662e-09,primary_success,388,True,4.166006020973018e-06,0.0008870341108095275,8.276883145558974e-06,-0.9661340883857386,-55.955543283432114,-1.1450810136104999,310,4.778038927469466,0.0016121743943449639,4.754928478237291,0.2536731225501903
0.15366134239265622,0.27946032753276484,5.7955435975280335e-08,0,0.000494230367246456,success,True,0.9157183110073674,0.0023581678446495903,0.011879781537049779,0.0028729683068752176,True,1.215770145027745e-09,primary_success,405,True,4.327735721152502e-06,0.0008781637697014323,8.253946892309455e-06,-0.9661507172486886,-55.993847980819666,-1.1449946948497154,311,4.771159854369153,0.0016095013760773574,4.748060262038278,0.25361319045015657
0.15366431208373724,0.27946218511959836,5.861744649148084e-08,0,0.0004984647149201011,success,True,1.755387403012719,0.0023621312806839287,0.011882590738321533,0.002881101502383127,True,1.217992594974868e-09,primary_success,870,True,5.213613496553413e-06,0.000869382132004418,8.300745867034314e-06,-0.9661669545964542,-56.0335690667093,-1.1449323461512995,312,4.800438179886721,0.0016191041139009851,4.777493633395365,0.25380877805165075
0.15366718313343666,0.2794640616400382,5.748650280673627e-08,0,0.000489673543634932,success,True,0.8414404990035109,0.0023583288413311933,0.011866907030086313,0.002876241400158351,True,1.1926414193808035e-09,primary_success,370,True,4.943290853373507e-06,0.0008606883106843738,8.272764591984874e-06,-0.9661816103943449,-56.069116765165674,-1.1448228328380807,313,4.791549419657137,0.0016168860830450132,4.76859481307223,0.25374495292617133
0.15366998844850568,0.27946598753869323,5.779322716099978e-08,0,0.0004932345365279471,success,True,0.8570674280053936,0.0023542120441602658,0.011850848467547305,0.00287071151872648,True,1.2641413886899896e-09,primary_success,372,True,4.775049590385208e-06,0.0008520814275775301,8.240984623748893e-06,-0.9661945934394186,-56.102503900854444,-1.1447011859905958,314,4.779465725731476,0.0016135274371758695,4.756483064692127,0.25366234322168024
0.15367274547885834,0.2794679775584182,5.533140091236595e-08,0,0.00047316458909002566,success,True,1.01188815801288,0.0023503705397755854,0.011835206086741256,0.0028650058639427085,True,1.2670893201205581e-09,primary_success,445,True,4.333070381820999e-06,0.0008435606133017548,8.208258600426105e-06,-0.966205858478203,-56.13126983627453,-1.14457020287857,315,4.763585603755133,0.001608533726269727,4.740551446596709,0.2535611338797592
0.15367543315546076,0.2794700233739409,5.635250850202176e-08,0,0.0004826939225906017,success,True,0.9165034719917458,0.0023474733693208735,0.011823936522410447,0.002860273133106182,True,1.2906805819531323e-09,primary_success,402,True,4.2347340625206165e-06,0.0008351250071687372,8.181162395969053e-06,-0.9662146897361609,-56.15398407103402,-1.1444318529152904,316,4.749297825054249,0.0016039266809707994,4.72621258382091,0.253468268328594
0.15367802999662677,0.279472100774624,5.4793844259902965e-08,0,0.0004700376200332763,success,True,1.8878640909970272,0.0023444927265984603,0.011812920482193488,0.0028560462549201576,True,1.3042722938257556e-09,primary_success,958,True,4.697128884060584e-06,0.0008267737570970498,8.157000210243457e-06,-0.9662214109245041,-56.16766259201569,-1.144256871103513,317,4.735740414074442,0.0015998687132253058,4.712610324049947,0.2533691937039969
0.15368056372633068,0.27947421461528643,5.488129936471117e-08,0,0.00047163917193767557,success,True,1.0805545909970533,0.0023409255611259653,0.011811659460725748,0.0028508909234814445,True,1.2371904016940453e-09,primary_success,413,True,1.0126011195418822e-05,0.0008185060195260793,8.127579057588883e-06,-0.9662272746188407,-56.17259915650187,-1.1441100930744936,318,4.717706597825965,0.00159482589027663,4.694505849300293,0.25325821369322604
0.15368303295526056,0.2794763271094073,5.781096427307468e-08,0,0.0004971218861728736,success,True,1.5780839549843222,0.0023396987677971803,0.01180900188127857,0.0028491375336425827,True,9.788032613054674e-10,primary_success,679,True,6.474562225842284e-06,0.0008103209593308185,8.11758468561094e-06,-0.9662324655788161,-56.16127449696768,-1.1438628827647304,319,4.70713983673073,0.0015929043194997546,4.683938391358724,0.253228464354036
0.1536854495590562,0.279478405177308,5.5295040926804425e-08,0,0.0004756958146211145,success,True,0.954533412004821,0.0023383916156137037,0.01183754477959988,0.002847888211473401,True,1.1418806512953423e-09,primary_success,420,True,6.458337035161389e-06,0.0008022177497375103,8.110467265049168e-06,-0.966237380586919,-56.15145041834564,-1.1437159855513375,320,4.70139972459048,0.001591426285515773,4.678188830085323,0.25319329925271006
0.1536878161373189,0.27948044674623646,5.660795859204085e-08,0,0.0004874856766437488,success,True,1.0073425900191069,0.0023362214433850356,0.011898264522696262,0.002844996380311158,True,1.1500961745954704e-09,primary_success,452,True,6.14164178830589e-06,0.0007941955722401352,8.094004403983589e-06,-0.9662418253797451,-56.142866895915695,-1.1435662440857475,321,4.693950498274023,0.0015894491253796278,4.670718291515757,0.2531486727739278
0.15369013335659928,0.2794824479592894,5.7221775564989596e-08,0,0.000493432643552575,success,True,1.0693440600007307,0.0023335923511470205,0.01199796541943801,0.0028411851539629036,True,1.1312401989366384e-09,primary_success,482,True,5.700599908189945e-06,0.0007862536165177339,8.072333079099205e-06,-0.966245588768111,-56.13976613292462,-1.143417361833705,322,4.685718058823074,0.0015875055819328855,4.6624575128158705,0.2531029833819055
0.1536924457287359,0.2794844404261421,5.379409141950634e-08,0,0.000464377109685496,success,True,1.5130724080081563,0.0023320203116698702,0.012103524462150858,0.002838114136742234,True,1.0885936814658136e-09,primary_success,733,True,6.719822342569369e-06,0.0007783910803525566,8.054891853176118e-06,-0.9662485509195299,-56.145807040753006,-1.1432852246386989,323,4.675998259100031,0.0015854857922364808,4.6527010514886245,0.2530615135388742
0.15369479212742712,0.2794864686103148,5.664779354314485e-08,0,0.0004896678557639683,success,True,1.072506552998675,0.0023290727022972565,0.011985420219215453,0.0028343109017064743,True,1.0801308493821932e-09,primary_success,483,True,4.883434688170133e-06,0.0007706071695490309,8.033318287532169e-06,-0.9662501071432077,-56.150295916319905,-1.1431430721815439,324,4.6633967502887534,0.0015834630066257484,4.640065264419734,0.2529907397429801
0.15369716542028203,0.2794884661602866,5.808534086130541e-08,0,0.0004920367714132418,success,True,1.7903041809913702,0.002359469484672398,0.01432892464351609,0.002892244917010046,True,1.068272915990512e-09,primary_success,876,True,7.170195265436097e-06,0.0007629010978535407,8.365080659970448e-06,-0.9662505306058647,-56.158193411911284,-1.1429496874203848,325,4.742300430250417,0.0016063025352412363,4.719402563199136,0.2535583274760253
0.1536995159874761,0.27949040685502563,5.8761399503804494e-08,0,0.0004983524329736552,success,True,1.0270970650017262,0.0023569673947783695,0.014229092847256236,0.002888827650048446,True,1.0569551805217546e-09,primary_success,467,True,7.166341944579929e-06,0.0007552720868750052,8.345325191684428e-06,-0.966249989365861,-56.17077361922393,-1.1428054970003794,326,4.734855015738838,0.001604681413173562,4.711967037109336,0.2535179222486139
0.15370186403417874,0.2794923027424179,5.7142050526736675e-08,0,0.0004852991630418547,success,True,1.1256615070160478,0.002353998087006204,0.014084661123424557,0.0028847777711586676,True,1.073239548164077e-09,primary_success,507,True,1.8662997029732997e-05,0.0007477193660062551,8.32194278897117e-06,-0.9662492931647104,-56.19163045863757,-1.1426482483719613,327,4.727329969498611,0.001602852118097357,4.704459298975881,0.2534773672903957
0.15370433667488692,0.279494072217166,5.834224461937517e-08,0,0.0004962412210658011,success,True,1.0531860530027188,0.0023512974369887868,0.013988759570489742,0.002880423738488981,True,9.427569115325157e-10,primary_success,463,True,8.795605878796735e-06,0.0007402421723461926,8.296840913250837e-06,-0.9662489202794451,-56.219695375726886,-1.1424839002312788,328,4.72316425773663,0.0015999204407889387,4.700351340864276,0.2534452191423005
0.153706740918657,0.2794957759358803,5.8456816757997416e-08,0,0.0004980767045927981,success,True,0.9492453349812422,0.0023476981806037603,0.013859626858813976,0.002875444680236196,True,1.1951941736446672e-09,primary_success,417,True,9.436007199453586e-06,0.0007328397506227306,8.268182109098639e-06,-0.9662486636486952,-56.2512724710507,-1.1423152765186477,329,4.71973377678316,0.0015983138225551974,4.69698220153599,0.2534238706609253
0.15370907345329843,0.27949741451692367,5.527911097929827e-08,0,0.0004720142998371059,success,True,1.5413346989953425,0.0023427715315937733,0.013719589969284409,0.002869273705182651,True,1.2224637494464452e-09,primary_success,761,True,7.613481336127009e-06,0.0007255113531165033,8.232731595252578e-06,-0.9662482683256465,-56.27893127085751,-1.1421417654679415,330,4.718431967401317,0.0015980460997556867,4.6957524871565095,0.25341397452869213
0.1537113880925386,0.2794990287920605,5.5765207210114066e-08,0,0.0004771460475435031,success,True,0.9886229469848331,0.002338119089541574,0.013556961593278743,0.0028633739788512637,True,1.1756946780808393e-09,primary_success,437,True,5.42302140340775e-06,0.0007182562395853383,8.198910542762517e-06,-0.96624800125137,-56.30125714381429,-1.1420048709242885,331,4.71919044032966,0.0015985623520386794,4.69658378719294,0.2534197031727561
0.15371370385998684,0.2795006488628235,5.7655132898585455e-08,0,0.0004942271572395205,success,True,1.1307297690073028,0.0023343282091746256,0.013363887126704289,0.002858100238572624,True,1.1941788506328791e-09,primary_success,520,True,5.479626233824564e-06,0.0007110736771894849,8.16873697372889e-06,-0.966247757542717,-56.3216508773501,-1.141889202226348,332,4.720198815096376,0.0015988729276615026,4.69765897468512,0.2534265729916292
0.15371603255725796,0.27950228827144863,5.780577862569194e-08,0,0.0004963015623404829,success,True,1.203792896005325,0.0023316278248058965,0.013142776366324873,0.0028535908080777987,True,1.2134203092350675e-09,primary_success,561,True,4.8555205044202065e-06,0.0007039629404175901,8.142980499946105e-06,-0.9662473630284457,-56.345529067415,-1.1417975806376217,333,4.720157058331394,0.0015987371109805206,4.697672493453861,0.25343225770317007
0.15371832599487945,0.2795039216393774,5.4526233303288094e-08,0,0.0004687852457468535,success,True,0.9786977159965318,0.00232935124365531,0.012893194517631533,0.002849690189805904,True,1.1428238546448205e-09,primary_success,440,True,4.727544154222127e-06,0.0006969233110134141,8.120734177876006e-06,-0.9662462652732756,-56.372001986431556,-1.1417080382227471,334,4.719918461913585,0.0015984523348249475,4.697489068200573,0.25343335580794746
0.1537205831750292,0.2795055488706241,5.730370494057102e-08,0,0.0004932725193756198,success,True,1.038923737971345,0.0023274193094892266,0.012611140088623412,0.0028461767398295095,True,1.1010699728000658e-09,primary_success,470,True,5.718826424236715e-06,0.00068995407790328,8.100722034346536e-06,-0.9662443908782004,-56.40020591198317,-1.1416367049966776,335,4.718425696476274,0.001597778651736066,4.696045073017248,0.25342818182809046
0.1537228105390711,0.2795071733801658,5.034602577882389e-08,0,0.0004339180248060643,success,True,1.010835879977094,0.0023254762043307844,0.012282921386787526,0.0028426512868011803,True,1.0164775208446156e-09,primary_success,456,True,5.328605646281238e-06,0.0006830545371242472,8.080666338352407e-06,-0.9662418035346887,-56.4244635205462,-1.141596936489617,336,4.716376188238367,0.0015968972535344776,4.69404232085753,0.2534150449383628
0.1537249981709424,0.27950879437069753,5.684159829074513e-08,0,0.0004905818921348216,success,True,0.9573284029902425,0.002323277694777543,0.011901922949178804,0.00283870884851277,True,7.467955562675702e-10,primary_success,427,True,6.140517644294781e-06,0.0006762239917530047,8.058267926624698e-06,-0.9662387144530804,-56.44936128566637,-1.141574920501473,337,4.712049424515038,0.001595446195879761,4.689751834522858,0.25338881694509824
0.15372714036957064,0.27951040673729116,5.110120649110294e-08,0,0.0004418790344753338,success,True,0.9578392179973889,0.0023204046276138115,0.011978784340507458,0.0028333083521796033,True,9.54482072106888e-10,primary_success,429,True,8.749206141955543e-06,0.0006694617518354746,8.0276362185307e-06,-0.9662354222257901,-56.47628178026075,-1.1415640421278366,338,4.70242303956662,0.0015927925219751198,4.680136252905089,0.2533312366557455
0.15372923167159372,0.2795119729221939,5.6432005339346145e-08,0,0.0004863625141501549,success,True,1.5895422239846084,0.002322911325223673,0.015800017603745064,0.002842702902853929,True,9.921598956183153e-10,primary_success,755,True,7.655213709222614e-06,0.0006627671343171199,8.080959793894156e-06,-0.9662322989908859,-56.50451572432503,-1.141592757191838,339,4.638591072208461,0.0015674675118896677,4.616047599206178,0.2529291628820581
0.15373140169799812,0.2795135217436573,5.149011304181377e-08,0,0.0004443540666830731,success,True,1.0009370259940624,0.002319596569068302,0.015711683076276278,0.0028389697858311335,True,9.110927779673182e-10,primary_success,449,True,7.756954677292491e-06,0.0006561394629739487,8.059749444862072e-06,-0.966230034554693,-56.532666247498575,-1.1415891326179004,340,4.635378471637856,0.0015662803169518783,4.612870433209495,0.25291583284581504
0.15373364972441153,0.27951504853277515,5.749762946650536e-08,0,0.0004970564990233465,success,True,1.0611818009929266,0.002315574008176759,0.01557884420958651,0.0028340680077562283,True,9.246811569219465e-10,primary_success,482,True,6.842677301278851e-06,0.0006495780683442092,8.031941472587356e-06,-0.9662288151240859,-56.55523294439352,-1.141601075246209,341,4.632036600886986,0.0015650150478178557,4.60955738304572,0.2528934791283014
0.15373596013921137,0.2795165551267584,5.581390105619622e-08,0,0.0004834394243120914,success,True,1.0256596019899007,0.0023112801901641203,0.01541113319151875,0.0028285665320378094,True,1.0035837962050911e-09,primary_success,463,True,6.21940006492607e-06,0.0006430822876607672,8.0007886261644e-06,-0.9662288143479435,-56.56699289273626,-1.1416087631787806,342,4.627190025428373,0.001563486665319043,4.604723924844636,0.2528591695816538
0.1537383105691434,0.27951803663765473,5.7401436241785044e-08,0,0.0004981707034494858,success,True,1.0486318379989825,0.0023071827935126606,0.01521768974536193,0.0028229985789727094,True,1.0276201209511859e-09,primary_success,472,True,5.471783117139335e-06,0.0006366514647841595,7.969320976881936e-06,-0.9662299017908398,-56.57524517352554,-1.1416054277304994,343,4.62140375137937,0.001561739672183685,4.598937331436755,0.2528180335570149
0.15374067616033657,0.2795194900323297,5.681773960031893e-08,0,0.0004940015049763131,success,True,1.0986775099881925,0.0023037295194818196,0.015006135041025794,0.002817875261887229,True,1.0597043120615119e-09,primary_success,489,True,4.7105730201786784e-06,0.0006302849501363179,7.94042099155602e-06,-0.9662317982344264,-56.58508335802362,-1.141588075646012,344,4.615091706337906,0.0015597921208293645,4.592613682435965,0.252775039982708
0.15374303388881733,0.279520918166574,5.718214333935027e-08,0,0.0004979115287534387,success,True,1.1679167370020878,0.0023012504106661095,0.014781982769799579,0.0028136775931288504,True,1.0930317747139447e-09,primary_success,536,True,4.958270698817892e-06,0.0006239821006349547,7.916781598075358e-06,-0.9662341714168008,-56.59530707359665,-1.141558879455609,345,4.608601818902137,0.0015577747426540214,4.586105303582918,0.25273339717481297
0.15374536436987826,0.27952233171951213,5.5666174284797504e-08,0,0.0004852584324310404,success,True,1.1392409720283467,0.0022996790506652747,0.01454898033900154,0.002810505039850802,True,1.0486774040666237e-09,primary_success,519,True,4.650390912985845e-06,0.0006177422796286052,7.898938579026758e-06,-0.9662366381048775,-56.60305186494907,-1.1415247945295421,346,4.602442542507528,0.0015560994223992033,4.579940184513674,0.2526899632411715
0.15374766690232838,0.27952374133070196,5.3278073719978e-08,0,0.00046484623172637164,success,True,1.076836986001581,0.002298698707336395,0.014314386230621411,0.002808052893731585,True,9.992400533996711e-10,primary_success,481,True,5.346082499260705e-06,0.0006115648568323192,7.88516105399433e-06,-0.9662388339403452,-56.612794289573294,-1.141477107055229,347,4.596983787640489,0.0015548803669257418,4.574469246232113,0.25264966437797154
0.15374992995457012,0.2795251508846864,5.605537600052563e-08,0,0.0004894871573072193,success,True,1.0278656919836067,0.0022977843905958384,0.0140757107891726,0.002805705300968522,True,1.0058225873778634e-09,primary_success,462,True,5.425201317946947e-06,0.000605449208263996,7.871982235882866e-06,-0.9662404886951567,-56.627514600725696,-1.1414145074166135,348,4.591755835591534,0.001553946010685124,4.56922155803192,0.2526108385521152
0.15375214730047876,0.2795265647922498,5.5474675026758755e-08,0,0.0004848295045938393,success,True,1.046678285987582,0.0022967268822731883,0.013916358154049714,0.0028033144131650685,True,9.293864917537075e-10,primary_success,475,True,5.020264576532505e-06,0.000599394716181356,7.858571699059014e-06,-0.9662414468891444,-56.64707671174794,-1.141338519755229,349,4.586814762794024,0.0015533047426381503,4.564256607081268,0.2525748400598442
0.1537543245620558,0.27952799192218225,5.40554285108932e-08,0,0.0004728230233394912,success,True,1.074478561989963,0.002295548538729329,0.013906879230615258,0.00280095920279665,True,9.1651669708125e-10,primary_success,494,True,5.382324858009248e-06,0.0005934007690195425,7.845372455731249e-06,-0.9662416516793337,-56.6684390957787,-1.1412541878986047,350,4.582529734358205,0.001553016251051891,4.559950371706225,0.252544048336695
0.15375647240982537,0.27952944169122407,5.388841451193794e-08,0,0.00047178462358512803,success,True,1.056212953000795,0.002294128549083162,0.01391195628138737,0.002798451008236924,True,8.911775001021028e-10,primary_success,489,True,5.292940082137805e-06,0.000587466761329347,7.83132804550226e-06,-0.9662411517796742,-56.68605340606121,-1.1411740659006362,351,4.579691830679661,0.0015532420213966547,4.557104299131717,0.2525205754787399
0.15375858410330062,0.2795309126657059,5.370467247226397e-08,0,0.0004707498665815566,success,True,1.658881619980093,0.002292758270403472,0.01385379947330618,0.002795039508189671,True,8.785920829962702e-10,primary_success,755,True,0.00044160011769701414,0.0005815920937160536,7.812245852341158e-06,-0.9662401458162655,-56.70614144379735,-1.1410887230221851,352,4.578171383771061,0.0015548513715024205,4.555591081445704,0.25251599354804777
0.15376094058922912,0.2795308184071322,5.7962662729222303e-08,0,0.0004988026138580986,success,True,1.1383599870023318,0.0023235917567976834,0.014500494212745945,0.0028469883625548485,True,3.429285240906225e-09,primary_success,458,True,2.363519436363442e-05,0.000575776172778893,8.105342736522737e-06,-0.9662569005874967,-56.73391232695715,-1.1410144947244387,353,4.577740582742049,0.0015623858223430289,4.555155920704405,0.25256004611137195
0.153763349611663,0.2795310642399661,5.559840074268935e-08,0,0.000468592067145286,success,True,2.1141798199969344,0.0023583137321297365,0.01620301521772738,0.002906922489094451,True,3.3304487561636344e-09,primary_success,1062,True,2.7596730877752364e-05,0.0005700184110511041,8.450198357603079e-06,-0.9662741822563914,-56.34717565484207,-1.1414611785991549,354,4.588788697304668,0.001570443004857152,4.566271729590241,0.25278798852145307
0.15376570580395438,0.27953162142565835,5.8728559347226166e-08,0,0.0004924061082853096,success,True,0.915139105025446,0.0023662788937942876,0.016775311569845974,0.0029220793158263253,True,2.8506360999817793e-09,primary_success,389,True,2.625435378076039e-05,0.0005643182269405931,8.538547527980046e-06,-0.9662912226048069,-56.40158494861188,-1.14138799697399,355,4.59379622942874,0.0015739422141514818,4.571349364051333,0.25284156073492825
0.15376799365193847,0.27953242074426454,5.9517585235372126e-08,0,0.0004988088950827181,success,True,0.9158364500035532,0.0023677970043201367,0.016848533288991052,0.0029233256516502278,True,2.5318455167800584e-09,primary_success,395,True,2.3400441194397178e-05,0.0005586750446711872,8.54583286559623e-06,-0.9663084471004855,-56.48971103443096,-1.1412924148489674,356,4.594279923869134,0.0015734687221720693,4.571898260453859,0.25284702994280245
0.1537702102809799,0.2795333891879801,5.888496035101648e-08,0,0.0004945048601580846,success,True,0.9806038349925075,0.002365980433894791,0.01668613014185548,0.002917426389173816,True,2.3129555925970467e-09,primary_success,419,True,2.0352074940388118e-05,0.0005530882942244754,8.51137673624777e-06,-0.9663264221687414,-56.616641535406536,-1.1411783091375312,357,4.5932382089026955,0.0015711645019338147,4.570918714716665,0.252829655304936
0.15377237064304836,0.2795344613654553,5.535995551259172e-08,0,0.00046416399905072926,success,True,2.058853586000623,0.002375884891281646,0.01638232218198787,0.002922068305237655,True,2.196765193649837e-09,primary_success,971,True,3.58762670265458e-05,0.0005475574112822307,8.53848318047446e-06,-0.9663456611314931,-56.97087081883201,-1.140980382037191,358,4.611945429846323,0.0015700551628779942,4.589782020167638,0.2529228270491677
0.15377458287362542,0.2795355815598023,6.006869037825534e-08,0,0.00048341462241050057,success,True,1.6449068280053325,0.0024353083443902396,0.019483484752064784,0.0030443491902020885,True,2.2325713774764955e-09,primary_success,774,True,2.801273632477668e-05,0.0005420818371694084,9.268061991884114e-06,-0.9663677341035057,-57.77782596259454,-1.140962777305432,359,4.810342728861133,0.0016075514454035964,4.789129027751005,0.2540978556572677
0.1537765780130127,0.2795366063774812,5.683700393229702e-08,0,0.00045953873996940807,success,True,1.1034136509988457,0.002426339842523147,0.01918081388363986,0.003030226780083824,True,2.0770353653463025e-09,primary_success,484,True,2.634076921679269e-05,0.0005366610187977143,9.182274338737179e-06,-0.9663906459712269,-57.71579508318699,-1.1409859749729405,360,4.803930813257414,0.001605312627046143,4.782735706044931,0.2540483885464895
0.15377842246069198,0.27953757189961753,6.117151895619699e-08,0,0.0004978179857930291,success,True,1.2661533699720167,0.002411802817823626,0.018834513387507953,0.0030105425219608692,True,2.1058064851594764e-09,primary_success,579,True,1.5845919220694592e-05,0.0005312944086097372,9.06336627653451e-06,-0.9664150099013378,-57.573086780881404,-1.141024328929187,361,4.789551323706469,0.0016025771403660747,4.768330161872736,0.25393662577960685
0.1537801379813497,0.2795384909697137,5.5651611311047643e-08,0,0.0004550227545446817,success,True,1.3704965309880208,0.002406227931262516,0.018458642825142587,0.0029964753707427605,True,1.9369973659947103e-09,primary_success,634,True,1.4188625887112768e-05,0.0005259814645236398,8.978864647467966e-06,-0.966440127510584,-57.482510939460845,-1.1411092163112415,362,4.780113293764545,0.0016021437851742489,4.7588937186660685,0.25387944220325726
0.1537816711962462,0.2795393833753909,5.899019129530893e-08,0,0.0004831524957239542,success,True,1.873151775012957,0.002407112171983993,0.018225885299720426,0.002991311644927956,True,1.7682946940041122e-09,primary_success,938,True,1.37524960075292e-05,0.0005207216498784034,8.947945357081593e-06,-0.9664648401222451,-57.42004752359695,-1.1411737422135206,363,4.775029673809079,0.0016029718464835034,4.753918811669398,0.25387338906297796
0.1537830236737924,0.2795402548758614,5.573334045520423e-08,0,0.0004580566006443337,success,True,1.0260221700009424,0.0024018894317451417,0.01806709715975784,0.002981000250256725,True,1.8520126281457763e-09,primary_success,444,True,1.3261207164349086e-05,0.0005155144333796193,8.886362492030661e-06,-0.9664878903670021,-57.348365061764724,-1.141239969605337,364,4.77185105322317,0.0016022355611391933,4.750761550751278,0.25384530715779635
0.15378422439072395,0.27954110883883554,5.988334832290217e-08,0,0.000493984277846245,success,True,1.0339941160054877,0.0023958900338363746,0.017929255548165466,0.0029700176700112675,True,1.7310857466616332e-09,primary_success,454,True,1.275075408636598e-05,0.0005103592890458231,8.82100496017916e-06,-0.9665086050164072,-57.274854684516264,-1.1412836520167802,365,4.76717245260182,0.0016010678352514581,4.746091483067071,0.25380875154846916
0.15378531390622344,0.279541941026059,5.8213168726770886e-08,0,0.0004820922742887802,success,True,1.0346248660061974,0.002389285486304604,0.01781113845155185,0.0029584017622144238,True,1.6866430324871393e-09,primary_success,454,True,1.2432522209284391e-05,0.0005052556961553649,8.75214098667341e-06,-0.9665272625479928,-57.204697028686475,-1.1412959006973729,366,4.76085899400142,0.0015994498948290383,4.739771927985359,0.25376218972090514
0.1537863419085498,0.2795427495597976,6.003867531947707e-08,0,0.0004998333101224545,success,True,2.1094907480000984,0.0023781926471135345,0.017750370878109482,0.002942876185996527,True,1.6944442282805252e-09,primary_success,1080,True,1.1921270109365857e-05,0.0005002031391938113,8.660520246105464e-06,-0.9665442330002273,-57.13272474429774,-1.1413058548475923,367,4.756722460408448,0.001596856431635236,4.735556983098137,0.25370077254436657
0.15378736238762794,0.2795435113645104,5.92276008659167e-08,0,0.0004946218006261533,success,True,2.1719094770087395,0.002373456849608144,0.017974411905841644,0.0029337085817446942,True,1.685392463488932e-09,primary_success,1108,True,1.0906784858947362e-05,0.0004952011078018731,8.606646042602466e-06,-0.9665595823957975,-57.00762063069101,-1.1420948098237784,368,4.744496274832392,0.0015964749962948223,4.723312717171708,0.25363025587614113
0.15378855428462637,0.2795443133035479,5.8825025275871514e-08,0,0.0004919425733564716,success,True,0.9840722990047652,0.002370519370495763,0.01785377683248381,0.0029296369074658635,True,1.3997254910995677e-09,primary_success,422,True,1.0846540686879168e-05,0.0004902490967238544,8.58277240958615e-06,-0.9665754930043127,-56.991010551176366,-1.1418796543399006,369,4.743021126086279,0.0015964249084698783,4.72183560316609,0.25362311929212467
0.15378991404534187,0.27954515084535964,5.827764442464804e-08,0,0.0004881715682266296,success,True,0.9278634309885092,0.002367158161164465,0.017714122106914133,0.002924796078539813,True,1.3962446542813993e-09,primary_success,402,True,1.0406839264080399e-05,0.00048534660575661587,8.554432101041869e-06,-0.9665916147165247,-57.00130022929433,-1.1415023773739326,370,4.743135425732857,0.0015963919307545405,4.721941781217126,0.2536240862427447
0.15379142447698438,0.27954602128328926,5.84099347210851e-08,0,0.0004902431981129395,success,True,0.9812170520017389,0.002362879511965747,0.017556984034061356,0.0029190479463560228,True,1.177150560845956e-09,primary_success,446,True,9.862780374170016e-06,0.0004804931396990497,8.520840913125316e-06,-0.9666072141773595,-57.03686371924582,-1.140992432832095,371,4.742665166460727,0.0015960762748625764,4.721449098546171,0.2536195749743649
0.15379306014081165,0.2795469232056599,5.909067061443786e-08,0,0.0004970455331695218,success,True,1.006814319989644,0.002357876292272982,0.017384048718955714,0.0029126535366327685,True,1.279981088146135e-09,primary_success,454,True,9.247357609656087e-06,0.00047568820830205924,8.483550624459373e-06,-0.9666213784740213,-57.094973097875425,-1.1403807122686713,372,4.741551027407306,0.0015954819914993105,4.7203013407602095,0.253609236623768
0.1537947921410138,0.27954785606202287,5.877919826633337e-08,0,0.0004955564028418692,success,True,1.049038108001696,0.00235253347044497,0.01719454065119755,0.002906006963620439,True,1.2075800876018835e-09,primary_success,474,True,1.1083412401020977e-05,0.00047093132621903866,8.444876472610483e-06,-0.9666330841847972,-57.17186801987975,-1.1396999122105989,373,4.739943789702535,0.0015945803639441452,4.718653984466297,0.2535939198057158
0.1537965777303449,0.2795488207714238,5.599451490182366e-08,0,0.00047317782367226405,success,True,1.0550871489976998,0.002347101133478631,0.017063398760879568,0.002899260164916079,True,1.1866306683095726e-09,primary_success,473,True,8.064888176117349e-06,0.0004662220129568483,8.40570950386921e-06,-0.9666413378827885,-57.26213286698176,-1.139029210644984,374,4.737444575515245,0.0015937847940764463,4.716123573579414,0.2535765202535539
0.15379840484156207,0.27954981380792715,5.3867958290657645e-08,0,0.00045621329891752665,success,True,1.0253004620026331,0.0023421515976302636,0.016956839072680606,0.0028928682729165616,True,1.0878366749633882e-09,primary_success,456,True,7.555869498161823e-06,0.0004615597928272798,8.368686844447249e-06,-0.9666452926851388,-57.36131461067502,-1.1383365278983963,375,4.7338063568149895,0.0015926358736486697,4.71245665592387,0.253551872928267
0.15380023899554088,0.2795508287974132,5.8090578623201624e-08,0,0.0004929579832091042,success,True,1.0503542720107362,0.0023379174237101795,0.016848146527737622,0.002887100371117704,True,1.0373645859329306e-09,primary_success,471,True,7.176439098894597e-06,0.000456944194899007,8.335348552907984e-06,-0.9666443262825973,-57.46467814453181,-1.1376342139871471,376,4.729664947334982,0.0015914103157442865,4.708294359954916,0.2535242668773735
0.15380204584770688,0.27955185813519284,5.87788689456155e-08,0,0.0004996875999677296,success,True,1.034875146986451,0.0023342002083613367,0.01673445568671336,0.0028819652303971157,True,1.0633639091959171e-09,primary_success,465,True,7.0718812628273835e-06,0.00045237475295001697,8.3057235892179e-06,-0.966638158401171,-57.567853641805,-1.1369367898424267,377,4.72675911777484,0.0015904517258234707,4.70537998899576,0.2535025299328076
0.15380380205240257,0.27955289709106734,5.830548677264917e-08,0,0.0004964843390799088,success,True,1.0208208200056106,0.0023308804056498223,0.01661168492830308,0.002877199366604776,True,1.0236784334605783e-09,primary_success,456,True,7.142698463448319e-06,0.00044785100542051677,8.278276195190924e-06,-0.9666269463460962,-57.66732314746807,-1.1362603609159678,378,4.724373238173158,0.0015896376301498712,4.7029954574456045,0.2534834898686369
0.15380549177507655,0.27955394205997125,5.75173326306943e-08,0,0.0004905649795042509,success,True,0.995151609997265,0.0023278378138877945,0.016470884799563712,0.0028725545204553262,True,1.0050488243878659e-09,primary_success,446,True,7.397059113153512e-06,0.0004433724953663116,8.251569472988328e-06,-0.9666112243706749,-57.760363254784494,-1.1356201274894226,379,4.721808720459283,0.0015888826230545474,4.70043899160495,0.2534640982347504
0.15380710908515605,0.27955499259997807,5.7835996746649195e-08,0,0.0004941184555231201,success,True,1.0135487490042578,0.002324924775180984,0.016289726510177443,0.0028676968132929893,True,9.611616174994276e-10,primary_success,459,True,8.101129729193541e-06,0.0004389387704126485,8.223685012970766e-06,-0.966591788021627,-57.84529495053714,-1.1350296234438764,380,4.718468728158682,0.0015880518660908117,4.697109218243481,0.25344060832095094
0.1538086572174619,0.279556053755467,6.213053340259898e-08,0,0.0004935194158963586,success,True,2.7481315309996717,0.002401797040160645,0.02715818120391455,0.0030843732168043905,True,8.929728586726067e-10,primary_success,1419,True,1.678517570297078e-05,0.000434549382708522,9.513358140540263e-06,-0.9665696662399943,-58.043656181283566,-1.1232495589129665,381,5.187953652637552,0.0016915050908314353,5.168591591206961,0.25615576306071647
0.15381003497358944,0.2795571057485448,6.258542729143664e-08,0,0.0004985770447114409,success,True,1.0745344499882776,0.002397306619181898,0.027125500070334048,0.0030754383598379335,True,9.83605433700037e-10,primary_success,468,True,4.351387706122004e-05,0.00043020388888143676,9.45832110516264e-06,-0.9665454540740684,-58.106465884770024,-1.1230996577676924,382,5.176596243023266,0.0016896881423299794,5.157230746727184,0.2560828072991878
0.1538113042321068,0.2795582396691985,6.197978400967485e-08,0,0.0004963293571726446,success,True,1.3190154710027855,0.002392223001061272,0.02698735778314273,0.0030594698586584564,True,1.3438188024112863e-09,primary_success,602,True,1.657269548755315e-05,0.00042590184999262236,9.360355816039598e-06,-0.9665205600756097,-58.320215512741065,-1.1238245383268344,383,5.135558133725281,0.0016860240897657848,5.116080228987528,0.25582435440702844
0.15381243691828136,0.27955934513822533,5.90504405636435e-08,0,0.0004746059743407682,success,True,1.1309054479934275,0.002385781370109504,0.026848012598776047,0.003048288205429344,True,1.2352010339818033e-09,primary_success,514,True,2.1834315556677757e-05,0.00042164283149269616,9.29206098335965e-06,-0.9664954811193651,-58.29826849100075,-1.124760678832099,384,5.116472089974694,0.0016832853879808235,5.096963016269476,0.25571268197137736
0.15381345894283854,0.2795604189445661,5.925345851261153e-08,0,0.00048276945189963536,success,True,2.015535994025413,0.0023755188470828445,0.024354040656514434,0.0030070455532070065,True,1.3775686005081563e-09,primary_success,995,True,1.3305937067714294e-05,0.0004174264031777692,9.042322959062031e-06,-0.9664712468921874,-58.288821324353684,-1.1331838468184183,385,5.044187954292994,0.0016678575199480434,5.024412285337731,0.25529896835596944
0.153814399910585,0.2795615165124376,5.9388696252977685e-08,0,0.0004848506427393073,success,True,1.037470304989256,0.002371925001165875,0.024149690761469104,0.0030009717012591123,True,1.33639333966987e-09,primary_success,455,True,1.1976662949994574e-05,0.0004132521391459915,9.005831151758012e-06,-0.9664482884090552,-58.333234931823526,-1.1345927756321021,386,5.033976434639628,0.0016658080995916686,5.014221083129609,0.2552431923348117
0.15381529304812228,0.27956264300318945,5.8927070793338925e-08,0,0.00048198490969851994,success,True,1.0533774190116674,0.0023683454991648817,0.024002646258538665,0.002995349450545748,True,1.234931285620264e-09,primary_success,456,True,1.2281304270078571e-05,0.0004091196177545316,8.972118330884713e-06,-0.9664272603685685,-58.39005852568421,-1.1358630369218516,387,5.0260657174044265,0.0016640700540124203,5.00634906541825,0.25519869060371353
0.1538161865642328,0.27956380009868387,5.741818526504283e-08,0,0.0004706249514564522,success,True,1.0347978850186337,0.0023643094720881886,0.023883854169400403,0.0029891010551821922,True,1.12789687120536e-09,primary_success,449,True,1.123402228905387e-05,0.0004050284215769863,8.934725118091295e-06,-0.9664086268989874,-58.436900112440114,-1.1370280398698842,388,5.017530820557865,0.001662488537571214,4.997858876915318,0.2551474211132743
0.15381706422911598,0.2795649828923363,6.007465873373108e-08,0,0.0004934722258598341,success,True,1.008750977984164,0.0023600595789114065,0.023778630872847834,0.002982597726572903,True,1.0559822099860837e-09,primary_success,437,True,1.0660121928109603e-05,0.00040097813736121644,8.895889198557852e-06,-0.9663925393034537,-58.48592341680578,-1.1381052695498364,389,5.008855540176268,0.0016608960752568906,4.989234055545958,0.2550944559114943
0.15381791156824284,0.27956618414271117,5.6631273406698645e-08,0,0.0004661986239479037,success,True,1.0013547600246966,0.002355934562315907,0.023673166378405417,0.002976126756262502,True,1.0340898238296247e-09,primary_success,432,True,9.773921032958456e-06,0.0003969683559876043,8.857330469341564e-06,-0.9663789548222388,-58.5378906280032,-1.139118596985446,390,4.999418742426786,0.0016592736764176467,4.979848552408618,0.25503912875903184
0.15381871977504077,0.2795673953517342,5.7576175602274716e-08,0,0.00047496343650231337,success,True,1.0107723679975607,0.002352262971289905,0.023553499937444315,0.002969947145076419,True,9.159241388507909e-10,primary_success,423,True,8.643310599093452e-06,0.0003929986724277282,8.820586044547572e-06,-0.9663676490887159,-58.588946405598456,-1.1400797134033804,391,4.9885754956287975,0.0016576036159438366,4.96905118967004,0.25497948549728405
0.1538194852138472,0.27956860903782177,5.947456605064068e-08,0,0.000491569480511955,success,True,0.9658141229883768,0.002349183988131846,0.023419449861268045,0.0029642337980851506,True,1.021267635871306e-09,primary_success,401,True,7.683296271638745e-06,0.00038906868570345095,8.786682009710317e-06,-0.9663583088880504,-58.63518740618904,-1.1409843521203789,392,4.976736709354628,0.001655858795671905,4.957248297579565,0.25491714231081786
0.15382021017903527,0.27956982102219646,5.842801461471748e-08,0,0.0004837704978302179,success,True,0.9629156030132435,0.0023466320738112522,0.023281526053253215,0.0029590195443521383,True,9.46965561490433e-10,primary_success,398,True,7.085383394251433e-06,0.00038517799884641644,8.755796663857935e-06,-0.9663505017488933,-58.673035499482644,-1.1418259347967914,393,4.964634920836726,0.0016540461506021377,4.945167139847954,0.2548548354130748
0.1538209014695128,0.27957103131280453,5.973325531292025e-08,0,0.0004953830968360849,success,True,0.9438885880226735,0.00234442519283118,0.02314853080405559,0.0029542080957412754,True,9.257612417990012e-10,primary_success,392,True,6.840972301234197e-06,0.0003813262188579523,8.727345472943294e-06,-0.9663438057105849,-58.70010467854176,-1.1425926251725858,394,4.952663560674775,0.0016521684079924281,4.933195548670921,0.25479361545755114
0.1538215678257599,0.27957224260107366,6.019314544910362e-08,0,0.0004999736090510693,success,True,0.9203874010127038,0.002342373466707967,0.023023911535322485,0.0029496198135378054,True,9.33391734449125e-10,primary_success,390,True,6.737719366923246e-06,0.0003775129566693728,8.700257044414799e-06,-0.9663378053111927,-58.71509249646511,-1.143276017796548,395,4.940843852977245,0.0016502025250598267,4.921352534049614,0.25473286620542546
0.15382221703238375,0.2795734552313262,5.998743061607366e-08,0,0.000499016682043683,success,True,0.9706931709952187,0.0023403624093059155,0.02290864098001336,0.0029451761894508173,True,9.084677697121602e-10,primary_success,395,True,6.824588012018927e-06,0.00037373782710267906,8.674062786908035e-06,-0.966332128061725,-58.717127326619625,-1.143874127317552,396,4.929087497666863,0.001648118052489946,4.909551242665662,0.25467163371849766
0.1538228560448678,0.2795746699071025,5.715480332773616e-08,0,0.000476166371215801,success,True,0.9927132900047582,0.002338286059033751,0.022802214028049824,0.002940763493974076,True,8.249884156928927e-10,primary_success,394,True,7.148816852149838e-06,0.0003700004488316523,8.648089927490614e-06,-0.966326508850226,-58.70458167526332,-1.144386305667542,397,4.917070094960743,0.0016458358972681025,4.89747054088485,0.25460761988468184
0.15382349080302385,0.27957588839416175,5.643247495380195e-08,0,0.000470891464748852,success,True,1.0235565129842144,0.0023360019743962133,0.02270396176188363,0.0029361237989428187,True,8.699379528393531e-10,primary_success,419,True,9.341306508394336e-06,0.00036630044434333574,8.620822962718409e-06,-0.9663207564589138,-58.667355350539005,-1.1448056368379016,398,4.903437647021312,0.0016430049749451433,4.883755932595803,0.25453153326222183
0.15382412684275135,0.2795771170386552,5.724619423988425e-08,0,0.00047914973945650314,success,True,1.7566688370134216,0.0023309772354841657,0.02265415217256195,0.002927126205824609,True,3.971535586089343e-10,primary_success,839,True,9.279330797039736e-06,0.0003626374398999024,8.568067824825173e-06,-0.9663147739243282,-58.00486172980561,-1.1449162724440032,399,4.8604295245897235,0.0016327746724854163,4.840563774592015,0.25427671411741787
0.1538247445831877,0.2795782857419629,5.9545718353625296e-08,0,0.0004991121214747965,success,True,0.8446907039906364,0.0023287074709171995,0.02256585810796414,0.0029229306139732527,True,7.831264461757227e-10,primary_success,365,True,8.944572873225463e-06,0.0003590110655009034,8.543523374102057e-06,-0.9663088404049411,-58.001068318466935,-1.1451979147158116,400,4.852276061766634,0.0016312119640371299,4.832331183389686,0.2542369691712436
0.15382535220172458,0.2795794014172435,5.6496364093849975e-08,0,0.00047431235307144947,success,True,1.2117278670193627,0.0023259951787929015,0.02248334723312135,0.0029182476723114506,True,7.004330082095979e-10,primary_success,400,True,8.439401046587297e-06,0.00035542095484589436,8.516169476951198e-06,-0.9663029627064308,-58.01773164214213,-1.1453991299125152,401,4.843672649688084,0.001629430384044076,4.8236405970820035,0.2541944572370961
0.15382595880368052,0.27958047060629293,5.7604367935955596e-08,0,0.0004844332324055314,success,True,1.5527803490113001,0.002323038213232754,0.022405900657213325,0.0029133158504069576,True,7.897858237442574e-10,primary_success,754,True,7.992324767765666e-06,0.0003518667452974354,8.487409244232413e-06,-0.9662971818173594,-58.0479328559034,-1.145520127082353,402,4.834938725264278,0.0016274648478716454,4.814814521821302,0.254150229525099
0.15382657527014068,0.2795814954622984,5.599165374423443e-08,0,0.0004714769968095484,success,True,1.824483742006123,0.0023208647970152786,0.02233071892314095,0.00290957040537839,True,6.829906942489745e-10,primary_success,893,True,7.539865553783421e-06,0.0003483480778444611,8.465599943853768e-06,-0.9662915565838278,-58.09958462839516,-1.1455615697327899,403,4.825929142012768,0.001625262375445688,4.805704656295681,0.25410154832334014
0.1538271858486636,0.27958248577096684,5.852423913144431e-08,0,0.0004935599547117059,success,True,0.9875236779917032,0.002318439347809101,0.022242828918185728,0.0029051057425392426,True,6.414502932463002e-10,primary_success,428,True,7.284155998142132e-06,0.0003448645970660165,8.439639375334485e-06,-0.9662858310301325,-58.131651377637354,-1.1456451950901503,404,4.815800496876747,0.0016230507830192575,4.795481863890046,0.2540517376146607
0.15382780323153533,0.2795834500921095,5.8605374303362376e-08,0,0.0004937343283846525,success,True,2.509699640009785,0.002322467251293658,0.022162651010101456,0.0029081058129581134,True,6.601640645008653e-10,primary_success,1251,True,9.704299835794211e-06,0.0003414159510953563,8.457079419360769e-06,-0.9662801688187969,-58.15444763032473,-1.1457217186236248,405,4.811861409018703,0.001621870032938477,4.791459237462309,0.25403287780489436
0.15382844520815037,0.27958440588700023,5.546778036045527e-08,0,0.0004683033517135567,success,True,1.0553999530093279,0.002318980580924379,0.0220416233879125,0.0029018810432567188,True,6.625016593157413e-10,primary_success,433,True,1.4146346720669417e-05,0.0003380017915844027,8.420913589212703e-06,-0.966274674687502,-58.16847378302022,-1.1457467947936981,406,4.798402455209187,0.0016190565983717883,4.777916192435762,0.2539676119588049
0.15382910592063262,0.2795853734756575,5.302149052813556e-08,0,0.0004491036730707898,success,True,1.452424012008123,0.0023134497832795705,0.02185606787333416,0.0028924869597638813,True,5.407425210047387e-10,primary_success,644,True,8.142569100671684e-06,0.0003346217736685587,8.366480812404103e-06,-0.9662694641706923,-58.17192347980152,-1.1457445172684937,407,4.778456804746803,0.0016154872894305406,4.757897508872797,0.25387605947871655
0.15382979978207315,0.2795863270134923,5.861340517475441e-08,0,0.0004971460901402043,success,True,1.0063936059887055,0.002312394948187927,0.021646847366063027,0.002888544142782048,True,7.74915073043714e-10,primary_success,410,True,8.083319789608538e-06,0.0003312755559318731,8.343687264800476e-06,-0.9662646436333119,-58.16122494742279,-1.1457582717526766,408,4.764061899364557,0.0016128885815823698,4.743433594214757,0.25381093918863906
0.15383053574173644,0.27958727271206185,5.7712777397954456e-08,0,0.0004901472580103411,success,True,0.9695109379827045,0.002311229575585858,0.021417585060875564,0.0028847719193403148,True,7.545426840509176e-10,primary_success,405,True,7.68978689579417e-06,0.00032796280037255437,8.3219090266144e-06,-0.9662602587117601,-58.13932125122475,-1.1457641768252245,409,4.751401481736455,0.0016106865093291883,4.730714769703723,0.25375436201826385
0.15383132453586706,0.27958821668998485,5.635991642533804e-08,0,0.0004792431490206032,success,True,0.8821030499821063,0.0023099333655255,0.021199579165294732,0.0028812471398760022,True,7.471533213240227e-10,primary_success,357,True,7.433896443948795e-06,0.0003246831723688288,8.301585081043644e-06,-0.9662563003966606,-58.107697120552544,-1.1457472394034884,410,4.741557708735172,0.0016089784626711256,4.720827543235958,0.2537106280410909
0.1538321696043172,0.2795891632038438,5.562143712799496e-08,0,0.00047352042912561065,success,True,0.8307969169982243,0.0023085098315771334,0.02099886340347915,0.002877859382228231,True,7.537081976499254e-10,primary_success,338,True,7.146799075110768e-06,0.00032143634064514054,8.282074623879053e-06,-0.9662527519371144,-58.06787852970802,-1.1457078283268913,411,4.7340019502093,0.0016076522530428445,4.7132411246921695,0.2536767388253176
0.15383306792747445,0.2795901154591262,5.78949134003539e-08,0,0.000493436868593872,success,True,0.9145034429966472,0.0023070224622026144,0.02081243233980058,0.002874583292388958,True,5.536149123894885e-10,primary_success,376,True,6.85033869063051e-06,0.00031822197723868916,8.263229104881742e-06,-0.9662495766445277,-58.021353120554316,-1.145648151381866,412,4.728188102308467,0.0016066254796656772,4.707407236663601,0.2536500900630735
0.15383401095837806,0.27959107761306856,5.345099225776699e-08,0,0.0004560575392472484,success,True,0.95934112300165,0.002305558005730511,0.020635691793127787,0.002871456335261521,True,5.019316400485775e-10,primary_success,391,True,6.950665953058532e-06,0.0003150397574663023,8.245261485313525e-06,-0.9662467060323922,-57.96982487861265,-1.1455757471621129,413,4.7238544337603345,0.001605872345126322,4.703063178990287,0.2536296859160027
0.15383498362611814,0.27959205677109394,5.771095564745787e-08,0,0.0004929465149705899,success,True,0.9338525050261524,0.0023039874053180803,0.020464348531848794,0.002868299846783732,True,5.902459349109718e-10,primary_success,381,True,6.835251987560034e-06,0.00031188935989163926,8.227144011059582e-06,-0.9662440649994641,-57.914724499325956,-1.1454922075956484,414,4.721043473833183,0.001605432742534408,4.700252770642006,0.25361655940936056
0.1538359780401911,0.2795930501674846,5.728922153409165e-08,0,0.0004899002020355253,success,True,1.863068831997225,0.0023022686206525082,0.02029376493596373,0.002865044598376107,True,6.39886708211641e-10,primary_success,839,True,5.723811296504593e-06,0.00030877046629272284,8.20848055068411e-06,-0.9662416130688818,-57.85618563785649,-1.145423507662153,415,4.719201411490917,0.0016052415280226136,4.69842070399794,0.25360930171050355
0.15383700207149845,0.27959404123072457,5.825304616046422e-08,0,0.0004986316562204616,success,True,1.3167944560118485,0.0023008446860948244,0.02011873160740148,0.0028622322973821807,True,5.97854170964235e-10,primary_success,594,True,4.970652948801498e-06,0.0003056827616297956,8.192373724177675e-06,-0.9662393656009846,-57.79874972695384,-1.1453859778535795,416,4.717060016958164,0.0016050511461478216,4.696291599027666,0.2536008055066623
0.1538380667791876,0.2795950113864508,5.809211960681456e-08,0,0.0004976894501987741,success,True,0.9052751499984879,0.0022995902089801056,0.019948387772015276,0.002859728953062028,True,5.669192321185504e-10,primary_success,393,True,4.786638402453424e-06,0.00030262593401349767,8.178049684981242e-06,-0.9662373721427769,-57.74546663622406,-1.1453048631328997,417,4.715036199603461,0.001604724828569048,4.694280173838016,0.2535893607638383
0.15383916749829957,0.27959595525615344,5.517852613319884e-08,0,0.00047311497969887754,success,True,0.8409875719808042,0.002298423832590899,0.019782626240176664,0.0028573897430256715,True,3.736177633028144e-10,primary_success,356,True,4.6956730154864695e-06,0.0002995996746733627,8.164676143548314e-06,-0.9662355884508296,-57.69553422551458,-1.1452118387745256,418,4.712780479167023,0.0016042701140036428,4.6920362430170925,0.2535752711290173
0.153840297648215,0.2795968701765166,5.646521154444084e-08,0,0.0004845256793970981,success,True,0.8583420949871652,0.0022972872680143805,0.01962607393903229,0.0028551586462046367,True,5.03146504401193e-10,primary_success,372,True,4.646560168442342e-06,0.00029660367792662905,8.151930894997094e-06,-0.9662339711062303,-57.65003599311156,-1.1451073833288457,419,4.7102455021202285,0.0016036922141821409,4.689511963220995,0.253558675851484
0.15384145055619292,0.27959775515459884,5.464101335995464e-08,0,0.00046922828543131105,success,True,0.8414048120030202,0.0022961357631706095,0.019482425799861907,0.0028529926027122633,True,5.405193429044816e-10,primary_success,349,True,4.6090791884933755e-06,0.00029363764114736276,8.139566791130893e-06,-0.9662324752342677,-57.60995305190294,-1.1449903220915574,420,4.707430945094315,0.0016030025735755218,4.686706738306306,0.25353982194009267
0.15384261996070434,0.27959861022252813,5.287916475316619e-08,0,0.0004544378972987694,success,True,0.8522026230057236,0.0022949430263385193,0.01935340639397919,0.0028508615680017143,True,3.407026445728877e-10,primary_success,355,True,4.55278964001091e-06,0.0002907012647358891,8.127411679909192e-06,-0.9662310789769659,-57.575855913119725,-1.1448652239069874,421,4.704352017172674,0.0016022159045723885,4.6836354624968175,0.2535189640634614
0.15384380033958847,0.2795994361956851,5.6857130855244646e-08,0,0.000488986136089997,success,True,0.85885977599537,0.0022937033091655666,0.019238709350952798,0.0028487509218402766,True,5.192958892282243e-10,primary_success,355,True,4.458043634108748e-06,0.00028779425208853024,8.115381814685825e-06,-0.9662297516422264,-57.54789976290919,-1.1447343566278274,422,4.7010259411115145,0.0016013461516535342,4.68031527371739,0.25349635168654966
0.1538449869671155,0.2796002345086454,5.668219699238847e-08,0,0.0004878391521877057,success,True,0.8385200389893726,0.002292427728609823,0.019137143555060396,0.002846663331726976,True,4.1126169975555806e-10,primary_success,363,True,4.327057074471988e-06,0.0002849163095676449,8.103492124198926e-06,-0.9662284872991448,-57.52572203060432,-1.1446009196723732,423,4.697482588531329,0.001600409395505168,4.67677615210446,0.2534722796236733
0.15384617597849676,0.27960100716792635,5.675968493706659e-08,0,0.0004888581374869815,success,True,0.8548676630016416,0.0022911371729252253,0.019047219080953352,0.0028446131389091665,True,4.932593634025711e-10,primary_success,351,True,4.174240256153013e-06,0.00028206714647196845,8.091823910054664e-06,-0.966227278964462,-57.50851772450109,-1.1444667868059473,424,4.693764135178441,0.001599423888649409,4.673060545131082,0.2534470875448976
0.15384736420404072,0.27960175660910114,5.7590491456660756e-08,0,0.000496361600774667,success,True,0.8512451440037694,0.002289855508624643,0.01896748161630341,0.002842619248721306,True,3.315781641282159e-10,primary_success,354,True,4.023121821926223e-06,0.00027924647500724873,8.080484193200883e-06,-0.9662261189427686,-57.49510597974086,-1.1443355090597207,425,4.689922464228727,0.001598408436241885,4.669220613151583,0.2534211375952302
0.15384854900903408,0.27960248556785233,5.7738373243631644e-08,0,0.0004979726697817885,success,True,0.8331037389871199,0.002288603295601473,0.0188964505812377,0.0028406983561745434,True,4.5246585229957323e-10,primary_success,355,True,3.897103631525299e-06,0.0002764540102571762,8.069567150772755e-06,-0.9662249971370982,-57.48406620890304,-1.1442089088726468,426,4.68601647372444,0.001597382858600961,4.665315725755425,0.2533948176077637
0.1538497282014493,0.27960319693182845,5.785822268681412e-08,0,0.0004993295630731133,success,True,0.8415140639990568,0.0022873923845754115,0.018832801419936967,0.002838859464083819,True,4.37717575352089e-10,primary_success,352,True,3.809361798983173e-06,0.00027368947015460446,8.059123056818269e-06,-0.9662238973127449,-57.47393749509413,-1.14408822729112,427,4.682112903615002,0.0015963673268795191,4.6614131454128,0.2533685381779933
0.1538508999425005,0.27960389351449755,5.708166399425277e-08,0,0.0004929327422284421,success,True,0.8796391969954129,0.0022862258939973065,0.018775309100420377,0.002837102606608914,True,4.640791800497549e-10,primary_success,374,True,3.755914928664596e-06,0.0002709525754530584,8.049151200427096e-06,-0.966222819836852,-57.463421816203144,-1.1439745939869572,428,4.678280052646933,0.0015953804828161035,4.657581593624433,0.2533426959908839
0.1538520626703267,0.27960457777012027,5.649935597445995e-08,0,0.0004881937853955703,success,True,0.8465191510040313,0.0022850996356097645,0.018722852769021223,0.0028354195870245683,True,2.775738546169377e-10,primary_success,364,True,3.718561134013056e-06,0.00026824304969852783,8.039604234482573e-06,-0.9662217397197482,-57.45151304491921,-1.1438690793515884,429,4.674584613166405,0.001594440086040995,4.653888317829175,0.25331768410591166
0.15385321515739203,0.2796052515296162,5.760746203630738e-08,0,0.0004980529731349987,success,True,0.8255113019840792,0.002284008330789991,0.01867450644378394,0.0028338006116208274,True,4.28041677922611e-10,primary_success,348,True,3.6772698436864096e-06,0.00026556061920154255,8.030425906422575e-06,-0.966220643508575,-57.43760175610289,-1.143772502425241,430,4.671075299682184,0.0015935564115184683,4.650382247531801,0.25329375719162617
0.1538543562963482,0.279605915858015,5.54749176170883e-08,0,0.0004798804246195097,success,True,0.910662668000441,0.0022829475417994773,0.018629519937730397,0.0028322378073585776,True,4.3682703431527034e-10,primary_success,386,True,3.6238548581636757e-06,0.0002629050130095271,8.021570997431324e-06,-0.966219509990849,-57.421573912844714,-1.1436811223108874,431,4.667780760292426,0.0015927355269734912,4.647092140432299,0.25327108437745877
0.15385548480244046,0.27960657112705334,5.7223185709356905e-08,0,0.000495267650665352,success,True,0.9462653009977657,0.0022819166648970386,0.018587119426588194,0.002830728088127326,True,3.7701575895153295e-10,primary_success,392,True,3.561646101561085e-06,0.00026027596287943187,8.013021508912985e-06,-0.9662183124040967,-57.40355496246607,-1.1435997729868386,432,4.664699338064858,0.0015919762327102722,4.6440163265135475,0.2532496727079715
0.1538565990315906,0.27960721725099613,5.7439070047429476e-08,0,0.0004973921654326966,success,True,0.9353650819975883,0.002280917122562954,0.018546807509968323,0.0028292709736145645,True,4.4320402066645683e-10,primary_success,405,True,3.4990730419239868e-06,0.00025767320325063755,8.004774242137907e-06,-0.9662170272202029,-57.38401421072259,-1.1435250946338351,433,4.66181909302953,0.0015912744317788485,4.6411426008580285,0.25322949169462705
0.15385769691325188,0.2796078539689445,5.7711320091503245e-08,0,0.0004999979606002599,success,True,0.9431325700134039,0.002279951085721369,0.018508063543315332,0.0028278662187829224,True,3.306787520150904e-10,primary_success,420,True,3.44660535347818e-06,0.00025509647121813115,7.996827351333622e-06,-0.9662156320740507,-57.363531549040104,-1.1434582384778946,434,4.65911522523521,0.0015906251454297325,4.638445976524762,0.25321047732115876
0.1538587761303915,0.27960848107880515,5.5110610405256876e-08,0,0.00047769478849964575,success,True,0.9269870240241289,0.002279020450763251,0.018470483648871314,0.002826511796726028,True,3.252577452904339e-10,primary_success,417,True,3.4124337865343453e-06,0.00025254550650594983,7.989168937031396e-06,-0.9662141073675397,-57.34269507643711,-1.1433988549553558,435,4.65655839879566,0.0015900227353424904,4.635896832144385,0.2531925580267734
0.1538598344592609,0.27960909857357774,5.5868154707766295e-08,0,0.00048448583794301114,success,True,0.9290746790065896,0.0022781240287697304,0.01843370467290898,0.0028252008276478846,True,3.874730947925106e-10,primary_success,399,True,3.395352167408533e-06,0.00025002005144089033,7.981759716542294e-06,-0.9662124361368752,-57.322017585131135,-1.1433467693534258,436,4.6541135424495055,0.0015894607658884824,4.63345987068706,0.25317563250434094
0.15386087013599845,0.2796097066271166,5.672148670525608e-08,0,0.0004921083516534982,success,True,0.804349682002794,0.002277258916841777,0.01839741103948574,0.0028239236737385605,True,2.8622809431660845e-10,primary_success,357,True,3.3827807433151697e-06,0.00024751985092648143,7.974544915101087e-06,-0.9662106106161239,-57.301938341838664,-1.1432998850982383,437,4.651744552345645,0.0015889318478307128,4.631098659065837,0.2531595746498972
0.1538618821243802,0.2796103054943671,5.75117775232859e-08,0,0.000499186457307631,success,True,0.6964681780082174,0.0022764195265488137,0.01836147137414263,0.002822669823456697,True,3.937864597432067e-10,primary_success,285,True,3.36188775004346e-06,0.00024504465241721664,7.96746493225306e-06,-0.9662086304789734,-57.28279666942489,-1.143259515987275,438,4.649418604782687,0.0015884278759451592,4.62878023791716,0.25314423282521004
0.1538628702369744,0.27961089545418144,5.2974170421656326e-08,0,0.0004600027856067347,success,True,0.8010796069866046,0.002275601250852055,0.018325744575204042,0.0028214332954934578,True,3.7962789238905345e-10,primary_success,326,True,3.32784888569367e-06,0.00024259420589304448,7.960485840919075e-06,-0.966206502948207,-57.264974575467086,-1.1432224357866907,439,4.647102199334287,0.0015879392107044407,4.6264707204994195,0.25312939346350993
0.15386383503708498,0.27961147691286875,5.2998690848014543e-08,0,0.000460415054170476,success,True,0.7906379940104671,0.002274802387416622,0.01829014224980579,0.002820211706838712,True,2.976070349172882e-10,primary_success,342,True,3.283521523158661e-06,0.00024016826383411403,7.953594071390124e-06,-0.9662042386196378,-57.24878160496984,-1.1431856263515756,440,4.644774494272934,0.0015874571890291246,4.624148999789799,0.25311490102051987
0.15386477772113039,0.27961205036118697,5.2600817990040035e-08,0,0.0004571538274788188,success,True,0.8434944979962893,0.002274023723273561,0.018254629315391225,0.0028190074397128192,True,2.368513873650676e-10,primary_success,367,True,3.2357491918514735e-06,0.0002377665811957729,7.946802945156224e-06,-0.9662018684816003,-57.23442848791358,-1.1431486425667274,441,4.642419613952393,0.0015869734000361023,4.621798862262453,0.2531005891675846
0.15386569985050638,0.279612616407666,5.646701032883752e-08,0,0.0004909609893398214,success,True,0.8799092909903266,0.0022732668479316163,0.018219197044240736,0.0028178241919318003,True,2.766197419477264e-10,primary_success,376,True,3.189836091348094e-06,0.00023538891538381516,7.940133176636103e-06,-0.9661994345003388,-57.22188257646326,-1.1431102293258781,442,4.640030590642947,0.001586480988684064,4.619413164265144,0.2530863346086507
0.15386660311977415,0.27961317580450606,5.517727413368224e-08,0,0.0004799446146399845,success,True,0.8264538609946612,0.0022725337518368915,0.018183814964516525,0.002816665038088317,True,2.9251606584028753e-10,primary_success,361,True,3.147737988033486e-06,0.00023303502622997702,7.933601936789062e-06,-0.9661969482498775,-57.21105352076176,-1.143065242214685,443,4.637606874850339,0.0015859748148076747,4.616991196822573,0.2530720502454777
0.15386748925322938,0.2796137294426646,5.3752967000495856e-08,0,0.00046774377599909637,success,True,0.8116252550098579,0.0022718250150220477,0.018148524615906356,0.0028155322616515,True,2.907147048061325e-10,primary_success,350,True,3.10972339259431e-06,0.00023070467596767724,7.92722191640041e-06,-0.9661944627865409,-57.20175666674583,-1.1430152977701542,444,4.635154317072196,0.0015854525503831399,4.614538709324539,0.2530577077710273
0.15386835983296865,0.2796142782933176,5.562174422803837e-08,0,0.00048419544330774255,success,True,0.8093769129773136,0.0022711407689010536,0.01811329699068376,0.002814427009633837,True,2.9585862858287645e-10,primary_success,342,True,3.0755465995243657e-06,0.00022839762920800046,7.920999392556465e-06,-0.9661919731028904,-57.193659562171604,-1.1429595066481686,445,4.632679871027172,0.0015849133458661648,4.612062652527474,0.2530432929123552
0.15386921626868727,0.27961482336159493,5.263267807526733e-08,0,0.00045835062471278064,success,True,0.8154089459858369,0.002270480434771819,0.018078115488636002,0.002813349744318769,True,3.4683955714544403e-10,primary_success,337,True,3.0451868317084176e-06,0.00022611365291592045,7.914936783858483e-06,-0.9661895266229958,-57.18649151768978,-1.1428968516586049,446,4.630195937153746,0.001584359176895723,4.609575499313463,0.2530288423242081
0.1538700597231754,0.2796153656471,5.2413849741917955e-08,0,0.0004566152762688688,success,True,0.6919694220123347,0.002269842120159608,0.01804292586941681,0.002812300388129919,True,3.4963572053647683e-10,primary_success,283,True,3.019865498679557e-06,0.00022385251638676123,7.90903347307569e-06,-0.9661871346348477,-57.17982865566954,-1.1428297435367736,447,4.627716052769724,0.0015837934412824646,4.607090953470387,0.2530144035275149
0.15387089108430513,0.27961590610917975,5.481460405001085e-08,0,0.0004777036426078623,success,True,0.741258572001243,0.0022692243964238896,0.018007737152785128,0.0028112781219206107,True,2.9337983415782117e-10,primary_success,291,True,3.0007376666837067e-06,0.00022161399122289362,7.903284678789477e-06,-0.966184805843838,-57.173528259009856,-1.1427524746067663,448,4.625260030570859,0.0015832224025731896,4.604629028485459,0.25300009103561105
0.15387171100335117,0.2796164456611749,5.51006969145553e-08,0,0.00048036722555405654,success,True,0.7495689420029521,0.002268623750035837,0.017972488057574874,0.002810281390137618,True,2.5422853346218216e-10,primary_success,283,True,2.9895087189753262e-06,0.00021939785131066468,7.897681491753824e-06,-0.9661825522445764,-57.16719267218898,-1.142670360023386,449,4.622847729562642,0.0015826526317995592,4.602209849290803,0.2529859990878983
0.1538725199253943,0.2796169851527085,5.5065192330801636e-08,0,0.0004802241242605872,success,True,0.6879457850009203,0.002268036710710464,0.017937172715406725,0.0028093074544763407,True,3.274764529689852e-10,primary_success,287,True,2.98647750735364e-06,0.00021720387279755804,7.892208373776336e-06,-0.9661803769929519,-57.16063948488013,-1.1425816453906206,450,4.620502880185873,0.001582091956578853,4.599857434031326,0.25297226701153325
0.15387331809958638,0.27961752524876315,5.635678609299804e-08,0,0.0004916552171090884,success,True,0.6679698909865692,0.0022674589032925826,0.017901741428302805,0.0028083527057785563,True,3.3074294877912256e-10,primary_success,279,True,2.9889710840289353e-06,0.00021503183406958247,7.886844920053737e-06,-0.9661782800627488,-57.15370441450789,-1.1424884103693227,451,4.618250532229772,0.0015815483116152305,4.597597130937039,0.2529590358881319
0.15387410568169563,0.279618066372431,5.679064451100131e-08,0,0.000495606056340911,success,True,0.724547188001452,0.0022668859813319607,0.017866230833142236,0.00280741280845538,True,2.9334114058259644e-10,primary_success,311,True,2.98962395475663e-06,0.00021288151572888665,7.881566677079325e-06,-0.9661762688334462,-57.1463133837854,-1.1423886138636268,452,4.616110129981071,0.0015810277868586145,4.59544864513878,0.2529464196073827
0.1538748828388679,0.27961860864034416,5.594763578576795e-08,0,0.0004884107109891323,success,True,1.2683381749957334,0.00226631459595033,0.017830573404996518,0.0028064844728227407,True,2.6085685575697854e-10,primary_success,325,True,2.9815290129886953e-06,0.00021075270057159778,7.876355096195138e-06,-0.9661743330278382,-57.13844222292924,-1.1422856465708766,453,4.6140922507865,0.001580533706737701,4.593422821464159,0.25293447173209754
0.15387564980019858,0.2796191518055157,5.605471130437469e-08,0,0.0004895055432481847,success,True,0.796950524993008,0.002265743513608927,0.017794810698677766,0.0028055666496525885,True,2.358767112795523e-10,primary_success,357,True,2.9626439775619166e-06,0.0002086451735658818,7.871204225642851e-06,-0.9661724679306173,-57.13013221570544,-1.1421790653676098,454,4.612192976266735,0.0015800654022865004,4.591515843051333,0.2529231656087949
0.15387640681567666,0.27961969530076203,5.393880953483729e-08,0,0.0004711803271046894,success,True,0.8615756620129105,0.0022651737426110435,0.01775892141310955,0.002804660461364923,True,2.8913331245764156e-10,primary_success,385,True,2.9371771974861416e-06,0.00020655872183022298,7.866120303543703e-06,-0.9661706567501981,-57.12148617925643,-1.1420709369109854,455,4.610392724327712,0.0015796183217492658,4.589708221052177,0.25291239562650725
0.15387715410010847,0.27962023839718236,5.6090921142435387e-08,0,0.0004901359337929863,success,True,0.8710917540010996,0.0022646075151504454,0.01772289946153065,0.00280376824721871,True,2.160016786546878e-10,primary_success,394,True,2.912468928077956e-06,0.00020449313461192074,7.861116384111878e-06,-0.9661688910921683,-57.112600889522895,-1.141961315094704,456,4.608664475971472,0.0015791859118192539,4.587972967290176,0.2529020166189207
0.15387789172422037,0.27962078035704313,5.47816157378949e-08,0,0.0004788445422171733,success,True,0.9217154130165,0.0022640473739468678,0.017686748484508966,0.0028028921022341144,True,2.838656790877124e-10,primary_success,424,True,2.895938367926941e-06,0.00020244820326580153,7.856204136766373e-06,-0.9661671616768827,-57.10359227827713,-1.141853090098775,457,4.606975674439089,0.0015787611117139876,4.586277459411891,0.2528918636503756
0.15387861958093016,0.279621320580286,5.503227554396825e-08,0,0.0004811831175162415,success,True,0.9117454899824224,0.0022634961405433845,0.017650377904343748,0.0028020325355278338,True,2.514789278311584e-10,primary_success,426,True,2.891925331801926e-06,0.00020042372123314352,7.851386330156542e-06,-0.9661654581603051,-57.09448486459234,-1.1417469060769008,458,4.605298577010299,0.001578338635961428,4.584593966319598,0.25288183103130646
0.15387933749271623,0.27962185863672967,5.639922925817295e-08,0,0.0004932840828301901,success,True,0.8940500909811817,0.0022629551104698387,0.017613699677139983,0.0028011873176554667,True,2.6814680257629555e-10,primary_success,407,True,2.8946251439586537e-06,0.0001984194840208121,7.84665038859383e-06,-0.9661637674711647,-57.085258259031534,-1.1416451164268293,459,4.603612785887582,0.001577915240349583,4.582902201120746,0.25287186151711605
0.1538800453714718,0.279622394196147,5.5249048534941166e-08,0,0.0004833681783788784,success,True,0.8359460549836513,0.002262424417875819,0.01757673033442995,0.002800353332413755,True,2.8840286748277635e-10,primary_success,379,True,2.8916087163423837e-06,0.00019643528918060395,7.841978786360823e-06,-0.9661620732663887,-57.075952104969595,-1.141550348498889,460,4.601906144831396,0.0015774891235650795,4.581189914739109,0.25286191650686946
0.15388074333806923,0.27962292696060786,5.496083774987892e-08,0,0.0004809882598946868,success,True,0.6797205280163325,0.0022619041802363488,0.017539423586749776,0.00279952888073996,True,2.9238108715242e-10,primary_success,274,True,2.8783083689129515e-06,0.0001944709362887979,7.837361954097133e-06,-0.9661603709736503,-57.06661804010606,-1.1414629721534855,461,4.600177638546926,0.0015770601010139326,4.579456178313591,0.2528520077311053
0.15388143166671167,0.2796234566436137,5.557764558636681e-08,0,0.0004865279084609774,success,True,0.7843576690065674,0.0022613932990942554,0.017501948159826076,0.0027987136877168474,True,2.647709446916923e-10,primary_success,345,True,2.8542386006902077e-06,0.0001925262269259099,7.832798305813636e-06,-0.9661586648632945,-57.05733210771272,-1.1413792564892145,462,4.598429718879586,0.0015766286064417294,4.577703510123986,0.252842147317632
0.1538821107661087,0.279623982949204,5.2234226035678195e-08,0,0.0004573910328116637,success,True,0.8480418349790853,0.002260893053221065,0.017464312491766755,0.0027979091107390897,True,2.545073964788389e-10,primary_success,385,True,2.8227117853028443e-06,0.0001906009646566508,7.828295391956802e-06,-0.9661569519404978,-57.04819079447655,-1.1413038016146062,463,4.596670163178357,0.0015761966112758812,4.5759396381453445,0.2528323883520874
0.15388278125653318,0.2796245055612814,5.6062298171176854e-08,0,0.000491050542349448,success,True,0.9596892439876683,0.0022604034524758973,0.01742651249556681,0.002797117988348306,True,2.111413827659811e-10,primary_success,421,True,2.7947616639308594e-06,0.0001886949550100843,7.823869040741673e-06,-0.9661552372657716,-57.03945592969138,-1.141229880980643,464,4.594905888946311,0.001575765068837353,4.574171525594586,0.2528227439663945
0.1538834438552941,0.2796250242319608,5.206778564231622e-08,0,0.0004561892088788616,success,True,0.9189764009788632,0.002259922592266944,0.017388784947049835,0.0027963413500548006,True,2.502484154372072e-10,primary_success,414,True,2.7778168104832616e-06,0.00018680800545998346,7.819524946026305e-06,-0.9661535247358216,-57.03120600475166,-1.1411615444662144,465,4.593151909122807,0.001575335639757469,4.572414149601576,0.25281324679997025
0.1538840992658249,0.2796255388478075,5.1005631126416384e-08,0,0.0004470050997529044,success,True,0.9552250679989811,0.002259448689656244,0.01735117053631608,0.0027955787602601772,True,2.7158740907535294e-10,primary_success,421,True,2.770188273447605e-06,0.00018493992540538363,7.81526060481783e-06,-0.9661518212012031,-57.023594233583125,-1.1410926725092596,466,4.591421542448173,0.0015749100603162116,4.570680823862699,0.25280393763613945
0.1538847480617746,0.27962604943429137,5.485437664937796e-08,0,0.00048086399805736846,success,True,0.7786579719977453,0.002258978398398783,0.01731388752125974,0.0027948281288245353,True,2.6636246647681587e-10,primary_success,350,True,2.765291799298374e-06,0.0001830905261513298,7.811064269668853e-06,-0.9661501319160327,-57.01660444274157,-1.1410265053452298,467,4.589729869638214,0.001574489940656765,4.568986685743089,0.25279484496399174
0.15388539062404896,0.279626556131201,5.601028928358867e-08,0,0.0004911269525697297,success,True,0.6190075949998572,0.0022585116376141767,0.017276806253920786,0.002794088331474928,True,2.534053971695695e-10,primary_success,259,True,2.7586484617568973e-06,0.0001812596208898165,7.806929604084348e-06,-0.9661484591880363,-57.01028110188129,-1.14095783214574,468,4.588086434347523,0.0015740773290109477,4.567341284967686,0.2527860201237341
0.1538860271575172,0.2796270591114881,5.561685719248342e-08,0,0.0004878047104495829,success,True,0.8365806679939851,0.0022580465400109427,0.01724021641483755,0.0027933576122296925,True,2.0858546991145637e-10,primary_success,371,True,2.7488485967877304e-06,0.00017944702468091834,7.80284674980157e-06,-0.9661468061956807,-57.004438972278386,-1.1408879857277758,469,4.5864972124856935,0.0015736731353773695,4.565750596854572,0.25277745869346024
0.15388665773841717,0.27962755852374815,5.5357425082956816e-08,0,0.00048565468671031754,success,True,1.0077163270034362,0.002257583450849372,0.017203964871404104,0.0027926363147431537,True,1.599769533183335e-10,primary_success,463,True,2.732462123266458e-06,0.00017765255443410915,7.798817586422223e-06,-0.9661451719996187,-56.999076134122454,-1.1408192973036384,470,4.584962589469931,0.0015732774391764724,4.564215000136039,0.2527691468726379
0.15388728214798106,0.2796280545537192,5.424791052792073e-08,0,0.00047604198882187883,success,True,1.073254963994259,0.0022571256240848047,0.017167889618741314,0.002791925584596612,True,2.4245622325537274e-10,primary_success,479,True,2.7203281523502567e-06,0.00017587602888976807,7.794848469925133e-06,-0.9661435508268714,-56.994112690225975,-1.1407516657942787,471,4.583478655235737,0.0015728916043163616,4.562730594639926,0.25276110377795913
0.1538879000653204,0.2796285474077158,5.1036331685516533e-08,0,0.0004479716571748408,success,True,1.1195757899840828,0.0022566765602307906,0.017131850507826146,0.0027912259766182815,True,1.9659820319691725e-10,primary_success,479,True,2.719324820345176e-06,0.0001741172686008704,7.790942452548682e-06,-0.9661419372077199,-56.98931069371988,-1.1406876311114895,472,4.582033771389611,0.0015725158174248225,4.561285674956676,0.2527533139069562
0.15388851126726164,0.27962903719651877,5.586246746553892e-08,0,0.0004904542828299774,success,True,1.009583136998117,0.0022562387116911923,0.017095702005857555,0.002790536245312303,True,1.9970006928592333e-10,primary_success,459,True,2.72029122629587e-06,0.00017237609591486168,7.787092536401688e-06,-0.9661403270659912,-56.98444699992195,-1.14062921558185,473,4.5806173896391265,0.001572149886497748,4.559869639107574,0.25274576359092943
0.1538891157814755,0.2796295238308596,5.460918587109653e-08,0,0.0004795678951486867,success,True,0.9096661759831477,0.0022558127644072374,0.017059420112907838,0.0027898553413944665,True,2.5090459327882324e-10,primary_success,381,True,2.712623247477466e-06,0.00017065233495571307,7.783292825907233e-06,-0.9661387180699234,-56.979354780279664,-1.1405760864267134,474,4.579222327718197,0.0015717930154854655,4.558475263136725,0.2527384281663122
0.1538897138737492,0.27963000700952034,5.691058068784723e-08,0,0.000499898885882907,success,True,0.6597297659900505,0.002255397829754626,0.017022964377486315,0.002789182505157355,True,2.3941773914728174e-10,primary_success,280,True,2.69880380996546e-06,0.00016894581160615594,7.779539047075859e-06,-0.9661371118590784,-56.974026729336025,-1.1405292270117662,475,4.577836371017372,0.0015714419323220356,4.557090094278125,0.25273122707878476
0.15389030585805574,0.27963048635667487,5.456306378268068e-08,0,0.00047939259206525,success,True,1.0273643780092243,0.0022549937801646363,0.016986554824653704,0.0027885183976596064,True,2.2790745901657045e-10,primary_success,445,True,2.6737031064851453e-06,0.00016725635349009439,7.7758348540861e-06,-0.9661355171933523,-56.96835801903113,-1.1404879108725512,476,4.576454518378406,0.001571095943952898,4.555709070714345,0.252724117829637
0.15389089232653694,0.27963096139569954,5.39612490678538e-08,0,0.00047421624512909504,success,True,1.1437030300148763,0.002254600619609535,0.01694998838899274,0.0027878644305036797,True,2.065894970724507e-10,primary_success,525,True,2.647885020640015e-06,0.00016558378995519345,7.772188082867605e-06,-0.9661339336419816,-56.96255905174637,-1.1404501289935214,477,4.575067083803056,0.0015707523064985508,4.554322383477508,0.2527170538273431
0.1538914739973018,0.279631431528623,5.431052100143846e-08,0,0.0004773957102440665,success,True,1.0969890410196967,0.0022542148378197216,0.016913515918990048,0.0027872218706258894,True,1.809937639298263e-10,primary_success,518,True,2.637812928978986e-06,0.0001639279520556415,7.768605756095282e-06,-0.9661323701944552,-56.956711417557166,-1.1404162245212786,478,4.573670032919415,0.0015704077513009522,4.552925834489661,0.2527099244360034
0.1538920515188315,0.2796318962525409,5.339533702953125e-08,0,0.00046945776890251626,success,True,1.0696237070078496,0.0022538307064028994,0.016877329688259946,0.0027865887921756016,True,2.258659522845771e-10,primary_success,481,True,2.6382520904919617e-06,0.0001622886725350851,7.765077096678679e-06,-0.9661308347747192,-56.951096498952936,-1.1403825743669906,479,4.572264321049288,0.0015700593428824628,4.551520248754998,0.252702660822023
0.15389262523650937,0.2796323553050025,5.631180183374118e-08,0,0.0004952107818395384,success,True,0.6590923350013327,0.002253444762812047,0.016841508059417476,0.002785963463480687,True,2.2677816141066962e-10,primary_success,276,True,2.626811005740493e-06,0.00016066578580973425,7.761592419849304e-06,-0.9661293344631788,-56.945881375491545,-1.1403470142010275,480,4.5708547454757085,0.0015697061001228542,4.550110387731621,0.2526952479483849
0.1538931950154023,0.2796328087604513,5.2407865895231016e-08,0,0.00046098157780990296,success,True,1.18248986301478,0.0022530537716451715,0.01680650028044437,0.0027853449600596532,True,2.177660413734986e-10,primary_success,549,True,2.60135515579595e-06,0.0001590591279516369,7.758146546529712e-06,-0.966127867811119,-56.9409866179921,-1.1403084360483802,481,4.5694415551587335,0.0015693471771283988,4.548696389666061,0.25268761896300096
0.15389376032251761,0.27963325703281494,5.59285652308364e-08,0,0.0004920573109028346,success,True,1.1961416999984067,0.0022526647827395773,0.016771687289777584,0.0027847362853756523,True,1.8944244719073158e-10,primary_success,569,True,2.5888397236862863e-06,0.00015746853667212055,7.754756179087783e-06,-0.9661264321113907,-56.93635468880195,-1.1402710650847578,482,4.568023820891576,0.0015689862728512176,4.547277519237116,0.25267990170278554
0.15389432035819267,0.27963370081048994,5.475390815082094e-08,0,0.000481826320985227,success,True,1.1117626939958427,0.0022522837684207744,0.016736902457555724,0.0027841375434868427,True,2.2340771704821825e-10,primary_success,528,True,2.594141597661463e-06,0.00015589385130539935,7.751421861052954e-06,-0.9661250195956215,-56.931616854854006,-1.140237463811059,483,4.566604005132864,0.0015686285176270734,4.545856351046473,0.25267221952110275
0.1538948746629238,0.2796341406055451,5.5550535878076374e-08,0,0.0004889403320543785,success,True,0.878765410016058,0.002251912710361129,0.01670198989082825,0.0027835464570787464,True,2.2436267917490702e-10,primary_success,412,True,2.5904791533305462e-06,0.00015433491279234535,7.748130878715642e-06,-0.9661236277125275,-56.92665132460842,-1.1402099046984822,484,4.565190178220552,0.0015682772545370287,4.544441072012834,0.2526646708637102
0.15389542315930854,0.2796345766480428,5.6079584491034896e-08,0,0.0004937004132332376,success,True,0.6504679460194893,0.002251550735795196,0.016667052941860664,0.0027829626696732447,True,2.1855176172123818e-10,primary_success,294,True,2.577588728703692e-06,0.00015279156366442188,7.744881220794834e-06,-0.9661222536367005,-56.92147135772301,-1.140186335695243,485,4.563792558307954,0.0015679337110772768,4.5430419950565675,0.25265730367857425
0.15389596593456228,0.2796350089879224,5.303197368899904e-08,0,0.00046696737904473775,success,True,1.1249427600123454,0.002251199343726235,0.01663220148749135,0.002782385694774621,True,1.9881759788454483e-10,primary_success,535,True,2.545920092045349e-06,0.00015126364802777766,7.74167015448645e-06,-0.9661208966374536,-56.91586355478728,-1.140167134262102,486,4.562416803742681,0.001567599788030622,4.5416647622672075,0.25265015647156724
0.15389650348756598,0.2796354374036488,5.559613375416122e-08,0,0.000489645722189185,success,True,1.3702344039920717,0.0022508576598446396,0.01659719304855108,0.002781817986455668,True,2.16157203761096e-10,primary_success,654,True,2.527719231478454e-06,0.00014975101154749988,7.738511309768266e-06,-0.9661195633948294,-56.91033598108031,-1.1401513157990444,487,4.561065819377347,0.0015672750121150168,4.54031238240926,0.2526432447671589
0.15389703669164104,0.27963586126604534,5.493551161035241e-08,0,0.00048392469314308454,success,True,1.280993062973721,0.0022505168216822692,0.01656263583851162,0.002781259261047212,True,2.013020128742897e-10,primary_success,603,True,2.550845074788904e-06,0.00014825350143202488,7.735403077160882e-06,-0.9661182592347751,-56.90507949323737,-1.1401359592840539,488,4.559747196914381,0.001566954559844082,4.5389922403753244,0.25263640915539964
0.15389756610875804,0.27963628014679826,5.4226561918532635e-08,0,0.00047777466585412117,success,True,1.1721633409906644,0.002250166865139146,0.016528869168414995,0.0027807057635192735,True,1.9874560566628212e-10,primary_success,560,True,2.526663338900663e-06,0.00014677096641770463,7.732324543269305e-06,-0.9661169890335867,-56.9007341924662,-1.1401143609879327,489,4.55846360945178,0.0015666333718594727,4.5377069657463025,0.25262952453593984
0.15389809136387592,0.27963669424778115,5.581434799831154e-08,0,0.0004918608510709872,success,True,1.4998023989901412,0.0022498085385087825,0.016495895387819842,0.002780159313312124,True,2.0293198574687517e-10,primary_success,713,True,2.493068582108558e-06,0.0001453032567535276,7.729285807396142e-06,-0.9661157454625754,-56.897306712259855,-1.1400903301586558,490,4.557205819948538,0.001566310774240063,4.536447336685289,0.25262255917245285
0.1538986112544174,0.2796371046433102,5.3851010130866544e-08,0,0.00047465078607121687,success,True,1.2910067470220383,0.0022494612267217246,0.01646292436004788,0.0027796219598133654,True,1.9850356463358008e-10,primary_success,603,True,2.5103885569149338e-06,0.0001438502241859923,7.726298239476692e-06,-0.96611452185137,-56.89362338747168,-1.140067913077502,491,4.555972322444371,0.0015659985309825683,4.535212154397268,0.25261584369616147
0.15389912531497216,0.2796375117008108,5.571523506657247e-08,0,0.0004911762089723499,success,True,0.7598428149940446,0.0022491267912579304,0.016429646122163095,0.0027790907503174025,True,1.997330256980398e-10,primary_success,349,True,2.4996098464627037e-06,0.00014241172194413238,7.723345398499744e-06,-0.9661133097468049,-56.8896889293421,-1.1400530213077653,492,4.554760325111624,0.0015656978256594037,4.533998667495144,0.25260941975463835
0.15389963375227475,0.2796379153422496,5.5098933438736694e-08,0,0.00048583490954079813,success,True,1.0847905010159593,0.0022488015333333674,0.016396516629512466,0.00277856498728132,True,1.8261428823927807e-10,primary_success,500,True,2.4870821451667975e-06,0.00014098760472469106,7.72042338854564e-06,-0.9661121101573162,-56.88546161846129,-1.1400410417768092,493,4.553566663514973,0.0015654058018700037,4.532803706987556,0.2526031999811536
0.15390013678631032,0.279638315436987,5.504110673590571e-08,0,0.00048541559783205616,success,True,1.7053189260186628,0.0022484927480053377,0.016362982996980267,0.002778046525600617,True,1.9492057746626354e-10,primary_success,813,True,2.44283232537806e-06,0.00013957772867744414,7.717542498401659e-06,-0.9661109210014484,-56.88084232658785,-1.1400360820565207,494,4.552386371630236,0.0015651248433618753,4.531622387842702,0.25259729029160405
0.15390063570828585,0.27963871086422676,5.485314469229235e-08,0,0.00048384648932025447,success,True,1.8515048710105475,0.002248188157963511,0.016329725628662306,0.0027775380717325895,True,1.6712148906174905e-10,primary_success,910,True,2.596096230041918e-06,0.0001381819513906697,7.714717739923992e-06,-0.9661097526769609,-56.876484957926465,-1.1400303848099758,495,4.551210093218872,0.0015648449420186201,4.530445046561449,0.25259137753540234
0.15390113206923478,0.27963910024394806,5.2107222161396704e-08,0,0.0004597092629151536,success,True,1.8617921179975383,0.0022478524780944567,0.016298234298852195,0.0027770311497722425,True,1.9259463699575073e-10,primary_success,872,True,2.4183031304447447e-06,0.000136800131876763,7.711902006805344e-06,-0.9661086128436583,-56.874202628227124,-1.1400105261409292,496,4.550033204650702,0.0015645438972519718,4.529266534818027,0.2525848167006816
0.1539016240504363,0.2796394855560034,5.4154270467834346e-08,0,0.0004778545105930008,success,True,1.533428467984777,0.0022475253245908505,0.016266825278584456,0.0027765346921502405,True,1.8131796572095447e-10,primary_success,736,True,2.4578254660216305e-06,0.00013543213055799538,7.709144896713831e-06,-0.9661074860325011,-56.8719079542101,-1.1399921002167008,497,4.548853410938614,0.0015642459632657971,4.528085170257344,0.25257832218872694
0.15390211072074303,0.2796398676726851,5.411317028575165e-08,0,0.00047757637612280305,success,True,0.9634691190149169,0.0022472152770396637,0.016234984972576513,0.0027760432431021436,True,1.947864019797069e-10,primary_success,443,True,2.4577337387235237e-06,0.00013407780925241543,7.706416087573068e-06,-0.9661063663154393,-56.86892742190641,-1.1399808535799167,498,4.5476814062701045,0.0015639585652430536,4.526911859699618,0.25257211600545276
0.15390259224029426,0.27964024664393916,5.592360829931105e-08,0,0.0004936411022315138,success,True,1.2802062580012716,0.002246917796836342,0.016203070615237666,0.002775555757288908,True,1.731165838111949e-10,primary_success,603,True,2.430054961086744e-06,0.00013273703115989128,7.703709761819603e-06,-0.9661052503780772,-56.865426608855266,-1.139974762307862,499,4.546516695113895,0.0015636790355425707,4.5257461027411034,0.25256612428588976
0.1539030690080228,0.2796406223538721,5.648862423372276e-08,0,0.0004987144235022267,success,True,2.6913442020013463,0.0022466472163156634,0.016170165813804895,0.0027750777368884907,True,1.5874880167181466e-10,primary_success,1356,True,2.709285729285629e-06,0.00013140966084829235,7.701056445774148e-06,-0.9661041412734991,-56.86100725110635,-1.1399799421294223,500,4.545362045946149,0.001563415141466971,4.52459085700137,0.25256059533896363
0.15390354422162997,0.2796409917080973,5.4376856765323264e-08,0,0.00048015283619234184,success,True,2.322699593001744,0.002246326794097321,0.016140046257157904,0.002774601939905543,True,1.7913493484176494e-10,primary_success,1012,True,2.3893609132718967e-06,0.00013009556423980944,7.6984159249276e-06,-0.9661030514514765,-56.859732130990665,-1.1399610211378524,501,4.544192255214854,0.0015631155135336684,4.523419551272443,0.2525539779747769
0.1539040148697123,0.279641357939042,5.588966717505146e-08,0,0.0004935940932454174,success,True,1.5176194439991377,0.0022460253667206547,0.016109428384305676,0.00277413539693219,True,1.7466637890343895e-10,primary_success,728,True,2.4281084491640603e-06,0.00012879460859741135,7.695827200512118e-06,-0.9661019706367789,-56.8577887863908,-1.1399497907523588,502,4.543033452108455,0.0015628280374208612,4.522259515510352,0.2525476983249712
0.15390448046705957,0.2796417215153958,5.5946973128195445e-08,0,0.0004941827100168461,success,True,0.9686662299791351,0.0022457393501983023,0.01607846548194972,0.0027736721942256187,True,1.7577576578543916e-10,primary_success,465,True,2.419338961638624e-06,0.00012750666251143723,7.69325744102036e-06,-0.966100895505507,-56.85504020757172,-1.139943502644378,503,4.541894448650749,0.0015625530696909426,4.5211196598614345,0.2525417478336696
0.15390494119096612,0.27964208244861094,5.511184304580042e-08,0,0.00048688608336266325,success,True,2.9989272660168353,0.0022454832594443336,0.016046458798602208,0.0027732157495583354,True,1.7759203757785714e-10,primary_success,1512,True,2.7861704752709458e-06,0.00012623159588632285,7.690725593598398e-06,-0.966099824320869,-56.85095588996956,-1.1399503200578376,504,4.540782350076328,0.0015622995744438621,4.520007285957656,0.2525364347016036
0.15390540069457798,0.27964243708198616,5.24561618282143e-08,0,0.00046349970491198927,success,True,2.051138761016773,0.0022451702476416163,0.01601757091481772,0.002772765443368046,True,1.632588666400277e-10,primary_success,1030,True,2.4304074807987445e-06,0.0001249692799274596,7.688228203935996e-06,-0.9660987853894042,-56.850642927565566,-1.139929763234223,505,4.53964732470342,0.0015620044564857909,4.518870917196111,0.2525298397456085
0.15390585504268703,0.27964278960386874,5.583146889889405e-08,0,0.0004934028802136956,success,True,1.2276526020141318,0.0022448876063965663,0.015987587939528675,0.0027723206387252368,True,1.5703783575329423e-10,primary_success,574,True,2.4396386616938333e-06,0.00012371958712818502,7.685761723901906e-06,-0.966097757152327,-56.84880323721813,-1.1399203079118134,506,4.538545766715706,0.0015617344412656507,4.517768627785918,0.25252395003483297
0.1539063041926719,0.27964313997006796,5.643599724276593e-08,0,0.0004988251275509747,success,True,1.4711011380131822,0.0022446210377998904,0.015957235983857357,0.002771877068896193,True,1.544189234027448e-10,primary_success,700,True,2.4207170595084117e-06,0.00012248239125690316,7.68330248507255e-06,-0.9660967280283141,-56.84597612110164,-1.139920086287505,507,4.5374734762346725,0.0015614794835443584,4.516696029326426,0.25251847404509914
0.15390674853712613,0.2796434880531625,5.504550380989772e-08,0,0.00048660041916150266,success,True,5.463042750983732,0.002244494153406007,0.015921501400701,0.0027715036613950982,True,1.621471623540641e-10,primary_success,2862,True,5.7798912237494534e-06,0.00012125756734433413,7.681232545126435e-06,-0.9660957025792822,-56.83812273496079,-1.1399659365256576,508,4.536414039973805,0.0015612986239978296,4.515637955952115,0.2525152160521046
0.1539071991839929,0.27964382556831907,5.4448285459697275e-08,0,0.00048140226280558,success,True,2.1950234539981466,0.0022440500161617716,0.01589966027248398,0.0027710359855564865,True,1.7052766510391293e-10,primary_success,1026,True,2.4779316909055502e-06,0.0001200449916708908,7.678640433249008e-06,-0.9660947441780335,-56.84503312799542,-1.139890191632708,509,4.535317296886118,0.0015609339830951684,4.514538084986859,0.25250645654512227
0.15390764319166136,0.279644161611501,5.560400465563587e-08,0,0.0004916916965511161,success,True,1.1100071000109892,0.002243776177897729,0.015871062439285606,0.0027706347770740814,True,1.4804560099599147e-10,primary_success,465,True,2.4709261593986625e-06,0.00011884454175418188,7.676417067932345e-06,-0.9660937675322094,-56.84488901750714,-1.139874772036627,510,4.534255101821025,0.001560666309096621,4.513475109203315,0.2525006272080138
0.15390808072478865,0.2796444958481379,5.3373718682144876e-08,0,0.00047203915500450885,success,True,0.8077691229991615,0.0022435115335477833,0.01584228335844249,0.002770228049620288,True,1.6639222013687996e-10,primary_success,356,True,2.46327277378823e-06,0.00011765609633664007,7.674163446903025e-06,-0.9660927735315875,-56.843954501530064,-1.1398657750801582,511,4.53322339703878,0.001560411184889022,4.512442922573647,0.2524951201285996
0.15390851204531225,0.27964482800737944,5.3648340185066655e-08,0,0.00047453821014136247,success,True,0.6447477139881812,0.002243252107664147,0.015813542053562696,0.0027698177015979064,True,1.5918286972983384e-10,primary_success,281,True,2.4559449778008485e-06,0.00011647953537327366,7.67189010008511e-06,-0.9660917605311283,-56.84266143982924,-1.1398600957985177,512,4.53221355696505,0.0015601639164980249,4.511432837886721,0.2524897991647998
0.15390893745992196,0.27964515793012107,5.2130632899505865e-08,0,0.0004611822805070347,success,True,0.6377229299978353,0.0022429973449522075,0.015784867500507734,0.002769404983716437,True,1.5335103755260746e-10,primary_success,252,True,2.448270715583472e-06,0.00011531474001954093,7.66960396383344e-06,-0.9660907328425729,-56.8409603383965,-1.1398600655328321,513,4.531218333390758,0.001559922120286179,4.510437561446096,0.2524845830386992
0.15390935724539215,0.2796454854938506,5.4817381221974387e-08,0,0.00048502357755605675,success,True,1.012276768014999,0.002242747678637244,0.0157562860040815,0.0027689908327871993,True,1.6418368796863355e-10,primary_success,409,True,2.4373763788251857e-06,0.00011416159261934552,7.667310232059549e-06,-0.966089693192352,-56.83894560655808,-1.1398638923960813,514,4.53023808263228,0.0015596852101704716,4.509457316413749,0.2524794854757586
0.15390977171420195,0.2796458105720039,5.315297118748812e-08,0,0.0004703673131284032,success,True,0.9338280250085518,0.002242503366700848,0.01572769574128875,0.0027685762971755754,True,1.564022861878717e-10,primary_success,396,True,2.4228445260167186e-06,0.00011301997669315206,7.66501471328242e-06,-0.9660886454277237,-56.836703017618376,-1.1398705151394584,515,4.529271173906871,0.0015594530059415451,4.50849054645832,0.2524745061680026
0.15391018123334255,0.27964613311010034,5.5450766239199844e-08,0,0.0004907745073221613,success,True,0.9616242160263937,0.0022422655313216484,0.015699117353634023,0.002768162878453263,True,1.5706067823694363e-10,primary_success,410,True,2.4051098837832412e-06,0.00011188977692622054,7.662725721646654e-06,-0.9660875959094586,-56.83412075827571,-1.1398805652730966,516,4.5283188784317625,0.0015592264448097697,4.507538515387708,0.2524696708276123
0.15391058617485393,0.27964645307392444,5.2813791320358953e-08,0,0.0004675049756924462,success,True,1.239408365014242,0.002242038727517215,0.015670307785157173,0.0027677521194983535,True,1.4516059194772324e-10,primary_success,522,True,2.37119390407211e-06,0.00011077087915695833,7.660451794987628e-06,-0.9660865516588037,-56.83102714513377,-1.1398955479305664,517,4.527381825580858,0.0015590077741545261,4.506601889393173,0.2524650619306453
0.15391098705156506,0.27964677038241387,5.5834165629776274e-08,0,0.0004943119347979423,success,True,2.687886558996979,0.0022418524005759035,0.01564018737392519,0.002767355917652857,True,1.6027311110128126e-10,primary_success,1316,True,2.537133367650101e-06,0.00010966317036538874,7.658258774968285e-06,-0.9660855197837687,-56.82605811085986,-1.139925005334709,518,4.526477288346504,0.001558814393424475,4.505698316189843,0.2524612181554859
0.15391138706647908,0.2796470824310301,5.3532107517728974e-08,0,0.00047398344250085186,success,True,3.268896419001976,0.0022417555327211023,0.01560760412347903,0.002767051581515957,True,1.4593073019252898e-10,primary_success,1680,True,4.931997999992546e-06,0.00010856653866173485,7.65657445476996e-06,-0.9660845212192473,-56.819714123984824,-1.139970579155676,519,4.525526498811947,0.001558647873351164,4.504748821040741,0.2524581909193883
0.15391179216939826,0.27964738631032454,5.4121564198816314e-08,0,0.00047928259880234954,success,True,2.490321210003458,0.002241350586791192,0.015586462582300457,0.0027665897451407736,True,1.5275820400233003e-10,primary_success,1218,True,2.287075033131055e-06,0.0001074808732751175,7.654018817918088e-06,-0.9660835987181841,-56.825324983243284,-1.1399151452558711,520,4.5245601844069325,0.0015583273812001925,4.503780194329442,0.25245061254684775
0.1539121928657417,0.27964768795861344,5.5558060059023055e-08,0,0.0004920690546897471,success,True,1.315282492985716,0.002241094739981416,0.015560364128026258,0.0027662224610005056,True,1.312462680276324e-10,primary_success,576,True,2.339611942298087e-06,0.00010640606454236632,7.651986703743696e-06,-0.966082694014101,-56.82592127519942,-1.1399024331609542,521,4.523597393531199,0.0015580780284241388,4.502816546235677,0.2524451513072612
0.153912588573183,0.2796479877261589,5.222816678915443e-08,0,0.00046263790092808627,success,True,0.9432180649891961,0.0022408556936617248,0.015533707941383893,0.002765856588418999,True,1.3753128013584896e-10,primary_success,411,True,2.34640047071263e-06,0.00010534200389694266,7.649962667700782e-06,-0.9660817999341592,-56.8255307187962,-1.1398968197484873,522,4.522663356470535,0.0015578437455066813,4.5018819846827105,0.25244009983674176
0.15391297931969466,0.2796482855567041,5.339779148776433e-08,0,0.00047306102525875184,success,True,0.7920035769930109,0.0022406241657913066,0.01550693232144327,0.0027654907540409827,True,1.2302074537684386e-10,primary_success,350,True,2.344641361376551e-06,0.00010428858385797323,7.647939110686164e-06,-0.9660809101995961,-56.82471871581145,-1.1398946898707059,523,4.521753119844836,0.0015576189931685415,4.500971371944355,0.2524352737392085
0.15391336534166689,0.27964858140740806,5.5945656566912084e-08,0,0.0004956985285649847,success,True,0.771969684981741,0.0022403978471435336,0.0154802040434512,0.002765125387515963,True,1.1851911502610663e-10,primary_success,289,True,2.3404369482130363e-06,0.0001032456980193935,7.645918408685304e-06,-0.9660800234660164,-56.82342459873684,-1.1398971129158932,524,4.520863323293325,0.0015574014444700328,4.5000814036206656,0.2524306148245796
0.15391374679222067,0.2796488751933369,5.2884003921575324e-08,0,0.00046863303236946576,success,True,0.892961389006814,0.002240176982323021,0.01545341307129301,0.0027647604982678877,True,1.1766967875516958e-10,primary_success,361,True,2.332440751625535e-06,0.00010221324103919956,7.6439006127825e-06,-0.9660791402255001,-56.82193395534447,-1.1399013892827068,525,4.519993019496916,0.0015571906017342566,4.499210949008967,0.252426095623521
0.15391412394728302,0.2796491668733446,5.6300685232990525e-08,0,0.0004989756681843582,success,True,1.029396853002254,0.002239961949801714,0.015426628876306825,0.002764396895799393,True,1.307052434755559e-10,primary_success,449,True,2.3159425156542087e-06,0.00010119110862880757,7.64189019750532e-06,-0.9660782608473741,-56.82010704238162,-1.1399076198143525,526,4.519143029342816,0.0015569861634773055,4.498360966584906,0.25242174258777583
0.1539144971543564,0.27964945633821153,5.510511247850762e-08,0,0.0004884434496292035,success,True,1.1056671700207517,0.0022397537662052027,0.015399754459152972,0.002764035952879154,True,1.2553400930437541e-10,primary_success,495,True,2.2878929107302305e-06,0.0001001791975425195,7.639894748808572e-06,-0.9660773868577986,-56.81799982438659,-1.139916717618839,527,4.518310208945449,0.0015567879183169483,4.497528271500907,0.25241755254943576
0.1539148668361417,0.2796497434322192,5.24294691704231e-08,0,0.0004647867537216874,success,True,1.2928673120040912,0.00223955506315761,0.01537269533033162,0.0027636802993842055,True,1.3699692574885976e-10,primary_success,594,True,2.249926892201258e-06,9.91774055670943e-05,7.63792879720437e-06,-0.9660765227775563,-56.81552047619448,-1.1399290141995049,528,4.517495751065915,0.0015565969967282296,4.496714055527181,0.25241357071450327
0.15391523363229093,0.2796500277843233,5.544793867678277e-08,0,0.0004916066073575824,success,True,2.0814166280033533,0.002239374618740778,0.01534517806482525,0.002763336532198106,True,1.3034814163752942e-10,primary_success,988,True,2.4573623197176493e-06,9.818563151142336e-05,7.636028790180654e-06,-0.9660756737407277,-56.81241747179822,-1.1399460511547532,529,4.516696281554756,0.0015564158964069482,4.495915025554827,0.2524098924486383
0.153915599362278,0.27965030790426626,5.378284407932582e-08,0,0.0004769020800336902,success,True,2.2700186499860138,0.002239180918412658,0.01531843561934653,0.002762998391305814,True,1.3608449738983444e-10,primary_success,1066,True,3.130430308555252e-06,9.720377519630913e-05,7.634160110358516e-06,-0.9660748540154733,-56.810470979910235,-1.1399547396163796,530,4.5158872253280915,0.001556224147797527,4.495106033461868,0.2524059115842147
0.1539159655672563,0.2796505824880571,5.5279883875498166e-08,0,0.0004902390268263227,success,True,1.7132576009898912,0.0022389280952745433,0.015294051536349404,0.002762646547577931,True,1.2890771644623716e-10,primary_success,848,True,2.2422192967561294e-06,9.623173744434603e-05,7.632215946844261e-06,-0.9660740697093424,-56.81185240150874,-1.139940527358532,531,4.515042572998325,0.0015559936558058696,4.494260426861134,0.25240080159660055
0.1539163287545868,0.27965085455029515,5.4520006759144276e-08,0,0.00048355914395181254,success,True,1.185328606981784,0.0022386987549289895,0.015269023774116031,0.0027623098069925927,True,1.3168988782801473e-10,primary_success,569,True,2.259911273851207e-06,9.526942006990257e-05,7.630355469807457e-06,-0.9660733020623959,-56.8123018915961,-1.1399310190605807,532,4.514211952374761,0.001555776759816302,4.493429123071394,0.25239609071615743
0.15391668815699988,0.27965112454028246,5.635938983770127e-08,0,0.0004999334292568625,success,True,1.0273166910046712,0.002238482211011741,0.015243672551511234,0.0027619778358814896,True,1.2666192801088278e-10,primary_success,466,True,2.2781078435294286e-06,9.431672586920354e-05,7.6285215659005985e-06,-0.9660725427578338,-56.81218128483521,-1.1399273078146797,533,4.513396045364284,0.001555568637982236,4.492612654217256,0.25239162895044465
0.15391704362508674,0.2796513925254112,5.601828442507736e-08,0,0.0004969670668036254,success,True,0.9688685489818454,0.002238272731297411,0.015218193888851508,0.0027616477229399847,True,1.3603204558306403e-10,primary_success,416,True,2.2848940664506798e-06,9.33735586105115e-05,7.626698145619602e-06,-0.9660717852015323,-56.811730333211116,-1.1399252503337394,534,4.512594882338978,0.0015553672123938195,4.491811059824208,0.25238733207304553
0.15391739521026881,0.2796516584981599,5.625438615545611e-08,0,0.000499121051052941,success,True,0.6804670879791956,0.002238068469087965,0.015192670135879207,0.002761319038540187,True,1.2502307328235798e-10,primary_success,290,True,2.284207265655942e-06,9.243982302440639e-05,7.624882832604502e-06,-0.9660710301284593,-56.81089450861232,-1.1399269720302145,535,4.511804983804429,0.0015551705648129707,4.491020832029769,0.2523831522674663
0.15391774299372346,0.27965192240173903,5.592222824849705e-08,0,0.0004962327447806317,success,True,0.7025638729974162,0.002237868471841993,0.015167116395765514,0.002760991906517277,True,1.2896482780218845e-10,primary_success,292,True,2.2828006406537754e-06,9.151542479416232e-05,7.623076307853906e-06,-0.9660702776976217,-56.80987903324441,-1.1399306785666805,536,4.511024560364864,0.0015549779029119372,4.490240095813289,0.25237906092143647
0.15391808707636248,0.27965218421068777,5.6309289426388935e-08,0,0.0004997263451245798,success,True,0.9806199260056019,0.002237674284593552,0.015141496952558136,0.0027606661213801036,True,1.2737986178130646e-10,primary_success,418,True,2.2763521072809015e-06,9.06002705462207e-05,7.621277433735865e-06,-0.9660695289382314,-56.80859869297284,-1.1399356396210123,537,4.510256844200349,0.0015547900570752652,4.489472109880003,0.25237508553667043
0.15391842765373323,0.2796524438752268,5.581408723281069e-08,0,0.0004953896096021843,success,True,1.2680928780173417,0.0022374852356124714,0.015115801461738411,0.0027603427901969303,True,1.2088578622745745e-10,primary_success,540,True,2.2589346764975536e-06,8.96942678407585e-05,7.619492319392177e-06,-0.9660687846443418,-56.80710168445963,-1.1399424787013015,538,4.509500521571059,0.0015546064634611226,4.4887156365156216,0.2523712276158949
0.15391876502521207,0.27965270125729275,5.3545863004186475e-08,0,0.0004753125432064675,success,True,1.4168672490050085,0.0022373030259376543,0.01508998789523742,0.0027600231939023607,True,1.2366705568582631e-10,primary_success,612,True,2.2400753540371823e-06,8.879732516235091e-05,7.617728030878989e-06,-0.9660680454036764,-56.805359183037794,-1.1399509973556403,539,4.508756698923578,0.0015544276262061986,4.4879717338033505,0.25236750949152514
0.15391909962538095,0.27965295611564917,4.711941544459009e-08,0,0.0004183142146204272,success,True,1.777113599004224,0.0022371279263196982,0.015064030490921044,0.002759709419484986,True,1.232387276681095e-10,primary_success,789,True,2.2850393741744325e-06,8.790935191072741e-05,7.61599607999416e-06,-0.9660673177525102,-56.80347140549833,-1.1399612344695031,540,4.5080225403074925,0.0015542530814282602,4.487237561019894,0.25236392212220954
0.15391943221780433,0.27965320785683434,5.3274198733009383e-08,0,0.00047300776501721766,success,True,1.9792438069998752,0.002236951112851418,0.015038309714004465,0.002759400511979374,True,1.1975743341061152e-10,primary_success,859,True,2.5160282392554725e-06,8.703025839162014e-05,7.61429118551203e-06,-0.9660666065739897,-56.80192755164012,-1.1399695429650636,541,4.507288792345355,0.0015540760134507305,4.486503673336552,0.25236026901452707
0.15391976366414253,0.27965345577883666,5.590167979324288e-08,0,0.0004963927427631164,success,True,1.790220861992566,0.0022367496846342227,0.015013603715126831,0.002759087788654543,True,1.1924859155472262e-10,primary_success,825,True,2.3165264108617693e-06,8.615995580770394e-05,7.6125654255026175e-06,-0.9660659151969629,-56.80197206246579,-1.1399663677823433,542,4.506540580495778,0.001553882397600277,4.485754894420339,0.25235613376142685
0.153920092972645,0.2796537007146836,5.54781978222809e-08,0,0.0004926875476799729,success,True,1.3983992139983457,0.002236543409674698,0.014989251548060363,0.0027587785667535602,True,1.182679546324013e-10,primary_success,672,True,2.2432286764810116e-06,8.52983562496269e-05,7.610859180378829e-06,-0.9660652399859272,-56.802439432201595,-1.1399602747796904,543,4.50579022562911,0.001553684707413359,4.485003820273033,0.2523518852031945
0.15392041916689447,0.2796539434145237,5.222666156618987e-08,0,0.000463862580329478,success,True,1.2186924169945996,0.002236345756159898,0.014964699108730821,0.0027584747350450104,True,1.2257880109930541e-10,primary_success,565,True,2.257243514602209e-06,8.444537268713062e-05,7.60918286388164e-06,-0.9660645749471453,-56.802645012173706,-1.1399567126280277,544,4.505052703147491,0.001553493308630662,4.484265663027992,0.2523478150518852
0.15392074191423488,0.2796541841231027,5.227551981372244e-08,0,0.0004643471937724347,success,True,1.0549137459893245,0.002236155112412038,0.014939985543776643,0.00275817373855793,True,1.1822740142070107e-10,primary_success,479,True,2.270549606120562e-06,8.360091896025931e-05,7.607522372070628e-06,-0.9660639143116893,-56.80255426623263,-1.13995518146381,545,4.504329349606756,0.0015533080866742392,4.483541800230288,0.252343906562413
0.15392106114424675,0.27965442291555737,5.454655952430512e-08,0,0.000484572721523856,success,True,0.9618045579991303,0.0022359698645434698,0.014915173842829728,0.0027578744097333254,True,1.1552687394385556e-10,primary_success,411,True,2.2726837946550467e-06,8.276490977065673e-05,7.6058712598619385e-06,-0.9660632559943362,-56.80216894281246,-1.139955825994236,546,4.503620732749402,0.0015531285070185014,4.4828328035831255,0.2523401410392572
0.1539213769253967,0.2796546597444096,5.5640620220847635e-08,0,0.0004943453103088788,success,True,0.6120466389984358,0.002235788534699998,0.014890315794871965,0.002757576873863757,True,1.201822845584659e-10,primary_success,231,True,2.2782914110164555e-06,8.193726067295016e-05,7.60423021526821e-06,-0.9660626008220788,-56.801576213407365,-1.1399589382165805,547,4.502923206709262,0.0015529529204033807,4.482134972379641,0.2523364817922971
0.15392168930209627,0.27965489459589055,5.04648273945702e-08,0,0.0004484085486640626,success,True,0.9835028540110216,0.0022356122463659737,0.014865333593118858,0.0027572807763155374,True,1.0412483777107899e-10,primary_success,426,True,2.2801369210545277e-06,8.111788806622065e-05,7.602597279439212e-06,-0.9660619485039508,-56.8008355959542,-1.139962775631318,548,4.502236036417681,0.0015527814049738243,4.481447514178484,0.25233290935712216
0.1539219983634279,0.2796551274550333,5.5444189439779844e-08,0,0.0004927056159369618,success,True,1.34390459099086,0.0022354407868471235,0.01484027135833075,0.0027569863166495784,True,1.0027480171984239e-10,primary_success,570,True,2.269730219378337e-06,8.030670918555844e-05,7.600973550193009e-06,-0.9660612985862554,-56.79983056486252,-1.139968683380099,549,4.501562644364992,0.0015526147126882154,4.480773958654142,0.25232947859645655
0.1539223043848289,0.2796553582045251,5.3516924064293564e-08,0,0.0004756292595984645,success,True,1.308088393008802,0.0022352746891673887,0.014815098714399767,0.0027566946589495,True,9.836879864761544e-11,primary_success,603,True,2.259152274442614e-06,7.950364209370285e-05,7.5993654426807e-06,-0.9660606527454262,-56.798625280855426,-1.1399764171643967,550,4.50089835856349,0.001552451733395532,4.480109563610415,0.2523261479497608
0.15392260771764057,0.2796555866313979,5.5182395130769977e-08,0,0.0004904822855682612,success,True,1.7943857000209391,0.0022351131016306713,0.014789804048627654,0.0027564067459388574,True,1.1413198754486744e-10,primary_success,792,True,2.289237472128245e-06,7.870860567276581e-05,7.597778149057242e-06,-0.9660600142489016,-56.79737504034637,-1.1399848885848671,551,4.5002420047472125,0.0015522918650497496,4.479453158984677,0.25232291194962053
0.15392290892005553,0.27965581231937275,5.4497822244777876e-08,0,0.0004844476162990125,success,True,1.8766867940139491,0.002234949577372598,0.014764695786405694,0.002756121818076906,True,9.919869841827723e-11,primary_success,808,True,2.4022853306682694e-06,7.792151961603816e-05,7.5962074760795514e-06,-0.9660593865252032,-56.7964122340037,-1.139991382749983,552,4.499585022980362,0.0015521294200598502,4.478796025413993,0.2523196065731019
0.15392320849595378,0.2796560348690466,5.6169216473311656e-08,0,0.000499356910298142,success,True,1.4938093539967667,0.002234771897135689,0.014740182856091492,0.0027558361068328956,True,1.1441637967023293e-10,primary_success,710,True,2.316707119346404e-06,7.714230441987778e-05,7.594632647723892e-06,-0.9660587729194272,-56.796460867325045,-1.1399914166524256,553,4.498916430151875,0.0015519560650900349,4.4781269906958086,0.25231599083498596
0.1539235058815734,0.27965625473805283,5.511628249412248e-08,0,0.0004900464975439705,success,True,1.679623130010441,0.0022345888671057926,0.01471595786828982,0.0027555526421956266,True,1.1101181791041403e-10,primary_success,749,True,2.272630288451908e-06,7.6370881375679e-05,7.593070363911301e-06,-0.966058170373125,-56.79704088090477,-1.139988553945343,554,4.4982432648095445,0.0015517783677853898,4.477453246739835,0.25231225008142233
0.15392380040545062,0.2796564724865419,5.39537929673916e-08,0,0.00047975937165968665,success,True,1.4458715069922619,0.0022344120926631383,0.014691551792420775,0.0027552727591921857,True,1.1224059781421283e-10,primary_success,623,True,2.2865251091904075e-06,7.560717256192221e-05,7.591527977546521e-06,-0.9660575736751006,-56.79739665431412,-1.1399869420689834,555,4.497579211017155,0.0015516049750506724,4.476788673918781,0.25230863142057286
0.15392409184182612,0.27965668833363627,5.5965262391069966e-08,0,0.0004976956103022339,success,True,1.3474464990140405,0.002234240899794882,0.01466698076998383,0.00275499502145209,True,1.0841023317161644e-10,primary_success,552,True,2.3000389818831037e-06,7.485110083630299e-05,7.5899975682258036e-06,-0.9660569793408321,-56.79747762463905,-1.1399875975057259,556,4.496925699901715,0.0015514361402676209,4.4761347408472725,0.2523051369961023
0.15392438013934792,0.2796569023458242,5.4069003007781265e-08,0,0.00048088054293154075,success,True,0.8825935729837511,0.002234074356372184,0.014642268912347637,0.0027547185952150844,True,1.1196861026511287e-10,primary_success,366,True,2.304813729891883e-06,7.410258982793996e-05,7.588474538823769e-06,-0.9660563873715245,-56.7972909663322,-1.1399907567167407,557,4.496283911409965,0.001551271814914974,4.475492648641049,0.2523017652621169
0.1539246653565299,0.27965711449690306,5.2577466904925774e-08,0,0.0004676617567022544,success,True,1.1128741129941773,0.0022339110443444048,0.014617503828132025,0.002754443613807842,True,1.1086230484489368e-10,primary_success,389,True,2.3095373632961293e-06,7.336156392966057e-05,7.586959621646805e-06,-0.9660557976133691,-56.79694691044861,-1.1399952515694107,558,4.495648497683002,0.0015511101582972322,4.474856951304503,0.25229845676539253
0.1539249475534072,0.27965732477589816,5.595222074541864e-08,0,0.0004977287271560379,success,True,1.1688759149983525,0.002233753190914852,0.014592481849537445,0.002754169758485734,True,1.068448729787911e-10,primary_success,508,True,2.313071098103727e-06,7.262794829036397e-05,7.585451058557367e-06,-0.9660552100313283,-56.79638314966468,-1.1400009252327024,559,4.495024156429153,0.0015509528092396065,4.474232403768132,0.25229525547796455
0.15392522682421422,0.27965753317869196,5.357326636878802e-08,0,0.0004766135998006144,success,True,1.3590769860020373,0.0022335999337960988,0.014567330546363503,0.0027538975526178733,True,1.04036271622843e-10,primary_success,616,True,2.3033492338289033e-06,7.190166880746033e-05,7.583951730314711e-06,-0.9660546250762054,-56.7955666974915,-1.1400086799827056,560,4.494410879384122,0.0015507996650260883,4.47361900633197,0.2522921808820857
0.15392550349487985,0.279657739524721,5.5410182433932044e-08,0,0.0004930039181866692,success,True,1.9183856649906375,0.0022334512932348427,0.014541977703122336,0.0027536281549740494,True,1.0114683678794958e-10,primary_success,844,True,2.3221691686122913e-06,7.118265211938572e-05,7.582468015865788e-06,-0.9660540439616104,-56.794653716666,-1.1400173952728687,561,4.493805340917687,0.0015506500399226502,4.473013438153199,0.25228920347537814
0.15392577806024235,0.2796579434602215,5.4563550192164075e-08,0,0.0004855181651630395,success,True,2.375991138018435,0.002233302143155706,0.01451669138541302,0.0027533614097818835,True,1.0432325563449436e-10,primary_success,909,True,2.440379431780319e-06,7.047082559819187e-05,7.580999052876081e-06,-0.9660534710802875,-56.79391707584314,-1.1400253560015925,562,4.493200578895364,0.0015504991372138782,4.472408569350046,0.2522861908397472
0.1539260510665403,0.2796581445325937,5.5579562583416255e-08,0,0.0004946068917197355,success,True,2.8613771939999424,0.0022331392412178724,0.014491913812206303,0.0027530940350610654,True,1.0171290364436038e-10,primary_success,899,True,2.355572807729557e-06,6.976611734220995e-05,7.579526765888821e-06,-0.9660529089128679,-56.79421538080675,-1.1400265153221412,563,4.492582556287975,0.001550337290113316,4.471790151385593,0.25228286093457786
0.1539263219858269,0.2796583432097287,5.609694524277409e-08,0,0.0004992592562093451,success,True,1.8021186050027609,0.0022329715456833044,0.014467361549311799,0.002752828598277753,True,1.0073338196647067e-10,primary_success,790,True,2.326705946900477e-06,6.906845616878784e-05,7.578065291495859e-06,-0.9660523553979367,-56.79494026019445,-1.1400256445793513,564,4.491960771695738,0.0015501714329484446,4.471167849651147,0.2522794174246348
0.15392659020103064,0.27965854000866797,5.470784805852168e-08,0,0.0004869428521710942,success,True,1.5114836279826704,0.002232810422559961,0.014442517614057277,0.0027525658739166233,True,9.884085629838336e-11,primary_success,656,True,2.3457685679860934e-06,6.837777160709996e-05,7.576618890250384e-06,-0.9660518053874818,-56.79540065556823,-1.1400261524072361,565,4.491348977002795,0.0015500104115023833,4.4705556100107895,0.25227611179135184
0.15392685556355218,0.2796587350979276,5.323298248019769e-08,0,0.0004738603899214192,success,True,1.2303328170091845,0.0022326543903031784,0.014417449595461642,0.002752304473013922,True,1.0253166139850177e-10,primary_success,518,True,2.3599726088704843e-06,6.769399389102896e-05,7.575179912172442e-06,-0.9660512565783833,-56.795577385860376,-1.1400289122547513,566,4.49074839461571,0.0015498539217388375,4.469954694921152,0.2522729306130898
0.15392711805148146,0.27965892849645246,5.521963462023797e-08,0,0.0004915913699824434,success,True,0.7502312769938726,0.002232502090140177,0.014392239402883953,0.002752043934872467,True,9.412792874191903e-11,primary_success,275,True,2.3675645908883157e-06,6.701705395211866e-05,7.573745819468328e-06,-0.9660507099007191,-56.79548996062174,-1.1400342919084816,567,4.490159145621509,0.0015497015556569854,4.469365211124368,0.2522698676857637
0.15392737772353698,0.279659120189825,5.583930349532648e-08,0,0.0004971548610230563,success,True,1.1629893069912214,0.0022323546910304505,0.014366696939677176,0.002751784288743086,True,9.918721966300756e-11,primary_success,493,True,2.375400827060293e-06,6.634688341259747e-05,7.572316771773291e-06,-0.9660501649083707,-56.795235293664916,-1.1400404437945146,568,4.489576507874636,0.0015495520647695355,4.468782374281048,0.2522668713552524
0.15392763464509338,0.27965931016491213,5.431864728910039e-08,0,0.0004836614698483696,success,True,1.7323648860037792,0.002232212086795827,0.01434095460671659,0.002751525481242437,True,8.650625213187755e-11,primary_success,735,True,2.3689322485813246e-06,6.56834145784715e-05,7.570892473926424e-06,-0.966049621987933,-56.79466968649634,-1.1400486369711682,569,4.489006288757746,0.0015494074264023965,4.468212064025977,0.25226401756934785
0.15392788909285432,0.27965949827036113,5.5536401032211347e-08,0,0.0004945506420729974,success,True,2.5339177999994718,0.0022320747036843006,0.014314909256643246,0.002751268949092462,True,1.0110832688217081e-10,primary_success,1018,True,2.386918109658952e-06,6.502658043268679e-05,7.56948083024034e-06,-0.9660490829275727,-56.79389649448162,-1.1400588618318892,570,4.4884440766087765,0.0015492664722491533,4.467649833252411,0.2522612732587654
0.1539281415546561,0.27965968413334974,5.2992833506966854e-08,0,0.0004719438447499709,success,True,2.609819505014457,0.0022319372104941887,0.01428881356188908,0.0027510146288877266,True,1.000597194488938e-10,primary_success,1080,True,2.5678724227717187e-06,6.437631462835991e-05,7.568081488354275e-06,-0.9660485508090506,-56.79329343078609,-1.1400680433874866,571,4.487882115996492,0.0015491246249455446,4.4670878055260825,0.25225850577625947
0.15392839270827458,0.27965986714546154,5.3556346334888516e-08,0,0.00047700670597076615,success,True,2.823016380018089,0.0022317812875318936,0.01426333840265323,0.002750758990975661,True,9.828463206595379e-11,primary_success,1148,True,2.4018915013607333e-06,6.373255148207632e-05,7.5666750264334375e-06,-0.9660480290380462,-56.794031558983086,-1.1400688803890757,572,4.487297040869506,0.00154896715765138,4.466502261123434,0.25225528592474217
0.15392864169101741,0.27966004811795403,5.4652049945677125e-08,0,0.00048681054209474687,success,True,2.121958154020831,0.002231626124575496,0.01423777043990105,0.0027505058084968254,True,9.336017591697821e-11,primary_success,863,True,2.40916180225894e-06,6.309522596725556e-05,7.565282202574774e-06,-0.9660475140468027,-56.79486255036915,-1.1400696492691422,573,4.486712986186631,0.001548809675707709,4.465917709804511,0.2522520697562033
0.15392888803645813,0.2796602274233694,5.610483017324628e-08,0,0.0004997968290727863,success,True,2.065641950001009,0.002231477625810394,0.014211809696615445,0.002750254221889737,True,9.357403914136606e-11,primary_success,778,True,2.432443889509933e-06,6.2464273707583e-05,7.563898285022324e-06,-0.9660470028418385,-56.79533336864759,-1.1400722440403936,574,4.486139587682095,0.001548657418501084,4.465343903471431,0.25224900536769423
0.15392913169099584,0.2796604051682932,5.514328409251632e-08,0,0.0004912759736965945,success,True,1.1226777249830775,0.0022313338144687002,0.014185522433384145,0.00275000311963356,True,9.524301577158871e-11,primary_success,447,True,2.4436945244592037e-06,6.183963097050717e-05,7.562517157994313e-06,-0.9660464931456528,-56.795527586126894,-1.1400772774420973,575,4.48557724964142,0.001548509710993821,4.464781290893058,0.25224606730543475
0.1539293727065089,0.27966058132353333,5.464999105899294e-08,0,0.00048692557513731465,success,True,1.2863673540123273,0.002231192808307363,0.014159044479573394,0.002749752424829494,True,9.87001117981046e-11,primary_success,451,True,2.4556650038757057e-06,6.122123466080209e-05,7.5611383978556834e-06,-0.9660459854014763,-56.79549556950182,-1.1400847847679283,576,4.48502164977346,0.0015483644936065497,4.464225431805952,0.2522432031043118
0.1539296111323714,0.2796607558729403,5.6047255386524186e-08,0,0.0004994205270587956,success,True,1.9113887089770287,0.002231058037023285,0.014132062494963122,0.002749502038005306,True,9.829159390337116e-11,primary_success,796,True,2.4630988299149684e-06,6.060902231419407e-05,7.55976145699533e-06,-0.9660454800607042,-56.79517271852944,-1.1400933109476605,577,4.484476545890255,0.001548223868332221,4.463680178607995,0.2522404626698972
0.1539298470873402,0.279660928778444,5.560078172255225e-08,0,0.0004954870559590893,success,True,2.376689102005912,0.002230928720071187,0.014104717506377717,0.0027492527520537368,True,9.703466897912629e-11,primary_success,1005,True,2.4644104162446178e-06,6.000293209105213e-05,7.5583906946750444e-06,-0.9660449774405274,-56.79452750617075,-1.1401043672828741,578,4.483942151535063,0.0015480880002274472,4.463145731942868,0.25223786837357154
0.1539300810207173,0.2796610996836663,5.411246410442166e-08,0,0.00048226713434040895,success,True,5.132711192010902,0.002230804034070446,0.014076991795385803,0.002749006258474467,True,9.942979576567333e-11,primary_success,1996,True,2.874767961867371e-06,5.9402902770141606e-05,7.557035409131786e-06,-0.9660444815892643,-56.79374535511329,-1.1401165496517793,579,4.483412502387207,0.0015479546076510979,4.462616067563819,0.2522353545822648
0.15393031415583427,0.27966126745114045,5.347229197227064e-08,0,0.00047660493385740936,success,True,2.8289797689940315,0.0022306489307495824,0.01405029878485918,0.002748757010796237,True,9.576417201235413e-11,primary_success,1225,True,2.4899145999376716e-06,5.880887374244019e-05,7.555665104401462e-06,-0.9660439969546046,-56.79518806968968,-1.14011540683337,580,4.482841614290116,0.001547795044451539,4.462044504491685,0.2522320881224004
0.153930544952318,0.2796614335850533,5.591239089690818e-08,0,0.0004983984393005363,success,True,2.3470823979878332,0.0022305035536529603,0.014023023581513902,0.0027485109682460766,True,9.750483299432631e-11,primary_success,923,True,2.525693488311663e-06,5.822078500501579e-05,7.554312542568985e-06,-0.9660435170712083,-56.79610659207013,-1.140117625619341,581,4.482283250694877,0.0015476426541303915,4.46148560937045,0.2522290391886934
0.15393077313064812,0.27966159827589876,5.2173831515004294e-08,0,0.0004651148275402991,success,True,1.5030318119970616,0.002230364707159373,0.013995224107419081,0.002748265151806739,True,9.323837849595449e-11,primary_success,632,True,2.5512936916961617e-06,5.763857715496563e-05,7.552961344635316e-06,-0.9660430386478054,-56.79659233682125,-1.1401226487770972,582,4.481737198738012,0.0015474959747415833,4.460939149934812,0.25222615601001735
0.15393099871242127,0.2796617615651828,5.280907733141828e-08,0,0.00047082006511208445,success,True,0.9278686860052403,0.0022302295537320665,0.013982265670265503,0.002748018809078873,True,9.403803849208195e-11,primary_success,321,True,2.5675404346959484e-06,5.7062191383415975e-05,7.551607375051267e-06,-0.9660425612457681,-56.79678224441298,-1.14013020422767,583,4.48120169109888,0.0015473536288703085,4.460403325058124,0.2522233947963822
0.15393122175149188,0.2796619234187623,5.536928447472998e-08,0,0.0004936899278708183,success,True,1.5024335380003322,0.0022300999128230933,0.013980518300101365,0.002747772221080934,True,9.488484241450991e-11,primary_success,632,True,2.5847987430912975e-06,5.649156946958181e-05,7.550252178944049e-06,-0.9660420853294271,-56.7966779797283,-1.1401399466977045,584,4.480673882203324,0.0015472146447705365,4.459875272207448,0.25222073143021456
0.15393144231798891,0.27966208381674934,5.258286472183015e-08,0,0.00046888745363098155,success,True,2.1958838179998565,0.002229976093386651,0.013978728684397411,0.002747525393798927,True,9.592392618688898e-11,primary_success,929,True,2.5756642471795547e-06,5.5926653774885994e-05,7.54889578956995e-06,-0.966041611145398,-56.7961674346998,-1.1401520264018181,585,4.480159142754105,0.0015470815215079046,4.459360417562787,0.2522182411769235
0.153931660755853,0.27966224250529254,5.280416846042986e-08,0,0.00047090252724842064,success,True,7.43555265199393,0.002229865977609081,0.013976891586061222,0.0027472821920066907,True,9.873396379052947e-11,primary_success,2933,True,4.1176582457884255e-06,5.536738723713713e-05,7.547559442517087e-06,-0.9660411418030871,-56.79491750186125,-1.1401691008574983,586,4.4796608008103815,0.0015469581419273676,4.458862180858494,0.25221605092630606
0.15393187996126342,0.27966239678018523,5.4922581290900426e-08,0,0.0004898381041306149,success,True,2.024326407001354,0.002229699631808744,0.0139753838094193,0.0027470366847334045,True,9.252413385756727e-11,primary_success,924,True,2.654248444064369e-06,5.481371336476576e-05,7.546210547271093e-06,-0.9660406888798717,-56.79795723111824,-1.1401611503378466,587,4.47907366240001,0.0015467833162914693,4.458273887555969,0.2522123946650498
0.15393209642324904,0.27966254992275064,5.3875748009475325e-08,0,0.00048054393063616703,success,True,1.2370136100216769,0.0022295595532517577,0.013973778916173228,0.002746795333539485,True,9.839601370091504e-11,primary_success,560,True,2.6966630773008743e-06,5.42655762311181e-05,7.54488460435429e-06,-0.9660402341924298,-56.79924681255169,-1.140163879329529,588,4.4785240424089405,0.00154663014251042,4.457723604731202,0.25220938662756603
0.15393231005700087,0.27966270192432485,5.4434992711502886e-08,0,0.00048557512254904467,success,True,1.0820621319871861,0.0022294258034932057,0.01397218064294466,0.0027465519947371623,True,8.957082377126851e-11,primary_success,476,True,2.7270750764878087e-06,5.372292046880692e-05,7.543547859794684e-06,-0.9660397778336778,-56.800058559531045,-1.1401686045920352,589,4.477989029391661,0.0015464834763024742,4.4571880859081,0.2522065639682165
0.1539325209332497,0.2796628527518879,5.295946976832812e-08,0,0.00047245529137991763,success,True,1.163290339987725,0.0022292958267309923,0.013970573324706574,0.0027463064399900405,True,8.928271062938216e-11,primary_success,415,True,2.75161419769675e-06,5.318569126411885e-05,7.54219906233077e-06,-0.9660393194261185,-56.80051432313779,-1.1401773404734454,590,4.477463407206047,0.0015463406038429349,4.45666205774579,0.25220384932593237
0.15393272913896258,0.27966300234759234,5.116690345735829e-08,0,0.0004565048624287746,success,True,1.153131322003901,0.0022291681369172173,0.01396896411961875,0.002746058668544559,True,9.973330544239173e-11,primary_success,402,True,2.7778625719193962e-06,5.2653834351477663e-05,7.540838211088717e-06,-0.9660388602141099,-56.800730194819046,-1.1401882437306663,591,4.4769444882407825,0.0015462002699911357,4.456142771045457,0.25220120913752575
0.15393293475763126,0.2796631506675941,5.530100887768004e-08,0,0.0004934338027495327,success,True,1.3167916660022456,0.0022290450654780065,0.013967341091210199,0.002745808475125682,True,7.289433314270406e-11,primary_success,555,True,2.8033111235024656e-06,5.212729600796289e-05,7.539464182072024e-06,-0.9660384006766414,-56.80064003673702,-1.1402011371924121,592,4.476434020178107,0.001546063374868446,4.455632025230216,0.2521986710113499
0.15393313788492918,0.27966329767324527,5.5835186794858474e-08,0,0.0004982458566872438,success,True,1.3158087100018747,0.002228925486328055,0.013965710964712674,0.002745556351575889,True,9.394163873148785e-11,primary_success,591,True,2.8189751443181986e-06,5.160602304788326e-05,7.5380796796787076e-06,-0.9660379410348255,-56.80022748958013,-1.1402157030298679,593,4.475931422170707,0.0015459298687433205,4.455129216934514,0.25219623916161255
0.15393333872061826,0.27966344330536236,5.4008969680768126e-08,0,0.00048199395508338836,success,True,2.311219862982398,0.0022288143055831607,0.01396402501347387,0.002745303635498692,True,9.726319953002643e-11,primary_success,1025,True,2.807827744945669e-06,5.108996281740442e-05,7.536692051082333e-06,-0.9660374834026317,-56.79930357357235,-1.1402342060942454,594,4.475441815499236,0.0015458030272750987,4.45463958148662,0.2521940186278286
0.1539335376350082,0.27966358728958635,5.4297149722478523e-08,0,0.000484573869492376,success,True,5.097809131984832,0.0022289815929463466,0.013961459437221638,0.0027452577449012727,True,9.93863991587462e-11,primary_success,2615,True,4.530625197629535e-06,5.0579063189230376e-05,7.53644008594042e-06,-0.966037033142912,-56.78891663350773,-1.1403308862008876,595,4.474992940169546,0.0015458097752981234,4.454193298252446,0.2521956609639646
0.15393373877699099,0.2796637281466298,4.85100116242031e-08,0,0.0004329710075855851,success,True,1.7600886800209992,0.0022288257753431385,0.013959984801225815,0.002744976601136617,True,9.687610622311228e-11,primary_success,746,True,5.310567407621152e-06,5.0073272557338075e-05,7.534896540787535e-06,-0.9660366191573432,-56.79004573350208,-1.1403322970030658,596,4.474486852792878,0.0015456552471042391,4.453686504524602,0.2521927619494898
0.15393394245802125,0.2796638654795743,5.33234956951725e-08,0,0.00047600572910738167,success,True,3.279376017017057,0.0022284094617161876,0.013959660486966556,0.002744558656849718,True,9.845573511106045e-11,primary_success,1582,True,2.9775265391939177e-06,4.957253983176469e-05,7.532602220888729e-06,-0.9660362359938581,-56.80325220395458,-1.1402456568944994,597,4.47382355191097,0.0015453402672869713,4.453018891124803,0.2521852516293356
0.15393414279769568,0.2796640017807193,5.564076745110881e-08,0,0.0004967355419234741,success,True,1.3200692700047512,0.002228275668784173,0.013958215650247437,0.0027443150076870825,True,8.997717401039226e-11,primary_success,529,True,3.0313848095978263e-06,4.907681443344704e-05,7.531264861416552e-06,-0.9660358444535154,-56.80513693076028,-1.1402465985753898,598,4.4732704161048025,0.0015451796901401068,4.452464762273192,0.2521822451705669
0.15393433987338612,0.27966413699732745,5.491473971661502e-08,0,0.0004902983734980354,success,True,1.110686986008659,0.002228146302110979,0.013956791970295803,0.0027440660540197755,True,9.76116308067903e-11,primary_success,447,True,3.08288713954684e-06,4.858604628911257e-05,7.529898508823663e-06,-0.9660354450559985,-56.80648069174416,-1.1402511179106603,599,4.472730874805906,0.0015450251225138031,4.451924349508448,0.25217941280397044
0.15393453379655184,0.2796642710603676,5.5585587761468316e-08,0,0.0004963340241585833,success,True,0.8251933119900059,0.0022280190501191683,0.013955369760168729,0.002743811292132677,True,8.548088969568003e-11,primary_success,387,True,3.1357734626410784e-06,4.8100185826221446e-05,7.5285004068347925e-06,-0.9660350377283329,-56.807532858003036,-1.1402577407417207,600,4.472198185361735,0.0015448734752324775,4.451390897054827,0.2521766701968312
