step,objective,mae,rmse,linf,grad_norm,learning_rate,worst_point_index,worst_point_ties,control_0,control_1,control_2
0,0.02660714019288468,0.02660714019288468,0.031720111042745316,0.08046000830605209,0.030487167906397255,0.08,50,1,0.05,0.05,0.05
1,0.022383940315416014,0.022383940315416014,0.027910631159460773,0.0750977236677108,0.030487167906397255,0.07999945511683522,50,1,0.12999995374957618,0.12999995603376377,0.12999995374957618
2,0.018160769202328817,0.018160769202328817,0.024311359577158905,0.06973547555210236,0.030487167906397255,0.07999782048227912,50,1,0.20999936261630203,0.20999936718466164,0.20999936261630203
3,0.014511012238110162,0.014511012238110162,0.021030525941078657,0.064373337003691,0.021753810982546026,0.07999509614114603,50,1,0.2899971368494173,0.2899971437019023,0.2899971368494173
4,0.0120263511505104,0.0120263511505104,0.018307627873530304,0.05918944733606735,0.015348075308141612,0.07999128216812512,50,1,0.36931789263008374,0.3670427914800265,0.36803125538727566
5,0.010435592798881914,0.010435592798881914,0.016378847361832677,0.05432883855471202,0.00976543718922604,0.07998637866777841,50,1,0.4468386419840148,0.4387473144390984,0.44295723923855934
6,0.009732156007548795,0.009732156007548795,0.015399963011141044,0.04990906778187631,0.005320154042546424,0.07998038577453784,50,1,0.5212987426580944,0.5033085958336257,0.5129695868542702
7,0.01012809170915378,0.01012809170915378,0.015296563069661293,0.0460369729942741,0.015297624583474825,0.07997330365270158,50,1,0.5911896359609796,0.5596623193450013,0.5715458976079877
8,0.010975880502872347,0.010975880502872347,0.015632160785455068,0.04288654568155306,0.018542508012110902,0.07996513249642961,50,1,0.6517153541714552,0.606953569677867,0.6023705885015845
9,0.011890206496449882,0.011890206496449882,0.0160030005434195,0.04042376634995971,0.0223409496757249,0.0799558725297383,50,1,0.6925820113213422,0.6461174343657793,0.6128427235626339
10,0.012231915129861876,0.012231915129861876,0.01616608353734068,0.03870371719166009,0.0223409496757249,0.0799455240064943,50,1,0.7116561920479618,0.6758880490542265,0.60751334833232
11,0.012088106461383065,0.012088106461383065,0.0160781552834538,0.037606260709702,0.0223409496757249,0.07993408721040762,50,1,0.7139757944851504,0.69751598401727,0.5898835721327997
12,0.011556835314951453,0.011556835314951453,0.015771809307687158,0.03703937603884687,0.0223409496757249,0.0799215624550238,50,1,0.7030786996257574,0.7120133994821478,0.56245978634992
13,0.010900855203912214,0.010900855203912214,0.015313696197819247,0.03693044666706784,0.017334582839708915,0.07990795008371532,50,1,0.6815465985637468,0.7202153394578148,0.5270979073042111
14,0.01032297900124721,0.01032297900124721,0.014819094996849483,0.03718033340374503,0.01240011620525991,0.07989325046967222,50,1,0.6513212838565624,0.7229849833787909,0.4904463927598063
15,0.01003130064365544,0.01003130064365544,0.01438176447520674,0.037703059554119574,0.005774817617510815,0.07987746401589185,50,1,0.6161277144501626,0.7211539815255638,0.45547033008062093
16,0.009965662080707975,0.009965662080707975,0.01407215807573165,0.03840050025578889,0.003933986407908314,0.07986059115516782,50,1,0.5809871526579258,0.7157065819557865,0.4244628970264434
17,0.010028403920463298,0.010028403920463298,0.013899939847217662,0.03921801183752059,0.005000185806852207,0.07984263235007812,50,1,0.5481255242019862,0.7073407288841043,0.39790118334959057
18,0.01015164262464583,0.01015164262464583,0.013849093991943425,0.04009268844700057,0.005695969876592114,0.07982358809297245,50,1,0.5189599327919645,0.6968984183839623,0.37712752117707643
19,0.010305051756832308,0.010305051756832308,0.013888318298793374,0.04099309181726247,0.007234497479386054,0.07980345890595877,50,1,0.49486080197579774,0.6848609468372417,0.36159734665559135
20,0.01044315095005651,0.01044315095005651,0.013967661794698927,0.04176229473063069,0.007956574804340337,0.07978224534088889,50,1,0.4765124002726005,0.6739331119976165,0.3519837137321683
21,0.010538216074853541,0.010538216074853541,0.014052077608683709,0.04239452955898758,0.007956574804340337,0.07975994797934342,50,1,0.4642387076083058,0.6642448508884665,0.34773337079122657
22,0.010574632705909977,0.010574632705909977,0.014121636200987685,0.042902331029028906,0.007956574804340337,0.07973656743261578,50,1,0.4574783725270458,0.6556835008083055,0.3483538008975799
23,0.010557714204201683,0.010557714204201683,0.014168107933394463,0.04329690765700748,0.007956574804340337,0.0797121043416955,50,1,0.45573027311429976,0.648148149425586,0.35340531152443433
24,0.0104922187913039,0.0104922187913039,0.01419169746275701,0.04358831368616409,0.007956574804340337,0.07968655937725054,50,1,0.45854566287082477,0.6415481211036502,0.36249414293366206
25,0.010382419062654531,0.010382419062654531,0.01419866366915608,0.0437855924769871,0.007956574804340337,0.079659933239609,50,1,0.46552161403138714,0.6358017159955418,0.37526671411367235
26,0.010238908523099624,0.010238908523099624,0.014199605814822108,0.04389689722458585,0.007234497479386056,0.07963222665873992,50,1,0.4762954933190785,0.6308351494547357,0.3914047742487699
27,0.010080153278113485,0.010080153278113485,0.014209827910593319,0.04394852825271011,0.0064385984342235515,0.0796034403942332,50,1,0.49053990380631823,0.6263295240115763,0.40977903096872875
28,0.009929380579880149,0.009929380579880149,0.01424381207984567,0.04396459882109264,0.005727791927900698,0.07957357523527883,50,1,0.507128316195034,0.6219887959708309,0.4302139734928421
29,0.009798116389830405,0.009798116389830405,0.014311871645535025,0.043965708529253224,0.004241932307034249,0.07954263200064521,50,1,0.5258754391562245,0.617571977734446,0.45167358982598427
30,0.009704768174497275,0.009704768174497275,0.014419601011635213,0.04398696755987999,0.0026004972722092016,0.07951061153865677,50,1,0.5457485435542841,0.6126599864359797,0.4731852834820633
31,0.009665400023019506,0.009665400023019506,0.014561384751483301,0.04407145477130606,0.002060368016167235,0.07947751472717063,50,1,0.5657794135404713,0.6067789107860676,0.49288838843433286
32,0.009674833473255845,0.009674833473255845,0.014725421106537925,0.04424158122014764,0.0035170253623238107,0.07944334247355261,50,1,0.5850561884204153,0.5997079968864664,0.5099872355989822
33,0.009724407825772332,0.009724407825772332,0.014892142197318962,0.044526296947359406,0.005007492599067016,0.07940809571465231,50,1,0.6027196980641455,0.591199538993171,0.5227926966837023
34,0.00978207177783434,0.00978207177783434,0.015041784507625083,0.04495017225711163,0.006374489063172599,0.0793717754167774,50,1,0.6170208530258784,0.5810605502747644,0.5307333859239123
35,0.009817325986900926,0.009817325986900926,0.01516172658871616,0.04552142593267234,0.008343372876615246,0.07933438257566723,50,1,0.6273038697645259,0.5692668771119941,0.5333194278510812
36,0.009796687667945968,0.009796687667945968,0.015243242256511861,0.04625456895600738,0.0076332305075197775,0.07929591821646541,50,1,0.6320893951762944,0.5557600048450154,0.5301525372373375
37,0.009730288716953252,0.009730288716953252,0.015302401301227172,0.047128326908390084,0.006966083655722674,0.07925638339369177,50,1,0.631861827173457,0.5407218596050385,0.5226219317273517
38,0.009640236494416818,0.009640236494416818,0.015358938356417835,0.04812257542901394,0.005007492599067017,0.07921577919121348,50,1,0.6270613734852126,0.5243300675620847,0.5120091211021512
39,0.009559929610081785,0.009559929610081785,0.015436793144510701,0.04919841591173726,0.0036891383939284777,0.07917410672221523,50,1,0.6189803316803826,0.5069141717137667,0.5004758672232004
40,0.009516720256997107,0.009516720256997107,0.015549661247475649,0.05032798593122241,0.0017824258009547973,0.07913136712916882,50,1,0.6088220049024604,0.4887326145816249,0.48908814053568134
41,0.009528329068170091,0.009528329068170091,0.015676667593976467,0.05133605426551171,0.0018234024058157213,0.07908756158380179,50,1,0.5980694210648129,0.4726590814471953,0.4792191953843792
42,0.009556578606700911,0.009556578606700911,0.01580921491001722,0.052192206549315855,0.002893468802158425,0.07904269128706526,50,1,0.588772133486325,0.4589220296443165,0.47178727505351015
43,0.009589714397094051,0.009589714397094051,0.015934663011398335,0.052892603955044276,0.0033094372741889716,0.0789967574691011,50,1,0.5808047073670953,0.44751161804994705,0.46764609379698086
44,0.009611795881602237,0.009611795881602237,0.016043579896869838,0.053435264884795206,0.004008154745298478,0.07894976138920816,50,1,0.5750941384515557,0.438392969596135,0.46651708348592014
45,0.009621186577793796,0.009621186577793796,0.016128682289369235,0.053816577457884325,0.004008154745298478,0.07890170433580769,50,1,0.5725008376868521,0.4315654450052203,0.46814622833522207
46,0.009613731702844965,0.009613731702844965,0.016188483146142983,0.05405023166128292,0.004008154745298478,0.07885258762640808,50,1,0.5727602523738885,0.426834417418667,0.4723016789767333
47,0.009591214803510162,0.009591214803510162,0.016224936414160233,0.0541487166170465,0.0033094372741889725,0.07880241260756873,50,1,0.5756311416145902,0.4240223137315006,0.47877198815240246
48,0.009568130386393656,0.009568130386393656,0.016244402966881403,0.05414099246271068,0.002423810206907484,0.07875118065486313,50,1,0.5808933531864215,0.4227674520835938,0.4862696282422084
49,0.009547508353226972,0.009547508353226972,0.01625330221417812,0.054053519599998455,0.0018234024058157217,0.07869889317284115,50,1,0.5872676690097748,0.4227375062265086,0.49471331629468135
50,0.009534779626012254,0.009534779626012254,0.016256132239979047,0.05390915364091383,0.0008810989117404569,0.07864555159499051,50,1,0.5946646566620711,0.423657028856117,0.5029112028911914
51,0.0095343670655008,0.0095343670655008,0.01625590376439885,0.05374367514473503,0.0008810989117404569,0.07859115738369751,50,1,0.6019022320423522,0.42512490863749075,0.5097642352793069
52,0.009545013647414951,0.009545013647414951,0.01625236829098467,0.053558747002966256,0.0017851693586862006,0.07853571203020696,50,1,0.6089986201638646,0.42709606823379126,0.5153899253312683
53,0.009557401853876735,0.009557401853876735,0.016244204222872302,0.05338463208945491,0.0023698141476200672,0.07847921705458119,50,1,0.614853796044669,0.42925272448989676,0.518762563453119
54,0.009566215097184165,0.009566215097184165,0.01622916772065761,0.05323400844976499,0.003215440264704079,0.07842167400565853,50,1,0.6184622370295265,0.43145309300507184,0.5200762885169405
55,0.009565737169592563,0.009565737169592563,0.01620507498815136,0.053117468216941945,0.0032154402647040794,0.07836308446101072,50,1,0.6200181970482637,0.4335873093988417,0.5183803838374855
56,0.009556501198286351,0.009556501198286351,0.01617227655093174,0.05303184412612435,0.0023698141476200672,0.07830345002689972,50,1,0.6185895255215439,0.4356623396281559,0.515069919760221
57,0.009543552153908163,0.009543552153908163,0.01613325653914842,0.05296168033291297,0.001785169358686201,0.07824277233823367,50,1,0.6155511989179026,0.43779384950874883,0.5102820206750681
58,0.009532589236042768,0.009532589236042768,0.016090128179082643,0.0528912973099788,0.001785169358686201,0.07818105305852205,50,1,0.6110404725534854,0.4401100428915379,0.5053140652216623
59,0.009525519467420463,0.009525519467420463,0.016044057053078528,0.05282066368416459,0.0008810989117404563,0.0781182938798301,50,1,0.605182258554965,0.4425964644223001,0.5001785501109409
60,0.009524408757948341,0.009524408757948341,0.015996124812678557,0.05271941006918446,0.0008946500794000257,0.0780544965227324,50,1,0.5992511533450089,0.44553263881058786,0.49609419207290845
61,0.00952681550735797,0.00952681550735797,0.015945868042449737,0.052574183497516025,0.0008946500794000257,0.07798966273626573,50,1,0.5944360401966781,0.44904151088567246,0.4929679967267184
62,0.009527968448521003,0.009527968448521003,0.015892857356489706,0.05238871173151896,0.0008946500794000257,0.07792379429788109,50,1,0.5906375769962765,0.4530754307305456,0.49071524197749045
63,0.009528203710717992,0.009528203710717992,0.015837058751462692,0.052166387959872634,0.0018234024058157217,0.07785689301339498,50,1,0.5877653936058274,0.45759101449111633,0.48925885086053494
64,0.009526753538402703,0.009526753538402703,0.015777970746361496,0.05189234195283016,0.0018234024058157217,0.07778896071693993,50,1,0.5869567639033016,0.46274191825514605,0.4885288636496215
65,0.009522807222421116,0.009522807222421116,0.01571655103988288,0.05157095565665269,0.0008946500794000257,0.07771999927091415,50,1,0.5880297799875788,0.4684753365675205,0.4884614993337076
66,0.00951867023539191,0.00951867023539191,0.015654572546335607,0.051224404914326206,0.0008946500794000257,0.07765001056593053,50,1,0.589584955498022,0.47454746681845544,0.4889986011603144
67,0.009513856657575329,0.009513856657575329,0.015592905180977536,0.05085471757328477,0.0008946500794000257,0.07757899652076475,50,1,0.5915808268867719,0.4809317389646305,0.49008744128688436
68,0.009508423503802132,0.009508423503802132,0.015532443423769983,0.050463739349671376,0.0008946500794000257,0.07750695908230275,50,1,0.5939796884714982,0.4876039599535274,0.4916800797741847
69,0.009502917324770757,0.009502917324770757,0.015474088227571941,0.050053150191398936,0.0008810989117404563,0.0774339002254873,50,1,0.596747254647914,0.49454210022228734,0.4937329341214727
70,0.009508405997206232,0.009508405997206232,0.015417359919736919,0.04964141516903075,0.0020592108220290695,0.07735982195326382,50,1,0.5985917189972173,0.5015560360621859,0.4962062726124871
71,0.00951548795584684,0.00951548795584684,0.015388407004176296,0.04943468013435675,0.0020592108220290695,0.07728472629652564,50,1,0.5991441852891263,0.5051349697978913,0.49729883287246995
72,0.009515417422164501,0.009515417422164501,0.015382420038411173,0.0494143635027093,0.0020592108220290695,0.07720861531405805,50,1,0.598519797272136,0.5055906727182248,0.4971339302187396
73,0.009508838476963728,0.009508838476963728,0.015397299540631907,0.049563601864148155,0.0020592108220290695,0.07713149109248213,50,1,0.5968231304404155,0.5032060703020489,0.4958235578562078
74,0.009502072608291298,0.009502072608291298,0.015432967901652755,0.049867092538849876,0.0008946500794000257,0.07705335574619736,50,1,0.5941491530334471,0.4982378871672987,0.4934694165364524
75,0.00950559302739436,0.00950559302739436,0.015460687654525879,0.05008347129777151,0.0008946500794000257,0.0769742114173237,50,1,0.5923449037535364,0.49466488774864914,0.49197090425003775
76,0.009507655469544058,0.009507655469544058,0.015479891994633198,0.050220637892048586,0.0008946500794000257,0.07689406027564295,50,1,0.5913317418639706,0.49236048618097356,0.49125077843374515
77,0.009508391629513124,0.009508391629513124,0.01549063724054119,0.0502857618123141,0.0008946500794000257,0.07681290451853913,50,1,0.5910382910108755,0.49120979960404604,0.4912389303703735
78,0.009507921021532407,0.009507921021532407,0.015493429561019168,0.05028534915391212,0.0008946500794000257,0.0767307463709383,50,1,0.5913997744108732,0.49110857652112866,0.49187173231838616
79,0.009506352096200963,0.009506352096200963,0.015489092564487241,0.05022530346336038,0.0008946500794000257,0.0766475880852476,50,1,0.5923574098493358,0.49196222162607073,0.4930914433789251
80,0.009503783256667956,0.009503783256667956,0.015478666651880888,0.05011098109597548,0.0008946500794000257,0.07656343194129343,50,1,0.5938578592261803,0.4936849086048568,0.4948456689314538
81,0.009501330781521529,0.009501330781521529,0.015463332827832106,0.049947241569230104,0.0008810989117404569,0.076478280246259,50,1,0.5958527278362351,0.4961987731444205,0.4970868689113184
82,0.009506713836285754,0.009506713836285754,0.015442870065715947,0.04975681272526784,0.0020592108220290695,0.07639213533462103,50,1,0.5982979899490911,0.4992515815314893,0.49838674617235995
83,0.009507361930615894,0.009507361930615894,0.015446831442134676,0.04976147944253978,0.0020592108220290695,0.07630499956808577,50,1,0.5993143064471124,0.49906118131413113,0.4983356786673378
84,0.009502907005820693,0.009502907005820693,0.015472699099248343,0.04994323497595142,0.0008778683558949366,0.07621687533552432,50,1,0.599032117595222,0.4959272604532059,0.4970566068839276
85,0.0095032716753183,0.0095032716753183,0.015487800030126933,0.05008313347863663,0.0008810989117404563,0.076127765052907,50,1,0.5980570098321333,0.49369756723560115,0.49516099275687314
86,0.009503411566443198,0.009503411566443198,0.015494115988988607,0.05016636583206674,0.0008946500794000257,0.07603767116323723,50,1,0.5964518664222007,0.4924739355784935,0.4941170134592825
87,0.009504032180899173,0.009504032180899173,0.01549317019878696,0.05017959078189849,0.0008946500794000257,0.0759465961364845,50,1,0.5956568361897567,0.492349981481292,0.49384666998842003
88,0.009503398414053373,0.009503398414053373,0.015485442693712098,0.05012921824965777,0.0008946500794000257,0.0758545424695167,50,1,0.5955975707509971,0.4932250349785613,0.49427914441144155
89,0.009501624914711095,0.009501624914711095,0.015471751039010944,0.0500210571814775,0.0008946500794000257,0.07576151268603158,50,1,0.5962066925931184,0.4950078648335135,0.4953502563827217
90,0.009502009065297133,0.009502009065297133,0.015453143723181937,0.04986037159130319,0.0020592108220290695,0.07566750933648765,50,1,0.597423145299574,0.4976157982804363,0.49700184443479206
91,0.00950167901828229,0.00950167901828229,0.015459911290906181,0.049898532232117314,0.0008778683558949366,0.07557253499803425,50,1,0.5972811870443877,0.4969135610775158,0.4972206870377088
92,0.009500848215626308,0.009500848215626308,0.015456925239363652,0.049907762862870644,0.0008778683558949366,0.07547659227444081,50,1,0.5964093179165129,0.4969028754648234,0.4966554935759504
93,0.009501050938330905,0.009501050938330905,0.015445174401240769,0.04989073031600583,0.0008946500794000257,0.0753796837960256,50,1,0.5948744642559839,0.4975200592754379,0.49537828772432346
94,0.009502088763815593,0.009502088763815593,0.015427922677890124,0.04981137946417424,0.0013546315720260002,0.07528181221958347,50,1,0.5941645921752895,0.49909064703382416,0.49491903327178044
95,0.009501904291485565,0.009501904291485565,0.01543879853903425,0.04988746265178653,0.0008946500794000257,0.07518298022831316,50,1,0.5936932720413577,0.49778513775376504,0.49467868639022894
96,0.00950159557157721,0.00950159557157721,0.015441830563480008,0.04989176566551253,0.0008946500794000257,0.0750831905317436,50,1,0.5939504220245545,0.49762588049809603,0.4951624600604531
97,0.00950141108622051,0.00950141108622051,0.015437815829709841,0.049830943352246485,0.0017402578652572656,0.07498244586565977,50,1,0.5948686680152715,0.49850656102275465,0.49630345444567897
98,0.009500775532570433,0.009500775532570433,0.015459656482574769,0.04994509132466573,0.0008946500794000257,0.07488074899202755,50,1,0.595870672669254,0.49635229362233424,0.4960225206309986
99,0.009501815243626636,0.009501815243626636,0.015472673612136948,0.049983045941146824,0.0008778683558949366,0.07477810269891813,50,1,0.5974673729909692,0.49543779958758116,0.4964780226265105
100,0.009502195560654604,0.009502195560654604,0.015475072718250486,0.04999128916981778,0.0008810989117404563,0.07467450980043146,50,1,0.5981415910476554,0.4952554008878359,0.4961012125033737
101,0.009501956733858005,0.009501956733858005,0.015469081770280212,0.04995270967279578,0.0008778683558949366,0.07456997313661919,50,1,0.5979795496749755,0.4959336438288955,0.4964754374680237
102,0.009500822954337204,0.009500822954337204,0.01545420908503918,0.049891613230538534,0.0008810989117404563,0.07446449557340677,50,1,0.5970590246901024,0.49719503742081855,0.4960192089437331
103,0.00950233051540729,0.00950233051540729,0.015432732796196783,0.04979005783401301,0.0017402578652572656,0.07435808000251488,50,1,0.595450663523583,0.49918371377589227,0.49632703535962025
104,0.009501255902616794,0.009501255902616794,0.01543929180174599,0.04987119482061223,0.0008946500794000257,0.07425072934138015,50,1,0.5941740233005951,0.4979643993587225,0.495263469853261
105,0.009501636851766991,0.009501636851766991,0.015438339595467782,0.04987788497601251,0.0008946500794000257,0.07414244653307517,50,1,0.5937278428048459,0.4979172971887471,0.4950280186211078
106,0.009501811772411765,0.009501811772411765,0.015430458887882883,0.04981710839242509,0.0013546315720260002,0.07403323454622784,50,1,0.5940342256589963,0.49893250239059855,0.49554306128170994
107,0.009501198016294581,0.009501198016294581,0.015450960311713198,0.04991643702525304,0.0008810989117404569,0.07392309637493996,50,1,0.5944891006700675,0.49700593474160626,0.49619098967840536
108,0.00950105201878568,0.00950105201878568,0.015461118920735848,0.04995925977201342,0.0008946500794000257,0.0738120350387051,50,1,0.5956139550932287,0.49612904015433296,0.4959650690821238
109,0.009501454528825427,0.009501454528825427,0.015463296473450395,0.04993047224070203,0.0008778683558949366,0.07370005358232594,50,1,0.5973462708409225,0.4964049432565189,0.496496169886392
110,0.009501744313172439,0.009501744313172439,0.015455637003911579,0.04987755851312458,0.0012792518663239587,0.07358715507583062,50,1,0.5981145008849234,0.49731984941216273,0.49615922695156756
111,0.009501764597952963,0.009501764597952963,0.01545643029707237,0.04991478735014289,0.0008810989117404563,0.07347334261438876,50,1,0.5975072477128529,0.4968364876145161,0.4949967076762276
112,0.00950096532227858,0.00950096532227858,0.015448762673382981,0.049900687313279915,0.0008810989117404563,0.07335861931822646,50,1,0.5961582407602809,0.49727399554829194,0.4946891787886532
113,0.009501357153734822,0.009501357153734822,0.015433501215240397,0.0498401007279254,0.0006698485185635091,0.07324298833254086,50,1,0.5941371561620847,0.4985455437680882,0.49515587293479574
114,0.009501917379654305,0.009501917379654305,0.015430334225494655,0.04983000744072289,0.0006698485185635091,0.07312645282741384,50,1,0.5930019111225497,0.4987823582637388,0.4958036944607377
115,0.009502344062332722,0.009502344062332722,0.015438020509474461,0.049865627247812946,0.0011858096461643583,0.07300901599772514,50,1,0.5926684667377617,0.49808239564199985,0.4966156880139479
116,0.009502276037320243,0.009502276037320243,0.01545412531512884,0.04996350756031833,0.0008946500794000257,0.07289068106306476,50,1,0.5930607139367965,0.49632786644544674,0.49599378694817636
117,0.009501849966004871,0.009501849966004871,0.01546135592157344,0.04998274063316612,0.0008946500794000257,0.07277145126764471,50,1,0.594149040426103,0.49583817204501296,0.49618576278404586
118,0.009501219485620008,0.009501219485620008,0.015460637869394988,0.04993079755543612,0.0008810989117404569,0.07265132988021006,50,1,0.5958676722001892,0.49649310401627095,0.49711445916405045
119,0.009503384241464814,0.009503384241464814,0.015451628217811176,0.049835474931482805,0.0020592108220290695,0.07253032019394934,50,1,0.5981570155868839,0.4979759424818611,0.4971140793948975
120,0.009502535140475409,0.009502535140475409,0.015469290375358713,0.049951637425905575,0.0008810989117404563,0.0724084255264042,50,1,0.5988481394276047,0.4959425701082022,0.4957035009854721
121,0.00950306956635734,0.00950306956635734,0.015476700627245786,0.0500075570657323,0.0008810989117404563,0.07228564921937854,50,1,0.5986501165082354,0.4950034398860717,0.4951919684575544
122,0.009502308981028862,0.009502308981028862,0.015474657676273592,0.050008983829644416,0.0008810989117404563,0.07216199463884684,50,1,0.5976475814055867,0.4950541248566717,0.4954937671501728
123,0.009501055324750143,0.009501055324750143,0.015464164948798279,0.04996111335421473,0.0008810989117404569,0.0720374651748619,50,1,0.5959170139827111,0.49600026538939657,0.4965314433725891
124,0.009500969830811105,0.009500969830811105,0.015446043760171191,0.04986888582127227,0.0011858096461643583,0.07191206424146185,50,1,0.595103487725996,0.49775660051862514,0.4966182182328329
125,0.00950071635984609,0.00950071635984609,0.015439104388095544,0.049852936872528675,0.0006698485185635091,0.07178579527657665,50,1,0.5950795317610454,0.49819235730050027,0.49530907184413464
126,0.009501051558316782,0.009501051558316782,0.015443754198014832,0.049884552071470634,0.0008946500794000257,0.07165866174193374,50,1,0.5957698344383521,0.4976456330995733,0.4943618201432057
127,0.009502144218709761,0.009502144218709761,0.01544061333944462,0.049842216955903365,0.0011858096461643576,0.07153066712296322,50,1,0.597146155534971,0.4982737795907029,0.494280256821949
128,0.009501398260030347,0.009501398260030347,0.015447272383167352,0.049871437080277026,0.0011858096461643576,0.07140181492870219,50,1,0.5970254384574357,0.4976835312506209,0.4949402778311008
129,0.00950109930241752,0.00950109930241752,0.015462935764894119,0.04996535228842955,0.0008810989117404569,0.07127210869169866,50,1,0.5955513831980845,0.4959916606769071,0.49627095365390417
130,0.009501843199593636,0.009501843199593636,0.015468284854466028,0.05000034274022072,0.0008810989117404569,0.07114155196791465,50,1,0.5949802170547358,0.4953808880841564,0.496609680485551
131,0.00950140152007586,0.00950140152007586,0.015464125620804871,0.04998207215508188,0.0008946500794000257,0.07101014833662868,50,1,0.5952251818051931,0.4957473039224139,0.49605174718967926
132,0.009500446561638145,0.009500446561638145,0.015452890583275264,0.04989395136971374,0.0008778683558949366,0.07087790140033767,50,1,0.5962080645724357,0.4972115656995855,0.49633025655056134
133,0.009502298766996575,0.009502298766996575,0.015432612918747425,0.049785933144636974,0.0017402578652572656,0.07074481478465822,50,1,0.5962491949406616,0.49923840755065807,0.495714150187851
134,0.00950092733842889,0.00950092733842889,0.015442455960630886,0.0498755000102175,0.0008946500794000257,0.07061089213822709,50,1,0.5948658887115412,0.4978004763567903,0.495354833977982
135,0.009501015439672241,0.009501015439672241,0.015443920525504338,0.04988423395254507,0.0008946500794000257,0.0704761371326013,50,1,0.5943849807407025,0.49764367974394036,0.4958174308128386
136,0.009502328872001477,0.009502328872001477,0.015437767109143793,0.049819933728781816,0.0017402578652572656,0.07034055346215738,50,1,0.5947194276353728,0.49864439470111754,0.49702279816833006
137,0.00950138162147928,0.00950138162147928,0.01546043005056561,0.049950102602336455,0.0008810989117404569,0.07020414484399018,50,1,0.5952135361087729,0.49626512841546416,0.4966435446962161
138,0.00950164027289564,0.00950164027289564,0.01547198511994711,0.050017021699974976,0.0008810989117404563,0.07006691501781083,50,1,0.5964300610068285,0.4950485464220905,0.49542584127267675
139,0.009502008270520517,0.009502008270520517,0.015473456030584124,0.05002655921293832,0.0008810989117404563,0.06992886774584436,50,1,0.5966718036268701,0.4948821103880374,0.4951203287634133
140,0.009501236073053339,0.009501236073053339,0.015465730028373568,0.04998426616575307,0.0008946500794000257,0.06979000681272648,50,1,0.596033057222377,0.49566423030267487,0.4956387704922277
141,0.009500764661118181,0.009500764661118181,0.015451250041794103,0.04987334450379856,0.0012792518663239593,0.06965033602539979,50,1,0.596232492543738,0.49752108108453896,0.49690166204027864
142,0.00950076976757134,0.00950076976757134,0.015446556055803685,0.04986473028946464,0.0011858096461643583,0.06950985921300949,50,1,0.5955112649683578,0.4977892375222069,0.49660292183785154
143,0.009501265203702952,0.009501265203702952,0.01545210083078345,0.04992660772952339,0.0008946500794000257,0.06936858022679836,50,1,0.5955976621725166,0.4968415841648135,0.4948943060333967
144,0.009501470813035496,0.009501470813035496,0.015449523316839561,0.04990923849038797,0.0008810989117404563,0.06922650294000116,50,1,0.5964548331463932,0.49714468059859157,0.49415334734671185
145,0.009501444641906649,0.009501444641906649,0.015438139955165412,0.0498422714315224,0.0011858096461643576,0.06908363124773848,50,1,0.5963635291109705,0.49835775348821654,0.49428589475808804
146,0.009500869518420557,0.009500869518420557,0.015437766164424337,0.04985154821472415,0.0006698485185635091,0.06893996906690994,50,1,0.5948713680184987,0.4982561637721225,0.49516462614119583
147,0.009501245661976195,0.009501245661976195,0.01544880628354964,0.049907709973069446,0.0008810989117404569,0.0687955203360868,50,1,0.5942677454810132,0.49718779008493325,0.49620035141645086
148,0.00950115263848574,0.00950115263848574,0.015449565745009544,0.04990704524805996,0.0008810989117404569,0.06865028901540397,50,1,0.5945075980254897,0.4971689283954367,0.49624351079633294
149,0.00950051764095327,0.00950051764095327,0.015441071377462033,0.04985508685390508,0.0013546315720260002,0.0685042790864515,50,1,0.5955088580014496,0.49809738925200975,0.49539073815932944
150,0.009501751657101863,0.009501751657101863,0.015463918328829426,0.04997791560875649,0.0008810989117404563,0.0683574945521653,50,1,0.5966081514952544,0.4958058991364509,0.49482404243969247
151,0.009502118798536458,0.009502118798536458,0.015475425070042365,0.05003688818096127,0.0008810989117404563,0.06820993943671756,50,1,0.5967272174056322,0.49468817810799753,0.495120999236346
152,0.009501498608618016,0.009501498608618016,0.015476600067692142,0.05003824090248476,0.0008946500794000257,0.06806161778540631,50,1,0.5959616930817713,0.4946295888404169,0.49619739746834834
153,0.009501921061027895,0.009501921061027895,0.015469959464342972,0.04996540275557518,0.0008810989117404569,0.06791253366454453,50,1,0.5960613652455531,0.49574837354430823,0.4979774108447383
154,0.00950331816948137,0.00950331816948137,0.015454942141800328,0.049848102443244786,0.0020592108220290695,0.0677626911613487,50,1,0.5969415915845925,0.4977076179191728,0.498683715864648
155,0.009501753663408675,0.009501753663408675,0.015468759256337528,0.049957796240829536,0.0008778683558949366,0.06761209438382675,50,1,0.5962651317374431,0.49588242078310235,0.49781253777454115
156,0.009501986200687668,0.009501986200687668,0.015470803586752553,0.050027166887157415,0.0008946500794000257,0.0674607474606654,50,1,0.5947783374912763,0.49496796743901883,0.49612760462456434
157,0.009502465612933159,0.009502465612933159,0.015464881766549714,0.050015317883157315,0.0008946500794000257,0.06730865454111701,50,1,0.594231969237202,0.49532017468151696,0.49542322094341296
158,0.009501464581702129,0.009501464581702129,0.015451627522851064,0.049930210005546254,0.0008946500794000257,0.06715581979488577,50,1,0.5945338814468075,0.49681488502838933,0.4956032949499014
159,0.009502782854654128,0.009502782854654128,0.015432138551172342,0.04977902334403141,0.0017402578652572656,0.06700224741201351,50,1,0.595600963293884,0.4993401170190816,0.4965811571487445
160,0.009501319215393053,0.009501319215393053,0.015443665860624022,0.04983688272087691,0.0017402578652572656,0.06684794160276462,50,1,0.5967614736418978,0.49823064248715837,0.4959463478270238
161,0.009502022042625473,0.009502022042625473,0.015483554126674159,0.0500827198605673,0.0008946500794000257,0.06669290659751086,50,1,0.596327785280613,0.4938484898342432,0.49557882146358023
162,0.009503091973140781,0.009503091973140781,0.015512024216006372,0.05022955050817348,0.0008810989117404563,0.06653714664661518,50,1,0.5967345223871908,0.49108111630083773,0.4960657708864041
163,0.009503977229035978,0.009503977229035978,0.015528424393074851,0.05030953297974075,0.0008810989117404569,0.06638066602031534,50,1,0.5962173927244869,0.48954594711097976,0.4973231089966683
164,0.00950410575333243,0.00950410575333243,0.015533679875002543,0.05032950882458337,0.0008810989117404569,0.06622346900860673,50,1,0.5965503194967837,0.48912169301394554,0.4975485401123146
165,0.009503919080551588,0.009503919080551588,0.015528869617565097,0.050295385160753214,0.0008778683558949366,0.06606555992112484,50,1,0.5976496864917928,0.4896989891984468,0.4968436287708543
166,0.0095041362231314,0.0095041362231314,0.015513820439139165,0.050234954493559456,0.0008810989117404563,0.06590694308702706,50,1,0.5977539353929663,0.49095514767304615,0.49529980213114405
167,0.009503125159626749,0.009503125159626749,0.015490851392777099,0.050128059447758125,0.0008810989117404563,0.06574762285487405,50,1,0.5969612712694297,0.4930476050114144,0.4947306932961796
168,0.009501787696560572,0.009501787696560572,0.015460913486534932,0.04997927725275588,0.0008946500794000257,0.06558760359251044,50,1,0.5953600892562894,0.4958939828237976,0.49504018919379267
169,0.009502907954969293,0.009502907954969293,0.015426476091598558,0.049770223006624266,0.0017402578652572656,0.06542688968694514,50,1,0.5947200861400298,0.49964449310509185,0.4961417891338666
170,0.009502677220163045,0.009502677220163045,0.015424827328525478,0.04977739329196809,0.0013546315720260002,0.06526548554423106,50,1,0.5943444297358496,0.4996138790050311,0.4956052010460765
171,0.009501985160847656,0.009501985160847656,0.015454285070329902,0.049956354549755125,0.0008946500794000257,0.0651033955893443,50,1,0.5942071687720257,0.49640534260182734,0.4953281566687288
172,0.009502179139942384,0.009502179139942384,0.015473086129739336,0.05004240621210704,0.0008946500794000257,0.06494062426606287,50,1,0.5948873725176673,0.4947035158262901,0.4959030970529091
173,0.009501933048188279,0.009501933048188279,0.01548209247792422,0.05004474588719542,0.0008810989117404569,0.06477717603684478,50,1,0.5963042292452185,0.49435921714089714,0.49724578994644997
174,0.009503097022884818,0.009503097022884818,0.015480947535663443,0.04999449510860457,0.0008778683558949366,0.06461305538270584,50,1,0.5983847414500667,0.49501305469188167,0.49754123488313834
175,0.009502877480339324,0.009502877480339324,0.015469199802945017,0.04991944254772462,0.0008778683558949366,0.06444826680309666,50,1,0.5993667561986326,0.49634114859745176,0.49689299079471494
176,0.009503986345472183,0.009503986345472183,0.01544784059518331,0.04982204274993589,0.0017402578652572656,0.06428281481577942,50,1,0.5993591331081043,0.4982767431083995,0.4953945526714777
177,0.009502451570299473,0.009502451570299473,0.015457863976091876,0.049929929197611404,0.0008810989117404563,0.06411670395670391,50,1,0.597856077828048,0.4966044680444755,0.49425202566235454
178,0.009502090552983516,0.009502090552983516,0.015457807061682056,0.049974389114091244,0.0008946500794000257,0.06394993877988325,50,1,0.5956103302849234,0.49606375360589605,0.4940501686162518
179,0.009502036962161927,0.009502036962161927,0.015449918132489242,0.04993910855290483,0.0008946500794000257,0.063782523857269,50,1,0.5943948773350043,0.49676753134645407,0.4946957770417455
180,0.009501440329715257,0.009501440329715257,0.015435011113103955,0.049832012653840296,0.0017402578652572656,0.06361446377862583,50,1,0.5941074026581297,0.4985920981872024,0.49610469985675576
181,0.009501594623181397,0.009501594623181397,0.015451107224211367,0.04993156479331522,0.0008946500794000257,0.0634457631514057,50,1,0.5940504609062839,0.4968176660166179,0.49583602252063763
182,0.009501407293287897,0.009501407293287897,0.015457740737819818,0.04994585992243979,0.0008810989117404569,0.0632764266006215,50,1,0.5948065996016642,0.49641096803512996,0.49642222842157413
183,0.009500447083692758,0.009500447083692758,0.015454343463268882,0.04990627718078556,0.0008810989117404563,0.06310645876872034,50,1,0.5962947874476539,0.4970104736768207,0.4960330768758741
184,0.009502245070818793,0.009502245070818793,0.015442152781445171,0.04981791933572326,0.0020592108220290695,0.06293586431545618,50,1,0.5967402780436676,0.49851599198715224,0.4965111085898421
185,0.009501282477978846,0.009501282477978846,0.015459056086947023,0.04995698149477568,0.0008946500794000257,0.06276464791776211,50,1,0.5956411640338254,0.49622896534446087,0.49540286695629465
186,0.009501900679027633,0.009501900679027633,0.015466597060118931,0.0500068299315553,0.0008946500794000257,0.0625928142696222,50,1,0.5954598171133998,0.49536092677606514,0.49523399583549244
187,0.00950100276726053,0.00950100276726053,0.015465437249623258,0.049976366714746555,0.0008946500794000257,0.06242036808194268,50,1,0.5961047346852317,0.49577026828268467,0.495910834269052
188,0.009501976936372416,0.009501976936372416,0.01545674030651189,0.04987361172846438,0.0020592108220290695,0.06224731408242293,50,1,0.5974934768229543,0.4973294161691594,0.49734899790040904
189,0.009502155644541918,0.009502155644541918,0.015476793051499812,0.04999961967414287,0.0008778683558949366,0.062073657015425734,50,1,0.5972425919912905,0.4950925686447212,0.4971041753290555
190,0.00950194178781022,0.00950194178781022,0.015484206101929377,0.050083262743829446,0.0008946500794000257,0.06189940164184732,50,1,0.5961219559209209,0.4938187776346682,0.49596609972897654
191,0.009502127516810874,0.009502127516810874,0.015482977509860257,0.050083257710013616,0.0008946500794000257,0.06172455273898678,50,1,0.5959216342045297,0.4938621346104339,0.49577076429345535
192,0.009501359107219784,0.009501359107219784,0.015473904296539805,0.050007975841183445,0.0008778683558949366,0.06154911510041511,50,1,0.5965496126693592,0.4950908040288016,0.49642390814047715
193,0.009500402110130477,0.009500402110130477,0.015455017518736128,0.04991045835659328,0.0008778683558949366,0.06137309353584379,50,1,0.5962199676578357,0.4969359696277752,0.4960940208790172
194,0.009502309612485202,0.009502309612485202,0.015427332537249329,0.04979293361143816,0.0013546315720260002,0.061196492870992936,50,1,0.5950285880343171,0.4993358660148011,0.49487954080925334
195,0.009501757265654725,0.009501757265654725,0.015433383284082655,0.049860001425895084,0.0008946500794000257,0.06101931794745896,50,1,0.5941586821495568,0.4983084087198448,0.4939940192157827
196,0.009501595304927458,0.009501595304927458,0.0154310047115223,0.049845149372962326,0.0008946500794000257,0.060841573622581926,50,1,0.5941838773860361,0.49857221266489404,0.494025827469816
197,0.009503199054742489,0.009503199054742489,0.015421101555136386,0.049756599375510885,0.0013546315720260002,0.06066326476931226,50,1,0.5950144237703601,0.49999766103247834,0.4948829822840386
198,0.009500396940965368,0.009500396940965368,0.015443022436946086,0.049849483345343296,0.0013546315720260002,0.060484396276077254,50,1,0.5959639908756936,0.49809800598366627,0.49586166327382414
199,0.009502522433654978,0.009502522433654978,0.015493927417927933,0.05010534158167049,0.0008778683558949366,0.060304973046647004,50,1,0.5970205984845263,0.49321152616434466,0.4969496375656657
200,0.0095037303756943,0.0095037303756943,0.015529468190582223,0.050305917585337014,0.0008778683558949366,0.060125,50,1,0.5970774140560043,0.4895516773289406,0.49701181881321266
201,0.009505201610629363,0.009505201610629363,0.01555107077622776,0.05045675415409305,0.0008946500794000257,0.059944482070188196,50,1,0.5962349208511704,0.4869954191098833,0.49615130903697985
202,0.009505706234406334,0.009505706234406334,0.015562268701601833,0.05051746218308573,0.0008946500794000257,0.05976342420620184,50,1,0.5962838165675733,0.48588046013409253,0.4962046222099152
203,0.009504888940107698,0.009504888940107698,0.015563861695225669,0.05049711238249815,0.0008778683558949366,0.05958183137183374,50,1,0.5971344272820328,0.48606173751506504,0.49707982311283994
204,0.009504460887829127,0.009504460887829127,0.015554513279100004,0.050449207756395435,0.0008778683558949366,0.059399708545543176,50,1,0.5970070069742524,0.4869606734711141,0.49695171042453495
205,0.009504689541182321,0.009504689541182321,0.015535338530869379,0.05037652558960121,0.0008946500794000257,0.05921706072031944,50,1,0.5960000775529929,0.48850494589757415,0.49592135843463275
206,0.009503507202378513,0.009503507202378513,0.015509880303534184,0.05023627418785373,0.0008946500794000257,0.059033892903544896,50,1,0.5958998541490597,0.4910769435268497,0.4958206493362107
207,0.009501634825451324,0.009501634825451324,0.015479251305597871,0.0500352825688422,0.0008778683558949366,0.05885021011685779,50,1,0.5966149352449537,0.4945727453936336,0.49655586500769094
208,0.009501581455714562,0.009501581455714562,0.015441501472459178,0.04982493921767101,0.0020592108220290695,0.0586660173960145,50,1,0.596367142573809,0.4984518711752271,0.4963034219029387
209,0.009501200155473202,0.009501200155473202,0.015435332164429763,0.04985259477990435,0.0008946500794000257,0.0584813197907515,50,1,0.5946508300488262,0.49832903045493154,0.49454479453031325
210,0.009502682610612273,0.009502682610612273,0.01542216267598371,0.049802823678554105,0.0013546315720260002,0.05829612236464697,50,1,0.5939108691202659,0.4993977076766454,0.4937872994843216
211,0.009503042142778808,0.009503042142778808,0.015441077205288452,0.04992923963152316,0.0008946500794000257,0.058110430194981876,50,1,0.5934463665116931,0.4972019865600319,0.4933121592700924
212,0.009503032089705307,0.009503032089705307,0.01545025028824617,0.04996843050730249,0.0008946500794000257,0.05792424837260085,50,1,0.5938315010022148,0.4964040002788072,0.4937082248491499
213,0.009501582140482764,0.009501582140482764,0.015450608866516374,0.049929222116507486,0.0008946500794000257,0.05773758200177261,50,1,0.5949803071848507,0.4968623194340687,0.49488734425869135
214,0.009502468784111751,0.009502468784111751,0.015443497825883543,0.04981955876826166,0.0020592108220290695,0.05755043620005001,50,1,0.5968153995443829,0.49844964160348915,0.49677016386310663
215,0.00950153353562641,0.00950153353562641,0.015464554888766057,0.04993649267318306,0.0008778683558949366,0.057362816098129724,50,1,0.5969779367128407,0.4962874825411141,0.496937647529635
216,0.009501142062347916,0.009501142062347916,0.015472921711690023,0.050012378114849626,0.0008946500794000257,0.05717472683971163,50,1,0.5962377526266732,0.4950716130320781,0.49617929940159244
217,0.009501176125226107,0.009501176125226107,0.015472749602263495,0.05000644851830814,0.0008778683558949366,0.05698617358135777,50,1,0.5963720871093898,0.49514959928120256,0.49631770713320833
218,0.009501371878519405,0.009501371878519405,0.015461937839221193,0.049971885026094516,0.0008946500794000257,0.05679716149235095,50,1,0.5956079252703083,0.49594721761601646,0.49553463655200264
219,0.009500308635859074,0.009500308635859074,0.015444544511263291,0.049866758424241764,0.0008946500794000257,0.056607695754553065,50,1,0.5957194325721478,0.4978338553970817,0.4956495104486391
220,0.009505526556148305,0.009505526556148305,0.015421654527563507,0.049698250256824485,0.0020592108220290695,0.056417781562263056,50,1,0.596617707006962,0.5006986298833616,0.4965711610385107
221,0.009502679407073252,0.009502679407073252,0.01542794956067121,0.04976108119308404,0.0020592108220290695,0.05622742412207442,50,1,0.5959450932177668,0.49970517966856004,0.49588182451906004
222,0.009503573194730691,0.009503573194730691,0.015461408909985753,0.050031361370399735,0.0008946500794000257,0.056036628652732526,50,1,0.5938616549972813,0.49525240997508996,0.4937456770211873
223,0.009506139629899824,0.009506139629899824,0.015484657236581942,0.05020072246391084,0.0008946500794000257,0.05584540038499156,50,1,0.5927839513835891,0.4924117782788762,0.49264085640082117
224,0.009507021443862111,0.009507021443862111,0.015497606576050775,0.05027941732626559,0.0008946500794000257,0.05565374456147109,50,1,0.5926098111678475,0.4910194988962466,0.4924625869989965
225,0.009506390049071263,0.009506390049071263,0.015500914155922483,0.050276671248681785,0.0008946500794000257,0.05546166643651232,50,1,0.5932472965698049,0.49092820245773294,0.49311658769306893
226,0.009504399683151492,0.009504399683151492,0.015495741199180934,0.05020078488887495,0.0008946500794000257,0.05526917127603407,50,1,0.5946136786483015,0.4920052914320374,0.4945180211405687
227,0.009501803640878577,0.009501803640878577,0.015483574535576274,0.0500592269136652,0.0008778683558949366,0.05507626435738841,50,1,0.596634515050464,0.4941314599881274,0.4965905479777587
228,0.00950209088000535,0.00950209088000535,0.015462703195811583,0.04990309871198475,0.0008778683558949366,0.054882950969215964,50,1,0.5975749599238502,0.4967618369150071,0.49755514198040424
229,0.009506049866469456,0.009506049866469456,0.01543374553621276,0.049733907113176566,0.0020592108220290695,0.0546892364113009,50,1,0.5975450876961316,0.4998446443482116,0.4975246896210492
230,0.009501945904694732,0.009501945904694732,0.015434205100229335,0.04979376483480332,0.0020592108220290695,0.05449512599442568,50,1,0.5960520571363224,0.4990869882345592,0.4959938200273088
231,0.009504408606223418,0.009504408606223418,0.015462468485853004,0.05005890673903484,0.0008946500794000257,0.054300625040225474,50,1,0.5932458051558855,0.4948877502068944,0.49311631388722826
232,0.009507565365066618,0.009507565365066618,0.01548133892676596,0.050224445663304966,0.0008946500794000257,0.054105738881042156,50,1,0.591510870266648,0.49226219699841817,0.4913373724638024
233,0.009508992997424155,0.009508992997424155,0.015490442679326255,0.05030054367196989,0.0008946500794000257,0.053910472859778236,50,1,0.5907380306622241,0.4910497550832282,0.49054499132479923
234,0.009508868154995569,0.009508868154995569,0.015490214889107387,0.050296341849524646,0.0008946500794000257,0.053714832329750335,50,1,0.5908290329101549,0.49110598481714174,0.4906384141182358
235,0.00950734974449537,0.00950734974449537,0.015481644044990618,0.050220062820052154,0.0008946500794000257,0.053518822654542386,50,1,0.5916954910721381,0.4923009602847474,0.4915270035929287
236,0.009504580709535004,0.009504580709535004,0.015466082334715227,0.05007910299635399,0.0008946500794000257,0.053322449207858676,50,1,0.5932578960607287,0.4945178114626378,0.49312922567188594
237,0.009500689633988571,0.009500689633988571,0.015445105659801634,0.049880115585078155,0.0008946500794000257,0.053125717373376444,50,1,0.5954447242214274,0.49765141247747746,0.49537173528587897
238,0.00951002460222517,0.00951002460222517,0.015420410746093498,0.04962908527186162,0.0020592108220290695,0.05292863254459828,50,1,0.5981916352261165,0.5016072013545215,0.49818855379965804
239,0.009512148890939012,0.009512148890939012,0.01542449620443342,0.04961257449712379,0.0020592108220290695,0.05273120012470434,50,1,0.5992112227047807,0.5016815713294377,0.499234116232862
240,0.00950589318535321,0.00950589318535321,0.015453458186427429,0.04980615967463952,0.0020592108220290695,0.05253342552640416,50,1,0.598680845388393,0.49827930262606246,0.49869032009107295
241,0.0095026887282234,0.0095026887282234,0.015506814642689522,0.05018789474772323,0.0008778683558949366,0.05233531417178824,50,1,0.5967600014050902,0.49176408577032543,0.4967207436708869
242,0.009507566065529013,0.009507566065529013,0.015546976672695872,0.05050279855130545,0.0008946500794000257,0.05213687149217945,50,1,0.5941740139282768,0.4866112977422241,0.4940691349667251
243,0.009510963629127669,0.009510963629127669,0.015576453098642671,0.050714281675035354,0.0008946500794000257,0.051938102927984085,50,1,0.5926256410554772,0.4831090764379888,0.49248148875402964
244,0.009512630625193981,0.009512630625193981,0.015594869867248057,0.05083294222955677,0.0008946500794000257,0.05173901392854276,50,1,0.5920085292992172,0.4810882844464422,0.49184874632760733
245,0.00951274476027205,0.00951274476027205,0.01560267529872409,0.050868310253263,0.0008946500794000257,0.051539609951980946,50,1,0.5922270370279124,0.48039683132708183,0.49207283356917264
246,0.009511465835826094,0.009511465835826094,0.01560087716255576,0.05082895527628618,0.0008946500794000257,0.05133989646505938,50,1,0.5931951561755008,0.48089795673006125,0.4930655551774569
247,0.009508937551488178,0.009508937551488178,0.015590848568062005,0.050722583076452075,0.0008946500794000257,0.051139878943024214,50,1,0.5948355422496167,0.48246868603873094,0.4947475999593505
248,0.00950528912710683,0.00950528912710683,0.0155741854842364,0.050556122710573956,0.0008946500794000257,0.05093956286945683,50,1,0.5970786417875221,0.484998441240418,0.4970476460542544
249,0.009507386100934186,0.009507386100934186,0.015552602672589778,0.05033580479613148,0.0008778683558949366,0.050738953736123596,50,1,0.5998619074935111,0.48838779146050043,0.49990155607602943
250,0.009508164899226953,0.009508164899226953,0.015524241687556938,0.05011009436818732,0.0008778683558949366,0.05053805704282523,50,1,0.601513795993712,0.4921257615873408,0.5015953734874549
251,0.009509513410519133,0.009509513410519133,0.015489282171604966,0.049879593094037666,0.0020592108220290695,0.050336878297246035,50,1,0.602150680607191,0.49617563750667587,0.5022484314621064
252,0.009508214141307892,0.009508214141307892,0.015483002525328258,0.049876652048846115,0.0020592108220290695,0.05013542301480299,50,1,0.6013046439526741,0.4964164850474666,0.5013809563698678
253,0.009505012502428628,0.009505012502428628,0.015502804931077498,0.050077410527928565,0.0008778683558949366,0.049933696718494416,50,1,0.5991293172659402,0.49324810687309456,0.4991505018096316
254,0.009503032035145685,0.009503032035145685,0.015511575694198618,0.05023026330757586,0.0008946500794000257,0.049731704938748615,50,1,0.5963328240145711,0.4910883125661924,0.49628314282985647
255,0.009505312526230847,0.009505312526230847,0.01551269446286987,0.05029768546515785,0.0008946500794000257,0.04952945321327227,50,1,0.5945801228566665,0.49025062986517515,0.49448603476369263
256,0.009506005359190607,0.009506005359190607,0.015506125033171558,0.050288503215891914,0.0008946500794000257,0.04932694708689859,50,1,0.5937636681238583,0.4905984011643401,0.4936489011836961
257,0.009505274697195622,0.009505274697195622,0.01549245663222674,0.05021065068822131,0.0008946500794000257,0.049124192111435344,50,1,0.593786781465198,0.4920087817127682,0.4936726091882104
258,0.009503268112036438,0.009503268112036438,0.015472700798784591,0.05007126004470892,0.0008946500794000257,0.0489211938455126,50,1,0.5945625544604339,0.4943713441058254,0.49446804409687706
259,0.009500118260263559,0.009500118260263559,0.015448140286252654,0.04987674251875093,0.0008946500794000257,0.04871795785443035,50,1,0.5960128618020459,0.49758682345411726,0.49595509753043987
260,0.009509717187676568,0.009509717187676568,0.015420217270393234,0.04963286128063837,0.0020592108220290695,0.048514489710005965,50,1,0.5980674739317556,0.5015659890819818,0.49806175747727877
261,0.009510979819097688,0.009510979819097688,0.015420083423578054,0.04961400749666621,0.0020592108220290695,0.04831079499042141,50,1,0.5985193568361279,0.501808705802777,0.4985250877387225
262,0.0095042922789533,0.0095042922789533,0.015444278874060724,0.0497964845816067,0.0020592108220290695,0.048106879280070285,50,1,0.5975349998934761,0.4987089449997688,0.49751582188246757
263,0.009503399796346648,0.009503399796346648,0.01549240534979723,0.050159014342405724,0.0008946500794000257,0.047902748169404846,50,1,0.5952640276528939,0.4926204428310753,0.49518739724376587
264,0.00950697111272535,0.00950697111272535,0.0155301685784113,0.05041615460224291,0.0008946500794000257,0.04769840725478258,50,1,0.5939699334728461,0.48823176546939795,0.49386056940672624
265,0.009508849472957479,0.009508849472957479,0.015557061963733158,0.05057879765040244,0.0008946500794000257,0.04749386213831288,50,1,0.5935515596191343,0.4853672750503944,0.4934316165283493
266,0.009509210432827955,0.009509210432827955,0.015573408925421982,0.050656731776473486,0.0008946500794000257,0.04728911842770346,50,1,0.5939179939450446,0.48386913727714537,0.49380732231077756
267,0.0095082117590669,0.0095082117590669,0.015580097348370278,0.05065875306429103,0.0008946500794000257,0.047084181736106547,50,1,0.5949875328734205,0.4835955184805979,0.4949039126467278
268,0.009505995230764933,0.009505995230764933,0.015578383756203008,0.050592765890297854,0.0008946500794000257,0.04687905768196508,50,1,0.5966867491116475,0.48441896485776975,0.49664609966019485
269,0.009506986722463253,0.009506986722463253,0.015569749832189936,0.050465873264969915,0.0008778683558949366,0.046673751888858625,50,1,0.5989496535467296,0.4862249455224087,0.49896622232109705
270,0.009507707750999132,0.009507707750999132,0.01555277230031288,0.05032547350696925,0.0008778683558949366,0.0464682699853492,50,1,0.6001673485605673,0.48850798985031896,0.500214703908621
271,0.009507194957506874,0.009507194957506874,0.015528016642487145,0.05017301069277399,0.0008778683558949366,0.046262617604826986,50,1,0.6004484425001637,0.49121778809240796,0.5005029051917464
272,0.009505577136560785,0.009505577136560785,0.01549617722181737,0.050009782817190936,0.0008778683558949366,0.046056800385355874,50,1,0.5998905250101016,0.4943091269119498,0.4999308886535589
273,0.009504873454941146,0.009504873454941146,0.015458022963938826,0.049836956595565224,0.0020592108220290695,0.04585082396951892,50,1,0.5985812841472623,0.4977413728354217,0.4985885639839441
274,0.009500087079516937,0.009500087079516937,0.01544820044720673,0.04987556758902621,0.0008810989117404563,0.04564469400426362,50,1,0.5960537782672167,0.4975991063315325,0.4959972117866846
275,0.00950214669749288,0.00950214669749288,0.015431727789318056,0.049863750435854115,0.0008946500794000257,0.04543841614074706,50,1,0.5929805574882561,0.4983229926217026,0.49441542632185487
276,0.009503913791804368,0.009503913791804368,0.015410276358870805,0.0497866951604844,0.0013546315720260002,0.045231996034181106,50,1,0.5909462027166005,0.5000204985007587,0.4937383176580467
277,0.009504441388376457,0.009504441388376457,0.01541843495139356,0.04986931416131931,0.0008946500794000257,0.04502543934367723,50,1,0.5893007574513041,0.4987444539506828,0.4933159319896134
278,0.00950470109411752,0.00950470109411752,0.015418780746543329,0.04987741195744333,0.0008946500794000257,0.04481875173209146,50,1,0.5885446223305464,0.49864053754355747,0.49367594541861815
279,0.009504618098841792,0.009504618098841792,0.01541203845695933,0.049818790315926224,0.0006698485185635091,0.04461193886586907,50,1,0.5885849657507959,0.49958601427835647,0.4947363824328271
280,0.009504113654151528,0.009504113654151528,0.015416045505235766,0.049808612902274875,0.0011858096461643583,0.04440500641488925,50,1,0.5893003792188497,0.49956434186313353,0.4959113637011894
281,0.009502998997054772,0.009502998997054772,0.015428202579038871,0.04986185153042809,0.0006698485185635091,0.04419796005230967,50,1,0.5906198131555574,0.4984814010565777,0.49564327717840195
282,0.009502616115433448,0.009502616115433448,0.01544920613132719,0.04995184858421725,0.0008946500794000257,0.04399080545441097,50,1,0.5924797071149366,0.4966437659899661,0.49562447517149927
283,0.009501487446516632,0.009501487446516632,0.015461365081181466,0.04996744089136868,0.0008810989117404569,0.04378354830044107,50,1,0.5948605295591931,0.4960220094866054,0.4963369982569089
284,0.009501509511893332,0.009501509511893332,0.01546443218336768,0.04993631761043592,0.0008778683558949366,0.04357619427245956,50,1,0.5977067630941618,0.49629476450943927,0.4961713362204833
285,0.009503316442118864,0.009503316442118864,0.015458081663863536,0.04988299334429799,0.0011858096461643576,0.04336874905518186,50,1,0.5994779124114483,0.49717469220308674,0.495219608111026
286,0.0095035666884921,0.0095035666884921,0.015460889058647906,0.04989635788792685,0.0011858096461643576,0.04316121833582338,50,1,0.599794903802841,0.4969155513365098,0.4950502988090303
287,0.009502701452366334,0.009502701452366334,0.015471842626146646,0.04996939048558924,0.0008810989117404563,0.04295360780394363,50,1,0.5988107391851782,0.49563724474922954,0.4955812541656474
288,0.009501844476690988,0.009501844476690988,0.015473826125042901,0.049990101109784885,0.0008778683558949366,0.04274592315129022,50,1,0.5971512043517571,0.4953114250864264,0.4967768041854934
289,0.009502042574216088,0.009502042574216088,0.015466512079617587,0.04998358776412351,0.0008810989117404569,0.04253817007164282,50,1,0.594887765478745,0.4956468554175703,0.49705575153765236
290,0.00950197417053203,0.00950197417053203,0.015452050317868171,0.04993340076725203,0.0008810989117404569,0.04233035426065703,50,1,0.5935537661937632,0.4967643926962957,0.4965146268687127
291,0.009501897688203526,0.009501897688203526,0.015431140671422065,0.04984415702867184,0.0006698485185635091,0.042122481415708304,50,1,0.5930517820439816,0.49858128172814403,0.49523998489895016
292,0.009502663037556487,0.009502663037556487,0.015422167431318056,0.04980509205471837,0.0013546315720260002,0.0419145572357357,50,1,0.593257716099761,0.49937053614296717,0.49431176884698363
293,0.009502671342425361,0.009502671342425361,0.015440168843073806,0.049914975975943715,0.0008946500794000257,0.04170658742108563,50,1,0.5936154786111945,0.4974052079266722,0.49365623767590566
294,0.009502464876455787,0.009502464876455787,0.015449773389412773,0.049950490272533586,0.0008946500794000257,0.041498577673355595,50,1,0.5946254149275776,0.4966361198177943,0.4937745377508995
295,0.0095011915521169,0.0095011915521169,0.01545186554586663,0.049919476927202694,0.0008810989117404563,0.04129053369523796,50,1,0.5962183568474874,0.49693718803423875,0.4945849676685146
296,0.00950112915409158,0.00950112915409158,0.015446176299048747,0.04984793313738911,0.0020592108220290695,0.04108246119036345,50,1,0.5968896503961237,0.4980083078418061,0.49601403583780057
297,0.009500852351315245,0.009500852351315245,0.01546407576385014,0.04996474845906552,0.0008810989117404563,0.04087436586314488,50,1,0.5962247318126169,0.49595900785494995,0.4959966100004205
298,0.009502126931269134,0.009502126931269134,0.015472651992559618,0.050026146949774065,0.0008810989117404569,0.040666253418620776,50,1,0.5948752556799846,0.49491568422531834,0.49667839534699787
299,0.009502372669410808,0.009502372669410808,0.015472618114480061,0.050038187493485695,0.0008810989117404569,0.040458129562298925,50,1,0.5943425461363134,0.4947722967093842,0.49652037911929797
300,0.009502148399439967,0.009502148399439967,0.015464805717623077,0.05000608973726157,0.0008946500794000257,0.04025,50,1,0.5945403766790032,0.4954336461246127,0.49561149935489884
301,0.009500984305133327,0.009500984305133327,0.015451416279277767,0.04991568222333505,0.0008946500794000257,0.04004187043770108,50,1,0.595391461614547,0.49699797251486827,0.4954869435616674
302,0.009503199394373453,0.009503199394373453,0.01543339399304052,0.049773180411959474,0.0020592108220290695,0.03983374658137923,50,1,0.5968262919055045,0.4993689483576758,0.49606367652644906
303,0.009501962776049224,0.009501962776049224,0.015439587590929066,0.04982271656225847,0.0017402578652572656,0.03962563413685513,50,1,0.5968708412009145,0.4985461582116525,0.49530704203560383
304,0.009502169743254974,0.009502169743254974,0.015469068338775331,0.050024963910856445,0.0008946500794000257,0.03941753880963657,50,1,0.5956729669520131,0.49505543738295577,0.494799363327891
305,0.009503354842103864,0.009503354842103864,0.015489566206284108,0.050145669473430264,0.0008946500794000257,0.03920946630476203,50,1,0.5952629924781195,0.49288089810392915,0.4950254589343638
306,0.009503237449311391,0.009503237449311391,0.015501559907805667,0.0501934497025073,0.0008946500794000257,0.03900142232664439,50,1,0.5955574361239254,0.4918835340087269,0.49590734487067273
307,0.009502897772483683,0.009502897772483683,0.015505917780504006,0.05017603808425951,0.0008810989117404569,0.03879341257891439,50,1,0.596481365439898,0.4919385846114567,0.49737502237264525
308,0.009503791673996427,0.009503791673996427,0.015502391327510454,0.05011876668494246,0.0008778683558949366,0.03858544276426431,50,1,0.597967400378961,0.49275507610015123,0.49794481644340927
309,0.009503598750682645,0.009503598750682645,0.015490640018919479,0.050044011147838144,0.0008778683558949366,0.038377518584291705,50,1,0.598574699556351,0.4940733314666718,0.4977118738580748
310,0.009502394239969472,0.009502394239969472,0.0154714919801958,0.049953660512948056,0.0008778683558949366,0.03816964573934298,50,1,0.5983965278388687,0.495839454412546,0.4967617131239882
311,0.009501913821614324,0.009501913821614324,0.015445796609057977,0.049849410351229556,0.0011858096461643576,0.0379618299283572,50,1,0.597516586752871,0.4980050707868109,0.49517108492600137
312,0.009501838150909343,0.009501838150909343,0.015430680243333597,0.04981197606929543,0.0013546315720260002,0.037754076848709794,50,1,0.5955587968596214,0.49898693501465363,0.49437406424052
313,0.009502413209871375,0.009502413209871375,0.01544147034645388,0.04991334751373185,0.0008946500794000257,0.037546392196056384,50,1,0.5939647889967811,0.49737815164594695,0.4938251187516248
314,0.009502996478135737,0.009502996478135737,0.015445162928466457,0.04994552669640373,0.0008946500794000257,0.037338781664176646,50,1,0.5931788026674443,0.49686069503366664,0.49399273378374164
315,0.00950237744001672,0.00950237744001672,0.015442325130748275,0.04991588827202626,0.0008946500794000257,0.037131250944818166,50,1,0.5931149591651743,0.4973182391904594,0.4948003874640597
316,0.009501712018925343,0.009501712018925343,0.015433820005972109,0.049831049370502256,0.0011858096461643583,0.036923805727540455,50,1,0.5936961978510876,0.498646407991889,0.4961794138445842
317,0.009501914268591144,0.009501914268591144,0.015433915318954031,0.049810211340362134,0.0017402578652572656,0.03671645169955895,50,1,0.594819544648588,0.4988959105480962,0.49623914611059694
318,0.009501128323647582,0.009501128323647582,0.015456473126767437,0.049941471217132244,0.0008946500794000257,0.036509194545589055,50,1,0.595985212601176,0.49650795047698143,0.49508643513929634
319,0.009502643844544374,0.009502643844544374,0.01547097963752726,0.05000159362296294,0.0008810989117404563,0.03630203994769035,50,1,0.597661437296385,0.4952737539525774,0.4947002036491501
320,0.009503107620802786,0.009503107620802786,0.015476897074565286,0.05001553536596257,0.0008810989117404563,0.036094993585110785,50,1,0.5984681838534127,0.4948994314866933,0.49499848931500584
321,0.009502488567687388,0.009502488567687388,0.015475092357028881,0.04998823562149652,0.0008810989117404563,0.035888061134130955,50,1,0.5984981964291545,0.49529306613571666,0.4959078780067515
322,0.009502251065376823,0.009502251065376823,0.015466521467878443,0.049924125484501175,0.0008778683558949366,0.03568124826790856,50,1,0.5978346784551158,0.4963721964779539,0.4973625055175145
323,0.009502521205680061,0.009502521205680061,0.015450745495510364,0.04984453529605075,0.0020592108220290695,0.03547456065632279,50,1,0.5965521573282404,0.4978940689518619,0.4979611899103822
324,0.009502164858113508,0.009502164858113508,0.015457297518945241,0.04993659436425713,0.0008810989117404569,0.03526800396581891,50,1,0.5942540554009373,0.4965416863312314,0.4973199587175085
325,0.009502520998767229,0.009502520998767229,0.015456429108523153,0.049980186640230205,0.0008946500794000257,0.03506158385925296,50,1,0.5928101869184076,0.4960463007745065,0.496045958631753
326,0.009502928171596942,0.009502928171596942,0.015449874896930572,0.04996336297536656,0.0008946500794000257,0.034855305995736406,50,1,0.5921296140512289,0.49648267857132966,0.4955331894891505
327,0.009502205411874395,0.009502205411874395,0.015438159154106424,0.04989262692750639,0.0008946500794000257,0.034649176030481094,50,1,0.5921306531395903,0.49775042220332605,0.49570010818587024
328,0.00950365575682242,0.00950365575682242,0.015422054509848565,0.04977381171431612,0.0017402578652572656,0.034443199614644156,50,1,0.5927400374320951,0.499759482952525,0.4964735739890913
329,0.009502120620736543,0.009502120620736543,0.015428984501868958,0.04981050467097001,0.0017402578652572656,0.03423738239517304,50,1,0.5934377472933985,0.49906636089403866,0.4960134241327325
330,0.009502660168019643,0.009502660168019643,0.01545669228400995,0.04998571468415848,0.0008946500794000257,0.03403173001465083,50,1,0.5942139587196446,0.49596648296937695,0.4944529603030619
331,0.009503350822782424,0.009503350822782424,0.01547613684032622,0.05008808637298726,0.0008946500794000257,0.0338262481111414,50,1,0.5955103244044792,0.49404900215478753,0.49367032975229724
332,0.00950384978642764,0.00950384978642764,0.015487899511660443,0.05012542444967921,0.0008810989117404563,0.033620942318034926,50,1,0.5972701754923938,0.49318733495399253,0.49358209853651547
333,0.009504136667379813,0.009504136667379813,0.015491660165804557,0.05012114996772249,0.0008810989117404563,0.033415818263893476,50,1,0.5981878707599407,0.49310661142594525,0.49411332991140733
334,0.009503414926836635,0.009503414926836635,0.01548827271849007,0.05007975532066271,0.0008810989117404563,0.03321088157229657,50,1,0.5983538247575823,0.49372260086142616,0.4951969363168348
335,0.00950235664930765,0.00950235664930765,0.015478653135650847,0.05000526899092316,0.0008778683558949366,0.03300613786168714,50,1,0.597849114305374,0.49495977101056843,0.4967727563127515
336,0.009501641332435525,0.009501641332435525,0.015462442273311337,0.04991769030824238,0.0008778683558949366,0.03280159274521745,50,1,0.5967463320683569,0.49659122865917515,0.497517809660578
337,0.00950266125326913,0.00950266125326913,0.015440342483715081,0.049818477378760245,0.0017402578652572656,0.032597251830595184,50,1,0.5951106805873594,0.49857355368415257,0.4975215254481792
338,0.009501534569733735,0.009501534569733735,0.015441020028188795,0.04986694137522081,0.0011858096461643583,0.03239312071992973,50,1,0.5937908710865292,0.4979575044540781,0.4964168974128995
339,0.00950297168044527,0.00950297168044527,0.015448799628953529,0.04996044188623619,0.0008946500794000257,0.03218920500957863,50,1,0.5931573289199115,0.4965521147732361,0.49435618004990006
340,0.009503841720359252,0.009503841720359252,0.015450461152543157,0.04999178064527468,0.0008946500794000257,0.03198551028999406,50,1,0.5931667783227584,0.4961185070616321,0.49310130924903545
341,0.009503600232232982,0.009503600232232982,0.015446423913613061,0.04996768113910949,0.0008946500794000257,0.031782042145569685,50,1,0.5937495555680323,0.4965515295899455,0.4925656309549162
342,0.00950236788331391,0.00950236788331391,0.015437367820120987,0.049894170763771326,0.0008946500794000257,0.031578806154487424,50,1,0.594843205436693,0.49775691784347814,0.49267145971161735
343,0.009503339181910767,0.009503339181910767,0.015424133643523335,0.049776652763102405,0.0017402578652572656,0.031375807888564665,50,1,0.5963917365737207,0.49965016929140954,0.4933491521450786
344,0.009502666524326272,0.009502666524326272,0.015432288759498192,0.04980459931360618,0.0017402578652572656,0.031173052913101428,50,1,0.5967275123884151,0.4990230845977776,0.4941013018210785
345,0.009501394709285417,0.009501394709285417,0.015459487938276653,0.049961973627255706,0.0008946500794000257,0.030970546786727744,50,1,0.5959823561544749,0.49615375387254146,0.4949194302072308
346,0.009501651095157626,0.009501651095157626,0.015478824189894236,0.05005206337502654,0.0008946500794000257,0.030768295061251408,50,1,0.5958755493185656,0.4943844807605539,0.4962267551904971
347,0.009502645005703718,0.009502645005703718,0.015490983050373044,0.05008214188398734,0.0008810989117404569,0.030566303281505596,50,1,0.5963377339756768,0.49359650260837884,0.49796936489752863
348,0.009503720471227278,0.009503720471227278,0.015495623731435813,0.050074186526859896,0.0008778683558949366,0.030364576985197022,50,1,0.5973066399201402,0.493533409383865,0.4989001794646607
349,0.009503854263430467,0.009503854263430467,0.015492496187382432,0.05004755042463146,0.0008778683558949366,0.03016312170275397,50,1,0.5975628233513267,0.4939670733998432,0.4991069896437107
350,0.009503107184703466,0.009503107184703466,0.01548241450400524,0.05000428290574613,0.0008778683558949366,0.0299619429571748,50,1,0.5971838092084699,0.49484314135896756,0.4986685818347835
351,0.009501575705826007,0.009501575705826007,0.01546618305023376,0.04994622070523497,0.0008778683558949366,0.029761046263876424,50,1,0.5962390758251144,0.4961128994448245,0.49765556469878014
352,0.009500710132359171,0.009500710132359171,0.01544457947838502,0.04987500997903359,0.0008810989117404569,0.029560437130543196,50,1,0.5947908884611555,0.4977326892787179,0.49613121629696844
353,0.009503171017845733,0.009503171017845733,0.01541929323912865,0.049777228138736994,0.0013546315720260002,0.029360121056975805,50,1,0.594035301682064,0.4998095560861594,0.4941523467420114
354,0.009503187011405166,0.009503187011405166,0.015416752435778147,0.04980135875071358,0.0013546315720260002,0.029160103534940626,50,1,0.5934935236177673,0.49960871314550825,0.4925186005548786
355,0.009504222052148138,0.009504222052148138,0.015434629370475952,0.04993388953739354,0.0008946500794000257,0.028960390048019077,50,1,0.5931425152885996,0.497382376476638,0.49119322527351367
356,0.009505060776259927,0.009505060776259927,0.015445694080577374,0.05000426956997541,0.0008946500794000257,0.02876098607145724,50,1,0.5933611208901952,0.4961488677599267,0.4905527826861402
357,0.009504870647645616,0.009504870647645616,0.015450436769516239,0.05001926500998861,0.0008946500794000257,0.02856189707201592,50,1,0.5940868670859255,0.4958001540436609,0.4905226812146227
358,0.009503764508960249,0.009503764508960249,0.015449565185465834,0.04998493778527775,0.0008946500794000257,0.028363128507820554,50,1,0.595263778836624,0.49623944747123266,0.49103608924924463
359,0.00950271118069102,0.00950271118069102,0.015443916552477647,0.04990671872141558,0.0008810989117404563,0.028164685828211765,50,1,0.5968417049040613,0.49738003745784487,0.4920331296500117
360,0.009503646760340006,0.009503646760340006,0.015433246198778417,0.04980381495069811,0.0017402578652572656,0.027966574473595837,50,1,0.5976768266096064,0.4990036579412435,0.4934600583251497
361,0.009502293309747651,0.009502293309747651,0.015441935472658793,0.049833334946631204,0.0017402578652572656,0.027768799875295656,50,1,0.5974613314346471,0.49833627937078767,0.4948703439716995
362,0.009500959432563547,0.009500959432563547,0.015467909223531449,0.04998051318897007,0.0008778683558949366,0.027571367455401716,50,1,0.5963109913551253,0.49563360000140905,0.4962649557982368
363,0.009502864591323537,0.009502864591323537,0.015484793290237947,0.05009420884353373,0.0008810989117404569,0.027374282626623555,50,1,0.594713637810761,0.49366824783555585,0.49693098105909717
364,0.00950383182768175,0.00950383182768175,0.015494283730017839,0.050164013564378086,0.0008810989117404569,0.027177550792141313,50,1,0.5937939344482929,0.49249775381010874,0.49694824330146764
365,0.009503999633008105,0.009503999633008105,0.015496991820049573,0.050194714657597374,0.0008946500794000257,0.026981177345457595,50,1,0.5934778876740109,0.49203535956488126,0.49638814291781136
366,0.009503723187650777,0.009503723187650777,0.015494509812863481,0.05017658057109562,0.0008946500794000257,0.026785167670249663,50,1,0.5936993166716058,0.4923391321289509,0.49640391460058303
367,0.009503169825557463,0.009503169825557463,0.01548747181837728,0.05011500883956426,0.0008810989117404569,0.02658952714022176,50,1,0.5943988522884706,0.49332436730511,0.4969320862503276
368,0.009501935103149908,0.009501935103149908,0.015475595710259199,0.05002868901871583,0.0008810989117404569,0.026394261118957853,50,1,0.5955232297403529,0.4947810508769269,0.49683895547620466
369,0.009501013894806669,0.009501013894806669,0.015459588407931879,0.04992040893369107,0.0008778683558949366,0.026199374959774525,50,1,0.5970248389337222,0.49665619548360324,0.49619316220963827
370,0.009503243620500047,0.009503243620500047,0.015439055508667207,0.04980620215094876,0.0017402578652572656,0.026004874005574323,50,1,0.597822888064508,0.4987697558480555,0.4950560814171459
371,0.009503014157654163,0.009503014157654163,0.015437791775142389,0.04981872211933995,0.0017402578652572656,0.025810763588699114,50,1,0.5976275157493995,0.4986610031833272,0.49416428241356325
372,0.00950210199309481,0.00950210199309481,0.015453756777676046,0.04994374967745754,0.0008810989117404563,0.02561704903078406,50,1,0.5965489604073345,0.49657931249884835,0.4934912499216389
373,0.00950312891048375,0.00950312891048375,0.015462874482119556,0.05002518302819353,0.0008946500794000257,0.0254237356426116,50,1,0.5950484425259567,0.4952743711889762,0.4933853327099079
374,0.009503613896692598,0.009503613896692598,0.015466567790915509,0.05005458863110828,0.0008946500794000257,0.025230828723965926,50,1,0.5941870650910666,0.49479033412067946,0.49378388566340803
375,0.009503200028024452,0.009503200028024452,0.015465312864291,0.050037717052272127,0.0008946500794000257,0.025038333563487683,50,1,0.5938945798170858,0.4950364707406513,0.4946307274010168
376,0.009501987316244744,0.009501987316244744,0.015459734987910348,0.04997971653093912,0.0008946500794000257,0.02484625543852891,50,1,0.5941080931557616,0.4959315544975591,0.49587555804786904
377,0.009501761046259188,0.009501761046259188,0.015450543661203693,0.04988519588909058,0.0011858096461643583,0.024654599615008436,50,1,0.5947712984517588,0.49740287013981377,0.4974733452191536
378,0.009502291756010417,0.009502291756010417,0.01544802102592641,0.049840943001245905,0.0017402578652572656,0.02446337134726747,50,1,0.5958088306508441,0.4980326787674449,0.4980342396354737
379,0.009501746342540722,0.009501746342540722,0.015461962186695816,0.049910472488203156,0.0008778683558949366,0.024272575877925598,50,1,0.5968534914908449,0.4966965067154241,0.49764800579399937
380,0.009501729624176097,0.009501729624176097,0.015468415258504021,0.04995642522375627,0.0008778683558949366,0.024082218437736946,50,1,0.5972746585464883,0.4959102459660402,0.496776512777437
381,0.009501798437947642,0.009501798437947642,0.01546821741818435,0.04998139224214551,0.0008810989117404563,0.02389230424544694,50,1,0.597141452151187,0.49561325202064976,0.49547441417197396
382,0.009501693967617523,0.009501693967617523,0.015462982745107674,0.049974990104982214,0.0008810989117404563,0.023702838507649062,50,1,0.5965158239935942,0.49587410483235894,0.4947790622192655
383,0.009501588781241474,0.009501588781241474,0.015453248969261806,0.049940721657483554,0.0008946500794000257,0.023513826418642254,50,1,0.5954531363781754,0.4966304047259304,0.4946233121783829
384,0.009501020940844871,0.009501020940844871,0.015440400084037484,0.0498693301505232,0.0008946500794000257,0.023325273160288363,50,1,0.5949546002891951,0.4979475348086635,0.4949471566136864
385,0.009502783277974287,0.009502783277974287,0.015424919441774721,0.04976501668727244,0.0013546315720260002,0.02313718390187026,50,1,0.5949575899110626,0.49976184157336373,0.4956968053726065
386,0.00950325615742068,0.00950325615742068,0.015427537648175805,0.049763627253505534,0.0017402578652572656,0.022949563799949987,50,1,0.5950718551500697,0.4996888012808572,0.4964815062693433
387,0.009500651357796866,0.009500651357796866,0.015445193445039172,0.049865779865675315,0.0011858096461643583,0.022762417998227372,50,1,0.5952847960820575,0.49782366374771175,0.4963400536778456
388,0.009501509879615998,0.009501509879615998,0.015466363297264299,0.049994756518424825,0.0008946500794000257,0.022575751627399145,50,1,0.5958917098002972,0.49551502467773595,0.4954003489937131
389,0.009502512398847066,0.009502512398847066,0.015481408023580704,0.050070692143676335,0.0008810989117404563,0.02238956980501812,50,1,0.5968712540268364,0.4940701474115783,0.4950081758342242
390,0.009503014352176925,0.009503014352176925,0.015490031173739767,0.05011137750149831,0.0008810989117404563,0.02220387763535302,50,1,0.5972664296385407,0.49327690031019295,0.4951023728741106
391,0.00950275366639872,0.00950275366639872,0.01549288739747735,0.05012073684028608,0.0008810989117404563,0.022018680209248482,50,1,0.5971425022605192,0.4930627711902592,0.49562830277634823
392,0.009501967279628203,0.009501967279628203,0.015490654383815177,0.050102280935656635,0.0008778683558949366,0.02183398260398551,50,1,0.5965578612086911,0.49336288806764295,0.49653708415335857
393,0.009502244489612614,0.009502244489612614,0.015483148385902592,0.05007093693294029,0.0008810989117404569,0.021649789883142218,50,1,0.5955646624559465,0.49400531966878697,0.4968669077914778
394,0.009501951829255405,0.009501951829255405,0.015471699320409454,0.05001660793390225,0.0008810989117404569,0.02146610709645511,50,1,0.5950991030094995,0.4950641703321539,0.4966827176378897
395,0.009501098153497903,0.009501098153497903,0.01545678000924434,0.049941924639192885,0.0008946500794000257,0.021282939279680568,50,1,0.5951021681391463,0.4964917188131413,0.496042525446616
396,0.009500797595574439,0.009500797595574439,0.01543972477413878,0.049837703729734326,0.0013546315720260002,0.021100291454456816,50,1,0.5955211476944691,0.4983567380872011,0.49589703574831656
397,0.009500908675408558,0.009500908675408558,0.015439765638753199,0.04982958068956277,0.0017402578652572656,0.02091816862816626,50,1,0.5959990143834171,0.49845479765200923,0.4958730481817043
398,0.009500654999747477,0.009500654999747477,0.015454105851318858,0.04991781169285968,0.0008946500794000257,0.020736575793798156,50,1,0.5956642256531374,0.49687804791009893,0.49595680718295204
399,0.009501065188727,0.009501065188727,0.01546326385089856,0.04996001222614503,0.0008810989117404569,0.02055551792981182,50,1,0.5957724006833648,0.49604509541535063,0.4964491767512776
400,0.00950099283804418,0.00950099283804418,0.015466936573666776,0.04997255538795399,0.0008778683558949366,0.020374999999999997,50,1,0.5962733138379923,0.4957643299853876,0.496430271146228
401,0.009500940369306696,0.009500940369306696,0.015464985087525543,0.0499697774678663,0.0008810989117404563,0.020195026953352995,50,1,0.5962764623607398,0.49586615020292224,0.49595787549376363
402,0.009500802832052435,0.009500802832052435,0.015458841862949626,0.049942378592260944,0.0008946500794000257,0.020015603723922745,50,1,0.5958382797819788,0.4964137247792108,0.49594418051669587
403,0.00950038856399681,0.00950038856399681,0.015449770703870493,0.04988234591287669,0.0008810989117404569,0.019836735230687755,50,1,0.5958422813137925,0.4974618027368121,0.4963372979641773
404,0.009502003514962127,0.009502003514962127,0.015437382085679519,0.04980430315349641,0.0020592108220290695,0.019658426377418086,50,1,0.5962382459433063,0.4988477610569607,0.4962431228201266
405,0.009500875841986875,0.009500875841986875,0.01543901917869253,0.04983599651760298,0.0013546315720260002,0.01948068205254104,50,1,0.5958687527675867,0.4984021746731379,0.4954177777124648
406,0.009501455035703044,0.009501455035703044,0.015454780538299469,0.04994350283337184,0.0008946500794000257,0.01930350712900707,50,1,0.5956354650597399,0.4965427936191194,0.4947797487406724
407,0.00950201622567193,0.00950201622567193,0.015465442017900566,0.050005076079082215,0.0008946500794000257,0.019126906464156206,50,1,0.5958106503201369,0.49542344300167995,0.4946030734058166
408,0.009501937567687545,0.009501937567687545,0.015471446438411812,0.05002589334853631,0.0008810989117404563,0.018950884899584897,50,1,0.5963476699147999,0.49496081837386335,0.49483540135576876
409,0.009501654044965883,0.009501654044965883,0.015472606671061677,0.05002091191232911,0.0008810989117404563,0.01877544726101322,50,1,0.5964092393921395,0.4949796520393993,0.49542986602875055
410,0.009501110964596549,0.009501110964596549,0.015469511487642416,0.0499930782312167,0.0008810989117404569,0.01860059835815269,50,1,0.5960495193991335,0.49542502226845414,0.49634464976277465
411,0.00950097980615929,0.00950097980615929,0.015462644088139382,0.04994514390628925,0.0008810989117404569,0.01842634298457426,50,1,0.5960999386008886,0.4962478423343283,0.49673970590850686
412,0.009500763505944664,0.009500763505944664,0.015452460131587185,0.04987944878058624,0.0008778683558949366,0.01825268591757708,50,1,0.596513607636461,0.49740424339858,0.49667405210518634
413,0.009502056923836702,0.009502056923836702,0.015438653562870705,0.049808087285892685,0.0020592108220290695,0.018079631918057323,50,1,0.5964779818580352,0.4987574193942841,0.49620036070577356
414,0.009500929149963134,0.009500929149963134,0.01543813990587237,0.04983867399683169,0.0013546315720260002,0.017907185730377823,50,1,0.595772618379609,0.49840016275067395,0.4950871251882539
415,0.009501887200546203,0.009501887200546203,0.015451020800534327,0.04993957306499605,0.0008946500794000257,0.01773535208223791,50,1,0.5952329871894765,0.49672322265108915,0.4941856300337372
416,0.009502680486135477,0.009502680486135477,0.01545935991262503,0.04999764377751903,0.0008946500794000257,0.01756413568454385,50,1,0.595108173042942,0.49572903292386705,0.4937467411907508
417,0.009502763228299786,0.009502763228299786,0.015463518429146101,0.05001774948493435,0.0008946500794000257,0.017393541231279685,50,1,0.5953506937365614,0.49534012101732294,0.4937177861592069
418,0.009502216991584983,0.009502216991584983,0.015463948449558944,0.05000423501887531,0.0008946500794000257,0.01722357339937852,50,1,0.5959181275708245,0.495487274786338,0.49405170592293757
419,0.009501785816646452,0.009501785816646452,0.015461150388594668,0.0499609817084269,0.0008810989117404563,0.01705423684859434,50,1,0.5967725766693525,0.49610866598415626,0.494706459594568
420,0.009501129961812257,0.009501129961812257,0.01545492432487749,0.049900884934156675,0.0008810989117404563,0.016885536221374203,50,1,0.59715308095159,0.4970571586679774,0.4956444262650035
421,0.009502581483945545,0.009502581483945545,0.015445738469510216,0.04982594400795277,0.0020592108220290695,0.016717476142731027,50,1,0.5971138760923511,0.4982941383976478,0.4968320679915703
422,0.00950179091944916,0.00950179091944916,0.015448547699706662,0.04984707920989894,0.0020592108220290695,0.01655006122011677,50,1,0.596449121613709,0.4979372810789356,0.49724607840626817
423,0.009501601732025232,0.009501601732025232,0.015462041258091995,0.0499530136458756,0.0008810989117404569,0.01638329604329612,50,1,0.5952318486513302,0.4961738929782611,0.496975548292655
424,0.009502121266657157,0.009502121266657157,0.015470558047505831,0.05002690587153192,0.0008810989117404569,0.016217185184220606,50,1,0.5944790421670176,0.49498045878090263,0.4963560673748696
425,0.009503026819040666,0.009503026819040666,0.015474553012400354,0.0500723882113634,0.0008946500794000257,0.01605173319690337,50,1,0.5941377417078649,0.49429224511644376,0.4954286264415906
426,0.009503349529081969,0.009503349529081969,0.015475078955879068,0.05008366157805575,0.0008946500794000257,0.0158869446172942,50,1,0.5941607139100598,0.49413853212802894,0.49493691249657357
427,0.00950306452997897,0.00950306452997897,0.015472487846127115,0.05006468186163011,0.0008946500794000257,0.015722823963155236,50,1,0.5945057206004883,0.49445748039667975,0.49483092983691634
428,0.00950224264024683,0.00950224264024683,0.015467183319576923,0.05001898098773049,0.0008946500794000257,0.015559375733937168,50,1,0.5951350484605111,0.49519387856191904,0.49506603788852527
429,0.009500947085544883,0.009500947085544883,0.015459591736223403,0.049949712097037864,0.0008946500794000257,0.015396604410655722,50,1,0.5960150270504626,0.49629843696210285,0.49560238075076424
430,0.009501298568730282,0.009501298568730282,0.0154501416778785,0.04985968992707604,0.0020592108220290695,0.015234514455768972,50,1,0.5971155979935657,0.4977271562881786,0.49640437729377357
431,0.00950169665798964,0.00950169665798964,0.015451934542315821,0.04986044662296156,0.0020592108220290695,0.015073110313054888,50,1,0.5975159675828663,0.49765653330139087,0.49652402992588335
432,0.009501327845973401,0.009501327845973401,0.015463561547591018,0.049941250492955565,0.0008810989117404563,0.014912396407489585,50,1,0.5972974562262342,0.4962640982191484,0.4960408898569764
433,0.009501440651721968,0.009501440651721968,0.015470639770762558,0.04999424477736642,0.0008810989117404563,0.014752377145125976,50,1,0.5967627704294358,0.4953717344352461,0.49592474714984486
434,0.009501392471857042,0.009501392471857042,0.015473650592204265,0.050022619597933186,0.0008946500794000257,0.014593056912972975,50,1,0.5959494089901491,0.4949220109214054,0.49613287958989055
435,0.009501745001457791,0.009501745001457791,0.015473604233598287,0.05002100677846748,0.0008810989117404569,0.014434440078875208,50,1,0.5955255738899474,0.49494362548052706,0.49662721647494357
436,0.00950170037385963,0.00950170037385963,0.015470240636413045,0.05000114973478542,0.0008810989117404569,0.014276530991393326,50,1,0.5954460997604459,0.49530218718286007,0.4967293283359381
437,0.009501174727308883,0.009501174727308883,0.015463956445592824,0.04996520801433045,0.0008810989117404569,0.014119333979684708,50,1,0.5956707387932202,0.49595781990947785,0.4964850561693795
438,0.009500477203172571,0.009500477203172571,0.015455140394469994,0.04991510844604966,0.0008810989117404563,0.013962853353384838,50,1,0.5961635785811866,0.4968749447559991,0.4959353022907292
439,0.00950057925606439,0.00950057925606439,0.015444164910676721,0.0498524786703895,0.0017402578652572656,0.013807093402489166,50,1,0.5962819970740221,0.4980218200949516,0.4957423334491188
440,0.009500221859146236,0.009500221859146236,0.015444296936215537,0.04986293299492754,0.0006698485185635091,0.01365205839723539,50,1,0.5958547944720572,0.497889217171038,0.495643927918013
441,0.009500495262668333,0.009500495262668333,0.015448343573621754,0.049888465265214316,0.0008946500794000257,0.013497752587986524,50,1,0.5955602698398955,0.49743663150294953,0.4958320297246691
442,0.00950051181045462,0.00950051181045462,0.015449435747483527,0.04988611341330578,0.0008810989117404569,0.013344180205114246,50,1,0.5955791108702054,0.4974274765680327,0.4962879529192649
443,0.009500349449149733,0.009500349449149733,0.015447344760288029,0.04986684765318835,0.0011858096461643583,0.013191345458883022,50,1,0.5958742862278626,0.49773561519889026,0.49637821499455753
444,0.009500306679155064,0.009500306679155064,0.01544870446690664,0.049873040393838546,0.0008810989117404563,0.013039252539334628,50,1,0.5963982138251319,0.4976126493905141,0.4959491245420925
445,0.009500577833423349,0.009500577833423349,0.015446953260226257,0.04986164905725849,0.0011858096461643576,0.012887905616173291,50,1,0.5965629542426195,0.4978129793897616,0.49584643403425405
446,0.009500173590801193,0.009500173590801193,0.015448573454079694,0.0498742684773322,0.0008810989117404563,0.012737308838651339,50,1,0.5962227743667584,0.49760208660723004,0.4960169653317239
447,0.009500525366136933,0.009500525366136933,0.01544712315887815,0.049868948833974046,0.0011858096461643583,0.012587466335455525,50,1,0.5956240717532393,0.49771772697447647,0.49644265075968774
448,0.009500657816738074,0.009500657816738074,0.015448920545230085,0.04988661301033328,0.0008810989117404569,0.012438382214593724,50,1,0.5953411698316099,0.49743948375202146,0.4963330215348654
449,0.009500523077055614,0.009500523077055614,0.015447637378876685,0.049886213788586944,0.0008946500794000257,0.012290060563282466,50,1,0.5953507700155206,0.49748881825832186,0.49593864223595907
450,0.009500237557001981,0.009500237557001981,0.01544418092558766,0.04986276696438582,0.0006698485185635091,0.012142505447834743,50,1,0.5956181185333707,0.49789528593153215,0.4958527117740054
451,0.009500291147058042,0.009500291147058042,0.015444634466102693,0.04985652597046787,0.0017402578652572656,0.011995720913548552,50,1,0.5960986184032296,0.4979558786186779,0.495855792253506
452,0.009500409585293407,0.009500409585293407,0.015453775131496057,0.04990934934555329,0.0008946500794000257,0.01184971098459608,50,1,0.5960561837542504,0.4969926936844557,0.49592346614194394
453,0.009500655576333063,0.009500655576333063,0.015459687474580801,0.04993403804401009,0.0008778683558949366,0.011704479663913253,50,1,0.5962688856386594,0.4964858827052129,0.4962404862008112
454,0.009500680194405824,0.009500680194405824,0.015461742076948367,0.04994750187784472,0.0008778683558949366,0.011560030933090108,50,1,0.59618395257474,0.4962502609827065,0.4962415126920915
455,0.009500872974089879,0.009500872974089879,0.01546039961142733,0.04995106658484787,0.0008946500794000257,0.01141636875226157,50,1,0.5958371286926103,0.49625367847480234,0.49596437857772124
456,0.009500735611766791,0.009500735611766791,0.015457020948690569,0.04993263927043618,0.0008946500794000257,0.011273497059998904,50,1,0.5957707233992383,0.4965957954032886,0.4959660852674948
457,0.009500351316728238,0.009500351316728238,0.015451872213471803,0.04989488564911977,0.0008810989117404569,0.011131419773201702,50,1,0.5959511694183097,0.49723547471579965,0.4962131636756838
458,0.009500848288017612,0.009500848288017612,0.015444718737733818,0.049846704561377735,0.0020592108220290695,0.010990140786990578,50,1,0.5963485174971098,0.4980733898204141,0.49616427806658076
459,0.009500385338090774,0.009500385338090774,0.015445921003131455,0.049864237765299954,0.0011858096461643576,0.010849663974600264,50,1,0.5962673348938196,0.49781696094186423,0.4956752169204866
460,0.009500664302089555,0.009500664302089555,0.01544973816804249,0.04989931039147212,0.0008946500794000257,0.010709993187273578,50,1,0.5957778249389615,0.49725582391964623,0.49546471330033803
461,0.009500837765287588,0.009500837765287588,0.015451100101974822,0.049910135777586,0.0008946500794000257,0.0105711322541557,50,1,0.5955710583552265,0.4970764473584316,0.49551191424331614
462,0.009500593866005679,0.009500593866005679,0.015450281852889063,0.04989963107076014,0.0008946500794000257,0.010433084982189233,50,1,0.5956131542420787,0.49723290956192717,0.49578561344446975
463,0.009500235638250112,0.009500235638250112,0.015447570660262332,0.049870393895278274,0.0008810989117404569,0.010295855156009903,50,1,0.5958739405083989,0.49768431908565486,0.49625802197241115
464,0.009501485292611824,0.009501485292611824,0.015442769595217887,0.049830813976463266,0.0020592108220290695,0.01015944653784269,50,1,0.5963265105111519,0.4983359129750515,0.49642767839732765
465,0.009500685727145087,0.009500685727145087,0.015445512204806876,0.04985181284125409,0.0020592108220290695,0.010023862867398772,50,1,0.5963240702111121,0.497983270605131,0.49616349829426143
466,0.009500813194873965,0.009500813194873965,0.015454933127577147,0.04992589112725329,0.0008946500794000257,0.009889107861772974,50,1,0.5959220394084455,0.4967508632788646,0.4955187097517387
467,0.009501475153324715,0.009501475153324715,0.015461477844133244,0.049972828443618986,0.0008946500794000257,0.009755185215341852,50,1,0.5957773448017565,0.49595211641569686,0.4951635556476776
468,0.00950169370213693,0.00950169370213693,0.015465410499790578,0.049995866677630986,0.0008946500794000257,0.009622098599662385,50,1,0.5958588322694814,0.4955352972332268,0.4950632498600001
469,0.009501522663376644,0.009501522663376644,0.015467017979102738,0.04999789121998945,0.0008946500794000257,0.009489851663371384,50,1,0.5961387737769701,0.49545436185344943,0.4951868307085271
470,0.009501440548259518,0.009501440548259518,0.01546659361717482,0.04998146980230417,0.0008810989117404563,0.009358448032085409,50,1,0.5965924943154977,0.49566833550174216,0.49550674449175314
471,0.009501116735539253,0.009501116735539253,0.015464019626571582,0.04995438826764094,0.0008810989117404563,0.009227891308301393,50,1,0.5967717232890999,0.49608736134879156,0.4959984356084502
472,0.009501081316728013,0.009501081316728013,0.015459583927176133,0.0499179950003807,0.0008778683558949366,0.009098185071297874,50,1,0.5967098546884323,0.4966856562332817,0.4966400973714703
473,0.009500905038296138,0.009500905038296138,0.015453118644022993,0.04987891369822452,0.0008778683558949366,0.008969332877036848,50,1,0.5964365613451805,0.49738824625089045,0.49698635870173413
474,0.009501547304356575,0.009501547304356575,0.015444874157387007,0.0498375348065983,0.0017402578652572656,0.008841338258066317,50,1,0.5959782750974,0.49818122611585625,0.497073030323343
475,0.009501220456731954,0.009501220456731954,0.015444094714684317,0.04984498960133393,0.0017402578652572656,0.008714204723423399,50,1,0.595619221658823,0.49811651035127025,0.49678438922543605
476,0.009500614242506823,0.009500614242506823,0.015449885587579147,0.049895162100791146,0.0008810989117404569,0.008587935758538199,50,1,0.5953477269969916,0.4973014491093682,0.49616731276463044
477,0.00950118212891022,0.00950118212891022,0.015453028669619864,0.049928251743346724,0.0008946500794000257,0.00846253482513815,50,1,0.5952936875127744,0.496788860291885,0.495407082996486
478,0.009501464429220034,0.009501464429220034,0.015454188055670065,0.0499412479496316,0.0008946500794000257,0.008338005361153205,50,1,0.5954303040943001,0.49659075947346193,0.49492118850783434
479,0.009501394806323863,0.009501394806323863,0.015453581257475018,0.04993662301688906,0.0008946500794000257,0.008214350780621504,50,1,0.5957337150172608,0.4966684392865052,0.49467639507435845
480,0.009501119944826301,0.009501119944826301,0.01545143254832762,0.04991657473400219,0.0008810989117404563,0.008091574473595844,50,1,0.5961827088289859,0.4969874905582509,0.4946431543755388
481,0.00950096160768872,0.00950096160768872,0.015447604062313179,0.04988786770479236,0.0008810989117404563,0.007969679806050699,50,1,0.5963851398114788,0.49747067795146804,0.4947951658785578
482,0.00950090894941904,0.00950090894941904,0.015442320480814117,0.04985162907189653,0.0011858096461643576,0.007848670119789965,50,1,0.5963714055595627,0.49809673634536106,0.4951090883415953
483,0.009500927680080807,0.009500927680080807,0.015439660796239988,0.04983391237661156,0.0017402578652572656,0.007728548732355322,50,1,0.5960485400519556,0.49840542194772663,0.4955548255802762
484,0.009500344698963638,0.009500344698963638,0.015443121727362582,0.0498571216479483,0.0006698485185635091,0.007609318936935262,50,1,0.5954468392426547,0.49800121848048723,0.4959939004759846
485,0.009500855610851613,0.009500855610851613,0.01544850733565763,0.04988720619258445,0.0008810989117404569,0.0074909840022748825,50,1,0.5950715159471281,0.4974469766332534,0.49643552527329277
486,0.009501186401349363,0.009501186401349363,0.01545148458442859,0.049903792423083404,0.0008810989117404569,0.00737354717258616,50,1,0.5949035273017831,0.49714141254934396,0.4966400591864997
487,0.009501213057296357,0.009501213057296357,0.01545233460934917,0.04990854879006379,0.0008810989117404569,0.0072570116674591425,50,1,0.5949170992731772,0.49705378787479065,0.4966369606110773
488,0.009500973845613183,0.009500973845613183,0.015451322233964572,0.04990295724798616,0.0008810989117404569,0.007141380681773543,50,1,0.595089339248102,0.4971568001851624,0.4964523941771057
489,0.009500502748185776,0.009500502748185776,0.015448693520366213,0.04988833383836481,0.0008810989117404569,0.00702665738561126,50,1,0.5953999180662031,0.4974262037635036,0.4961095942750229
490,0.009500257596475256,0.009500257596475256,0.015444674603284246,0.049865847014499115,0.0008946500794000257,0.006912844924169393,50,1,0.5958307869369651,0.4978404719887591,0.4956291886928847
491,0.009501284240070787,0.009501284240070787,0.015439786085287167,0.0498323273785571,0.0017402578652572656,0.0067999464176740805,50,1,0.59636595389934,0.4984207974622698,0.4953603429222358
492,0.009501373416844825,0.009501373416844825,0.015440610142558757,0.04983718545480216,0.0017402578652572656,0.0066879649612948955,50,1,0.5965601606775882,0.49833306172982933,0.495160713904666
493,0.009500809417518324,0.009500809417518324,0.015446405428417031,0.0498754710682741,0.0011858096461643576,0.006576903625060042,50,1,0.5964564858823709,0.497663478434646,0.4950218778800516
494,0.00950091529556552,0.00950091529556552,0.015453274301923395,0.04992162456554563,0.0008810989117404563,0.00646676545377216,50,1,0.596100900862612,0.4968611333967072,0.495040845005876
495,0.009501352007844258,0.009501352007844258,0.015457825108442095,0.0499536715432471,0.0008946500794000257,0.0063575534669248306,50,1,0.5956265159566848,0.4963123562339973,0.4952052629160558
496,0.009501490358877119,0.009501490358877119,0.015460599531653388,0.049969510767086146,0.0008946500794000257,0.006249270658619858,50,1,0.5953479569732611,0.49602301244406044,0.49549623974320717
497,0.009501367852986987,0.009501367852986987,0.015461807163848377,0.0499711899501153,0.0008946500794000257,0.006141919997485123,50,1,0.5952406683668039,0.4959603913899515,0.4958969915385645
498,0.009501268530014527,0.009501268530014527,0.015461651300228486,0.04996052540550463,0.0008810989117404569,0.006035504426593239,50,1,0.5952828669538246,0.4960954786519311,0.4963926355106662
499,0.009501233691823829,0.009501233691823829,0.015460037151432099,0.049942832861772576,0.0008810989117404569,0.005930026863380821,50,1,0.5954552083688753,0.4963670841668221,0.49667824290449486
500,0.009500985061365822,0.009500985061365822,0.01545715859705976,0.04991905419502332,0.0008810989117404569,0.005825490199568564,50,1,0.5957405661762158,0.4967570559992208,0.49678033116817183
501,0.00950061350669212,0.00950061350669212,0.015453193857143839,0.049890024175673335,0.0008778683558949366,0.005721897301081897,50,1,0.5961237591085529,0.49724930544602786,0.49672241309122006
502,0.009500747649492235,0.009500747649492235,0.01544804228194117,0.04985996552058634,0.0020592108220290695,0.0056192510079724565,50,1,0.5963206967093082,0.49779584481143774,0.4965253075555509
503,0.009500219525257264,0.009500219525257264,0.0154475234694452,0.049865722084231075,0.0012792518663239587,0.00551755413434025,50,1,0.596260473349839,0.4977431307775617,0.4961104477081251
504,0.009500372326041014,0.009500372326041014,0.015448265103292724,0.04988459074881387,0.0008946500794000257,0.005416809468256414,50,1,0.5959833067703266,0.497486660183359,0.49559570436994094
505,0.009500638885225612,0.009500638885225612,0.01544785839101415,0.049890486663204,0.0008946500794000257,0.005317019771686872,50,1,0.595860119157228,0.4974290420323376,0.49526548640281076
506,0.009500664045095732,0.009500664045095732,0.015446439547248902,0.04988509296890712,0.0008946500794000257,0.005218187780416552,50,1,0.5958710595302917,0.4975444032211772,0.4950963943791794
507,0.009500479366449401,0.009500479366449401,0.015444143537120168,0.04986990046567102,0.0008946500794000257,0.005120316203974424,50,1,0.5959985434061039,0.4978098280980267,0.4950676976021885
508,0.009500865142366546,0.009500865142366546,0.015441100005389799,0.04984622919501357,0.0017402578652572656,0.0050234077255592036,50,1,0.596226998563158,0.4982050265736263,0.4951610347199105
509,0.009500693677146985,0.009500693677146985,0.015442284142770777,0.04985127680200983,0.0017402578652572656,0.004927465001965777,50,1,0.5962178939198962,0.4981020348789726,0.4952727176279615
510,0.009500424234152094,0.009500424234152094,0.015447131982840374,0.049881199547275566,0.0008946500794000257,0.00483249066351237,50,1,0.5960026334530534,0.49756759662978944,0.4954000806215541
511,0.009500509010520646,0.009500509010520646,0.01545046013253669,0.049897959110247365,0.0008946500794000257,0.004738487313968455,50,1,0.59592199474252,0.49724709120087507,0.4956250812641215
512,0.009500395044311126,0.009500395044311126,0.0154524551611528,0.049903261821812255,0.0008946500794000257,0.0046454575304833365,50,1,0.5959583300922666,0.49711289484719745,0.4959342705346178
513,0.009500395205057967,0.009500395205057967,0.015453292457072642,0.04989861766710696,0.0008778683558949366,0.004553403863515514,50,1,0.5960960232600202,0.4971405617130256,0.496315753054994
514,0.009500491081553883,0.009500491081553883,0.015452702191404303,0.04989100905218259,0.0008778683558949366,0.004462328836762798,50,1,0.5961029099686164,0.4972541770732749,0.4965349559424891
515,0.009500475808967707,0.009500475808967707,0.015450872754327393,0.04988084937821457,0.0008810989117404569,0.00437223494709303,50,1,0.5959964315507428,0.49744200572217634,0.4966130184532214
516,0.009500457913029635,0.009500457913029635,0.015448172737376005,0.049865803409551844,0.0011858096461643583,0.00428312466447572,50,1,0.596002140714376,0.4977197954234923,0.49656865724310073
517,0.0095004060227091,0.0095004060227091,0.015446912592480383,0.04986072206766849,0.0020592108220290695,0.004195000431914262,50,1,0.5960997938976996,0.4978255784506814,0.4963485085227273
518,0.009500149148498675,0.009500149148498675,0.01544886014177843,0.049880729078222906,0.0008946500794000257,0.004107864665379017,50,1,0.5960078900974078,0.49751308277342515,0.4959715714870318
519,0.009500339096550289,0.009500339096550289,0.01544976404080837,0.049890083085493815,0.0008946500794000257,0.004021719753741041,50,1,0.5960208195037743,0.4973674170280984,0.49573544207101106
520,0.00950041936604863,0.00950041936604863,0.015449754198341175,0.04989020124687,0.0008810989117404563,0.003936568058706611,50,1,0.5961243810036774,0.4973663838087096,0.49562168248746125
521,0.009500377658592065,0.009500377658592065,0.015448772235630917,0.04988477977770738,0.0008810989117404563,0.003852411914752441,50,1,0.5961157531333816,0.49746674152581727,0.49561398172137017
522,0.009500220613400338,0.009500220613400338,0.015446953739406665,0.04987458549276926,0.0008946500794000257,0.00376925362906175,50,1,0.5960102046470526,0.49765445216331117,0.49569794828191005
523,0.009500179515716028,0.009500179515716028,0.015444595079044261,0.04985795013853091,0.0013546315720260002,0.003687095481460919,50,1,0.5960038239483938,0.497939793032913,0.4958608903075935
524,0.009500092468529616,0.009500092468529616,0.01544557331498588,0.04986033027684773,0.0020592108220290695,0.003605939724357092,50,1,0.5960194469198951,0.4978767200412017,0.49602631528272245
525,0.009500216058526169,0.009500216058526169,0.015449080161508744,0.04988360310396019,0.0008946500794000257,0.0035257885826763444,50,1,0.5958789112487969,0.4974703177047749,0.4960137659764435
526,0.009500342171908604,0.009500342171908604,0.015451463913046052,0.04989693847156412,0.0008810989117404569,0.003446644253802702,50,1,0.5958364442455709,0.4972245834348858,0.4960861645282121
527,0.009500378994171036,0.009500378994171036,0.015452699567904259,0.04990384876129846,0.0008946500794000257,0.0033685089075179272,50,1,0.5958786369083361,0.49709724097627167,0.49605952571661416
528,0.009500330612210662,0.009500330612210662,0.0154531051055152,0.04990307083300612,0.0008810989117404569,0.0032913846859420016,50,1,0.5959936904603158,0.4970926303904803,0.49611598188744693
529,0.009500291134749065,0.009500291134749065,0.01545263551042056,0.04989775791706087,0.0008778683558949366,0.003215273703474424,50,1,0.5961711728169454,0.49717384827633393,0.49607915306716716
530,0.009500334040846886,0.009500334040846886,0.015451266036243597,0.049890570173286186,0.0008810989117404563,0.003140178046736224,50,1,0.5962448830962167,0.49730927458045343,0.4959620955892554
531,0.009500258218146969,0.009500258218146969,0.015449279082676322,0.049879795668742496,0.0008810989117404563,0.0030660997745127695,50,1,0.5962290880669855,0.49750999329140344,0.4959338248643347
532,0.009500083072830685,0.009500083072830685,0.015446768000212675,0.049865967233373734,0.0011858096461643576,0.0029930409176973085,50,1,0.5961363472449153,0.4977662913930158,0.4959820118184998
533,0.00950018447697765,0.00950018447697765,0.01544537002978829,0.04985959266084342,0.0017402578652572656,0.002921003479235312,50,1,0.5959292549147003,0.4978928100444444,0.4960920099676433
534,0.009500157291090133,0.009500157291090133,0.015446439197433003,0.04986947069010132,0.0008810989117404569,0.0028499894340695327,50,1,0.5957641484424561,0.4977348521232981,0.4960591974678046
535,0.009500248251337214,0.009500248251337214,0.015446661045914495,0.04987412381083355,0.0008946500794000257,0.0027800007290859022,50,1,0.5956854172263459,0.4976702617855592,0.49595492274815245
536,0.009500247313340269,0.009500247313340269,0.015446290445915408,0.049872502935197516,0.0008946500794000257,0.0027110392830601254,50,1,0.595681093010805,0.4977029500134157,0.49592982093451676
537,0.00950013550132025,0.00950013550132025,0.015445412792542527,0.04986550408211586,0.0008946500794000257,0.00264310698660507,50,1,0.5957406289141338,0.49781899915769895,0.49597273259682156
538,0.009500339410651181,0.009500339410651181,0.01544410599854193,0.049853915359663416,0.0017402578652572656,0.0025762057021189695,50,1,0.5958547466938365,0.498006168157873,0.49607383985805453
539,0.009500192301526244,0.009500192301526244,0.015444993754503077,0.04985745979117971,0.0017402578652572656,0.002510337263734321,50,1,0.5959700617168762,0.49793196640764703,0.49604775632697073
540,0.009500135657445135,0.009500135657445135,0.015447756335588137,0.04987393343865283,0.0008810989117404563,0.002445503477267643,50,1,0.5960860332236758,0.49763451866439956,0.495912826397679
541,0.009500269083920898,0.009500269083920898,0.015449570242786011,0.04988489947914206,0.0008810989117404563,0.0023817061201699408,50,1,0.5961242900779257,0.4974374694321959,0.4958532316039081
542,0.009500294801909252,0.009500294801909252,0.015450563563244256,0.049891116043564734,0.0008810989117404563,0.0023189469414779925,50,1,0.5960959134024604,0.49732698915325213,0.49585830562783323
543,0.009500286665536574,0.009500286665536574,0.015450850946090059,0.04989324952506973,0.0008946500794000257,0.002257227661766374,50,1,0.5960106377706504,0.497290921872451,0.49591867709437054
544,0.009500220892787268,0.009500220892787268,0.015450640420513143,0.049890450605138,0.0008946500794000257,0.0021965499731003233,50,1,0.5959890052758486,0.4973324270215524,0.49602612787872036
545,0.009500208180014652,0.009500208180014652,0.01545000655193055,0.049883447353001646,0.0008810989117404569,0.0021369155389893224,50,1,0.5960218244617678,0.4974400616791204,0.4961734371210494
546,0.00950021715761119,0.00950021715761119,0.01544890748148821,0.049874255558690954,0.0008778683558949366,0.0020783259943415095,50,1,0.5961010197911246,0.49759066512188477,0.49624531595231686
547,0.009500235116834541,0.009500235116834541,0.015447315985794517,0.04986455324632961,0.0020592108220290695,0.002020782945418846,50,1,0.596116049452246,0.4977646352907825,0.4962525587295284
548,0.009500098099980469,0.009500098099980469,0.015447433585751513,0.049868194911407156,0.0008778683558949366,0.001964287969793087,50,1,0.5960404689648472,0.49771594398815894,0.4961679137840448
549,0.009500072426265342,0.009500072426265342,0.015446941621027046,0.04986982616921005,0.0008810989117404569,0.0019088426163025275,50,1,0.5959227838045111,0.4977130331048035,0.49604098863058144
550,0.009500148789567602,0.009500148789567602,0.015446023534261857,0.04986851787438677,0.0008946500794000257,0.0018544484050095314,50,1,0.5958649807679911,0.49776090849959287,0.49587850793945154
551,0.009500151893617999,0.009500151893617999,0.015444839069394605,0.04986351016377165,0.0008946500794000257,0.0018011068271588967,50,1,0.59585839108617,0.49786329690626174,0.49578140276025773
552,0.009500306052533106,0.009500306052533106,0.015443432418647705,0.04985537274097038,0.0013546315720260002,0.0017488193451369117,50,1,0.5958954133180343,0.49801169659241257,0.49574029693646937
553,0.009500272406509804,0.009500272406509804,0.015443689847978944,0.04985655228915792,0.0013546315720260002,0.0016975873924313133,50,1,0.5959382156041086,0.49798833516174446,0.495715008000509
554,0.009500148112945288,0.009500148112945288,0.015445358912769422,0.04986563471129583,0.0008946500794000257,0.0016474123735919675,50,1,0.595985771440016,0.4978192842966268,0.49570326273777265
555,0.009500181649636364,0.009500181649636364,0.015446479325011017,0.04987013415821738,0.0008810989117404563,0.0015982956641923541,50,1,0.596066625597764,0.4977253547420664,0.4957332575312768
556,0.009500180031021321,0.009500180031021321,0.01544705175918338,0.04987175268280015,0.0008810989117404563,0.0015502386107918759,50,1,0.5960950796909937,0.49768567283288007,0.4957985767199587
557,0.009500118201552428,0.009500118201552428,0.015447156992256739,0.04987091970598975,0.0008810989117404563,0.0015032425308989326,50,1,0.5960789481463413,0.497692188229944,0.49589362520637503
558,0.009500005614203073,0.009500005614203073,0.0154468661122941,0.04986801032806322,0.0008946500794000257,0.0014573087129347915,50,1,0.5960250568049007,0.49773786821638366,0.49601352237261404
559,0.009500137361769018,0.009500137361769018,0.01544631223368203,0.04986241172904053,0.0017402578652572656,0.0014124384161982684,50,1,0.596012877995424,0.4978256288500774,0.49615402276233384
560,0.009500142035718091,0.009500142035718091,0.015446964490411358,0.04986518568031192,0.0011858096461643583,0.001368632870831226,50,1,0.5960107108074395,0.49776906233596824,0.4962122575126779
561,0.009500131036389928,0.009500131036389928,0.01544790705119724,0.0498703332126657,0.0008778683558949366,0.001325893277784805,50,1,0.5960399160073705,0.49767335739175483,0.49620237952035584
562,0.009500122837007643,0.009500122837007643,0.01544832265528393,0.04987376373820664,0.0008810989117404569,0.0012842208087865583,50,1,0.5960301424017838,0.4976169478800456,0.49615761601789865
563,0.009500091537848998,0.009500091537848998,0.015448353191912984,0.04987489523844598,0.0008778683558949366,0.0012436166063082544,50,1,0.5960524933519564,0.4976020340029992,0.49608351554957547
564,0.009500078613510644,0.009500078613510644,0.015447997310108744,0.0498748836239102,0.0008810989117404563,0.0012040817835346261,50,1,0.5960388455335394,0.49761452210110246,0.4959848924251413
565,0.009500106152156318,0.009500106152156318,0.015447377996165685,0.04987311457861587,0.0008946500794000257,0.001165617424332807,50,1,0.5959948161071583,0.4976576572593922,0.49592859618529633
566,0.00950008404432387,0.00950008404432387,0.015446595331570969,0.04986910977371866,0.0008946500794000257,0.001128224583222634,50,1,0.5959845381435762,0.49773381323958993,0.4959083179598604
567,0.00950004023841336,0.00950004023841336,0.015445678171822777,0.04986323203101297,0.0006698485185635091,0.0010919042853477375,50,1,0.596002826898517,0.4978375611274584,0.49591856269044166
568,0.009500124787716186,0.009500124787716186,0.015445236499058192,0.0498595760709988,0.0017402578652572656,0.0010566575264474257,50,1,0.5960267841749834,0.49789763442062596,0.49595312079091985
569,0.009500041915113628,0.009500041915113628,0.015445711229037016,0.04986216276088367,0.0013546315720260002,0.0010224852728294106,50,1,0.596000183778489,0.49784950038542575,0.4959898108197169
570,0.009500031806637036,0.009500031806637036,0.015447007393395417,0.04986933572712702,0.0008810989117404569,0.0009893884613432768,50,1,0.595983192991563,0.49771674750999173,0.4960281577008183
571,0.00950006701732209,0.00950006701732209,0.015447880090623462,0.04987414482303703,0.0008946500794000257,0.0009573679993548276,50,1,0.5959923771216882,0.4976276272656247,0.49603435650260563
572,0.009500085977743206,0.009500085977743206,0.01544844111042034,0.049876305336283185,0.0008810989117404569,0.0009264247647212127,50,1,0.5960236336727791,0.4975817304134169,0.4960635914088179
573,0.009500103071100356,0.009500103071100356,0.015448688376563241,0.04987683375674647,0.0008778683558949366,0.0008965596057668369,50,1,0.5960734030990671,0.4975666875846201,0.4960635260612783
574,0.00950009883592503,0.00950009883592503,0.015448625369648443,0.049876568644239457,0.0008810989117404563,0.000867773341260116,50,1,0.5960926408713566,0.49757211789572886,0.4960387091496928
575,0.009500085542860321,0.009500085542860321,0.015448345703639158,0.049875058629185745,0.0008778683558949366,0.0008400667603910364,50,1,0.5960860146452877,0.4976002946460107,0.49603873340583
576,0.009500062153112318,0.009500062153112318,0.015447840153519793,0.049873059954667065,0.0008810989117404563,0.0008134406227495079,50,1,0.5960575525903267,0.49764228654243675,0.49601550533727756
577,0.009500030522776775,0.009500030522776775,0.015447188128774025,0.049870114974802135,0.0008946500794000257,0.0007878956583045391,50,1,0.5960107390201376,0.49770094112152297,0.49601559325396055
578,0.009500007845762362,0.009500007845762362,0.015446453888975253,0.04986586223379592,0.0008810989117404569,0.0007634325673842405,50,1,0.5959891429132642,0.497778458496657,0.4960354078350601
579,0.00950008045036519,0.00950008045036519,0.015445612672577044,0.04986102578176634,0.0017402578652572656,0.0007400520206566059,50,1,0.5959889651069936,0.49786683931736125,0.49603151316090627
580,0.00950007370570823,0.00950007370570823,0.01544548443502772,0.049860894204130694,0.0013546315720260002,0.000717754659111136,50,1,0.5959933438196094,0.4978728959333724,0.49599362492497845
581,0.009500007372023602,0.009500007372023602,0.015445997928941697,0.04986426704532371,0.0006698485185635091,0.0006965410940412564,50,1,0.5960015759066344,0.4978137982398501,0.4959650300195769
582,0.009500038933461737,0.009500038933461737,0.015446678004390934,0.049868163274577874,0.0008946500794000257,0.0006764119070275696,50,1,0.5960139606252443,0.49774252291361704,0.495956621440879
583,0.009500053999906723,0.009500053999906723,0.01544713069494557,0.049870121848286125,0.0008810989117404563,0.0006573676499219106,50,1,0.5960414199219933,0.49770285163938566,0.4959662980476174
584,0.00950005127395077,0.00950005127395077,0.015447355557981386,0.04987086060341594,0.0008810989117404563,0.0006394088448322009,50,1,0.5960475608414793,0.497686009953394,0.49599133909031823
585,0.009500023318821717,0.009500023318821717,0.015447385645097225,0.049870557539487353,0.0008778683558949366,0.000622535984108163,50,1,0.5960355113318996,0.49768867405645706,0.4960294162877591
586,0.009500034001379307,0.009500034001379307,0.015447216384164271,0.049869782605037785,0.0008810989117404569,0.0006067495303277903,50,1,0.5960079503209308,0.49770402917286727,0.4960454053816305
587,0.009500024932552283,0.009500024932552283,0.01544690734841749,0.04986820299844195,0.0008810989117404569,0.0005920499162846895,50,1,0.595998720338853,0.4977340805527108,0.4960424611580629
588,0.009499993097338004,0.009499993097338004,0.015446479012803993,0.04986593607220374,0.0008810989117404569,0.0005784375449762052,50,1,0.5960052302906186,0.49777668266537956,0.4960232830671571
589,0.009500021299363415,0.009500021299363415,0.015445948870973263,0.04986308169353371,0.0017402578652572656,0.000565912789592374,50,1,0.5960252636879387,0.4978300099683907,0.4959901769885236
590,0.009500008671598698,0.009500008671598698,0.015445950765163365,0.049863717574668655,0.0006698485185635091,0.00055447599350569,50,1,0.5960169106726463,0.49782216041846833,0.4959645849110613
591,0.009500011223307911,0.009500011223307911,0.015446137882737222,0.04986503923816001,0.0008946500794000257,0.0005441274702616962,50,1,0.5960137043857198,0.4977994929802109,0.4959553284978632
592,0.009500008329004734,0.009500008329004734,0.015446187933390197,0.04986503117563277,0.0008810989117404563,0.0005348675035703791,50,1,0.596024367955354,0.4977978557716704,0.49596097755587437
593,0.009499996499615315,0.009499996499615315,0.015446091587943347,0.049864223123510534,0.0011858096461643576,0.0005266963472984146,50,1,0.596019108993543,0.4978110874541624,0.4959795896290183
594,0.009499992693874658,0.009499992693874658,0.0154461560740073,0.049864582361719124,0.0008946500794000257,0.0005196142254621688,50,1,0.5959908327256571,0.4978044530356471,0.49600880612469983
595,0.009500026946342315,0.009500026946342315,0.015446102977581677,0.04986377473737897,0.0011858096461643583,0.0005136213322215989,50,1,0.5959786286107548,0.49781618294124974,0.4960480257854476
596,0.009500033123044586,0.009500033123044586,0.015446200295125929,0.04986411228609602,0.0011858096461643583,0.0005087178318748913,50,1,0.5959798726325694,0.497808676626434,0.4960593016958144
597,0.009500009606772138,0.009500009606772138,0.015446430473570144,0.04986546109954542,0.0008810989117404569,0.0005049038588539916,50,1,0.5959929921889362,0.4977841812144644,0.49604592179465107
598,0.009499987254040334,0.009499987254040334,0.015446501493425406,0.04986591131282652,0.0008946500794000257,0.0005021795177208924,50,1,0.596017323353269,0.4977762060535446,0.49601966531312924
599,0.009500003752701734,0.009500003752701734,0.015446457987103885,0.04986522128756551,0.0008810989117404563,0.000500544883164787,50,1,0.5960516731955551,0.4977861627842852,0.49600899322678826
600,0.009500030379497783,0.009500030379497783,0.015446286411180359,0.049863846919678725,0.0017402578652572656,0.0005,50,1,0.5960686611119332,0.4978089392245438,0.4960122343847011
