step,optimizer_phase,optimizer_iteration,optimizer_evaluation,learning_rate,evaluation_success,objective,gradient_rms,gradient_inf,activation_update_rms,forward_converged,forward_iterations,forward_failure,line_search_failures,equilibrium_residual_rms,min_det_f,min_det_g,min_det_ainv,min_singular_ainv,top_target_mae,top_target_rms,top_target_max,top_error_rms,top_highpass_rms,top_slope_rms,top_curvature_rms,activation_neighbor_jump_rms,activation_rms
0,adam,0,1,0.03,1,0.033666666666666664,4.0570787548893896e-05,0.00010221954443932235,0.0,1,1,,0,6.225748016032108e-18,0.9999999999999929,0.9999999999999929,1.0,1.0,0.033666666666666664,0.036698791987384724,0.05,0.036698791987384724,0.0,0.0,0.0,0.0,0.0
1,adam,1,2,0.029699999999999997,1,0.03240248363273308,4.436364680837436e-05,0.00010210861028136824,0.028737865950230323,1,14,,0,2.1591724418343696e-12,0.9878474244603718,0.9818635623031543,0.9400064691565312,0.9400139557642074,0.03240248363273308,0.03552074713364907,0.048422202036498996,0.03551872006035379,9.340673945315635e-05,0.012814590134096523,0.47178527044382806,0.005411648544427157,0.028737865950230326
2,adam,2,3,0.029403,1,0.031009884155402012,4.878342911520628e-05,0.00010724513603359168,0.027944351597828602,1,8,,0,3.671580099761506e-11,0.9755394186845714,0.9621477588399997,0.8805650435996542,0.8806173073748306,0.031009884155402012,0.03423816691800906,0.04672312619142172,0.0342299501632713,0.0001974442336211873,0.026926852901875433,0.9879592506956113,0.01064317042683962,0.056618438633366665
3,adam,3,4,0.029108969999999998,1,0.0294652387659885,5.396121783236657e-05,0.0001144388984823501,0.028076987463410082,1,11,,0,1.8541738849621237e-11,0.9599223664281351,0.9408441785952254,0.8216329889345912,0.821759927567102,0.0294652387659885,0.03283790396963105,0.04496624465019553,0.03281813281542945,0.00032013901811328013,0.043468254463749266,1.60951805578853,0.016225436927871224,0.08466967601960014
4,adam,4,5,0.028817880299999998,1,0.02776046500269031,5.974213571512737e-05,0.00020060403147483216,0.028021788501122052,1,8,,0,6.266293034520452e-10,0.9413919451494085,0.917897709797159,0.7631954223301416,0.7633968723593362,0.02776046500269031,0.031315779483804526,0.043264518467847284,0.031279887340606105,0.00046490246967144773,0.06289919392690768,2.3515138123795274,0.02201324171884823,0.11266247823467317
5,adam,5,6,0.028529701496999998,1,0.026038034311837266,7.78446747531484e-05,0.0003621772198295816,0.027714144153203436,1,9,,0,2.7341511606233425e-09,0.9198154708722697,0.8933054352963846,0.7052244761666395,0.7055672648723311,0.026038034311837266,0.02966906127952662,0.04154786858438645,0.029615340994452066,0.0006270644269518608,0.08488713191843021,3.189242122101952,0.027398666486830175,0.14021382735485388
6,adam,6,7,0.02824440448203,1,0.02425597536402275,9.264420568405383e-05,0.0004644093198078788,0.02613808718756427,1,17,,0,3.0641867740774795e-09,0.8984696929787026,0.8654146018284925,0.64857984047463,0.6490886512854273,0.02425597536402275,0.027823245040656846,0.03981715288504723,0.027749709123352853,0.0007104270697800997,0.09859793614805545,3.7141134715494135,0.03239887859766019,0.16527078055892763
7,adam,7,8,0.027961960437209697,1,0.022171027917904547,9.77655882244504e-05,0.0004495772267729221,0.02565609379678064,1,25,,0,2.028978049358028e-10,0.872210598136452,0.8328166626795973,0.59453237148548,0.5942473100375971,0.022171027917904547,0.025794694428144915,0.03801014243605873,0.025698488497814802,0.0007923786138572752,0.1139935633038803,4.41672253162056,0.03998395360800659,0.18915342871008387
8,adam,8,9,0.0276823408328376,1,0.0201373669808113,0.0001195976674162231,0.0006446640258908078,0.025355948689031974,1,20,,0,1.3600839831831251e-11,0.8385061584331592,0.7871807965290482,0.5394826489093415,0.5389243957113198,0.0201373669808113,0.02369273503452736,0.03621900552376546,0.023556975047719995,0.0009705694545835105,0.14316407083619329,5.741695495960867,0.0499382857941494,0.21252664814078556
9,adam,9,10,0.027405517424509224,1,0.01834172825262031,0.0001585742333440119,0.0007579449208576744,0.023938879481703836,1,18,,0,6.38856226811425e-09,0.8048141386307096,0.7340862059404396,0.4839917699990674,0.4839821366435444,0.01834172825262031,0.0215416513267301,0.034649900892921845,0.021336111773957635,0.0012718675783614537,0.18192274272019598,7.851074580811829,0.05915783551784033,0.2343615276460287
10,adam,10,11,0.02713146225026413,1,0.017515709040797703,0.00015988299055571587,0.0005298846919331961,0.0218187015334707,1,34,,0,9.903579405650057e-12,0.6382681458361879,0.6382681458361879,0.4288469097168325,0.42902168487674214,0.017515709040797703,0.021729434875020364,0.0433416271769063,0.020410689126135927,0.0022957919798328704,0.33188156748934144,14.618091067739716,0.06669893914138263,0.2533176734667901
11,adam,11,12,0.02686014762776149,1,0.015799948397567414,0.0003557434197668708,0.003049931983205925,0.018626241564536107,1,20,,0,5.908736025310519e-10,0.63900686453235,0.6040375851014553,0.37519200244231904,0.37550625555347916,0.015799948397567414,0.01969119287342014,0.03987254474428119,0.018369516914630565,0.0024430227350562806,0.3417521885940542,15.729535136225534,0.07428633330930072,0.26734404216771274
12,adam,12,13,0.026591546151483875,1,0.014418351546820132,0.0002812973587319935,0.0015526834223977561,0.017089557262758383,1,29,,0,1.0611629617218658e-09,0.6520429475500876,0.5572142974903711,0.3259536673872315,0.3265571735964232,0.014418351546820132,0.017717728152628474,0.033626026561766546,0.016565671478726274,0.0026409917046230627,0.346358164288893,17.07575918050983,0.08345257313160756,0.2780582299115234
13,adam,13,14,0.026325630689969032,1,0.01249172280929562,0.00024087314759765408,0.001748684039948021,0.015716503556219043,1,13,,0,3.201272365207985e-09,0.667839033827671,0.4842664877746557,0.2821474649931346,0.2841426220622345,0.01249172280929562,0.015308647372563735,0.0300698464508572,0.014280195254501488,0.0026183213032781602,0.3235334329324678,17.48727541989879,0.0942646605457854,0.28718942505255357
14,adam,14,15,0.026062374383069346,1,0.0105731046436519,0.00021926805442393956,0.0013864196109095893,0.015188333966249199,1,15,,0,1.4870427496955568e-10,0.6501063051412751,0.41488170186601386,0.24533758333339992,0.24938572861043726,0.0105731046436519,0.012971603554253648,0.02644197455091454,0.01188841963608858,0.002658212034401028,0.31356390298174935,18.111460515110743,0.10543730429308204,0.2954526859792686
15,adam,15,16,0.025801750639238653,1,0.009996705915481538,0.00042202517171755643,0.0026157991739804067,0.014683440828916558,1,21,,0,2.9941505140871694e-11,0.6084517371184587,0.3816298396478479,0.20989239079635008,0.21474594125010246,0.009996705915481538,0.012207856522436854,0.02334692032420063,0.01013940279280062,0.002592407183448555,0.313775235852523,17.874132340721758,0.1159261158221469,0.3033371283265912
16,adam,16,17,0.025543733132846264,1,0.01008408636021897,0.009935041088152756,0.09141951475950783,0.012188669410778077,1,16,,0,9.00464808058499e-09,0.5540181196271026,0.3274797595617796,0.17348112271431382,0.1786893794266814,0.01008408636021897,0.012503977724437908,0.03343081969784141,0.007998370314369178,0.0024670584488240394,0.29968563343310983,17.70768937957315,0.12312184185286619,0.30899248740197843
17,adam,17,18,0.025288295801517802,1,0.008146525339336285,0.00024949940790951766,0.0013275570348328736,0.011940592158514597,1,29,,0,2.5175332883236646e-10,0.5328403233371724,0.3237224665093902,0.15341384561802932,0.16254980445290332,0.008146525339336285,0.009344180350723014,0.02015502072998003,0.006449916906462472,0.0025757032788201115,0.29718912615006754,18.914839481225073,0.1291890962178892,0.31341553342623607
18,adam,18,19,0.025035412843502625,1,0.007470756887853205,0.0002794049875375193,0.0010972398582485543,0.01106429967737397,1,12,,0,1.8628318701604533e-09,0.5410482212475958,0.27791350815064925,0.13498314787986998,0.14612695221066715,0.007470756887853205,0.008490632945112483,0.017729745466279596,0.006161304390350402,0.0025852466254965107,0.2966925825565723,19.034441272461155,0.13541459281632184,0.3173776183802373
19,adam,19,20,0.024785058715067598,1,0.006591489982699776,0.00026512647275747756,0.0019919445132831593,0.01055643198773281,1,12,,0,3.1631804313576965e-09,0.4649477390608891,0.152084337229324,0.10492755663638632,0.1145856931819478,0.006591489982699776,0.007546641823312566,0.015254333168484473,0.0056855154834424115,0.0025403093123697617,0.28746978955300795,18.56827830714323,0.1414097909587774,0.32069236551902686
20,adam,20,21,0.02453720812791692,1,0.0062677667276125676,0.0003061770491511457,0.003087396424519685,0.01028019172818473,1,18,,0,1.3354705260034604e-09,0.3881415001417774,0.10171037758099717,0.07800833514856834,0.08520342857833876,0.0062677667276125676,0.007758288936617953,0.02432712235581599,0.005816824417445131,0.002626150216971734,0.2936143872417269,19.404319328856925,0.14729352491817094,0.3231661723975952
21,adam,21,22,0.024291836046637753,1,0.006159742784433474,0.0003084560322496007,0.0027068079814262227,0.009929864750425284,1,14,,0,4.186454546510562e-09,0.2753372875768667,0.07204485844313364,0.050887025081789675,0.05553781505903792,0.006159742784433474,0.00752659491041099,0.022754391200208928,0.006209201220533115,0.0026668828203467937,0.2946686181601544,19.714795511985777,0.1530333937922458,0.3246928033292831
22,adam,22,23,0.024048917686171376,1,0.006130668378161981,0.00033843930533965623,0.0027599224416481882,0.00852298048647569,1,24,,0,1.7986534048403742e-09,0.24117319481785582,0.046056253287060554,0.019692293798569308,0.021455782833256817,0.006130668378161981,0.007558011743764502,0.024059150255656966,0.00650389127956763,0.0026744828386260472,0.29375724895283056,19.91757185103792,0.15758748262383526,0.32471031854999544
23,adam,23,24,0.02380842850930966,1,0.0056139087213354505,0.0003621947209219218,0.0036687582094090832,0.008009285342457975,1,9,,0,1.3331797509950723e-09,0.29969050777987355,-0.014402403703285913,-0.01226536273143872,0.013334005516959842,0.0056139087213354505,0.0072226248619469136,0.024879900271638396,0.005953347365293555,0.0027046311830765776,0.29520837747754514,20.123182100374077,0.16134315814037978,0.323518305004726
24,adam,24,25,0.023570344224216562,1,0.00611210234216765,0.0003878213020679362,0.004357400720185407,0.007806081354522171,1,33,,0,1.4905985365617404e-09,-3.5192365550400955,-0.0018005099234900792,-0.03874956858890046,0.013551744646275232,0.00611210234216765,0.0077338333490711945,0.026645758264664796,0.005975524443960298,0.002868448405813804,0.31313536637511663,21.615968247788686,0.1644566853294262,0.32170951734852504
25,adam,25,26,0.0233346407819744,1,0.005200588498816089,0.0003446084093664349,0.0036809596783056076,0.007675334882088654,1,18,,0,1.2314989776533458e-09,-6.273662705006826,-0.0017600888374176638,-0.048285866227341004,0.007481078155248248,0.005200588498816089,0.00677077532924982,0.024975368331948695,0.0051822829951284,0.002745890492844458,0.29602947788877865,20.773466764009285,0.16682032295365662,0.319695128525282
26,adam,26,27,0.023101294374154653,1,0.0052898718247464905,0.00041149581612191387,0.004390124050311265,0.0075322678045290576,1,33,,0,2.2085128538884383e-09,-12.374133454594205,-0.00175773460985041,-0.052474741780627034,0.0012526191154041326,0.0052898718247464905,0.006869341026714141,0.023412377248900797,0.004090998676914689,0.002373711506731516,0.2537505702143905,18.28257389822869,0.1689872195111278,0.31790258183344455
27,adam,27,28,0.022870281430413107,1,0.005233381833496098,0.0006205242341847832,0.01156024488365285,0.007206157065189275,1,60,,0,5.267575058481986e-09,-12.412775797747805,-0.01719010892208881,-0.07939316572481057,0.006976030550167207,0.005233381833496098,0.006893213880986297,0.023231065683988056,0.004381729855420742,0.001957180344668322,0.2265745210316685,15.21466458050909,0.17115359013415962,0.31650822769396286
28,adam,28,29,0.022641578616108975,1,0.004297094964355032,0.0007776007553563335,0.01362391230310774,0.007004068176031829,1,25,,0,2.594684106480346e-10,-13.622256230275031,-0.02298281967663343,-0.11194137249279729,0.005945274374277847,0.004297094964355032,0.00502421392100177,0.01234591808179038,0.0038314397539757077,0.0020647046946979638,0.22677029589197945,15.59766890085717,0.173925355120559,0.315881698547693
29,adam,29,30,0.022415162829947884,1,0.004038811274811114,0.00031456027581406855,0.00609577977726844,0.006257390145745498,1,20,,0,3.5392030411458534e-09,-14.014785730797723,-0.007419213477083698,-0.14102098391713844,0.0006059216985601017,0.004038811274811114,0.004616568688472063,0.012031866273124692,0.0036745170918980447,0.0020834150873848194,0.23188510489981387,15.676047761237387,0.17659799306812682,0.31565653308374486
30,adam,30,31,0.022191011201648406,1,0.0037107261769367345,0.00022258433707599134,0.0015450241675752114,0.005765461380256575,1,17,,0,1.5403941240827644e-10,-13.169924817882178,-0.0024430813311698864,-0.164614167796258,0.0147778601035855,0.0037107261769367345,0.004356196290215759,0.011167862013394078,0.003525028650471908,0.0020832169760750872,0.23290055736763202,15.725223695066177,0.17910525302394498,0.31570327273366205
31,adam,31,32,0.021969101089631925,1,0.0036940173883289245,0.00035886738731611133,0.004766159730038406,0.005436977384688632,1,9,,0,1.608902641410656e-09,-11.866265003735576,-0.0008745941784651347,-0.18187651500734833,0.0057585777910054235,0.0036940173883289245,0.004326603611396385,0.009795996888138023,0.003456231071158879,0.0021165476532575274,0.23661334397522205,16.587917943257303,0.1814419638062566,0.3158457191323179
32,adam,32,33,0.0217494100787356,1,0.0032545567216991974,0.0003073940565323256,0.00297856624637733,0.005438437359011026,1,10,,0,7.864099420146115e-09,-11.149115490990264,-0.00661466186537521,-0.18978076384746947,0.005177081432769578,0.0032545567216991974,0.00398194573087791,0.010553657635890543,0.002968906851107524,0.0020217922736940294,0.22277355224377124,16.196167388680138,0.1836195202182203,0.31587740441120915
33,adam,33,34,0.021531915977948245,1,0.0032536310521179513,0.0003113616349145727,0.005435255074575336,0.005164805645605281,1,22,,0,5.137419079596146e-09,-10.256938438581567,-0.007016304135891119,-0.19933098400255597,0.015549560008678374,0.0032536310521179513,0.00387762491099855,0.009823590988407472,0.003172293272459878,0.0019960663779160144,0.22247401878833595,16.16536416505464,0.18592089248219223,0.31603694908873625
34,adam,34,35,0.021316596818168762,1,0.003143646880924527,0.0003476425199823491,0.005393663034575801,0.004762193510010472,1,9,,0,7.84002108089471e-09,-9.396825931104084,0.006681043119345045,-0.21243474616505406,0.003025241183559642,0.003143646880924527,0.003778453247541477,0.00981754704710899,0.003089416657785672,0.0018913055542324844,0.21293741865319396,15.087784270077162,0.18817096950022894,0.3164192975847832
35,adam,35,36,0.021103430849987073,1,0.0029632398813050904,0.0005041064757982289,0.008891359281088251,0.004642482837673528,1,6,,0,5.546823659056311e-11,-8.717349890967183,-0.0014165323433756923,-0.22736545377015385,0.0006929687359585108,0.0029632398813050904,0.00364444727741473,0.009896076730608036,0.002831475428482558,0.0017616601533880691,0.19968470937202853,13.625291702728111,0.1901042866397268,0.31691659054261256
36,adam,36,37,0.020892396541487203,1,0.0026024116266185715,0.0003619623616142047,0.007382833723904955,0.00444544331762146,1,6,,0,9.676932235670881e-11,-8.545149710277498,0.013238998412612123,-0.23364965200732435,0.005416378994325974,0.0026024116266185715,0.0032852082371708433,0.009283099977000749,0.002666828860448519,0.0016289610367548166,0.18722632596019922,12.708553534748209,0.19197843919121674,0.3174944094848677
37,adam,37,38,0.02068347257607233,1,0.004104661108468306,0.0009199277306249734,0.013323374459002944,0.004397850789041162,1,50,,0,6.830598996213294e-09,-8.3732025254862,-0.00025544771068727315,-0.2395792037327144,0.0031610279310235667,0.004104661108468306,0.005434232989642757,0.014290380639762488,0.0041418657776201495,0.0018566187869127162,0.21625705569880707,13.665962859422065,0.19373378543492797,0.31811067311608227
38,adam,38,39,0.020476637850311608,1,0.004105203283938474,0.0005098758463870368,0.009159171368237313,0.004289480448141371,1,32,,0,6.942023377523751e-11,-7.93462559870944,-0.010110871472053131,-0.24977293112702262,0.002539852491954119,0.004105203283938474,0.005768436566013756,0.016581598754488256,0.004110506675161093,0.0020604017620917663,0.2323264562842687,15.024718811531157,0.19532367094601347,0.31861108262004934
39,adam,39,40,0.020271871471808492,1,0.0038533758683079043,0.0010157545819233366,0.025867335260870636,0.0041990377589754,1,8,,0,3.969801549177617e-10,-7.571917052896428,-0.010163169906702445,-0.25809809920569693,0.005415393088226329,0.0038533758683079043,0.005667274228407995,0.017483998229150585,0.004220646641055057,0.001966249342515026,0.22663993475047547,14.314389451950252,0.19679539930470594,0.31884334374649526
40,adam,40,41,0.020069152757090408,1,0.0034163533443411654,0.0004415603209940943,0.00649107156043779,0.004259345796322817,1,13,,0,3.369849207495888e-10,-7.279546432304851,-0.009831419798823713,-0.2647660240561104,0.0015139485021297445,0.0034163533443411654,0.004946808564221908,0.01822319653830737,0.00333770769118866,0.0020191016221370243,0.22786275934690672,15.020154598244364,0.1981753095880027,0.3189087706061487
41,adam,41,42,0.019868461229519505,1,0.0031479207579313325,0.00042430202253904316,0.0052038758622770095,0.004260868870769478,1,6,,0,3.6380324897356856e-10,-7.1225815386799045,-0.016054112681569463,-0.26739151144839285,0.0014022351151588874,0.0031479207579313325,0.00460882622450115,0.018054256318567382,0.003282945018084293,0.0020053314914811847,0.2273516592726477,14.89787989826511,0.19937438487808526,0.3189556529178413
42,adam,42,43,0.019669776617224306,1,0.004130425190852023,0.0004970752935783956,0.004412284882203575,0.004391179245969826,1,20,,0,8.679744115708902e-12,-7.071952479436369,-0.008992316263315652,-0.267873598139388,0.004006676031108068,0.004130425190852023,0.005474404806088014,0.02001208545856254,0.004110691110778073,0.0022805746779101573,0.25414901987093186,16.466741607383764,0.20054080780455988,0.3190070888041245
43,adam,43,44,0.019473078851052063,1,0.0030944291706369955,0.0002628785760019209,0.004029020923374544,0.004865214963485511,1,17,,0,5.882089114403374e-10,-7.126501052105406,-0.008583399337620394,-0.26624093283144784,0.0014285010865308719,0.0030944291706369955,0.004319412056515835,0.016844864298043848,0.003504956899788767,0.002074179037229874,0.23367165978748372,15.136880816131864,0.20155065658361676,0.3192707612004152
44,adam,44,45,0.019278348062541542,1,0.0034846261244168924,0.00045876603422275244,0.006980154733954222,0.004645651707694772,1,20,,0,5.210169777226457e-10,-7.107517450420374,-0.011692510131011876,-0.2653848282512587,0.005825348392433174,0.0034846261244168924,0.0051454513413243105,0.018421532664492136,0.003764303559834953,0.0020615885555054438,0.23034012050663544,14.641510677847002,0.2023793830716751,0.3195398497116059
45,adam,45,46,0.019085564581916126,1,0.0032322508290405613,0.0003534881978675982,0.0056575584848827755,0.004565742027083066,1,17,,0,2.2989138634316728e-11,-7.118825258545154,-0.016366082707906654,-0.26088518214850404,0.011433984877480844,0.0032322508290405613,0.004409694160697391,0.01631251388077401,0.003441695889488774,0.002009453879198189,0.2241257702322191,14.414354922954562,0.20313897463965602,0.3195550026070581
46,adam,46,47,0.018894708936096967,1,0.0030308955922497332,0.0003499208110745473,0.005477535802451896,0.00451307550597417,1,8,,0,8.973065447950675e-11,-7.028366241127285,-0.01772338767341598,-0.25866891357485994,0.002687264491906163,0.0030308955922497332,0.004195372420284672,0.015126403517797277,0.003376249406913644,0.0019413717393590465,0.21864343460318494,13.71712996854009,0.20377591773087614,0.3194527690412823
47,adam,47,48,0.018705761846736,1,0.003088716231088582,0.000386495332409169,0.006661427652770957,0.004216603013634771,1,4,,0,5.706332791743224e-10,-6.889255541205049,-0.020682696274017944,-0.25844079391073754,0.006323023131845269,0.003088716231088582,0.004131949171441735,0.01443508141907397,0.003252989358146283,0.0019192822111890088,0.21557430218421386,13.463849859645794,0.20446047624107566,0.3194856044481213
48,adam,48,49,0.018518704228268637,1,0.002989216362571942,0.00033464192289141086,0.0037161520822169103,0.0035928332336915675,1,4,,0,7.832325749134128e-09,-6.754883165687738,-0.024973149408722535,-0.2572771876943361,0.006284519642708909,0.002989216362571942,0.003995878663235029,0.014171074657634746,0.003142711679031067,0.0018869762150608288,0.21205907416469788,13.156767190403619,0.20522909460939975,0.31970029811831124
49,adam,49,50,0.01833351718598595,1,0.002867133202795984,0.0005063848861008185,0.01012914729414194,0.0034048246708732184,1,6,,0,2.47276117198471e-10,-6.596969465878096,-0.0296129007978186,-0.25661314041828065,0.004476986937741584,0.002867133202795984,0.0038730234793100064,0.014280063098965222,0.00313379931255614,0.0018165031749786654,0.20692148867034096,12.538428379589536,0.20613496193924555,0.3202310229562129
50,adam,50,51,0.01815018201412609,1,0.002621782808104966,0.00034183725978101457,0.0036527600076084014,0.0033249387890849254,1,7,,0,5.241761086826144e-09,-6.497989208682091,-0.029336924010092025,-0.25793195850344186,0.002302661105916894,0.002621782808104966,0.003601316600042591,0.014060070774841706,0.00297572625395905,0.0018015834209404672,0.2051039013073141,12.61253870040355,0.2068725587121105,0.3208469710732956
51,adam,51,52,0.01796868019398483,1,0.003157785144381707,0.000721457793764237,0.01518635988153741,0.003293207925657683,1,36,,0,7.747011684776318e-09,-6.4050511912855495,-0.013255997544932915,-0.2593219515731452,0.0004262296884645201,0.003157785144381707,0.004465995874094789,0.013297361146681978,0.0034711009772281764,0.001994869506295118,0.22387400566735507,14.517980474472104,0.20772441363672914,0.3214648168181253
52,adam,52,53,0.017788993392044983,1,0.002839829108520513,0.00020938455039809368,0.002222209810368879,0.003499984353594324,1,14,,0,6.904510320997976e-09,-6.3025963778051874,-0.019209749522891978,-0.2610919969849632,0.007418734118555963,0.002839829108520513,0.003987211023987778,0.012903623128303782,0.003446763305288144,0.0020711176336802193,0.22975711126469228,15.243780393743634,0.20844324184010535,0.3217072733113072
53,adam,53,54,0.01761110345812453,1,0.0029559471443827167,0.0006950127585816124,0.015253313521586357,0.003343080966815619,1,5,,0,9.465829839443703e-09,-6.076838465992134,-0.02510358098123264,-0.26215940372098673,0.00036697172521044113,0.0029559471443827167,0.004067872247652429,0.013075228686971332,0.0034489590048484096,0.0021038612011156613,0.231428756440761,15.539830470290696,0.20895923152301113,0.32150288563374896
54,adam,54,55,0.017434992423543287,1,0.0028595977406912993,0.0005246754158381815,0.008607313743374454,0.003134885048184172,1,7,,0,2.0706809070921065e-11,-6.062836285969753,-0.02901548329605902,-0.2602767064163175,0.003480078740223857,0.0028595977406912993,0.003883549658592385,0.013305536773822308,0.0032329259498855008,0.002016013295471722,0.2242431729886111,14.960834855827477,0.20888935620570256,0.32114288921182504
55,adam,55,56,0.017260642499307855,1,0.002680538587531786,0.0003545227082657397,0.006251550194477075,0.002999447152824906,1,8,,0,4.728345002553738e-10,-6.15145601398803,-0.029537822923369247,-0.2556200448898381,9.897795989549295e-05,0.002680538587531786,0.003627540691036281,0.013414498361270573,0.0030539395792445276,0.001982790440929401,0.22225878670794566,14.73795465035026,0.20874904156347038,0.3205697630277386
56,adam,56,57,0.017088036074314774,1,0.002639519503318511,0.00040937984344921685,0.008383568983865913,0.002899559752225598,1,9,,0,1.831528103751155e-10,-6.119669088051022,-0.026833060627966112,-0.24905407393395054,0.0030213304501439304,0.002639519503318511,0.0037091597456250067,0.013757915730326318,0.0031470569564768388,0.0019415815128714388,0.2191179003723471,14.460166854985225,0.2087630468484628,0.3199761594975531
57,adam,57,58,0.016917155713571625,1,0.0024591138297467567,0.00044007118557151854,0.010470641134774193,0.002938413418622558,1,5,,0,2.628724807623926e-10,-6.092327884887377,-0.023075402809811504,-0.24451183401994228,3.853144495311659e-06,0.0024591138297467567,0.0036044717934720833,0.01398519117572168,0.003094741949884395,0.001914678021124811,0.21618511017016676,14.265205418469531,0.2088393858490688,0.31936672947645417
58,adam,58,59,0.01674798415643591,1,0.0023725913333983812,0.000284014423436175,0.005887126709353053,0.0028420940612206382,1,4,,0,1.3238800511013788e-09,-6.122217393877433,-0.020355514397110936,-0.24504929207444928,0.0009368575514656249,0.0023725913333983812,0.0034455117027912758,0.014225990953046153,0.0029926951476554977,0.0018993993032803793,0.21401927472638327,14.155845000236589,0.20883966428654316,0.3189894932775141
59,adam,59,60,0.016580504314871552,1,0.002310670940558953,0.00020078448664762733,0.0031021240869483916,0.0025771015778440066,1,4,,0,3.75617465238315e-10,-6.153901917899859,-0.01737258270051901,-0.2498779829047629,0.0014333592586582282,0.002310670940558953,0.003387402316690829,0.014539226108216431,0.002889279353473946,0.0018839908265318188,0.21207354708977944,14.04795476458824,0.20867988331368262,0.31877323971365423
60,adam,60,61,0.016414699271722837,1,0.002305371330713785,0.0002983020587929478,0.004583965973558222,0.0023587967715748637,1,4,,0,2.053604180050342e-10,-6.167240914856184,-0.014356592175836926,-0.2540541133542788,0.0015465586212198047,0.002305371330713785,0.0033502032733929423,0.014778449994710107,0.0027716368781549702,0.001859591913364827,0.2095896400628499,13.882834071403568,0.20845065749717248,0.31868465152610764
61,adam,61,62,0.016250552279005605,1,0.0021618904983280217,0.00027796349380047457,0.004340997976436188,0.0022657636301266024,1,3,,0,6.377068773169929e-09,-6.189612285888359,-0.011897131898669823,-0.25505374795764724,0.005648446194466492,0.0021618904983280217,0.0032292432989955606,0.014754342858844978,0.002627335005838957,0.0018283424142896342,0.20671173479103444,13.670721066189127,0.20824666137282447,0.31872886391249766
62,adam,62,63,0.01608804675621555,1,0.002013070845488482,0.00020970078948188018,0.002803306909054523,0.0025176721515575763,1,4,,0,2.454572103868264e-09,-6.229965499036901,-0.010419171571916465,-0.25357739037417104,0.008935193432300887,0.002013070845488482,0.003065567491567246,0.014472229193385752,0.00250756879794005,0.0017942876902949242,0.2038961545721846,13.429923950641802,0.20816972273960857,0.3189808908787051
63,adam,63,64,0.015927166288653396,1,0.001986760974446741,0.0002704390625109429,0.0026788830177586903,0.0025137076505306753,1,6,,0,4.160580510567129e-09,-6.259402125679454,-0.01022378507228757,-0.25357534832346823,0.0042722862301701565,0.001986760974446741,0.002939677920932266,0.01405427946265588,0.002412965095516369,0.0017584683413086088,0.20127448709710677,13.17400798559666,0.2082084324489311,0.31942898445474616
64,adam,64,65,0.01576789462576686,1,0.002263292366219801,0.0001629215916990245,0.0015433053052284805,0.0026866400888967456,1,10,,0,2.1665216507707358e-11,-6.276040476766585,-0.011055703823258371,-0.25567877345706436,0.00017325278996531754,0.002263292366219801,0.0031452993956221256,0.013693261599249225,0.002470265249019981,0.001753572869401384,0.20185765888115528,13.058792579792478,0.20821777088498283,0.3198683867566597
65,adam,65,66,0.01561021567950919,1,0.002220501064598853,0.0001974087408521247,0.0025980264723438787,0.0024438169839947023,1,4,,0,4.5905256770348756e-11,-6.296188403122299,-0.01299415814930863,-0.25827752658924796,0.002271984735350667,0.002220501064598853,0.003088834268045628,0.01345796814130236,0.0024334376595940674,0.001723972701229505,0.1995890629565643,12.781851067921524,0.20830225069307529,0.32012265917162314
66,adam,66,67,0.015454113522714098,1,0.002111169735494821,0.00016887512257111664,0.0010535180217212856,0.0023863379213743562,1,4,,0,6.032302140364269e-10,-6.332539504684052,-0.015781209973144656,-0.2602290549072676,0.0024012249424863906,0.002111169735494821,0.0029928789229633746,0.013391043459834525,0.0023867998257082954,0.0016842867494083608,0.19624847609628765,12.410979115718076,0.20847151952973048,0.320243335037963
67,adam,67,68,0.015299572387486958,1,0.001991291520468666,0.00016626654250890554,0.003053174482157061,0.0024646546217048254,1,4,,0,2.2948518599751065e-10,-6.385344915877061,-0.017977281992109247,-0.2609169146545105,0.002268003104252143,0.001991291520468666,0.002886298365614537,0.013401810732582783,0.002340633404767342,0.0016456336065249165,0.19277811006080023,12.045629319563087,0.20866946413465676,0.32022554834862205
68,adam,68,69,0.015146576663612089,1,0.0019272734136372607,0.00022427657996119122,0.004256792519639642,0.0023639480264671556,1,3,,0,9.30196677688904e-09,-6.4378846927153415,-0.01929356171005958,-0.2609222192868815,0.004545807737949115,0.0019272734136372607,0.002800759934619919,0.013305592070929583,0.002316667678407288,0.001617493453081273,0.1901108724293095,11.768043551315174,0.20885271835234478,0.3201217051491535
69,adam,69,70,0.014995110896975966,1,0.00200116385162315,0.00041730260604183703,0.004899884111470685,0.0022997454584635733,1,6,,0,5.328445472592539e-09,-6.474364743334265,-0.019428025574022977,-0.2613994911847686,0.009868195993706481,0.00200116385162315,0.0028387040004205413,0.013028212686136895,0.0022635963562644087,0.0015449185193536223,0.18401891312732285,10.857637999853651,0.20900286507823992,0.32005500885309873
70,adam,70,71,0.014845159788006207,1,0.0018094655933139935,0.0002638297825048308,0.003497210970298741,0.0026062679033093446,1,6,,0,1.828519453211853e-09,-6.579165423459868,-0.020024812076979537,-0.2600980061104264,0.012666197437783262,0.0018094655933139935,0.002632056366199786,0.012836179428551479,0.0021995988760524893,0.0014607474593639437,0.17690562761237016,10.21795347418058,0.20933154845516885,0.32000697832247854
71,adam,71,72,0.014696708190126147,1,0.0017885261365220338,0.0002771483863387592,0.0033551441891749027,0.002388006415631491,1,4,,0,7.976833106767885e-10,-6.64819341782533,-0.020470139833189238,-0.26224307221669735,0.00894655256037414,0.0017885261365220338,0.00257815616338696,0.012684134331159242,0.0021434749800565856,0.0014383207394061694,0.17467862055830816,10.011305952750646,0.20958284272931088,0.3200628676046758
72,adam,72,73,0.014549741108224885,1,0.00172835499355914,0.00020360383016129898,0.003196008780927062,0.002324824021517701,1,4,,0,7.346899737961139e-09,-6.68042656383793,-0.02127402695103038,-0.26699502050377033,0.003102395760471362,0.00172835499355914,0.00252154070418725,0.012563542423031251,0.0020865264136468386,0.0014451464430830032,0.17487375536737645,10.039554081017291,0.20976730405989832,0.32016877559510004
73,adam,73,74,0.014404243697142636,1,0.0017213719276752328,0.0003369395594734929,0.004862715735382429,0.002058589280675258,1,4,,0,2.4759167752416373e-09,-6.690271454211919,-0.02160315092945184,-0.27003173689912296,0.002462531462485938,0.0017213719276752328,0.0024787703844319563,0.012498702144209011,0.002021080038155491,0.0014220372741899337,0.17306765424252366,9.874250324595737,0.20998791019191554,0.32028299765572404
74,adam,74,75,0.014260201260171208,1,0.0016248320500183299,0.00018812716051759358,0.002527147665441432,0.0019610450351903405,1,5,,0,8.31488451855837e-09,-6.68883705894876,-0.020509199750287015,-0.2687875107634397,0.007791489558288283,0.0016248320500183299,0.002398559481510022,0.012484388119086615,0.0019554083526570885,0.0013771329173405504,0.16989362627363683,9.553780703991972,0.21026208932700974,0.3203632350996088
75,adam,75,76,0.014117599247569496,1,0.001586168096873881,0.00026641979163509553,0.004512652637291833,0.001936533995672898,1,4,,0,1.792589564060945e-09,-6.711947075219197,-0.018643500124951383,-0.2679460075652412,0.010373579651236083,0.001586168096873881,0.002368972148773156,0.012477614619383218,0.0019388844847314554,0.001357763736132125,0.1684252001650985,9.461051728881692,0.21046946902745542,0.3204361729528789
76,adam,76,77,0.0139764232550938,1,0.0015209950169410662,0.00017867563123135158,0.002589371499486805,0.0018996911230152998,1,4,,0,4.75616363685186e-10,-6.761305048837058,-0.016860893417991414,-0.2690667620655846,0.008427880612220608,0.0015209950169410662,0.0023011403854258606,0.012465797611782152,0.0018898888037378392,0.0013451302027249266,0.16749208834201088,9.432485624302661,0.21060959873490354,0.3206288966586981
77,adam,77,78,0.013836659022542863,1,0.001490025618210712,0.0006179592783363251,0.01376063656842834,0.0018790477874470802,1,5,,0,1.2800071792711944e-09,-6.810355381747626,-0.015269332706302334,-0.27163013789018287,0.004416468738385578,0.001490025618210712,0.002295971357713809,0.012546218345846969,0.001903425607547579,0.001356225151055371,0.1689190648036756,9.5755498326958,0.21073132606150932,0.32094886190130545
78,adam,78,79,0.013698292432317434,1,0.0016609609025785824,0.00024110697308858147,0.003123668430431459,0.0018286820194522394,1,10,,0,3.624063469670307e-10,-6.83626607289302,-0.015399509712716124,-0.27289453526711943,0.00362413514833998,0.0016609609025785824,0.002397476221660421,0.012019776961302546,0.0019501591812521527,0.0014014791276619365,0.169343247667369,9.585603593617757,0.21088173491309575,0.32127749857505716
79,adam,79,80,0.01356130950799426,1,0.0016174942226163782,0.00037106449613518843,0.0068775326182508485,0.0017574957180182167,1,4,,0,8.36438461179887e-10,-6.849600231664795,-0.01577239069995462,-0.2725874823090094,0.006314099962642766,0.0016174942226163782,0.0023506524639280214,0.011905793082153875,0.0019343960662159773,0.0014044877644452875,0.16925879361072366,9.618731108837526,0.2109437695637495,0.32130774768235104
80,adam,80,81,0.013425696412914318,1,0.0015203344886495342,0.00027877021402262104,0.005116317320833897,0.0017596122903987385,1,4,,0,7.693113209110079e-10,-6.888384794003759,-0.017296466801394458,-0.2709358633230011,0.010830710194684639,0.0015203344886495342,0.0022825766081239107,0.011921483721970884,0.0018800472088036384,0.0013990968683394761,0.16822438899898148,9.625725116320902,0.21094771516802857,0.32107371440204885
81,adam,81,82,0.013291439448785174,1,0.001473491286865593,0.0002760755626783864,0.00614946189972282,0.001847029146717485,1,4,,0,5.40265370007776e-11,-6.962316047059213,-0.01946340879128708,-0.26885781416701193,0.010002123571357784,0.001473491286865593,0.0022487704488555627,0.011971054727638085,0.0018302791895128572,0.0013875091977600031,0.16663755619928686,9.601993562481166,0.21091334616559426,0.32073434619170005
82,adam,82,83,0.013158525054297323,1,0.0014295592766817497,0.00022715132737516708,0.0028641685469203986,0.0017432565956106113,1,5,,0,1.471216394884595e-09,-7.025910162046115,-0.02046544391739287,-0.26813610348070077,0.012852349004370212,0.0014295592766817497,0.002209660202899022,0.011859700784615772,0.0018135168018211087,0.0013792719595221437,0.16567973671546363,9.569014454252082,0.21083893650934565,0.32056532179594893
83,adam,83,84,0.013026939803754349,1,0.0016290720108205561,0.0002740204139532319,0.005135595837678325,0.001889055405816812,1,10,,0,1.930891337504879e-09,-7.075419589471279,-0.01943928007415427,-0.26860625522293996,0.014991263694896033,0.0016290720108205561,0.0024389618363122208,0.011689250005931795,0.0018995188775656079,0.0014423874794947532,0.170701671927751,10.330706415760169,0.2107275093145466,0.32058872096877666
84,adam,84,85,0.012896670405716805,1,0.0015847485922193272,0.00013750068183487316,0.0016022885575388704,0.0016338958665451007,1,3,,0,4.7911981710439165e-09,-7.158012060928466,-0.01822552674471091,-0.2678854167750508,0.012916800493268168,0.0015847485922193272,0.0023774256258407575,0.01156290446029083,0.0019000881270869155,0.0014384021056999896,0.17051343651245848,10.318778932740493,0.21065272511984906,0.3205841770379466
85,adam,85,86,0.012767703701659637,1,0.001556702537428697,0.0002347728841207079,0.003047242044852028,0.0015426397750803636,1,3,,0,2.0764136465043796e-09,-7.23005362392786,-0.01628127626894233,-0.26623755551958295,0.011151352502988984,0.001556702537428697,0.0023138018150485207,0.011436953983794206,0.001877432657570867,0.0014304341140837175,0.16987279462292554,10.270035582381903,0.21058156955211624,0.32046370054670736
86,adam,86,87,0.01264002666464304,1,0.0014640104871969015,0.00012051080056879136,0.0014240838795702697,0.0016370508102174666,1,3,,0,7.65584558119088e-09,-7.268641465624542,-0.01342165282137863,-0.26523294087522087,0.01157254278776943,0.0014640104871969015,0.0022307015879542216,0.0112766866158965,0.0018303616809352927,0.001414168290654915,0.16861238527671646,10.135766542242079,0.21054123088611476,0.32037883100143116
87,adam,87,88,0.01251362639799661,1,0.0014390431688582207,0.00031832581508537647,0.006497605245906042,0.0016831306728311258,1,4,,0,2.931977889389456e-09,-7.315474589294525,-0.010928856986538142,-0.26479839983235337,0.012234312567419636,0.0014390431688582207,0.0021682506666844768,0.011095841378034536,0.0017853900487714465,0.001396146788646232,0.16727637313368085,9.980219302609195,0.2105745678394968,0.3203902850594616
88,adam,88,89,0.012388490134016644,1,0.0013374749261619169,0.00020906645319130132,0.004409799445606017,0.0017200370886828215,1,4,,0,3.626751550065685e-11,-7.388333140487503,-0.009760025377701065,-0.263525599636918,0.010744086929673196,0.0013374749261619169,0.002087282642454425,0.010943506067228118,0.0017319556337314654,0.001376096705847716,0.16580464122713562,9.825345097472475,0.2107215739470413,0.32052165879899464
89,adam,89,90,0.012264605232676477,1,0.0012956676108841756,0.00020041307445051003,0.002862348445410305,0.0017395404389038338,1,4,,0,8.841668920953706e-11,-7.419972344994228,-0.007039324684757085,-0.26312002156318576,0.008949279629216053,0.0012956676108841756,0.0020299612342807084,0.010756908108687022,0.0016907866107624934,0.001356528989458362,0.16452497068515473,9.643460478455898,0.2109247566138114,0.3208409939818205
90,adam,90,91,0.012141959180349713,1,0.0012755818035874588,0.00031904740128829007,0.006265286066051751,0.001766765934768016,1,4,,0,1.6833886606664193e-11,-7.405734312191342,-0.0036942554797406396,-0.2640074364191354,0.0046410289603221995,0.0012755818035874588,0.001987923850914348,0.010577985303053516,0.0016625267862224549,0.0013383583808583138,0.1632515992706635,9.445927712089686,0.21107659333771914,0.3210927139405923
91,adam,91,92,0.012020539588546215,1,0.0012416287123342836,0.00020097110020615938,0.003428932637218959,0.0015829176254664318,1,4,,0,2.9314803386673325e-12,-7.530948699759942,-0.003715834282605677,-0.26463078388800243,0.004669558673933885,0.0012416287123342836,0.0019610201386303914,0.010437944148484674,0.0016106755379491997,0.001315169804536586,0.16127664195166072,9.238154408932697,0.21119775001947505,0.32119945374272446
92,adam,92,93,0.011900334192660752,1,0.0012287681047734773,0.00028001560127006634,0.006332022440233,0.0014706004699356567,1,3,,0,4.461262843635149e-09,-7.994338077407743,-0.0058821759695916005,-0.26429348394888375,0.006311307069929301,0.0012287681047734773,0.0019427622192953458,0.010293573139689243,0.0015708447479007364,0.0012880234249236305,0.15895247554551645,9.013025899037022,0.21132809895098595,0.32127894993817047
93,adam,93,94,0.011781330850734146,1,0.0011929973038201057,0.00024277705173616232,0.005510494154874292,0.0013447496689313952,1,3,,0,2.402215617678484e-09,-8.276251373173684,-0.006911516458675551,-0.2636182038096801,0.008614557062824345,0.0011929973038201057,0.0019029113327709703,0.010136304396192621,0.0015599411947822325,0.0012636025288567613,0.15720598512536538,8.795035954351155,0.21147077487338778,0.32152594910753435
94,adam,94,95,0.011663517542226803,1,0.001184973728158476,0.00030930704819067057,0.00667178673159396,0.0013646193892210535,1,3,,0,1.2032251714131378e-09,-8.528798484071165,-0.008373232660282594,-0.26382518741647054,0.009969904396541456,0.001184973728158476,0.0018780411277415808,0.010059241745967945,0.0015354296377215644,0.0012436033762113882,0.155807506873565,8.62026864750207,0.21157228193142136,0.32184004417539835
95,adam,95,96,0.011546882366804536,1,0.0011646723823876732,0.00034773882736461367,0.008093580628811933,0.0012283055120687622,1,3,,0,8.905408953067387e-09,-8.797609825239597,-0.010424246524854408,-0.26299590784409177,0.00921375431447004,0.0011646723823876732,0.0018626016905939316,0.010048103045306725,0.0014947726017276966,0.0012300543103207673,0.1543924639929635,8.50852914772583,0.21154846971011462,0.3218592276625618
96,adam,96,97,0.01143141354313649,1,0.0011190765883553188,0.00019908547264814056,0.0036316024578423225,0.001304237171632627,1,5,,0,1.1730150789757572e-09,-9.094258631611842,-0.010375458859566861,-0.26085801694906724,0.006317703050303368,0.0011190765883553188,0.0018208515675714125,0.009963410961566716,0.001498965344858743,0.001232628118269309,0.1520231750647036,8.299645378024671,0.21144959200359698,0.32166098863960335
97,adam,97,98,0.011317099407705125,1,0.0011613441376767035,0.0005639540006508728,0.013105172308031886,0.0012785803087989422,1,3,,0,2.4409805791745586e-09,-9.20137072118662,-0.009448995874064994,-0.2594646051313148,0.00487492190007744,0.0011613441376767035,0.0018386542200042137,0.009869024431246126,0.0015099897312913736,0.0012316696619638,0.1513149156708139,8.224115645870052,0.2113556313839935,0.3216542628522228
98,adam,98,99,0.011203928413628075,1,0.0011172877108696388,0.00030028932616457936,0.00641912137521943,0.0013881628282550625,1,4,,0,5.175125172277205e-11,-9.356491954035217,-0.009580403312188174,-0.2589137665732526,0.010216610393420087,0.0011172877108696388,0.0017790090656145988,0.009758395734925608,0.0014550024069348863,0.001226236346593587,0.15034165066713853,8.105516707283526,0.21117848548911727,0.3218078853221935
99,adam,99,100,0.011091889129491793,1,0.0011149807013310286,0.000270461866077316,0.005862007721200966,0.001161918689605322,1,3,,0,1.0191535959638124e-09,-9.452710566905726,-0.007984251842479051,-0.25924455783867256,0.010162140016876781,0.0011149807013310286,0.001766790931475536,0.009677236282899154,0.001442476579116001,0.0012213213307114344,0.14972078544001777,8.009249246665473,0.21104548162923292,0.321939205756144
100,adam,100,101,0.010980970238196875,1,0.001095296664870302,0.0003576336054092005,0.007524254812307749,0.0012251226823423778,1,3,,0,2.6919752225119563e-09,-9.498007884970782,-0.005915511228545962,-0.25915065467159,0.007463930707761213,0.001095296664870302,0.0017765566704423701,0.009624986290133258,0.0014446647485134292,0.0012163120655098118,0.14911732323046034,7.916742377360566,0.21091097274835224,0.32187313469723744
101,adam,101,102,0.010871160535814906,1,0.0010350065069232436,0.00016767834190620565,0.0018703674816156327,0.001129485439817129,1,3,,0,1.1218521585186687e-09,-9.55535035369252,-0.007147005341462414,-0.25830970507375234,0.009037856637760031,0.0010350065069232436,0.0017399736928297516,0.009531111170300635,0.0014244995500553813,0.001210484059443403,0.14821232323566313,7.862651065827095,0.2107371176243332,0.32160644631666846
102,adam,102,103,0.010762448930456758,1,0.001097310776001553,0.00045968561420402877,0.010266154616496116,0.001125057504405852,1,3,,0,3.487626622567593e-09,-9.596405178560987,-0.008352124792076383,-0.2571122842895584,0.009620559059440066,0.001097310776001553,0.0017409934999056398,0.009440194542853352,0.001413502186773001,0.00120301260926141,0.14759009428151446,7.825195232832218,0.2105862685325181,0.3214704948018394
103,adam,103,104,0.01065482444115219,1,0.0010144878290562088,0.0002237488890365083,0.002921937905370752,0.0010247875665600032,1,3,,0,6.892315965492627e-09,-9.58741141253675,-0.005584339649873711,-0.25700602330800143,0.007013547873575899,0.0010144878290562088,0.0017029087875531596,0.009436536853901422,0.0014055076661180855,0.0011899880721218479,0.14700541970459366,7.709943089428882,0.21049087051377094,0.32157130628413744
104,adam,104,105,0.010548276196740668,1,0.00104405711072442,0.0004592331456042449,0.010303291818907396,0.0012478761198046395,1,3,,0,2.9063093490078707e-09,-9.58427742877733,-0.0023386552789591286,-0.25870720750508897,0.002911828201347928,0.00104405711072442,0.001710142507709683,0.009439010086424865,0.0013926647204159828,0.0011744091747221633,0.14656004028681333,7.586818085587278,0.210387509483968,0.3217578333779278
105,adam,105,106,0.01044279343477326,1,0.0010332703891875927,0.0003148699258882892,0.006520210505680222,0.0010366808319074805,1,5,,0,6.839692837213498e-11,-9.540125486636772,-0.0032047609390584947,-0.2590613744677298,0.0040153521583864505,0.0010332703891875927,0.0016988944197191354,0.009322944346121562,0.0013670173479226875,0.0011538695650612735,0.1469769732773971,7.633187577309543,0.21028659297474317,0.3217857521002612
106,adam,106,107,0.010338365500425528,1,0.0010269070553224938,0.00037338592760408236,0.008525121869476519,0.0010121522767455803,1,3,,0,2.9138219817493806e-09,-9.53458997400707,-0.004001388372044322,-0.2574751683841814,0.005020943430188552,0.0010269070553224938,0.001694084180418588,0.009369651097270037,0.0013520544229207712,0.0011463457399902032,0.14643915094894064,7.5992746430693545,0.21017013000663165,0.32163189348534815
107,adam,107,108,0.010234981845421274,1,0.0010031361385343005,0.0003083071333605959,0.007202437128365207,0.0010569063984985424,1,3,,0,2.458940517555278e-09,-9.501821733253989,-0.003118987780255928,-0.2563240515151493,0.0038848965175457273,0.0010031361385343005,0.001683287122887774,0.009407451370624582,0.0013712524736839123,0.0011390789888327231,0.14581567361006523,7.534133252938014,0.21005457900330624,0.32139453134780144
108,adam,108,109,0.01013263202696706,1,0.000991896995673379,0.00038067978209423744,0.009249768662026021,0.0008289795822614731,1,3,,0,1.7098774236153392e-10,-9.503332973766865,-0.002173353768180821,-0.2571785163650183,0.002697756352398208,0.000991896995673379,0.0016827257891299542,0.009451929174568257,0.0013700061722010505,0.0011326559851661195,0.14537259285330206,7.475446458965651,0.20996655233173442,0.3213932127725602
109,adam,109,110,0.010031305706697389,1,0.0009869709846269331,0.0002745945852474682,0.006555753673934351,0.0009414547760876992,1,3,,0,4.329843971995791e-09,-9.538631200745122,-0.0016831551820090834,-0.25798070341976564,0.002094240652083586,0.0009869709846269331,0.0016755916868797802,0.009510330611339579,0.0013463960672048603,0.0011273310397557372,0.14520177258341718,7.439680842908913,0.20989961723998962,0.3215726670318749
110,adam,110,111,0.009930992649630415,1,0.0009930237375460952,0.00032050237953220836,0.0076589096609416835,0.0006841421424805037,1,3,,0,1.2200075586321298e-10,-9.556280175781417,8.570875622548985e-06,-0.25697788121192,1.0623453983222615e-05,0.0009930237375460952,0.0016742886656834894,0.009525836899030138,0.0013367602172485423,0.0011228320345879738,0.14512441976682025,7.399979669028517,0.20982313507250894,0.3216408754537571
111,adam,111,112,0.009831682723134111,1,0.0009392155568524777,0.00022112610804399832,0.0052963425049047524,0.0008580400567559264,1,3,,0,7.961175050761204e-10,-9.557440201831714,0.00210771168016266,-0.25465107331468806,0.0025916194584461355,0.0009392155568524777,0.0016466889535880944,0.009479253830865267,0.0013387299721487839,0.0011183832225115664,0.1449573221819482,7.3493130059495115,0.20971735172668443,0.321527756759902
112,adam,112,113,0.00973336589590277,1,0.0009503518941994273,0.0003667806706180074,0.008831876747945628,0.0008100859667721103,1,3,,0,6.99704158407784e-11,-9.57444606900097,0.003179787369766397,-0.2526268311378028,0.003896818067909664,0.0009503518941994273,0.0016481236717596818,0.009458736174707456,0.0013444162460147253,0.0011150917314456824,0.14473008215847893,7.3218001437475095,0.2095933850983351,0.3213337846802293
113,adam,113,114,0.009636032236943742,1,0.000927375914005947,0.0002756433442553789,0.005231645562178671,0.0008168460746348378,1,3,,0,1.870599585686807e-09,-9.620708643328028,0.002653767491211414,-0.25268672365836126,0.0032624266484957863,0.000927375914005947,0.0016257514205033205,0.00945204400740019,0.0013231436369188314,0.0011102518801894507,0.14442780445396847,7.29872964269024,0.20950981124155096,0.3213354459354813
114,adam,114,115,0.009539671914574305,1,0.0009366805009006782,0.00021432835201791602,0.003302243614714093,0.0008851864987790963,1,3,,0,1.136990722039604e-09,-9.65770827172971,0.0031762749248268763,-0.253268473708622,0.0038928495242820027,0.0009366805009006782,0.001625777067733966,0.009450915019764515,0.0013209926650519508,0.0011043739241343381,0.1443164146970184,7.258916620412549,0.20948522006486972,0.3214574724385581
115,adam,115,116,0.00944427519542856,1,0.0009220076698024561,0.00022521008704763014,0.0032225765913277346,0.0007119591480275801,1,3,,0,2.411772087726355e-10,-9.690083539796289,0.0028530022452034932,-0.2512975219662955,0.0034877387492996746,0.0009220076698024561,0.0016097226502956702,0.009414807115658695,0.0013125561216127384,0.0010991438317387566,0.14412562322683053,7.22920694537965,0.20949581921460148,0.32151728958693965
116,adam,116,117,0.009349832443474275,1,0.0009043622220633782,0.0001774584095438904,0.0025333076370535217,0.0008071621858362841,1,3,,0,2.5089319697475654e-09,-9.732360239151738,0.0019464464072459515,-0.24860784468938543,0.002383937763619216,0.0009043622220633782,0.001592050540191371,0.009381563974178605,0.0013031612155055337,0.0010959893267361383,0.14384947725260167,7.218425020204047,0.20947025421999732,0.3214504861293538
117,adam,117,118,0.009256334119039531,1,0.0008926695417439755,0.0001632305263397819,0.0016000884357748187,0.0007208299788086729,1,4,,0,1.7478416314642042e-09,-9.857008417074518,0.0030879147888048276,-0.24772187960256153,0.003774849243254453,0.0008926695417439755,0.0015999903181207961,0.00946732280730906,0.001315029949475707,0.0011094365315583064,0.143276304589729,7.1537720383032,0.20942092320110361,0.32142052821242145
118,adam,118,119,0.009163770777849137,1,0.0009039402306516534,0.0002093892442820799,0.002470268370330259,0.0008296360511058767,1,3,,0,7.631883648077524e-10,-9.891516944659084,0.005179653681510089,-0.24836259628856186,0.004839378049457245,0.0009039402306516534,0.0016027869627577018,0.00946818075022622,0.001309700371620865,0.0011060547971801905,0.14332395892791505,7.137161823933189,0.20939090234913182,0.32147339379732154
119,adam,119,120,0.009072133070070645,1,0.0008879854270989386,0.00021073860846448602,0.003934395755999262,0.0006956517667653988,1,3,,0,1.3097873611926113e-10,-9.923926629286777,0.004255210902192396,-0.24809777786107926,0.003711748706987611,0.0008879854270989386,0.0015925598991290639,0.009409831440214018,0.0013014829412783349,0.0011021040604554857,0.14315217919337386,7.1173339683591115,0.20938895148460118,0.32149758165510095
120,adam,120,121,0.008981411739369938,1,0.0008665237450141511,0.00017662546185130112,0.0023676487428146505,0.000675038250361975,1,3,,0,9.744776026374727e-11,-9.947897449496706,0.004755427426443135,-0.24705738978885694,0.0042240880069549834,0.0008665237450141511,0.001578980798028669,0.009302390962815507,0.0012903222263114167,0.0010958268985453048,0.14276495816919246,7.069500995805264,0.20938617686332428,0.321454879016068
121,adam,121,122,0.008891597621976239,1,0.0008718327633762487,0.0003017609903419342,0.005941684255240218,0.0008100430953937368,1,3,,0,7.674233529646479e-10,-9.963634117364117,0.005313912864852234,-0.2462157259804122,0.005269869252887552,0.0008718327633762487,0.0015711087740339772,0.009211976169791636,0.0012800884474092706,0.0010891880815732538,0.14247480838283388,7.020073792653469,0.20942839063333296,0.32148287382779195
122,adam,122,123,0.008802681645756478,1,0.0008621234391040617,0.00020472964361488866,0.0023501869076173456,0.0007273520321418672,1,3,,0,3.068064763493282e-09,-9.971720321296592,0.00471674265431015,-0.2451012694882747,0.003951435757401171,0.0008621234391040617,0.0015533836332622378,0.009139518099331502,0.0012634085981356933,0.001080125572545103,0.14234496242322564,6.98590268714911,0.2094574791925457,0.32158940912103295
123,adam,123,124,0.008714654829298913,1,0.0008605142433388273,0.00016285134938886765,0.0015665449612004248,0.0006718708917328764,1,5,,0,4.095021423323088e-11,-9.91146739102571,0.004172900548553676,-0.24483712311854186,0.0035983149224474422,0.0008605142433388273,0.0015384882184952828,0.008937348622559392,0.0012468770107941824,0.0010621358162577214,0.1430049993720616,7.027199409512117,0.2094336409262712,0.32167844060356954
124,adam,124,125,0.008627508281005922,1,0.0008401525390336497,0.00015397551145686822,0.0018506661010912221,0.000726885652182755,1,3,,0,2.8778329203130907e-10,-9.93766557535118,0.004645716155374082,-0.2444624671989975,0.003868293976965709,0.0008401525390336497,0.0015308267605831088,0.008815505066543257,0.0012403801924049205,0.0010596254929349578,0.1428450202016883,7.000701697771457,0.2093487383717592,0.3215509783547582
125,adam,125,126,0.008541233198195863,1,0.0008588072816825153,0.00021290266182565437,0.0020001439237062714,0.0006127852418027726,1,3,,0,5.647645128901476e-10,-9.955340911969461,0.00494601380158374,-0.2435826666388512,0.004024277471589224,0.0008588072816825153,0.0015313864524705342,0.008756553210518029,0.0012402185345541628,0.001056397357973826,0.14259750204711655,6.971884854118296,0.20932966457947477,0.3214788831894722
126,adam,126,127,0.008455820866213905,1,0.0008293750803966962,0.00015843931988440132,0.0013394139996365066,0.0006946464808686676,1,4,,0,8.980372536593562e-10,-9.977393419697291,0.004545603603081462,-0.244184202042025,0.003783869545643328,0.0008293750803966962,0.00152105500551543,0.008731397351355027,0.00122058932909855,0.0010509966003054835,0.14227817958844025,6.925115912788835,0.20936488250546664,0.3216184294384971
127,adam,127,128,0.008371262657551766,1,0.0008310349375278066,0.00018010301824838954,0.002830359450801732,0.0006601116391713867,1,3,,0,3.5418435164787194e-10,-10.004050208135887,0.004214598843029955,-0.24421576475762874,0.003586749958009799,0.0008310349375278066,0.001505879137384774,0.008649837381486041,0.0012061515163050219,0.0010469109505875306,0.141999758867685,6.892187527845559,0.2093845253443087,0.32176728826457873
128,adam,128,129,0.008287550030976249,1,0.0008198487343359874,0.00013380359280404337,0.00099889988019633,0.000615207715078776,1,3,,0,1.3016512272341054e-10,-10.02161919416448,0.005649823666389076,-0.24266276664498407,0.004442562309122418,0.0008198487343359874,0.0014955663545186068,0.008570470063128813,0.0012007609796635458,0.0010434886761488001,0.14165643609678652,6.862997583554458,0.2093152309798439,0.32169841348025335
129,adam,129,130,0.008204674530666487,1,0.0008293735157314929,0.0002510158706965297,0.005629729197916102,0.000636789836542026,1,3,,0,2.529531473755597e-10,-10.040443934837198,0.006574324272139422,-0.2415999263096081,0.005202740046797754,0.0008293735157314929,0.0014957707290959464,0.008553973955559716,0.0012005909872955375,0.0010407252459020838,0.1413386557104323,6.830167060738734,0.20924306264486967,0.321603245962702
130,adam,130,131,0.008122627785359821,1,0.0008067091434337722,0.00012617265036283677,0.0010329987659474745,0.0005812841388515711,1,4,,0,2.640759906330895e-09,-10.099561149790198,0.0046666757912889,-0.24121637211408822,0.003865513239514101,0.0008067091434337722,0.0014833470339090302,0.008613029402577216,0.001196007190714114,0.001043535781322137,0.14091361923461856,6.786503435274858,0.209210160010034,0.3216261511389185
131,adam,131,132,0.008041401507506223,1,0.0008236214379888832,0.0002668322001772007,0.00514811795217515,0.0006406095161223134,1,6,,0,4.954388638431914e-10,-10.198775396821441,0.003303526864981843,-0.24061200473966288,0.0029746225712524448,0.0008236214379888832,0.0014841667953126951,0.008606126187813225,0.0011973326234903882,0.0010538405403153113,0.14042830120753758,6.742604789706213,0.20922837301826386,0.3217142932182816
132,adam,132,133,0.00796098749243116,1,0.0008093552721889057,0.0002101830892896016,0.0033266873968366487,0.0005944721372112897,1,3,,0,2.3060189614302529e-10,-10.228743518312983,0.004787061085162022,-0.2392258690128039,0.003994487791437628,0.0008093552721889057,0.0014863393908751811,0.008548438864077391,0.0011990829105456766,0.0010526267600182724,0.14033103574363315,6.722708597706311,0.20922642572167058,0.3217077193416886
133,adam,133,134,0.007881377617506848,1,0.0008023213515181522,0.00020228774793770404,0.002859158001385624,0.0005475265869481098,1,3,,0,6.838808029603418e-11,-10.252946027689816,0.003600233249091094,-0.23778955898776408,0.003112557137784515,0.0008023213515181522,0.0014818829105337735,0.00853495528049147,0.0011979661157862907,0.001050240809722435,0.14020439692759512,6.708501681831426,0.20919027507299623,0.32165925957911456
134,adam,134,135,0.0078025638413317805,1,0.000789859115562938,0.00015509878414106886,0.0022987528193816036,0.00057368229102991,1,3,,0,7.054198887930348e-11,-10.283822028986718,0.0026865201484896416,-0.23796108277866318,0.0025307540427810266,0.000789859115562938,0.0014660204832175022,0.00851306190759201,0.0011852482309553229,0.00104630948189795,0.1400955652619719,6.6875336522304885,0.20914854483514703,0.3217575853169405
135,adam,135,136,0.007724538202918462,1,0.000794382282096813,0.00021883704748002799,0.0026528261081927604,0.0005648584054031983,1,3,,0,6.94596923179057e-11,-10.313586670486705,0.002292773224811919,-0.23861942626816054,0.002238678639865997,0.000794382282096813,0.0014598689846447742,0.00846893194403131,0.001176693072064765,0.0010435867270782828,0.13992153454316067,6.670151284603862,0.20907340248067952,0.32179979889346216
136,adam,136,137,0.0076472928208892775,1,0.000783374868589837,0.00014819963729793644,0.002511049700234151,0.0005366765378913172,1,3,,0,2.2943689164653394e-10,-10.326911078834812,0.0031737303735936144,-0.23727115840811425,0.0028836104183765573,0.000783374868589837,0.00145793185379916,0.008481384084406764,0.0011783623930006445,0.0010406782860235273,0.13956641794240512,6.653645167413987,0.20899305028605455,0.3216802763729073
137,adam,137,138,0.007570819892680385,1,0.0008010940937714711,0.0002310178324208302,0.0029011537919287804,0.0005305948334481093,1,3,,0,4.30053132291762e-11,-10.341666042713864,0.0028024179876457744,-0.23629948610185778,0.002608402164800679,0.0008010940937714711,0.0014627199185577456,0.008539540598378756,0.0011817983291580552,0.0010369527293126921,0.13923851446646723,6.635462981363466,0.20894306565657716,0.32159738467357174
138,adam,138,139,0.00749511169375358,1,0.0007665527626300738,0.00016593354509952614,0.003124166187182959,0.0005441663479453103,1,3,,0,6.267324432861864e-11,-10.374288539184796,0.0013004070160810407,-0.23688313145766324,0.0013871085978869905,0.0007665527626300738,0.001454136125436784,0.008543951495195923,0.001169269927365791,0.0010314858248277464,0.13902647673919857,6.6018017013224375,0.2089167594595592,0.3217073946131701
139,adam,139,140,0.007420160576816045,1,0.0007811252520727908,0.0002197105061532479,0.0031504893967432518,0.0005894575593380982,1,3,,0,4.3641852741419936e-11,-10.402955075898307,0.0012513254925740564,-0.23635896546424015,0.0013410996887076659,0.0007811252520727908,0.0014510802814671237,0.008512426747004111,0.0011667607515642732,0.0010265593742353658,0.13889491344284305,6.569314275733534,0.20889293708711465,0.3218568263892712
140,adam,140,141,0.007345958971047884,1,0.0007642079546120743,0.00017658222287469258,0.003591761532766473,0.000497005311735745,1,3,,0,4.2204929603481067e-10,-10.416100049608632,0.002461804937425677,-0.2350042512247262,0.0023445200719329398,0.0007642079546120743,0.0014525888052082869,0.008525272484710434,0.0011717045167371337,0.00102389025675619,0.13873260178478303,6.553442430857851,0.20882616652524996,0.3217956158868134
141,adam,141,142,0.007272499381337405,1,0.0007729349439217244,0.00021258202494521628,0.002928147629965093,0.0004924877220072552,1,3,,0,4.242736737795631e-11,-10.434816253386028,0.001762420467574743,-0.23489241109020992,0.0015441400628182433,0.0007729349439217244,0.0014506180995103115,0.008534939165981949,0.0011696428194955348,0.001020538862540169,0.13851174013100342,6.538210874617663,0.20874915243720957,0.3216916562739962
142,adam,142,143,0.007199774387524031,1,0.0007611894750312276,0.0002749890109619092,0.005361792732216846,0.0005296972151923764,1,3,,0,2.2215019211357915e-09,-10.466642870510794,0.0007550375776138606,-0.23512142915420403,0.0008528402857266453,0.0007611894750312276,0.0014319282565703165,0.008458504891569803,0.001154247335736044,0.001015866097325163,0.1383664567860357,6.527810826110669,0.20873974808524445,0.321749010374768
143,adam,143,144,0.00712777664364879,1,0.0007630448524883012,0.00016088511944851444,0.0012357628179274886,0.0005279040915746437,1,3,,0,4.6188192117718995e-11,-10.49609262093253,0.001437653579649379,-0.23510245753935669,0.0015074301484866001,0.0007630448524883012,0.0014265566875345695,0.008412114121603463,0.001147717488690103,0.001012472617663298,0.13834772789290364,6.507202650377095,0.20876530737545476,0.3218848898515264
144,adam,144,145,0.007056498877212303,1,0.0007684012059703252,0.0002666163711597851,0.005534020878867297,0.0005021525076631588,1,3,,0,1.5060795044848161e-10,-10.514482624388998,0.0026611655377516406,-0.23401967576596144,0.00248766420029421,0.0007684012059703252,0.0014320445844002454,0.008432161564037725,0.0011512568422064043,0.0010096459342521444,0.13824748164820921,6.48593567584278,0.20875567388933172,0.32191817213825985
145,adam,145,146,0.00698593388844018,1,0.0007456558201588679,0.0001718674241986624,0.0013830637668772066,0.0005140254843992895,1,3,,0,1.246432356455418e-10,-10.536342240805796,0.0015717443571769106,-0.2336178165900732,0.001610677580876949,0.0007456558201588679,0.0014204108143045554,0.00839300882627931,0.0011460877099223653,0.0010061139787747924,0.13800079585985855,6.466872056161098,0.2087041075447328,0.32185907201265473
146,adam,146,147,0.006916074549555778,1,0.0007629226285017533,0.00022767912343039663,0.0033643259932552667,0.0005524747530854938,1,3,,0,5.260838735221623e-10,-10.558141765176135,-0.0005777108449699248,-0.23417584597607158,0.0005189866448554917,0.0007629226285017533,0.0014221791064038445,0.008382238835859318,0.0011410563701746345,0.0010055922040323637,0.1378490162997535,6.455200483787446,0.2086136860211104,0.32181630921168736
147,adam,147,148,0.00684691380406022,1,0.0007413551609044594,0.0001426486944076706,0.001261696948584478,0.0005141536352088314,1,3,,0,1.552180212295735e-10,-10.572788027618403,0.00093705448485318,-0.23378133908062523,0.0008259190192609816,0.0007413551609044594,0.0014123189459120662,0.008390952068108647,0.0011390378617483327,0.0010031643949074247,0.137768444938638,6.431722913938819,0.20859698380464853,0.321897129866005
148,adam,148,149,0.006778444666019619,1,0.000745599260765424,0.00021553756078892996,0.0036705310142918684,0.0005343303865684316,1,3,,0,2.6583625289104016e-10,-10.589143289500493,0.002363062827531749,-0.2329894056846369,0.002239457122202668,0.000745599260765424,0.0014114798144109065,0.008403540405155108,0.0011370328554960946,0.0009998258920633717,0.13767791309919827,6.408476596097341,0.20860284944369661,0.3219528295082604
149,adam,149,150,0.0067106602193594215,1,0.0007404774005684825,0.0001670421300318149,0.0017461817054237774,0.0004937383715689701,1,3,,0,2.435661546224608e-11,-10.616176907191898,0.0016381165333045663,-0.233168034224578,0.0016585894035966724,0.0007404774005684825,0.0014054032604887902,0.008359636607084582,0.0011285548659999258,0.0009958109605121227,0.1375196001785906,6.38497765315778,0.20854559793279062,0.3218703200253481
150,adam,150,151,0.006643553617165827,1,0.0007295553133226737,0.00018307226501620286,0.003587498242786545,0.0004489405970620361,1,3,,0,6.282923876929227e-10,-10.633679611915204,0.0007213951508076824,-0.2328443690109908,0.0008068241059813275,0.0007295553133226737,0.0013987161929121569,0.008345017113555868,0.001123499976638785,0.0009922574648051979,0.137465649067911,6.371605080385203,0.20848337376975407,0.32181593676271153
151,adam,151,152,0.006577118080994169,1,0.0007329729120202675,0.0001824702720964332,0.002358975832674745,0.0005129713070340144,1,3,,0,1.419493965572192e-10,-10.644667291023445,0.0010576166583228497,-0.23193244814707623,0.001132321075329876,0.0007329729120202675,0.0013960044702089772,0.008334857080890401,0.0011230166129299474,0.000989294984022901,0.13750804530494273,6.361039796813401,0.20847279932080504,0.3218932404911456
152,adam,152,153,0.006511346900184227,1,0.0007357065292880571,0.00024648101924290854,0.004845048530916472,0.00045779504915779496,1,3,,0,2.2917813270639994e-11,-10.663294914047128,0.0009482690860971662,-0.23179954395372374,0.0008311077427222018,0.0007357065292880571,0.0014001974236663146,0.008324667655264743,0.0011230625320278115,0.0009872935691815957,0.13748356964782749,6.343934127936302,0.20847253654690567,0.32198595475792224
153,adam,153,154,0.006446233431182385,1,0.00071104813582312,0.00027521118017669586,0.004440561727114272,0.0005150185824122118,1,3,,0,5.869337919662719e-09,-10.675228528379215,0.001385625397411695,-0.2318916485367558,0.0012072371748434443,0.00071104813582312,0.0013820495942144244,0.008235496243780609,0.0011073421930729234,0.0009772429458158789,0.1371633078384006,6.30748617331738,0.2084657608845091,0.3219972605533337
154,adam,154,155,0.006381771096870561,1,0.0007245970224567384,0.00018399759330634566,0.0017082649323945543,0.0004312080293895222,1,7,,0,7.13271279904074e-09,-10.717866612042995,0.0007257758860810469,-0.23147377005728895,0.0008022010098565999,0.0007245970224567384,0.001390837880586388,0.008316844681144001,0.0011189990468731688,0.0009859818958412084,0.13704295411797812,6.325217479874688,0.20844302180850757,0.32196790002079473
155,adam,155,156,0.006317953385901855,1,0.0007174435861964938,0.00015975126648307077,0.0015094250458603496,0.0004976355355266012,1,3,,0,1.0267951080980394e-09,-10.741459627253246,-4.274507473090939e-05,-0.2313365429991188,5.311893919498001e-05,0.0007174435861964938,0.0013918294904436284,0.008321864671214754,0.001119410300575857,0.000988208696194883,0.13708707127356656,6.344595363849082,0.20839639673680788,0.3219588263896962
156,adam,156,157,0.006254773852042837,1,0.0007127810644525162,0.00012407877758883042,0.0011111530803192104,0.0003765456679278479,1,3,,0,1.715568619530676e-11,-10.764279825332267,-0.00035336749635432466,-0.23032673344259774,0.0004668094135000803,0.0007127810644525162,0.0013853755518072142,0.008274845568193618,0.001116676546535144,0.0009876633917953346,0.1370799589230874,6.3516226083485074,0.20837931060642928,0.32199924113934997
157,adam,157,158,0.006192226113522408,1,0.0007010801338049613,0.00014919967621792094,0.0009897361962217582,0.0003961906065400775,1,3,,0,3.027185233464634e-10,-10.79353963566297,-0.0003849929231489134,-0.22973083495403415,0.0005148480526198045,0.0007010801338049613,0.0013749407054384195,0.008178818022217546,0.001107604801858712,0.0009855485038876314,0.1370145323618067,6.343348121152715,0.20837211480201537,0.3220433157128306
158,adam,158,159,0.006130303852387184,1,0.0007357584763246337,0.00024900159411175436,0.002795405723377078,0.0005282112667629308,1,3,,0,1.7164925522118754e-10,-10.819479924087364,-0.0003925603011157024,-0.2303597139864753,0.0005292750059685619,0.0007357584763246337,0.0013753002353351855,0.008129054589648273,0.0011007440122605687,0.0009837967148910917,0.13701163480355077,6.3336353088395425,0.20837948403714338,0.32213716043233176
159,adam,159,160,0.006069000813863312,1,0.0007183408581531623,0.00017061212855590575,0.0016600166187192966,0.0003740123770363079,1,3,,0,9.530777698290383e-11,-10.83986817208977,-0.0007828312408834248,-0.22980627365839093,0.0011583640686817687,0.0007183408581531623,0.0013604306715145988,0.008055533905599105,0.001094025344805828,0.0009811984136280742,0.13693545468682536,6.3305277284422505,0.20837523898881652,0.322144786503596
160,adam,160,161,0.006008310805724679,1,0.0007058426917417817,0.00018798442040007994,0.002125314089881812,0.0004633048695169439,1,3,,0,6.988707779533819e-10,-10.859663204645244,-0.0008318775545159717,-0.22895059962786607,0.0012499849306906352,0.0007058426917417817,0.0013545114177330995,0.007988901430240504,0.0010901065523903138,0.0009787495219440892,0.13681227054641645,6.319907793591552,0.20832619170530944,0.3220729302170473
161,adam,161,162,0.005948227697667433,1,0.000714923004286192,0.0001855497954852489,0.0014688308112773111,0.0004309029808900546,1,3,,0,2.2320911527385017e-10,-10.881222960108934,-0.0007213541274484345,-0.2291755260743909,0.001054624177217624,0.000714923004286192,0.001357263222285044,0.00798531332797948,0.0010870330247866055,0.0009763479881219156,0.13671451108479238,6.29303230124014,0.2082697947185078,0.32207992090185944
162,adam,162,163,0.005888745420690758,1,0.0006857492596543659,0.00015912984699661262,0.0013351669779697885,0.00040090162250706874,1,3,,0,1.0976524369537738e-10,-10.895591737796865,-0.000639456633200457,-0.2290388596053325,0.0009040912704876438,0.0006857492596543659,0.0013518034137724683,0.00800786101173314,0.0010826163366282485,0.0009721622042488249,0.13652581280952328,6.263132316075572,0.20826917342623513,0.32212555062897624
163,adam,163,164,0.00582985796648385,1,0.000729855448691237,0.0002704407840496048,0.003553980908783083,0.0004888211663704828,1,3,,0,1.0882365130520176e-09,-10.90776542723535,-0.0006187643325575557,-0.22850018826501345,0.0008517771477122859,0.000729855448691237,0.001354515714128541,0.008007084540943678,0.0010852814269558103,0.000968052280778273,0.13626157549007276,6.2455262833339535,0.20826612667781294,0.32206058198130666
164,adam,164,165,0.005771559386819012,1,0.0007021087681759545,0.00019765804784659162,0.0021536617903709487,0.00040798880106754435,1,4,,0,2.6652605952312307e-09,-10.931410162872604,-0.0004942032561938954,-0.22886797305630602,0.00026392140186704504,0.0007021087681759545,0.0013492246333018621,0.007968003619395286,0.0010756701352627107,0.0009644508533566002,0.13614451703485717,6.22922656048046,0.20823173737866152,0.32205341758294825
165,adam,165,166,0.005713843792950822,1,0.0007168277394125321,0.00027486607780506574,0.003064208484567802,0.0004960309058464025,1,3,,0,3.1114667339833797e-10,-10.958855433534946,-2.6901226359046238e-05,-0.22900157297838553,3.299473308523219e-05,0.0007168277394125321,0.0013484431750601662,0.007924513574361226,0.0010705855093467525,0.000959965783022342,0.13624983943347888,6.201364031173324,0.20821881226010638,0.32217159490392516
166,adam,166,167,0.005656705355021313,1,0.0007122237584212554,0.0020790945180452205,0.03654790239650321,0.0004587598889843082,1,3,,0,7.333474553496122e-09,-10.970865432216721,-9.414490487677756e-05,-0.2281701533519291,0.00011585164642727374,0.0007122237584212554,0.0013310108757576477,0.007839552586396613,0.001059802124638708,0.0009484425368009945,0.13608386309830317,6.154391903586623,0.208217547149609,0.32221092074228713
167,adam,167,168,0.005600138301471101,1,0.0008789475005382492,0.00032428469364105214,0.003458071794385316,0.0009965118057961365,1,11,,0,1.4804846966811496e-09,-11.901787366880338,-0.00018280063858465737,-0.22640368802200536,0.00022438694398830533,0.0008789475005382492,0.001403727801181436,0.006762852259303998,0.0011033043130479932,0.0009286747518849521,0.1370913446856066,6.2263177214578995,0.20821026462013906,0.3221400580733963
168,adam,168,169,0.005544136918456389,1,0.0008132633804069648,0.00018682501638315842,0.0014767853305407749,0.0010129251712095357,1,4,,0,5.333371559238808e-10,-12.009515037930136,0.00021647597297801463,-0.22591757190665487,0.00024216341432854748,0.0008132633804069648,0.0014036790525561818,0.00657912561072102,0.0011134673550660284,0.0009416247715595301,0.13824890373589008,6.368720411487119,0.20822468872686611,0.3221849150226385
169,adam,169,170,0.005488695549271825,1,0.0008747957301038132,0.0003314408484303807,0.004512205718870092,0.0010076344995466997,1,3,,0,8.564217840797105e-09,-12.11556286482712,0.00034962819753168333,-0.22639679067201435,0.000308697072909274,0.0008747957301038132,0.001433010786798977,0.006473579577522958,0.0011223972344170591,0.0009573136537751386,0.1396504455819683,6.531886141469691,0.20827600557195983,0.32239368397046264
170,adam,170,171,0.005433808593779107,1,0.0008710597574885331,0.00031433367019113905,0.0039102203566911235,0.0008038663560816418,1,3,,0,5.208819683638102e-10,-12.214318296625406,0.0003936758112095518,-0.2257526666376813,0.0003481257918287584,0.0008710597574885331,0.001434320883005615,0.006439476680243223,0.0011347649334649953,0.0009684569094504343,0.14057607337857497,6.6518387009681685,0.20831568120753438,0.3225867595790051
171,adam,171,172,0.005379470507841316,1,0.0008416039688201725,0.00021234835475569718,0.003087006194008236,0.0008387524521065949,1,3,,0,1.1532743401939337e-09,-12.306694114128105,0.0011008995439487227,-0.22414588801879484,0.0010459868425453194,0.0008416039688201725,0.0014193537698847397,0.006459963285920332,0.0011362832130894665,0.0009765303899807478,0.14098121678709472,6.743073305479146,0.2082953892472025,0.32264280868970546
172,adam,172,173,0.005325675802762902,1,0.0008475016881548306,0.0002829077755784738,0.003667428131292715,0.0006983504487942948,1,3,,0,1.7550417393607174e-10,-12.389634480993692,0.0008106923986258365,-0.22318975465435326,0.0007059082999175885,0.0008475016881548306,0.0014166658421202406,0.006504495800167283,0.001135419142007747,0.0009850528469520317,0.14125959404584998,6.828547588309798,0.20819947481931378,0.3225263754475093
173,adam,173,174,0.005272419044735273,1,0.0008140222262744048,0.00016044348153127072,0.001271498474623301,0.0007647940947104311,1,3,,0,2.8918421101062266e-10,-12.462546874363152,-0.0004453123517417562,-0.22317750295509167,0.0003932161712340484,0.0008140222262744048,0.001417340149154844,0.006565812669466104,0.0011390207868135931,0.0009921131828774948,0.14156249292103462,6.892154152932645,0.20807296468428896,0.3223974703512531
174,adam,174,175,0.00521969485428792,1,0.0008474424950994302,0.0003385700188838919,0.005084039562916158,0.0006836288536780437,1,3,,0,1.623550171846323e-09,-12.534938018928285,-0.001077067080713241,-0.22359539412060586,0.0009600031450705066,0.0008474424950994302,0.0014343112192268328,0.006637185726548933,0.0011408544635951323,0.0009980986592533372,0.1419947405066479,6.946287893521315,0.2080005167988055,0.3224227886972274
175,adam,175,176,0.0051674979057450415,1,0.0008102054256140234,0.00022010859141622654,0.002704804119901184,0.0006094465407466671,1,3,,0,2.8223010752955855e-10,-12.620104758554216,-4.83689967956149e-05,-0.22309103294750404,4.255627307723311e-05,0.0008102054256140234,0.0014197335176781584,0.006705996189384188,0.0011404281539562956,0.0010020944875980707,0.1422933980316911,6.991792237130484,0.20797428552040864,0.3224977047331398
176,adam,176,177,0.00511582292668759,1,0.0008270891764880235,0.0003067276633055951,0.0037283318833108182,0.0007140784638485587,1,3,,0,1.5356631473979218e-10,-12.710699983915777,0.0009480874646106077,-0.22143891324451542,0.0008220765670502768,0.0008270891764880235,0.0014116352699166993,0.0067893197321705285,0.001136285298343025,0.0010033314932644702,0.1423606088309236,7.015646433145404,0.20797113564304012,0.32253641836286573
177,adam,177,178,0.005064664697420715,1,0.0008034867357547844,0.000247237391287886,0.003173209107528453,0.0006039712207897015,1,3,,0,6.679358906453448e-11,-12.790670384867278,0.00041509950238235104,-0.22048681121998948,0.00036264292889293603,0.0008034867357547844,0.001404404874984056,0.00686803366835482,0.0011326695731387888,0.001002128459160067,0.14228851889023228,7.013483298198565,0.20795665030070426,0.32251984867743133
178,adam,178,179,0.005014018050446508,1,0.0007875104161138357,0.00032668739128076504,0.00438326521319305,0.0007085935020601741,1,3,,0,2.1841281569331544e-10,-12.86353575448552,-0.0009646177736623357,-0.2207850036510668,0.0008611162805673996,0.0007875104161138357,0.001409769942666922,0.00692257987415811,0.001131813224264719,0.0009996346786931012,0.14210780278829463,7.002432431666127,0.20792464425391546,0.322431785534172
179,adam,179,180,0.004963877869942042,1,0.0007827483528263991,0.0002656968461879406,0.0029361156888083433,0.0005507776937779698,1,3,,0,8.538284300701434e-10,-12.945664860350034,-0.0003029443357697852,-0.22108247642888096,0.0002682557612525518,0.0007827483528263991,0.0014039482722115837,0.006975093560555658,0.001127908482849908,0.0009961202211275564,0.14174964867118156,6.995709013798732,0.20790579666494047,0.3223415447363908
180,adam,180,181,0.004914239091242623,1,0.0007723611433958136,0.0002767480806714998,0.004049883305285515,0.0005866688356681157,1,3,,0,2.414339858361257e-10,-13.032687468541196,0.001801688578431959,-0.22123637927610124,0.001550353592896232,0.0007723611433958136,0.0013873290270403809,0.0070383125330801205,0.0011225977011746018,0.0009926378617729028,0.1413330442976695,6.988969529137624,0.2078746555398372,0.32233734255984875
181,adam,181,182,0.004865096700330196,1,0.0007547488447876159,0.0001787603246447592,0.002206692401869009,0.0005089383644544088,1,3,,0,1.1445364975418041e-10,-13.107654669373902,0.0027113207123294534,-0.22204786198932996,0.0023197112737025987,0.0007547488447876159,0.001378624846836047,0.0070810778327552795,0.00111852658334976,0.0009901481956144794,0.1411337365738522,6.981135096095028,0.20781619111406344,0.32242231955189715
182,adam,182,183,0.004816445733326894,1,0.0007637548996912459,0.00028678698834369354,0.0038061637085825607,0.0005433017777894211,1,3,,0,8.854848234005747e-11,-13.173587987294132,0.0016916040410554082,-0.222464726983588,0.0014593734237665133,0.0007637548996912459,0.0013786514884971447,0.007086962378609288,0.0011149454012574609,0.0009879597133130751,0.14100905633050184,6.969914945809329,0.2077291602782952,0.32244688247056164
183,adam,183,184,0.004768281275993625,1,0.0007386634762777274,0.00020367600551428284,0.003799534691971951,0.00048611570860282455,1,3,,0,1.041042957532918e-09,-13.240671533454611,0.0006175553877691286,-0.22132437655431098,0.0005396312372478974,0.0007386634762777274,0.001370699896120642,0.007098126547942862,0.001109605761076523,0.0009850113560910731,0.140810102970092,6.957517652787236,0.2076674596342008,0.32239900753631606
184,adam,184,185,0.004720598463233689,1,0.0007639141400959251,0.00027230182902471543,0.0030942512903198932,0.0005291867323986306,1,3,,0,1.592800629047531e-10,-13.308360340316835,0.0004302046886009738,-0.2204243156940127,0.00037617561418231543,0.0007639141400959251,0.001363485723247757,0.007080322182752822,0.0011023653726688675,0.0009819709906112772,0.14064113215864557,6.939864381829433,0.20763717059636783,0.3223955151815141
185,adam,185,186,0.004673392478601351,1,0.0007352723932531677,0.00021605304810966581,0.00212118514453516,0.00047037522769331617,1,3,,0,4.3613075854515106e-10,-13.37057780998588,0.00027888514107396944,-0.2210374651959325,0.00024451794272959033,0.0007352723932531677,0.0013540746487617325,0.0069928979242230085,0.0010933271208275455,0.0009797717556810116,0.14064974885331316,6.923828948899023,0.2076110293738206,0.32243221788367005
186,adam,186,187,0.004626658553815338,1,0.0007478581415683525,0.0003313387741711856,0.00466686632152072,0.0005840070932718618,1,3,,0,1.025800045726877e-10,-13.43192054936416,9.72571929153262e-05,-0.22264328112981757,8.577347387685766e-05,0.0007478581415683525,0.001359483128919557,0.006885027235051165,0.0010887708143120592,0.0009775795368748886,0.14065059214441653,6.906567372902146,0.20761179661059728,0.3224852160319761
187,adam,187,188,0.004580391968277185,1,0.0007301191317620532,0.00028187911683784286,0.00407839639531348,0.0004594440752280667,1,3,,0,1.972923631899577e-09,-13.489314038671695,0.0009625185954452865,-0.22267772987435921,0.0008089124151000871,0.0007301191317620532,0.0013503830093023977,0.006834071192657392,0.0010829186584377715,0.0009744814747435078,0.14041196001274284,6.883644696503273,0.20761884397752636,0.32248239259698874
188,adam,188,189,0.004534588048594413,1,0.000734106317674098,0.0002525119445316145,0.002136880760290694,0.0005371995820703287,1,3,,0,3.1766479872508906e-10,-13.53903321756273,-0.00017663154089201107,-0.22151399472403524,0.00016233542114109023,0.000734106317674098,0.0013385199001220399,0.006843869274749964,0.0010773352569171397,0.0009721133086997996,0.14039799226460284,6.879047516951981,0.20757265570877032,0.32243703994145606
189,adam,189,190,0.004489242168108469,1,0.0007324583060322815,0.00024852404221094955,0.0025451165055557293,0.0003752695775524658,1,3,,0,6.146363574867282e-11,-13.588518408536263,-0.0006765180883839373,-0.22145569156514375,0.0006516787799852187,0.0007324583060322815,0.0013335364729900642,0.006840216920177947,0.0010727179887960894,0.0009695243014884492,0.1403011918771465,6.852193139290289,0.20751821890632677,0.32244580240049625
190,adam,190,191,0.004444349746427384,1,0.0007051495718646951,0.000200794705818193,0.001971029239402127,0.0004754895126533436,1,3,,0,8.97849434596565e-11,-13.641085752162764,-0.001018605826741157,-0.22254715169913086,0.0009031262324611963,0.0007051495718646951,0.00132863479558984,0.006802033089612349,0.0010680995839599514,0.0009667243872558393,0.1400944836891774,6.811475312073295,0.20748295840685005,0.3224965446977908
191,adam,191,192,0.00439990624896311,1,0.0006997489036538294,0.00023413777959386113,0.0024617293652472345,0.0004022595091656944,1,3,,0,5.253345731335971e-10,-13.690790338030073,-0.0013766172654566355,-0.2229908424736286,0.0005398557637846204,0.0006997489036538294,0.0013237224971016036,0.006785883881569535,0.0010629832284295945,0.0009638520337499714,0.1397252880222714,6.777247820362519,0.2074661927428754,0.3225167347821831
192,adam,192,193,0.004355907186473479,1,0.0007078152605977458,0.00022661650881218213,0.00204125202291205,0.00044187453433194954,1,3,,0,1.1638701550871077e-09,-13.732314438898502,-0.0015145183634150308,-0.22222493691603828,0.001029022762845502,0.0007078152605977458,0.0013179393684841765,0.006827935661768779,0.0010585357384279579,0.000960921442208478,0.13939635192637748,6.750548545023794,0.20740766095847346,0.32245536845365697
193,adam,193,194,0.004312348114608744,1,0.0006950911566622352,0.00020540278933146495,0.0019479846430946698,0.0003368295600639641,1,3,,0,3.5858068099253107e-11,-13.772818153501923,-0.001335728003432062,-0.22201601314393102,0.0008801322350060593,0.0006950911566622352,0.0013142353506871572,0.00686756450986605,0.0010543547118772628,0.0009576202616433799,0.13917676008370394,6.71942194105552,0.2073349132770573,0.3224140054161618
194,adam,194,195,0.004269224633462657,1,0.0007077218440641832,0.00033125602919225163,0.0031706503232331222,0.00045625971856897975,1,3,,0,1.465380150546117e-09,-13.814965370779841,-0.0010957852666460973,-0.222438409562008,0.00023062627290062665,0.0007077218440641832,0.0013172853370806783,0.006878082929029024,0.001049252283499547,0.0009542481556744001,0.13899361725829892,6.689464081571884,0.20728654817426728,0.3224130196439878
195,adam,195,196,0.00422653238712803,1,0.0006780177781746746,0.00017167997802132302,0.0012326390696158014,0.0003969897366998336,1,4,,0,2.996781775174298e-10,-13.854415821340494,-0.0014234690660423033,-0.22229811770526522,0.0006821062954556915,0.0006780177781746746,0.0013032595687057823,0.0068933811810351145,0.0010434565461960553,0.0009497285819194053,0.1386832487005623,6.663240393956538,0.2072798985416184,0.3224025717063303
196,adam,196,197,0.00418426706325675,1,0.0006956585073870806,0.0002724073620433441,0.0029734944422853352,0.00043282771409463905,1,3,,0,2.2847085459442923e-10,-13.891346497739624,-0.0017285097862381443,-0.22184412442028426,0.0013823863568348848,0.0006956585073870806,0.001297456578961681,0.006919691751455012,0.0010392481129265882,0.0009448371781464346,0.13836158136413196,6.636521182249177,0.20725143519565348,0.3223715668336577
197,adam,197,198,0.004142424392624182,1,0.0006802159958887156,0.00021462904249620646,0.0019496325651497007,0.00035983447982076966,1,3,,0,1.6143892317259598e-10,-13.930383318679057,-0.0016570547584714638,-0.22193207457833483,0.00114433594168521,0.0006802159958887156,0.0012926308435441466,0.006925088189134339,0.0010374013097031775,0.0009401330405296258,0.13813188743567564,6.602761768322924,0.20718749847341417,0.32234115513977224
198,adam,198,199,0.00410100014869794,1,0.0006874245090358685,0.00026664886113383316,0.002759695412413786,0.000430231710783743,1,3,,0,1.6286960713268775e-10,-13.971776523077674,-0.0013737040504720975,-0.2223227696923359,0.0002405887117222049,0.0006874245090358685,0.0012938238102507746,0.006889341112860585,0.0010336616972691287,0.0009362740531397399,0.1379166332646939,6.569659827007621,0.20712788678919183,0.32232765067269864
199,adam,199,200,0.004059990147210961,1,0.0006758125706677649,0.000225078570495319,0.0022813636947840756,0.0003494709105213097,1,3,,0,1.8253634918092552e-09,-14.011207562720173,-0.0015769406632812437,-0.22193141768963742,0.0003652490020841422,0.0006758125706677649,0.0012870167013030265,0.006846415196311479,0.0010294132299836466,0.0009323572954651867,0.13761482316963478,6.539804207941379,0.20710679857904885,0.32232815988079044
200,adam,200,201,0.004019390245738851,1,0.0006700718861560671,0.00021723343200201643,0.0018439477190981865,0.00041825765714651066,1,3,,0,1.7946657359855788e-10,-14.04797915951936,-0.0020747301017245917,-0.2213312329312989,0.0009517515270818641,0.0006700718861560671,0.001278793914405893,0.006822357977116205,0.0010248006924379034,0.0009284105949399462,0.13731748350795941,6.513316554050806,0.20709671963165338,0.3223427973238294
201,adam,201,202,0.003979196343281463,1,0.0006621899512315174,0.00022198510173267354,0.0022879535798028114,0.00031659140314393394,1,3,,0,4.415180608044668e-11,-14.084438321585449,-0.00226106867169631,-0.22151619581208867,0.000814264995626089,0.0006621899512315174,0.001273825352110242,0.006810131745645034,0.0010198065604007805,0.0009247666348006571,0.137144982488766,6.490372320529915,0.2070843579247207,0.32236626811684505
202,adam,202,203,0.003939404379848648,1,0.0006716235354654825,0.00025159223209784347,0.002783311475890762,0.0004215035629222753,1,3,,0,7.374897001196536e-09,-14.122366156415714,-0.002142201369684294,-0.2223208685110744,3.965771565453082e-05,0.0006716235354654825,0.0012738564817104585,0.006778356593309319,0.0010142222920265064,0.000921082898346396,0.13697771557261287,6.462242912250438,0.2070679681876401,0.32237956388529315
203,adam,203,204,0.0039000103360501614,1,0.0006570894934178496,0.00020025210035102685,0.0017118458147117582,0.0002626006096067565,1,3,,0,8.530344558675776e-12,-14.156528702437878,-0.002172713827533306,-0.22214256238803418,0.0005853647852868113,0.0006570894934178496,0.0012661012685288545,0.006752540779289015,0.0010076953570098638,0.0009174269607957885,0.13671655209653585,6.431344177084587,0.20705394799723356,0.32238207106399264
204,adam,204,205,0.00386101023268966,1,0.0006680807758208795,0.00025890516258056,0.0030660612978540705,0.00041545965053482725,1,3,,0,4.68779641665576e-11,-14.186870325798692,-0.0022579008708834155,-0.2212710273308203,0.0004901960452530256,0.0006680807758208795,0.001260259099742973,0.00674064941431408,0.0010033003253649368,0.0009142703727158393,0.13643394969997605,6.401375673899802,0.20704034411100314,0.3223878499969469
205,adam,205,206,0.0038224001303627637,1,0.0006617768110297018,0.00023703469742643698,0.002604754572182836,0.0002525711906662622,1,3,,0,5.471678380888058e-11,-14.218512255028491,-0.002146663038603445,-0.2213261723790484,7.601371223296273e-05,0.0006617768110297018,0.0012555703708689726,0.006739564187251461,0.0009993728539348834,0.0009118128089298152,0.13630761552884485,6.374430760504499,0.2070175074635743,0.3224093767214855
206,adam,206,207,0.003784176129059135,1,0.0006550302717241612,0.0002335329301354127,0.0022311831879555585,0.00039337404939289244,1,3,,0,4.002504943366475e-11,-14.25105405466337,-0.0018335757209177565,-0.22222527870170108,4.9571707216687905e-05,0.0006550302717241612,0.0012539930021598306,0.006747322058972823,0.0009959841951228897,0.0009092534247848833,0.13625746692684923,6.347954918493155,0.20699024754997633,0.322404026285296
207,adam,207,208,0.003746334367768544,1,0.0006528113180138726,0.0002304298832261638,0.0023936751797641095,0.00025886790762189645,1,2,,0,9.18540239682701e-09,-14.281392276498213,-0.0017602111804236845,-0.222651368969763,0.00025666626749498364,0.0006528113180138726,0.0012522952643812064,0.006758097782273866,0.0009931582074247155,0.0009063090594588651,0.13607351813602214,6.320797239305868,0.20697368479958989,0.3223404960518293
208,adam,208,209,0.0037088710240908585,1,0.0006467831753350389,0.00024450735194891894,0.0028219324459679428,0.00035212577249154594,1,3,,0,2.4047767279559172e-11,-14.309610473729318,-0.001863961614098371,-0.2220623716802284,0.0006139475133030754,0.0006467831753350389,0.0012462811931770953,0.006748549565562174,0.0009900839634832113,0.0009028343213799763,0.13580871089660254,6.291030740401568,0.20698903442176914,0.32229584961860436
209,adam,209,210,0.00367178231384995,1,0.0006353285155358404,0.00022250199810079475,0.0020987645989484186,0.00023511821989519348,1,3,,0,3.3560602211124073e-12,-14.339571553734578,-0.0015269183100527063,-0.2217369763875014,0.0003191248045219429,0.0006353285155358404,0.0012408979931056454,0.006734262698492934,0.0009832180373374555,0.0008996038159429059,0.13574128211554679,6.262525642502447,0.20700575551019665,0.32234989682684095
210,adam,210,211,0.00363506449071145,1,0.0006551348109276637,0.0002808531108665433,0.004142271070311145,0.0003491514230506731,1,3,,0,2.2305315543553572e-11,-14.371087088743659,-0.0008436673145711814,-0.2219685078357559,0.00011254571010324458,0.0006551348109276637,0.0012409200720632076,0.006720607431790566,0.0009779046135556279,0.000897035834581528,0.13578265543024226,6.237252862511997,0.20699615501256058,0.3224217405633341
211,adam,211,212,0.0035987138458043358,1,0.0006464478969905519,0.00023859972824137897,0.002184684119380237,0.00022718507031020902,1,2,,0,8.841173318436036e-09,-14.401116514491683,-0.0009600909070339469,-0.22202470393863402,3.454042986863915e-05,0.0006464478969905519,0.001235465075982898,0.006706990257755005,0.0009733840101560521,0.0008945153933171665,0.13564963270854785,6.212701374766799,0.20697739690688577,0.3224205924680697
212,adam,212,213,0.0035627267073462927,1,0.0006335291542360848,0.0002903189186394,0.004497603721606764,0.0003398667845784784,1,3,,0,6.095969035489458e-12,-14.428328127488811,-0.0014413721377369935,-0.22170894393858065,0.0003793091793796243,0.0006335291542360848,0.0012294459141577363,0.006691196758799579,0.0009697455458846365,0.0008911172695562433,0.1353276820768012,6.1872434077757035,0.20697040394865784,0.3223492379638054
213,adam,213,214,0.0035270994402728296,1,0.0006259976459535572,0.00021192110687955017,0.0018604711699642398,0.00021425314009374395,1,2,,0,9.435600065977882e-09,-14.45680223987057,-0.001101872484498644,-0.22163898206402946,0.00033642191917344195,0.0006259976459535572,0.0012263695588790333,0.006672615258121582,0.000968003366339927,0.0008872766353206509,0.13508756737185498,6.160081729293759,0.206967286250558,0.32232592735668764
214,adam,214,215,0.0034918284458701015,1,0.0006348025026045715,0.00027146704727052024,0.003576068015154221,0.00031369886085907825,1,3,,0,1.218564361016952e-11,-14.488291726052703,-0.0006520427191425692,-0.22189910515028452,0.000164165196436746,0.0006348025026045715,0.0012263021705850527,0.006647977275198028,0.0009637584293847944,0.0008838104667570523,0.13499464474605247,6.135462767376586,0.20696997124209957,0.3223797101984022
215,adam,215,216,0.0034569101614114,1,0.0006223038395021084,0.0002280145699233501,0.0026302470273032253,0.0001942582294600207,1,2,,0,5.404101756190881e-09,-14.517756421491535,-0.0009142257345882887,-0.22167780177683158,0.00013391807923617308,0.0006223038395021084,0.0012200311826965808,0.006629315088092608,0.0009597978059392326,0.0008808406418610535,0.13483541599258267,6.113774596829103,0.20696051741550456,0.3224138514599695
216,adam,216,217,0.0034223410597972862,1,0.0006358871250376549,0.0002457520200146171,0.0030542763839420547,0.000331217180598797,1,3,,0,6.6770245478588466e-12,-14.5434524278536,-0.0013994418673934032,-0.22100289402947002,0.00016822671005993346,0.0006358871250376549,0.0012154671192593817,0.006618513629510204,0.0009560434727127696,0.0008783427373725638,0.13455992887588142,6.09441898099681,0.2069356934229648,0.32238796865772357
217,adam,217,218,0.003388117649199313,1,0.0006327720058995009,0.00023376831018334987,0.00267419167992457,0.0002176049548577854,1,2,,0,7.483555912769568e-09,-14.569516398328178,-0.0013140774410410065,-0.2209656933041996,9.02963525289222e-05,0.0006327720058995009,0.001211303390222081,0.006608142075620116,0.000951922149449171,0.0008761280503613624,0.13435822918640303,6.076991371986517,0.20690660335172945,0.3223731115284202
218,adam,218,219,0.00335423647270732,1,0.0006112135622649508,0.0002121978049132002,0.0017486313436911884,0.0002913906960528573,1,3,,0,3.879701643315135e-12,-14.598990239417791,-0.0012129345066646648,-0.22162497692940678,0.000591078484030241,0.0006112135622649508,0.0012080433016340363,0.006579456204664625,0.0009473321840540375,0.0008738854182569653,0.13422169432286216,6.056083624042477,0.20688190741566892,0.3223753605401854
219,adam,219,220,0.003320694107980247,1,0.00060959355628196,0.00022214080408435852,0.00227637752373264,0.00020054523312869256,1,3,,0,2.2892961122109376e-11,-14.62526510826945,-0.0013684312122949314,-0.2215978462247804,0.0004426554550146964,0.00060959355628196,0.001204379976165564,0.006558809673705303,0.0009440747063817752,0.0008709920673884112,0.13402770040447398,6.0333111587843335,0.20687905908016943,0.3223749902185332
220,adam,220,221,0.0032874871669004444,1,0.0006231258052556001,0.0002253233126180847,0.002046956252023574,0.00025906221590739565,1,3,,0,7.409368530212388e-12,-14.645838667419238,-0.001374089792413874,-0.22068607309496435,3.628679490961755e-06,0.0006231258052556001,0.001201155437945204,0.006559618966081193,0.0009436630702504607,0.0008677648857933124,0.13381321622304648,6.012145012577184,0.20687745125536577,0.3223427619729674
221,adam,221,222,0.0032546122952314396,1,0.0006133447852768016,0.0002038381749593827,0.0016940074519848013,0.00019770773211982465,1,2,,0,7.626652839473229e-09,-14.667839818380635,-0.0011578129522269325,-0.22054267060750732,4.723087575400366e-05,0.0006133447852768016,0.001198316755344703,0.00656053835339127,0.000943241487147577,0.0008652375830082778,0.1337772304107601,5.992322065618839,0.20686157326866889,0.3223610235264694
222,adam,222,223,0.0032220661722791254,1,0.0006138719364091375,0.00024337858812859678,0.0026724137705705633,0.00028641730003880084,1,2,,0,9.615377904385654e-09,-14.693474796477819,-0.0010015965843007655,-0.2211524352439559,0.00019056027299993545,0.0006138719364091375,0.0011973782645342314,0.006522257519609339,0.0009397084068553671,0.0008634341854807903,0.13373145997182206,5.9704549563815394,0.20685547463133136,0.32240148828877785
223,adam,223,224,0.0031898455105563344,1,0.0006100353270640364,0.00020725146165123987,0.0020075143793299235,0.00019266263065112282,1,2,,0,5.872727748407741e-09,-14.714975758591697,-0.0010884047285556905,-0.2209286059920165,4.650101014749082e-05,0.0006100353270640364,0.0011934160738780316,0.006496373596404926,0.0009370832276864261,0.0008613589142446459,0.1335734980573912,5.9495155465871,0.2068615227241715,0.3224015744479561
224,adam,224,225,0.0031579470554507706,1,0.0006077077696009861,0.00022614984089608842,0.00226768219185206,0.0002728770742142432,1,3,,0,8.66058104281703e-11,-14.730910300989855,-0.0012728994087737036,-0.21998700770028448,0.0002706503818858989,0.0006077077696009861,0.0011887690677699887,0.006508368862325899,0.0009355136583702343,0.0008592496223379661,0.13346083204777703,5.93316705350765,0.20684899886387528,0.3223759167034234
225,adam,225,226,0.003126367584896263,1,0.0006081545368145403,0.00020845467616473974,0.0016714768089092762,0.00020157748876240494,1,3,,0,1.7206022207943644e-11,-14.74830459301721,-0.0013241631101483485,-0.21996342902640273,0.0001383745215326571,0.0006081545368145403,0.0011859403329524492,0.006512267721315712,0.0009332800015721763,0.0008574448593552534,0.13343882416958408,5.917469191754245,0.20683049332175618,0.32238411027475355
226,adam,226,227,0.0030951039090473006,1,0.000610006708442757,0.00023346594065018353,0.0025063803730612133,0.00025748001078585976,1,2,,0,7.483450256980185e-09,-14.769377157494093,-0.001363907588395598,-0.22072714006412,0.0004034827184528916,0.000610006708442757,0.001183559214254378,0.006473821627590013,0.0009281669070900639,0.0008553947670661073,0.13334953384050197,5.896947912474638,0.20683747861831828,0.32242664910644525
227,adam,227,228,0.0030641528699568276,1,0.0006049503348646767,0.00022843454654377935,0.002186393561823984,0.0002191555453990565,1,3,,0,3.3791317150825416e-11,-14.787314045554606,-0.00144835215161193,-0.22079104081357745,0.0006620231560003978,0.0006049503348646767,0.0011805437724624465,0.00644699556694256,0.0009271270439659414,0.0008531225150074167,0.13313570638059768,5.875123402590754,0.2068477452334142,0.3224346291511842
228,adam,228,229,0.0030335113412572594,1,0.0006064092280885176,0.00025435806972091317,0.0023686056296499764,0.0002591708513979751,1,3,,0,1.2500660082487147e-11,-14.799277080238333,-0.0014053074381485437,-0.21992526951862038,0.0004612877396307391,0.0006064092280885176,0.0011779810119826998,0.006458397100877927,0.0009282349398858707,0.0008508761890334235,0.13293763954501522,5.859120428304501,0.20684178293614194,0.32240853654673324
229,adam,229,230,0.0030031762278446865,1,0.0006018639692448212,0.00022647050759633857,0.002123894531313995,0.00020689650865835866,1,3,,0,3.342200705536262e-12,-14.810548343528463,-0.0012933826076232306,-0.21958112949743597,0.0004526047692077406,0.0006018639692448212,0.001175764591530038,0.00646876715817123,0.0009248114160022921,0.000848967783535466,0.132890325100885,5.843973867573887,0.2068237923416578,0.3224137337919298
230,adam,230,231,0.0029731444655662397,1,0.0005985586858840054,0.00024914019765088596,0.00197284821752874,0.0002488875681583271,1,3,,0,1.293244679016878e-11,-14.825726745629392,-0.0015187131117200868,-0.22018311479168134,0.0007233728088903903,0.0005985586858840054,0.0011738519695463502,0.006444865836516828,0.0009207098320731352,0.0008472958066237826,0.13284314902444677,5.826053323614173,0.20682059617072915,0.3224495071525886
231,adam,231,232,0.002943413020910577,1,0.0005934461029512578,0.0002338147275554382,0.002482306063557267,0.0001992320498919837,1,3,,0,3.012369747165507e-12,-14.841502552464492,-0.0019499082407333766,-0.22051557140129954,0.0006478860327278339,0.0005934461029512578,0.001171051897957744,0.006406773312290475,0.0009207382534458648,0.0008455955234832266,0.13267517999858722,5.80833704449554,0.2068297970688411,0.32245374027128465
232,adam,232,233,0.002913978890701471,1,0.0006030917506118228,0.00027168707802180625,0.003155444857089011,0.00023373611683595366,1,3,,0,3.2164233302316848e-12,-14.851485945707202,-0.0020894214608233245,-0.21987945396862615,0.000575422821266516,0.0006030917506118228,0.0011686242472092822,0.006392907295442358,0.000921436495999884,0.0008436283852348938,0.1324989167915731,5.794039030564095,0.20682970611076187,0.32242389571259705
233,adam,233,234,0.0028848391017944567,1,0.0005918323217233151,0.00021752257820637486,0.0022172660091623404,0.00021918618895013092,1,3,,0,4.229303190447823e-12,-14.857774137237291,-0.0017912851494278402,-0.21952214844477377,0.000711680026690727,0.0005918323217233151,0.0011637682991677237,0.0063880296882571274,0.0009168304238997416,0.0008414676959733871,0.13244666504889283,5.781511204538678,0.2068315894434582,0.3224411242930564
234,adam,234,235,0.0028559907107765124,1,0.0005997816848120021,0.00030216596930674155,0.004318312934741405,0.0002459070501166835,1,2,,0,8.108925503945396e-09,-14.865255765368268,-0.0016624939151312595,-0.21996229767475461,0.0008054373565373012,0.0005997816848120021,0.0011625515702053315,0.0063722334833634636,0.0009131499413349125,0.0008398907107479123,0.1324233114333111,5.768010120983119,0.2068313752330782,0.3224863081074609
235,adam,235,236,0.002827430803668747,1,0.0005881767334460149,0.00023386512692972927,0.0023133755978613805,0.00018694730380865905,1,2,,0,9.796863198449383e-09,-14.874107859300025,-0.002121811870156163,-0.22020286189635574,0.0004453601679058233,0.0005881767334460149,0.0011585859821148456,0.006352554653582366,0.0009124578356902274,0.0008385346049729998,0.13227739662500035,5.7535674786058815,0.2068341703350516,0.32249006237621464
236,adam,236,237,0.0027991564956320594,1,0.00060064284549899,0.0003170855612920399,0.003935525444764424,0.0002570619895150487,1,3,,0,3.988670889122915e-12,-14.879502009974212,-0.0023456217306989644,-0.21969393004276408,0.00025082049689525423,0.00060064284549899,0.0011586018407219263,0.006345395457542648,0.0009159937040292451,0.000837082150199027,0.13208042618749172,5.740570302531423,0.20682515440054686,0.32243897033121943
237,adam,237,238,0.0027711649306757387,1,0.0005889723589940511,0.00022101653617951665,0.002038233678135505,0.00016230894872543866,1,3,,0,3.709109830307146e-12,-14.88100533796936,-0.002068540711367386,-0.21932116678665867,0.0005664382373636123,0.0005889723589940511,0.0011549022005104658,0.006343978110203799,0.0009113413563687438,0.0008351917142969484,0.13201869244446104,5.726360312476109,0.20681756919753735,0.3224332405221138
238,adam,238,239,0.0027434532813689814,1,0.0005906789557067187,0.0002878568453823816,0.003688256261751263,0.0002648578007185394,1,3,,0,4.482669132437134e-12,-14.882290809659395,-0.0017665611958727762,-0.21957776823759764,0.0008891996274205073,0.0005906789557067187,0.001154488039888925,0.006346110048757257,0.0009073879672818297,0.0008336102779106416,0.13207508939885385,5.714897222028417,0.20682014538717022,0.322488039882669
239,adam,239,240,0.0027160187485552917,1,0.00058318966102661,0.00022390321160527116,0.001898481056998527,0.000168270441913147,1,2,,0,4.327979878944153e-09,-14.88572464965463,-0.0019729306004390335,-0.21953536568239987,0.0007958987647608904,0.00058318966102661,0.0011503338506755752,0.00633590074308163,0.0009073236621470338,0.0008321722235190295,0.13202391464155117,5.703877889384672,0.20684498815915572,0.3225271459218403
240,adam,240,241,0.0026888585610697385,1,0.0005877833381069136,0.0002598808283626766,0.002933646177536278,0.0002461968721876749,1,3,,0,6.59582371173163e-12,-14.889300804401605,-0.00235650456633863,-0.21916164721893794,0.0007640175234483321,0.0005877833381069136,0.0011483704253865544,0.006317223773233716,0.0009092833856469187,0.0008311219773782948,0.13187550849943552,5.693227432174221,0.20685216590495034,0.3225015092562401
241,adam,241,242,0.0026619699754590414,1,0.0005816166080923729,0.0002356836166879736,0.002121428927449643,0.0001657896426622001,1,2,,0,5.606633325030184e-09,-14.88983233167328,-0.002349864099341079,-0.2191806459144212,0.0011595027780346363,0.0005816166080923729,0.001145634919081191,0.006302711908864506,0.000906521238719955,0.0008302845124134211,0.13183121502459408,5.682871565350288,0.2068281361755701,0.3224821854552164
242,adam,242,243,0.0026353502757044504,1,0.0005863214784304068,0.0002801192767490952,0.0026649627580517957,0.0002533051647105862,1,3,,0,2.3086405909973993e-12,-14.888855247513455,-0.0020967830493161164,-0.2196262457927408,0.0016436111575951666,0.0005863214784304068,0.0011444522887863713,0.006296907238462396,0.0009004395156059296,0.0008289567087416944,0.13184830550107643,5.6719482493070155,0.20681766638911117,0.32251441689638605
243,adam,243,244,0.0026089967729474063,1,0.0005782420403740017,0.00022552671246457668,0.0019494058018833858,0.0001465009963536392,1,2,,0,4.739178664661025e-09,-14.88906162483715,-0.002182334999997649,-0.21975601369479464,0.001459943605671142,0.0005782420403740017,0.001140546470762486,0.006299294058827693,0.00089925386175564,0.0008274187910282724,0.13175498515863424,5.66163595272426,0.2068358265523226,0.3225472300519986
244,adam,244,245,0.002582906805217932,1,0.0005819125454014442,0.0002531989473175255,0.0024957704562504745,0.00024659492699317644,1,3,,0,5.7787510110396234e-11,-14.889712066880456,-0.002467517985358903,-0.21926272464424118,0.0012038708336163993,0.0005819125454014442,0.0011378084362885091,0.006291508706528451,0.0008989407302656493,0.000826000979952655,0.13153907407114276,5.650684634840063,0.2068612729567181,0.32254209096991937
245,adam,245,246,0.0025570777371657525,1,0.000576684018700844,0.0002399654332210718,0.002252596665921535,0.0001250804481966791,1,2,,0,2.6061040934912487e-09,-14.888314849842375,-0.0024943386264939704,-0.21896386931928805,0.0013694156008469494,0.000576684018700844,0.001136581493236222,0.00628669319754269,0.0008978003280912885,0.0008247864240965023,0.13143865425306098,5.637872768594294,0.20685395665484352,0.32253948804156557
246,adam,246,247,0.002531506959794095,1,0.000577754438260139,0.00026986450288830373,0.0023450230360236926,0.00024998256129192146,1,3,,0,2.56141880174241e-11,-14.88548529277011,-0.0023254414687297973,-0.21903516886052252,0.0018632822493925818,0.000577754438260139,0.0011382429217702671,0.006289307351044613,0.0008977820081919743,0.0008236993979436194,0.13145958458383908,5.6261218486022155,0.20682639252702018,0.3225406921032877
247,adam,247,248,0.0025061918901961543,1,0.0005726765870742189,0.00021451471536768375,0.0021953628624707057,0.00010689511275944365,1,2,,0,3.391959229982645e-09,-14.884730258472098,-0.002414464738025574,-0.2188987840597303,0.00181441567894113,0.0005726765870742189,0.0011377368805542346,0.006289558653483478,0.0009013041161869478,0.0008224132107970195,0.13140831797749333,5.61729764095395,0.20683295006599148,0.3225360486682648
248,adam,248,249,0.0024811299712941925,1,0.0005706097050562142,0.0002493970337670991,0.002275453219053908,0.00022066082234628554,1,2,,0,8.972912534739065e-09,-14.885717561728564,-0.0026995892328344094,-0.21857243770161822,0.001404233719422565,0.0005706097050562142,0.0011346148875559276,0.006276259998606231,0.00090160104763088,0.0008207950215973573,0.13129347071122974,5.6077403713130165,0.20686620632695263,0.32254714578650845
249,adam,249,250,0.0024563186715812505,1,0.0005654902162172524,0.00021321946613247372,0.0033162225539225005,0.00011022782004316541,1,2,,0,3.1811782510303195e-09,-14.885643283945747,-0.0028746555850785688,-0.21861638838287778,0.0015800075745656217,0.0005654902162172524,0.0011299947030481748,0.0062574937400478375,0.0008937255140842724,0.0008192759033671806,0.13124192143702487,5.595717651343445,0.2068762811824796,0.3225740775251731
250,adam,250,251,0.0024317554848654385,1,0.0005721464635599212,0.000251826587666428,0.0021254334838992518,0.0002000175392960049,1,2,,0,6.617323095811397e-09,-14.884197884943962,-0.0027603447977726197,-0.21889327735247568,0.002136184028497338,0.0005721464635599212,0.00112900832804427,0.00624512413055861,0.0008904100351222839,0.0008183875586326632,0.13118243606075045,5.585740102370277,0.2068561212376062,0.32256577303824463
251,adam,251,252,0.0024074379300167838,1,0.0005653218463159395,0.00019699273346396104,0.0023239066203333643,0.00014017939322915002,1,2,,0,3.757121149338247e-09,-14.881189438799709,-0.0028142755958385514,-0.21875754697747685,0.0021401091598818736,0.0005653218463159395,0.00112751478101322,0.006252576031675943,0.0008926201579212446,0.0008176758867410872,0.13106847367790697,5.577288241879857,0.2068348683961148,0.32253100866624174
252,adam,252,253,0.002383363550716616,1,0.0005720989421141453,0.00028189708537834754,0.0030278937397860434,0.00019646887788361237,1,2,,0,6.859507322108534e-09,-14.879808666256093,-0.003038890806707637,-0.2184532946131958,0.0017433278239161307,0.0005720989421141453,0.0011262430243428056,0.006252146240175427,0.0008933147574598977,0.0008165489391055395,0.13095260772206996,5.568227370592324,0.20684741612906324,0.3225332670472506
253,adam,253,254,0.00235952991520945,1,0.0005643710335810632,0.00024328887408475218,0.0020207244397368613,0.00013720413320147173,1,2,,0,7.056923497135003e-09,-14.87899215863679,-0.0030376927859397176,-0.21842962756545506,0.0017507615039963802,0.0005643710335810632,0.001123273518046298,0.006235826163557814,0.0008877307133925333,0.0008149463351203273,0.13090830284944735,5.55645378424351,0.2068775721069183,0.3225754508240742
254,adam,254,255,0.0023359346160573553,1,0.0005721524509450375,0.00029922879400639873,0.002777994298611212,0.00022886358168321797,1,3,,0,1.2896797462033065e-12,-14.877469467246055,-0.0028936204685717642,-0.21876745397484873,0.0022446667849834808,0.0005721524509450375,0.0011245713613255567,0.006227031323692854,0.0008862060006402704,0.0008137735006427192,0.13093674704154323,5.546960782902676,0.2068802266518025,0.3226027325416625
255,adam,255,256,0.002312575269896782,1,0.0005669852199765541,0.0002365112771583533,0.002335236422069218,0.00012444735055716196,1,2,,0,5.668934887377176e-09,-14.875752036936579,-0.0029821973805272,-0.21872163340112377,0.0023725442248362463,0.0005669852199765541,0.0011247322745652991,0.006229852055586829,0.0008910445462719843,0.0008131434405176743,0.13089428824734803,5.540492780801013,0.20687434932481294,0.32258611096627765
256,adam,256,257,0.002289449517197814,1,0.0005615225927269898,0.00022947574310611945,0.002468813933124017,0.00019246795557528718,1,2,,0,7.340391071974399e-09,-14.873313811766286,-0.0031510158662054026,-0.21825822834956038,0.002064154711011229,0.0005615225927269898,0.001122140090975771,0.006231681169615411,0.0008923753430869684,0.0008122742718688276,0.13077671933813606,5.532546766518689,0.20687770873408315,0.3225693262674603
257,adam,257,258,0.0022665550220258355,1,0.0005633893145134552,0.0002527601018872113,0.0032937571733197453,0.00012812168950590986,1,2,,0,5.5700832062554695e-09,-14.871093050317857,-0.0032259974256307515,-0.2181072002169256,0.0018929616128357603,0.0005633893145134552,0.0011179985672855833,0.006221554804928025,0.0008844585090209601,0.0008110115866769266,0.13071110186665816,5.521944812329301,0.20688664095278922,0.32259482208885454
258,adam,258,259,0.0022438894718055775,1,0.0005556695007713197,0.0002104271548648881,0.0018350809478675032,0.00016823155236236258,1,2,,0,4.538743597950518e-09,-14.870022584717095,-0.0031007521640987698,-0.21835941718812624,0.0021400142366725544,0.0005556695007713197,0.0011153916128036488,0.006202951027844073,0.0008813903543900342,0.0008101884199464296,0.13069409440869306,5.513480843650192,0.2068854564886669,0.3226204313029245
259,adam,259,260,0.0022214505770875217,1,0.0005560151020781437,0.00024022710813014113,0.003611443894054901,0.0001328483363081145,1,2,,0,4.263305738199099e-09,-14.868899479272606,-0.003069705653048697,-0.218333585564869,0.0025085449480343586,0.0005560151020781437,0.0011149513529187581,0.006190656597927087,0.000884315882653954,0.0008094399028158092,0.13060375205245586,5.506394347875127,0.2068829829924725,0.3225896089931637
260,adam,260,261,0.0021992360713166464,1,0.0005565989766210728,0.0002211804029556718,0.0020787778648480096,0.0001543438351930268,1,2,,0,5.294825132745685e-09,-14.867040251525044,-0.0032538156775398807,-0.21799849595913978,0.002340213449287223,0.0005565989766210728,0.0011125859463772497,0.006187266528061951,0.0008831488939942638,0.0008084996994827859,0.13053348570437837,5.498656034504012,0.20689006342394375,0.32257633560432236
261,adam,261,262,0.00217724371060348,1,0.000553601096174972,0.00020958435184624934,0.0028285882414055565,0.00012482920714664917,1,2,,0,2.8348715827024803e-09,-14.865583163218835,-0.003323408811284663,-0.21795913667991743,0.0020257467163237374,0.000553601096174972,0.0011098560287015524,0.006180982414847921,0.0008779500815941829,0.0008073587528080611,0.13052312184872306,5.489623609146729,0.2069110999640461,0.3226136334739715
262,adam,262,263,0.0021554712734974447,1,0.0005522212043307125,0.00022940214371168778,0.0020519589346051814,0.00016152352050807228,1,2,,0,3.945218756534884e-09,-14.864587461065108,-0.003250123930645601,-0.21810605409610878,0.0020343620016131264,0.0005522212043307125,0.001109532135190551,0.006168938301388519,0.0008780545664128323,0.0008067256269855594,0.13050287922368467,5.481950455747334,0.20692291618751563,0.32263076424412956
263,adam,263,264,0.0021339165607624703,1,0.0005491345142384497,0.00017736933789867275,0.00212798293202174,0.0001172479678217138,1,2,,0,2.751053358230485e-09,-14.862638360680757,-0.0032847603041011282,-0.2178813096481536,0.0020971387068760656,0.0005491345142384497,0.0011099601840103097,0.0061685306433932295,0.0008827208682874985,0.0008062633853258049,0.1304513791323243,5.475689921335432,0.2069222039983709,0.3226108106551693
264,adam,264,265,0.002112577395154846,1,0.0005543492382221112,0.00021533754453685096,0.0018498257532444935,0.0001398436410048434,1,2,,0,2.9243953251752925e-09,-14.860615892807623,-0.003402775851076781,-0.21756218666266358,0.0020408546974771307,0.0005543492382221112,0.0011084102975804056,0.006167874903525954,0.0008811109676232421,0.0008051573947068284,0.13038076065539256,5.4671965985375985,0.20692489008568968,0.3226002865825196
265,adam,265,266,0.0020914516212032974,1,0.0005476148849181628,0.00018859330805207216,0.0021689688291365757,0.00012198356834486739,1,2,,0,2.5398994096713317e-09,-14.86061260243416,-0.0034149946855196013,-0.21760071376601586,0.00209550370437413,0.0005476148849181628,0.0011053298717375187,0.006148066451055999,0.0008757127922204354,0.0008039058466601366,0.13032499306461473,5.4584957155989215,0.20694236818447076,0.32262532623554535
266,adam,266,267,0.0020705371049912643,1,0.0005553302189768942,0.0002566926889987832,0.002514537197056692,0.0001614590505719846,1,2,,0,4.014417077702211e-09,-14.861377347199795,-0.003337810482470423,-0.2178825032566906,0.002213642259418096,0.0005553302189768942,0.0011046449004833811,0.006124826138800374,0.0008751858029038566,0.0008033447976052769,0.13030470616887238,5.452788185480076,0.2069515888268857,0.3226562526598698
267,adam,267,268,0.0020498317339413515,1,0.0005457233950572316,0.00021951462392360733,0.002420965179979992,0.00010523806971534073,1,2,,0,2.690285947733187e-09,-14.860123511873756,-0.0033967356474271697,-0.21785765311915392,0.0019901231360982033,0.0005457233950572316,0.001102993624509614,0.006122881159370023,0.000876582365516329,0.0008029618196859346,0.1302627054688827,5.4472847111233875,0.20694301044499333,0.32265143171554556
268,adam,268,269,0.002029333416601938,1,0.0005557980227067069,0.0002607948927800292,0.0028532660343902378,0.00017794827150746198,1,2,,0,6.486535706009759e-09,-14.856642459413486,-0.0035290991702448546,-0.21753202512755762,0.001683803092304375,0.0005557980227067069,0.0011012367744753404,0.0061339734995122215,0.0008734003008057962,0.0008020276777338624,0.13018689037558598,5.439609670887045,0.20693119072291422,0.3226247138999005
269,adam,269,270,0.002009040082435919,1,0.0005524672618262313,0.00022566622493093167,0.0022003123157074414,9.067332573599074e-05,1,2,,0,1.1568200013572393e-09,-14.854652653811623,-0.0035267482758117516,-0.2175007386090214,0.0017429976738313582,0.0005524672618262313,0.0010998732519825042,0.0061314854481682056,0.0008714627796203044,0.000800918728551728,0.1301270374416367,5.431633559037682,0.20693584298172127,0.32262350552113034
270,adam,270,271,0.001988949681611559,1,0.0005438893650837425,0.0001683194007764368,0.0016781665220359963,0.00017223998766516398,1,2,,0,8.059929877751943e-09,-14.85595422286935,-0.0034657685459864615,-0.21785680504418364,0.0020217476445063202,0.0005438893650837425,0.0010994187598774598,0.006110603243803041,0.0008723579157278365,0.0008000503719352772,0.13007831122997404,5.4246773444252865,0.20695973178552238,0.32264993771501393
271,adam,271,272,0.001969060184795444,1,0.0005498533431846512,0.00025209451530375297,0.0022608279960706816,0.0001091316293298597,1,2,,0,2.5836202594658917e-09,-14.856060529828582,-0.003476178118227785,-0.21795438693311983,0.002179550562307832,0.0005498533431846512,0.0010994211857546115,0.0061029267095349575,0.0008734592227100335,0.0007993519372171522,0.1300720150537346,5.41861650307769,0.20697426769791974,0.32268383380183274
272,adam,272,273,0.0019493695829474894,1,0.0005426832635831578,0.0001514700895379425,0.0016483339562319965,0.00014450039670151817,1,2,,0,7.361382639837463e-09,-14.852944234272213,-0.0035525884393669107,-0.21757430905951872,0.002159795532224355,0.0005426832635831578,0.0010968391329206422,0.0061102881388779805,0.0008705603183420041,0.0007984373253035891,0.13004713036124035,5.411487725759618,0.20696929366627587,0.3226783948832891
273,adam,273,274,0.0019298758871180146,1,0.0005428689573724821,0.0001966191796996986,0.0018797891514237895,0.0001081837727378961,1,2,,0,1.5830649391319366e-09,-14.851015348980178,-0.0035651470832319104,-0.21724647901175612,0.0022455903005799823,0.0005428689573724821,0.0010961494831740347,0.0061036865155614335,0.0008703481220515442,0.000797847252104549,0.12998379652302758,5.4052384865212515,0.2069632327025728,0.32264534002019835
274,adam,274,275,0.0019105771282468345,1,0.0005407364262859676,0.00019230734492294745,0.0025667034833162954,0.00013365934198033256,1,2,,0,4.5514080887758174e-09,-14.851642356263786,-0.003531145297875978,-0.21736053827591775,0.002148904065552156,0.0005407364262859676,0.001096461004467482,0.006085748860270006,0.0008730702178006597,0.0007974238419028139,0.1299375123150708,5.400449081185609,0.20697240799999994,0.3226365269004228
275,adam,275,276,0.001891471356964366,1,0.0005393014242582438,0.00018475759708586783,0.0015125381961921289,0.00010809306242321053,1,2,,0,2.6680755948424503e-09,-14.852014865463637,-0.003570710754440448,-0.21759456370343028,0.001688987405338658,0.0005393014242582438,0.0010932835968368016,0.00607226313107283,0.0008688846607734752,0.000796607051013003,0.12993949429332624,5.394038480685196,0.20699309055462886,0.32268102477297766
276,adam,276,277,0.0018725566433947223,1,0.0005401651736975615,0.00021587600837450318,0.002765804968497646,0.00012455253607557417,1,2,,0,4.156793719520293e-09,-14.850232101075932,-0.003629202526362552,-0.2175460971333631,0.0013100621060377381,0.0005401651736975615,0.001090528719207472,0.006067896322020639,0.0008631653177815074,0.000795864386560536,0.12990858689313708,5.386925555156463,0.20698970486243884,0.32269390435381196
277,adam,277,278,0.001853831076960775,1,0.0005373386826853255,0.00017268168528128918,0.0018907162624424605,0.00011262829830781299,1,2,,0,1.5896823454651828e-09,-14.848702561103892,-0.0036203408614030523,-0.21761889347980273,0.0014227527167281072,0.0005373386826853255,0.001090306630147248,0.006062430636815132,0.000863881120057832,0.0007954850277728766,0.12982944878228952,5.381856507222778,0.2069766533243664,0.32266276651148207
278,adam,278,279,0.0018352927661911672,1,0.0005397740617282018,0.00023155642460147028,0.00319109495547266,0.0001305194908702445,1,2,,0,5.9841046284469376e-09,-14.848198495206795,-0.003584388570192616,-0.21772218788168232,0.0018241025337157176,0.0005397740617282018,0.0010911583661047152,0.006056301353542627,0.000867943003302549,0.0007949422236300483,0.12977987878029146,5.377777618088665,0.2069894570802701,0.32266943123344777
279,adam,279,280,0.0018169398385292556,1,0.0005344451039843296,0.00015052112627642481,0.0014757916759346702,0.00011211678220374139,1,2,,0,3.540541535571601e-09,-14.846657935012876,-0.0036268652990484873,-0.21756710790187608,0.002069717601410144,0.0005344451039843296,0.0010883759603446382,0.006054194337645518,0.0008649905838158266,0.0007938530494605481,0.12973620119730328,5.370657394320707,0.20700785137110483,0.32269331091857445
280,adam,280,281,0.001798770440143963,1,0.0005390688215367113,0.0002475326705413915,0.0034271303674835046,0.0001396532035155648,1,2,,0,4.445000808717819e-09,-14.844807892918448,-0.0036905660604873037,-0.21736509794623476,0.002206484683582668,0.0005390688215367113,0.0010867188169537637,0.006055515199548556,0.0008609765251627432,0.0007928581441268019,0.12968424954300942,5.363002798139265,0.20700614538129786,0.32268804156776937
281,adam,281,282,0.0017807827357425234,1,0.0005345298255818757,0.0001498150592543069,0.0015553372009347562,9.139974514487615e-05,1,2,,0,1.540840278110487e-09,-14.844648391034058,-0.003685675243813438,-0.2174808316493579,0.0023687832844294446,0.0005345298255818757,0.0010867729994953133,0.006047825251726391,0.0008629662265770725,0.0007924321341295453,0.12965691100967863,5.3580740756730165,0.20700465042959634,0.32268323030850243
282,adam,282,283,0.001762974908385098,1,0.0005369046519473949,0.0002656867681211355,0.003432836906737745,0.00013419773838776555,1,2,,0,3.791626753842469e-09,-14.845231475472634,-0.0036401353814115825,-0.21754961203140685,0.002256789088014399,0.0005369046519473949,0.001086951447079277,0.006029728699715918,0.0008654964054177009,0.0007920273397658121,0.12965112674839274,5.354156461614829,0.20701966277572484,0.32269803949449827
283,adam,283,284,0.0017453451593012472,1,0.0005325044918361082,0.00014277882961123207,0.0015457728875808662,0.00010711812436394895,1,2,,0,2.2055783920411296e-09,-14.8439394638602,-0.003662552581511798,-0.21741104051166338,0.0017586572320533198,0.0005325044918361082,0.001083749233457888,0.006020811211565273,0.0008605512595432875,0.0007910697155165946,0.12963035616302443,5.347313339938517,0.20703275385826067,0.3227155067829293
284,adam,284,285,0.0017278917077082347,1,0.0005366233956704601,0.0002587172004040673,0.002886915346471928,0.00011673897122527584,1,2,,0,3.1143964032402393e-09,-14.842709050734573,-0.003714188952795474,-0.21730173427361757,0.0014547367763003342,0.0005366233956704601,0.0010820920189130905,0.006018533976561726,0.0008572226544205754,0.0007903412897102384,0.12959101440473908,5.341543631531889,0.20702840115346513,0.32270628799052864
285,adam,285,286,0.0017106127906311524,1,0.0005304722261121967,0.00013829423115344338,0.0009659389945262924,0.00010559530592367408,1,2,,0,2.1035803864389546e-09,-14.843122251114089,-0.003715218968493585,-0.2174747366987954,0.001569463515935214,0.0005304722261121967,0.0010816383111438943,0.00600848466400706,0.0008585727868838228,0.0007898548287669948,0.1295477763501726,5.3370778655643925,0.20702810976264505,0.32270505954668754
286,adam,286,287,0.0016935066627248407,1,0.000531479794892792,0.00024983444721581825,0.0037634497556389493,0.00011251493700547805,1,2,,0,4.299185185079242e-09,-14.842902563066778,-0.0037036318985497227,-0.21746724054375627,0.0019273498276964098,0.000531479794892792,0.0010818718119166946,0.006002763502099387,0.000861678660398056,0.0007893480449194413,0.12951147685472048,5.3329348473324645,0.20704170400048352,0.32272213143147654
287,adam,287,288,0.0016765715960975925,1,0.0005280807010903475,0.0001673389115847895,0.001735831164112793,9.976342976604911e-05,1,2,,0,2.7830744195596502e-09,-14.840309357425852,-0.003720613284393668,-0.21726153831114703,0.002093604977418445,0.0005280807010903475,0.001079558046691067,0.006005757591520188,0.0008570933299620717,0.0007884114094553898,0.12945715082725776,5.325469391448245,0.20704296396233693,0.32272398639473177
288,adam,288,289,0.0016598058801366165,1,0.0005268069358008935,0.00017267380068959327,0.0027984511282394954,9.852205098463155e-05,1,2,,0,2.7177273625678727e-09,-14.839134246922836,-0.0037251626780576857,-0.21740542829230408,0.002116617838272554,0.0005268069358008935,0.0010782705318859,0.006001541041539405,0.0008531071121662967,0.0007877841922504693,0.1294243154403658,5.31875171897758,0.2070380736524377,0.32271927627101754
289,adam,289,290,0.0016432078213352503,1,0.0005298607212192219,0.00020875052372058717,0.0018892336647993082,9.720129230382172e-05,1,2,,0,1.842807003582163e-09,-14.839806380593838,-0.0037282000175261907,-0.21762569949863397,0.001973125306510019,0.0005298607212192219,0.0010777853487402263,0.005988386934775655,0.0008545229625669511,0.0007874009863705843,0.12939556048554238,5.314450132981969,0.20704845151541101,0.32272186754404913
290,adam,290,291,0.0016267757431218978,1,0.0005285981050900705,0.00020607705263644619,0.003539781559344792,0.00011336028639017412,1,2,,0,3.69240429919317e-09,-14.839426173481744,-0.0037370039532612647,-0.21739998967777074,0.001672426213537799,0.0005285981050900705,0.0010779644880904834,0.005982262563703074,0.000858502903020036,0.0007870053672032073,0.1293587908266705,5.311642014492491,0.20706372674120868,0.32272175431001604
291,adam,291,292,0.0016105079856906788,1,0.000529683434102577,0.00019735980072743713,0.0015155295274215767,0.00010516763424891103,1,2,,0,2.6220916033409764e-09,-14.83767965117699,-0.003738007399175757,-0.21718363126756302,0.0016020857571957849,0.000529683434102577,0.001075968685717346,0.005977780660616072,0.0008537723856043955,0.0007862337902328668,0.12934550754929364,5.306176728022691,0.20706270233343513,0.3227212481629353
292,adam,292,293,0.001594402905833772,1,0.0005281768740016233,0.00020748637268195395,0.0026032390693426608,0.00011129585456404503,1,2,,0,3.620770824730198e-09,-14.837648456470745,-0.003747098482105409,-0.21734075592676136,0.0017261688542995284,0.0005281768740016233,0.00107460484995841,0.005971498663355039,0.0008513918574100861,0.0007858236935705056,0.12937249290865915,5.3021086593691855,0.20706122992404125,0.32274217364497837
293,adam,293,294,0.0015784588767754342,1,0.0005258801347204855,0.00023749946949997656,0.004121733114713662,0.00010619805759973172,1,2,,0,3.894273231059959e-09,-14.838316722696163,-0.0037806344951382426,-0.21737631566947868,0.0018784508234621845,0.0005258801347204855,0.0010745354634451138,0.005965573372297868,0.000855510003800758,0.0007855803011089798,0.1293302408956021,5.299324027333226,0.20707242451273206,0.3227485679866911
294,adam,294,295,0.0015626742880076798,1,0.0005287073223814348,0.00021975854149693517,0.002175857530179412,0.00011073856908170057,1,2,,0,3.6175134386776412e-09,-14.83582360710976,-0.0037690205464681664,-0.21707016495295345,0.0019677815840070793,0.0005287073223814348,0.0010726780917089886,0.005959437936118165,0.0008516944382643305,0.000784562605847031,0.12921938688174125,5.29276848899727,0.2070781374148104,0.3227247883238088
295,adam,295,296,0.0015470475451276032,1,0.0005243662146112238,0.00019846574295761098,0.0026504759898741907,9.890952777811227e-05,1,2,,0,3.2455725853618632e-09,-14.83433525022852,-0.0037470095473755754,-0.2172189234039365,0.002051201218739453,0.0005243662146112238,0.0010720973983350843,0.005954210337071132,0.0008488136998002169,0.0007838329883274979,0.12918270005352286,5.287516992936878,0.20707533567536082,0.3227124509646947
296,adam,296,297,0.0015315770696763269,1,0.0005269926396968913,0.0002201561948835982,0.0021950159749562453,0.00012395805322429256,1,2,,0,3.0535801172191307e-09,-14.835076346798543,-0.003764794828935245,-0.21753146961252406,0.001931255511496118,0.0005269926396968913,0.0010720044869247292,0.005950114678573987,0.0008501226810666426,0.000783618554139176,0.12924212503854668,5.2844272557653085,0.20708216218603173,0.3227574314015823
297,adam,297,298,0.0015162612989795638,1,0.0005263407315138551,0.00019862141600332752,0.0027953630396117027,9.244661150578634e-05,1,2,,0,3.480189856682165e-09,-14.835544146467255,-0.003794920156707496,-0.2174388221631764,0.0018541404418472719,0.0005263407315138551,0.0010714563604651676,0.005942659918557559,0.0008532272027541313,0.0007834950410630459,0.12923209810441252,5.282028698529665,0.20709177941011192,0.3227733447683906
298,adam,298,299,0.001501098685989768,1,0.0005225032204319155,0.00017055420650305273,0.001514969092458494,0.00010584386652671495,1,2,,0,3.088338160555443e-09,-14.834401609062319,-0.0037773340568977446,-0.2172521231372553,0.0019497412216127159,0.0005225032204319155,0.0010691489561449952,0.00592750221373687,0.0008498559974979303,0.000782955995558302,0.12915792341185256,5.277710289459239,0.20709414735112722,0.3227562870858729
299,adam,299,300,0.0014860876991298704,1,0.0005254221229524793,0.00024033497088151652,0.0021895163475476142,9.946652590726493e-05,1,2,,0,2.782116941708341e-09,-14.833476316917292,-0.0037635008285064136,-0.21734103656990947,0.002069368009733482,0.0005254221229524793,0.0010664639091787327,0.005916423407472685,0.0008436727554450592,0.0007823346725462028,0.1291122773495227,5.272779376776502,0.20709302590362738,0.3227468647270067
300,adam,300,301,0.0014712268221385716,1,0.000521111778947948,0.00016531652123271515,0.001988273187703565,0.00010258899942356433,1,2,,0,3.2586564660591107e-09,-14.83312030866948,-0.0037961205442116016,-0.21736416062045233,0.0018810208258980736,0.000521111778947948,0.001065370221030157,0.005918395478358172,0.0008436018191276103,0.0007820012781240043,0.12909877690849803,5.269698299803439,0.2070912355973364,0.32274582764138987
301,adam,301,302,0.001456514553917186,1,0.0005268470756958126,0.00026807876959668005,0.002886282947576011,0.00010088333379264653,1,2,,0,3.0179392624538694e-09,-14.832225298702324,-0.003813479659048447,-0.21710634333851345,0.0016276985461728733,0.0005268470756958126,0.001065961628717609,0.005919151935396031,0.000846278131436164,0.0007814684524579036,0.1290824896585625,5.266376156832882,0.20709600191418887,0.32275422236674156
302,adam,302,303,0.001441949408378014,1,0.0005183417144315715,0.0001437977586775424,0.0015202839281822512,9.794777421171616e-05,1,2,,0,2.918715350617381e-09,-14.831674497392049,-0.003787237194401441,-0.21699316248866327,0.0017203875478951451,0.0005183417144315715,0.001065898227513118,0.005910476181308566,0.0008465765344212399,0.0007807512687281425,0.1290662820442563,5.26159294040729,0.20710558021693745,0.3227668919676428
303,adam,303,304,0.001427529914294234,1,0.000529713749156293,0.00029511331384639555,0.002979694441594006,0.00011837138728002582,1,2,,0,2.8533765514043604e-09,-14.831600778220142,-0.003773592907085692,-0.2171337536256476,0.0020613378249832626,0.000529713749156293,0.0010666128749650626,0.0059036531157863,0.0008456638408914315,0.0007802167297413776,0.12904948592283477,5.257019952289838,0.20711183890010787,0.3227668622760214
304,adam,304,305,0.0014132546151512915,1,0.0005229194374240924,0.00019659066309694786,0.0017933850665430655,9.92760340454532e-05,1,2,,0,3.154666282426829e-09,-14.831589144039912,-0.0038114812750712082,-0.21713411031825539,0.0020488283391881766,0.0005229194374240924,0.0010655155525271932,0.005905990970889515,0.0008470532036671729,0.0007800254531846924,0.1290147970975579,5.253863901731121,0.2071190015029474,0.3227618018404743
305,adam,305,306,0.0013991220689997786,1,0.0005282585304553113,0.0002629117314540294,0.003062801396310186,0.00013101531754466063,1,2,,0,2.5917069197431297e-09,-14.830801427590544,-0.0038384626047963644,-0.2168931951001815,0.0018264268430182942,0.0005282585304553113,0.0010648576559019662,0.0059082992009106125,0.000847313121717453,0.0007797619078165865,0.12896935676199162,5.250552013560895,0.2071248013931909,0.3227664948572994
306,adam,306,307,0.0013851308483097808,1,0.0005257607096178587,0.0002487972744318282,0.0023388006095135224,8.437885915985524e-05,1,2,,0,1.7515019150356922e-09,-14.829709867804057,-0.003819161423386882,-0.2168019697432696,0.0018072295724075374,0.0005257607096178587,0.0010628876638791485,0.0059000596541595954,0.000843365434736556,0.0007792223977045362,0.12894808027752,5.246517034949587,0.20712713072255173,0.3227794427951786
307,adam,307,308,0.001371279539826683,1,0.0005215964742174692,0.0002449934433375724,0.0032341429528200648,0.00012942814060554062,1,2,,0,2.2216592333754966e-09,-14.829735642633418,-0.0037888139655129624,-0.21702342979091888,0.002044684001718042,0.0005215964742174692,0.0010615895990908019,0.005887006005115704,0.000841031845581682,0.0007788390976910699,0.12896863020636587,5.243402333443034,0.2071236617829616,0.32279245100186055
308,adam,308,309,0.0013575667444284162,1,0.0005207933692239219,0.00023839179468542222,0.0018413932460793789,7.939660704043292e-05,1,2,,0,1.7202098431109244e-09,-14.83023117520702,-0.0038094993824391806,-0.21711160789324488,0.0022045926134090675,0.0005207933692239219,0.0010609005026869667,0.005880921176893751,0.0008421188257697486,0.0007784596683180355,0.1289487453562541,5.24119243080261,0.20713183917936748,0.3227911681781051
309,adam,309,310,0.001343991076984132,1,0.0005201788922500088,0.0002295138527906147,0.002200885511831512,0.00012251643619160205,1,2,,0,2.9248038245719163e-09,-14.830550045051599,-0.0038429256775836624,-0.21702091334736043,0.002028013608045003,0.0005201788922500088,0.0010600455028550201,0.005877475502518705,0.0008433472125745339,0.0007780848460933497,0.12888404150424526,5.238852413408287,0.2071451436124258,0.32278182507510195
310,adam,310,311,0.0013305511662142907,1,0.0005190313329156563,0.00022998577119562864,0.002916308987776766,6.0869475007847e-05,1,2,,0,9.747242842488154e-10,-14.830216118874384,-0.003836100040358336,-0.21705843327236615,0.001899947871855294,0.0005190313329156563,0.0010585748282480527,0.005869453263094114,0.0008402721655178021,0.0007776631759716996,0.12886223499258506,5.234995703438259,0.2071453580706391,0.3227890593368746
311,adam,311,312,0.0013172456545521478,1,0.0005182000092780732,0.00023214042981953455,0.0020790168282245995,0.00011793692663656445,1,2,,0,3.6504150640990255e-09,-14.830106214148731,-0.003819053979255035,-0.2172328413604234,0.001920420703888989,0.0005182000092780732,0.001058532019538595,0.005861934177001111,0.0008394933456777141,0.0007775355047496499,0.12888813216291245,5.23234570993604,0.20713416831942583,0.3228019211087518
312,adam,312,313,0.001304073198006626,1,0.0005166616852492946,0.00023081204258728618,0.003379791729368086,6.072557429257943e-05,1,2,,0,6.189633826823023e-10,-14.829572818717258,-0.003824736959281462,-0.21714344916466818,0.0019502437405197717,0.0005166616852492946,0.0010586295080344268,0.0058601587591879615,0.0008411672232103033,0.0007773422636336831,0.1288663108512914,5.230156227670195,0.2071325675509078,0.322796655883629
313,adam,313,314,0.00129103246602656,1,0.0005184739758040503,0.00023167741905787375,0.002326258884967761,0.00010547942424576295,1,2,,0,2.3724145196571307e-09,-14.828631027153659,-0.0038457580448451587,-0.21691252468178507,0.0018953713517010518,0.0005184739758040503,0.001057467733925662,0.005861072572701668,0.0008403448493353841,0.0007768548974131783,0.12882241666869385,5.227074617172872,0.2071405075259578,0.3227885350164965
314,adam,314,315,0.0012781221413662943,1,0.0005169754431608284,0.00025916117326400096,0.003272020445422668,7.054347374215341e-05,1,2,,0,1.4539398728161582e-09,-14.828455647142714,-0.0038391494731345767,-0.21694127457971435,0.001924284644048941,0.0005169754431608284,0.00105630110649928,0.005857405508156764,0.0008378657432851834,0.0007764518187554962,0.12882450656335495,5.224119345585805,0.207147739437779,0.32279885824886145
315,adam,315,316,0.0012653409199526314,1,0.0005156792002246356,0.00025459711691868027,0.002562262042792627,0.00010133953684091126,1,2,,0,2.5873740011338694e-09,-14.829820888160647,-0.00384017626330975,-0.2172173219273484,0.002014929690038991,0.0005156792002246356,0.0010570743557258087,0.005848252810747925,0.0008402212530556425,0.0007763797407653191,0.12884119994221477,5.222524676999781,0.20715144651820883,0.32281444494535905
316,adam,316,317,0.0012526875107531051,1,0.0005136791530812347,0.0002064740317962178,0.002609337493860358,7.107547723878618e-05,1,2,,0,1.3891713170205825e-09,-14.829302758114586,-0.003845430173523483,-0.21712646881977957,0.0018732972214523707,0.0005136791530812347,0.0010571862769951025,0.005843932796741138,0.0008417083918584829,0.0007761215774988632,0.12881373979588512,5.220194852845094,0.2071534689277887,0.32281483005818856
317,adam,317,318,0.001240160635645574,1,0.0005142714317364376,0.0002262328718635761,0.002114060745983701,8.675358567888872e-05,1,2,,0,1.7442256635678237e-09,-14.827313544317894,-0.0038483008291169177,-0.21685305413203723,0.0017963560564129108,0.0005142714317364376,0.0010552045699252519,0.005843756064047227,0.000838651511337211,0.0007754707394408141,0.12877360993608378,5.216018574387033,0.20715693184027967,0.3228123262356987
318,adam,318,319,0.0012277590292891184,1,0.0005116031325473751,0.000198974481587445,0.0027023320948937643,7.582423294226229e-05,1,2,,0,1.4473997514786897e-09,-14.8265037441936,-0.0038362481046359757,-0.21685118689554003,0.001831464907922652,0.0005116031325473751,0.001053608551481988,0.005838735772443796,0.0008354250312834413,0.0007749883798721387,0.1287654486730625,5.212871564699699,0.20715817326812616,0.3228128480805887
319,adam,319,320,0.001215481438996227,1,0.0005164023244609194,0.00026090832647516484,0.002257642059795937,9.593258771594067e-05,1,2,,0,1.3582370239108742e-09,-14.827809381627938,-0.003833270076506035,-0.21708871714482333,0.001899719360066649,0.0005164023244609194,0.0010538885651786712,0.005826166165593838,0.000835907761267898,0.0007747282756515923,0.1287466923008322,5.211077889165277,0.2071640939126795,0.3228107982397512
320,adam,320,321,0.001203326624606265,1,0.0005133323820362446,0.0002296628497070433,0.003676645312693979,7.698360498771505e-05,1,2,,0,4.218732042784971e-09,-14.829024765821734,-0.003858490350845884,-0.21708364076807293,0.0017831970996693282,0.0005133323820362446,0.0010551279374546353,0.005820163608192456,0.0008413824895712025,0.0007747201552292139,0.12871048876814628,5.210770623530945,0.20717517426861015,0.32280669408434653
321,adam,321,322,0.0011912933583602021,1,0.0005160819381213747,0.0003102598237215405,0.004433595486489263,9.941782788493332e-05,1,2,,0,1.1744874925689954e-09,-14.827616326993091,-0.0038644438829300086,-0.21682095078525732,0.0016861726578437158,0.0005160819381213747,0.0010535430863199962,0.005820503798192534,0.0008401280136011521,0.0007743004495599278,0.1286953339419163,5.207884754851523,0.20718398348271352,0.32281989003305395
322,adam,322,323,0.0011793804247766002,1,0.0005147419364134392,0.00023471882350355896,0.003634724422728543,8.536180046748316e-05,1,2,,0,8.61444524551427e-09,-14.8245996269268,-0.0038320680320867717,-0.2166682194631653,0.001776004552385528,0.0005147419364134392,0.0010504100656253566,0.0058183052954667676,0.0008314924084098784,0.0007735018162821115,0.12871205056051904,5.2025438178429235,0.207181288307388,0.3228382807301246
323,adam,323,324,0.001167586620528834,1,0.0005172077282128873,0.00031802957972889965,0.0048452405086833236,9.627984538270621e-05,1,2,,0,1.5284177763531838e-09,-14.823843534904297,-0.0038156874764200006,-0.21678089538566467,0.001973129879272748,0.0005172077282128873,0.0010501904664522966,0.00581127284411425,0.0008292293054828206,0.0007732894588145081,0.12870183712843294,5.200180215560437,0.2071768016098623,0.3228358994779604
324,adam,324,325,0.0011559107543235457,1,0.0005106013993453619,0.00022472707370780706,0.0024344038116758783,7.957541677431601e-05,1,2,,0,4.547543069495773e-09,-14.82512491015876,-0.003843697049340416,-0.21684295473767845,0.002000826434849495,0.0005106013993453619,0.001050718720009053,0.0058055861271853,0.0008339926080845018,0.0007733276641450588,0.12864755587102356,5.198958236579644,0.2071831157178516,0.3228275551007116
325,adam,325,326,0.0011443516467803103,1,0.0005186988460622163,0.0003532184345057723,0.006149936157004132,0.00010793457308049158,1,2,,0,8.59898304806414e-09,-14.826460858868668,-0.0038811704162329238,-0.21674565617195699,0.0018793393204578795,0.0005186988460622163,0.0010528854867268846,0.00580773731434446,0.0008426435690563392,0.0007735648494468988,0.12861797216827653,5.200286127042587,0.2071996763675947,0.32282976256113965
326,adam,326,327,0.0011329081303125073,1,0.0005137772306947111,0.0003051348222694033,0.004766570318885903,6.0035360590937017e-05,1,2,,0,9.430806045493761e-10,-14.825243994592476,-0.003864350346226789,-0.21671019598704266,0.0019106056831827418,0.0005137772306947111,0.0010505178182296875,0.005807054894690248,0.0008388695619999243,0.0007730340279067263,0.12862561364122832,5.197077790593136,0.20720521261257777,0.32284215996339544
327,adam,327,328,0.0011215790490093822,1,0.0005129460292776903,0.00027975860820601047,0.003572766402454352,0.00011057087885610715,1,3,,0,2.5289327353463947e-11,-14.82226499123175,-0.003820046170900338,-0.21666390944878783,0.0020195383953028573,0.0005129460292776903,0.0010471412957444143,0.005800132717186966,0.0008285890828649543,0.0007721622947794015,0.1286419113416777,5.1915330233501455,0.20719661137806633,0.3228484568332766
328,adam,328,329,0.0011103632585192883,1,0.0005136778674038432,0.00030999211394366666,0.005087334008813149,6.189174726135053e-05,1,2,,0,1.210769010794639e-09,-14.820912316873608,-0.0038111573583891087,-0.216498278319579,0.0018403375566363564,0.0005136778674038432,0.0010462928464581754,0.005791817277766943,0.0008260427071679889,0.0007718235567494448,0.12862241958562856,5.189003392113778,0.20719209769308838,0.32283929480002904
329,adam,329,330,0.0010992596259340954,1,0.0005123542899631635,0.00024845389181994904,0.0024925980876616656,9.722201963494628e-05,1,2,,0,3.093906904320406e-09,-14.821727871485662,-0.003840263892227711,-0.21638025558186616,0.0015904796764001626,0.0005123542899631635,0.0010460230410268693,0.00578582910376129,0.0008297282933041953,0.000771756666357813,0.12858237376969978,5.18780459109721,0.2072007239362262,0.32283685154533304
330,adam,330,331,0.0010882670296747544,1,0.0005110890066771644,0.0002685111584576416,0.003766988216945868,6.095624266858259e-05,1,2,,0,6.9705358154685026e-09,-14.823707381720697,-0.0038672638495340717,-0.21657542803689434,0.0015627801125324217,0.0005110890066771644,0.0010476063074698404,0.005782888570155481,0.0008363367999297729,0.0007719316321932687,0.1285932233957869,5.188237017642665,0.20720994158106537,0.3228479994845183
331,adam,331,332,0.001077384359378007,1,0.0005118500362213635,0.0002810510161927391,0.0047290028545267215,9.718225367215428e-05,1,2,,0,2.0193032754064485e-09,-14.824150907000739,-0.0038560253081495435,-0.2168623614084883,0.001741295268153983,0.0005118500362213635,0.0010475385740359635,0.0057804196046998295,0.0008368212136046235,0.0007718824921947864,0.1286159588988462,5.1874309899536355,0.20720904306139426,0.32285233606685165
332,adam,332,333,0.0010666105157842267,1,0.0005112685802809654,0.00022939848789448587,0.0019611622945610993,6.138235675511016e-05,1,2,,0,3.5265552755201895e-09,-14.821865099382645,-0.0038374701919649977,-0.21679879694256318,0.0019070092391452076,0.0005112685802809654,0.0010449862231421022,0.005778535442278007,0.0008307194155527987,0.0007711928816099295,0.12857012714266713,5.182997320110226,0.20720270610236446,0.32283816616065586
333,adam,333,334,0.0010559444106263845,1,0.0005072928823588176,0.00022687354543445218,0.0030731453730444276,8.716101717345274e-05,1,2,,0,3.542657919166547e-09,-14.819673924881524,-0.0038288505962191773,-0.2165627813438098,0.0018234667387480967,0.0005072928823588176,0.0010428342087072434,0.005776125857007622,0.0008260807954024791,0.0007706279318444329,0.1285082384737963,5.179405749695789,0.2072007241728155,0.3228279361777989
334,adam,334,335,0.0010453849665201206,1,0.0005078166826078818,0.00023502908691140878,0.002671702977494153,6.357728164657019e-05,1,2,,0,5.826412268024916e-10,-14.819351571421391,-0.003831126335742315,-0.216605841174361,0.0017633176075327575,0.0005078166826078818,0.0010419585010651477,0.005772927257625013,0.0008249218050775109,0.0007702898619524137,0.1285064358902412,5.177067387082076,0.2072056232145473,0.3228503296059578
335,adam,335,336,0.0010349311168549194,1,0.0005066763230886119,0.00018571744451229913,0.0012658801024444434,7.364089465372863e-05,1,2,,0,1.4760498198651008e-09,-14.820422195666204,-0.003837665426254352,-0.21688633176215588,0.0018521443003909656,0.0005066763230886119,0.0010417932634426065,0.005767150521622399,0.0008262367847727116,0.0007700888270622768,0.12852205386060025,5.175408960430515,0.2072110731851877,0.32287062033231245
336,adam,336,337,0.0010245818056863702,1,0.0005055335048963331,0.00024190337094521497,0.0025990592367955132,5.99872498073229e-05,1,2,,0,1.5097239936855394e-09,-14.821106535402507,-0.0038509305773773866,-0.21697298608048593,0.0020335967976408235,0.0005055335048963331,0.00104253980832052,0.005762262082439424,0.0008290281471284188,0.0007699682938922021,0.12848690905548618,5.1743033139298245,0.207213400808453,0.3228542078681622
337,adam,337,338,0.0010143359876295065,1,0.0005072380002237634,0.00022257104184081724,0.0020787142653802128,8.201387365442543e-05,1,2,,0,9.11767268466169e-10,-14.820239529232891,-0.0038548376532071354,-0.2167832588706627,0.0019737241870981448,0.0005072380002237634,0.0010423211809691807,0.005760470578144051,0.0008293436258704555,0.0007697405577505155,0.12843846566545425,5.172425667840316,0.20721164958522587,0.32283242056401007
338,adam,338,339,0.0010041926277532115,1,0.0005068352035327141,0.00020057670925575515,0.0017666532913045011,5.04727170666455e-05,1,2,,0,1.3897385433141296e-09,-14.81941689643062,-0.003838588239356384,-0.2167294704043928,0.0019331669332207908,0.0005068352035327141,0.0010410595654641512,0.0057566033966896775,0.0008258462680505328,0.0007693918297766168,0.12845008781708125,5.169787578959457,0.20721043949642565,0.322846526336588
339,adam,339,340,0.0009941507014756793,1,0.0005032855701513224,0.0002552961989633173,0.0022670714726245925,7.275135152555933e-05,1,2,,0,8.472630227227579e-10,-14.819770602194101,-0.003833242749890477,-0.21687263012892896,0.001939853536752619,0.0005032855701513224,0.0010403255135880765,0.005750692766261441,0.0008240143595011583,0.0007690143836194838,0.1284721629118687,5.167917107779022,0.20721993383214216,0.32287760737434723
340,adam,340,341,0.0009842091944609226,1,0.0005017903200676976,0.00012853800826983583,0.0008821523577124419,5.885415430587064e-05,1,2,,0,1.5380051364920468e-09,-14.819550944448,-0.0038541092324020096,-0.21682895177109343,0.0020042920480159696,0.0005017903200676976,0.0010404868922892694,0.005752002027270374,0.000826017340243932,0.0007686636498371384,0.12843394488279963,5.166336854994599,0.20722870639927377,0.322875185039202
341,adam,341,342,0.0009743671025163132,1,0.0005045304855849411,0.0002008135030465699,0.0015056949413895788,6.37426551458726e-05,1,2,,0,6.206851303415842e-10,-14.818533635820554,-0.003864914784192458,-0.21676123324820776,0.002039083864257427,0.0005045304855849411,0.0010410498608581819,0.0057557492241085625,0.0008276425919163203,0.000768488011509161,0.12838768929506192,5.16477315169495,0.20722046738082983,0.32284624592231626
342,adam,342,343,0.0009646234314911502,1,0.0005013422230680768,0.00012412828862692438,0.0006194177139285998,6.095051867807822e-05,1,2,,0,1.1089601062717038e-09,-14.818068595392317,-0.0038561564093743924,-0.21681448576155948,0.0018491502507876824,0.0005013422230680768,0.0010404129061537528,0.005754579653048436,0.0008266951254026675,0.0007683756965460782,0.12840086718493182,5.162772774228241,0.2072154781296385,0.3228557297522144
343,adam,343,344,0.0009549771971762386,1,0.0005027064287261007,0.00015840244999245053,0.0011867468852539847,6.994789281069296e-05,1,2,,0,8.51014841642131e-10,-14.818219458480112,-0.003845797092803402,-0.2168216113201153,0.0016437666052018136,0.0005027064287261007,0.0010395699084650592,0.0057493604497604505,0.0008251415857519071,0.0007681771677976984,0.12841925738156887,5.160842664246616,0.2072237704609141,0.3228863583418189
344,adam,344,345,0.0009454274252044762,1,0.000501058317583281,0.0001518102816011038,0.0011534406552942379,5.080995717924844e-05,1,2,,0,1.1219686510637505e-09,-14.818288435752494,-0.0038457559178644257,-0.21679552309278255,0.0016627055653511862,0.000501058317583281,0.0010391932520002934,0.005742793906559499,0.0008244674721492453,0.0007679185508522202,0.12839048882547102,5.159291746014063,0.20722998256215214,0.32288035228056533
345,adam,345,346,0.0009359731509524314,1,0.0005024592738192635,0.00016030247278765175,0.0016668799354507369,7.209189674353815e-05,1,2,,0,7.398608760516545e-10,-14.818081491702937,-0.0038532492002949607,-0.2168653884170756,0.001863142798160379,0.0005024592738192635,0.0010391922454277556,0.0057405407287787185,0.0008252752714689366,0.0007677395995914838,0.12836547978230753,5.15818509510063,0.2072284317510267,0.32285689283946845
346,adam,346,347,0.0009266134194429071,1,0.0005018086591698852,0.0001565765513189311,0.0014339941155123658,5.4300796672437606e-05,1,2,,0,1.4086591725906368e-09,-14.817884481291642,-0.0038552337993073946,-0.21687478964264378,0.001935772175687876,0.0005018086591698852,0.0010386133122117054,0.005740820968416633,0.0008258141897835936,0.0007676463511637997,0.1283735050144295,5.157265983345444,0.20723036628048447,0.32286012567975353
347,adam,347,348,0.000917347285248478,1,0.0005016787285911223,0.00020949348429835565,0.0018570011513714879,7.296628479667894e-05,1,2,,0,5.467064772802673e-10,-14.817875949961444,-0.003851300430877599,-0.21680109128828676,0.0018814255438402835,0.0005016787285911223,0.0010375426818224277,0.005736290247211986,0.0008242000673428596,0.0007674241197615889,0.12838886385916573,5.155771073585457,0.20724253592978378,0.32289091325532104
348,adam,348,349,0.0009081738123959933,1,0.0005016486387556899,0.00017424347284937102,0.002224066205788349,6.513175662192664e-05,1,2,,0,1.8788998983499825e-09,-14.817703399162097,-0.0038451185724145166,-0.21677664110809675,0.001939308007944293,0.0005016486387556899,0.0010370892179825395,0.005727490337303429,0.0008218348511342504,0.0007671610115414872,0.12838338306835712,5.154013003085156,0.20724878022881935,0.3229036054257763
349,adam,349,350,0.0008990920742720333,1,0.0005017161435401877,0.00023660396593071483,0.002400812551983355,6.095020269417763e-05,1,2,,0,6.178071081009763e-10,-14.817234558319186,-0.0038463160397790097,-0.21675118675951477,0.0020456960643970633,0.0005017161435401877,0.001037769069530261,0.005725612303226761,0.0008227952926320436,0.0007670888198923199,0.12836361665543722,5.15308442791665,0.20724378840167493,0.322885446905524
350,adam,350,351,0.000890101153529313,1,0.0005003068122072275,0.0001929156653279069,0.001444535819909466,6.827339048273889e-05,1,2,,0,2.3151045981312317e-09,-14.817073334040664,-0.003856056696162769,-0.2167169690783959,0.0019425772611229783,0.0005003068122072275,0.001038317148694163,0.005730829326029591,0.0008269636597776663,0.0007671769870779224,0.1283669517019388,5.153148546066929,0.20724407422390026,0.3228800359281929
351,adam,351,352,0.0008812001419940199,1,0.0005001104338305571,0.0002148027932372905,0.0035150749690708465,5.255188549877991e-05,1,2,,0,9.66840478133467e-10,-14.817625201155355,-0.003858749228912789,-0.21683116645812497,0.001832954902689024,0.0005001104338305571,0.0010381870728165988,0.0057284783039442035,0.0008286905859717002,0.0007671632545941075,0.12838370737177185,5.153146636671309,0.20725357271623684,0.3228969469068056
352,adam,352,353,0.0008723881405740797,1,0.000499585608554649,0.0002175047715902766,0.0019266630022177758,6.344751973150256e-05,1,2,,0,1.0205926603403449e-09,-14.817207664739135,-0.003856703054829646,-0.2168728323276307,0.0017789878205241917,0.000499585608554649,0.001037028636022448,0.005720503763769299,0.0008255112187681285,0.0007668128972629034,0.12836822804875972,5.151258569626457,0.20725629497206452,0.32290032945986274
353,adam,353,354,0.0008636642591683388,1,0.0004998591917809067,0.0001749768542241349,0.0022878653198511187,5.275610847566611e-05,1,2,,0,1.8224073282114176e-09,-14.81556652471902,-0.003848310956800652,-0.21672513776087707,0.0017710754250876825,0.0004998591917809067,0.0010356693876643732,0.005718610748833775,0.000821863693948931,0.0007664431964393694,0.12834331541593716,5.1489490190539025,0.20725083889164422,0.3228919355346104
354,adam,354,355,0.0008550276165766554,1,0.0004993608071428341,0.00023945386465450423,0.002744486965482947,5.63783143965361e-05,1,2,,0,1.03585162077892e-09,-14.814399621267466,-0.003839835425699725,-0.21662742954030825,0.001833242022092599,0.0004993608071428341,0.00103468188369275,0.005719949703136061,0.000821259773001887,0.000766311864745445,0.12834047185507702,5.147858037483701,0.2072480455714437,0.3228915624082011
355,adam,355,356,0.0008464773404108889,1,0.0004985908646151102,0.00018095493978625494,0.0014419288232065323,5.696227976106719e-05,1,2,,0,1.1159117340596157e-09,-14.815065611633704,-0.003841417772874871,-0.21675523932626392,0.0019024342340409413,0.0004985908646151102,0.0010343452145727512,0.005714473014761592,0.0008226292001723523,0.000766315700029937,0.1283436285782686,5.147793631405146,0.2072546038772022,0.32290231399566083
356,adam,356,357,0.00083801256700678,1,0.0004972054796777797,0.00018957737523518309,0.0027209371531072167,5.219047662389832e-05,1,2,,0,1.492873704552796e-09,-14.815884740534454,-0.003848105311289564,-0.21678664336648415,0.00193858371411608,0.0004972054796777797,0.001034686921214253,0.005707922660144173,0.0008241565100828393,0.0007662684810044568,0.12832477429933656,5.147806749114153,0.20726337060844416,0.3229048610404971
357,adam,357,358,0.0008296324413367123,1,0.0005002862620989062,0.00019695850169441432,0.0014850349873180063,6.193687587645902e-05,1,2,,0,5.700478481505364e-10,-14.815144712117347,-0.0038442570293570804,-0.21667172695312048,0.001991135978237846,0.0005002862620989062,0.0010344329884689942,0.0057061418039757,0.000823051394186083,0.0007660172950458545,0.12831205040109928,5.146434373763941,0.20726439116780498,0.3229015228873155
358,adam,358,359,0.000821336116923345,1,0.0004977870925405819,0.00019944112305061477,0.002128574925607168,5.036920685738997e-05,1,2,,0,1.1437956875784436e-09,-14.814401589537617,-0.003833195709702739,-0.21666816475723438,0.001996381656116864,0.0004977870925405819,0.0010336916403925799,0.005704120015445708,0.0008214017753077317,0.0007658419566066219,0.12832769950855197,5.145039978296098,0.20726092609679034,0.322907172732863
359,adam,359,360,0.0008131227557541116,1,0.000499762598898279,0.00023977512591546427,0.0020770115991943414,7.007993912892403e-05,1,2,,0,7.478158858027228e-10,-14.81454891290081,-0.0038382523271999203,-0.21678003613367108,0.0018650515336395444,0.000499762598898279,0.0010334684873336865,0.005699691303270457,0.000821860326060239,0.0007658425419422852,0.12833908153470494,5.1443416313354575,0.20726226325727812,0.32291840833759167
360,adam,360,361,0.0008049915281965705,1,0.0004986769320104085,0.0002027131281531838,0.002457989451804746,5.0933662139560726e-05,1,2,,0,9.321299253604135e-10,-14.814706085802698,-0.003851722061588501,-0.21675871142726405,0.001625573524373978,0.0004986769320104085,0.0010335490650390793,0.005697677934859174,0.0008237317030097831,0.0007658043481163329,0.12831778991291645,5.143788186486391,0.20726816234233905,0.3229185379310933
361,adam,361,362,0.0007969416129146048,1,0.0004988273074647895,0.0002451822681359598,0.0022184049614574373,6.261249936320696e-05,1,2,,0,7.456724844468581e-10,-14.814249022224589,-0.0038462055416725207,-0.21664977147295927,0.0015380750741523976,0.0004988273074647895,0.0010333460105887867,0.005698138698226759,0.0008231590292965655,0.0007655589320619416,0.1282884072060616,5.142568433258608,0.20727216672220156,0.32291004189338124
362,adam,362,363,0.0007889721967854587,1,0.0004968184690459037,0.00018768153227905894,0.0022942178735118435,5.35705015675766e-05,1,2,,0,6.602159673686242e-10,-14.81344919273119,-0.0038289616390306583,-0.21664966231017416,0.0016561844624710215,0.0004968184690459037,0.0010326006995594306,0.005697068107129059,0.0008206130388843485,0.0007652360836973885,0.12828143764662836,5.140878513134571,0.20727134612841455,0.32290398575020124
363,adam,363,364,0.0007810824748176041,1,0.0004976649755920029,0.0002247730263733883,0.0018196339541748478,5.863167517623279e-05,1,2,,0,7.524134300039369e-10,-14.813115819610818,-0.0038261651777337885,-0.2166735318806367,0.0018193111258353611,0.0004976649755920029,0.0010318694492538886,0.005694915057159217,0.0008202756736245616,0.0007651075023851866,0.12829769095285598,5.1398776080600985,0.20727442591445128,0.3229144088558909
364,adam,364,365,0.000773271650069428,1,0.000495958514073553,0.00019417664206341923,0.002246687879254964,5.687510912434066e-05,1,2,,0,1.2361817087118671e-09,-14.813425354923655,-0.0038372761750069895,-0.21662143913683465,0.0018901347049202137,0.000495958514073553,0.0010316237065635685,0.0056920338908971885,0.0008223362793072063,0.000765208186848908,0.12829332077276198,5.139768152538992,0.2072795654075417,0.32292003148129356
365,adam,365,366,0.0007655389335687338,1,0.0004963110210488246,0.00022719182285438612,0.0019042862766947169,5.616297190756065e-05,1,2,,0,4.701903229303817e-10,-14.813438946185492,-0.003832459401362438,-0.21655897715171069,0.0019571689857924525,0.0004963110210488246,0.0010315065454985898,0.005690365289680779,0.0008221182589830536,0.0007651232083316501,0.12827458332685074,5.13909284409425,0.20728258760802631,0.3229151623860851
366,adam,366,367,0.0007578835442330464,1,0.0004953454098104014,0.00019634116240337978,0.002105721439454908,5.0948662598099923e-05,1,2,,0,9.212365518162523e-10,-14.813388270128762,-0.003814067922799815,-0.21663514035216921,0.0020527445889282794,0.0004953454098104014,0.0010310280519347389,0.005687048819207909,0.0008199122526819159,0.000764862200550545,0.12827486266828633,5.137882548397344,0.2072850441518799,0.32291753320238015
367,adam,367,368,0.000750304708790716,1,0.000494908188727484,0.00018436827267963546,0.0015230231960520297,5.2008844566596814e-05,1,2,,0,2.8689464577141307e-10,-14.81360590758636,-0.003816014059654675,-0.21668174316841576,0.001974991905403486,0.000494908188727484,0.0010304640600319332,0.005682727353538852,0.0008199657378824895,0.0007647228223878582,0.12828685788756497,5.137252241177412,0.20729173543103563,0.3229318622423107
368,adam,368,369,0.0007428016617028088,1,0.0004963806052616035,0.00016883109232782007,0.0014202052023466276,5.405032937922877e-05,1,2,,0,5.248520940562878e-10,-14.81359156558547,-0.0038304769810990837,-0.21660522821735131,0.0017707873491080571,0.0004963806052616035,0.0010304394401235075,0.005679316743199326,0.0008214412188159348,0.000764672544006491,0.12827790716107174,5.13679825523714,0.20729294613131602,0.3229348407406521
369,adam,369,370,0.0007353736450857807,1,0.0004949614479732058,0.00018735659002594055,0.0013793527216705223,4.602583088456505e-05,1,2,,0,5.114802272023692e-10,-14.813100311423405,-0.003829709833777805,-0.21656500844762425,0.0016659266610888482,0.0004949614479732058,0.0010305146224960243,0.005679394478538663,0.0008213823999611421,0.0007645832388732318,0.12826499542043585,5.135858494711726,0.2072852337278681,0.32292517007832944
370,adam,370,371,0.0007280199086349228,1,0.0004939969877664491,0.00017386688735617983,0.0011751016790289637,5.182889592923261e-05,1,2,,0,3.095829153698629e-10,-14.812740394553357,-0.003817425406163173,-0.21666193040116452,0.001663915276155975,0.0004939969877664491,0.0010302806176057352,0.005679786279650474,0.000819954486978222,0.0007644035806846447,0.12825933691869826,5.134701863896602,0.20728241057244248,0.32292417893790737
371,adam,371,372,0.0007207397095485736,1,0.0004925736519278868,0.00013265483392575523,0.0010705883358306263,4.764255111353963e-05,1,2,,0,5.593275833049117e-10,-14.812528162982241,-0.003816591650087659,-0.21666228671077326,0.001684583426846378,0.0004925736519278868,0.00102970351989029,0.005680637856254039,0.0008198431105187976,0.000764198073747436,0.1282475257215793,5.133840029613259,0.20729076495573384,0.32293177396772815
372,adam,372,373,0.0007135323124530878,1,0.00049441238831925,0.00020078922097777204,0.0019006518490253463,4.6188612871957535e-05,1,2,,0,3.212839471942404e-10,-14.812149413379004,-0.003816306622933999,-0.21655127337971808,0.001741564846596106,0.00049441238831925,0.0010292157023202892,0.005678614271294125,0.0008196625021562815,0.0007640017700778183,0.12822967305479938,5.13269683737328,0.20729657511999378,0.32293230263729644
373,adam,373,374,0.000706396989328557,1,0.000491885210698652,0.00014446263071785,0.0014193086035543655,4.4325948001580184e-05,1,2,,0,4.114654949018104e-10,-14.812116668390605,-0.00381456843860561,-0.21660065739134615,0.0018116697529327365,0.000491885210698652,0.0010291576197336688,0.005674695211740427,0.0008194951665333705,0.0007639429124087212,0.12823174439976973,5.131657735351019,0.20729254724504106,0.3229288938708909
374,adam,374,375,0.0006993330194352714,1,0.0004930239710439355,0.00017364509436892386,0.0014762251811902692,5.148100058886892e-05,1,2,,0,1.4965846033403595e-09,-14.812700521155966,-0.003807730798352172,-0.21670169235343753,0.0018145229822319905,0.0004930239710439355,0.0010293742445749575,0.005672247062612331,0.000820337088673792,0.0007640244172914927,0.12825155902085236,5.131434055422218,0.20728902884809583,0.32293499109566326
375,adam,375,376,0.0006923396892409187,1,0.0004935793243972642,0.00018273340275055017,0.0018126362795765519,4.562586980893741e-05,1,2,,0,2.4765437194445e-10,-14.812734153083898,-0.0038056315861312025,-0.21664991956340826,0.0017718751133899665,0.0004935793243972642,0.001029128006773487,0.005670424608132262,0.0008203461987347784,0.0007638951070964087,0.12824995033425818,5.130988296535176,0.2072927515228444,0.322940636466716
376,adam,376,377,0.0006854162923485094,1,0.0004913250432138199,0.00015386037697870955,0.0017423809547374332,4.489467035911881e-05,1,2,,0,6.622292087201252e-10,-14.812197883328325,-0.003807116274199533,-0.21658833031376892,0.0018072692636996277,0.0004913250432138199,0.0010284994384328178,0.005666559206556812,0.0008183574751863402,0.0007635728563606129,0.12823467780166428,5.129689172841263,0.20729719570882285,0.32294319674215977
377,adam,377,378,0.0006785621294250244,1,0.0004951705507874087,0.0002454895088218742,0.0021618605059258536,5.9179060506778655e-05,1,2,,0,1.8811800766893534e-09,-14.812378595426772,-0.0038141898222846843,-0.2166218080026355,0.0017850415252224042,0.0004951705507874087,0.001028562740800417,0.005661096474686469,0.0008181383673056249,0.0007634317484405491,0.12821639135194915,5.129132303768701,0.20730319225845897,0.32294432161878533
378,adam,378,379,0.0006717765081307741,1,0.0004925376110189142,0.00014694929102293205,0.001462526478367333,3.8442349526135305e-05,1,2,,0,6.395889321024698e-10,-14.812573679297005,-0.003818622139788272,-0.21658782593244577,0.0016321378695289197,0.0004925376110189142,0.0010287387757031208,0.005661295829796524,0.0008202523011362632,0.0007634530124973395,0.12820362202224872,5.129191479822337,0.20730662773570507,0.3229428529180134
379,adam,379,380,0.0006650587430494664,1,0.0004952535802519403,0.0002762079928451121,0.003047636057496428,5.5411191898379384e-05,1,2,,0,7.273819602616243e-10,-14.812298014109734,-0.003809283533931744,-0.21652162413796794,0.0015219050233031847,0.0004952535802519403,0.0010286178940600574,0.005663602251898264,0.0008211374640981514,0.0007633837813852549,0.12820241064416749,5.128681394282207,0.20730606009182814,0.3229449354658991
380,adam,380,381,0.0006584081556189718,1,0.0004929152539378577,0.00020148141956135985,0.0022850193862671,5.641985486147368e-05,1,2,,0,1.95354125224988e-09,-14.811394267419288,-0.0037847297995290937,-0.21654624902587574,0.0015722058824632196,0.0004929152539378577,0.001027419324539802,0.005662686579143802,0.0008183021273631851,0.0007631364481478336,0.1282205694034111,5.126932303444098,0.20730046462688034,0.32295200864525103
381,adam,381,382,0.000651824074062782,1,0.000497201562915327,0.0002748097337856629,0.002302872957737867,5.884738833269663e-05,1,2,,0,5.415569988589297e-10,-14.811558541603073,-0.003776235867957339,-0.21666213949051455,0.001761751488240002,0.000497201562915327,0.0010271385446181838,0.0056573810385479005,0.0008174763858426003,0.000763130100058446,0.12822994429673945,5.1263287785979585,0.20729858285822253,0.3229550344820221
382,adam,382,383,0.0006453058333221542,1,0.0004943735011815538,0.0002288696235802233,0.0019117822031513212,3.698431383480161e-05,1,2,,0,5.188453709470164e-10,-14.811906426559315,-0.0037874951989996485,-0.216652903627248,0.001775016295115785,0.0004943735011815538,0.0010272014196325435,0.005654740158647978,0.0008192090700007498,0.0007632368131876084,0.12821561112021768,5.126552320367991,0.20730229401395195,0.32295243936045315
383,adam,383,384,0.0006388527749889326,1,0.0004929076060993168,0.0002637064855662869,0.002860382323494984,6.718414509678887e-05,1,2,,0,1.3769435945669348e-09,-14.811500854730072,-0.0038011833411469966,-0.21651234108254994,0.0016469269910062674,0.0004929076060993168,0.0010268849540293718,0.005653657993033557,0.0008195587494692184,0.0007630736082442154,0.12818197843710327,5.126161045951825,0.20731047352550994,0.3229486004856772
384,adam,384,385,0.0006324642472390434,1,0.0004932574776467787,0.00024517165879453116,0.0025678129845412585,3.6276932060520205e-05,1,2,,0,9.135780598252356e-10,-14.810756172357987,-0.00379340496449065,-0.21645700246344968,0.0015789123172691901,0.0004932574776467787,0.0010258902249509812,0.0056502167195595044,0.0008167452125634675,0.000762673492197991,0.1281763372870352,5.124864878998661,0.20731707494423515,0.3229545340527383
385,adam,385,386,0.0006261396047666528,1,0.000492604983970744,0.00026091374654511375,0.0031134766584266344,5.579980864853233e-05,1,2,,0,4.0623638437912274e-10,-14.810804843673855,-0.0037827029513914697,-0.21653304744735982,0.0016179890969892788,0.000492604983970744,0.0010256212779730966,0.00564682908414537,0.0008159540055072838,0.0007625205374280123,0.12819962228313975,5.124443243163756,0.20731805646016302,0.3229620939835589
386,adam,386,387,0.0006198782087189864,1,0.000491384928815355,0.00023077187296377747,0.0022264744282167103,4.0166840882071386e-05,1,2,,0,1.3120184749540041e-09,-14.81111498850541,-0.0037780689282002774,-0.21652325503264497,0.001703356923101157,0.000491384928815355,0.0010260210333361873,0.0056474498715155,0.0008183657181380648,0.0007626911580065819,0.12821136810757955,5.124792800840642,0.20731572629584286,0.3229588907833045
387,adam,387,388,0.0006136794266317965,1,0.0004925903913624157,0.0002896464104510385,0.0038323011002835555,5.514232443891418e-05,1,2,,0,1.0760456495600889e-09,-14.811054852863291,-0.0037794500636143956,-0.21639965949558781,0.0017224390913044485,0.0004925903913624157,0.0010264275608864093,0.0056488959624456945,0.0008209012460528213,0.0007628995980665543,0.12819582552786196,5.1252123390073265,0.20731511944696326,0.32294999426170795
388,adam,388,389,0.0006075426323654784,1,0.0004914668435950841,0.00023959645297750757,0.0019857701134133954,3.357937415281463e-05,1,2,,0,3.8753907970982827e-10,-14.810467705270492,-0.003776254369184518,-0.21636131817151213,0.001720948639620816,0.0004914668435950841,0.0010255919578223173,0.005645409048567989,0.0008189827274771481,0.0007627411421321003,0.12818151623665713,5.123921663305762,0.207317557356663,0.32295382832031583
389,adam,389,390,0.0006014672060418237,1,0.000491507992632137,0.0002643049453358746,0.0025040368442781377,5.5019212685766754e-05,1,2,,0,1.0974265943178622e-09,-14.809782866055823,-0.00377081464979542,-0.2164754616468333,0.001693253304674963,0.000491507992632137,0.0010245691168142557,0.005641726125125993,0.0008156639836171396,0.0007624053602668574,0.1281813952422841,5.122392567117522,0.20732016124100208,0.3229654163609534
390,adam,390,391,0.0005954525339814055,1,0.0004906656669972047,0.00024252018907961723,0.0023550930059007265,3.17395325967524e-05,1,2,,0,1.8949516455267084e-10,-14.809355368439373,-0.0037661792097992363,-0.21652150840941675,0.0016031157350090842,0.0004906656669972047,0.001024170319103221,0.005643375467966103,0.0008154492668730305,0.0007622596075486433,0.12818164601071722,5.122067095427796,0.20732230962413398,0.3229688602054631
391,adam,391,392,0.0005894980086415914,1,0.000490691203307588,0.00023195173660635855,0.002008383147826773,4.9064113397641845e-05,1,2,,0,6.620119461349635e-10,-14.80930120162936,-0.0037704244163544046,-0.2164594285331401,0.0015907185084782368,0.000490691203307588,0.0010243279324462428,0.005645233026223657,0.0008176102070258225,0.0007622720484195521,0.12816641356112826,5.122289839682704,0.20732342709209695,0.32295934999459686
392,adam,392,393,0.0005836030285551755,1,0.0004896356667759337,0.0002593107602567905,0.002686700426394389,3.308540806052787e-05,1,2,,0,3.3679226395772223e-10,-14.809751262819713,-0.0037716021939581644,-0.21646957718357426,0.001666539032436425,0.0004896356667759337,0.0010243532018710906,0.005640011823653113,0.0008183574231842278,0.000762320685297037,0.12816343724265866,5.122256764661564,0.20732286164318428,0.3229554954983866
393,adam,393,394,0.0005777669982696237,1,0.00049098821747242,0.0002561448689694726,0.002186899709196868,5.0040363698855993e-05,1,2,,0,5.18533796829408e-10,-14.810152651499731,-0.003753965736273192,-0.21655188629255884,0.0017292821701620608,0.00049098821747242,0.0010236310818927804,0.005631070141626896,0.0008160971306017043,0.0007622294586741641,0.12818176644757157,5.121427501477495,0.20732338344148304,0.32296703142179417
394,adam,394,395,0.0005719893282869274,1,0.0004892052625332105,0.00024544706817050747,0.0021858090739187105,3.211014603515594e-05,1,2,,0,2.5133169557926885e-10,-14.809993684055941,-0.0037438368248118117,-0.21649889823639257,0.001653290279099898,0.0004892052625332105,0.001022803401226541,0.005626897468291339,0.000814693534422203,0.0007620479957501254,0.12817901228852274,5.12069384241724,0.20732855259834362,0.3229739511287607
395,adam,395,396,0.0005662694350040583,1,0.0004910506511228458,0.00023462609684044006,0.001994098968797474,5.171022043346707e-05,1,2,,0,5.092386061679273e-10,-14.809700392477692,-0.0037433965909145035,-0.21637553337369725,0.0016010529426465402,0.0004910506511228458,0.0010226696971883783,0.00562856307375666,0.0008156413200771139,0.0007619507505306697,0.12816339479923394,5.120550427505786,0.20733220743874547,0.3229703717210755
396,adam,396,397,0.0005606067406540177,1,0.0004904644753510637,0.00024282140146127977,0.001766101605912746,2.8326511239687675e-05,1,2,,0,3.3343572620862096e-10,-14.80980808711385,-0.0037453076379782174,-0.21640359601096137,0.0016395503608489061,0.0004904644753510637,0.0010229010211545116,0.005629053042483711,0.0008169771325650923,0.0007619652153738608,0.12816758947068935,5.120567057000974,0.20733047254009856,0.3229691523441435
397,adam,397,398,0.0005550006732474775,1,0.0004885694386234211,0.00022414612322662505,0.001921374014718312,5.172246746100768e-05,1,2,,0,3.4556925504920346e-10,-14.809935547734352,-0.0037457178156560414,-0.2164994639320887,0.0017460993745142068,0.0004885694386234211,0.0010226974009766383,0.005624850100796075,0.0008161809170662449,0.0007618862090071177,0.12817878557431653,5.119832953234457,0.2073285520522445,0.32297516418475386
398,adam,398,399,0.0005494506665150027,1,0.0004877514755337074,0.0002336249175336823,0.002034479480429976,2.3818266880832566e-05,1,2,,0,1.183059941411942e-10,-14.809607985460607,-0.0037486715507078815,-0.21648078731441775,0.001701251497506952,0.0004877514755337074,0.00102233357731363,0.005623081672002425,0.0008154347916392655,0.0007617117504989371,0.1281685236846172,5.118837688163135,0.2073307274322953,0.32297949545267
399,adam,399,400,0.0005439561598498526,1,0.0004901684296582785,0.0002363051201690311,0.002189326038880839,4.9348457370952e-05,1,2,,0,4.6089585144249e-10,-14.808917569758815,-0.00374620199486915,-0.21637053961415192,0.0016276437667367225,0.0004901684296582785,0.001022200576776661,0.005625713121382293,0.0008154700591741134,0.000761526595435739,0.1281388180405368,5.118003436914901,0.2073345837024176,0.32297459404501083
400,adam,400,401,0.0005385165982513541,1,0.0004889790541664521,0.00023422180854270678,0.0019795917823685113,2.544090825363749e-05,1,2,,0,6.523500025813988e-11,-14.808525790067987,-0.0037368820255743035,-0.21639012608997144,0.001639347733516013,0.0004889790541664521,0.0010222634042582007,0.005627512439436471,0.0008154023733846751,0.0007614112926371674,0.12813316942082123,5.1173571272216485,0.20733423998420264,0.3229721395497688
401,adam,401,402,0.0005331314322688406,1,0.0004883664481476786,0.0002479662978177052,0.002156946346114965,5.077972501184012e-05,1,2,,0,4.0428749296205844e-10,-14.80855083411476,-0.0037370829779845224,-0.2165025612590742,0.0017138752759000377,0.0004883664481476786,0.0010225238238811374,0.005626422775466015,0.0008156061318338789,0.0007614161103400447,0.12814638002307763,5.116921608192892,0.2073303461865022,0.3229732120941613
402,adam,402,403,0.0005278001179461521,1,0.00048691890230660566,0.00021699572102847506,0.001799556546526436,2.5654660519583987e-05,1,2,,0,2.2699273187310787e-10,-14.808574359692543,-0.003743428906213388,-0.21648870413517096,0.0016577318035965783,0.00048691890230660566,0.0010223558399336825,0.005624655553742088,0.0008161322519631837,0.0007613993435671836,0.12814636156518175,5.116718290346844,0.20733256990172436,0.3229758685384868
403,adam,403,404,0.0005225221167666907,1,0.0004887905634498185,0.00022787961527923758,0.00193960038916238,4.6439151314203504e-05,1,2,,0,4.44158951565813e-10,-14.808354702457866,-0.003742473162309091,-0.21638633472031246,0.001554917500142691,0.0004887905634498185,0.0010219222252116288,0.005623408996443451,0.0008158776379737867,0.0007612831147575722,0.12813193771237846,5.116266919117543,0.2073379107158458,0.3229783229886633
404,adam,404,405,0.0005172968955990236,1,0.00048797518655591614,0.00021258029321676684,0.001760627569929424,2.10009649784817e-05,1,2,,0,1.5652249975832242e-10,-14.808351169388887,-0.003730379934482192,-0.21640888743376163,0.0015424356300079293,0.00048797518655591614,0.0010212748753758764,0.005619928443687288,0.0008144202887832004,0.0007611322246848457,0.12813527597917987,5.115582288285426,0.20734023603282115,0.32298453178815784
405,adam,405,406,0.0005121239266430334,1,0.0004869275415582106,0.00024413475797853139,0.0022199391152173077,4.566895451642607e-05,1,2,,0,3.5209908267063196e-10,-14.808694902680463,-0.0037237286285918595,-0.2165240431490077,0.0016204948894598368,0.0004869275415582106,0.0010212252073208675,0.0056168999018940706,0.0008141920340450531,0.0007610880679849903,0.1281459348893055,5.115323636004579,0.20733809596761157,0.32298654713460007
406,adam,406,407,0.0005070026873766031,1,0.00048604881318918764,0.00018867552659990752,0.001445173672296381,2.4750164576348977e-05,1,2,,0,1.8929716381485108e-10,-14.808766642274673,-0.0037253825032296625,-0.21650319348134522,0.0016896433159253879,0.00048604881318918764,0.001021365761183949,0.005616232488552322,0.000815303846661702,0.0007610515077316431,0.12813059466045582,5.115171699145982,0.20733812010540367,0.3229791756006564
407,adam,407,408,0.0005019326605028371,1,0.000487964840066552,0.00026288106501670656,0.00225902057297783,4.2851670358362936e-05,1,2,,0,4.2408300471228285e-10,-14.808555714117622,-0.0037264763461082526,-0.21639180292217156,0.001666905664389638,0.000487964840066552,0.0010210921744898424,0.005615433636551759,0.0008156884415018828,0.0007609526888367065,0.1281124726844681,5.114709415502484,0.2073432519352563,0.32298004886423526
408,adam,408,409,0.0004969133338978088,1,0.0004865558752487535,0.0002010087749693719,0.0019377819464557,2.3635176515025873e-05,1,2,,0,2.6104908572854455e-10,-14.808223790314157,-0.0037151510126735197,-0.21638693028179568,0.0016740042677068103,0.0004865558752487535,0.0010203176800471323,0.005612522046997338,0.0008138731107543549,0.0007607750741104544,0.12811746445551828,5.113608071502349,0.20734559282173684,0.32298981148554623
409,adam,409,410,0.0004919442005588306,1,0.00048728463625395294,0.0002721898030784252,0.0023686949427687005,4.175449879630996e-05,1,2,,0,2.8507183323753127e-10,-14.808426211549454,-0.0037102073889707975,-0.21648810792965154,0.00170709410546168,0.00048728463625395294,0.0010202305495803426,0.005609424018905709,0.0008133939546495425,0.0007608025943543318,0.12813147682094103,5.113242462403399,0.20734416152132404,0.32299539273126326
410,adam,410,411,0.0004870247585532423,1,0.0004856339829441852,0.00022564191498041875,0.0019750860548262902,2.301217103551137e-05,1,2,,0,3.3803743619198226e-10,-14.808564355550434,-0.003722719158992118,-0.21649216064007454,0.0016716233466841255,0.0004856339829441852,0.0010205777002749539,0.005609465490929961,0.0008149677095953045,0.0007609073884258961,0.12812656068242634,5.113475999904396,0.2073438230860871,0.32299043988516146
411,adam,411,412,0.0004821545109677099,1,0.00048798366796509686,0.000271021158022842,0.002799339773902059,4.42456754441114e-05,1,2,,0,2.778370500301973e-10,-14.808228882100439,-0.003727782501511134,-0.21639856847616337,0.0015776370106385447,0.00048798366796509686,0.0010206231701473147,0.0056104627683086624,0.0008158068805466233,0.0007608685979837325,0.12810776830639348,5.113351740280044,0.20734636250989819,0.32298362173924866
412,adam,412,413,0.00047733296585803273,1,0.00048743597310363954,0.00024013986656893014,0.001972627471408865,2.11301779351572e-05,1,2,,0,3.660347063870704e-10,-14.807671769115116,-0.00371424553413292,-0.21638092170438866,0.0015619771135168953,0.00048743597310363954,0.0010199022686572861,0.005608987198951391,0.000813922719716589,0.0007606583006698068,0.12810826952721047,5.112313965216456,0.20734758509682275,0.32298751174711576
413,adam,413,414,0.00047255963619945244,1,0.00048527026650365627,0.000215284559939466,0.002119865018947546,4.1807122338814116e-05,1,2,,0,3.4960513630530206e-10,-14.807625932091101,-0.0037021701731236364,-0.21645488596419904,0.0015964462681217263,0.00048527026650365627,0.0010194482821396025,0.005606790310278892,0.0008129399796872792,0.0007605913978890334,0.12812648569667417,5.1119415664903425,0.20734703631214932,0.32299670140414044
414,adam,414,415,0.0004678340398374579,1,0.00048605173995256546,0.00023769194162888505,0.0021369161875341392,2.4502723007184433e-05,1,2,,0,3.103050317550303e-10,-14.807765871111757,-0.0037076840456389116,-0.21644207730242165,0.001641395121389437,0.00048605173995256546,0.0010194716818799313,0.005605001539370657,0.0008138576675781865,0.0007606268460711277,0.128127726140302,5.112130769762988,0.20734824028588722,0.32299844536418776
415,adam,415,416,0.00046315569943908335,1,0.0004848307160053698,0.0002327166287933916,0.0025872952592418735,3.479441047776763e-05,1,2,,0,3.1602473912959794e-10,-14.80783048721212,-0.0037105227617235718,-0.2163733219094118,0.001655543516440354,0.0004848307160053698,0.001019576391061728,0.005604237434574926,0.0008149284965071162,0.0007606351560608283,0.12811381673155445,5.112226502575487,0.2073509701156254,0.32299480020685806
416,adam,416,417,0.00045852414244469246,1,0.0004840005131161076,0.0001787540828579965,0.0014061349323534137,2.5381267137166574e-05,1,2,,0,2.4979877965661143e-10,-14.807708599519335,-0.003706624670374933,-0.21639338929449253,0.0016921816732830381,0.0004840005131161076,0.0010191356635803413,0.005601074718774299,0.000813611303024762,0.0007604543313057782,0.12810955719755648,5.111389069717208,0.2073530900283015,0.3229970400550764
417,adam,417,418,0.0004539389010202456,1,0.0004862734157910794,0.0002455537830014446,0.0019929905607210053,3.612079940946216e-05,1,2,,0,1.9311683058214239e-10,-14.807693667858793,-0.003704491043559133,-0.21647808191227944,0.0017148940744333397,0.0004862734157910794,0.0010186046526759372,0.005597482302884695,0.0008122986014546718,0.0007603093757922524,0.12811369423154528,5.110720651889903,0.20735432631353057,0.3230021631505068
418,adam,418,419,0.0004493995120100431,1,0.00048465940803070343,0.0001741108480628332,0.0013820488307133914,2.5370409850504205e-05,1,2,,0,2.2432457919309941e-10,-14.807501984641487,-0.0037121605648883565,-0.21644490145054887,0.0015973247818322738,0.00048465940803070343,0.0010182900072937971,0.005596079121605934,0.0008125678860667082,0.0007602286415406913,0.12810422811332808,5.110516068318694,0.20735513778163797,0.32300124733344326
419,adam,419,420,0.0004449055168899427,1,0.0004855979050563788,0.0002437883659755375,0.0020633045558866485,3.64351575902119e-05,1,2,,0,2.6690859294573733e-10,-14.80722333514236,-0.0037128374413878686,-0.21634742812736005,0.0014980358713094944,0.0004855979050563788,0.0010184185954927561,0.0055965573949757165,0.0008134874530468163,0.0007602122666683424,0.12809198251604526,5.11051598510056,0.207354811620757,0.32299748417367047
420,adam,420,421,0.0004404564617210432,1,0.0004841360657630752,0.0002098345002592605,0.0019917885041419703,2.3049855820075634e-05,1,2,,0,2.2189965844044884e-10,-14.807255752989983,-0.0037005039731256746,-0.2163709621918115,0.0014910688662874683,0.0004841360657630752,0.0010184924775424626,0.005596473259890322,0.0008138802967465645,0.0007602448620370031,0.12810110088300955,5.110636590485852,0.20735306341898305,0.3230003437188554
421,adam,421,422,0.0004360518971038328,1,0.0004858616753880661,0.00025139372155617753,0.00228499757571635,3.818354474565113e-05,1,2,,0,3.0157890944713906e-10,-14.807095063331943,-0.0036872236022900996,-0.2164495624830042,0.001559475059014348,0.0004858616753880661,0.0010180307904038078,0.005594712999808626,0.0008124859757302863,0.0007601214211051214,0.12811474882325535,5.110051152422553,0.20735257041470134,0.3230074286285322
422,adam,422,423,0.0004316913781327945,1,0.00048482970047231604,0.0002408997273212913,0.0019820212726727724,2.2022730510109486e-05,1,2,,0,1.7413727337978685e-10,-14.806930218499492,-0.0036833609818108983,-0.21643693152264953,0.0016649371071784057,0.00048482970047231604,0.0010176718956684983,0.00559386510576965,0.0008120267824719531,0.0007600178548030272,0.12810370952257816,5.109562612428559,0.2073556669902523,0.32300689093779117
423,adam,423,424,0.0004273744643514665,1,0.00048493468228082967,0.0002592038905632505,0.002258002839165923,4.163192823263312e-05,1,2,,0,4.697831284150819e-10,-14.806906561954552,-0.003690664917025802,-0.2163454937659764,0.0016764673170920623,0.00048493468228082967,0.0010177837247513884,0.0055937673879397805,0.0008130992994550243,0.0007600251521725003,0.12808036249698646,5.109502535312629,0.20735975412410793,0.32300241254052936
424,adam,424,425,0.0004231007197079519,1,0.00048436889668874197,0.00024575031313194196,0.0023368221560576517,1.800912826085484e-05,1,2,,0,8.382654561037905e-11,-14.806612895210854,-0.0036918061418718963,-0.21632579947605976,0.0016836362572967697,0.00048436889668874197,0.001017602832257781,0.005592464819734931,0.0008125799743055304,0.0007599187083812197,0.1280756998602025,5.108838749344076,0.20735960402362136,0.32300275429063696
425,adam,425,426,0.00041886971251087234,1,0.00048452454767173843,0.00024934186547511165,0.002027565090582382,3.9404482827003846e-05,1,2,,0,2.8487819867451886e-10,-14.806673800905106,-0.0036853710635806245,-0.21639771188944104,0.0016780997383118417,0.00048452454767173843,0.0010175075221774217,0.005590111816564722,0.0008121242802025772,0.0007598562364979126,0.12809248526107295,5.108504066038387,0.20735771681052997,0.3230080850069516
426,adam,426,427,0.0004146810153857636,1,0.0004838995075598594,0.00022777592013411698,0.002183641370344336,2.1474825003414273e-05,1,2,,0,1.8878412076184712e-10,-14.80687353533973,-0.0036813178068122966,-0.21638818282846164,0.001584398163383581,0.0004838995075598594,0.0010173825207398326,0.005588600751795202,0.0008128204294097045,0.0007598272831443618,0.12809782684987436,5.108755645454594,0.20736080941380622,0.3230112773678525
427,adam,427,428,0.00041053420523190596,1,0.0004840124732224387,0.0002170732673638831,0.0016235995329437277,3.536211596242946e-05,1,2,,0,3.11735890026143e-10,-14.806814095060538,-0.0036858832591732324,-0.2163099307074099,0.0015348062028630344,0.0004840124732224387,0.0010172189918183554,0.005587166321584663,0.0008133327884321989,0.0007597623032407686,0.12808406339696612,5.108792784765933,0.20736462008468118,0.3230080320281158
428,adam,428,429,0.0004064288631795869,1,0.00048342312817235155,0.00021515170623519352,0.0016562520907179791,1.7979044156991928e-05,1,2,,0,6.837557162313065e-11,-14.80670000762277,-0.0036821971786476695,-0.21633627204055772,0.0015513279451965557,0.00048342312817235155,0.0010168355544208367,0.0055849634261675735,0.0008125773578458126,0.000759678468187182,0.1280810514765901,5.108383539806067,0.207364646305575,0.32300789618314985
429,adam,429,430,0.000402364574547791,1,0.0004834089913840478,0.00020826020896073076,0.0018503396164576825,3.504151919322148e-05,1,2,,0,3.0831318566878045e-10,-14.806747314129169,-0.0036707689137049178,-0.21644389627961622,0.0016022567039172323,0.0004834089913840478,0.0010164005364117223,0.005582440339820677,0.0008114261198625859,0.0007596546973707305,0.12809193422099113,5.108008393308442,0.20736266654742422,0.3230133102561277
430,adam,430,431,0.0003983409288023131,1,0.00048328834148364096,0.00021319195301759024,0.001635890407983755,1.9638716455970608e-05,1,2,,0,9.154446316961808e-11,-14.806586428374446,-0.003670929972451651,-0.21644450985155653,0.0016518830050846727,0.00048328834148364096,0.0010161900794035447,0.00558170101926462,0.0008112041444101341,0.0007596297710024891,0.1280882264321133,5.107710722130316,0.20736253556538156,0.323015189907588
431,adam,431,432,0.00039435751951429,1,0.00048282315548108825,0.00022206901848378,0.0020772770596038125,3.1731980584359396e-05,1,2,,0,1.974724309438747e-10,-14.806110680325025,-0.0036792353081739958,-0.21634681582542112,0.0016329661358460692,0.00048282315548108825,0.0010160888921755984,0.005582071090675278,0.0008114344385430837,0.0007595358638286022,0.12807385850860734,5.107282886146663,0.20736376212890348,0.3230129029584357
432,adam,432,433,0.0003904139443191471,1,0.00048220402661653587,0.00021538120985793667,0.0018319913736053687,1.9159954522737253e-05,1,2,,0,8.42333003769768e-11,-14.80600702786085,-0.0036760410799711743,-0.21632568312290132,0.0016748669629573399,0.00048220402661653587,0.0010160753936881688,0.005581157318266939,0.0008114338526477973,0.000759464130959322,0.12807742587508045,5.107009224705989,0.20736540772799697,0.32301476092129566
433,adam,433,434,0.0003865098048759556,1,0.0004834455269585226,0.00027674537515743095,0.002449028863567464,3.126132166802853e-05,1,2,,0,2.533857894694907e-10,-14.806516958353054,-0.0036645224302051652,-0.21641156534946263,0.0017008175609417103,0.0004834455269585226,0.0010163032348557974,0.005579418551702941,0.0008120575872509424,0.0007595466507976519,0.12809374021349668,5.107400198701985,0.20736645897366165,0.3230197101038543
434,adam,434,435,0.000382644706827196,1,0.0004818688531795383,0.00022563717284893733,0.0020135075963390626,2.1299098526776124e-05,1,2,,0,1.483215098525148e-10,-14.806408627082652,-0.003664202084514761,-0.21639956386603898,0.0016009212824417054,0.0004818688531795383,0.001016184531429007,0.005579199090341469,0.0008123536712462317,0.0007595212262822164,0.12808928639101014,5.107367425220282,0.20736830411691218,0.323018895628919
435,adam,435,436,0.00037881825975892406,1,0.0004843907382548509,0.00024841628826586094,0.0020460021869264005,3.395190826017318e-05,1,2,,0,2.464872594872677e-10,-14.805641237848185,-0.0036738463576311163,-0.2163024319806289,0.001553624066918374,0.0004843907382548509,0.001015901651323788,0.0055797625380113736,0.0008117853326437228,0.0007593476666276248,0.12806911390075193,5.106561783936506,0.20736891877564176,0.3230129039837654
436,adam,436,437,0.0003750300771613349,1,0.0004839413226200383,0.0002485217014882506,0.002029973398837783,1.6877116261640575e-05,1,2,,0,7.18090048739854e-11,-14.805437120144894,-0.0036723025374386827,-0.2163006128389933,0.001574296547571594,0.0004839413226200383,0.0010156703359817418,0.005578736866188067,0.0008113015084484207,0.0007592745804475628,0.12807117067935092,5.106166221891382,0.207368255805433,0.32301410015441273
437,adam,437,438,0.0003712797763897215,1,0.00048162578305917963,0.00020183210768667676,0.0017134348233604772,3.270137180039307e-05,1,2,,0,2.673030778428747e-10,-14.805901763182707,-0.003661751798637969,-0.2163810812191421,0.001635388735326366,0.00048162578305917963,0.0010156200172965581,0.005576653937214013,0.0008115209290368885,0.0007593233693209831,0.12808869552766233,5.1064227440272445,0.20736829976577087,0.32302113838517593
438,adam,438,439,0.00036756697862582425,1,0.0004817774419993534,0.0002449552982780753,0.0023748893128133553,1.9413844089826937e-05,1,2,,0,1.480279613197269e-10,-14.806238574034639,-0.003648947843345904,-0.21638890433697558,0.0016516972626519722,0.0004817774419993534,0.0010153991112038067,0.0055740693560501035,0.0008115952337712517,0.0007593371029942524,0.1280892889533313,5.106537140247298,0.2073713832548194,0.3230265184079926
439,adam,439,440,0.00036389130883956604,1,0.00048232376416226016,0.00022058721596863402,0.00182906688456381,3.094127803290229e-05,1,2,,0,3.032847086210584e-10,-14.805831422002862,-0.003644645881995084,-0.21630828175007213,0.001632357136208173,0.00048232376416226016,0.001014928159136311,0.005572046360876269,0.000810662965878978,0.0007591968471644321,0.12806731552901876,5.105780479331564,0.20737335931468756,0.32302361984811956
440,adam,440,441,0.00036025239575117037,1,0.0004812580395802384,0.0002134768315549266,0.0022625262800144387,1.695338135048562e-05,1,2,,0,3.631300252428226e-11,-14.80574518766852,-0.0036463714790724213,-0.2163189260398645,0.0016434781343609428,0.0004812580395802384,0.001014832277560595,0.005570355707196721,0.0008104759179224638,0.0007591489403172601,0.1280621777232214,5.105407010130318,0.20737188904273787,0.3230214188017711
441,adam,441,442,0.00035664987179365865,1,0.0004825516858684955,0.0002697966147941617,0.0023130863121775206,3.279920197525141e-05,1,2,,0,3.124419776781501e-10,-14.80613640293797,-0.003647655403538257,-0.21641352836712838,0.0016506685346104203,0.0004825516858684955,0.0010150578810578501,0.005569442109352481,0.0008112968918142363,0.0007592095052157845,0.12807885899314908,5.105659897792596,0.20737045596896753,0.3230260618002248
442,adam,442,443,0.00035308337307572203,1,0.00048132527239390133,0.00021329532024472593,0.002618023942953106,1.9807541779566514e-05,1,2,,0,1.341587960791483e-10,-14.805968712884896,-0.00364756792869307,-0.21640295538286392,0.0015925656749343096,0.00048132527239390133,0.0010146413485902703,0.005569177604709168,0.0008112686714695119,0.0007591114693244039,0.12807837181655682,5.105407238877732,0.20737277490383044,0.3230281963353602
443,adam,443,444,0.00034955253934496484,1,0.00048248371740617057,0.0002595718510300172,0.002333143137087982,3.112141186438086e-05,1,2,,0,3.5576445028294756e-10,-14.805317101764226,-0.0036437898351227276,-0.216309747011946,0.001554197073391065,0.00048248371740617057,0.0010139290303471926,0.0055679013832708405,0.000809990694500895,0.0007588927566812658,0.12805908994318116,5.104537858934813,0.20737582738796873,0.32302480062287064
444,adam,444,445,0.0003460570139515152,1,0.0004817948337293335,0.00022621472204914497,0.0024605389943705243,1.5892739030739545e-05,1,2,,0,4.715489699185539e-11,-14.805306089360203,-0.003633510597562369,-0.2163062055691523,0.0015647940779805,0.0004817948337293335,0.0010137730156742591,0.005566478700433884,0.0008098601763876913,0.0007588799426828951,0.1280597247508149,5.104467399556655,0.20737660743405542,0.32302580879733495
445,adam,445,446,0.00034259644381200003,1,0.00048152827936670365,0.00021962548147742996,0.001898767991597534,2.9554365673917425e-05,1,2,,0,3.7058523520890077e-10,-14.805795715604969,-0.0036261078958896185,-0.21637735828662658,0.0016131913728313157,0.00048152827936670365,0.001014108155464096,0.005565241159241564,0.0008108110710180732,0.000759028683002858,0.1280769074732207,5.104950116772805,0.20737514501092447,0.32303094539490834
446,adam,446,447,0.00033917047937388,1,0.0004817075400843112,0.00026100723989725533,0.002441041240280617,1.9258028898816318e-05,1,2,,0,6.731049015199993e-11,-14.805812437101897,-0.003633072512562108,-0.21637850734140918,0.0016391936102491558,0.0004817075400843112,0.0010142237704070319,0.005564333559113493,0.0008110837130681387,0.0007590419456261045,0.12807773693377444,5.104882816708694,0.20737476941279265,0.3230332410079872
447,adam,447,448,0.00033577877458014125,1,0.0004812371023417974,0.00019134597983058756,0.0014765738573323754,2.993337437536497e-05,1,2,,0,2.1096770070231148e-10,-14.805232537701295,-0.003642858059167825,-0.2162942276310974,0.0016370098344425205,0.0004812371023417974,0.0010137806820365027,0.005563471885984996,0.0008102275779473336,0.0007588513545460781,0.12805819402724128,5.104057543202036,0.20737708414434064,0.3230303369963965
448,adam,448,449,0.0003324209868343398,1,0.0004816117849596362,0.00025506702900892925,0.002300960033600861,1.913642252679488e-05,1,2,,0,1.053373891242747e-10,-14.804757864884532,-0.0036391675022640216,-0.2162655953515173,0.0016478050418734307,0.0004816117849596362,0.001013323667710225,0.005562854150764309,0.0008093688444723397,0.0007587133580708131,0.12805134537108284,5.103490616988263,0.20737802190812984,0.3230284720975578
449,adam,449,450,0.0003290967769659964,1,0.0004802576055649095,0.0001602921580551306,0.001080046822555816,2.6495453525537796e-05,1,2,,0,2.1234475204994516e-10,-14.804907985527809,-0.0036262042755450825,-0.21632077227590285,0.0016512899733403686,0.0004802576055649095,0.00101327307886278,0.005561810679575026,0.0008095534333155693,0.0007587700089601847,0.12806376213740142,5.103635361387886,0.2073771144648131,0.3230316962341256
450,adam,450,451,0.00032580580919633643,1,0.00048068821185950157,0.0002458428618085288,0.002217344491199558,2.1377604435662405e-05,1,2,,0,2.0773235513763573e-10,-14.80524384218494,-0.0036204844907816477,-0.21634422061452988,0.0015861546609381193,0.00048068821185950157,0.0010134015108606736,0.005560014314154971,0.0008103208976933917,0.0007588665518800158,0.12807199824953622,5.104036918689646,0.207377611924556,0.32303564723038214
451,adam,451,452,0.00032254775110437305,1,0.00048041963816512957,0.00019499121554890041,0.0016208430060536743,2.6413465693136054e-05,1,2,,0,1.4437101664264185e-10,-14.80489841419915,-0.003628735118541799,-0.21629112230673828,0.0015211875505745816,0.00048041963816512957,0.001013139566371079,0.005558943075818468,0.0008100858555978841,0.0007587454679778305,0.128060798795504,5.103592824303953,0.20737970728364205,0.3230352299205273
452,adam,452,453,0.00031932227359332934,1,0.00048013261483495593,0.00020598990007581483,0.0025470284488236946,1.5944724661630766e-05,1,2,,0,1.6930108470819743e-10,-14.804454146007535,-0.0036298243680955534,-0.21629376232351835,0.0015283235836369355,0.00048013261483495593,0.0010126308066202632,0.005557618778530053,0.0008089288339079606,0.0007585483118830716,0.12805331139776252,5.102782587306756,0.2073808625491065,0.3230341980726054
453,adam,453,454,0.00031612905085739605,1,0.0004804428993046381,0.0002177911735819257,0.0020076625325782345,2.6082418831165786e-05,1,2,,0,9.46677765275168e-11,-14.804622188175884,-0.003623307159272534,-0.21635378075875322,0.0016106257988391338,0.0004804428993046381,0.0010124911268245222,0.0055561712274099445,0.0008088815468279935,0.0007585302878330005,0.12805823462585897,5.102732332609534,0.20738219122269339,0.3230356619524038
454,adam,454,455,0.0003129677603488221,1,0.00047989260699979016,0.00017861469174678546,0.0018059661920644243,1.857487297338445e-05,1,2,,0,1.1734449947783618e-10,-14.804763751742245,-0.0036273146637365245,-0.2163405462110393,0.0016651138494922022,0.00047989260699979016,0.0010125358673520365,0.0055545803896044485,0.0008096022956511324,0.0007585771370514301,0.1280567278195942,5.102906651368924,0.20738414219015736,0.32303638241243726
455,adam,455,456,0.00030983808274533386,1,0.00048075337237248213,0.00024034477615346176,0.002151012459181865,2.5084363470930422e-05,1,2,,0,1.0518016438308511e-10,-14.804498890361959,-0.00363344308692432,-0.21627852648846638,0.0016441880089868906,0.00048075337237248213,0.0010124004508362929,0.005552950882828248,0.0008095246776167273,0.0007585503051693164,0.12804784568003233,5.102611975633983,0.20738519470312303,0.32303683824971163
456,adam,456,457,0.00030673970191788053,1,0.00047975168950389777,0.00020162161416675234,0.0014778188682773186,1.906191185722655e-05,1,2,,0,8.330794887167321e-11,-14.804228400964497,-0.0036275127874742102,-0.2162827671232898,0.0016144351700179743,0.00047975168950389777,0.0010120148466553707,0.005550482434085777,0.0008086706661730057,0.000758500181928241,0.1280498340561033,5.102184289442494,0.20738430484534617,0.323040780472044
457,adam,457,458,0.0003036723048987017,1,0.0004813262689004901,0.0002937825369025139,0.002755664204823065,2.8177392448693668e-05,1,2,,0,2.069209027639255e-10,-14.804213110860601,-0.0036129191403547465,-0.21634887429619612,0.0016220658824280456,0.0004813262689004901,0.0010117170536814025,0.005547969287299525,0.0008081614020663306,0.0007584998737078928,0.12806229903679264,5.102093642553182,0.20738285250043853,0.32304605113643564
458,adam,458,459,0.0003006355818497147,1,0.0004799781747351681,0.00023348466488304204,0.002185954021616873,1.761645690378592e-05,1,2,,0,1.0570956966789051e-10,-14.804141735105816,-0.003613368198807452,-0.2163456644961662,0.0015992067142720128,0.0004799781747351681,0.0010114386970368045,0.0055463134352321,0.0008085597209988993,0.0007584642197133241,0.1280620225594697,5.102173891940948,0.2073847347998058,0.323046466319769
459,adam,459,460,0.00029762922603121755,1,0.00048046368331854745,0.00023576421898275122,0.002001958478643517,2.858397008662394e-05,1,2,,0,2.3887502029983483e-10,-14.80387244602688,-0.003622756205096954,-0.21628523502540722,0.0015851502916633127,0.00048046368331854745,0.0010111066669378469,0.00554394916003883,0.0008085191649348907,0.000758349689028185,0.1280448052094496,5.101912142641885,0.20738850032873785,0.3230423336957434
460,adam,460,461,0.00029465293377090534,1,0.0004804996245295218,0.0002537100897212511,0.0022390694437755846,1.3357593920899155e-05,1,2,,0,1.0523818065315561e-10,-14.803488251977464,-0.00362651270130382,-0.2162773840353961,0.001591957811151036,0.0004804996245295218,0.0010105988102418531,0.005541272142571769,0.0008074748857123537,0.0007582073674663879,0.12803757956852463,5.101256338118237,0.2073901447629974,0.3230420698330388
461,adam,461,462,0.0002917064044331963,1,0.00047906093113978454,0.00019713045495751004,0.0016544709517308498,2.658545023651591e-05,1,2,,0,1.1383728817492527e-10,-14.803498250950435,-0.0036246040276076406,-0.21633943158427274,0.001620119220844482,0.00047906093113978454,0.0010103404710421536,0.005538641860174297,0.0008069690529463902,0.0007582032929182195,0.12804731586714432,5.101055910121456,0.2073898042760202,0.3230470258494271
462,adam,462,463,0.00028878934038886436,1,0.0004792784465746869,0.0002110652897084236,0.0018105136820439397,1.2397771538531265e-05,1,2,,0,4.1536185614092794e-11,-14.803463001283477,-0.003629862694872357,-0.21634001405969544,0.0016419377206921104,0.0004792784465746869,0.0010103059997129068,0.005537282810291235,0.0008072274730075394,0.000758215797721972,0.12804996340496325,5.100983587372552,0.2073910376674461,0.3230509060786867
463,adam,463,464,0.0002859014469849757,1,0.0004791110170438481,0.00022149821243234495,0.0019764535067645288,2.2770354877372494e-05,1,2,,0,1.5827293684249532e-10,-14.803183512299771,-0.003638672459774749,-0.21627544054812264,0.0016239596489453657,0.0004791110170438481,0.001010250675059699,0.005536350456462242,0.0008075588756454502,0.00075817558795253,0.12803994115028944,5.100713675122276,0.20739279768579374,0.32305045144574684
464,adam,464,465,0.00028304243251512593,1,0.0004783225110564607,0.000186572265442402,0.001569992152777365,1.3187302541255346e-05,1,2,,0,2.7843328753617165e-11,-14.802969543891603,-0.003637907014629458,-0.21627666836402518,0.0016304311744506407,0.0004783225110564607,0.0010100812393675589,0.005534873735706088,0.00080728590236736,0.0007581159390738686,0.12803875624600208,5.100342100117855,0.20739291363790266,0.32305111180884527
465,adam,465,466,0.0002802120081899747,1,0.00048016882662263704,0.0002567381961903857,0.002317047366007758,2.4600257254481225e-05,1,2,,0,1.282001984470158e-10,-14.802988608800893,-0.003629119344910735,-0.216339011016492,0.0016462323857557165,0.00048016882662263704,0.0010099443750500555,0.005533135289089041,0.0008068671725306851,0.0007580974522437997,0.128046867437661,5.100133130737242,0.20739218137593088,0.32305363750058436
466,adam,466,467,0.00027740988810807493,1,0.00047908038704077546,0.0002180693238800341,0.001966257923296296,1.3662011468985957e-05,1,2,,0,2.613662542757893e-11,-14.802809488031212,-0.0036293657599780443,-0.21633738714539102,0.0015988815687266057,0.00047908038704077546,0.0010097497963624318,0.005532370615864627,0.0008067771629862902,0.0007580699460585892,0.12804343026565207,5.099855575640022,0.20739294145323298,0.3230534502378568
467,adam,467,468,0.0002746357892269942,1,0.0004794774244264377,0.00025308827160253956,0.0024267164159870094,2.6153376567435967e-05,1,2,,0,1.1622059958594465e-10,-14.802472964530702,-0.003639191121433657,-0.2162721822339012,0.001565854991601713,0.0004794774244264377,0.0010094989725118219,0.005531467287004406,0.0008066444814094346,0.0007579828006344515,0.1280329458736461,5.09941849220616,0.20739593934079892,0.3230525127310292
468,adam,468,469,0.0002718894313347242,1,0.0004791076984422224,0.00024662185838071566,0.002278731913015861,1.1120801274561682e-05,1,2,,0,1.7876654143124836e-11,-14.802372337507748,-0.0036412019203137668,-0.21627511221200327,0.0015769470930293978,0.0004791076984422224,0.0010092785742343046,0.005529646331987816,0.0008062961357870141,0.0007579250068880316,0.1280351887440858,5.099087187394996,0.20739732953408638,0.3230545068774849
469,adam,469,470,0.000269170537021377,1,0.0004790523049542527,0.0002322644734208937,0.0021700995759984477,2.4682028177916508e-05,1,2,,0,1.1295197477689461e-10,-14.80258568921603,-0.0036346609875283335,-0.2163412175614354,0.0016168482677251642,0.0004790523049542527,0.0010091784083743863,0.00552723083580985,0.0008061573378245406,0.0007579280015967192,0.12804657204690487,5.099071804978645,0.20739760551072664,0.32305812285826324
470,adam,470,471,0.0002664788316511632,1,0.00047899274831598803,0.00024071686474546515,0.002240380043510638,1.1587141650379458e-05,1,2,,0,3.465766630362793e-11,-14.802659024030474,-0.0036330595705590697,-0.2163481239089075,0.00164588161226036,0.00047899274831598803,0.0010091774796453928,0.005525753193152281,0.0008064137768197539,0.0007579193971981443,0.1280426102068772,5.0990602280380655,0.20739906456353768,0.32305706586366073
471,adam,471,472,0.0002638140433346516,1,0.0004784563620637131,0.00023791036685969958,0.0019599962320364494,2.3280268302208844e-05,1,2,,0,1.5141778476472276e-10,-14.802392082614132,-0.0036409752365464884,-0.21629460665067038,0.0016266590409196437,0.0004784563620637131,0.0010091550828155102,0.00552532358478447,0.0008065965784633894,0.0007578576455583485,0.12802895503231704,5.098754241905569,0.2074009805074342,0.323054565073295
472,adam,472,473,0.00026117590290130504,1,0.0004783573434786709,0.00020194181950731202,0.001465165907535656,1.2677205203169719e-05,1,2,,0,6.671017671351729e-11,-14.80206373418653,-0.003644116214457534,-0.21628701091773256,0.0016126458090886216,0.0004783573434786709,0.0010089319372661282,0.005523973380289466,0.0008058415940055434,0.0007577531438274552,0.12802874809035852,5.098079491809646,0.2074011333968864,0.3230582376907331
473,adam,473,474,0.00025856414387229204,1,0.00047852114519246247,0.0002412725979157291,0.002047803467889845,2.223126621449119e-05,1,2,,0,1.1907120065873283e-10,-14.801878339359424,-0.003642878209615686,-0.216324926409988,0.001621114473167908,0.00047852114519246247,0.0010087242519149506,0.005522572079703672,0.0008054542299620573,0.0007577117994152317,0.1280362054657765,5.097697047675188,0.207399722857371,0.32306132324900816
474,adam,474,475,0.0002559785024335691,1,0.0004778848467913632,0.00020123799429736327,0.001384788753282325,1.333336393655529e-05,1,2,,0,5.4227417320206344e-11,-14.801708583118163,-0.003646843730096538,-0.21631214695094414,0.0015798016703814646,0.0004778848467913632,0.0010085407653142176,0.005521118910196061,0.0008056154717571471,0.000757669430323366,0.1280331523115603,5.097562765877636,0.20740047425492783,0.32306004131625066
475,adam,475,476,0.0002534187174092334,1,0.0004791091716163296,0.00024054993411012514,0.0019809704006776042,2.2819028446298166e-05,1,2,,0,1.0828260766001124e-10,-14.80168801322587,-0.00364808080187427,-0.21627804896096614,0.0015273910935722339,0.0004791091716163296,0.0010085140639999922,0.0055195768424054475,0.0008059173140552307,0.0007576422977127312,0.12802475604981642,5.097542600141767,0.20740251683793237,0.3230583188155186
476,adam,476,477,0.00025088453023514105,1,0.00047906411786542133,0.00022906609793458461,0.001841046751751185,1.3372902983709991e-05,1,2,,0,7.60307056088969e-11,-14.801807104156257,-0.003644063140342771,-0.21630542952679294,0.0015272962654765477,0.00047906411786542133,0.001008464198986201,0.005517594333755428,0.000805924135457256,0.0007576492308517085,0.12802689763667632,5.097526255170916,0.20740338048127516,0.32306049100152023
477,adam,477,478,0.00024837568493278964,1,0.00047785972949422985,0.00021001305303428933,0.001859044546738731,2.0614941485266802e-05,1,2,,0,8.405998526258849e-11,-14.801591266080136,-0.003645092668304494,-0.2163418889860958,0.001565866363917928,0.00047785972949422985,0.001008047996754426,0.005515283821244705,0.0008050049647913849,0.000757567427628913,0.128031882734639,5.096970649204664,0.20740300961734107,0.32306387888765287
478,adam,478,479,0.00024589192808346173,1,0.0004778921723336949,0.0002163094238126509,0.0016381834601860038,1.618061674015139e-05,1,2,,0,1.1156912762245575e-10,-14.801275744156921,-0.003647608514067166,-0.21633143444916275,0.0015837063391429245,0.0004778921723336949,0.0010076330593343013,0.005513941620185699,0.0008044944943927251,0.0007575032322256211,0.12803193592725928,5.096471170762137,0.20740368644310472,0.3230657462459701
479,adam,479,480,0.00024343300880262712,1,0.00047817429253540334,0.00021591752667837058,0.0020055536884375402,1.83810746655113e-05,1,2,,0,4.747683645190666e-11,-14.801078880579619,-0.0036505212820544253,-0.21629398390070573,0.0015770820448956719,0.00047817429253540334,0.0010075013207923463,0.0055130920201998815,0.0008045012446168576,0.0007574552401713756,0.1280237718719219,5.096190164237854,0.2074053567728989,0.32306418149488625
480,adam,480,481,0.00024099867871460088,1,0.00047760550537252283,0.0002130280930510135,0.00184206249702568,1.4681107759940633e-05,1,2,,0,6.217028883363688e-11,-14.80118198560779,-0.0036491520680837506,-0.21631871542306258,0.0015843478922896261,0.00047760550537252283,0.0010076176837484703,0.005511987903249678,0.0008046791846590375,0.0007574399542981043,0.12802022821649725,5.0961720001149455,0.2074067677307323,0.3230632469010129
481,adam,481,482,0.00023858869192745487,1,0.00047823256412445617,0.0002652257097885723,0.0024400493786500455,1.9664780273346847e-05,1,2,,0,6.104564716045054e-11,-14.801247048101986,-0.0036451285336309785,-0.2163694924938832,0.0015991073128728856,0.00047823256412445617,0.0010075819012278508,0.005510416788791616,0.0008043493962501914,0.0007573944459074321,0.1280242860249241,5.095951600667669,0.20740720738253499,0.3230658376569466
482,adam,482,483,0.0002362028050081803,1,0.0004772712480026726,0.00020733072184185496,0.001996291889613466,1.2608517693422902e-05,1,2,,0,5.4350879265058293e-11,-14.80102040647076,-0.0036529512274810524,-0.2163478826143207,0.0015497173653402539,0.0004772712480026726,0.0010073754567935479,0.005509515995699151,0.000804403738245063,0.0007573347000499505,0.12802300307593237,5.095646654250295,0.20740837127305226,0.3230674120147672
483,adam,483,484,0.00023384077695809847,1,0.0004782118208576423,0.0002360206707831243,0.0020927325012197713,2.0417938959443015e-05,1,2,,0,6.520228461324092e-11,-14.800593114137794,-0.003665657166367412,-0.21627911456087842,0.0015227911988999158,0.0004782118208576423,0.0010072632319883727,0.00550909704738132,0.0008045636045510036,0.0007572739875803863,0.12801599084799806,5.0951878963870705,0.20740890339709928,0.3230661947931879
484,adam,484,485,0.0002315023691885175,1,0.0004779405091235434,0.00022844285680001958,0.0020443981291803598,1.0439267141531047e-05,1,2,,0,2.969593570831341e-11,-14.800423463323783,-0.003665636489349578,-0.21627897109897815,0.0015294548868368806,0.0004779405091235434,0.0010071608734332138,0.005507887271127444,0.0008043733443200475,0.0007572414178408099,0.12801679704187113,5.0948802707306164,0.20740884344964736,0.32306665831725434
485,adam,485,486,0.0002291873454966323,1,0.00047737293622520754,0.00020598384136275664,0.0018913607342357698,2.0112612086008868e-05,1,2,,0,5.0240432395148576e-11,-14.800534137128741,-0.003656768780833522,-0.21633744631393736,0.0015478497959979492,0.00047737293622520754,0.0010070234209532002,0.005505850284399964,0.0008039808626639537,0.0007572129583434457,0.12802135362549827,5.094781134450507,0.20740993614874448,0.3230694232129637
486,adam,486,487,0.000226895472041666,1,0.00047741235824674485,0.00023461035440554208,0.0022214129933015177,1.3189948152545457e-05,1,2,,0,4.40018380115748e-11,-14.800545020691034,-0.003654443411325367,-0.21634996330793793,0.0015597033044569804,0.00047741235824674485,0.0010068803665983618,0.005503973554995141,0.0008037904510472553,0.0007571641983288319,0.12801578560206445,5.094628093487874,0.2074122364696931,0.3230701893633785
487,adam,487,488,0.00022462651732124936,1,0.0004774315873930336,0.00023308674527355755,0.0019326256977011676,1.8082033616095104e-05,1,2,,0,5.4010542264857925e-11,-14.800271009509007,-0.0036628226962179353,-0.21630549665681276,0.0015425876664547998,0.0004774315873930336,0.0010066808401435637,0.0055026036452776456,0.0008037725349322193,0.00075710599312811,0.12800758580209917,5.094266346024834,0.207413853312879,0.3230702197054327
488,adam,488,489,0.00022238025214803682,1,0.0004767584654043588,0.00021620705390621903,0.001967580979989681,1.2619233565408383e-05,1,2,,0,3.933764650835828e-11,-14.799941696193395,-0.0036700510807099592,-0.21629867525997395,0.0015651996289640794,0.0004767584654043588,0.0010064169109732556,0.005500916007567255,0.0008033123515208973,0.0007570441694971765,0.1280078959888416,5.093696586962079,0.20741320562698354,0.3230719057890762
489,adam,489,490,0.00022015644962655647,1,0.0004782219224685074,0.00025378583179781495,0.0019207685014199258,2.0128166190037668e-05,1,2,,0,8.99419850328791e-11,-14.799904018351556,-0.003668657540948913,-0.2163469982273529,0.0015894380534144069,0.0004782219224685074,0.0010062625949704012,0.005499038035662897,0.0008030001655969095,0.000757037362238258,0.1280145597156206,5.093447820730588,0.2074123676934934,0.32307435754681096
490,adam,490,491,0.0002179548851302909,1,0.00047763991329380714,0.00021850894942034563,0.001755754316941032,1.0712499695659683e-05,1,2,,0,4.1471985344172975e-11,-14.799880290155693,-0.0036665515853221424,-0.21635469062595716,0.0015346498066662103,0.00047763991329380714,0.0010061096754346213,0.005497842671952575,0.0008029986802445173,0.0007570166414793328,0.1280129819868201,5.093349695420749,0.2074135575862208,0.32307442289223315
491,adam,491,492,0.00021577533627898797,1,0.00047704230322460873,0.0002230296712989925,0.0016940235931144107,2.0443133525067655e-05,1,2,,0,1.0537071512853384e-10,-14.799861646632394,-0.003665168150785172,-0.2163234155331933,0.0014808655069693407,0.00047704230322460873,0.0010060061031397225,0.005496423773288102,0.0008029831123776697,0.000756953295990368,0.12800386242238973,5.093171603230091,0.20741619134080624,0.3230730608727076
492,adam,492,493,0.0002136175829161981,1,0.000477217728012616,0.00023008598681146034,0.0017767414371161793,1.1170314847943181e-05,1,2,,0,5.786343789926751e-11,-14.799911440908508,-0.003665803767126256,-0.21631812471306855,0.0014802709124793222,0.000477217728012616,0.0010059097515668055,0.00549429489353549,0.0008027563309172856,0.0007568863805375308,0.12800118630950466,5.092902178066701,0.20741814575978912,0.3230742657567388
493,adam,493,494,0.00021148140708703614,1,0.0004770217411913702,0.00021122444624343547,0.0016567627711033192,1.695605052514283e-05,1,2,,0,4.368348826981985e-11,-14.800073647952864,-0.0036649259984460796,-0.2163510160713422,0.0015189018764113463,0.0004770217411913702,0.0010058842676346038,0.0054925222021060364,0.0008027987142922794,0.0007568912034686837,0.12800615526636222,5.092806932200421,0.20741827652285275,0.3230765328397986
494,adam,494,495,0.00020936659301616577,1,0.00047708695289650074,0.00022345304064841007,0.001935687183084519,1.3105711781948087e-05,1,2,,0,1.0386418548637544e-10,-14.799829341480752,-0.0036606759663134376,-0.21633985390873103,0.001553374873312598,0.00047708695289650074,0.0010057415153462376,0.005492658096653025,0.0008025783837143452,0.0007568547712449916,0.1280070276214324,5.092409599627465,0.20741727044199745,0.3230767373075863
495,adam,495,496,0.0002072729270860041,1,0.0004767313720408288,0.00022403499810628758,0.0017270939430898925,1.6425455152261746e-05,1,2,,0,3.856152237636879e-11,-14.799450711554579,-0.0036642228339118657,-0.21629587282690216,0.0015483347302322457,0.0004767313720408288,0.001005677941816563,0.005493408373641646,0.0008025581459134922,0.0007568052275142,0.12800068568213305,5.09196937473483,0.2074169428291082,0.32307580637593164
496,adam,496,497,0.00020520019781514407,1,0.00047640212864354814,0.00019875246498362708,0.001608468867013413,1.1268191133929162e-05,1,2,,0,6.181952491569567e-11,-14.799396855924059,-0.0036735127947639104,-0.21629957101716588,0.0015468709223398958,0.00047640212864354814,0.0010056909218054487,0.005492412071580628,0.0008025689543637806,0.0007567596938513195,0.12799732804783043,5.091702947458738,0.2074184867660869,0.3230782109062761
497,adam,497,498,0.00020314819583699262,1,0.0004769414024937001,0.00025099379666271824,0.0021666798473914412,1.6019095008420595e-05,1,2,,0,3.6965474654974916e-11,-14.799441300950727,-0.003674935552097411,-0.2163416148159765,0.0015667702877500468,0.0004769414024937001,0.0010056208013074122,0.005491000471443807,0.0008023433553751862,0.0007567072974645289,0.12799757888402394,5.091505051868669,0.20742015988137769,0.3230803729768596
498,adam,498,499,0.00020111671387862268,1,0.00047631636025974024,0.0001808038463908159,0.0013595981986590296,1.194502426116485e-05,1,2,,0,2.8182324503892047e-11,-14.799226227390758,-0.003668138066508721,-0.2163431418904612,0.001530631537034045,0.00047631636025974024,0.0010054014809865268,0.0054910011644214735,0.0008020770665667927,0.0007566415937793084,0.12799414631394532,5.0911992444861625,0.20742051496947325,0.32307898919874195
499,adam,499,500,0.00019910554673983647,1,0.00047677908188017217,0.00023002044447069972,0.0021495287170326294,1.586520703953222e-05,1,2,,0,3.726558364237719e-11,-14.798893130739575,-0.0036697599319941068,-0.2163131683231155,0.001483011329789737,0.00047677908188017217,0.0010053086421056504,0.005491016422909545,0.000802054561531176,0.0007566047177471928,0.1279885610823048,5.090829167279489,0.2074194820072348,0.3230767034461662
500,adam,500,501,0.0001971144912724381,1,0.00047640117942449934,0.00020691242238337192,0.0016162584966793508,9.823125464381459e-06,1,2,,0,3.671699554113577e-11,-14.79893306196085,-0.0036800039929077164,-0.21631891143627432,0.001474103696886766,0.00047640117942449934,0.001005325631600947,0.005488951240676564,0.0008023506962716213,0.0007566264899454718,0.12798914307233106,5.09077239625573,0.2074199128388585,0.32307780511682027
501,adam,501,502,0.00019514334635971372,1,0.00047665401613412867,0.00022438920223525027,0.002634549949793106,1.613164680131904e-05,1,2,,0,4.4246353884823247e-11,-14.798966161577612,-0.003683041499812467,-0.21634852775128352,0.0015117713736504414,0.00047665401613412867,0.0010051134858818137,0.005486028639692474,0.0008018594648882185,0.0007565858255475466,0.1279924355399671,5.090507223829272,0.20742161943872414,0.32308172246697403
502,adam,502,503,0.00019319191289611658,1,0.0004764223056609054,0.00021904438615551671,0.0017881288600918072,1.1198136859766184e-05,1,2,,0,2.9887435007786696e-11,-14.79885149157276,-0.003675629070765567,-0.2163461297801021,0.0015368782829737837,0.0004764223056609054,0.0010047974074988545,0.00548446965658077,0.0008013061814757526,0.0007565197599475218,0.1279929562470855,5.090201849203293,0.20742338806303748,0.3230838890378837
503,adam,503,504,0.00019125999376715542,1,0.0004763177192674087,0.00022220492364173722,0.0018564373264384384,1.6398852039084897e-05,1,2,,0,3.915811459259284e-11,-14.798630477533804,-0.0036750939852036096,-0.2163062066583032,0.0015254309905283088,0.0004763177192674087,0.0010046210032949648,0.0054835105425126655,0.0008012885972065389,0.0007564772661941656,0.1279868552073434,5.08998079721745,0.2074242498915045,0.3230821585267719
504,adam,504,505,0.00018934739382948386,1,0.00047613299978399245,0.0002093403294711525,0.0016045177525871855,9.398742170422241e-06,1,2,,0,3.3221547565990615e-11,-14.798625660554055,-0.0036783453938586327,-0.2163085206149936,0.001517677731419044,0.00047613299978399245,0.0010046607086612862,0.005482215379852821,0.0008016220831839978,0.0007565073356259966,0.12798851751326867,5.089939770044259,0.2074233664691626,0.3230823384658456
505,adam,505,506,0.000187453919891189,1,0.0004763434382882046,0.00026159327242749914,0.002288510021719422,1.556044294411402e-05,1,2,,0,7.864185312478274e-11,-14.798724684464188,-0.003681169406628721,-0.21635012080728147,0.001523841529609745,0.0004763434382882046,0.0010047105993986711,0.005480740322334505,0.0008017229956892264,0.0007565257264623426,0.1279924483693881,5.089882225708573,0.2074235757677286,0.32308530463012525
506,adam,506,507,0.0001855793806922771,1,0.000475795518120842,0.0002204577690529982,0.0023151735985283057,1.1075550844238092e-05,1,2,,0,4.171359013503294e-11,-14.798528704337576,-0.003681903793446298,-0.21634633443194454,0.0015048144647047917,0.000475795518120842,0.0010044745744872954,0.005480335027714062,0.0008014594618484586,0.0007564528087243684,0.12798744135276138,5.089540158965337,0.20742559520745518,0.3230862824275905
507,adam,507,508,0.00018372358688535436,1,0.0004765888612213497,0.000256097510358085,0.002749341084099882,1.5702536373793972e-05,1,2,,0,1.1833477047718808e-10,-14.797966571139593,-0.0036786743822657684,-0.21630728315814962,0.0015041876008064078,0.0004765888612213497,0.0010040805002580972,0.005480576164395637,0.0008006511818049952,0.000756310303655763,0.12797555097144575,5.088807748636764,0.20742570450586692,0.3230821199751031
508,adam,508,509,0.0001818863510165008,1,0.0004762744977469843,0.00024052142356916547,0.002476275532964309,1.0272213130084683e-05,1,2,,0,4.0311888842008573e-11,-14.797768312568724,-0.0036805889576262516,-0.21631258090726943,0.00151677077260638,0.0004762744977469843,0.0010039812311892374,0.005480447117653499,0.0008006139570337576,0.0007562737606420914,0.1279748746250638,5.088499437103395,0.20742449639480992,0.3230812872073847
509,adam,509,510,0.0001800674875063358,1,0.0004762733322077216,0.000231850691648989,0.0023996772264971793,1.551361532464842e-05,1,2,,0,9.732173224751004e-11,-14.798031554577546,-0.003689098499355679,-0.21635192310542714,0.001527467265589764,0.0004762733322077216,0.001004121754159191,0.0054788108007717325,0.000801144861519793,0.0007563228939555145,0.1279805238073035,5.088646180702484,0.2074248973152424,0.32308476896296207
510,adam,510,511,0.00017826681263127242,1,0.0004761708497303178,0.00023745200168231,0.0024739225436090054,1.1146645729328218e-05,1,2,,0,4.005566593354541e-11,-14.798066380359963,-0.0036918093468897508,-0.21635587091474717,0.0015045864848504216,0.0004761708497303178,0.0010041055326538756,0.005477573291421442,0.0008010566807861312,0.0007562965744435452,0.1279788368364622,5.088551329163489,0.2074263241129294,0.32308678301632054
511,adam,511,512,0.0001764841445049597,1,0.0004757849244736676,0.00021580583463881844,0.0024023104244257063,1.4638863159460478e-05,1,2,,0,7.885048091732334e-11,-14.79777292774043,-0.003684756213393942,-0.21632759401955828,0.0014780228686125467,0.0004757849244736676,0.0010038743413090378,0.005477372606472935,0.0008003859657510448,0.0007561966570077515,0.1279736086393859,5.088136797495607,0.20742678581593077,0.3230858747925826
512,adam,512,513,0.0001747193030599101,1,0.00047563578268186634,0.0002231049214242574,0.0024513213069752467,1.0973866620722302e-05,1,2,,0,5.019104937524269e-11,-14.79764184042159,-0.0036814606344822403,-0.21632002597272773,0.0014918521515574165,0.00047563578268186634,0.0010037926104760834,0.00547686974483594,0.0008003554847543815,0.0007561727784274344,0.12797585949727053,5.087981377315838,0.2074259560788663,0.3230853746695564
513,adam,513,514,0.000172972110029311,1,0.0004759653275200019,0.0002264584204441517,0.002203210984806842,1.4101845179658096e-05,1,2,,0,8.493954402307114e-11,-14.797806879923943,-0.0036861799066081557,-0.2163381197610081,0.0015229975358580165,0.0004759653275200019,0.001003826971615091,0.0054750529595943035,0.000800843796788844,0.0007562077574676892,0.12798160947261517,5.0880504170632035,0.2074264973266863,0.32308791253429375
514,adam,514,515,0.0001712423889290179,1,0.0004755056018152757,0.0002110962681510904,0.002768164312249811,1.0116850226996776e-05,1,2,,0,2.8769137353549958e-11,-14.797787620064256,-0.0036894034656180324,-0.21632845763497666,0.001517381307820935,0.0004755056018152757,0.0010036830598963886,0.0054732278079409145,0.0008007573284681627,0.0007561715859275697,0.12797763434312595,5.087796392485849,0.2074280029351075,0.3230889873707569
515,adam,515,516,0.0001695299650397277,1,0.0004759164652572574,0.00021442034910139145,0.0015645993797728016,1.4829645943249308e-05,1,2,,0,7.922614961691484e-11,-14.797441970330171,-0.003685248691957837,-0.21629862111619813,0.0014891741809786366,0.0004759164652572574,0.0010033860576950896,0.005472599000508777,0.0008000193772042568,0.0007560585324629444,0.12796972450799646,5.087197413396058,0.20742893650828648,0.3230884277875486
516,adam,516,517,0.00016783466538933045,1,0.0004757502021161833,0.00023889259080053153,0.003123064365258329,9.312727029752954e-06,1,2,,0,1.7488163082055407e-11,-14.797250981987625,-0.003679683249489219,-0.2163027628967028,0.0014957521820140847,0.0004757502021161833,0.001003255771572787,0.005472505784615595,0.0007997139917660038,0.000756011242608247,0.12796868009458476,5.086877119337041,0.2074287432306955,0.3230880315377548
517,adam,517,518,0.00016615631873543712,1,0.00047555683303169877,0.0002148443660521966,0.001806163082545418,1.3989464295725506e-05,1,2,,0,6.602316212167554e-11,-14.797281597548924,-0.0036865311540506098,-0.21632356677455555,0.0015286452277208198,0.00047555683303169877,0.0010033262008564228,0.005471700318159491,0.0008001747648144509,0.000756044911889063,0.12797251192362044,5.08689606581591,0.20742888301557497,0.32308883737013094
518,adam,518,519,0.00016449475554808276,1,0.00047554141800370457,0.00022547494928483596,0.003175065139041136,1.0561589730599624e-05,1,2,,0,3.846479420014236e-11,-14.797318510255213,-0.003693856891563715,-0.21632054913623602,0.0015168132733368248,0.00047554141800370457,0.001003319712961892,0.005470340161428667,0.000800554577715857,0.00075605713850701,0.12797276853285122,5.086903644172948,0.20743034684846484,0.3230900860679784
519,adam,519,520,0.00016284980799260193,1,0.0004754692273450343,0.0002161696849879156,0.0017467176930613143,1.2337234743381677e-05,1,2,,0,3.358061314989747e-11,-14.79709292737558,-0.003692251070816906,-0.21630075065962143,0.0014820076393401355,0.0004754692273450343,0.0010030990333872484,0.00546946297740274,0.0008001065664081146,0.0007559861954824674,0.1279693279272805,5.0865403545018735,0.20743131043822685,0.323090791563461
520,adam,520,521,0.00016122130991267592,1,0.00047529702137167647,0.00021916515116660306,0.0028225838835783954,1.0996547433874534e-05,1,2,,0,8.33983205458374e-11,-14.796810043373705,-0.003687699428396306,-0.21631193335598495,0.0014686686701005608,0.00047529702137167647,0.0010028342682726179,0.005468459014241644,0.0007992212536877991,0.0007558923368717994,0.12796526253324905,5.0860630651748675,0.2074311433453345,0.32309048702229215
521,adam,521,522,0.00015960909681354916,1,0.0004755548229283784,0.00023628921423070754,0.0019001821335426832,1.2139765552482379e-05,1,2,,0,2.4001124372555276e-11,-14.796692784280197,-0.003691747837004349,-0.21633011634068267,0.0014963071964721134,0.0004755548229283784,0.0010027669878626894,0.005467310576104579,0.0007990941656212208,0.0007558716397094079,0.1279642853426138,5.0858854888038,0.20743107037932723,0.3230904884286345
522,adam,522,523,0.00015801300584541365,1,0.0004751234129211388,0.00018097020837956287,0.0021806660017411345,1.1066165413334445e-05,1,2,,0,5.1883295965672046e-11,-14.796671580139476,-0.003697198108865789,-0.2163199895542119,0.001508235432814786,0.0004751234129211388,0.0010027084893726372,0.005466673376737021,0.0007995470020850669,0.0007558837576770606,0.12796385799588836,5.085858589040713,0.20743201753987828,0.3230915841956134
523,adam,523,524,0.00015643287578695952,1,0.0004754285976676303,0.00023378313537240143,0.0029861066021594617,1.2519479217940768e-05,1,2,,0,3.308668259464184e-11,-14.796646489474814,-0.0036946171491510564,-0.21630440124604255,0.0014966399842328971,0.0004754285976676303,0.0010026078691744418,0.005466423280195463,0.0007997602745318315,0.0007558885590867036,0.12796439580596333,5.085782595492303,0.20743268997488523,0.32309372894160443
524,adam,524,525,0.00015486854702908992,1,0.0004751198809547082,0.00020827256503141867,0.002987007998249788,9.001350116715372e-06,1,2,,0,4.012258247403718e-11,-14.7964894443269,-0.0036885544398106017,-0.2163078628910668,0.0014981938277427705,0.0004751198809547082,0.0010023697420693052,0.005465425677501786,0.0007991006730528965,0.0007558088498257719,0.12796245665350342,5.085391944727158,0.20743282976517163,0.3230943253758959
525,adam,525,526,0.00015331986155879904,1,0.0004753324170144649,0.00023984774083760614,0.0025111746496463585,1.3495104928927569e-05,1,2,,0,4.1731235305548e-11,-14.796322284398519,-0.0036930573652235424,-0.21632199280629735,0.0015196330681562574,0.0004753324170144649,0.0010022598708310257,0.005464120065569395,0.0007986125894662015,0.0007557275085595717,0.1279583251378624,5.085036966874022,0.2074327012550059,0.3230930385926528
526,adam,526,527,0.00015178666294321104,1,0.000475049388282789,0.00020253687012971913,0.002509394171510711,8.861695429474912e-06,1,2,,0,1.92900687268756e-11,-14.79632149606946,-0.003698551826296674,-0.21631916111890193,0.0014990842570478291,0.000475049388282789,0.0010022715383203632,0.005463359157167233,0.000798893603028629,0.0007557293872627544,0.12795498010128753,5.084988229525212,0.20743291947306175,0.3230924288870097
527,adam,527,528,0.00015026879631377892,1,0.00047513168181780003,0.00024918653453031095,0.0028784096557380435,1.3332078412704483e-05,1,2,,0,4.4012140159434455e-11,-14.796375280262788,-0.003696456502038232,-0.21630899021364106,0.0014637540174668516,0.00047513168181780003,0.001002302024334111,0.005463614569233683,0.0007993998796762301,0.0007557586507108249,0.12795652202021837,5.085064049419313,0.20743339710367395,0.32309416764442317
528,adam,528,529,0.00014876610835064114,1,0.0004749855322020206,0.00019545069688015998,0.002344111314272403,8.27221251993775e-06,1,2,,0,1.8991073075991473e-11,-14.79627154188525,-0.0036896028665712173,-0.21631752236411286,0.0014512986882045168,0.0004749855322020206,0.001002155897416409,0.005463345738924175,0.0007990386403475058,0.0007557085902842004,0.12795801469245047,5.084806228264868,0.20743331188854738,0.32309592915902263
529,adam,529,530,0.00014727844726713471,1,0.00047503675744648446,0.00023570031384053373,0.0021380702327101005,1.2529820116236572e-05,1,2,,0,3.220386574404863e-11,-14.796178834255882,-0.003690089802681534,-0.216331584062148,0.0014672942428147376,0.00047503675744648446,0.0010019968350817748,0.0054615733880699685,0.0007984565838728144,0.0007556380049347508,0.12795566957793414,5.084483225501922,0.20743350748479553,0.3230961593035294
530,adam,530,531,0.00014580566279446335,1,0.0004747726385971271,0.00019513160002842213,0.0019047528128118534,8.546227568892337e-06,1,2,,0,4.18403665550642e-11,-14.796083443706603,-0.0036965366204293804,-0.21631454177288137,0.0014876275565088423,0.0004747726385971271,0.0010019192465626555,0.005460315829376504,0.0007984643540721161,0.0007556063959991638,0.12795061537675634,5.084267481691768,0.20743458352466285,0.3230960439922802
531,adam,531,532,0.00014434760616651872,1,0.0004750177138888219,0.00022260573553559805,0.001953674223278634,1.259852412339343e-05,1,2,,0,4.420917090740593e-11,-14.796039196063731,-0.0036978620547557343,-0.21629115528017862,0.0014978436077764136,0.0004750177138888219,0.001001873688632254,0.005460193094417056,0.0007988690063358172,0.0007556129220604627,0.12794965827373472,5.084189640814091,0.2074358198981283,0.3230974328898129
532,adam,532,533,0.00014290413010485355,1,0.0004747999559822626,0.00021429134524194245,0.002800947472532925,8.670001223239497e-06,1,2,,0,3.281287229667799e-11,-14.796017205848429,-0.0036947179489410257,-0.21630494881739307,0.0015127990944753679,0.0004747999559822626,0.0010017890774302548,0.00545973583991241,0.0007989086686129287,0.0007556105260637483,0.1279521836818354,5.084063159186976,0.20743587689944076,0.32309885503950797
533,adam,533,534,0.000141475088803805,1,0.0004748803738900814,0.00021927413331574233,0.0019181783658583375,1.188840098654591e-05,1,2,,0,4.506488233395344e-11,-14.79584111727541,-0.003694332593434776,-0.2163254101540088,0.0015259206762357053,0.0004748803738900814,0.0010015922116810379,0.0054584073503042745,0.0007982399214687812,0.0007555421513856179,0.12794970914500892,5.083679435849272,0.2074357863471568,0.32309803735105097
534,adam,534,535,0.00014006033791576694,1,0.00047476507598151143,0.0001819574988168046,0.002137186494800589,8.253357796593088e-06,1,2,,0,2.282996736750737e-11,-14.795645355099106,-0.0036977048423862055,-0.21632130280995024,0.0015196791937603068,0.00047476507598151143,0.0010014740217747118,0.005457485460041172,0.0007978736571148101,0.0007554808661486672,0.12794403623910663,5.083375838882482,0.2074363380648777,0.3230965303342962
535,adam,535,536,0.0001386597345366093,1,0.0004747346072459552,0.00022332765694791488,0.0017017353985863252,1.0505580257546814e-05,1,2,,0,1.4209168902692412e-11,-14.795571338396563,-0.003700062618451205,-0.21630960512737107,0.00148932676709331,0.0004747346072459552,0.0010014399025761011,0.005457272951574467,0.0007980663875800396,0.0007554744736797096,0.12794349125018825,5.083293564485932,0.2074373418410866,0.3230979440341065
536,adam,536,537,0.0001372731371912432,1,0.0004743664148847587,0.00016113779441876195,0.0021898110243107442,8.52529875041105e-06,1,2,,0,3.841611199882768e-11,-14.795632290504502,-0.003700096785773357,-0.21632545355482694,0.0014731554357577813,0.0004743664148847587,0.0010014509337214056,0.005456869559425468,0.0007984180237615468,0.0007555078712119404,0.12794916170292955,5.083335262074781,0.20743749565543818,0.3231011068551517
537,adam,537,538,0.00013590040581933075,1,0.0004746471510985182,0.0002267290488909242,0.0018454085441580522,9.910297683376974e-06,1,2,,0,1.69858633578195e-11,-14.79556686590591,-0.0036994543539138327,-0.21633546477667123,0.001474267765380925,0.0004746471510985182,0.001001377709396582,0.005455760652395451,0.0007982265397845204,0.0007554944550521588,0.12795048934207623,5.083164544941675,0.20743685391947547,0.3231014168836068
538,adam,538,539,0.00013454140176113745,1,0.0004741897456042525,0.00015197859930515969,0.0010916710840757175,8.792873854717372e-06,1,2,,0,2.416090364572382e-11,-14.79538053002749,-0.003700908356137483,-0.21631656805127233,0.0014812339941855687,0.0004741897456042525,0.0010012714062794103,0.005454588498972896,0.0007978108259840921,0.0007554332737872542,0.12794519516242492,5.082829137700599,0.20743699136695945,0.32309982636893353
539,adam,539,540,0.00013319598774352606,1,0.00047463580146768155,0.00022373736940690792,0.0018564790231567782,9.629115309219669e-06,1,2,,0,1.2147093014401631e-11,-14.795274596460496,-0.00370020928248288,-0.2163040399557627,0.0014807277576830114,0.00047463580146768155,0.0010011750387337766,0.005454293684141033,0.0007976860611162873,0.0007553774116134751,0.1279419424614463,5.0826046302628,0.2074382352607635,0.3231001828871621
540,adam,540,541,0.00013186402786609082,1,0.00047427288776616795,0.0001810593328304881,0.002509936117896946,7.781277774269348e-06,1,2,,0,1.7441375813658228e-11,-14.795306242831417,-0.003700259639452197,-0.2163194938851593,0.0014928731027379748,0.00047427288776616795,0.0010011347140324095,0.005453654057472333,0.0007978416418431556,0.0007553784976441541,0.12794352878923912,5.082544355611632,0.20743864802687528,0.32310146021812025
541,adam,541,542,0.0001305453875874299,1,0.0004745204616332904,0.00021676803648779761,0.002160300523488862,1.0569616296906893e-05,1,2,,0,2.2424598307755613e-11,-14.795178692383832,-0.0037068368895514354,-0.21632569056030485,0.0015056464005849123,0.0004745204616332904,0.0010010402725089355,0.005452584810320741,0.0007977588036226749,0.0007553504996569837,0.12794483472005458,5.082308167526544,0.2074388675754112,0.32310276634995255
542,adam,542,543,0.0001292399337115556,1,0.0004743331078460971,0.000164212278757384,0.0016157916116116599,7.808293574407192e-06,1,2,,0,7.642196939729476e-12,-14.79502929349829,-0.003707001647382559,-0.21631534774102412,0.0014828736473332016,0.0004743331078460971,0.00100094338080958,0.005451883469962748,0.000797592492750778,0.0007553175542779978,0.12794244585639752,5.082081516913631,0.20743949930165584,0.32310262337507323
543,adam,543,544,0.00012794753437444004,1,0.0004742200581068542,0.00019701041893245745,0.0019195689009841956,1.0110251402505999e-05,1,2,,0,1.540506345321981e-11,-14.794978050137125,-0.003703022484288006,-0.21631068376958246,0.0014610912915155488,0.0004742200581068542,0.0010009179892879626,0.005451488343886761,0.0007974774583360088,0.000755286320558762,0.1279399950509589,5.081922354505927,0.20744026361417423,0.32310236962183675
544,adam,544,545,0.00012666805903069564,1,0.00047399563684455973,0.00016262354349778202,0.001781352554123556,7.585360893324086e-06,1,2,,0,7.191579179955808e-12,-14.795013239522946,-0.003704484978701624,-0.21632258357929524,0.001463507841041114,0.00047399563684455973,0.0010009062491467707,0.005450768286053557,0.0007975348587468114,0.0007552689214903045,0.12793912223987874,5.0818222094403245,0.20744095091974246,0.3231027558797125
545,adam,545,546,0.0001254013784403887,1,0.0004743191374385119,0.00022701665476693744,0.002514281889936114,9.141788083073336e-06,1,2,,0,1.7936489364306072e-11,-14.794870919148364,-0.0037102941395479963,-0.21632311129996026,0.001489427074304985,0.0004743191374385119,0.0010008129525750705,0.005450062198131429,0.0007974043358865964,0.0007552289080600262,0.12793838241663996,5.081556340614995,0.2074409922032778,0.32310298645513824
546,adam,546,547,0.00012414736465598479,1,0.00047391406273019395,0.00013899362882568002,0.0010709549551315332,7.757173194145715e-06,1,2,,0,7.50345040782314e-12,-14.794661964695878,-0.0037094195650654964,-0.2163054851417503,0.0014834683465333148,0.00047391406273019395,0.0010006969548509415,0.005450167522249719,0.0007972751655850006,0.0007551961489690519,0.12793688988835783,5.081288086489485,0.20744070480280435,0.32310280873934494
547,adam,547,548,0.00012290589100942494,1,0.0004743061386010535,0.00022207662099907647,0.0020117272166888358,9.651585163583777e-06,1,2,,0,1.2919947847221427e-11,-14.79459401419634,-0.0037059759985209944,-0.21629694119384069,0.0014659667286102418,0.0004743061386010535,0.0010006492367417028,0.005450076198119961,0.000797190005942371,0.000755175740024286,0.12793471123736933,5.081122984025484,0.20744103707783962,0.3231034625435161
548,adam,548,549,0.0001216768320993307,1,0.00047404033679656515,0.00015584447105817435,0.0009662253454117431,7.311699389979296e-06,1,2,,0,9.591343259446681e-12,-14.794669106381123,-0.0037074164366611454,-0.21630882620146158,0.0014557619178460573,0.00047404033679656515,0.001000614489141937,0.005448548232873411,0.000797150998343357,0.0007551668793716948,0.12793408610168247,5.081065371576282,0.20744183871552985,0.3231045823598303
549,adam,549,550,0.00012046006377833737,1,0.0004741915914939945,0.0002332208856769793,0.0019187900297599676,1.0009404148831155e-05,1,2,,0,1.1975291471531794e-11,-14.794652830209158,-0.003709768655684416,-0.2163242055809011,0.0014625001777717108,0.0004741915914939945,0.0010005636876723103,0.005447353494298116,0.0007971483278035224,0.0007551526183691859,0.12793552092095414,5.080989196082542,0.20744203921565818,0.32310500525952773
550,adam,550,551,0.00011925546314055401,1,0.0004738813704727069,0.00015791206263327003,0.0008955782542247317,7.546211767053406e-06,1,2,,0,4.985391669986306e-12,-14.794519870308775,-0.003709703344655319,-0.2163166419283229,0.0014628436664042618,0.0004738813704727069,0.0010004790817942349,0.00544718874135204,0.0007971147850998367,0.0007551030664776096,0.12793426968037025,5.080817090677763,0.20744286754359378,0.3231046726187468
551,adam,551,552,0.00011806290850914847,1,0.0004741660146442877,0.0002152642955783531,0.0017579491218003502,9.353432516520275e-06,1,2,,0,1.487566575438545e-11,-14.794378354128476,-0.0037115087125069394,-0.2163027473897157,0.0014583674542665128,0.0004741660146442877,0.001000412904898607,0.005447045824351391,0.000796999370844283,0.0007550523915046736,0.1279314915628932,5.080557447419815,0.20744377083652016,0.3231051094194011
552,adam,552,553,0.00011688227942405698,1,0.0004738733693647217,0.0001819553262012364,0.001397682789425812,6.23631188968822e-06,1,2,,0,6.2059563317256414e-12,-14.794310124706934,-0.0037142024318052784,-0.21631047671619058,0.0014655294144322532,0.0004738733693647217,0.001000353543096943,0.005446281283745572,0.0007969108739942295,0.0007550474260644929,0.12793102367808984,5.080347730918717,0.20744352366026497,0.32310570682393147
553,adam,553,554,0.00011571345662981642,1,0.00047410345799406707,0.00022613280880075777,0.0017765956044724029,1.0053473072007649e-05,1,2,,0,2.2419476003585715e-11,-14.794333898524147,-0.003713967562252488,-0.21633062820971127,0.0014837977809922806,0.00047410345799406707,0.0010003036426434208,0.005445188166826176,0.0007968092057684405,0.0007550583674002431,0.12793034878175621,5.0802469223768805,0.20744352597084886,0.3231057421052595
554,adam,554,555,0.00011455632206351825,1,0.00047389619487257214,0.00020627720503905942,0.0017076057026487064,6.631057266455788e-06,1,2,,0,5.7089816737807745e-12,-14.794272614419233,-0.003711859423728584,-0.21632618641138637,0.0014758418068103242,0.00047389619487257214,0.0010002080674458636,0.005444731812706772,0.0007967117098288117,0.0007550371701432815,0.12792892920410798,5.080100790795563,0.20744403263596328,0.32310589754010155
555,adam,555,556,0.00011341075884288306,1,0.0004740206628750867,0.0002095206050044372,0.0017065097492904432,9.641439567322321e-06,1,2,,0,1.4880856438556583e-11,-14.794082513347954,-0.003713208781405366,-0.21630262569922595,0.0014484887689715114,0.0004740206628750867,0.001000111845265065,0.0054447092852886545,0.0007966007546327476,0.0007549844479434959,0.12792802568092254,5.079848282961111,0.2074439667053262,0.32310635067716076
556,adam,556,557,0.00011227665125445423,1,0.00047394838690338083,0.00022017400157101286,0.0018528734877150733,6.184692771286155e-06,1,2,,0,9.210461359512003e-12,-14.79396544508025,-0.0037179876720255835,-0.21630076521243366,0.0014323551646589587,0.00047394838690338083,0.0010000404674659952,0.005444077639369934,0.0007965526936803468,0.0007549393612243767,0.12792868946526176,5.07967706701495,0.20744396490512776,0.3231072997025072
557,adam,557,558,0.00011115388474190968,1,0.0004738914809695217,0.0002160536497367622,0.00215411456794074,9.629574831883835e-06,1,2,,0,1.172859373544388e-11,-14.794051590646596,-0.0037191019458652007,-0.21632495603672805,0.0014356312945896159,0.0004738914809695217,0.0010000241898491986,0.005442889249352196,0.0007965659999552021,0.0007549343195415266,0.12792992903924022,5.079682926972226,0.20744459816782518,0.32310848565367684
558,adam,558,559,0.0001100423458944906,1,0.0004737449879154324,0.00020575156945028164,0.001714548154323499,6.540317793580037e-06,1,2,,0,1.0787356864610292e-11,-14.794118409131249,-0.0037156707890541045,-0.21632903141668294,0.0014565892498200734,0.0004737449879154324,0.0010000077215805182,0.005441874321635828,0.0007965407774083892,0.0007549339522884554,0.12792729273228695,5.079634591565052,0.20744548049645237,0.3231080818121731
559,adam,559,560,0.00010894192243554568,1,0.0004737480042968362,0.0002267974641422931,0.0031178214610541044,9.341886372069147e-06,1,2,,0,1.4465703655267355e-11,-14.794017305575844,-0.00371212137815185,-0.21631038867508448,0.0014667609536664122,0.0004737480042968362,0.0009999358426012734,0.005441557545437398,0.0007964189086669474,0.0007549195152310518,0.1279248487281064,5.079441168606229,0.2074457372693316,0.3231075768402436
560,adam,560,561,0.00010785250321119023,1,0.0004735120795557637,0.00020777796430373476,0.0016799031851658737,4.451465478313887e-06,1,2,,0,4.964175451916898e-12,-14.793916280157648,-0.003715891353510147,-0.2163095243513279,0.0014624191286878997,0.0004735120795557637,0.000999856349161602,0.005440989228967008,0.0007963674098616158,0.0007548965372058641,0.12792489454469896,5.07927678152738,0.2074460926533924,0.32310861227815263
561,adam,561,562,0.00010677397817907833,1,0.0004738901770966082,0.00023839476555369895,0.0023205733422222777,1.0100044026251476e-05,1,2,,0,2.4103064124299553e-11,-14.79384187866128,-0.0037218060941515713,-0.2163282885309995,0.0014539981613145405,0.0004738901770966082,0.0009997851098932607,0.005440399773894643,0.0007962793812489808,0.0007548564013799453,0.12792611485367833,5.079111779315816,0.20744640748278956,0.32311034797048166
562,adam,562,563,0.00010570623839728754,1,0.00047368774959531386,0.0002072513922492582,0.0021574809718648415,4.764288152265614e-06,1,2,,0,2.9465391631687376e-12,-14.793745621315445,-0.0037226335857996253,-0.21632932756628323,0.0014376613757102863,0.00047368774959531386,0.0009997221516907272,0.005440111008728488,0.0007961595044617253,0.000754819242325986,0.12792479347024985,5.078909806856294,0.20744667818615806,0.32311046581043057
563,adam,563,564,0.00010464917601331466,1,0.000473651580985779,0.00022292241707664863,0.0019474214882559933,9.769583989745286e-06,1,2,,0,1.6235212277717033e-11,-14.793665354716687,-0.0037192355176348243,-0.21631406460549074,0.0014347682535218083,0.000473651580985779,0.0009996841433846802,0.005439933054036988,0.0007960743021854521,0.000754803649954881,0.12792103243850558,5.078698743384202,0.20744695225677237,0.3231093925505285
564,adam,564,565,0.00010360268425318152,1,0.00047355383505039297,0.00022732927960361792,0.0019309800183096256,5.999336491917796e-06,1,2,,0,4.577091024233327e-12,-14.793603674969342,-0.003719562418872046,-0.21630996297974678,0.001445043366742941,0.00047355383505039297,0.0009996118163421467,0.005439061844975078,0.0007959468590373194,0.0007547898063752638,0.12791861707808916,5.078476056961463,0.20744719358271585,0.32310899812256666
565,adam,565,566,0.0001025666574106497,1,0.0004737736183520804,0.00020843782882832464,0.001640527957652579,9.028203652619642e-06,1,2,,0,1.5260678915191675e-11,-14.793578188281161,-0.0037234903487573115,-0.21632428198631137,0.0014522459719154472,0.0004737736183520804,0.0009995825440139727,0.005438181401962989,0.0007959694884530369,0.0007547751207214922,0.12791941561002293,5.078345501716896,0.20744771798252462,0.3231100878323777
566,adam,566,567,0.0001015409908365432,1,0.00047368530011372614,0.00021723125359749673,0.0018567219707754283,5.7579855946697665e-06,1,2,,0,5.858813336642946e-12,-14.793483411073142,-0.0037240931335927306,-0.21632534653929142,0.001440613107059782,0.00047368530011372614,0.0009995721536474116,0.005438158135850734,0.0007959744413169616,0.0007547440259983078,0.12791990525138894,5.078203731665684,0.20744832469648186,0.3231111899623405
567,adam,567,568,0.00010052558092817777,1,0.0004733995004442934,0.00018704295972633565,0.0012527915003308658,8.69119239425017e-06,1,2,,0,1.1030323039483512e-11,-14.79335570133111,-0.0037242738663367243,-0.21630900929838934,0.0014292458449335775,0.0004733995004442934,0.0009995395222384199,0.005438073626327462,0.0007959490489001371,0.0007547152086941398,0.12791847775099682,5.078036001090345,0.20744870728608003,0.3231111954293569
568,adam,568,569,9.9520325118896e-05,1,0.0004733327871411656,0.00021411271776380748,0.00164999128720151,4.582792410011252e-06,1,2,,0,2.71666036313442e-12,-14.793320022778378,-0.003724690553615238,-0.21630633734450508,0.0014350253502250954,0.0004733327871411656,0.0009994704390369836,0.005437318338519262,0.0007959212281525367,0.0007547064844428239,0.1279179771162865,5.077939380234436,0.20744889604001418,0.32311108522011434
569,adam,569,570,9.852512186770703e-05,1,0.0004735128075926624,0.00020818295183305165,0.001739664788948931,8.782360368270442e-06,1,2,,0,1.6668115722928258e-11,-14.793411055659696,-0.003722121092766145,-0.2163250557092363,0.0014463619161101434,0.0004735128075926624,0.0009993727217363826,0.005436045538598014,0.0007958154698291878,0.0007547129805066596,0.12791992786844159,5.0779240551650355,0.20744919052409133,0.32311222134096046
570,adam,570,571,9.753987064902997e-05,1,0.00047331826466692696,0.00020159210910140174,0.001600101033339985,4.48040528004765e-06,1,2,,0,2.7108096141509192e-12,-14.793393835882032,-0.0037210082722410644,-0.21632526608601715,0.0014402870867045474,0.00047331826466692696,0.0009993067397204116,0.005435459627517988,0.0007957170109358515,0.0007546929014563952,0.12791888280176636,5.077840101147241,0.20744977174347673,0.32311277762787716
571,adam,571,572,9.656447194253965e-05,1,0.00047352288074533683,0.00022342375536827522,0.0017867752367714757,9.012879452470502e-06,1,2,,0,2.0191914443451093e-11,-14.793220633519702,-0.0037213877005635664,-0.21630644680660127,0.001432402253483269,0.00047352288074533683,0.0009992608704383556,0.005435576317075763,0.0007955397685161096,0.0007546386090802894,0.1279150913604901,5.077635292323488,0.20745036612938667,0.3231124421116746
572,adam,572,573,9.559882722311426e-05,1,0.0004733819170289657,0.000205713113936415,0.0016249944200434027,4.509499769560849e-06,1,2,,0,2.8121663108050803e-12,-14.793119217539278,-0.0037234757341209645,-0.21630758006147288,0.0014329130011415424,0.0004733819170289657,0.0009992451407488335,0.005435413450382056,0.0007955443185474594,0.0007546158206554734,0.1279145912835125,5.077512002987845,0.20745031728052477,0.3231125253137196
573,adam,573,574,9.464283895088311e-05,1,0.0004733808227770759,0.00024092034545724353,0.001855941503799063,8.399327522235312e-06,1,2,,0,1.477072695843614e-11,-14.793146339809573,-0.0037253670536703185,-0.21632679835510177,0.0014453766053714805,0.0004733808227770759,0.0009992243457091678,0.005434714143636527,0.0007956452190187043,0.0007546232540171375,0.12791606051330778,5.077466171916794,0.20745039379018226,0.32311335583296535
574,adam,574,575,9.369641056137428e-05,1,0.0004731747648809415,0.0001857082994432628,0.0018262840108186223,5.268746099485973e-06,1,2,,0,6.932641885979075e-12,-14.793108886871837,-0.003726047712339554,-0.21632403430838293,0.0014339174711938412,0.0004731747648809415,0.0009991125299649646,0.00543400195883291,0.0007955715366239835,0.000754606452047299,0.12791462459834405,5.077318166890621,0.20745120498415734,0.32311404730451326
575,adam,575,576,9.275944645576054e-05,1,0.00047330124866703144,0.00024016005331197496,0.00204638246050947,7.938612052317244e-06,1,2,,0,1.5737150470190942e-11,-14.792981910792454,-0.0037247241146364006,-0.2163078005266818,0.0014231151551159114,0.00047330124866703144,0.0009990142448029957,0.0054334880019014115,0.0007952739966931487,0.0007545621947064124,0.12791053033157332,5.077043868895639,0.20745173650510015,0.32311351387206555
576,adam,576,577,9.183185199120294e-05,1,0.0004731104506669887,0.00019512165114776806,0.0026559864112613287,5.076462486737012e-06,1,2,,0,4.335101778407341e-12,-14.792969231434029,-0.0037231449903393147,-0.21631335341769262,0.0014244836481829787,0.0004731104506669887,0.0009990126139534402,0.005433069273635314,0.0007952523745792976,0.000754552041196155,0.1279108162693168,5.076916323276375,0.20745160263459073,0.32311374490281725
577,adam,577,578,9.091353347129091e-05,1,0.00047334843708270164,0.0002459617231951928,0.0019869785404125107,7.465333421651449e-06,1,2,,0,1.889932861439586e-11,-14.792976280025457,-0.0037273629406401345,-0.2163244464443473,0.0014347261391666523,0.00047334843708270164,0.000999051144737043,0.00543269123346526,0.0007954939305956049,0.0007545530858958339,0.1279116092051717,5.076874132558938,0.2074516768436182,0.3231142518472675
578,adam,578,579,9.000439813657799e-05,1,0.00047326653841869593,0.00020924618881219587,0.0025177399598384207,6.1042167166430446e-06,1,2,,0,9.325928131793836e-12,-14.792867930096003,-0.003729978685179668,-0.2163130206140077,0.0014230527906844183,0.00047326653841869593,0.0009989607078346669,0.005432260726108816,0.0007954849607527859,0.0007545278479590238,0.1279092185424221,5.076736821430683,0.20745206920772669,0.32311393468978095
579,adam,579,580,8.910435415521222e-05,1,0.0004733354083361965,0.0002256091474513096,0.001957508173605736,7.246545170718791e-06,1,2,,0,1.2787666548346954e-11,-14.79271688377553,-0.003727520930112943,-0.21629397398536537,0.00141035343801766,0.0004733354083361965,0.0009988387258819441,0.005432029718988491,0.0007952437675133657,0.0007544880084695149,0.12790700525903376,5.076519872489994,0.2074522271154683,0.3231137584094155
580,adam,580,581,8.821331061366008e-05,1,0.00047323080010365677,0.00025470914300221217,0.0033035726287584267,5.559327406323302e-06,1,2,,0,1.53465939004606e-11,-14.792686600797255,-0.0037236074716576976,-0.2162995023548018,0.001409974505613248,0.00047323080010365677,0.0009987688523985707,0.0054314979422949074,0.0007950312337978159,0.0007544740311883725,0.12790848623725792,5.076379432036154,0.20745190052574208,0.32311458219695444
581,adam,581,582,8.733117750752349e-05,1,0.00047337689820790987,0.00026007709776936037,0.0022888536552212457,8.579734667581245e-06,1,2,,0,1.9155611498900885e-11,-14.792761416052288,-0.0037265954163922576,-0.21631844251963622,0.0014265039665257231,0.00047337689820790987,0.0009988188156766322,0.00543061504272019,0.0007951208293331625,0.0007544813403817304,0.1279108471883725,5.076373162706961,0.2074520906054427,0.32311581798952554
582,adam,582,583,8.645786573244826e-05,1,0.00047317891234437544,0.00022878256958372103,0.0020794677621163355,5.429330718928517e-06,1,2,,0,1.2971977778054125e-11,-14.79268620290662,-0.0037320644557386723,-0.2163142130867144,0.001429411061413183,0.00047317891234437544,0.0009987798121923951,0.005430383230554012,0.0007952099411379596,0.000754454712851595,0.12790902875507437,5.076277261391726,0.2074530167595474,0.32311596395461717
583,adam,583,584,8.559328707512377e-05,1,0.00047322773510898676,0.00023275690104829807,0.0019781250178886323,7.67669440267397e-06,1,2,,0,1.2310102789558533e-11,-14.792482744641005,-0.0037332123173570474,-0.2162961434929515,0.0014179818514986134,0.00047322773510898676,0.0009986622409082337,0.005430651280616455,0.0007950672934419497,0.0007544019487513486,0.1279050470434674,5.076053664348858,0.20745362132150022,0.3231153516939379
584,adam,584,585,8.473735420437252e-05,1,0.00047319261289460073,0.00022959479915290578,0.0017894319034167652,5.783076639437314e-06,1,2,,0,1.7179630250926598e-11,-14.792387367541938,-0.0037315543085257303,-0.21629954239047935,0.001411445005865212,0.00047319261289460073,0.000998553995986506,0.005430427326300274,0.0007949033784575342,0.0007543818082074112,0.12790379743947058,5.075895285024592,0.20745359950927275,0.32311553516769803
585,adam,585,586,8.38899806623288e-05,1,0.0004731944579778248,0.00021885462314432132,0.0018901367455742084,7.913119454474365e-06,1,2,,0,1.4900434445439616e-11,-14.792450426258581,-0.0037292547917718807,-0.21632027878268512,0.0014174457304984532,0.0004731944579778248,0.0009985247395637505,0.0054295560508324965,0.0007948762667007955,0.0007543998022918196,0.12790562629211155,5.0758399272071335,0.2074529840020661,0.32311642419209896
586,adam,586,587,8.305108085570551e-05,1,0.00047311681221092746,0.0002150273190473041,0.0017440603376820138,4.699974625932886e-06,1,2,,0,7.84700210499758e-12,-14.792443899907573,-0.003728733476432858,-0.21632023908268014,0.001432258668419014,0.00047311681221092746,0.000998505130246894,0.005428823991816654,0.0007948047977609716,0.0007543877523475766,0.1279036516944741,5.0756983331821495,0.20745274927883217,0.32311603278498646
587,adam,587,588,8.222057004714846e-05,1,0.00047290693404828836,0.00021541716654626316,0.0018764519226640753,7.700526680076205e-06,1,2,,0,2.1925867416518714e-11,-14.792331966599631,-0.0037313241744727625,-0.21630220806166858,0.0014355696179069132,0.00047290693404828836,0.000998465090265188,0.00542850598782916,0.0007947122616660092,0.0007543389566727567,0.12790024562323465,5.075476020635253,0.2074532524625748,0.3231157962272068
588,adam,588,589,8.139836434667697e-05,1,0.00047288991562815765,0.00018792644970637922,0.0014518993510003906,5.104069033722652e-06,1,2,,0,9.498306815579559e-12,-14.79228909006218,-0.0037342322829559105,-0.2163011274628103,0.0014312975946735608,0.00047288991562815765,0.0009984259804201449,0.005428199856322057,0.0007946838494494818,0.0007542971034807702,0.1278998242090496,5.075328768956802,0.20745413903905394,0.3231173818159953
589,adam,589,590,8.058438070321021e-05,1,0.00047297228166303556,0.00022428935603835228,0.0017514215926418102,6.524135013760714e-06,1,2,,0,7.55524275612152e-12,-14.792289586242712,-0.003734338180730623,-0.2163134412411468,0.0014320510415165712,0.00047297228166303556,0.0009984146040721885,0.005427922855301183,0.0007947159759165855,0.0007542843450076795,0.1279004491927027,5.075261931554921,0.20745410062765757,0.32311781155860786
590,adam,590,591,7.97785368961781e-05,1,0.0004727868955718261,0.00016124384190184133,0.0014534061322786888,5.423106950822518e-06,1,2,,0,1.303108052217369e-11,-14.79224023506734,-0.00373240068600803,-0.21631051172148455,0.0014141338454352703,0.0004727868955718261,0.0009983816648645235,0.005427853562592148,0.0007947377446127262,0.0007542779476522478,0.12789853742595325,5.075197699390464,0.20745400427467148,0.3231169441745472
591,adam,591,592,7.898075152721632e-05,1,0.00047305057194158673,0.0002206579266911733,0.0017576085022036423,6.524919503626197e-06,1,2,,0,5.3692320533754536e-12,-14.792185227719004,-0.0037313682573848496,-0.21629809612711484,0.0014028555509887528,0.00047305057194158673,0.0009983333810860812,0.005427515009641981,0.000794742105462942,0.0007542749480101952,0.12789644731474192,5.075102288305401,0.20745421747946052,0.323116645994586
592,adam,592,593,7.819094401194416e-05,1,0.00047279268901651,0.00019551910724269537,0.0015397229323188394,4.713933791742358e-06,1,2,,0,5.381508157164649e-12,-14.792153702319059,-0.003731779597679212,-0.21630289957742452,0.0014040308054283869,0.00047279268901651,0.0009982527374682395,0.005426543141994265,0.0007946026030690434,0.0007542705708014894,0.12789716101715867,5.074972624449817,0.2074542292551386,0.3231174987528756
593,adam,593,594,7.740903457182472e-05,1,0.00047306121458320476,0.00024196633904733777,0.0021776908023686983,7.657541366022423e-06,1,2,,0,1.2886271165103313e-11,-14.792133966397488,-0.003732678985961605,-0.21632108205874176,0.0014171435279566793,0.00047306121458320476,0.0009981927818306544,0.005425612857043053,0.000794440326227648,0.0007542592747983561,0.12789968635788618,5.074848129020264,0.20745421271942344,0.323118750750879
594,adam,594,595,7.663494422610647e-05,1,0.00047291344724693544,0.00021120993028454058,0.0017547836628754275,4.156416189217241e-06,1,2,,0,2.4465243499270377e-12,-14.792042985448502,-0.0037344534110077426,-0.2163208486586517,0.0014246108874170482,0.00047291344724693544,0.0009981324233803563,0.005425451495534291,0.0007943988549698475,0.0007542297613282256,0.127899149293514,5.074731781379826,0.2074549230629158,0.32311897848492904
595,adam,595,596,7.58685947838454e-05,1,0.00047272028056292395,0.00021843510870001856,0.0019891428044141123,7.475619620402521e-06,1,2,,0,1.236452215826626e-11,-14.791901380116892,-0.003735560527605686,-0.21630447279034745,0.0014230444026916535,0.00047272028056292395,0.0009980691336073377,0.0054257166603456685,0.0007943793792396477,0.0007541904353873798,0.12789575113761098,5.074605117793291,0.20745596463749652,0.3231183888637931
596,adam,596,597,7.510990883600694e-05,1,0.00047275175296159725,0.00022763810360394956,0.0020238123592613427,3.9486814477615725e-06,1,2,,0,4.238720244646096e-12,-14.791813260510576,-0.0037352192403432545,-0.21630041888588428,0.0014218322340129443,0.00047275175296159725,0.0009980149522941793,0.005425463007308782,0.0007942514958103372,0.0007541690499766774,0.12789496617862692,5.074457805367638,0.20745633663433372,0.3231187685776429
597,adam,597,598,7.435880974764687e-05,1,0.0004727433050652944,0.00022876541867717802,0.0019337153302565334,6.278120645422696e-06,1,2,,0,7.476520148565836e-12,-14.79185382747747,-0.0037356793336970505,-0.21631219964536597,0.001427206808383481,0.0004727433050652944,0.0009980398467147103,0.005424711186202932,0.0007943256910125447,0.0007541896733795022,0.1278967135564585,5.074406710762383,0.20745610011956042,0.3231196927312757
598,adam,598,599,7.36152216501704e-05,1,0.0004726609136946417,0.0002208906200160349,0.001751703095960976,5.115288335958175e-06,1,2,,0,1.2866112939377697e-11,-14.791823980523308,-0.0037379295528471804,-0.21630791269480432,0.0014214354720457133,0.0004726609136946417,0.000998064061770508,0.005424236162757012,0.0007944276631111133,0.0007541984728283048,0.127895707537607,5.0743051607920915,0.2074558261845327,0.3231196313332923
599,adam,599,600,7.28790694336687e-05,1,0.0004728767509860989,0.00022903773630494672,0.0019652718854673464,6.115568267239539e-06,1,2,,0,5.174699959274189e-12,-14.791729002523143,-0.0037376074719697497,-0.21629243983835486,0.001411220257808277,0.0004728767509860989,0.0009979994231697309,0.005424059287487133,0.0007943749389468374,0.0007541749406109243,0.12789280415388418,5.07415873298421,0.20745606558447388,0.32311903945182874
600,adam,600,601,7.215027873933202e-05,1,0.00047272615575630144,0.0002233538141878838,0.0018723064904280103,3.6596673726744916e-06,1,2,,0,2.8457213679253707e-12,-14.791687035171163,-0.0037351477795668775,-0.21629605104079455,0.0014059611400723114,0.00047272615575630144,0.0009978976277595086,0.005423702114627047,0.00079420977058035,0.0007541496956282998,0.12789228343599424,5.074032477113454,0.20745639166607807,0.3231195544108713
601,adam,601,602,7.14287759519387e-05,1,0.000472559873754435,0.00019553488741245616,0.0017609728806301877,6.5289935129015555e-06,1,2,,0,6.169598809761042e-12,-14.79172655132313,-0.003735445916425306,-0.21631183094846818,0.0014080944723756685,0.000472559873754435,0.0009978297056270605,0.005423001989956433,0.0007941198036831385,0.0007541313638656476,0.12789279477348287,5.073975499955538,0.2074569231200385,0.3231206108935578
602,adam,602,603,7.071448819241931e-05,1,0.0004726636313128043,0.00022129060610790631,0.0018681385236959452,3.8921996868588225e-06,1,2,,0,1.920072034801911e-12,-14.791698864409764,-0.003737157235625171,-0.2163133451591738,0.001418162552817198,0.0004726636313128043,0.0009978152786050132,0.0054226960232300146,0.000794110169387673,0.0007541159735699678,0.12789167826171802,5.073889855618884,0.20745708902857835,0.3231204580382013
603,adam,603,604,7.000734331049511e-05,1,0.00047238346865034243,0.0001596657053767848,0.0013192086888097624,5.220263762960401e-06,1,2,,0,4.737483700503481e-12,-14.791599523779274,-0.003736256726230435,-0.216303627476382,0.0014157244518711505,0.00047238346865034243,0.0009977794562478265,0.005422769685579128,0.0007940258433998736,0.0007540991410648279,0.1278903172869163,5.0737455391843955,0.20745691851062423,0.3231200454062388
604,adam,604,605,6.930726987739016e-05,1,0.0004725170075361318,0.00023341104001300286,0.002848652326268569,4.429707801762257e-06,1,2,,0,4.07320903143755e-12,-14.791547462642933,-0.0037350954459170554,-0.21630290277911673,0.0014145734378091803,0.0004725170075361318,0.0009977523521719019,0.005422619860042383,0.000793957196305046,0.0007540978924877106,0.12789083963342543,5.07364844176947,0.20745699501999476,0.32312069799745036
605,adam,605,606,6.861419717861625e-05,1,0.00047243583497080224,0.0002090047064790382,0.001655561522862537,5.066103837067738e-06,1,2,,0,6.991272716679084e-12,-14.791555289087965,-0.0037382232367959623,-0.2163105890481648,0.001419690732220997,0.00047243583497080224,0.000997781008995588,0.005422092786463015,0.0007940813203139076,0.0007541060954383669,0.12789149384207157,5.073636661172973,0.20745732722510069,0.32312129064113654
606,adam,606,607,6.792805520683009e-05,1,0.0004723560395097242,0.00017331804118624967,0.002188067747674727,4.378025595208001e-06,1,2,,0,9.014044860561647e-12,-14.791469698027274,-0.0037412895453547692,-0.216303584211925,0.001412239311166764,0.0004723560395097242,0.0009977580124216827,0.005421747159851877,0.000794059949801936,0.0007540768136630103,0.12788959139317677,5.0735369144123945,0.2074578394478778,0.3231209811684664
607,adam,607,608,6.724877465476178e-05,1,0.00047254180346107256,0.00022030403467720614,0.0017912540413720732,4.774701721411382e-06,1,2,,0,2.961530295309364e-12,-14.791385544707705,-0.003741204062756184,-0.21629535004751674,0.0013981517354523661,0.00047254180346107256,0.0009977113159793463,0.005421700903773437,0.0007940319154665702,0.000754055612340046,0.12788879780286183,5.073431722985686,0.20745813395356902,0.32312112938510407
608,adam,608,609,6.657628690821418e-05,1,0.0004723077294566789,0.0001642176637422857,0.0011633789272311335,4.172611586801731e-06,1,2,,0,7.712575197298532e-12,-14.79134407248483,-0.0037397524067682903,-0.2163035474060094,0.0013924880356226718,0.0004723077294566789,0.0009976421048340457,0.005421393709818056,0.0007939256437130254,0.0007540486616086862,0.1278898958798959,5.073328407275193,0.2074579848338076,0.32312189670858393
609,adam,609,610,6.591052403913205e-05,1,0.0004725425897719369,0.0002386568279500931,0.0021134610636127813,5.272172521758882e-06,1,2,,0,3.655096711556092e-12,-14.791313276884168,-0.0037395347750222518,-0.21631449276621884,0.0014026750214118598,0.0004725425897719369,0.0009975533468196997,0.005420606046913972,0.0007937107979624102,0.0007540343466566173,0.12788917376066405,5.073178137384523,0.20745796020835655,0.3231221386602711
610,adam,610,611,6.525141879874071e-05,1,0.00047240341170526914,0.0001933484236502575,0.001891698991475809,4.00923051925837e-06,1,2,,0,6.691948855632945e-12,-14.791288957897306,-0.003740474510969126,-0.21630982023354564,0.0014156037685385731,0.00047240341170526914,0.0009975009091780745,0.005420079728129224,0.0007936840879498428,0.0007540198476355437,0.12788628632974516,5.0730636811309,0.20745844135289085,0.32312160140618224
611,adam,611,612,6.459890461075331e-05,1,0.00047247160074490784,0.0002235530657273114,0.002086279223472832,5.391258792553101e-06,1,2,,0,6.229479871816445e-12,-14.79125755701059,-0.003739169141587828,-0.21629663204546337,0.0014132974413780062,0.00047247160074490784,0.0009974596159375514,0.0054200207185255,0.0007937523729470722,0.0007540091106312251,0.12788482828397008,5.0729924128937665,0.20745874474819884,0.3231214252303213
612,adam,612,613,6.395291556464577e-05,1,0.0004723960478707463,0.00023891958666170018,0.0034397382916325596,3.765863527489089e-06,1,2,,0,4.504975668450588e-12,-14.791229771261104,-0.003737663788493248,-0.2162953864502036,0.0014101118733249726,0.0004723960478707463,0.0009974275177094677,0.0054198193490383245,0.0007936983273495446,0.0007539950666469545,0.12788601537869448,5.07289506144797,0.20745855213354036,0.32312219199394954
613,adam,613,614,6.331338640899932e-05,1,0.00047240010139685157,0.00023766446512184401,0.0019904652329405708,5.666780016450316e-06,1,2,,0,7.99110162356598e-12,-14.791211901752561,-0.0037407826838636417,-0.21630266289589944,0.0014080548346659804,0.00047240010139685157,0.0009974328609458282,0.005419258306774891,0.0007936648062594152,0.0007539797778935054,0.12788694684426252,5.072815460405395,0.20745852707425394,0.3231230981547453
614,adam,614,615,6.268025254490932e-05,1,0.00047234248514890277,0.00019913767627652813,0.002550478777954229,3.79000156595153e-06,1,2,,0,7.971944409698178e-12,-14.791205958073062,-0.0037432877676821354,-0.2163018372801102,0.0013943009051413746,0.00047234248514890277,0.0009974525056171686,0.0054189879979355225,0.0007937632298601862,0.0007539715957383072,0.12788509933977643,5.072799347169223,0.20745895105525097,0.3231229880459085
615,adam,615,616,6.205345001946022e-05,1,0.0004722941514706339,0.0002241830789351731,0.0019110477045977503,4.7433077013786236e-06,1,2,,0,3.160602733648897e-12,-14.791166370843326,-0.003742317509601441,-0.21629434558195487,0.001388352069787206,0.0004722941514706339,0.0009974263962065069,0.0054190048657454795,0.0007937893350559595,0.0007539593588777629,0.12788351981120757,5.0727406531762425,0.20745926318724953,0.3231228569607694
616,adam,616,617,6.143291551926563e-05,1,0.0004721574194010582,0.00019053766351093864,0.003093237912881246,3.905276602252827e-06,1,2,,0,3.956434201348604e-12,-14.791124434665997,-0.0037398839434550184,-0.21629974681013192,0.001394488987922388,0.0004721574194010582,0.0009973635721557549,0.005418742835675193,0.0007936545776598785,0.0007539450977869531,0.1278836821003258,5.072628299313996,0.20745903083773248,0.32312306541681324
617,adam,617,618,6.0818586364072964e-05,1,0.0004723252594622833,0.0002546216925978574,0.0023911568229716905,4.6289800923184415e-06,1,2,,0,6.720141067983927e-12,-14.791005589086687,-0.0037413223605863087,-0.21630457899533476,0.001398411996223714,0.0004723252594622833,0.0009972570512458328,0.005418124316782419,0.0007933815972191278,0.0007539161109794386,0.12788330284974903,5.072422216338041,0.207458656425555,0.3231233497428526
618,adam,618,619,6.021040050043223e-05,1,0.00047211593918580086,0.00015454028281409652,0.0024453136962373995,4.135111602458644e-06,1,2,,0,3.6054226356352474e-12,-14.790929407847702,-0.0037446613943402625,-0.21630030989945975,0.0013919333266545245,0.00047211593918580086,0.0009972292349054535,0.005417875035486561,0.0007934510687839474,0.0007539113951462085,0.12788144083692607,5.072327137145068,0.20745878329826054,0.3231232389595593
619,adam,619,620,5.960829649542791e-05,1,0.00047234641043805074,0.0002461352530747928,0.0026490452692954857,4.746372490638529e-06,1,2,,0,5.6400758876690615e-12,-14.79092150296727,-0.003744759817778833,-0.2162960999294558,0.001393285145918007,0.00047234641043805074,0.0009972297696992885,0.005417836179444563,0.0007936092129984584,0.0007539158881478109,0.12788105321129037,5.072313457476822,0.2074594511460451,0.32312382532406364
620,adam,620,621,5.901221353047363e-05,1,0.0004720922258802401,0.00014899389333721292,0.0010575715762284209,3.6611633325022145e-06,1,2,,0,3.426312110308553e-12,-14.790869749047742,-0.0037426879994924907,-0.21630016996331788,0.0014039007560398347,0.0004720922258802401,0.0009971649282023525,0.005417478036448372,0.0007934291127511606,0.0007538928817154735,0.12788155152344594,5.072190516526869,0.2074597312238221,0.3231243361438713
621,adam,621,622,5.8422091395168896e-05,1,0.00047240747617225564,0.00029344373767735345,0.003409404111481672,5.282465471941724e-06,1,2,,0,6.306533353362915e-12,-14.79081969175776,-0.003741785819847871,-0.21630497063994866,0.001415676413211484,0.00047240747617225564,0.0009971056157320635,0.005416822507566517,0.000793184303115064,0.0007538625623887339,0.12788094938652314,5.072049116408675,0.2074596258535586,0.3231239529590699
622,adam,622,623,5.783787048121721e-05,1,0.0004721139631319439,0.0001626257315326156,0.0012310647255750636,3.21613783414354e-06,1,2,,0,6.0509637664052655e-12,-14.790817438085245,-0.003744277749375905,-0.21629992850907562,0.0014038644650902993,0.0004721139631319439,0.0009971197065824153,0.0054165753166336055,0.0007933672129695275,0.0007538647181603111,0.12788019714319962,5.072050873068983,0.20745975322278826,0.3231236902284154
623,adam,623,624,5.7259491776405034e-05,1,0.00047225127994018646,0.0002481433942043301,0.0031395904770591034,5.287118838723099e-06,1,2,,0,1.0001944501427926e-11,-14.79083614772005,-0.0037452896643570322,-0.21629387338411582,0.0013810300444617634,0.00047225127994018646,0.0009971311234780067,0.005416549089164405,0.0007936031986038056,0.0007538804187342755,0.12788123657467054,5.072069420184813,0.20745992975116648,0.3231248364032533
624,adam,624,625,5.668689685864098e-05,1,0.0004721867669976263,0.00018440694002124918,0.002109769295392275,2.922825425872999e-06,1,2,,0,2.108592472616888e-12,-14.790790085084952,-0.003745053721215514,-0.2162953485259203,0.0013731114448418806,0.0004721867669976263,0.0009970709251604273,0.005416213938427628,0.0007934584047900378,0.0007538616381840237,0.12788162002970332,5.071942844612007,0.2074600065639729,0.3231257666689276
625,adam,625,626,5.6120027890054576e-05,1,0.00047212358992136704,0.00021081729300491118,0.002189996210387399,4.913896961657489e-06,1,2,,0,1.33977911792016e-11,-14.790703211974018,-0.003744989268374375,-0.21629922227804083,0.001381733624708118,0.00047212358992136704,0.0009969855779437076,0.005415594419943494,0.0007930984543361052,0.0007538194386567569,0.12787914261785502,5.071730801941164,0.20745990744252235,0.3231250968824632
626,adam,626,627,5.555882761115403e-05,1,0.000472153913146613,0.0001987866691911538,0.003404000801397654,3.2614273423012376e-06,1,2,,0,1.347266844256523e-12,-14.790653250813259,-0.0037440660587909473,-0.21629568347324424,0.0013939973282243953,0.000472153913146613,0.0009969475937744864,0.005415419316553941,0.0007930197380948321,0.0007538006133213159,0.1278769022020276,5.071615936995556,0.20745979081515087,0.32312406028813595
627,adam,627,628,5.500323933504249e-05,1,0.0004720051045740986,0.00017485028540241022,0.0018467387443637973,4.5264622908814276e-06,1,2,,0,1.3282304296904608e-11,-14.790671349641897,-0.003744286905960744,-0.21629317246211827,0.0013995513916798452,0.0004720051045740986,0.0009969400031902692,0.005415420988719772,0.0007932614578494877,0.0007538167532392181,0.12787785439112442,5.071631199953622,0.20746003184690356,0.32312471320352604
628,adam,628,629,5.445320694169206e-05,1,0.0004721574180893231,0.00020948748164590681,0.003671598295606376,4.034422663063869e-06,1,2,,0,9.599561884220399e-12,-14.790715703276467,-0.0037463831808562985,-0.2162985281918042,0.0014007453353327478,0.0004721574180893231,0.0009969508791972995,0.005415188850312959,0.0007934627234219658,0.0007538308371333803,0.12787939802739487,5.071667741553163,0.20746064738636735,0.32312633545495173
629,adam,629,630,5.3908674872275135e-05,1,0.00047200152482470805,0.00018465120941494134,0.0027323314052109535,3.45937086170744e-06,1,2,,0,3.707120538487562e-12,-14.790649882344251,-0.00374632814213304,-0.21629752162060253,0.0014045900800272028,0.00047200152482470805,0.0009969082145867023,0.00541492531636154,0.0007933247156163779,0.0007538111687855064,0.1278784226790102,5.071569206912178,0.20746091111586845,0.32312647868754263
630,adam,630,631,5.3369588123552385e-05,1,0.00047210732874319975,0.00020544716979031493,0.003110198771348468,4.661684580510321e-06,1,2,,0,1.6826439557270452e-11,-14.790488462908872,-0.003744315554518583,-0.21628976406408826,0.001408868287558259,0.00047210732874319975,0.0009968150707771954,0.005414749121395501,0.0007929809775958751,0.0007537747632454684,0.1278755805969083,5.0713604357376125,0.20746039183641188,0.32312509986307425
631,adam,631,632,5.2835892242316866e-05,1,0.00047211649863496873,0.0002040687061988963,0.0031938294495872264,3.1877291071709895e-06,1,2,,0,3.2334069437892496e-12,-14.790429258185855,-0.003744360543486935,-0.21629040846464279,0.0014063163754219723,0.00047211649863496873,0.000996753300395947,0.005414428943112573,0.0007929101652641871,0.0007537689379046737,0.127875353850342,5.0712717222307715,0.2074600790444774,0.3231250373417064
632,adam,632,633,5.23075333198937e-05,1,0.00047191962579335703,0.00014668369086531097,0.0010627075532461936,3.846908508116237e-06,1,2,,0,9.128997972305179e-12,-14.790490932272933,-0.003746268921992282,-0.21629784200088406,0.0013929168750537388,0.00047191962579335703,0.0009967487845738842,0.005413985058931725,0.0007930946875607925,0.0007537812313472221,0.12787687835544342,5.071300070239927,0.20746052334443268,0.32312653707901035
633,adam,633,634,5.1784457986694756e-05,1,0.00047207308132096964,0.00020921216624384973,0.0034558496994796894,4.035970299066209e-06,1,2,,0,6.33575253766221e-12,-14.79052890354583,-0.00374707615765467,-0.21629883842959297,0.0013830777765366617,0.00047207308132096964,0.0009967487480445612,0.005413687724458195,0.0007932056025788479,0.0007537766839369236,0.1278772029109042,5.071298428456368,0.2074611824780059,0.3231276886598774
634,adam,634,635,5.126661340682781e-05,1,0.00047192978447086105,0.00017913287108078238,0.001570140579412081,3.155074018927016e-06,1,2,,0,4.016123297790743e-12,-14.790429665716855,-0.003746030900970954,-0.2162930793417414,0.0013837711583184933,0.00047192978447086105,0.0009966858985029883,0.005413502849091945,0.0007930300551927522,0.000753747623408462,0.12787540970001424,5.0711506798418435,0.20746109344384192,0.32312710451958193
635,adam,635,636,5.075394727275953e-05,1,0.00047193178316066114,0.00017278732405330598,0.002733314326155721,4.2719589485582604e-06,1,2,,0,1.1256977766340477e-11,-14.79028786576012,-0.0037455406409891627,-0.2162895506398986,0.0013932838432299934,0.00047193178316066114,0.0009965844752932583,0.005413115821537915,0.0007927233798544954,0.0007537135635550728,0.12787330729928015,5.070935454656643,0.20746068885471472,0.3231261913336959
636,adam,636,637,5.0246407800031936e-05,1,0.0004719133693297505,0.00021350522098821878,0.002605664696010033,2.7965066592734035e-06,1,2,,0,1.1980986327443778e-12,-14.79024168311661,-0.0037467918049277757,-0.2162882661100124,0.0013964743842043846,0.0004719133693297505,0.0009965429874960877,0.005412767382506072,0.0007926793357191039,0.0007537046516007775,0.12787279984868896,5.070833327797855,0.20746090261638492,0.323126624399369
637,adam,637,638,4.9743943722031614e-05,1,0.00047189395937414044,0.00016883234596696758,0.001202008888039843,4.235155139950275e-06,1,2,,0,6.581047541772711e-12,-14.79027919838221,-0.0037472606509088464,-0.21628662163839057,0.0013938169989957513,0.00047189395937414044,0.0009965801018745597,0.005412790433780162,0.0007928799807505871,0.0007537091282577582,0.12787286211129403,5.070851350734233,0.2074616643231702,0.3231274816436655
638,adam,638,639,4.924650428481129e-05,1,0.0004718325070962683,0.0001872854020726082,0.002562069536427088,2.8993623421539115e-06,1,2,,0,4.731558680910245e-12,-14.790298882799188,-0.0037471905214716845,-0.2162913014336381,0.0013937553164141525,0.0004718325070962683,0.0009966332431349586,0.005412923993935625,0.0007930482124898451,0.0007537136610180811,0.1278733937471702,5.070871472979887,0.20746167814914926,0.32312753239945874
639,adam,639,640,4.875403924196319e-05,1,0.00047191271045529296,0.0001862703235137278,0.0013551873696602181,4.197316487554841e-06,1,2,,0,2.8811751076310647e-12,-14.79023808295315,-0.003747828070346553,-0.21629193272982428,0.0013970408442577715,0.00047191271045529296,0.0009966146387152498,0.005412700444206503,0.0007929807723482085,0.0007536994090473764,0.1278729945466752,5.070796129804618,0.20746130025124895,0.3231268032159128
640,adam,640,641,4.826649884954355e-05,1,0.00047183070189236033,0.0001476089063487279,0.001587830573773566,2.5447948345672307e-06,1,2,,0,1.7916160653856223e-12,-14.790191776833897,-0.0037478535187377964,-0.21628663687125194,0.0013905852428839885,0.00047183070189236033,0.0009965484707612255,0.005412333584837556,0.0007928632057327599,0.0007536795026313299,0.12787200194407727,5.07071174575281,0.20746153806852805,0.3231268510472874
641,adam,641,642,4.7783833861048115e-05,1,0.00047178929050071476,0.00017187017818564722,0.0016221568186800266,3.846216145357362e-06,1,2,,0,3.0432758975141607e-12,-14.790188200569478,-0.0037462842596125497,-0.21628501315715792,0.0013848288488688167,0.00047178929050071476,0.0009964923864806978,0.005412095500870875,0.0007927794058647738,0.0007536666133381547,0.12787221689031703,5.070654013792021,0.2074620196077558,0.32312796078760186
642,adam,642,643,4.7305995522437634e-05,1,0.00047178929050071476,0.00017187145019691703,0.0016221573680666789,2.531194748549077e-06,1,1,,0,9.944985084613467e-09,-14.790188200569478,-0.003745866132871396,-0.21628832647288732,0.0013870752992832431,0.00047178929050071476,0.0009964923864806978,0.005412095500870875,0.0007927794058647738,0.0007536666133381547,0.12787221689031703,5.070654013792021,0.20746188253332043,0.3231283808270423
643,adam,643,644,4.683293556721326e-05,1,0.0004722854311700494,0.0002580184962325886,0.0019272157341109224,5.118779334398257e-06,1,2,,0,8.706744881302597e-12,-14.790138138421657,-0.0037479853347455964,-0.21629599681576425,0.0013963848328301617,0.0004722854311700494,0.0009964049228925798,0.005411154201560521,0.0007926410989866692,0.0007536583178220025,0.1278723846527805,5.070493013880306,0.2074612009905459,0.3231281930581816
644,adam,644,645,4.636460621154113e-05,1,0.00047217100381999767,0.00019440150545875439,0.001602442731328463,3.045347045260627e-06,1,2,,0,4.583606761896833e-12,-14.790084743228679,-0.0037484656370685115,-0.2162921855603147,0.0013908249896261542,0.00047217100381999767,0.0009963279799603607,0.00541079561716959,0.0007925647349316053,0.0007536430064800505,0.1278709036495241,5.070408621133405,0.2074612466111291,0.32312769195073093
645,adam,645,646,4.5900960149425716e-05,1,0.0004718790192626416,0.00016606117705619597,0.001579585746531061,4.6225222799983065e-06,1,2,,0,4.53151564779219e-12,-14.790049537039692,-0.0037475660273019423,-0.21628225205983345,0.0013786300201129855,0.0004718790192626416,0.0009962580707311936,0.005410584300088947,0.0007925171149320781,0.000753621896530869,0.1278696355290082,5.070347806204828,0.20746199443352956,0.32312772850190646
646,adam,646,647,4.544195054793146e-05,1,0.00047206180129895836,0.00023410087478446177,0.0019848313887181465,4.436087648439313e-06,1,2,,0,3.670448181725062e-12,-14.790045551853394,-0.0037460573273389937,-0.2162797280580063,0.001369553876646715,0.00047206180129895836,0.000996229383557609,0.005410428973948166,0.0007925059668074032,0.000753607557957194,0.12786996569659465,5.070324464860369,0.20746289392828623,0.3231284874789443
647,adam,647,648,4.498753104245214e-05,1,0.0004719021492794034,0.000151625293786998,0.0017919044957153039,3.8369655460505365e-06,1,2,,0,3.96500152296386e-12,-14.79004434161007,-0.003746054994830877,-0.2162856074792422,0.001367828944874277,0.0004719021492794034,0.0009962337098364023,0.005410095064180723,0.0007925253462418097,0.0007536025132633744,0.12787160308470075,5.070297505806409,0.2074632052965668,0.32312928940350055
648,adam,648,649,4.453765573202762e-05,1,0.00047190309038426667,0.00021032207633533436,0.001996946721056319,3.895753016424911e-06,1,2,,0,3.1548404364543683e-12,-14.79003340492717,-0.00374818269049522,-0.21629094729804232,0.0013721795253272826,0.00047190309038426667,0.0009962707754986643,0.005409720920452264,0.0007926027177542655,0.0007536047045048971,0.12787200533292625,5.070265397357073,0.20746300696087067,0.3231291110254026
649,adam,649,650,4.409227917470734e-05,1,0.00047183198032491497,0.00014945285748511157,0.0017526427260279708,3.4079294666964165e-06,1,2,,0,2.4493096014133204e-12,-14.789999154230042,-0.00375069393253145,-0.21628835217474127,0.0013810444420065719,0.00047183198032491497,0.0009962972522146712,0.005409538255875156,0.0007927102368889155,0.0007536069520746189,0.12787054733750797,5.0702138042273175,0.20746282901606625,0.3231283139326931
650,adam,650,651,4.3651356382960265e-05,1,0.0004718295824958974,0.00021653349491914124,0.0015752861425014626,3.791891933744608e-06,1,2,,0,4.679398278727271e-12,-14.78993221084361,-0.003751188176991955,-0.21628283897578332,0.0013888222288514222,0.0004718295824958974,0.0009962792217395,0.005409652426546379,0.0007927522441308081,0.000753602691362923,0.12786933559795546,5.070136579323938,0.20746283637573362,0.32312809401015413
651,adam,651,652,4.3214842819130665e-05,1,0.00047168675338849284,0.0001552824739355718,0.0015447904904590736,3.2264651930899403e-06,1,2,,0,1.6024509712385513e-12,-14.789876927956843,-0.003750513077853433,-0.2162845344388459,0.001397676567377024,0.00047168675338849284,0.0009962280439424211,0.005409636150315105,0.0007926384602261366,0.0007535851319919028,0.12786916597562473,5.070024859084798,0.20746313212901404,0.32312894072205955
652,adam,652,653,4.278269439093936e-05,1,0.0004718206022648057,0.00023084936557823558,0.0018509125825049233,3.4767772571007015e-06,1,2,,0,4.697014890901201e-12,-14.789825769321496,-0.0037496543806946436,-0.21628909027904109,0.001398377657916782,0.0004718206022648057,0.0009961643171074131,0.005409359044820276,0.0007924111594067986,0.0007535565919219782,0.1278686819774536,5.069892040689041,0.20746349196334224,0.3231297732805824
653,adam,653,654,4.2354867447029966e-05,1,0.0004717308891437585,0.00017120337197309453,0.0019752571531358957,3.165843824711217e-06,1,2,,0,4.627204893289781e-12,-14.789785925877535,-0.003749493986920219,-0.21628714606183064,0.00138790071559563,0.0004717308891437585,0.0009961177066072312,0.005409045991001722,0.0007922709398208879,0.000753534582513277,0.12786719249426148,5.069788881258379,0.20746376393376917,0.3231298003363847
654,adam,654,655,4.193131877255966e-05,1,0.00047173246913270067,0.00020598827052216578,0.0016678049340783378,3.057167558105057e-06,1,2,,0,1.609338268986619e-12,-14.789748650551557,-0.0037501804137972344,-0.2162840821483243,0.0013783977514689656,0.00047173246913270067,0.000996088339251591,0.0054088911475807635,0.0007922951584225172,0.0007535266848729245,0.1278657135124432,5.069726869083154,0.20746370664510758,0.3231292081918031
655,adam,655,656,4.1512005584834066e-05,1,0.00047158880639039256,0.00016245565296310407,0.0011145119214883263,3.371322212606587e-06,1,2,,0,4.059614080554207e-12,-14.78976345933001,-0.003750641004227558,-0.21629030021346596,0.001373259013106419,0.00047158880639039256,0.00099607717315693,0.005408686960063995,0.0007923955746349367,0.0007535315899287304,0.12786579539740095,5.06970728069416,0.20746349780805523,0.32312914457864045
656,adam,656,657,4.1096885528985725e-05,1,0.0004717972130199368,0.00021235520510358064,0.0018457810634907295,3.2369746467406975e-06,1,2,,0,1.3713348240498037e-12,-14.78979874548869,-0.0037506329323245126,-0.216298369242615,0.0013748653910214486,0.0004717972130199368,0.0009960610426798932,0.005408274001681508,0.0007923838262890314,0.0007535291975870192,0.12786660989915946,5.069670916200638,0.20746360018596025,0.3231298205226304
657,adam,657,658,4.068591667369587e-05,1,0.00047165595396034336,0.00021099090074368448,0.0016460956637779616,2.299047161903531e-06,1,2,,0,9.412282203213067e-13,-14.789788357334446,-0.0037509174762181763,-0.21629487465746736,0.0013807435890466093,0.00047165595396034336,0.0009960228664963953,0.005407906455573364,0.000792305995516458,0.00075351552441101,0.1278657844366675,5.069592576658671,0.2074639956402951,0.32313017456551835
658,adam,658,659,4.027905750695891e-05,1,0.00047170449211592866,0.00023193210538396998,0.0021726637954907133,3.89986910417885e-06,1,2,,0,4.81776908643056e-12,-14.789702482707877,-0.0037510588474469076,-0.216281330305655,0.0013882420460494874,0.00047170449211592866,0.000995968457376793,0.005407776955570188,0.0007921674239303566,0.0007534877635205367,0.1278629963743593,5.069460236000319,0.2074644011517429,0.32312972626989894
659,adam,659,660,3.987626693188932e-05,1,0.00047170449211592866,0.00023193397106515,0.002172749474963949,1.9407203437550724e-06,1,1,,0,8.838801555315326e-09,-14.789702482707877,-0.0037518201066538237,-0.2162786371643198,0.001395809973498579,0.00047170449211592866,0.000995968457376793,0.005407776955570188,0.0007921674239303566,0.0007534877635205367,0.1278629963743593,5.069460236000319,0.2074646150579569,0.3231301803339724
660,adam,660,661,3.947750426257042e-05,1,0.00047173154990364196,0.00025924316836640294,0.0020739167853408343,3.730453457087963e-06,1,2,,0,4.050829244310766e-12,-14.789684423057604,-0.003749533889722317,-0.21628550128947363,0.0014034336589240294,0.00047173154990364196,0.000995936578333665,0.00540735722545096,0.000792064848575891,0.0007534741156602376,0.12786473130494636,5.06934077290658,0.20746465949684975,0.32313142889544705
661,adam,661,662,3.9082729219944726e-05,1,0.00047173154990364196,0.00025926075225804853,0.0020739889877521176,2.1530782643175337e-06,1,1,,0,8.736611440820066e-09,-14.789684423057604,-0.0037485801345679406,-0.2162850366383265,0.001397006044158007,0.00047173154990364196,0.000995936578333665,0.00540735722545096,0.000792064848575891,0.0007534741156602376,0.12786473130494636,5.06934077290658,0.20746469275218243,0.32313179503359557
662,adam,662,663,3.869190192774527e-05,1,0.0004718863021465814,0.0002363122782104636,0.003191148528609156,4.396784321285903e-06,1,2,,0,2.4983899177511333e-11,-14.789676403149274,-0.0037530290697600326,-0.21627810791095253,0.001378244888954384,0.0004718863021465814,0.0009959988962096997,0.005407338682704439,0.0007925052951627241,0.0007534960280284658,0.12786476321601922,5.069395481867542,0.2074647169068329,0.3231313832152561
663,adam,663,664,3.830498290846782e-05,1,0.0004718863021465814,0.00023631403807930187,0.003191458423022593,2.532030441350199e-06,1,1,,0,9.6120802395015e-09,-14.789676403149274,-0.003751047596334595,-0.2162765525957063,0.0013677089480642196,0.0004718863021465814,0.0009959988962096997,0.005407338682704439,0.0007925052951627241,0.0007534960280284658,0.12786476321601922,5.069395481867542,0.20746470822108654,0.3231308196412937
664,adam,664,665,3.7921933079383146e-05,1,0.0004718731224210917,0.00018535150872976076,0.001535766208912965,4.293603173200217e-06,1,2,,0,1.3041751453280105e-11,-14.789538978659687,-0.0037545214775074323,-0.2162797434762111,0.0013644370508559423,0.0004718731224210917,0.0009959629540734955,0.005407100314888184,0.0007923282227336907,0.000753451451991352,0.1278622564575946,5.069226587420148,0.2074646710090481,0.32313012412154185
665,adam,665,666,3.754271374858931e-05,1,0.0004720681558982734,0.00021934804275199792,0.00228158064387832,4.310002242824149e-06,1,2,,0,6.769770506730071e-12,-14.789502920794563,-0.0037530338320301217,-0.21628831610692623,0.0013698593039337388,0.0004720681558982734,0.0009959110080089279,0.0054068339926015545,0.0007920995839409058,0.0007534274302513055,0.12786278149107233,5.069111784131154,0.20746474411413612,0.3231307169388551
666,adam,666,667,3.716728661110342e-05,1,0.0004720681558982734,0.00021933718859163477,0.002281490285478817,2.554942262692943e-06,1,1,,0,9.091986898726187e-09,-14.789502920794563,-0.003755029456562974,-0.21629001434360912,0.001375913612037304,0.0004720681558982734,0.0009959110080089279,0.0054068339926015545,0.0007920995839409058,0.0007534274302513055,0.12786278149107233,5.069111784131154,0.2074650324789448,0.3231314910364377
667,adam,667,668,3.6795613744992385e-05,1,0.0004718002936718076,0.00016425448616108344,0.002195147676439931,4.7495047917546514e-06,1,2,,0,1.149702849797102e-11,-14.789500672396946,-0.0037509617314169757,-0.21628564618436905,0.0013825139550339713,0.0004718002936718076,0.0009957643867634068,0.00540638108060565,0.0007919796046396263,0.0007534168320366315,0.1278627746157372,5.068961775560541,0.20746551005735397,0.3231324212127072
668,adam,668,669,3.642765760754246e-05,1,0.00047184038785243567,0.00015886231939038237,0.0011023953106349847,4.4774240371299445e-06,1,2,,0,7.64227816915932e-12,-14.78949660239581,-0.0037522750203965206,-0.21627878428448943,0.0013874411075707948,0.00047184038785243567,0.0009957301175897249,0.005406173617386513,0.0007920755165375376,0.0007534231917236687,0.12786157886112207,5.068918744823798,0.20746565721354146,0.3231325644722759
669,adam,669,670,3.6063381031467036e-05,1,0.00047191851019844224,0.00021468509743591288,0.0024967335767395707,3.121335463146143e-06,1,2,,0,3.5570340858611926e-12,-14.789467569276745,-0.0037539482481324556,-0.21627658405206335,0.0013940623179640415,0.00047191851019844224,0.0009957212277555548,0.005406014085757745,0.0007921376052409995,0.0007534226491907774,0.1278602112425502,5.068864837489535,0.20746541897406212,0.32313208962807194
670,adam,670,671,3.570274722115236e-05,1,0.00047167302066696893,0.00016614004678104763,0.0017630757193657488,3.49010795660372e-06,1,2,,0,1.775523813645481e-12,-14.789417630274995,-0.003754008612731232,-0.21627996221162255,0.0014002670022472772,0.00047167302066696893,0.0009956962138096912,0.005405807871417835,0.0007920285339400449,0.000753407332468579,0.12785915722168426,5.068769219370388,0.20746496814644308,0.32313140970475723
671,adam,671,672,3.534571974894084e-05,1,0.0004717927477377714,0.00020565468128272454,0.001989156253910409,4.211649886107925e-06,1,2,,0,6.7364311089009525e-12,-14.789370661986258,-0.0037525947358440026,-0.21628582446488404,0.0014024980921608513,0.0004717927477377714,0.0009956621888908173,0.005405602529458529,0.0007918232941519227,0.0007533820074337273,0.12785858957613422,5.068665599959473,0.2074646935814066,0.32313099164383624
672,adam,672,673,3.499226255145143e-05,1,0.0004717704422807616,0.0002004309090769132,0.0021841159605150264,2.810797127906761e-06,1,2,,0,1.6190054682854371e-12,-14.789372665454126,-0.003751894549464359,-0.2162891207924738,0.001393694443624446,0.0004717704422807616,0.0009956338767374156,0.005405367738229722,0.0007917678156767258,0.0007533683416064933,0.12785835088778555,5.068643281648685,0.207465074580021,0.3231311864927068
673,adam,673,674,3.464233992593692e-05,1,0.00047156042790529403,0.0001394384266687628,0.0013608067134430611,3.5725062767674584e-06,1,2,,0,3.547492778980461e-12,-14.789384665260839,-0.0037529118188645337,-0.21628837304268447,0.0013781161356697322,0.00047156042790529403,0.0009956115306504916,0.005405162969298183,0.0007918551089758526,0.0007533661025082758,0.1278586606260932,5.068663726371203,0.2074657791830876,0.32313198791803804
674,adam,674,675,3.4295916526677546e-05,1,0.0004716532226106774,0.00017135691535251915,0.0014895576294022168,3.488315847338211e-06,1,2,,0,2.320546760785202e-12,-14.789344878497333,-0.0037547800578390175,-0.216284525139006,0.0013648006528337467,0.0004716532226106774,0.0009955854301454787,0.005404954698051175,0.0007919173055088744,0.0007533636920848964,0.12785918798501414,5.068642103582763,0.20746615140152144,0.32313258598021266
675,adam,675,676,3.395295736141077e-05,1,0.0004716532226106774,0.00017136013962572058,0.0014895444477184975,2.694164355175551e-06,1,1,,0,9.91535345429458e-09,-14.789344878497333,-0.003752995188040434,-0.21628182602373583,0.0013587841162054734,0.0004716532226106774,0.0009955854301454787,0.005404954698051175,0.0007919173055088744,0.0007533636920848964,0.12785918798501414,5.068642103582763,0.2074659500312467,0.3231326180149397
676,adam,676,677,3.361342778779666e-05,1,0.00047177044300410914,0.000164955169888774,0.0017579796903919136,4.2873965811326945e-06,1,2,,0,1.75817817327383e-11,-14.789173519139593,-0.003755647861531953,-0.21628014471893417,0.0013592096830909069,0.00047177044300410914,0.0009955490993373425,0.005404647177654924,0.0007917553415889088,0.0007533433735221844,0.12785993223845327,5.068435915426385,0.20746524370223635,0.32313215281815966
677,adam,677,678,3.3277293509918694e-05,1,0.00047177044300410914,0.0001649554893219515,0.0017580961626715923,2.8954218467713096e-06,1,1,,0,9.431316448936847e-09,-14.789173519139593,-0.0037556946072827375,-0.21627963746746245,0.001363453804407157,0.00047177044300410914,0.0009955490993373425,0.005404647177654924,0.0007917553415889088,0.0007533433735221844,0.12785993223845327,5.068435915426385,0.2074650401497066,0.32313211307190043
678,adam,678,679,3.294452057481951e-05,1,0.00047198109864638225,0.00018557493509984067,0.0012668128093475837,3.728907359102827e-06,1,2,,0,1.1652367538055874e-11,-14.789194470956264,-0.003755577109037386,-0.21628016831497915,0.001371065476262587,0.00047198109864638225,0.000995617038297505,0.005404240803208216,0.0007918002040259032,0.0007533421689612432,0.1278599713272806,5.068354069191003,0.2074652806179365,0.3231324451638896
679,adam,679,680,3.2615075369071314e-05,1,0.00047185389984257583,0.00017797882378889894,0.0015007764394080136,3.6603125600968114e-06,1,2,,0,5.677276346101018e-12,-14.789264473628139,-0.003755613850642681,-0.21627866402445758,0.0013764512365394862,0.00047185389984257583,0.000995630220634798,0.005403944245675967,0.0007919172395592732,0.000753346678732593,0.12785961269895105,5.068366951579989,0.207466091888715,0.3231332261619677
680,adam,680,681,3.2288924615380604e-05,1,0.00047174853301561485,0.0001734952290600548,0.0014082515778303095,4.212043464192696e-06,1,2,,0,9.151653319101004e-12,-14.789308323228985,-0.003756649096187888,-0.21627699040157833,0.0013823933963238583,0.00047174853301561485,0.0009956079751866252,0.005403643435263679,0.0007920131892758332,0.0007533461602400153,0.12785856028881423,5.068362270143264,0.2074670329534989,0.3231339001608303
681,adam,681,682,3.196603536922679e-05,1,0.0004717488432343686,0.00015220393678610177,0.0017387595394640827,3.7620903681417126e-06,1,2,,0,5.213113825460392e-12,-14.789300830182691,-0.0037569617155434522,-0.21627726027980954,0.001386173283935987,0.0004717488432343686,0.0009955513863736773,0.005403413421130837,0.0007920170216376462,0.0007533405772039554,0.12785754851057715,5.068319016907004,0.20746745147353515,0.32313413705960414
682,adam,682,683,3.1646375015534524e-05,1,0.0004717488432343686,0.0001522073535629142,0.0017385209954515124,2.7148960121763565e-06,1,1,,0,9.236312270076054e-09,-14.789300830182691,-0.0037573446539682608,-0.2162787012468204,0.0013895349800269984,0.0004717488432343686,0.0009955513863736773,0.005403413421130837,0.0007920170216376462,0.0007533405772039554,0.12785754851057715,5.068319016907004,0.2074671986079662,0.3231335854089284
683,adam,683,684,3.132991126537918e-05,1,0.00047181797651492234,0.0001865916654835466,0.0015430217766386855,3.858866397226374e-06,1,2,,0,1.0208309069385332e-11,-14.789155346474057,-0.0037553634714638517,-0.21628117543087377,0.0013925228761688098,0.00047181797651492234,0.0009954352795772396,0.0054033249560449794,0.0007917610014666369,0.0007533115663542573,0.12785454461629372,5.0681014745772845,0.20746635525289825,0.32313234252370665
684,adam,684,685,3.101661215272539e-05,1,0.00047179204347686,0.0001860772467246432,0.0013254505746681231,3.634091938848741e-06,1,2,,0,7.293965704249336e-12,-14.78907369733688,-0.003753388044713471,-0.21628357195431058,0.0013890075919447396,0.00047179204347686,0.0009953830895209112,0.005403441580485233,0.0007915876739714518,0.0007532952983085427,0.12785384676744418,5.067978619280911,0.2074655762184043,0.32313168969638184
685,adam,685,686,3.070644603119813e-05,1,0.00047166917562760266,0.00016113016796934503,0.001957045809011939,3.44781397586712e-06,1,2,,0,2.9414813726961337e-12,-14.789040459895721,-0.0037527958885491277,-0.21628430263559634,0.001379774813095701,0.00047166917562760266,0.0009953519469994576,0.005403426915596709,0.0007914992253779545,0.0007532833759182302,0.127853753878787,5.067907241796656,0.2074653876675079,0.3231318984746838
686,adam,686,687,3.0399381570886156e-05,1,0.0004716622575708472,0.00020492313632061973,0.002433362577416935,3.1081709771841215e-06,1,2,,0,1.8244906757235952e-12,-14.78903859282911,-0.003753827298493663,-0.2162833979226709,0.0013697678039928112,0.0004716622575708472,0.0009953220801028645,0.00540324238111537,0.0007914773779747198,0.0007532720822147602,0.12785431811299022,5.067873624976395,0.20746583304846816,0.3231329819586029
687,adam,687,688,3.009538775517729e-05,1,0.00047155054320224956,0.0001690016394365956,0.0010219260846505178,3.339386634934032e-06,1,2,,0,3.956727461273792e-12,-14.78905199400607,-0.003756343486460219,-0.2162826485392235,0.0013640678893716118,0.00047155054320224956,0.0009952936943181659,0.005402856750943095,0.0007914941378159608,0.0007532619438720196,0.12785498068448115,5.067865413114924,0.20746662416720002,0.3231342612587265
688,adam,688,689,2.979443387762552e-05,1,0.00047153377342998,0.00017732365628615325,0.0022254857995892335,3.1539748978027447e-06,1,2,,0,3.3997142714878294e-12,-14.78904088745068,-0.0037585042119547447,-0.2162803793410205,0.0013641727548066199,0.00047153377342998,0.000995274232850214,0.005402466073451295,0.000791498129428756,0.0007532528478251232,0.12785527771355873,5.067851060292733,0.20746723306493278,0.3231348929469761
689,adam,689,690,2.9496489538849264e-05,1,0.00047153377342998,0.00017732536071126727,0.0022255834101796443,2.7467004223156434e-06,1,1,,0,9.125576508181249e-09,-14.78904088745068,-0.0037576072130757277,-0.21627617445443353,0.0013689125149188204,0.00047153377342998,0.000995274232850214,0.005402466073451295,0.000791498129428756,0.0007532528478251232,0.12785527771355873,5.067851060292733,0.20746737532987336,0.3231344760071339
690,adam,690,691,2.9201524643460766e-05,1,0.00047171164319033876,0.00017458507378097105,0.0018495803592965187,3.892561973274495e-06,1,2,,0,1.255208224136279e-11,-14.788981240939206,-0.0037582391506308225,-0.21627026350080433,0.0013777384073637945,0.00047171164319033876,0.0009953026100834603,0.0054023245978943235,0.0007915885668936184,0.0007532546951777282,0.12785359063561194,5.067835828815419,0.207467106471145,0.32313313664667775
691,adam,691,692,2.890950939702616e-05,1,0.00047171164319033876,0.00017458253789323267,0.001849254881523659,2.96503465223342e-06,1,1,,0,9.23007477524324e-09,-14.788981240939206,-0.0037628188979508463,-0.2162675506405439,0.0013842024165627849,0.00047171164319033876,0.0009953026100834603,0.0054023245978943235,0.0007915885668936184,0.0007532546951777282,0.12785359063561194,5.067835828815419,0.20746684393557185,0.32313247402069817
692,adam,692,693,2.86204143030559e-05,1,0.00047203429352915864,0.00024311134476776098,0.0030278827802790614,3.980832131076006e-06,1,2,,0,2.1888159255313062e-11,-14.789029273835109,-0.0037537487999344315,-0.21626766539509898,0.00138857218545301,0.00047203429352915864,0.000995386863848756,0.0054023850867304475,0.0007917918536851789,0.000753283066523139,0.12785392052602432,5.06786508458765,0.2074665878398582,0.3231324059842396
693,adam,693,694,2.8334210160025338e-05,1,0.00047203429352915864,0.00024311092673414482,0.0030275619990646364,3.0231835578396626e-06,1,1,,0,9.158207572654036e-09,-14.789029273835109,-0.003755538038598153,-0.21627121647443032,0.0013885928474457626,0.00047203429352915864,0.000995386863848756,0.0054023850867304475,0.0007917918536851789,0.000753283066523139,0.12785392052602432,5.06786508458765,0.20746662651751846,0.3231332877470606
694,adam,694,695,2.8050868058425085e-05,1,0.00047181794558542417,0.00020777795366321594,0.002710930421610041,3.983504356493357e-06,1,2,,0,1.6976405039515437e-11,-14.789056792197531,-0.003753649636764463,-0.21627779784415985,0.0013847742695625189,0.00047181794558542417,0.0009953526893750236,0.005401637437790913,0.000791703915775803,0.000753273978795333,0.12785671632063034,5.0677570410426656,0.20746692405786454,0.32313500406883416
695,adam,695,696,2.7770359377840834e-05,1,0.0004718257542893239,0.00021512957552433654,0.0016716147632300097,3.5213730042500634e-06,1,2,,0,5.005206572662625e-12,-14.788995960889437,-0.003755848473172572,-0.21628053475230222,0.0013768011560666305,0.0004718257542893239,0.0009952727609601833,0.005401136422662977,0.0007915349264907311,0.0007532468416854406,0.12785731346704152,5.067631433628331,0.20746729696036656,0.3231363357452024
696,adam,696,697,2.749265578406243e-05,1,0.0004717603902072881,0.00022737856974912757,0.0018272541522434548,3.1720646450692103e-06,1,2,,0,7.220656338137638e-12,-14.788885608088131,-0.0037588331274432114,-0.21627742335898142,0.0013678780960064889,0.0004717603902072881,0.0009951870131040532,0.005400829370906977,0.0007913721219046032,0.0007532125166137418,0.12785609943666668,5.067491506953127,0.20746758635370055,0.3231365531807449
697,adam,697,698,2.72177292262218e-05,1,0.00047151803002966396,0.00023359124974173118,0.003246423381634397,3.5855271853970218e-06,1,2,,0,7.52951389536347e-12,-14.788778301019475,-0.003761395807950145,-0.2162711389303769,0.001362879531579907,0.00047151803002966396,0.0009951287488507965,0.005400775357263441,0.0007912849702884699,0.0007531825889905172,0.12785331999036892,5.067383695895517,0.2074679070066727,0.32313574641176707
698,adam,698,699,2.6945551933959582e-05,1,0.0004716342031114371,0.00021135835130290943,0.0021705823532211154,3.902961304822722e-06,1,2,,0,5.097284697773179e-12,-14.788704523206533,-0.0037621071797075026,-0.2162647979238664,0.001363120626603815,0.0004716342031114371,0.0009951098644859293,0.005400958538671298,0.0007912934399626309,0.0007531687128878125,0.1278501399281433,5.067332543753494,0.2074680583429727,0.3231342136227303
699,adam,699,700,2.6676096414619988e-05,1,0.0004716342031114371,0.00021134930912990556,0.0021702561697952575,2.5807447914979953e-06,1,1,,0,8.487781173870148e-09,-14.788704523206533,-0.0037646394120957956,-0.21626490866405254,0.0013656699438350196,0.0004716342031114371,0.0009951098644859293,0.005400958538671298,0.0007912934399626309,0.0007531687128878125,0.1278501399281433,5.067332543753494,0.20746822499397227,0.3231335565444856
700,adam,700,701,2.6409335450473786e-05,1,0.0004717025156145507,0.0002186464900146312,0.0019344292410112475,3.1027737350212117e-06,1,2,,0,1.0692361124861227e-11,-14.788761533008353,-0.003759237731555144,-0.21627070344298482,0.0013702558068483257,0.0004717025156145507,0.0009951464263059108,0.005401149336303831,0.0007914531061063474,0.0007531863491849478,0.1278491750841101,5.067381683740881,0.2074684048251304,0.32313367036338414
701,adam,701,702,2.614524209596905e-05,1,0.0004715724152899593,0.00016483396803302787,0.002166484791827496,3.34540589877589e-06,1,2,,0,4.7908626928103674e-12,-14.788832620469073,-0.0037570091987477396,-0.2162803086320851,0.0013729660143915721,0.0004715724152899593,0.0009951649126679217,0.00540102278621002,0.0007915022577619175,0.0007532026226948429,0.12785078066792802,5.067409987198931,0.20746843352483565,0.3231345482801438
702,adam,702,703,2.5883789675009356e-05,1,0.0004715724152899593,0.0001648380719498065,0.0021666813068642182,2.8961912490964646e-06,1,1,,0,9.48238148488238e-09,-14.788832620469073,-0.003758829122780717,-0.21628580274942147,0.0013728302088964139,0.0004715724152899593,0.0009951649126679217,0.00540102278621002,0.0007915022577619175,0.0007532026226948429,0.12785078066792802,5.067409987198931,0.207468435957485,0.32313567455511927
703,adam,703,704,2.5624951778259265e-05,1,0.0004718866792734364,0.0002430388728530306,0.0019924181699903037,3.641828584299827e-06,1,2,,0,1.6357240715453433e-11,-14.788830486486987,-0.0037552189278695124,-0.21628766071535627,0.001370180440916076,0.0004718866792734364,0.0009950901027356847,0.0054002874313577925,0.0007913073865165905,0.0007531911532463769,0.12785386263168233,5.067271401164841,0.20746841583654752,0.32313701879174217
704,adam,704,705,2.5368702260476674e-05,1,0.0004718250046885678,0.00024315106104607742,0.001987249238134683,3.0504788324793674e-06,1,2,,0,3.679997672306336e-12,-14.788747380667024,-0.0037561841553166056,-0.21628175507565064,0.001366763267269603,0.0004718250046885678,0.000995022962240583,0.005399939338627918,0.0007911475246397496,0.0007531674739697224,0.12785359623101367,5.067133401530296,0.20746834433571304,0.3231374505597928
705,adam,705,706,2.5115015237871907e-05,1,0.00047157935821369673,0.0001915812119162964,0.002029187177466358,3.271011393708856e-06,1,2,,0,2.809913719327719e-12,-14.788655768960334,-0.0037584549388001817,-0.21627193959612662,0.0013669233387331448,0.00047157935821369673,0.0009949892271765935,0.005399780621630217,0.0007910953678573249,0.000753147706203385,0.1278517270023749,5.0670215412729664,0.2074682383235045,0.32313681704554303
706,adam,706,707,2.4863865085493185e-05,1,0.0004716191030547578,0.0002025101398404182,0.0021373134215095326,3.400555889443667e-06,1,2,,0,2.4470944583924993e-12,-14.78859587707558,-0.003760478426040964,-0.21626280818699262,0.0013713046632004783,0.0004716191030547578,0.0009949989443937496,0.0053998174485503005,0.0007911490795802072,0.0007531367741510484,0.12784895542274297,5.066965050994163,0.20746817493986888,0.3231354337621634
707,adam,707,708,2.4615226434638252e-05,1,0.0004716191030547578,0.00020249931393828336,0.0021373089859463242,2.863385511120614e-06,1,1,,0,9.276895771515735e-09,-14.78859587707558,-0.0037593563744002553,-0.21626062517682337,0.0013764036831598308,0.0004716191030547578,0.0009949989443937496,0.0053998174485503005,0.0007911490795802072,0.0007531367741510484,0.12784895542274297,5.066965050994163,0.20746830646184755,0.32313438239746567
708,adam,708,709,2.4369074170291873e-05,1,0.00047172673774558945,0.00022458887247151044,0.0017192894042174025,3.6689869136859178e-06,1,2,,0,2.2427881317405452e-11,-14.788652901409016,-0.003761936137087022,-0.21626456155959645,0.0013821313736491535,0.00047172673774558945,0.0009950866287935928,0.005399996037134951,0.0007914524088119874,0.0007531484472562047,0.12784566348410042,5.0670437149090795,0.2074686091591699,0.32313362470598656
709,adam,709,710,2.4125383428588952e-05,1,0.0004716061498441143,0.0001928285228153641,0.0021568655949665296,3.1710350813320465e-06,1,2,,0,2.7100283097262127e-12,-14.788711498709171,-0.0037611446577659356,-0.21627243615649414,0.0013834255230006467,0.0004716061498441143,0.0009951083277347605,0.005399988325016821,0.0007915260176451233,0.000753155540467614,0.12784599669154367,5.067087970341743,0.20746897409883017,0.3231339130722853
710,adam,710,711,2.3884129594303063e-05,1,0.00047163492494402823,0.00023458768832125367,0.0029980488282962316,3.291867944123858e-06,1,2,,0,1.454957807656429e-12,-14.788755806844833,-0.003759505379836788,-0.21628071312275912,0.0013783043798463784,0.00047163492494402823,0.0009950886528146603,0.005399870605217684,0.0007914875768554708,0.0007531555463003599,0.12784753740942112,5.067086853235266,0.2074693617212168,0.32313517348990384
711,adam,711,712,2.3645288298360033e-05,1,0.00047163492494402823,0.00023459197370701357,0.002997783105030802,2.5154705917651977e-06,1,1,,0,8.60104134125035e-09,-14.788755806844833,-0.0037613851341255244,-0.2162823997685146,0.001369555431923214,0.00047163492494402823,0.0009950886528146603,0.005399870605217684,0.0007914875768554708,0.0007531555463003599,0.12784753740942112,5.067086853235266,0.20746963240066799,0.3231362455161001
712,adam,712,713,2.340883541537643e-05,1,0.0004716472313937738,0.00019026672299245735,0.002164612282538633,3.3102031132290693e-06,1,2,,0,1.846632129831949e-11,-14.788666442179391,-0.003757709210286866,-0.21627828200924878,0.0013576143923169544,0.0004716472313937738,0.000994946867072125,0.005399508072219461,0.0007911175784070884,0.0007531161210042926,0.12784874869858875,5.066877933535405,0.20746979999815296,0.323137149957626
713,adam,713,714,2.3174747061222666e-05,1,0.0004715923603175723,0.00021377486091432813,0.002742271673796251,3.0847785046766324e-06,1,2,,0,5.15176498896422e-12,-14.788582694263248,-0.003758413541221942,-0.21627158740842525,0.001353075151319608,0.0004715923603175723,0.0009948934935589213,0.005399275611520168,0.0007909609722001975,0.0007530938992418448,0.1278482599195162,5.066752345525317,0.2074697169277527,0.3231372049414694
714,adam,714,715,2.294299959061044e-05,1,0.0004715923603175723,0.00021377716295745348,0.002742521867026187,3.2556083995487913e-06,1,1,,0,9.949228154226705e-09,-14.788582694263248,-0.003754067501325669,-0.216265435292423,0.0013548447866121454,0.0004715923603175723,0.0009948934935589213,0.005399275611520168,0.0007909609722001975,0.0007530938992418448,0.1278482599195162,5.066752345525317,0.20746949369966064,0.3231366619861881
715,adam,715,716,2.2713569594704337e-05,1,0.0004716963687204393,0.00022657742088380353,0.0030485699352132407,4.364537086243788e-06,1,2,,0,1.762828256620094e-11,-14.788444884132922,-0.0037638836339033864,-0.21625976853250783,0.0013621703879645056,0.0004716963687204393,0.0009948852333792402,0.00539861129986586,0.0007909283075601952,0.000753067485166452,0.1278462023122043,5.06658763834706,0.207469147408727,0.3231355932904473
716,adam,716,717,2.248643389875729e-05,1,0.0004719141486632534,0.00023121310406627808,0.0028776892176935547,2.8728635520193225e-06,1,2,,0,3.5369740820209608e-12,-14.788444811175289,-0.0037659979383453134,-0.2162600574406868,0.0013703243154762367,0.0004719141486632534,0.0009949211537255802,0.005398359557173275,0.000791052733799291,0.0007530710603269105,0.12784600732772036,5.066589126831235,0.20746903438969586,0.323135034321269
717,adam,717,718,2.2261569559769718e-05,1,0.0004719141486632534,0.00023125072119458065,0.00287758880043825,1.801951235390158e-06,1,1,,0,7.676810959477731e-09,-14.788444811175289,-0.0037653577571756668,-0.21626438826795838,0.0013744392629028706,0.0004719141486632534,0.0009949211537255802,0.005398359557173275,0.000791052733799291,0.0007530710603269105,0.12784600732772036,5.066589126831235,0.20746923181477164,0.3231351450776208
718,adam,718,719,2.203895386417202e-05,1,0.0004717013036934833,0.00023130079301169595,0.003150591349470437,2.9216736311996944e-06,1,2,,0,3.408874878119946e-11,-14.788607879740663,-0.0037659544949723562,-0.21627227852630648,0.0013749832789589245,0.0004717013036934833,0.0009950166533069969,0.005398189179680411,0.0007914969648156122,0.0007531113019483727,0.12784824337593265,5.066772682508394,0.20746970233338113,0.32313584387375677
719,adam,719,720,2.18185643255303e-05,1,0.00047144403463000064,0.00019699226503533783,0.0030310289717107334,3.6577621455119295e-06,1,2,,0,7.784107466466913e-12,-14.788686775331971,-0.003763799004687538,-0.216276725851446,0.001370203633322296,0.00047144403463000064,0.0009950384204489083,0.0053982902233627,0.0007916777079095188,0.0007531312314078894,0.12784960714713905,5.066875595885435,0.2074701966519028,0.3231366799776574
720,adam,720,721,2.1600378682274997e-05,1,0.00047152308147718763,0.00023462245212572234,0.0037868046472092696,3.902643844367008e-06,1,2,,0,5.883045174484722e-12,-14.788706460620878,-0.003761042235482803,-0.21627706191120466,0.0013638271644741493,0.00047152308147718763,0.0009950268101560694,0.005398472058822084,0.0007917384217016021,0.0007531389176202167,0.1278501323724558,5.066914840022204,0.20747052942301483,0.32313723041399556
721,adam,721,722,2.1384374895452244e-05,1,0.00047152308147718763,0.00023458872946836487,0.0037856351771732044,2.7087247121657947e-06,1,1,,0,8.315185555354202e-09,-14.788706460620878,-0.0037645748856405094,-0.21627412066485532,0.0013621850600299787,0.00047152308147718763,0.0009950268101560694,0.005398472058822084,0.0007917384217016021,0.0007531389176202167,0.1278501323724558,5.066914840022204,0.20747061404744374,0.32313716952929283
722,adam,722,723,2.1170531146497724e-05,1,0.00047163141849350696,0.0002681455675289695,0.0033179391559443427,2.862097203241597e-06,1,2,,0,1.3529667173079539e-11,-14.788555707083802,-0.0037584587938808904,-0.2162682905040533,0.0013647208582919985,0.00047163141849350696,0.0009949255709275065,0.005398571823935174,0.0007914470828248626,0.0007531059725888554,0.12784729693314711,5.066740378261588,0.20747048000366772,0.3231365717104806
723,adam,723,724,2.0958825835032745e-05,1,0.00047163141849350696,0.0002680423203308867,0.00331811586637237,2.7336024027507816e-06,1,1,,0,9.85988648150146e-09,-14.788555707083802,-0.003756131409807791,-0.2162641928132699,0.0013692834248829027,0.00047163141849350696,0.0009949255709275065,0.005398571823935174,0.0007914470828248626,0.0007531059725888554,0.12784729693314711,5.066740378261588,0.20747024001192566,0.3231360813596886
724,adam,724,725,2.0749237576682418e-05,1,0.0004717271087354145,0.0002171588919330411,0.0031381445678853506,3.7726752585104662e-06,1,2,,0,5.903519464435898e-11,-14.788276421571014,-0.0037605923595665706,-0.21626162991056466,0.001375630188613827,0.0004717271087354145,0.0009947576417955466,0.00539804473639423,0.0007907499287895152,0.0007530291698905143,0.12784333516677407,5.0663395638553315,0.20746990682270586,0.32313568648044105
725,adam,725,726,2.0541745200915595e-05,1,0.0004717271087354145,0.00021710554280645955,0.003135670416899779,2.675595801788031e-06,1,1,,0,9.08895205994596e-09,-14.788276421571014,-0.003756736190518679,-0.21626128368600459,0.0013782809603839284,0.0004717271087354145,0.0009947576417955466,0.00539804473639423,0.0007907499287895152,0.0007530291698905143,0.12784333516677407,5.0663395638553315,0.20746975034603604,0.32313579663052966
726,adam,726,727,2.0336327748906438e-05,1,0.00047199689295442804,0.0003174643726528996,0.0041808924849141135,3.0827012617761176e-06,1,2,,0,1.6877781372208036e-11,-14.788169810811034,-0.0037628829549998938,-0.21626289580101485,0.0013776657756051848,0.00047199689295442804,0.0009946432749516527,0.005397350177178297,0.0007903829959968844,0.0007529874757717555,0.12784269792789527,5.066093093720448,0.20746974930927703,0.32313634945022496
727,adam,727,728,2.0132964471417376e-05,1,0.00047199689295442804,0.00031749566823325437,0.004182040673121698,3.3534141246885056e-06,1,1,,0,9.216403145381013e-09,-14.788169810811034,-0.0037634561718827477,-0.21626377411291564,0.0013716223845837896,0.00047199689295442804,0.0009946432749516527,0.005397350177178297,0.0007903829959968844,0.0007529874757717555,0.12784269792789527,5.066093093720448,0.20746990365292403,0.3231371042776964
728,adam,728,729,1.9931634826703198e-05,1,0.0004715296718236834,0.00017214160860994502,0.002179017377547678,4.6605975176564845e-06,1,2,,0,1.5771404613938782e-11,-14.788256258300208,-0.003762195123132738,-0.21626400289839412,0.001360804362355009,0.0004715296718236834,0.00099459475818438,0.005397209442305779,0.0007906020300151465,0.0007530009137626385,0.12784510922168732,5.066113731302284,0.20747019336888037,0.32313803462064083
729,adam,729,730,1.973231847843617e-05,1,0.0004718057190833032,0.00018062255601576839,0.0014014310294724313,3.3402761055406417e-06,1,2,,0,9.051314260867242e-12,-14.78832799478159,-0.003761348041582035,-0.2162634753513668,0.001353762269933976,0.0004718057190833032,0.0009946106465955216,0.005397305841305898,0.0007908452010738935,0.0007530186146998185,0.12784625441158287,5.066195625852367,0.20747042287804604,0.32313846595995993
730,adam,730,731,1.9534995293651806e-05,1,0.0004718057190833032,0.0001806236150361465,0.0014015380194508302,2.1327462563324143e-06,1,1,,0,7.934217068484978e-09,-14.78832799478159,-0.003763671897000562,-0.21626361102085892,0.0013503186114620079,0.0004718057190833032,0.0009946106465955216,0.005397305841305898,0.0007908452010738935,0.0007530186146998185,0.12784625441158287,5.066195625852367,0.20747056823164045,0.3231384804347091
731,adam,731,732,1.933964534071529e-05,1,0.00047184732084486306,0.0002470607157190073,0.0034584558927101094,2.377021931276896e-06,1,2,,0,3.4434759681452176e-11,-14.788452185262862,-0.003760703848346959,-0.21626433252721383,0.0013500555184400096,0.00047184732084486306,0.0009946975666526878,0.0053974694927939855,0.0007913362990496161,0.0007530549703394485,0.12784721309682348,5.066390525331698,0.20747063936173785,0.3231381281411967
732,adam,732,733,1.9146248887308135e-05,1,0.00047184732084486306,0.0002471093647321313,0.003460704784341866,3.0541119055199516e-06,1,1,,0,9.964627263875809e-09,-14.788452185262862,-0.0037602443585333435,-0.21626468649441374,0.0013531969078233162,0.00047184732084486306,0.0009946975666526878,0.0053974694927939855,0.0007913362990496161,0.0007530549703394485,0.12784721309682348,5.066390525331698,0.2074706489959196,0.32313754988016824
733,adam,733,734,1.8954786398435054e-05,1,0.0004714088728090628,0.00018868199848460395,0.0028377009457994937,4.222625218498784e-06,1,2,,0,9.188343425953707e-12,-14.788452437147686,-0.0037616133417425097,-0.2162647148971676,0.0013593383409356032,0.0004714088728090628,0.0009947344120174886,0.005397273978080867,0.0007914162233268946,0.0007530495863975563,0.12784588603551716,5.066432470097301,0.2074706048311604,0.32313677367027455
734,adam,734,735,1.8765238534450703e-05,1,0.0004716056942287199,0.00017990789973474275,0.0013858466985666642,3.304960951729276e-06,1,2,,0,3.214223948529053e-12,-14.788419739091479,-0.003762155540022673,-0.2162635277263144,0.0013646785993721958,0.0004716056942287199,0.000994722648999487,0.00539703473680184,0.0007912992056484031,0.0007530329006762322,0.12784468223063417,5.066378851822887,0.2074706100986392,0.32313630401215887
735,adam,735,736,1.8577586149106196e-05,1,0.0004716056942287199,0.0001799055151435987,0.001385850553502124,2.298910561178974e-06,1,1,,0,7.343826889885382e-09,-14.788419739091479,-0.0037612879364037743,-0.21626126285157513,0.0013677375743133802,0.0004716056942287199,0.000994722648999487,0.00539703473680184,0.0007912992056484031,0.0007530329006762322,0.12784468223063417,5.066378851822887,0.20747060865747682,0.3231362002479796
736,adam,736,737,1.8391810287615136e-05,1,0.00047168523912035596,0.00017640122174845366,0.001385259630507211,2.4042725369313956e-06,1,2,,0,1.3710984391462087e-11,-14.78835112501947,-0.00376201784728589,-0.21625804808193863,0.0013687781762651316,0.00047168523912035596,0.000994658184146268,0.005396469622716023,0.0007909678914029151,0.0007530004533773378,0.1278427830574085,5.06621266843214,0.2074706012341776,0.32313641841441293
737,adam,737,738,1.8207892184738984e-05,1,0.00047168523912035596,0.0001763938195148684,0.001385269675894198,2.234286989087949e-06,1,1,,0,8.572669827343673e-09,-14.78835112501947,-0.0037632888275077685,-0.21625532176548842,0.001366272537485252,0.00047168523912035596,0.000994658184146268,0.005396469622716023,0.0007909678914029151,0.0007530004533773378,0.1278427830574085,5.06621266843214,0.20747063572181176,0.3231369817377404
738,adam,738,739,1.802581326289159e-05,1,0.00047145879266958894,0.0001968122351441517,0.0019124369082441253,3.0423966286442824e-06,1,2,,0,7.919727244840459e-12,-14.788304850280124,-0.003760305569102702,-0.21625302972614793,0.001360641606795347,0.00047145879266958894,0.0009945438584863188,0.005396088886498617,0.0007907041099248715,0.0007529801963356166,0.12784262428463866,5.06606856588681,0.20747070661582967,0.3231378476911486
739,adam,739,740,1.7845555130262677e-05,1,0.00047145879266958894,0.0001968253464181157,0.0019124665998654644,3.05139914673935e-06,1,1,,0,8.90079816628258e-09,-14.788304850280124,-0.0037624027948844423,-0.21625381127954638,0.0013573846107103357,0.00047145879266958894,0.0009945438584863188,0.005396088886498617,0.0007907041099248715,0.0007529801963356166,0.12784262428463866,5.06606856588681,0.20747072025021415,0.3231387999417414
740,adam,740,741,1.766709957896005e-05,1,0.0004715222832456569,0.00019751954125462728,0.0024685924615993225,3.6728609092976283e-06,1,2,,0,1.2004301745863288e-11,-14.788313076068615,-0.0037584396311582335,-0.216257303877814,0.001356228384698812,0.0004715222832456569,0.0009944345532487454,0.00539579739779036,0.0007906265414347153,0.00075298210408387,0.1278446419338943,5.065999596716454,0.20747068331268798,0.32313982729901575
741,adam,741,742,1.749042858317045e-05,1,0.0004715222832456569,0.00019751837550615825,0.002468572091902716,2.7647508062348757e-06,1,1,,0,7.844501173003985e-09,-14.788313076068615,-0.0037580479646605173,-0.21626128015360108,0.0013590482422720853,0.0004715222832456569,0.0009944345532487454,0.00539579739779036,0.0007906265414347153,0.00075298210408387,0.1278446419338943,5.065999596716454,0.20747058925631168,0.3231403110792137
742,adam,742,743,1.7315524297338745e-05,1,0.00047170707119562755,0.00015581575156362425,0.0011451639376192611,2.8009501587866177e-06,1,2,,0,4.916526931193788e-12,-14.788310077846765,-0.003759680387712581,-0.2162656797149216,0.00136537020948835,0.00047170707119562755,0.0009944016328128195,0.005395483443243286,0.0007906767632855417,0.000752983380246663,0.12784547434679772,5.065955256286124,0.20747044520630634,0.3231403158226196
743,adam,743,744,1.7142369054365355e-05,1,0.00047170707119562755,0.00015581503071415446,0.0011451726587201512,2.1169642075534573e-06,1,1,,0,7.744357672910222e-09,-14.788310077846765,-0.0037569038424416384,-0.21626897490828267,0.0013705570555634643,0.00047170707119562755,0.0009944016328128195,0.005395483443243286,0.0007906767632855417,0.000752983380246663,0.12784547434679772,5.065955256286124,0.20747024913630563,0.3231398659754958
744,adam,744,745,1.6970945363821705e-05,1,0.0004717562290607096,0.00021706977020882355,0.0014793475965268427,2.470989538172678e-06,1,2,,0,5.631235649006157e-12,-14.788265459811065,-0.0037625758527833793,-0.2162712908784726,0.0013747358015725876,0.0004717562290607096,0.0009944472606194176,0.005395379684009312,0.0007907633582860274,0.0007529794113598343,0.1278436428791934,5.065902443013675,0.20747000782810168,0.32313901715334165
745,adam,745,746,1.6801235910183485e-05,1,0.0004717562290607096,0.0002170654883270797,0.0014795362380254065,2.6358649800829873e-06,1,1,,0,6.798329860113386e-09,-14.788265459811065,-0.0037610024676636373,-0.21627083065527916,0.001375230695533045,0.0004717562290607096,0.0009944472606194176,0.005395379684009312,0.0007907633582860274,0.0007529794113598343,0.1278436428791934,5.065902443013675,0.20746987899829403,0.3231380471336407
746,adam,746,747,1.663322355108165e-05,1,0.00047142200305141046,0.00021130699933769438,0.0026832435838587895,3.456954743599229e-06,1,2,,0,9.247696408184697e-12,-14.788179777459494,-0.0037638242998602562,-0.21626792106137466,0.0013724752508410913,0.00047142200305141046,0.000994492725888212,0.005395579967307191,0.0007907740583147108,0.0007529640168355299,0.12783974146881533,5.065824420834118,0.20746984959637188,0.3231369714989213
747,adam,747,748,1.6466891315570834e-05,1,0.00047142200305141046,0.00021131086471655987,0.0026832412417940772,3.3565273879535066e-06,1,1,,0,9.97848101886475e-09,-14.788179777459494,-0.003765767957728757,-0.2162636794385223,0.0013658524867597628,0.00047142200305141046,0.000994492725888212,0.005395579967307191,0.0007907740583147108,0.0007529640168355299,0.12783974146881533,5.065824420834118,0.20746999865673516,0.32313633336737946
748,adam,748,749,1.6302222402415126e-05,1,0.0004717484974567439,0.00021366125446081787,0.0017222727274177198,3.877439068991762e-06,1,2,,0,7.969900827077197e-12,-14.788102216720842,-0.00376163958572958,-0.2162582656704009,0.001355829426622469,0.0004717484974567439,0.0009944697037686733,0.005395978665012974,0.0007907339527238995,0.0007529455307965581,0.12783700177301655,5.06575927556782,0.20747030424988638,0.3231360805084373
749,adam,749,750,1.6139200178390973e-05,1,0.0004717484974567439,0.00021366411030216372,0.0017223313312947647,2.5662833489172393e-06,1,1,,0,7.643241119469885e-09,-14.788102216720842,-0.0037650506943197066,-0.21625645650674769,0.0013493883884520615,0.0004717484974567439,0.0009944697037686733,0.005395978665012974,0.0007907339527238995,0.0007529455307965581,0.12783700177301655,5.06575927556782,0.2074706078665822,0.32313618221833995
750,adam,750,751,1.5977808176607064e-05,1,0.00047206618626911,0.00023901125850089093,0.0022617719412686855,2.0652044320298597e-06,1,2,,0,4.724635074713146e-12,-14.788084869695437,-0.00375848248899606,-0.21625782774985733,0.00134611642233826,0.00047206618626911,0.0009944011378380882,0.00539599875357845,0.0007906548262224277,0.0007529315838282429,0.1278369119641919,5.065702520705962,0.2074709090526746,0.3231365958858383
751,adam,751,752,1.5818030094840994e-05,1,0.00047206618626911,0.0002390051820031783,0.0022614624055797205,2.117262379143255e-06,1,1,,0,6.847547416464564e-09,-14.788084869695437,-0.0037594552938766423,-0.21626137325609987,0.0013464392414305438,0.00047206618626911,0.0009944011378380882,0.00539599875357845,0.0007906548262224277,0.0007529315838282429,0.1278369119641919,5.065702520705962,0.2074711210342955,0.3231371891409684
752,adam,752,753,1.5659849793892583e-05,1,0.0004714276175522431,0.00021925079977563696,0.0029098067454526775,2.9200149961902107e-06,1,2,,0,4.0933404646519866e-12,-14.788100975156564,-0.0037578553345586903,-0.2162668338241354,0.0013499332117009172,0.0004714276175522431,0.0009943366205955933,0.005395574890740312,0.0007906134116359947,0.0007529267330347201,0.12783909878022928,5.065646084942395,0.2074712541924675,0.32313793987720735
753,adam,753,754,1.5503251295953658e-05,1,0.00047130006843667393,0.0002012824702796891,0.0018730768846452737,3.505380244530246e-06,1,2,,0,1.8918806297397564e-12,-14.788111907361516,-0.00375892441425374,-0.21627309326406366,0.0013558063884809893,0.00047130006843667393,0.0009943191880409802,0.005395267705472417,0.0007906255421018529,0.000752928405611559,0.12784058033342294,5.06562037854433,0.20747129689906457,0.3231386827623882
754,adam,754,755,1.5348218782994118e-05,1,0.00047130006843667393,0.00020128206917944521,0.0018732733784235245,2.79293414092903e-06,1,1,,0,9.597173811455226e-09,-14.788111907361516,-0.0037549387479921784,-0.21627554293243417,0.0013625017601089876,0.00047130006843667393,0.0009943191880409802,0.005395267705472417,0.0007906255421018529,0.000752928405611559,0.12784058033342294,5.06562037854433,0.20747120050107337,0.323138977761988
755,adam,755,756,1.5194736595164179e-05,1,0.00047171045033415383,0.00023430442281063013,0.0019090497727126956,2.6337275185545596e-06,1,2,,0,8.534039192413254e-12,-14.788067030602758,-0.0037632219842521656,-0.21627463189255688,0.0013699166365454224,0.00047171045033415383,0.0009943193047056479,0.0053948551379234,0.0007906695847365848,0.0007529262684835192,0.1278414122203555,5.0655305586597255,0.20747098177361128,0.32313887784223716
756,adam,756,757,1.5042789229212538e-05,1,0.00047171045033415383,0.00023430646208591415,0.0019091791289357078,1.8132352930709287e-06,1,1,,0,6.266120136744172e-09,-14.788067030602758,-0.003759666812756788,-0.21627128810657725,0.0013740572114933904,0.00047171045033415383,0.0009943193047056479,0.0053948551379234,0.0007906695847365848,0.0007529262684835192,0.1278414122203555,5.0655305586597255,0.20747085323242004,0.3231385772323968
757,adam,757,758,1.489236133692041e-05,1,0.0004715308387195786,0.00021760564376682983,0.0024978646333440463,2.042266780431169e-06,1,2,,0,4.132739919391438e-12,-14.787987368174544,-0.0037667498637980507,-0.21626580203802734,0.0013753038214678692,0.0004715308387195786,0.0009943282348232713,0.005394738952940027,0.0007906954218351036,0.0007529188200127295,0.12783967554066014,5.065441529931963,0.2074708044718085,0.3231380999846292
758,adam,758,759,1.4743437723551208e-05,1,0.0004715308387195786,0.00021761533172982375,0.0024981866191179,2.4907322304182085e-06,1,1,,0,9.613933633821195e-09,-14.787987368174544,-0.003766457253682845,-0.21625995431256356,0.0013727264920622559,0.0004715308387195786,0.0009943282348232713,0.005394738952940027,0.0007906954218351036,0.0007529188200127295,0.12783967554066014,5.065441529931963,0.20747085784270164,0.32313771161007065
759,adam,759,760,1.4596003346315696e-05,1,0.00047151875602093307,0.00024311596730297027,0.002185346788198761,3.331356711329361e-06,1,2,,0,4.751891858230076e-12,-14.787913930779208,-0.0037671748385634295,-0.21625379289880778,0.0013667831836545613,0.00047151875602093307,0.0009943220898570918,0.005394894069466859,0.0007906685596238167,0.0007529073090236904,0.12783711148168675,5.0653793824576,0.2074710013577556,0.32313740179799133
760,adam,760,761,1.4450043312852539e-05,1,0.00047151875602093307,0.00024311727982174837,0.0021854336981242525,2.52460593434249e-06,1,1,,0,8.419405641292902e-09,-14.787913930779208,-0.0037694992348295026,-0.21625197010720978,0.0013607509557507743,0.00047151875602093307,0.0009943220898570918,0.005394894069466859,0.0007906685596238167,0.0007529073090236904,0.12783711148168675,5.0653793824576,0.20747117339628768,0.32313747734616916
761,adam,761,762,1.4305542879724013e-05,1,0.0004717541246199901,0.00024232120550007902,0.0020919327847803647,2.3410799090274534e-06,1,2,,0,3.716032437948919e-12,-14.78790425926883,-0.0037647220969903757,-0.21625396804214686,0.0013546452687995157,0.0004717541246199901,0.0009943027918536363,0.005394881375968098,0.0007905728766840241,0.000752897954241232,0.12783683462643178,5.06535993335779,0.20747137020831719,0.32313789215196903
762,adam,762,763,1.4162487450926773e-05,1,0.0004717541246199901,0.00024231987658225994,0.0020918598935789506,2.1164731594955906e-06,1,1,,0,7.299057895428993e-09,-14.78790425926883,-0.0037677017327671035,-0.21625907217397838,0.0013517700737500527,0.0004717541246199901,0.0009943027918536363,0.005394881375968098,0.0007905728766840241,0.000752897954241232,0.12783683462643178,5.06535993335779,0.20747151315471946,0.3231384501879793
763,adam,763,764,1.4020862576417504e-05,1,0.00047152884038529394,0.00021196259289055021,0.002617773099144892,2.5224823704572116e-06,1,2,,0,4.158835350674056e-12,-14.787961895843289,-0.003761115520620441,-0.21626690572604965,0.0013517479612945274,0.00047152884038529394,0.0009942854960377078,0.005394566387922023,0.0007904692388440771,0.0007528949246702499,0.12783870639027,5.065366198409969,0.20747160842629261,0.32313913392417254
764,adam,764,765,1.388065395065333e-05,1,0.00047152884038529394,0.0002119535727197378,0.0026174784901764753,2.4915304508856266e-06,1,1,,0,9.866694812023145e-09,-14.787961895843289,-0.003761956766007314,-0.2162740698213024,0.0013548245643904035,0.00047152884038529394,0.0009942854960377078,0.005394566387922023,0.0007904692388440771,0.0007528949246702499,0.12783870639027,5.065366198409969,0.20747168458041698,0.32313969094955913
765,adam,765,766,1.3741847411146797e-05,1,0.0004716391740892229,0.0002701438650519349,0.002586415655861061,2.9643346751784557e-06,1,2,,0,5.8604270494902974e-12,-14.788019399711967,-0.0037602864306413263,-0.21628063520737068,0.0013606297719707108,0.0004716391740892229,0.0009942838631888532,0.00539404332549526,0.0007904547652646182,0.0007528950147274426,0.12784070217339316,5.065368983658492,0.20747174336890478,0.3231401362746371
766,adam,766,767,1.3604428937035329e-05,1,0.0004716391740892229,0.000270139497500927,0.0025864238214023776,1.9694717121951935e-06,1,1,,0,6.5180780167812845e-09,-14.788019399711967,-0.003758698114954414,-0.21628235660973827,0.0013653748546853112,0.0004716391740892229,0.0009942838631888532,0.00539404332549526,0.0007904547652646182,0.0007528950147274426,0.12784070217339316,5.065368983658492,0.20747182378789847,0.3231402471610224
767,adam,767,768,1.3468384647664975e-05,1,0.00047177804733927774,0.00028045262061181025,0.0025528672560825305,1.8208022115817082e-06,1,2,,0,3.826862991418082e-12,-14.788012951486852,-0.003762103309056527,-0.21627981999645138,0.0013691782060922934,0.00047177804733927774,0.0009942718667813313,0.005393697413696162,0.0007905292210244478,0.0007528917299819269,0.12784041505799973,5.065334516145186,0.20747192333124156,0.32314006331413425
768,adam,768,769,1.3333700801188325e-05,1,0.00047177804733927774,0.0002804512887565538,0.0025530834556705797,2.2209045628460496e-06,1,1,,0,7.906025359774663e-09,-14.788012951486852,-0.0037596940127513764,-0.21627383198641056,0.0013694103567211515,0.00047177804733927774,0.0009942718667813313,0.005393697413696162,0.0007905292210244478,0.0007528917299819269,0.12784041505799973,5.065334516145186,0.20747202611900592,0.3231396652906669
769,adam,769,770,1.3200363793176441e-05,1,0.00047128455686550546,0.0001999563379746625,0.001733962681351584,2.994152829951021e-06,1,2,,0,5.110930987702126e-12,-14.787933271477284,-0.0037654905143274828,-0.21626481679114043,0.0013664945206463546,0.00047128455686550546,0.0009942347261294733,0.005393633253158626,0.0007906159729015871,0.0007528817717021224,0.12783773376712912,5.065252367442391,0.20747213164694334,0.32313907900245004
770,adam,770,771,1.3068360155244677e-05,1,0.0004712964780109616,0.00019153527691423097,0.0019620135374022627,2.789307605799967e-06,1,2,,0,1.3730081997935045e-12,-14.787878703560184,-0.0037666489772343824,-0.21625584465041023,0.0013629441183418988,0.0004712964780109616,0.000994212141965855,0.005393691982535943,0.0007906196306157982,0.0007528747956273418,0.12783620695449846,5.065191954941809,0.20747214204750752,0.3231385391548364
771,adam,771,772,1.293767655369223e-05,1,0.0004712964780109616,0.00019152305095730503,0.001961174872255362,2.079517532261034e-06,1,1,,0,8.939977703639951e-09,-14.787878703560184,-0.003766157007851097,-0.21624961501179538,0.0013602333720587876,0.0004712964780109616,0.000994212141965855,0.005393691982535943,0.0007906196306157982,0.0007528747956273418,0.12783620695449846,5.065191954941809,0.20747211036055763,0.3231382088541943
772,adam,772,773,1.2808299788155307e-05,1,0.0004716949475717918,0.0002587874576788901,0.0024429204182798312,1.928709806062207e-06,1,2,,0,5.488461030144243e-12,-14.78777667679054,-0.003767284796279841,-0.21624581272313304,0.001358267105045844,0.0004716949475717918,0.0009941531382727307,0.00539376000118045,0.0007904767405461935,0.0007528550320797751,0.1278344458153147,5.065042032234365,0.20747204136994066,0.32313806349091917
773,adam,773,774,1.2680216790273755e-05,1,0.0004716949475717918,0.00025879344470892,0.002442946117603141,1.6303672011698877e-06,1,1,,0,5.02154221172666e-09,-14.78777667679054,-0.0037680288320020424,-0.2162461354411027,0.0013574054629930314,0.0004716949475717918,0.0009941531382727307,0.00539376000118045,0.0007904767405461935,0.0007528550320797751,0.1278344458153147,5.065042032234365,0.20747198657775137,0.32313821108422486
774,adam,774,775,1.2553414622371016e-05,1,0.0004714322540743806,0.0002453414694280784,0.002145428412334098,2.037848721899149e-06,1,2,,0,5.939018654903746e-12,-14.787740147399958,-0.003766009082068753,-0.2162500835888189,0.0013575207334893076,0.0004714322540743806,0.0009941070398292741,0.005393685262785616,0.0007902961303501503,0.0007528426221752717,0.12783513795396903,5.06493930019356,0.2074719442120139,0.32313861648291453
775,adam,775,776,1.2427880476147307e-05,1,0.0004714322540743806,0.0002453433925514546,0.0021452872269396963,2.4380811897548807e-06,1,1,,0,8.621970632097058e-09,-14.787740147399958,-0.003767241646576124,-0.21625668670206433,0.0013583761820112263,0.0004714322540743806,0.0009941070398292741,0.005393685262785616,0.0007902961303501503,0.0007528426221752717,0.12783513795396903,5.06493930019356,0.20747197715535493,0.32313915145628774
776,adam,776,777,1.2303601671385834e-05,1,0.0004713628409853064,0.00019663047759327484,0.0021483620569115944,3.013998601443046e-06,1,2,,0,4.594654350182129e-12,-14.787793914982306,-0.0037639747238638454,-0.21626561908782224,0.0013598848025381405,0.0004713628409853064,0.000994100509216214,0.005393442347349356,0.0007902045340765215,0.0007528402384777841,0.12783734445436012,5.064926654009645,0.20747207646715565,0.32313979994779773
777,adam,777,778,1.2180565654671974e-05,1,0.0004713628409853064,0.0001966400088561211,0.0021490907229239084,2.1269519924029925e-06,1,1,,0,8.381101505852455e-09,-14.787793914982306,-0.0037642929600055146,-0.21627158271818495,0.0013608233782480188,0.0004713628409853064,0.000994100509216214,0.005393442347349356,0.0007902045340765215,0.0007528402384777841,0.12783734445436012,5.064926654009645,0.20747223534776532,0.323140298239505
778,adam,778,779,1.2058759998125255e-05,1,0.0004717438484409007,0.00024854832269708435,0.0023226862579542166,1.7692082938613097e-06,1,2,,0,3.835713785256234e-12,-14.787866264427487,-0.0037637742379483543,-0.21627492085108396,0.0013612572830680391,0.0004717438484409007,0.0009941389644666087,0.005393243833298586,0.0007903007271357392,0.0007528452906461301,0.12783863567466378,5.064981938068999,0.20747244668501402,0.32314066332415636
779,adam,779,780,1.1938172398144002e-05,1,0.0004717438484409007,0.0002485520036316549,0.002322716147569977,1.5560246924725036e-06,1,1,,0,4.998331728514216e-09,-14.787866264427487,-0.003762772360605345,-0.21627489350176807,0.0013596126923612502,0.0004717438484409007,0.0009941389644666087,0.005393243833298586,0.0007903007271357392,0.0007528452906461301,0.12783863567466378,5.064981938068999,0.20747264300870055,0.323140782456605
780,adam,780,781,1.1818790674162561e-05,1,0.0004715388447540776,0.00022855848104108922,0.0019721568473148546,2.0122232147094626e-06,1,2,,0,8.540339618252156e-12,-14.78790170022259,-0.003765513399281203,-0.21627190398312784,0.001356136318631666,0.0004715388447540776,0.0009941935449499018,0.005393214682202822,0.0007905218525825306,0.0007528526357590915,0.1278378185919522,5.065047383234326,0.20747282600056433,0.32314068467294454
781,adam,781,782,1.1700602767420937e-05,1,0.0004715388447540776,0.0002285538490317119,0.0019723216481463586,2.1881534796937606e-06,1,1,,0,7.820208387052888e-09,-14.78790170022259,-0.003764214158234465,-0.21626660934446373,0.0013531865096312057,0.0004715388447540776,0.0009941935449499018,0.005393214682202822,0.0007905218525825306,0.0007528526357590915,0.1278378185919522,5.065047383234326,0.20747291982660734,0.3231403851687829
782,adam,782,783,1.1583596739746725e-05,1,0.0004711111409392574,0.00017123904160396548,0.0030029230188525474,2.6595175836800714e-06,1,2,,0,6.48965878227231e-12,-14.787877486061523,-0.0037676568544204527,-0.2162592904350486,0.001350705256622986,0.0004711111409392574,0.0009942319658778724,0.0053932428900758675,0.0007906771895226337,0.0007528527380331539,0.12783526459846498,5.065042473340153,0.20747293511079506,0.3231399082454691
783,adam,783,784,1.1467760772349259e-05,1,0.0004711111409392574,0.00017122495032280175,0.0030024662372177824,2.388797473689978e-06,1,1,,0,9.070409489454449e-09,-14.787877486061523,-0.0037671497764435874,-0.21625218960425363,0.0013509982849399548,0.0004711111409392574,0.0009942319658778724,0.0053932428900758675,0.0007906771895226337,0.0007528527380331539,0.12783526459846498,5.065042473340153,0.20747285808848753,0.32313943150184565
784,adam,784,785,1.1353083164625766e-05,1,0.00047161702688887667,0.00025861583863263834,0.002367597256852735,2.4220400874792687e-06,1,2,,0,3.553144295183474e-12,-14.787782584028253,-0.0037684352106140927,-0.21624528859047668,0.0013537368974127254,0.00047161702688887667,0.0009942139791898749,0.005393245137452213,0.0007906103105817612,0.0007528348150760411,0.1278326668466819,5.0649205533029615,0.20747269978082405,0.323138955558829
785,adam,785,786,1.1239552332979509e-05,1,0.00047161702688887667,0.00025860436850027777,0.002367651339316348,1.8115087303278723e-06,1,1,,0,5.642187391826201e-09,-14.787782584028253,-0.003768651099637756,-0.21624209698975574,0.0013575204066925133,0.00047161702688887667,0.0009942139791898749,0.005393245137452213,0.0007906103105817612,0.0007528348150760411,0.1278326668466819,5.0649205533029615,0.20747251329454905,0.32313875358409533
786,adam,786,787,1.1127156809649713e-05,1,0.0004716989911684954,0.0002385723537177049,0.0020776580408381827,1.8497331442365916e-06,1,2,,0,7.291331975387717e-12,-14.787688661075471,-0.0037678771267984873,-0.21624217325033696,0.0013622226568974593,0.0004716989911684954,0.0009941558931168156,0.005393078431287611,0.0007903840044307683,0.0007528110913505657,0.12783205924566474,5.06475660365247,0.2074723021643638,0.3231387932129796
787,adam,787,788,1.1015885241553217e-05,1,0.0004716989911684954,0.0002385770562677101,0.0020775913003218045,1.8540571024355077e-06,1,1,,0,5.980655056445575e-09,-14.787688661075471,-0.0037687308190510163,-0.2162452693009095,0.001366303742835859,0.0004716989911684954,0.0009941558931168156,0.005393078431287611,0.0007903840044307683,0.0007528110913505657,0.12783205924566474,5.06475660365247,0.2074721346816356,0.32313905128557896
788,adam,788,789,1.0905726389137684e-05,1,0.00047132754417402437,0.00019948408964153076,0.0022905825897971705,2.2640778079566417e-06,1,2,,0,8.165214766326519e-12,-14.787657742976112,-0.003766031322950475,-0.21625101759373333,0.0013698320295885762,0.00047132754417402437,0.0009940918516883398,0.005392803321022783,0.0007901741014111437,0.0007527984036265385,0.12783357812091356,5.0646484016141615,0.2074720056897955,0.32313950161743676
789,adam,789,790,1.0796669125246308e-05,1,0.00047132754417402437,0.00019949346207608583,0.0022908095170981442,2.2898074130494466e-06,1,1,,0,8.958842537342265e-09,-14.787657742976112,-0.0037673757305397575,-0.21625854416864693,0.0013718867270225562,0.00047132754417402437,0.0009940918516883398,0.005392803321022783,0.0007901741014111437,0.0007527984036265385,0.12783357812091356,5.0646484016141615,0.20747204340227862,0.3231400857802437
790,adam,790,791,1.0688702433993845e-05,1,0.00047147418052445383,0.0002620558778200839,0.0023792419210542717,2.568531373839394e-06,1,2,,0,4.584773845377018e-12,-14.787722965558668,-0.003763960993248263,-0.2162676287153909,0.0013726377827777175,0.00047147418052445383,0.0009940575430914848,0.0053924640834840986,0.0007901024544553682,0.0007528024108425321,0.12783586007471082,5.064644041989562,0.20747222796703357,0.3231407871691901
791,adam,791,792,1.0581815409653906e-05,1,0.00047147418052445383,0.0002620696350609458,0.0023803309805810646,1.916421853699665e-06,1,1,,0,7.054006845907308e-09,-14.787722965558668,-0.0037647189736237747,-0.2162741752633544,0.0013706977976699363,0.00047147418052445383,0.0009940575430914848,0.0053924640834840986,0.0007901024544553682,0.0007528024108425321,0.12783586007471082,5.064644041989562,0.2074724820064781,0.32314128137832976
792,adam,792,793,1.0475997255557366e-05,1,0.00047167223797375986,0.00025646167270908704,0.002466490677060871,1.8298739534437442e-06,1,2,,0,5.546706447470593e-12,-14.787814682058004,-0.0037636527185453614,-0.21627847507342454,0.0013663880251981644,0.00047167223797375986,0.0009940709314639623,0.005392305761860295,0.0007902270529034717,0.0007528169498373934,0.12783686706219594,5.064713775919814,0.20747279690607984,0.3231415923486528
793,adam,793,794,1.0371237283001793e-05,1,0.00047167223797375986,0.0002564640596339986,0.002466538440086287,1.7539485986235896e-06,1,1,,0,4.9822261584051754e-09,-14.787814682058004,-0.0037632904015361818,-0.21627948103833547,0.0013611404544550763,0.00047167223797375986,0.0009940709314639623,0.005392305761860295,0.0007902270529034717,0.0007528169498373934,0.12783686706219594,5.064713775919814,0.20747309202293776,0.32314165089380775
794,adam,794,795,1.0267524910171774e-05,1,0.00047143582038647346,0.00022350809967065498,0.0018397389142854625,2.1117981551500418e-06,1,2,,0,6.969887192312989e-12,-14.787859697239126,-0.0037651382838257063,-0.21627758840570518,0.001355070103348972,0.00047143582038647346,0.000994100440811844,0.005392329565355715,0.0007904275808823511,0.0007528286278653138,0.1278358912308705,5.064776285530539,0.20747336941913258,0.3231414870047947
795,adam,795,796,1.0164849661070057e-05,1,0.00047143582038647346,0.00022350128685052364,0.0018398776861365926,2.1777809002494926e-06,1,1,,0,7.638230673453674e-09,-14.787859697239126,-0.0037637040926897826,-0.21627315436701217,0.0013512552940871119,0.00047143582038647346,0.000994100440811844,0.005392329565355715,0.0007904275808823511,0.0007528286278653138,0.1278358912308705,5.064776285530539,0.20747356569676356,0.32314107738933606
796,adam,796,797,1.0063201164459356e-05,1,0.00047126699423900067,0.00021612004928689324,0.002916264813031328,2.489658698344817e-06,1,2,,0,7.632077199544494e-12,-14.787819580510613,-0.003767779807586646,-0.2162664903380142,0.0013494354718059974,0.00047126699423900067,0.0009941203615752307,0.00539241235256823,0.0007905430858331011,0.0007528226653708554,0.12783301014481105,5.0647557487956245,0.20747369038710228,0.3231404518291112
797,adam,797,798,9.962569152814763e-06,1,0.00047126699423900067,0.00021610983265457116,0.0029158298528858487,1.9798248264788363e-06,1,1,,0,7.284933795435644e-09,-14.787819580510613,-0.0037663531922396375,-0.21626037384638233,0.001350173169327037,0.00047126699423900067,0.0009941203615752307,0.00539241235256823,0.0007905430858331011,0.0007528226653708554,0.12783301014481105,5.0647557487956245,0.20747366614461044,0.32313978127075743
798,adam,798,799,9.862943461286614e-06,1,0.0004715211680426712,0.00025780396902462093,0.0021267654438063867,1.9130702692734802e-06,1,2,,0,3.522663120816792e-12,-14.787717539891123,-0.0037692629056115977,-0.2162547472452518,0.0013531644959689855,0.0004715211680426712,0.0009941046759309265,0.005392429265763768,0.0007904664770556624,0.0007527995028693504,0.12783018922752692,5.064642939071879,0.20747351066805322,0.32313907229389005
799,adam,799,800,9.76431402667375e-06,1,0.0004715211680426712,0.0002577878724491506,0.0021268107337528153,1.641145425036186e-06,1,1,,0,5.465038792965426e-09,-14.787717539891123,-0.003768651484390685,-0.21625129284803765,0.0013572342741151827,0.0004715211680426712,0.0009941046759309265,0.005392429265763768,0.0007904664770556624,0.0007527995028693504,0.12783018922752692,5.064642939071879,0.20747333082975308,0.3231386453889421
800,adam,800,801,9.666670886407011e-06,1,0.00047146203257583197,0.00022974212753946844,0.001843150372976421,1.8390229040708145e-06,1,2,,0,6.868422666488524e-12,-14.787615963426044,-0.0037691573362563747,-0.21624975864952822,0.0013622519941835457,0.00047146203257583197,0.0009940535019703613,0.005392271569439367,0.0007902420984911435,0.0007527689313083096,0.12782918503169796,5.064487854807671,0.20747312969257278,0.32313846750361497
801,adam,801,802,9.57000417754294e-06,1,0.00047146203257583197,0.0002297487560508346,0.0018431126321555025,1.8167321572622484e-06,1,1,,0,6.355654280745516e-09,-14.787615963426044,-0.003769416144169745,-0.2162507335669053,0.0013660187060529658,0.00047146203257583197,0.0009940535019703613,0.005392271569439367,0.0007902420984911435,0.0007527689313083096,0.12782918503169796,5.064487854807671,0.2074729685199601,0.32313860979929665
802,adam,802,803,9.474304135767512e-06,1,0.0004713149271600685,0.00019562224122627488,0.0023366124046387765,2.0821930441692223e-06,1,2,,0,4.6722364537808926e-12,-14.787578975839024,-0.003767781373126731,-0.21625391648907039,0.001368676487965412,0.0004713149271600685,0.0009940023696028506,0.00539200823620404,0.0007900489963361063,0.0007527497733266253,0.12783046642402326,5.064385772542272,0.20747284261178797,0.3231390338654216
803,adam,803,804,9.379561094409836e-06,1,0.0004713149271600685,0.00019562678435796786,0.002336808773475055,1.9117697450652566e-06,1,1,,0,6.5193142592890865e-09,-14.787578975839024,-0.003769381536849547,-0.21625788693377243,0.001368696857470293,0.0004713149271600685,0.0009940023696028506,0.00539200823620404,0.0007900489963361063,0.0007527497733266253,0.12783046642402326,5.064385772542272,0.20747279624124337,0.32313966657179377
804,adam,804,805,9.285765483465738e-06,1,0.00047143802777832973,0.00025511248225341314,0.0022980144188569124,2.0574747072151252e-06,1,2,,0,6.4614381383059806e-12,-14.787619240706519,-0.0037653181130329347,-0.21626254863577665,0.0013663930053845741,0.00047143802777832973,0.000993971640858467,0.005391809234614323,0.0007899989270101559,0.0007527517045450261,0.1278332071608105,5.064377340292429,0.20747281989467745,0.32314048197018347
805,adam,805,806,9.192907828631079e-06,1,0.00047143802777832973,0.00025512599879358254,0.002298916361079515,1.666471671959473e-06,1,1,,0,4.951148351675856e-09,-14.787619240706519,-0.003767316555155089,-0.21626571040800688,0.0013619425653641928,0.00047143802777832973,0.000993971640858467,0.005391809234614323,0.0007899989270101559,0.0007527517045450261,0.1278332071608105,5.064377340292429,0.20747292648949056,0.3231411608892772
806,adam,806,807,9.10097875034477e-06,1,0.00047143802777832973,0.00025514605208169555,0.0023001954531765563,1.7713182853693678e-06,1,1,,0,9.950365189456495e-09,-14.787619240706519,-0.0037689998118155365,-0.2162675444761513,0.0013556063977133482,0.00047143802777832973,0.000993971640858467,0.005391809234614323,0.0007899989270101559,0.0007527517045450261,0.1278332071608105,5.064377340292429,0.2074731060164519,0.32314171860701285
807,adam,807,808,9.009968962841322e-06,1,0.00047131838185884075,0.00022317126440984535,0.0018498080816365665,2.1742599028751588e-06,1,2,,0,1.199988909341069e-11,-14.787737914810931,-0.0037634956096762985,-0.21626820427219134,0.0013476166575547936,0.00047131838185884075,0.000993988592173432,0.005391692642071168,0.0007902268446331903,0.0007527805861646353,0.1278353790386584,5.064488449240629,0.20747334957549177,0.32314216874218554
808,adam,808,809,8.919869273212909e-06,1,0.00047131838185884075,0.00022316601953718896,0.001849886531496662,1.8888826457524046e-06,1,1,,0,6.9064097697138e-09,-14.787737914810931,-0.0037639773213464576,-0.216266843168161,0.001342355801237838,0.00047131838185884075,0.000993988592173432,0.005391692642071168,0.0007902268446331903,0.0007527805861646353,0.1278353790386584,5.064488449240629,0.20747352719107556,0.32314228427568614
809,adam,809,810,8.830670580480779e-06,1,0.0004714273279869791,0.00023544018828892878,0.0031653391577998987,1.937488247133552e-06,1,2,,0,5.110375888145495e-12,-14.787769663951623,-0.003764379326121696,-0.21626370313579987,0.0013395072998309274,0.0004714273279869791,0.0009940284783147384,0.005391725780573533,0.0007904211477348976,0.0007527957422601871,0.12783445136189892,5.064542140478671,0.20747364655689765,0.3231421050650825
810,adam,810,811,8.74236387467597e-06,1,0.0004714273279869791,0.00023544103329707172,0.0031655839446392366,1.6308368852379559e-06,1,1,,0,5.968095292049636e-09,-14.787769663951623,-0.0037627046769603306,-0.21626006476329285,0.0013394871140492682,0.0004714273279869791,0.0009940284783147384,0.005391725780573533,0.0007904211477348976,0.0007527957422601871,0.12783445136189892,5.064542140478671,0.20747369654187814,0.32314172492528404
811,adam,811,812,8.654940235929212e-06,1,0.0004714556770713961,0.0002521351067982601,0.0028248652250487827,1.7578943651490498e-06,1,2,,0,4.49183182679705e-12,-14.787715711517736,-0.003767161511863878,-0.2162559900801923,0.001341956791444392,0.0004714556770713961,0.0009940521074519569,0.005391695963834361,0.0007904642360298336,0.0007527891205287836,0.12783199560547032,5.064496709204183,0.2074736855002784,0.3231411685291469
812,adam,812,813,8.56839083356992e-06,1,0.0004714556770713961,0.00025211716189677956,0.002823887158625098,1.6023245828710113e-06,1,1,,0,4.852377072118181e-09,-14.787715711517736,-0.0037643382256464315,-0.2162531764305562,0.0013462548967517734,0.0004714556770713961,0.0009940521074519569,0.005391695963834361,0.0007904642360298336,0.0007527891205287836,0.12783199560547032,5.064496709204183,0.20747359998004292,0.3231406562149957
813,adam,813,814,8.48270692523422e-06,1,0.00047127738328536073,0.00025618884209084185,0.0022993146750966598,1.8050463139535307e-06,1,2,,0,6.465420415329687e-12,-14.787612681862855,-0.003769726776349812,-0.21625147934217853,0.00135215936847467,0.00047127738328536073,0.0009940431817471907,0.005391607610227998,0.0007903318954586497,0.000752766228290998,0.1278298730157928,5.0643746536713445,0.20747344902989628,0.3231401835111325
814,adam,814,815,8.397879855981878e-06,1,0.00047127738328536073,0.00025617984146259984,0.0022992870693836136,1.9178860611351268e-06,1,1,,0,6.381039083817204e-09,-14.787612681862855,-0.0037675726951430003,-0.2162520978900266,0.0013588361157700379,0.00047127738328536073,0.0009940431817471907,0.005391607610227998,0.0007903318954586497,0.000752766228290998,0.1278298730157928,5.0643746536713445,0.20747329263392023,0.3231399014882879
815,adam,815,816,8.313901057422059e-06,1,0.0004711435450880667,0.00019032249497428992,0.0022707250861630085,2.2246608768572164e-06,1,2,,0,6.828464192248414e-12,-14.787531060478674,-0.0037707954491642518,-0.21625475394882107,0.001366187452475769,0.0004711435450880667,0.0009940159234098642,0.005391419693539958,0.000790126078193779,0.0007527430324044502,0.1278293003274711,5.064250783515206,0.2074731315924244,0.3231397878447348
816,adam,816,817,8.230762046847837e-06,1,0.0004711435450880667,0.00019032716412773499,0.0022708251978099557,1.6904467473978942e-06,1,1,,0,6.534660002406354e-09,-14.787531060478674,-0.0037703186254611633,-0.21625794835127116,0.0013711386276552286,0.0004711435450880667,0.0009940159234098642,0.005391419693539958,0.000790126078193779,0.0007527430324044502,0.1278293003274711,5.064250783515206,0.20747306935138732,0.3231399560229397
817,adam,817,818,8.14845442637936e-06,1,0.0004714354524138682,0.0002754630938327407,0.0028334569437322055,1.5565065588532655e-06,1,2,,0,2.605111701721679e-12,-14.787502140010467,-0.003770104001185295,-0.216261614971151,0.00137396678827328,0.0004714354524138682,0.0009939716319579096,0.005391258899430566,0.0007899808120245475,0.0007527296863225497,0.12783037539832998,5.064180209267891,0.20747309385428245,0.3231403715442603
818,adam,818,819,8.066969882115566e-06,1,0.0004714354524138682,0.0002754591720625595,0.0028331164454899983,1.3082332961024568e-06,1,1,,0,4.064099802511806e-09,-14.787502140010467,-0.003771702077816652,-0.21626437833214482,0.0013735192605613593,0.0004714354524138682,0.0009939716319579096,0.005391258899430566,0.0007899808120245475,0.0007527296863225497,0.12783037539832998,5.064180209267891,0.20747318157123323,0.32314080166519266
819,adam,819,820,7.98630018329441e-06,1,0.0004714354524138682,0.00027546092758523274,0.002832756208788715,1.58730304411102e-06,1,1,,0,7.94317750720184e-09,-14.787502140010467,-0.003774260774112317,-0.2162663410127596,0.0013701944832918349,0.0004714354524138682,0.0009939716319579096,0.005391258899430566,0.0007899808120245475,0.0007527296863225497,0.12783037539832998,5.064180209267891,0.20747332454641562,0.3231412436507963
820,adam,820,821,7.906437181461466e-06,1,0.00047118527773254947,0.0002332218898853596,0.002088951258598972,2.081912401153963e-06,1,2,,0,9.253780972296959e-12,-14.787543521457083,-0.0037665718266231578,-0.21626759441119897,0.0013643464111027822,0.00047118527773254947,0.0009939064539846252,0.005391276985710575,0.0007900029736424745,0.0007527343783811997,0.12783260412477626,5.0641987079591475,0.20747351574150508,0.32314169512809887
821,adam,821,822,7.827372809646852e-06,1,0.00047118527773254947,0.0002332303418963032,0.0020889865366648564,2.0409165816851376e-06,1,1,,0,6.510729047180285e-09,-14.787543521457083,-0.0037694190731386804,-0.21626719018129584,0.0013581135574949246,0.00047118527773254947,0.0009939064539846252,0.005391276985710575,0.0007900029736424745,0.0007527343783811997,0.12783260412477626,5.0641987079591475,0.20747370333543047,0.32314196963622216
822,adam,822,823,7.749099081550383e-06,1,0.0004711895137499983,0.00018492632032928697,0.002657048609116288,2.1903825410393768e-06,1,2,,0,6.4985609723235076e-12,-14.787584064800336,-0.003764753383758627,-0.21626532501371998,0.0013515474761315444,0.0004711895137499983,0.0009938920346824,0.005391352979700326,0.0007901349064600873,0.0007527469325058716,0.12783287996382542,5.064250360757919,0.20747388758689267,0.32314208779540654
823,adam,823,824,7.671608090734879e-06,1,0.0004711895137499983,0.000184923844044768,0.002656945258453405,1.6291390942385939e-06,1,1,,0,5.9788045736052125e-09,-14.787584064800336,-0.003765835192030832,-0.21626300419893105,0.0013473143662512883,0.0004711895137499983,0.0009938920346824,0.005391352979700326,0.0007901349064600873,0.0007527469325058716,0.12783287996382542,5.064250360757919,0.20747398464435401,0.3231419735161611
824,adam,824,825,7.59489200982753e-06,1,0.00047146231148270494,0.0002616493666933961,0.003947626504922951,1.3920433167515854e-06,1,2,,0,2.8618283343342816e-12,-14.787594314434699,-0.0037649643337482716,-0.21626028334906428,0.0013451433244137984,0.00047146231148270494,0.0009939093291647773,0.005391365741370351,0.0007902604555818546,0.0007527547989334088,0.12783176024960208,5.064272298986782,0.20747400495428064,0.32314165498100283
825,adam,825,826,7.518943089729256e-06,1,0.00047146231148270494,0.0002616580039155081,0.003947971794312062,1.117455852225028e-06,1,1,,0,3.7169601566483136e-09,-14.787594314434699,-0.0037634451449644803,-0.2162578529105813,0.0013446070552189495,0.00047146231148270494,0.0009939093291647773,0.005391365741370351,0.0007902604555818546,0.0007527547989334088,0.12783176024960208,5.064272298986782,0.20747398343396195,0.3231413105573306
826,adam,826,827,7.443753658831962e-06,1,0.00047146231148270494,0.00026166357685770313,0.003948437504163228,1.3181679465144153e-06,1,1,,0,7.3101900953906005e-09,-14.787594314434699,-0.0037606329619967937,-0.2162556814980116,0.001345513610696784,0.00047146231148270494,0.0009939093291647773,0.005391365741370351,0.0007902604555818546,0.0007527547989334088,0.12783176024960208,5.064272298986782,0.20747392511586524,0.32314094373116914
827,adam,827,828,7.369316122243643e-06,1,0.00047128851185398904,0.0002559135151969267,0.0021953327271778587,1.7361518055249984e-06,1,2,,0,8.86685123227557e-12,-14.78751670521687,-0.003769169533791632,-0.21625374111032078,0.0013476921005182445,0.00047128851185398904,0.0009939219676434138,0.005391104117221849,0.0007902483970398307,0.0007527391514673374,0.12782920901300526,5.064177692298364,0.20747383448168694,0.3231405576065995
828,adam,828,829,7.295622961021206e-06,1,0.00047128851185398904,0.00025590235505499074,0.002195329882932723,1.7495545821947445e-06,1,1,,0,5.76362388571284e-09,-14.78751670521687,-0.0037656865799649965,-0.21625326353054067,0.0013509900594233031,0.00047128851185398904,0.0009939219676434138,0.005391104117221849,0.0007902483970398307,0.0007527391514673374,0.12782920901300526,5.064177692298364,0.20747372111075732,0.3231403338911155
829,adam,829,830,7.222666731410994e-06,1,0.0004710610925411466,0.00017771005355142233,0.0019389559251396828,1.9518956475765087e-06,1,2,,0,6.430689262137648e-12,-14.787448029008349,-0.0037717737561263607,-0.2162540767715906,0.0013552721704240826,0.0004710610925411466,0.000993905833335508,0.005390800661250591,0.0007901141877808311,0.0007527187089590297,0.12782847813264128,5.064067237940933,0.20747358781498038,0.32314025358272436
830,adam,830,831,7.150440064096884e-06,1,0.0004710610925411466,0.00017771694650896018,0.0019391758504839639,1.7567745758453777e-06,1,1,,0,6.331519537574687e-09,-14.787448029008349,-0.003769732887429261,-0.2162559058859101,0.001359924339119658,0.0004710610925411466,0.000993905833335508,0.005390800661250591,0.0007901141877808311,0.0007527187089590297,0.12782847813264128,5.064067237940933,0.20747350153082797,0.3231403326456049
831,adam,831,832,7.078935663455915e-06,1,0.0004713066326053677,0.0002323801072870905,0.003140275002066525,1.7559661986303033e-06,1,2,,0,3.0050060677106535e-12,-14.787417516694918,-0.0037726676052928657,-0.2162586294632207,0.001364898451163512,0.0004713066326053677,0.0009938823676177945,0.005390537469625682,0.00078999413486453,0.0007527046010641567,0.12782901641511904,5.063991110993663,0.2074734567577192,0.3231405518538937
832,adam,832,833,7.008146306821355e-06,1,0.0004713066326053677,0.00023237768778990316,0.00314014426519526,1.268662914899335e-06,1,1,,0,4.211428794229154e-09,-14.787417516694918,-0.0037727592407855704,-0.21626084480909127,0.0013676168179904966,0.0004713066326053677,0.0009938823676177945,0.005390537469625682,0.00078999413486453,0.0007527046010641567,0.12782901641511904,5.063991110993663,0.20747345507361364,0.32314083015404027
833,adam,833,834,6.938064843753142e-06,1,0.0004713066326053677,0.0002323760524788117,0.003139942233352476,1.1486081498054543e-06,1,1,,0,7.176768305137206e-09,-14.787417516694918,-0.003773929321110233,-0.2162626089325679,0.0013683438505009986,0.0004713066326053677,0.0009938823676177945,0.005390537469625682,0.00078999413486453,0.0007527046010641567,0.12782901641511904,5.063991110993663,0.20747349126213013,0.3231411600613008
834,adam,834,835,6.868684195315611e-06,1,0.0004713066326053677,0.00023237511820535826,0.003139677821387534,1.3586847001990153e-06,1,1,,0,9.903166038242053e-09,-14.787417516694918,-0.0037760472466004547,-0.21626397263935154,0.0013673149852632927,0.0004713066326053677,0.0009938823676177945,0.005390537469625682,0.00078999413486453,0.0007527046010641567,0.12782901641511904,5.063991110993663,0.2074735606995195,0.3231415349409233
835,adam,835,836,6.799997353362454e-06,1,0.00047133291946546934,0.00024037375167170494,0.0019241301923080358,1.7069912342670124e-06,1,2,,0,8.553978236113322e-12,-14.787445688727988,-0.0037696054246414454,-0.2162649812053458,0.001364739835005919,0.00047133291946546934,0.0009938364889453067,0.005390538827842217,0.0007899800977114237,0.0007527061570794594,0.12783171315713104,5.063995019086338,0.20747365928642672,0.32314194891182857
836,adam,836,837,6.73199737982883e-06,1,0.00047133291946546934,0.00024037928203387375,0.0019241710366634211,1.644833059870634e-06,1,1,,0,5.406443068078024e-09,-14.787445688727988,-0.003772454105951236,-0.21626478543185795,0.0013607484788191635,0.00047133291946546934,0.0009938364889453067,0.005390538827842217,0.0007899800977114237,0.0007527061570794594,0.12783171315713104,5.063995019086338,0.20747377487674873,0.32314221406843047
837,adam,837,838,6.664677406030541e-06,1,0.000471114321445396,0.00017790250380229986,0.001097052903097015,1.8118096854014903e-06,1,2,,0,4.3262705003061394e-12,-14.787479382557494,-0.0037674267499767265,-0.21626352737239335,0.001355513912754986,0.000471114321445396,0.0009938269950846065,0.005390641897692711,0.0007900522592942054,0.0007527154615114633,0.12783212550110618,5.064036175913665,0.207473905343006,0.32314234772514816
838,adam,838,839,6.5980306319702365e-06,1,0.000471114321445396,0.0001779028527908253,0.001096996913406579,1.6809017151939763e-06,1,1,,0,6.309128904392476e-09,-14.787479382557494,-0.00376959081265783,-0.21626154547663826,0.001350685699510853,0.000471114321445396,0.0009938269950846065,0.005390641897692711,0.0007900522592942054,0.0007527154615114633,0.12783212550110618,5.064036175913665,0.2074740047602821,0.32314233923403
839,adam,839,840,6.532050325650534e-06,1,0.0004712441238901723,0.0002360657474579725,0.0032640931256302116,1.7391108791159317e-06,1,2,,0,2.5363079041927836e-12,-14.7875006728768,-0.0037661725174180376,-0.2162589267428836,0.0013462211546241213,0.0004712441238901723,0.0009938349966211696,0.0053906455597478855,0.0007901137832930091,0.0007527220447313839,0.1278312961351526,5.064059112897623,0.20747407673071577,0.3231422055898387
840,adam,840,841,6.466729822394028e-06,1,0.0004712441238901723,0.00023606429315075903,0.003264168529942212,1.315694680841622e-06,1,1,,0,4.442391073406257e-09,-14.7875006728768,-0.0037665797928084638,-0.216256802079495,0.001343356593000056,0.0004712441238901723,0.0009938349966211696,0.0053906455597478855,0.0007901137832930091,0.0007527220447313839,0.1278312961351526,5.064059112897623,0.20747410824412527,0.323142011581222
841,adam,841,842,6.402062524170088e-06,1,0.0004712441238901723,0.00023606199496455438,0.003264322866701696,1.210901908403586e-06,1,1,,0,7.5508515147287e-09,-14.7875006728768,-0.0037659056000185296,-0.21625511607530987,0.0013419067706148659,0.0004712441238901723,0.0009938349966211696,0.0053906455597478855,0.0007901137832930091,0.0007527220447313839,0.1278312961351526,5.064059112897623,0.2074741041583277,0.3231417646810378
842,adam,842,843,6.338041898928387e-06,1,0.0004713412046999288,0.0002530653035726935,0.0032370109605550238,1.3825654385652612e-06,1,2,,0,4.45709511373202e-12,-14.787478556975982,-0.0037673127480858017,-0.21625381932636217,0.0013417067620270853,0.0004713412046999288,0.0009938502515078516,0.005390356070301407,0.0007900811326874004,0.000752715052093527,0.12782901377446867,5.064006552197085,0.2074740687944958,0.3231414715341798
843,adam,843,844,6.274661479939103e-06,1,0.0004713412046999288,0.0002530643722437309,0.0032372233171834,1.3786300142838251e-06,1,1,,0,3.951533976743541e-09,-14.787478556975982,-0.003764858849947596,-0.21625351230281756,0.0013428344252566166,0.0004713412046999288,0.0009938502515078516,0.005390356070301407,0.0007900811326874004,0.000752715052093527,0.12782901377446867,5.064006552197085,0.20747400877011837,0.3231412382532353
844,adam,844,845,6.211914865139712e-06,1,0.0004713412046999288,0.000253062261011143,0.0032374532423022533,1.572041960603112e-06,1,1,,0,8.978983148057051e-09,-14.787478556975982,-0.003761679636355582,-0.21625407917512296,0.0013451317267737252,0.0004713412046999288,0.0009938502515078516,0.005390356070301407,0.0007900811326874004,0.000752715052093527,0.12782901377446867,5.064006552197085,0.20747392708251514,0.3231410580826508
845,adam,845,846,6.149795716488315e-06,1,0.00047109456237026963,0.00019050298704646564,0.001298306667996872,1.8495992266424385e-06,1,2,,0,1.0943182246886618e-11,-14.787424169581547,-0.003771424227822463,-0.21625541677649604,0.001348458064026262,0.00047109456237026963,0.0009938592365532942,0.005389903111323784,0.0007899978665486153,0.0007526968556266276,0.12782752917509763,5.063901992346206,0.20747382640005807,0.32314092500587954
846,adam,846,847,6.088297759323432e-06,1,0.00047109456237026963,0.00019050471788875718,0.0012984869000672776,1.6319974435684946e-06,1,1,,0,6.235620277899721e-09,-14.787424169581547,-0.0037684039575426615,-0.21625758459849365,0.0013521660456316277,0.00047109456237026963,0.0009938592365532942,0.005389903111323784,0.0007899978665486153,0.0007526968556266276,0.12782752917509763,5.063901992346206,0.20747376101336237,0.3231409230039007
847,adam,847,848,6.027414781730197e-06,1,0.0004712468392937734,0.00023353866741052082,0.003151976851014929,1.6065564400696206e-06,1,2,,0,3.338021268076722e-12,-14.787405311355448,-0.0037735421260003126,-0.21626048259176772,0.00135620716542292,0.0004712468392937734,0.000993853628794721,0.0053896688966212315,0.0007899664148019411,0.0007526884553620741,0.1278276852377164,5.063849549402049,0.20747372672200184,0.32314103635011954
848,adam,848,849,5.967140633912895e-06,1,0.0004712468392937734,0.00023354108334303273,0.003152011032296877,1.2196766191593556e-06,1,1,,0,4.403131335222732e-09,-14.787405311355448,-0.003772421787617729,-0.21626286593318877,0.0013596742223470906,0.0004712468392937734,0.000993853628794721,0.0053896688966212315,0.0007899664148019411,0.0007526884553620741,0.1278276852377164,5.063849549402049,0.20747375010411037,0.3231412032680252
849,adam,849,850,5.907469227573766e-06,1,0.0004712468392937734,0.00023354375839979556,0.0031519700519176096,1.1685929207203868e-06,1,1,,0,7.565896374176008e-09,-14.787405311355448,-0.0037723490284995507,-0.21626479222895437,0.001362630272130996,0.0004712468392937734,0.000993853628794721,0.0053896688966212315,0.0007899664148019411,0.0007526884553620741,0.1278276852377164,5.063849549402049,0.20747382410978935,0.3231414169225994
850,adam,850,851,5.848394535298028e-06,1,0.0004713351208899053,0.0002752678869944079,0.003522574845416856,1.381427004302634e-06,1,2,,0,4.18200663825361e-12,-14.787408723379487,-0.0037736526905472957,-0.21626631281632155,0.0013651314838374414,0.0004713351208899053,0.0009938183505448829,0.005389666000083361,0.0007899990857267732,0.0007526865583120641,0.1278288018819565,5.063825919948636,0.20747394248790457,0.3231416712630014
851,adam,851,852,5.789910589945049e-06,1,0.0004713351208899053,0.0002752703831252522,0.003522431419680982,1.404489086659128e-06,1,1,,0,3.6983997866965174e-09,-14.787408723379487,-0.0037754189592147836,-0.21626713730098188,0.0013654722282253641,0.0004713351208899053,0.0009938183505448829,0.005389666000083361,0.0007899990857267732,0.0007526865583120641,0.1278288018819565,5.063825919948636,0.2074740647128766,0.32314187493493135
852,adam,852,853,5.7320114840455976e-06,1,0.0004713351208899053,0.00027527336425390653,0.0035222564535585116,1.604679017086464e-06,1,1,,0,8.378680987490337e-09,-14.787408723379487,-0.0037779891799665957,-0.21626734618127327,0.0013639118958896387,0.0004713351208899053,0.0009938183505448829,0.005389666000083361,0.0007899990857267732,0.0007526865583120641,0.1278288018819565,5.063825919948636,0.20747419016205404,0.3231420336622006
853,adam,853,854,5.674691369205142e-06,1,0.0004710694749152827,0.0001925382199461472,0.0016895186980507152,1.8775456425060831e-06,1,2,,0,8.756793081801662e-12,-14.787427976857925,-0.0037706903924510805,-0.21626701116589608,0.001360681122293342,0.0004710694749152827,0.0009937786829651335,0.005389998590773398,0.0007900853945209118,0.0007526950319729768,0.12782974585361248,5.063856138991309,0.20747431828809637,0.32314215254876977
854,adam,854,855,5.617944455513089e-06,1,0.0004710694749152827,0.0001925389886829652,0.0016893783344871243,1.6374205003306611e-06,1,1,,0,5.960662588583353e-09,-14.787427976857925,-0.0037737244049696078,-0.21626586795827285,0.0013577654958720617,0.0004710694749152827,0.0009937786829651335,0.005389998590773398,0.0007900853945209118,0.0007526950319729768,0.12782974585361248,5.063856138991309,0.20747442569851823,0.32314216187510025
855,adam,855,856,5.561765010957959e-06,1,0.0004711999186653654,0.0002121368661385448,0.0023233528076419072,1.5681239481721867e-06,1,2,,0,3.787172998274193e-12,-14.787430908126865,-0.003768370374230803,-0.21626401281822094,0.0013551311695754224,0.0004711999186653654,0.0009937613789844702,0.00539018878438899,0.0007900994566416025,0.0007526968768199944,0.12782941094512854,5.063862139656429,0.20747451478061532,0.3231420747442679
856,adam,856,857,5.50614736084838e-06,1,0.0004711999186653654,0.00021212568520316002,0.0023228151727335486,1.1780212238830776e-06,1,1,,0,4.679849864200189e-09,-14.787430908126865,-0.0037703327433163064,-0.21626219410406017,0.0013533444459336436,0.0004711999186653654,0.0009937613789844702,0.00539018878438899,0.0007900994566416025,0.0007526968768199944,0.12782941094512854,5.063862139656429,0.20747457743307027,0.32314191856323304
857,adam,857,858,5.451085887239895e-06,1,0.0004711999186653654,0.00021211291894529476,0.0023221454549354707,1.045892528280996e-06,1,1,,0,8.432042959669637e-09,-14.787430908126865,-0.0037715355784438214,-0.21626040942854444,0.0013523081099810058,0.0004711999186653654,0.0009937613789844702,0.00539018878438899,0.0007900994566416025,0.0007526968768199944,0.12782941094512854,5.063862139656429,0.20747461683193077,0.3231417018888131
858,adam,858,859,5.396575028367497e-06,1,0.0004713784235906248,0.00026371578273286033,0.003771368357557988,1.1572945447132475e-06,1,2,,0,3.6086288347704093e-12,-14.787404930834734,-0.0037667242059651065,-0.21625865663638016,0.0013519355211989597,0.0004713784235906248,0.0009937377799908045,0.005390065731540559,0.0007899684107926581,0.0007526831837651307,0.12782764771587804,5.063802349049067,0.2074746358011697,0.3231414323217422
859,adam,859,860,5.342609278083822e-06,1,0.0004713784235906248,0.00026371259472776144,0.0037714103071686857,1.1437932603795551e-06,1,1,,0,3.4142922169233184e-09,-14.787404930834734,-0.003766207147193276,-0.2162573144042468,0.0013522820518605907,0.0004713784235906248,0.0009937377799908045,0.005390065731540559,0.0007899684107926581,0.0007526831837651307,0.12782764771587804,5.063802349049067,0.20747463897881452,0.32314123374459325
860,adam,860,861,5.289183185302983e-06,1,0.0004713784235906248,0.00026370961131659987,0.003771517022636728,1.3121770629677956e-06,1,1,,0,7.182091365313249e-09,-14.787404930834734,-0.003764769819715967,-0.21625633624592044,0.001353263123370971,0.0004713784235906248,0.0009937377799908045,0.005390065731540559,0.0007899684107926581,0.0007526831837651307,0.12782764771587804,5.063802349049067,0.2074746282465209,0.3231410978859524
861,adam,861,862,5.236291353449953e-06,1,0.00047111508759406024,0.00024844607392686397,0.0026471749527578635,1.5574594695096148e-06,1,2,,0,6.899720518502836e-12,-14.787356817184877,-0.003768229629857226,-0.21625568071536613,0.0013548034112770939,0.00047111508759406024,0.0009937209210629122,0.0053895749293005986,0.0007897757407497715,0.0007526603936863024,0.12782612647411992,5.06369296457853,0.2074746052810064,0.3231410173931487
862,adam,862,863,5.183928439915454e-06,1,0.00047111508759406024,0.0002484461762941204,0.0026473050075110586,1.5150251933590244e-06,1,1,,0,5.139443010631813e-09,-14.787356817184877,-0.003765788062983013,-0.2162559917975202,0.0013567418017655852,0.00047111508759406024,0.0009937209210629122,0.0053895749293005986,0.0007897757407497715,0.0007526603936863024,0.12782612647411992,5.06369296457853,0.2074745563285057,0.3231410247129223
863,adam,863,864,5.132089155516299e-06,1,0.00047103287169995487,0.00018473473154479898,0.0026467287040490253,1.5900037657125925e-06,1,2,,0,3.1518422638915853e-12,-14.787343193101693,-0.0037701980730111854,-0.21625715516486488,0.0013590297257033406,0.00047103287169995487,0.000993723896847809,0.005389203915170399,0.0007897186867131833,0.0007526524685750736,0.12782612332093735,5.063640634504749,0.20747448456761997,0.3231411093756046
864,adam,864,865,5.080768263961136e-06,1,0.00047103287169995487,0.00018474614756477158,0.002647156375671528,1.2899770413967619e-06,1,1,,0,4.887110369773648e-09,-14.787343193101693,-0.0037681400573443243,-0.216258496717772,0.0013606917487637238,0.00047103287169995487,0.000993723896847809,0.005389203915170399,0.0007897186867131833,0.0007526524685750736,0.12782612332093735,5.063640634504749,0.2074744284069782,0.3231412992784551
865,adam,865,866,5.029960581321525e-06,1,0.00047103287169995487,0.00018476032897183825,0.002647734056332784,1.161924516785818e-06,1,1,,0,9.207248670324071e-09,-14.787343193101693,-0.003766575991547217,-0.21625999436720122,0.0013617991497230058,0.00047103287169995487,0.000993723896847809,0.005389203915170399,0.0007897186867131833,0.0007526524685750736,0.12782612332093735,5.063640634504749,0.20747438594344017,0.32314158143701327
866,adam,866,867,4.979660975508309e-06,1,0.00047129552926015745,0.00028562165809835956,0.0029905381204337056,1.1918848285644774e-06,1,2,,0,3.815854624507531e-12,-14.78736524833761,-0.003772154953813365,-0.21626162843819827,0.0013624154721609222,0.00047129552926015745,0.0009937407771303654,0.005388911415291364,0.0007897966091668575,0.0007526581910331376,0.12782775872862356,5.0636323262678875,0.20747435549825405,0.32314194432683585
867,adam,867,868,4.929864365753227e-06,1,0.00047129552926015745,0.0002856361942495711,0.0029905678123119846,9.954480558345167e-07,1,1,,0,3.0740799336575595e-09,-14.78736524833761,-0.0037718765673518473,-0.21626267719303818,0.0013616979615084731,0.00047129552926015745,0.0009937407771303654,0.005388911415291364,0.0007897966091668575,0.0007526581910331376,0.12782775872862356,5.0636323262678875,0.20747433904544763,0.32314225021428467
868,adam,868,869,4.880565722095694e-06,1,0.00047129552926015745,0.0002856526142895709,0.002990577191173679,1.064359836184106e-06,1,1,,0,5.878451843448687e-09,-14.78736524833761,-0.0037723469478668833,-0.2162632079730033,0.0013598061000146837,0.00047129552926015745,0.0009937407771303654,0.005388911415291364,0.0007897966091668575,0.0007526581910331376,0.12782775872862356,5.0636323262678875,0.2074743348511316,0.323142505485234
869,adam,869,870,4.831760064874737e-06,1,0.00047129552926015745,0.0002856706831081743,0.0029905686820816896,1.2883700103526788e-06,1,1,,0,9.235297408310283e-09,-14.78736524833761,-0.003773476222827545,-0.21626328076726375,0.0013568818502685271,0.00047129552926015745,0.0009937407771303654,0.005388911415291364,0.0007897966091668575,0.0007526581910331376,0.12782775872862356,5.0636323262678875,0.20747434138388376,0.3231427158327109
870,adam,870,871,4.78344246422599e-06,1,0.00047109518429477686,0.00022214871480997459,0.0017312216527190396,1.5596756550647397e-06,1,2,,0,1.5262934045733745e-11,-14.787427126067241,-0.003771515523770836,-0.21626294901231988,0.0013530515611107968,0.00047109518429477686,0.0009937724534758818,0.005389192975794308,0.0007901036967806623,0.0007526858270712198,0.12783009120686076,5.063725542623003,0.20747435729064032,0.323142886331398
871,adam,871,872,4.73560803958373e-06,1,0.00047109518429477686,0.0002221489247435083,0.0017308830245563573,1.4279207874601454e-06,1,1,,0,5.101942923491342e-09,-14.787427126067241,-0.0037733030978205797,-0.21626186159802624,0.001349476879933759,0.00047109518429477686,0.0009937724534758818,0.005389192975794308,0.0007901036967806623,0.0007526858270712198,0.12783009120686076,5.063725542623003,0.2074743842610792,0.32314296687454624
872,adam,872,873,4.688251959187892e-06,1,0.0004710971005042359,0.00021229074414058863,0.0033712138134059026,1.4214333407390048e-06,1,2,,0,3.085458103478945e-12,-14.787444163701128,-0.0037703845960658645,-0.2162601087765559,0.0013461315938995163,0.0004710971005042359,0.000993785349756316,0.005389438628359786,0.0007902305334473865,0.0007526961836820466,0.12783029309016528,5.0637669010855575,0.20747442093226667,0.323142967994347
873,adam,873,874,4.641369439596014e-06,1,0.0004710971005042359,0.00021228609088660104,0.003371116231210547,1.139293438396449e-06,1,1,,0,4.580809749492511e-09,-14.787444163701128,-0.003771887263587729,-0.21625815195359577,0.0013438037910554923,0.0004710971005042359,0.000993785349756316,0.005389438628359786,0.0007902305334473865,0.0007526961836820466,0.12783029309016528,5.0637669010855575,0.20747444686463629,0.323142872308641
874,adam,874,875,4.594955745200053e-06,1,0.0004710971005042359,0.00021227587844368687,0.0033707729235593208,1.0360384270345812e-06,1,1,,0,8.612897233612416e-09,-14.787444163701128,-0.0037730772039701573,-0.216256016977019,0.0013423765552712352,0.0004710971005042359,0.000993785349756316,0.005389438628359786,0.0007902305334473865,0.0007526961836820466,0.12783029309016528,5.0637669010855575,0.20747446340757592,0.32314269171320337
875,adam,875,876,4.5490061877480526e-06,1,0.0004712776200012112,0.0002650646166212225,0.003025733939275135,1.093022851299017e-06,1,2,,0,2.01972077414383e-12,-14.787422963067842,-0.0037691149143221315,-0.2162537268534247,0.0013417457644805115,0.0004712776200012112,0.0009937846744490846,0.005389559896008864,0.0007902113833817239,0.0007526895889867725,0.1278287924139676,5.063740097571443,0.20747447175819708,0.32314243676600796
876,adam,876,877,4.503516125870572e-06,1,0.0004712776200012112,0.0002650419624667666,0.003024467746323542,9.84967833136147e-07,1,1,,0,3.21680111224458e-09,-14.787422963067842,-0.003769442847208637,-0.21625204176383178,0.0013419498055168998,0.0004712776200012112,0.0009937846744490846,0.005389559896008864,0.0007902113833817239,0.0007526895889867725,0.1278287924139676,5.063740097571443,0.20747449155162445,0.3231422072969089
877,adam,877,878,4.458480964611867e-06,1,0.0004712776200012112,0.0002650133728877121,0.0030229307933770004,1.0584615092204364e-06,1,1,,0,6.228285913511826e-09,-14.787422963067842,-0.0037692558537672618,-0.21625089279384105,0.001342890304566229,0.0004712776200012112,0.0009937846744490846,0.005389559896008864,0.0007902113833817239,0.0007526895889867725,0.1278287924139676,5.063740097571443,0.20747452144330047,0.3231420005706352
878,adam,878,879,4.413896154965748e-06,1,0.0004712776200012112,0.00026497962070710755,0.003021158594222838,1.2335124717049353e-06,1,1,,0,9.538701870328523e-09,-14.787422963067842,-0.003768614869512454,-0.21625021852631313,0.0013444796962411606,0.0004712776200012112,0.0009937846744490846,0.005389559896008864,0.0007902113833817239,0.0007526895889867725,0.1278287924139676,5.063740097571443,0.20747456023767807,0.3231418141516576
879,adam,879,880,4.369757193416091e-06,1,0.00047110082914331,0.00023695339246029558,0.00181877292642314,1.4426962170745238e-06,1,2,,0,1.6748657018661667e-11,-14.787349613815156,-0.0037692743606430983,-0.216249964228918,0.0013466400422663127,0.00047110082914331,0.0009937369846073347,0.005389120866646892,0.0007898779810838652,0.0007526512526826695,0.1278257917713434,5.0635897252337605,0.2074746068712777,0.32314164587096456
880,adam,880,881,4.326059621481929e-06,1,0.00047110082914331,0.00023695639543888788,0.0018188002215873034,1.2955217751232772e-06,1,1,,0,4.371282060430476e-09,-14.787349613815156,-0.0037680465322623468,-0.21625056201283605,0.0013491427704241225,0.00047110082914331,0.0009937369846073347,0.005389120866646892,0.0007898779810838652,0.0007526512526826695,0.1278257917713434,5.0635897252337605,0.20747463076707676,0.3231415572359179
881,adam,881,882,4.28279902526711e-06,1,0.00047110082914331,0.0002369577539858218,0.0018188091723041863,1.2816638186616007e-06,1,1,,0,8.96265057059192e-09,-14.787349613815156,-0.0037666552316748315,-0.21625191045906772,0.001351945184090249,0.00047110082914331,0.0009937369846073347,0.005389120866646892,0.0007898779810838652,0.0007526512526826695,0.1278257917713434,5.0635897252337605,0.20747463462970983,0.32314153894958
882,adam,882,883,4.239971035014439e-06,1,0.0004711123092654785,0.00020095803824663735,0.0027092390170243394,1.3632544431127335e-06,1,2,,0,6.851567680285453e-12,-14.787306954123334,-0.0037704119170533707,-0.21625391930398624,0.0013550092909109586,0.0004711123092654785,0.0009936971609794756,0.0053886444597235385,0.0007896477753544129,0.0007526276432492373,0.12782492816366836,5.063485281477125,0.2074746208647243,0.3231415827352555
883,adam,883,884,4.197571324664295e-06,1,0.0004711123092654785,0.00020095801735778117,0.0027092008645239465,1.0817267325429737e-06,1,1,,0,4.250739013646719e-09,-14.787306954123334,-0.0037692744401609146,-0.21625578294539727,0.001357683658750961,0.0004711123092654785,0.0009936971609794756,0.0053886444597235385,0.0007896477753544129,0.0007526276432492373,0.12782492816366836,5.063485281477125,0.20747462003270328,0.32314170265543984
884,adam,884,885,4.1555956114176515e-06,1,0.0004711123092654785,0.00020096190683032577,0.0027093534510645285,9.72602158640887e-07,1,1,,0,7.817905527589076e-09,-14.787306954123334,-0.0037684903850174743,-0.2162575164619815,0.001360010883072992,0.0004711123092654785,0.0009936971609794756,0.0053886444597235385,0.0007896477753544129,0.0007526276432492373,0.12782492816366836,5.063485281477125,0.20747463045448114,0.3231418891976031
885,adam,885,886,4.114039655303475e-06,1,0.0004712968728216752,0.00029562351629522116,0.0029152401122344673,1.0220724350832009e-06,1,2,,0,1.6784458475969e-12,-14.787298822958492,-0.0037711016119209412,-0.2162591333026997,0.0013620289284587146,0.0004712968728216752,0.000993666571609326,0.00538842132922341,0.0007896008801972001,0.0007526227084566664,0.12782571355714797,5.063441951569055,0.207474650652527,0.32314213393045277
886,adam,886,887,4.072899258750441e-06,1,0.0004712968728216752,0.0002956365879272557,0.0029160413288840093,9.570720287931715e-07,1,1,,0,2.58635385404653e-09,-14.787298822958492,-0.0037711434002875273,-0.21626023166994798,0.0013624030826242578,0.0004712968728216752,0.000993666571609326,0.00538842132922341,0.0007896008801972001,0.0007526227084566664,0.12782571355714797,5.063441951569055,0.20747466873191847,0.32314235580909145
887,adam,887,888,4.032170266162936e-06,1,0.0004712968728216752,0.00029565449754178735,0.0029170896982330494,1.0675829993690105e-06,1,1,,0,5.112260572833721e-09,-14.787298822958492,-0.0037716377910623792,-0.21626087103987715,0.0013613314266449341,0.0004712968728216752,0.000993666571609326,0.00538842132922341,0.0007896008801972001,0.0007526227084566664,0.12782571355714797,5.063441951569055,0.20747468481559977,0.32314255717354506
888,adam,888,889,3.991848563501306e-06,1,0.0004712968728216752,0.00029567664738587346,0.0029183543364416508,1.2633923443359303e-06,1,1,,0,8.177126853250702e-09,-14.787298822958492,-0.003772530771126098,-0.21626110439988883,0.0013589900208565485,0.0004712968728216752,0.000993666571609326,0.00538842132922341,0.0007896008801972001,0.0007526227084566664,0.12782571355714797,5.063441951569055,0.20747469902461266,0.3231427401218479
889,adam,889,890,3.951930077866294e-06,1,0.0004710643931168925,0.00021650102472448376,0.0018352570073055454,1.481958412875812e-06,1,2,,0,1.0542001106755988e-11,-14.787332765282185,-0.003770459348914757,-0.21626097895372992,0.0013555353295312941,0.0004710643931168925,0.0009936565562011152,0.005388699624685728,0.0007898243520048432,0.000752642634221358,0.1278276351967433,5.063495855689679,0.20747471147661561,0.3231429065347277
890,adam,890,891,3.91241077708763e-06,1,0.0004710643931168925,0.0002165066561779027,0.001835299676203391,1.3302569945638227e-06,1,1,,0,4.427705132811755e-09,-14.787332765282185,-0.00377160175316793,-0.21626022977666803,0.0013523954962162202,0.0004710643931168925,0.0009936565562011152,0.005388699624685728,0.0007898243520048432,0.000752642634221358,0.1278276351967433,5.063495855689679,0.20747472394326533,0.32314299922971057
891,adam,891,892,3.8732866693167535e-06,1,0.0004710643931168925,0.0002165125612601363,0.0018353548091871938,1.2803771662404543e-06,1,1,,0,9.05404557128079e-09,-14.787332765282185,-0.0037726546895472486,-0.2162589311537538,0.001349536971971433,0.0004710643931168925,0.0009936565562011152,0.005388699624685728,0.0007898243520048432,0.000752642634221358,0.1278276351967433,5.063495855689679,0.20747473642985376,0.3231430267288308
892,adam,892,893,3.834553802623586e-06,1,0.0004710913077292909,0.0001809485618617944,0.0020594328411254496,1.3096493838237258e-06,1,2,,0,6.958530653995226e-12,-14.787356966836592,-0.0037699045970593166,-0.21625714921550518,0.0013469298267420804,0.0004710913077292909,0.0009936793847395559,0.005389071606165412,0.0007900515407725557,0.0007526607269822045,0.12782803116768157,5.063555988236592,0.20747474894159956,0.3231429966257161
893,adam,893,894,3.79620826459735e-06,1,0.0004710913077292909,0.0001809506803498081,0.0020595886889178006,1.0225139780660125e-06,1,1,,0,4.095290216809914e-09,-14.787356966836592,-0.003770577052425516,-0.21625542374536366,0.001345180707607267,0.0004710913077292909,0.0009936793847395559,0.005389071606165412,0.0007900515407725557,0.0007526607269822045,0.12782803116768157,5.063555988236592,0.20747474834714652,0.32314288753777504
894,adam,894,895,3.758246181951377e-06,1,0.0004710913077292909,0.00018095123863142102,0.002059644492340656,8.683815651642532e-07,1,1,,0,7.467116790613915e-09,-14.787356966836592,-0.003770984342825898,-0.21625374990984572,0.0013441907695245904,0.0004710913077292909,0.0009936793847395559,0.005389071606165412,0.0007900515407725557,0.0007526607269822045,0.12782803116768157,5.063555988236592,0.2074747363002295,0.3231427091839398
895,adam,895,896,3.7206637201318626e-06,1,0.00047132804745329994,0.0002621530551955259,0.003125023213834245,8.541049110551202e-07,1,2,,0,1.9407143726241978e-12,-14.787356919810437,-0.0037699391437792168,-0.21625212338233055,0.0013438719699389316,0.00047132804745329994,0.000993705111546489,0.005389229242408321,0.0007901514068299746,0.0007526653562107921,0.1278269740458526,5.063567410523588,0.20747471426663747,0.323142470192073
896,adam,896,897,3.683457082930544e-06,1,0.00047132804745329994,0.0002621484725774217,0.003124724246739061,7.703329713178587e-07,1,1,,0,2.299664680198499e-09,-14.787356919810437,-0.0037697631968495334,-0.2162509608078578,0.0013440983228404785,0.00047132804745329994,0.000993705111546489,0.005389229242408321,0.0007901514068299746,0.0007526653562107921,0.1278269740458526,5.063567410523588,0.20747470492540926,0.32314225671171415
897,adam,897,898,3.646622512101239e-06,1,0.00047132804745329994,0.00026213749335071934,0.003124135622500893,8.357487722563534e-07,1,1,,0,4.37380143664337e-09,-14.787356919810437,-0.003769279799206425,-0.2162502091902683,0.001344805679127674,0.00047132804745329994,0.000993705111546489,0.005389229242408321,0.0007901514068299746,0.0007526653562107921,0.1278269740458526,5.063567410523588,0.20747470681452598,0.3231420659820634
898,adam,898,899,3.610156286980226e-06,1,0.00047132804745329994,0.000262120913450776,0.0031232935387221915,9.823042706819402e-07,1,1,,0,6.7056064617758185e-09,-14.787356919810437,-0.0037685255676671203,-0.2162498213021784,0.0013459369118100284,0.00047132804745329994,0.000993705111546489,0.005389229242408321,0.0007901514068299746,0.0007526653562107921,0.1278269740458526,5.063567410523588,0.20747471863236092,0.3231418955441202
899,adam,899,900,3.574054724110424e-06,1,0.00047132804745329994,0.00026209944164338534,0.0031222301971239397,1.154620093176492e-06,1,1,,0,9.606834395818216e-09,-14.787356919810437,-0.003767533107581516,-0.21624975505958763,0.0013474411518809805,0.00047132804745329994,0.000993705111546489,0.005389229242408321,0.0007901514068299746,0.0007526653562107921,0.1278269740458526,5.063567410523588,0.20747473921984694,0.3231417432074568
900,adam,900,901,3.5383141768693195e-06,1,0.0004710517726906709,0.00023960875667216626,0.001985395558027047,1.3263111903520572e-06,1,2,,0,1.1382313429938332e-11,-14.787305329249083,-0.0037712208278091615,-0.21624997296426188,0.001349273107304565,0.0004710517726906709,0.000993686079975276,0.005388817722293301,0.0007899269983706875,0.0007526356237074273,0.12782436498358868,5.0634584572071315,0.20747476754468971,0.323141607020687
901,adam,901,902,3.5029310351006267e-06,1,0.0004710517726906709,0.0002396088109917871,0.0019853614627676594,1.2148211089254495e-06,1,1,,0,4.082044599153535e-09,-14.787305329249083,-0.003770220293406329,-0.21625105775654507,0.0013511534609178869,0.0004710517726906709,0.000993686079975276,0.005388817722293301,0.0007899269983706875,0.0007526356237074273,0.12782436498358868,5.0634584572071315,0.20747478297925911,0.32314155356458996
902,adam,902,903,3.46790172474962e-06,1,0.0004710517726906709,0.0002396085706769476,0.001985313082584276,1.1894991341007944e-06,1,1,,0,8.371992930840466e-09,-14.787305329249083,-0.0037693998671011093,-0.2162529043816143,0.0013530746460085647,0.0004710517726906709,0.000993686079975276,0.005388817722293301,0.0007899269983706875,0.0007526356237074273,0.12782436498358868,5.0634584572071315,0.2074747870186203,0.32314157307435143
903,adam,903,904,3.433222707502124e-06,1,0.0004710112257791187,0.0001747699902733115,0.001837175303327774,1.2278183436585366e-06,1,2,,0,4.735144073929643e-12,-14.787284309659665,-0.003771590061598558,-0.21625541944797763,0.0013550299440631527,0.0004710112257791187,0.0009936569518678785,0.005388440626733993,0.0007897285467661637,0.0007526164006225465,0.12782393031724798,5.063385479944027,0.20747478099535138,0.3231416568614394
904,adam,904,905,3.3988904804271028e-06,1,0.0004710112257791187,0.00017476965853596534,0.0018371294240780327,9.594107516797285e-07,1,1,,0,3.859948821544774e-09,-14.787284309659665,-0.0037712728899066284,-0.21625776499480148,0.001356488407937478,0.0004710112257791187,0.0009936569518678785,0.005388440626733993,0.0007897285467661637,0.0007526164006225465,0.12782393031724798,5.063385479944027,0.20747478214960613,0.32314180842262874
905,adam,905,906,3.364901575622832e-06,1,0.0004710112257791187,0.00017477022677157315,0.0018371622072736004,7.979024184244874e-07,1,1,,0,7.041681598748971e-09,-14.787284309659665,-0.0037712595086535033,-0.21625995844879914,0.0013575065214287197,0.0004710112257791187,0.0009936569518678785,0.005388440626733993,0.0007897285467661637,0.0007526164006225465,0.12782393031724798,5.063385479944027,0.20747478955617912,0.323142019420292
906,adam,906,907,3.3312525598666034e-06,1,0.0004710112257791187,0.00017477158719707175,0.00183726428559725,7.540246256098064e-07,1,1,,0,9.731416863494195e-09,-14.787284309659665,-0.0037715143058811218,-0.216262015355881,0.0013581346249929634,0.0004710112257791187,0.0009936569518678785,0.005388440626733993,0.0007897285467661637,0.0007526164006225465,0.12782393031724798,5.063385479944027,0.2074748024000983,0.32314228244959065
907,adam,907,908,3.2979400342679372e-06,1,0.0004712608088662671,0.00027065494429069463,0.00216062045319861,8.060978825404906e-07,1,2,,0,1.4691942624908703e-12,-14.787292660475604,-0.0037707353183318547,-0.2162639495850191,0.00135841758143932,0.0004712608088662671,0.0009936239933225927,0.005388229805684717,0.000789627731367676,0.0007526109002437311,0.12782523398943973,5.063351785250339,0.2074748199633097,0.32314259093488035
908,adam,908,909,3.264960633925258e-06,1,0.0004712608088662671,0.0002706578430836135,0.0021609462029978494,7.573471551793091e-07,1,1,,0,2.118284391860515e-09,-14.787292660475604,-0.0037713850422454497,-0.2162651790831556,0.0013577696982353424,0.0004712608088662671,0.0009936239933225927,0.005388229805684717,0.000789627731367676,0.0007526109002437311,0.12782523398943973,5.063351785250339,0.2074748284263152,0.32314284483217004
909,adam,909,910,3.232311027586005e-06,1,0.0004712608088662671,0.0002706634443952165,0.0021613934417839134,8.273109018451891e-07,1,1,,0,4.1819451279301055e-09,-14.787292660475604,-0.0037721741576315125,-0.21626578543405195,0.001356302707336055,0.0004712608088662671,0.0009936239933225927,0.005388229805684717,0.000789627731367676,0.0007526109002437311,0.12782523398943973,5.063351785250339,0.20747482880282211,0.32314305027719953
910,adam,910,911,3.1999879173101453e-06,1,0.0004712608088662671,0.00027067142286783943,0.0021619474021582754,9.588846494802871e-07,1,1,,0,6.613228949155291e-09,-14.787292660475604,-0.003773085536333538,-0.21626584129037915,0.0013541160127954414,0.0004712608088662671,0.0009936239933225927,0.005388229805684717,0.000789627731367676,0.0007526109002437311,0.12782523398943973,5.063351785250339,0.20747482200024597,0.3231432127386133
911,adam,911,912,3.1679880381370436e-06,1,0.0004712608088662671,0.00027068148951285955,0.0021625949595502395,1.1098153730166553e-06,1,1,,0,9.641521276092206e-09,-14.787292660475604,-0.0037741039342650503,-0.2162654113467086,0.0013512980389847223,0.0004712608088662671,0.0009936239933225927,0.005388229805684717,0.000789627731367676,0.0007526109002437311,0.12782523398943973,5.063351785250339,0.20747480883055688,0.3231433370901291
912,adam,912,913,3.1363081577556734e-06,1,0.0004709717302731449,0.00023273072603476,0.0021496567723820873,1.2595768951977931e-06,1,2,,0,1.0285309960020716e-11,-14.787305204364548,-0.0037692174926224667,-0.2162645532065475,0.001347927431606174,0.0004709717302731449,0.000993617615516594,0.005388558776034105,0.0007898007500222958,0.0007526299860807186,0.1278271660762775,5.063399989138361,0.2074747900200775,0.32314342767492904
913,adam,913,914,3.1049450761781164e-06,1,0.0004709717302731449,0.0002327318103321719,0.002149709424007276,1.1385166982360778e-06,1,1,,0,4.050721563336811e-09,-14.787305204364548,-0.0037699920304100727,-0.2162630530504619,0.0013453773937796285,0.0004709717302731449,0.000993617615516594,0.005388558776034105,0.0007898007500222958,0.0007526299860807186,0.1278271660762775,5.063399989138361,0.20747476299667417,0.3231434263416131
914,adam,914,915,3.0738956254163354e-06,1,0.0004709717302731449,0.0002327327862949196,0.002149774673234963,1.0907262814238487e-06,1,1,,0,8.2219105717842e-09,-14.787305204364548,-0.0037704695276459923,-0.21626098922623613,0.0013435543651400055,0.0004709717302731449,0.000993617615516594,0.005388558776034105,0.0007898007500222958,0.0007526299860807186,0.1278271660762775,5.063399989138361,0.20747472880158702,0.3231433440151481
915,adam,915,916,3.043156669162172e-06,1,0.00047102531838060603,0.0002180671915157327,0.002490794411700546,1.100728325428891e-06,1,2,,0,3.6042380265531722e-12,-14.787285048773835,-0.0037693371413407583,-0.21625843139866496,0.001342374985766601,0.00047102531838060603,0.0009936368919389272,0.0053888819831360985,0.0007899583854234907,0.0007526413634346826,0.12782704343586734,5.0634221881941,0.20747468835942182,0.32314319041507233
916,adam,916,917,3.01272510247055e-06,1,0.00047102531838060603,0.00021806806813238916,0.0024908287759801855,8.398038062089993e-07,1,1,,0,3.526391365919988e-09,-14.787285048773835,-0.0037691854591065943,-0.21625602493761642,0.001341916924759785,0.00047102531838060603,0.0009936368919389272,0.0053888819831360985,0.0007899583854234907,0.0007526413634346826,0.12782704343586734,5.0634221881941,0.2074746508354806,0.32314300288194553
917,adam,917,918,2.9825978514458447e-06,1,0.00047102531838060603,0.00021806701331221636,0.0024907257594987808,6.911537841931329e-07,1,1,,0,6.343338292618429e-09,-14.787285048773835,-0.003768710842724836,-0.21625375463139573,0.0013420956333413032,0.00047102531838060603,0.0009936368919389272,0.0053888819831360985,0.0007899583854234907,0.0007526413634346826,0.12782704343586734,5.0634221881941,0.20747461597579195,0.3231427857490451
918,adam,918,919,2.952771872931386e-06,1,0.00047102531838060603,0.00021806426072444577,0.002490501971129037,6.688489492270096e-07,1,1,,0,8.674252244370985e-09,-14.787285048773835,-0.00376795195200971,-0.216251606902141,0.0013428358449983863,0.00047102531838060603,0.0009936368919389272,0.0053888819831360985,0.0007899583854234907,0.0007526413634346826,0.12782704343586734,5.0634221881941,0.20747458355177079,0.32314254286281036
919,adam,919,920,2.9232441542020725e-06,1,0.0004712250782241087,0.0002615144562888242,0.002112951895899187,7.433319659689326e-07,1,2,,0,1.51065328153624e-12,-14.787225584900275,-0.003771040631628153,-0.2162495696293318,0.001344070562023034,0.0004712250782241087,0.0009936508731967085,0.005388906873809065,0.0007899904485910804,0.0007526363294162597,0.12782535675864828,5.063376008959538,0.20747455335732992,0.3231422776367633
920,adam,920,921,2.8940117126600516e-06,1,0.0004712250782241087,0.0002615091870580924,0.0021129763004291056,7.312588906367821e-07,1,1,,0,2.178970760380191e-09,-14.787225584900275,-0.003769923654485364,-0.21624822616420325,0.0013455758302837817,0.0004712250782241087,0.0009936508731967085,0.005388906873809065,0.0007899904485910804,0.0007526363294162597,0.12782535675864828,5.063376008959538,0.20747454420130848,0.3231420740189305
921,adam,921,922,2.865071595533451e-06,1,0.0004712250782241087,0.00026150155179298037,0.0021129862164000414,7.965129960950671e-07,1,1,,0,4.40457455966269e-09,-14.787225584900275,-0.0037687132565052003,-0.2162474962364419,0.0013473183761238685,0.0004712250782241087,0.0009936508731967085,0.005388906873809065,0.0007899904485910804,0.0007526363294162597,0.12782535675864828,5.063376008959538,0.2074745536156077,0.32314192494410127
922,adam,922,923,2.8364208795781166e-06,1,0.0004712250782241087,0.00026149184208169754,0.002112983354975334,9.006868736945138e-07,1,1,,0,6.9339921727928354e-09,-14.787225584900275,-0.00376742163458221,-0.2162473083666148,0.0013492685870231198,0.0004712250782241087,0.0009936508731967085,0.005388906873809065,0.0007899904485910804,0.0007526363294162597,0.12782535675864828,5.063376008959538,0.20747457940342492,0.3231418241227928
923,adam,923,924,2.8080566707823353e-06,1,0.0004712250782241087,0.0002614803174258957,0.0021129692390419877,1.0173881307381002e-06,1,1,,0,9.905353320827276e-09,-14.787225584900275,-0.0037660596472754598,-0.21624759890805456,0.0013514001121320426,0.0004712250782241087,0.0009936508731967085,0.005388906873809065,0.0007899904485910804,0.0007526363294162597,0.12782535675864828,5.063376008959538,0.20747461960943672,0.32314176595633215
924,adam,924,925,2.779976104074512e-06,1,0.0004709653874095571,0.00022433316728132815,0.001763478050547847,1.1330632679806931e-06,1,2,,0,1.061794685603284e-11,-14.787168822218806,-0.003773514902429325,-0.21624831119312643,0.0013536895063743937,0.0004709653874095571,0.0009936212343012042,0.005388290383783509,0.0007897721260455324,0.0007526086658284315,0.12782340020886268,5.063252840138872,0.2074746724932941,0.3231417454612478
925,adam,925,926,2.752176343033767e-06,1,0.0004709653874095571,0.000224336560986193,0.0017634455708770026,1.014230060727306e-06,1,1,,0,3.636473026026964e-09,-14.787168822218806,-0.003772423657449837,-0.21624966509384175,0.0013556207122804227,0.0004709653874095571,0.0009936212343012042,0.005388290383783509,0.0007897721260455324,0.0007526086658284315,0.12782340020886268,5.063252840138872,0.20747473504280822,0.32314180751439503
926,adam,926,927,2.7246545796034293e-06,1,0.0004709653874095571,0.0002243397375920578,0.0017634035301255916,9.59820644056675e-07,1,1,,0,7.2920521028403845e-09,-14.787168822218806,-0.003771629189259274,-0.21625158207661024,0.001357233546485352,0.0004709653874095571,0.0009936212343012042,0.005388290383783509,0.0007897721260455324,0.0007526086658284315,0.12782340020886268,5.063252840138872,0.20747480599495216,0.3231419421973994
927,adam,927,928,2.697408033807395e-06,1,0.0004710018779396401,0.00019967796077023,0.0023940488215638414,9.580090485061346e-07,1,2,,0,2.620035309482378e-12,-14.787175085983456,-0.0037740183842759657,-0.21625399234248863,0.0013585635044610143,0.0004710018779396401,0.000993597160466724,0.005387859493641613,0.000789639322456037,0.0007525969402568635,0.12782344533850326,5.06320733338779,0.20747488423127403,0.32314214069015
928,adam,928,929,2.670433953469321e-06,1,0.0004710018779396401,0.00019967737537753157,0.0023940098170320205,7.519535130695213e-07,1,1,,0,3.087971676671873e-09,-14.787175085983456,-0.00377386612088802,-0.2162562029009387,0.0013593145910698603,0.0004710018779396401,0.000993597160466724,0.005387859493641613,0.000789639322456037,0.0007525969402568635,0.12782344533850326,5.06320733338779,0.2074749659023059,0.3231423702084037
929,adam,929,930,2.6437296139346275e-06,1,0.0004710018779396401,0.0001996777239999737,0.0023939470412508686,6.346207820160081e-07,1,1,,0,5.593378309857141e-09,-14.787175085983456,-0.0037740488153813587,-0.21625823482024828,0.0013595539405593339,0.0004710018779396401,0.000993597160466724,0.005387859493641613,0.000789639322456037,0.0007525969402568635,0.12782344533850326,5.06320733338779,0.20747505046067743,0.32314262674669375
930,adam,930,931,2.6172923177952812e-06,1,0.0004710018779396401,0.00019967889586256657,0.002393863385333284,6.120192582639425e-07,1,1,,0,7.68587630562714e-09,-14.787175085983456,-0.003774526626502243,-0.21626010689041003,0.0013593413457353503,0.0004710018779396401,0.000993597160466724,0.005387859493641613,0.000789639322456037,0.0007525969402568635,0.12782344533850326,5.06320733338779,0.20747513742551865,0.3231429067502319
931,adam,931,932,2.5911193946173285e-06,1,0.0004710018779396401,0.00019968079277028693,0.0023937614224273126,6.626507077908979e-07,1,1,,0,9.530871904236723e-09,-14.787175085983456,-0.003775264095283421,-0.21626183587004122,0.0013587300568551075,0.0004710018779396401,0.000993597160466724,0.005387859493641613,0.000789639322456037,0.0007525969402568635,0.12782344533850326,5.06320733338779,0.2074752263744005,0.3231432070647197
932,adam,932,933,2.565208200671155e-06,1,0.0004711340680479044,0.0002649560450862069,0.0022563819793388795,7.516042835776835e-07,1,2,,0,1.837618686901946e-12,-14.787233182202673,-0.003772590583202608,-0.21626343670653753,0.0013577674936181058,0.0004711340680479044,0.0009935721408137962,0.005387592601195289,0.0007896101944637054,0.0007525999444659956,0.12782523121766579,5.063221220436952,0.20747531693628563,0.32314352489176396
933,adam,933,934,2.5395561186644436e-06,1,0.0004711340680479044,0.00026495904743254145,0.0022562533252977655,7.470779487982358e-07,1,1,,0,2.097957450577942e-09,-14.787233182202673,-0.00377373780828286,-0.21626446624552403,0.0013565372376539537,0.0004711340680479044,0.0009935721408137962,0.005387592601195289,0.0007896101944637054,0.0007525999444659956,0.12782523121766579,5.063221220436952,0.20747538184007033,0.32314376254284777
934,adam,934,935,2.5141605574777994e-06,1,0.0004711340680479044,0.0002649633556209832,0.002256154379763117,8.002303272887257e-07,1,1,,0,4.3189320957078396e-09,-14.787233182202673,-0.0037750447739442546,-0.21626499062061905,0.0013550719311732548,0.0004711340680479044,0.0009935721408137962,0.005387592601195289,0.0007896101944637054,0.0007525999444659956,0.12782523121766579,5.063221220436952,0.20747542403542912,0.3231439292370747
935,adam,935,936,2.489018951903021e-06,1,0.0004711340680479044,0.0002649688110549555,0.002256081703293686,8.835699898584901e-07,1,1,,0,6.837212029925803e-09,-14.787233182202673,-0.0037764911622689113,-0.21626506872456572,0.0013534006429058347,0.0004711340680479044,0.0009935721408137962,0.005387592601195289,0.0007896101944637054,0.0007525999444659956,0.12782523121766579,5.063221220436952,0.20747544614976218,0.32314403318333623
936,adam,936,937,2.464128762383991e-06,1,0.0004711340680479044,0.0002649752726795112,0.002256032233618531,9.778047141974401e-07,1,1,,0,9.738691235297816e-09,-14.787233182202673,-0.003778058904778294,-0.2162647529981857,0.0013515492556669228,0.0004711340680479044,0.0009935721408137962,0.005387592601195289,0.0007896101944637054,0.0007525999444659956,0.12782523121766579,5.063221220436952,0.2074754505231366,0.32314408169046227
937,adam,937,938,2.439487474760151e-06,1,0.000470947461564043,0.00020279610220605345,0.0018891223558687527,1.0722370872585435e-06,1,2,,0,8.867981316196932e-12,-14.787274708616664,-0.003769832043219339,-0.21626409013340867,0.0013495408119381317,0.000470947461564043,0.0009935709175682055,0.005387920449420066,0.0007897613264833248,0.0007526179964086379,0.12782644320855105,5.063278626297583,0.2074754392394659,0.3231440812653757
938,adam,938,939,2.4150926000125494e-06,1,0.000470947461564043,0.00020279410895522102,0.001888993901052624,9.169307665809843e-07,1,1,,0,3.2357786015791545e-09,-14.787274708616664,-0.0037710906726630728,-0.2162629916444066,0.0013481987924313953,0.000470947461564043,0.0009935709175682055,0.005387920449420066,0.0007897613264833248,0.0007526179964086379,0.12782644320855105,5.063278626297583,0.20747540616788818,0.323144001741255
939,adam,939,940,2.390941674012424e-06,1,0.000470947461564043,0.00020279221539770874,0.001888866224175262,8.223339472502295e-07,1,1,,0,6.311499089031742e-09,-14.787274708616664,-0.0037719861716134736,-0.2162615104809523,0.001347446197501792,0.000470947461564043,0.0009935709175682055,0.005387920449420066,0.0007897613264833248,0.0007526179964086379,0.12782644320855105,5.063278626297583,0.2074753539558255,0.3231438526643996
940,adam,940,941,2.3670322572723e-06,1,0.000470947461564043,0.00020279041214202396,0.0018887393756686867,7.842793309131685e-07,1,1,,0,9.323491615281424e-09,-14.787274708616664,-0.003772560303669575,-0.21625969374426096,0.0013472144529862637,0.000470947461564043,0.0009935709175682055,0.005387920449420066,0.0007897613264833248,0.0007526179964086379,0.12782644320855105,5.063278626297583,0.20747528495756692,0.32314364252135697
941,adam,941,942,2.3433619346995764e-06,1,0.00047111088163529933,0.0002532720384919818,0.0035702090262817294,7.913190201711234e-07,1,2,,0,3.2021285201504995e-12,-14.787253351714053,-0.003769142097495377,-0.2162575833274842,0.0013474424927726381,0.00047111088163529933,0.000993590528691078,0.005388293738194947,0.0007898895569589278,0.0007526265823441935,0.12782566690255942,5.063286270322406,0.20747520126626104,0.32314337885566
942,adam,942,943,2.3199283153525808e-06,1,0.00047111088163529933,0.0002532742502249734,0.003570315549033097,6.259000802903414e-07,1,1,,0,2.472395522735733e-09,-14.787253351714053,-0.003768985896130643,-0.21625566364322926,0.0013480932833287217,0.00047111088163529933,0.000993590528691078,0.005388293738194947,0.0007898895569589278,0.0007526265823441935,0.12782566690255942,5.063286270322406,0.20747511787961676,0.323143121774721
943,adam,943,944,2.296729032199055e-06,1,0.00047111088163529933,0.0002532752512144859,0.0035704537824014513,5.538627083886464e-07,1,1,,0,4.470831486651177e-09,-14.787253351714053,-0.0037684377506197217,-0.21625391439331756,0.0013491163202255657,0.00047111088163529933,0.000993590528691078,0.005388293738194947,0.0007898895569589278,0.0007526265823441935,0.12782566690255942,5.063286270322406,0.20747503487035793,0.32314287080424103
944,adam,944,945,2.2737617418770643e-06,1,0.00047111088163529933,0.00025327518258982284,0.0035706196802546327,5.713221496186089e-07,1,1,,0,6.217128984527251e-09,-14.787253351714053,-0.003767545577467334,-0.21625231747214582,0.001350466643925525,0.00047111088163529933,0.000993590528691078,0.005388293738194947,0.0007898895569589278,0.0007526265823441935,0.12782566690255942,5.063286270322406,0.20747495230170626,0.32314262551829886
945,adam,945,946,2.251024124458294e-06,1,0.00047111088163529933,0.0002532741705456326,0.003570809654645752,6.456330361514645e-07,1,1,,0,7.923360789515602e-09,-14.787253351714053,-0.003766351942705625,-0.2162508567295867,0.0013521042354884033,0.00047111088163529933,0.000993590528691078,0.005388293738194947,0.0007898895569589278,0.0007526265823441935,0.12782566690255942,5.063286270322406,0.2074748702283282,0.32314238553410557
946,adam,946,947,2.228513883213711e-06,1,0.00047111088163529933,0.0002532723278374188,0.003571020524402618,7.434486113517199e-07,1,1,,0,9.767517959994454e-09,-14.787253351714053,-0.0037648946543580968,-0.2162495177595287,0.0013539934780850615,0.00047111088163529933,0.000993590528691078,0.005388293738194947,0.0007898895569589278,0.0007526265823441935,0.12782566690255942,5.063286270322406,0.20747478869722275,0.3231421505073498
947,adam,947,948,2.2062287443815733e-06,1,0.00047103310602439335,0.00023400125090386657,0.0019932125829631433,8.457201448316766e-07,1,2,,0,5.427332233549851e-12,-14.78713826799098,-0.0037721534744361604,-0.2162482877112842,0.0013561026771539233,0.00047103310602439335,0.00099359990174089,0.005388397315397978,0.0007898472717071266,0.0007526072108774772,0.1278231562751978,5.063166038410073,0.20747470774854504,0.3231419201280614
948,adam,948,949,2.184166456937758e-06,1,0.00047103310602439335,0.0002339999791679488,0.00199322107554452,8.10047480923011e-07,1,1,,0,2.602079367081488e-09,-14.78713826799098,-0.0037706065589704057,-0.2162477494712963,0.0013580709942834868,0.00047103310602439335,0.00099359990174089,0.005388397315397978,0.0007898472717071266,0.0007526072108774772,0.1278231562751978,5.063166038410073,0.20747465048475788,0.3231417641865069
949,adam,949,950,2.1623247923683803e-06,1,0.00047103310602439335,0.0002339983422049285,0.0019932180831904057,8.082934538845014e-07,1,1,,0,5.22972102284715e-09,-14.78713826799098,-0.003769188818278038,-0.21624782090969766,0.0013599128813222717,0.00047103310602439335,0.00099359990174089,0.005388397315397978,0.0007898472717071266,0.0007526072108774772,0.1278231562751978,5.063166038410073,0.2074746141691085,0.32314167404569033
950,adam,950,951,2.1407015444446967e-06,1,0.00047103310602439335,0.00023399638619696388,0.0019932049702292647,8.299346134564546e-07,1,1,,0,7.975487856922705e-09,-14.78713826799098,-0.0037678866214683124,-0.21624842899549704,0.001361641234094458,0.00047103310602439335,0.00099359990174089,0.005388397315397978,0.0007898472717071266,0.0007526072108774772,0.1278231562751978,5.063166038410073,0.20747459636545557,0.3231416420171835
951,adam,951,952,2.1192945290002496e-06,1,0.0004709196865424742,0.0001922067986663645,0.001954896459334918,8.65492359607314e-07,1,2,,0,4.365444830456943e-12,-14.787097259349776,-0.0037742737650449374,-0.21624950879503935,0.0013632675605888495,0.0004709196865424742,0.0009935923724263746,0.0053881411866450665,0.0007897442320775141,0.0007525902092705536,0.1278223216535852,5.063086623073988,0.20747459490532663,0.32314166125744076
952,adam,952,953,2.098101583710247e-06,1,0.0004709196865424742,0.00019220986334662126,0.0019549920687404695,7.469725804820895e-07,1,1,,0,2.7872504148498706e-09,-14.787097259349776,-0.0037734082576748726,-0.21625090700139843,0.001364315217698199,0.0004709196865424742,0.0009935923724263746,0.0053881411866450665,0.0007897442320775141,0.0007525902092705536,0.1278223216535852,5.063086623073988,0.2074746156751663,0.32314175167661363
953,adam,953,954,2.077120567873144e-06,1,0.0004709196865424742,0.00019221265244925075,0.00195507455262047,6.786255967750437e-07,1,1,,0,5.405656506344633e-09,-14.787097259349776,-0.003772839898910818,-0.21625258427179392,0.0013648512330671119,0.0004709196865424742,0.0009935923724263746,0.0053881411866450665,0.0007897442320775141,0.0007525902092705536,0.1278223216535852,5.063086623073988,0.20747465599762635,0.3231419046587855
954,adam,954,955,2.0563493621944134e-06,1,0.0004709196865424742,0.0001922151954785575,0.001955145359930987,6.55660977739002e-07,1,1,,0,7.937662610451797e-09,-14.787097259349776,-0.0037725343396968034,-0.21625450561339174,0.0013649352915377447,0.0004709196865424742,0.0009935923724263746,0.0053881411866450665,0.0007897442320775141,0.0007525902092705536,0.1278223216535852,5.063086623073988,0.207474713492722,0.3231421125447672
955,adam,955,956,2.035785868572469e-06,1,0.0004710342002142889,0.00023538001197944805,0.002965591538152972,6.675653095644931e-07,1,2,,0,1.1350224888183336e-12,-14.787122927755902,-0.003774626387758681,-0.21625663990705432,0.0013646205356634934,0.0004710342002142889,0.000993579908498558,0.0053878344543369355,0.000789678820381877,0.0007525844712648594,0.12782303921677488,5.063071311803343,0.20747478604493677,0.32314236852664713
956,adam,956,957,2.015428009886744e-06,1,0.0004710342002142889,0.0002353792368277602,0.0029655033734186545,5.497215391673507e-07,1,1,,0,2.079926760319134e-09,-14.787122927755902,-0.00377485989834917,-0.21625849606063538,0.0013636740738113841,0.0004710342002142889,0.000993579908498558,0.0053878344543369355,0.000789678820381877,0.0007525844712648594,0.12782303921677488,5.063071311803343,0.20747486044651836,0.32314261770388325
957,adam,957,958,1.995273729787877e-06,1,0.0004710342002142889,0.00023537870156798495,0.0029654063672590815,5.057750509089139e-07,1,1,,0,3.794011398513952e-09,-14.787122927755902,-0.00377536343201232,-0.21626010463345458,0.001362173096637954,0.0004710342002142889,0.000993579908498558,0.0053878344543369355,0.000789678820381877,0.0007525844712648594,0.12782303921677488,5.063071311803343,0.2074749363710681,0.32314286054547764
958,adam,958,959,1.975320992489998e-06,1,0.0004710342002142889,0.00023537838032875494,0.002965301725585014,5.2642405413523e-07,1,1,,0,5.327308930730682e-09,-14.787122927755902,-0.003776104189887439,-0.21626149286966856,0.0013601861971099698,0.0004710342002142889,0.000993579908498558,0.0053878344543369355,0.000789678820381877,0.0007525844712648594,0.12782303921677488,5.063071311803343,0.2074750135315717,0.3231430974770669
959,adam,959,960,1.955567782565098e-06,1,0.0004710342002142889,0.00023537825002046812,0.0029651905165392883,5.864947179554085e-07,1,1,,0,6.8513496167603445e-09,-14.787122927755902,-0.0037770530060859927,-0.21626268505754845,0.0013577743193799122,0.0004710342002142889,0.000993579908498558,0.0053878344543369355,0.000789678820381877,0.0007525844712648594,0.12782303921677488,5.063071311803343,0.20747509167569209,0.32314332888498404
960,adam,960,961,1.936012104739447e-06,1,0.0004710342002142889,0.00023537829002482773,0.0029650736860051315,6.63166785259867e-07,1,1,,0,8.505012699801915e-09,-14.787122927755902,-0.0037781839487210467,-0.21626370284982452,0.001354991603032952,0.0004710342002142889,0.000993579908498558,0.0053878344543369355,0.000789678820381877,0.0007525844712648594,0.12782303921677488,5.063071311803343,0.2074751705816435,0.3231435551199617
961,adam,961,962,1.9166519836920524e-06,1,0.0004709112346061897,0.00022580658384863553,0.002071910368666451,7.431632600332981e-07,1,2,,0,4.040274550663077e-12,-14.78719932453531,-0.0037723305070319043,-0.21626456554931733,0.0013518861342426552,0.0004709112346061897,0.0009935617910077881,0.0053877138158806275,0.0007896983044753809,0.00075259350491381,0.12782495843304076,5.063128939622039,0.20747525005457024,0.3231437765005018
962,adam,962,963,1.8974854638551318e-06,1,0.0004709112346061897,0.0002258082570902268,0.0020719183794661884,7.039892847315497e-07,1,1,,0,2.3075172051838853e-09,-14.78719932453531,-0.0037735312558660064,-0.21626492124205557,0.0013491414468949474,0.0004709112346061897,0.0009935617910077881,0.0053877138158806275,0.0007896983044753809,0.00075259350491381,0.12782495843304076,5.063128939622039,0.20747531008733272,0.32314392567445877
963,adam,963,964,1.8785106092165805e-06,1,0.0004709112346061897,0.00022581023930210069,0.0020719362305369393,6.973316001308567e-07,1,1,,0,4.669995022305502e-09,-14.78719932453531,-0.003774654093293549,-0.2162648297457892,0.001346718266829541,0.0004709112346061897,0.0009935617910077881,0.0053877138158806275,0.0007896983044753809,0.00075259350491381,0.12782495843304076,5.063128939622039,0.2074753529265957,0.32314401101121043
964,adam,964,965,1.8597255031244148e-06,1,0.0004709112346061897,0.0002258124912240438,0.002071962733787825,7.137548696617927e-07,1,1,,0,7.1517841511676316e-09,-14.78719932453531,-0.003775706977994687,-0.2162643442848257,0.0013445815717998844,0.0004709112346061897,0.0009935617910077881,0.0053877138158806275,0.0007896983044753809,0.00075259350491381,0.12782495843304076,5.063128939622039,0.20747538057177925,0.3231440399619371
965,adam,965,966,1.8411282480931705e-06,1,0.0004709112346061897,0.00022581497802900044,0.002071996832510755,7.442806620261678e-07,1,1,,0,9.790590457927228e-09,-14.78719932453531,-0.003776697013229916,-0.21626351221228954,0.0013427001314085657,0.0004709112346061897,0.0009935617910077881,0.0053877138158806275,0.0007896983044753809,0.00075259350491381,0.12782495843304076,5.063128939622039,0.2074753948020828,0.3231440191598405
966,adam,966,967,1.8227169656122388e-06,1,0.0004708857748625794,0.0002047637876166251,0.002919000667148452,7.819683848152243e-07,1,2,,0,4.129547271223168e-12,-14.787225221743798,-0.0037703625055813222,-0.2162623756533065,0.00134104609681647,0.0004708857748625794,0.0009935609058380841,0.005387858289021068,0.0007897631157952931,0.0007526041993689449,0.12782505528594787,5.063167141174642,0.2074753972005695,0.3231439545094325
967,adam,967,968,1.8044897959561164e-06,1,0.0004708857748625794,0.00020476044309137803,0.0029189512489273266,6.326718698862045e-07,1,1,,0,2.4672246073687804e-09,-14.787225221743798,-0.0037709299730011394,-0.21626107572808828,0.0013400657047442062,0.0004708857748625794,0.0009935609058380841,0.005387858289021068,0.0007897631157952931,0.0007526041993689449,0.12782505528594787,5.063167141174642,0.20747538313103925,0.3231438489248696
968,adam,968,969,1.7864448979965553e-06,1,0.0004708857748625794,0.00020475754357383464,0.002918931386741189,5.3452668270874e-07,1,1,,0,4.583997728159534e-09,-14.787225221743798,-0.0037711759183631836,-0.21625963308731905,0.001339679856658145,0.0004708857748625794,0.0009935609058380841,0.005387858289021068,0.0007897631157952931,0.0007526041993689449,0.12782505528594787,5.063167141174642,0.20747535456299496,0.32314370746121623
969,adam,969,970,1.7685804490165898e-06,1,0.0004708857748625794,0.00020475503883921476,0.002918937584507932,4.904837410809144e-07,1,1,,0,6.459960714016471e-09,-14.787225221743798,-0.0037711383619656418,-0.21625806610239384,0.0013398181828216827,0.0004708857748625794,0.0009935609058380841,0.005387858289021068,0.0007897631157952931,0.0007526041993689449,0.12782505528594787,5.063167141174642,0.20747531324907773,0.32314353460815265
970,adam,970,971,1.7508946445264239e-06,1,0.0004708857748625794,0.00020475288431642398,0.002918966733079286,4.940928158607804e-07,1,1,,0,8.195230487369823e-09,-14.787225221743798,-0.0037708511225092722,-0.21625639111419848,0.0013404180845952398,0.0004708857748625794,0.0009935609058380841,0.005387858289021068,0.0007897631157952931,0.0007526041993689449,0.12782505528594787,5.063167141174642,0.207475260748676,0.32314333435261544
971,adam,971,972,1.7333856980811595e-06,1,0.0004708857748625794,0.00020475104043718656,0.0029190160675406224,5.298417042449441e-07,1,1,,0,9.877017606775337e-09,-14.787225221743798,-0.003770344278609463,-0.21625462265475914,0.0013414238817630686,0.0004708857748625794,0.0009935609058380841,0.005387858289021068,0.0007897631157952931,0.0007526041993689449,0.12782505528594787,5.063167141174642,0.20747519844898676,0.3231431102345067
972,adam,972,973,1.716051841100348e-06,1,0.00047103735203290245,0.00024392146070401787,0.002306933680931611,5.819487442135212e-07,1,2,,0,1.3270465060955485e-12,-14.787155090948596,-0.003771108837996517,-0.21625277364471934,0.0013427860533704876,0.00047103735203290245,0.0009935640219360716,0.005387990894040856,0.0007897487923850278,0.0007525971682741027,0.1278231267610055,5.063102372654233,0.20747512758379894,0.3231428653962381
973,adam,973,974,1.6988913226893444e-06,1,0.00047103735203290245,0.00024392174241409984,0.002307033829797826,5.275300566216241e-07,1,1,,0,1.7322807620816641e-09,-14.787155090948596,-0.0037702906782967806,-0.21625140070409848,0.0013443694140972296,0.00047103735203290245,0.0009935640219360716,0.005387990894040856,0.0007897487923850278,0.0007525971682741027,0.1278231267610055,5.063102372654233,0.207475061344125,0.3231426592666886
974,adam,974,975,1.6819024094624509e-06,1,0.00047103735203290245,0.00024392136514902825,0.0023071183992676146,5.20366579048432e-07,1,1,,0,3.321662492022111e-09,-14.787155090948596,-0.003769369188229396,-0.21625044925078868,0.001346146071923513,0.00047103735203290245,0.0009935640219360716,0.005387990894040856,0.0007897487923850278,0.0007525971682741027,0.1278231267610055,5.063102372654233,0.20747499926008253,0.3231424875234681
975,adam,975,976,1.6650833853678265e-06,1,0.00047103735203290245,0.000243920407879585,0.002307189139916859,5.473433023910478e-07,1,1,,0,4.922430079404449e-09,-14.787155090948596,-0.0037683575864910913,-0.21624987067460616,0.0013480912216158167,0.00047103735203290245,0.0009935640219360716,0.005387990894040856,0.0007897487923850278,0.0007525971682741027,0.1278231267610055,5.063102372654233,0.2074749409126643,0.3231423463152778
976,adam,976,977,1.6484325515141481e-06,1,0.00047103735203290245,0.00024391894089695166,0.002307247609916533,5.935017621016777e-07,1,1,,0,6.650721941682851e-09,-14.787155090948596,-0.0037672676308637405,-0.21624962168660486,0.001350182806756814,0.00047103735203290245,0.0009935640219360716,0.005387990894040856,0.0007897487923850278,0.0007525971682741027,0.1278231267610055,5.063102372654233,0.20747488592812938,0.3231422322106429
977,adam,977,978,1.6319482259990067e-06,1,0.00047103735203290245,0.00024391702675013543,0.0023072951962192336,6.476752927872136e-07,1,1,,0,8.578903120878635e-09,-14.787155090948596,-0.0037661097776610377,-0.2162496637392591,0.00135240121875409,0.00047103735203290245,0.0009935640219360716,0.005387990894040856,0.0007897487923850278,0.0007525971682741027,0.1278231267610055,5.063102372654233,0.2074748339730281,0.3231421421522297
978,adam,978,979,1.6156287437390166e-06,1,0.0004708602360736421,0.00022323386275885588,0.0017888632053449046,7.031876832196888e-07,1,2,,0,5.256537467935541e-12,-14.787076127083914,-0.0037738234563205386,-0.21624996250979814,0.0013547290287806947,0.0004708602360736421,0.0009935613303899292,0.005387854831243423,0.0007896830391278547,0.0007525811027765809,0.12782183934027455,5.0630012825800526,0.20747478474978576,0.32314207341613727
979,adam,979,980,1.5994724563016262e-06,1,0.0004708602360736421,0.00022323454787863373,0.0017888507426254284,6.516891107015036e-07,1,1,,0,2.367466989335842e-09,-14.787076127083914,-0.0037728375682036155,-0.2162506643178748,0.001356825000377767,0.0004708602360736421,0.0009935613303899292,0.005387854831243423,0.0007896830391278547,0.0007525811027765809,0.12782183934027455,5.0630012825800526,0.20747475281235372,0.32314206327786404
980,adam,980,981,1.5834777317386102e-06,1,0.0004708602360736421,0.00022323525938421036,0.0017888319594199882,6.296027098525927e-07,1,1,,0,4.732027606542679e-09,-14.787076127083914,-0.003772058840272539,-0.21625171991016107,0.001358714063553559,0.0004708602360736421,0.0009935613303899292,0.005387854831243423,0.0007896830391278547,0.0007525811027765809,0.12782183934027455,5.0630012825800526,0.20747473612741293,0.32314210477227373
981,adam,981,982,1.567642954421224e-06,1,0.0004708602360736421,0.00022323599308715823,0.0017888076245725472,6.301969013268631e-07,1,1,,0,7.138162870357287e-09,-14.787076127083914,-0.0037714638441668897,-0.2162530855169874,0.0013604184506918564,0.0004708602360736421,0.0009935613303899292,0.005387854831243423,0.0007896830391278547,0.0007525811027765809,0.12782183934027455,5.0630012825800526,0.20747473288681603,0.32314219170363495
982,adam,982,983,1.5519665248770116e-06,1,0.0004708602360736421,0.00022323674531357995,0.0017887784223539261,6.461872559790145e-07,1,1,,0,9.61531233413673e-09,-14.787076127083914,-0.0037710317033007148,-0.21625472224714104,0.0013619579885689973,0.0004708602360736421,0.0009935613303899292,0.005387854831243423,0.0007896830391278547,0.0007525811027765809,0.12782183934027455,5.0630012825800526,0.20747474148274886,0.3231423185611805
983,adam,983,984,1.5364468596282416e-06,1,0.00047091874018728843,0.0002140896968004033,0.0027131264671121434,6.712662931011186e-07,1,2,,0,1.927564711396103e-12,-14.787082394658281,-0.003774836695134684,-0.21625659554941942,0.0013633503587608588,0.00047091874018728843,0.0009935586604006429,0.0053876077103071395,0.0007896575604409255,0.0007525766214187084,0.12782260831505063,5.062972849335894,0.20747476048564215,0.32314248044393445
984,adam,984,985,1.5210823910319593e-06,1,0.00047091874018728843,0.00021409023047380105,0.0027130807239966474,5.373802210483457e-07,1,1,,0,2.116647812998859e-09,-14.787082394658281,-0.003774785798855417,-0.21625826352084618,0.0013641068780801868,0.00047091874018728843,0.0009935586604006429,0.0053876077103071395,0.0007896575604409255,0.0007525766214187084,0.12782260831505063,5.062972849335894,0.20747478893596652,0.3231426451886197
985,adam,985,986,1.5058715671216396e-06,1,0.00047091874018728843,0.00021409082034578165,0.0027130273789413724,4.4613095767626636e-07,1,1,,0,3.795702575926015e-09,-14.787082394658281,-0.003774944077466892,-0.21625974842275242,0.0013643028961478536,0.00047091874018728843,0.0009935586604006429,0.0053876077103071395,0.0007896575604409255,0.0007525766214187084,0.12782260831505063,5.062972849335894,0.20747482566992792,0.3231428122135197
986,adam,986,987,1.4908128514504232e-06,1,0.00047091874018728843,0.00021409145993602112,0.0027129674140522935,4.0155361721076936e-07,1,1,,0,5.141470712463358e-09,-14.787082394658281,-0.0037752865034904166,-0.2162610701045888,0.0013640054057249664,0.00047091874018728843,0.0009935586604006429,0.0053876077103071395,0.0007896575604409255,0.0007525766214187084,0.12782260831505063,5.062972849335894,0.2074748696536737,0.32314298100809613
987,adam,987,988,1.475904722935919e-06,1,0.00047091874018728843,0.00021409214347095108,0.002712901701022353,4.0011055577741664e-07,1,1,,0,6.2578854879111875e-09,-14.787082394658281,-0.0037757908111105704,-0.21626224626523266,0.0013632739636766451,0.00047091874018728843,0.0009935586604006429,0.0053876077103071395,0.0007896575604409255,0.0007525766214187084,0.12782260831505063,5.062972849335894,0.2074749199688488,0.3231431511245834
988,adam,988,989,1.4611456757065598e-06,1,0.00047091874018728843,0.00021409286580051926,0.002712831013409629,4.289079190514991e-07,1,1,,0,7.247139853253955e-09,-14.787082394658281,-0.003776437193687689,-0.21626329268598568,0.001362161510489553,0.00047091874018728843,0.0009935586604006429,0.0053876077103071395,0.0007896575604409255,0.0007525766214187084,0.12782260831505063,5.062972849335894,0.2074749757997696,0.32314332217057623
989,adam,989,990,1.4465342189494942e-06,1,0.00047091874018728843,0.00021409362232555656,0.002712756037519858,4.7345002333528034e-07,1,1,,0,8.20548319495281e-09,-14.787082394658281,-0.003777208034379079,-0.21626422343832824,0.0013607150995175003,0.00047091874018728843,0.0009935586604006429,0.0053876077103071395,0.0007896575604409255,0.0007525766214187084,0.12782260831505063,5.062972849335894,0.2074750364220325,0.32314349380249213
990,adam,990,991,1.432068876759999e-06,1,0.00047091874018728843,0.0002140944089346156,0.002712677382097692,5.236310594957212e-07,1,1,,0,9.216795498765445e-09,-14.787082394658281,-0.0037780876662460057,-0.21626505106916477,0.0013589765458996875,0.00047091874018728843,0.0009935586604006429,0.0053876077103071395,0.0007896575604409255,0.0007525766214187084,0.12782260831505063,5.062972849335894,0.2074751011923939,0.32314366571980474
991,adam,991,992,1.417748187992399e-06,1,0.00047095078483794955,0.00024307449484367596,0.002175274255817439,5.738535339099632e-07,1,2,,0,3.905183905248359e-12,-14.78716503095605,-0.0037728277440072433,-0.2162657867660006,0.0013569830040030583,0.00047095078483794955,0.000993550631423973,0.005387441175874026,0.0007897150090139586,0.0007525874407114283,0.1278246935800918,5.063029923090279,0.2074751695397779,0.32314383765995586
992,adam,992,993,1.4035707061124752e-06,1,0.00047095078483794955,0.000243075281637281,0.002175282126063166,5.376669870629457e-07,1,1,,0,1.7017262552020222e-09,-14.78716503095605,-0.0037737108738751016,-0.21626608636053368,0.001355064443348175,0.00047095078483794955,0.000993550631423973,0.005387441175874026,0.0007897150090139586,0.0007525874407114283,0.1278246935800918,5.063029923090279,0.20747523350544722,0.3231439559388801
993,adam,993,994,1.3895349990513503e-06,1,0.00047095078483794955,0.00024307626944213178,0.00217529844328366,5.340158236888373e-07,1,1,,0,3.458296441297686e-09,-14.78716503095605,-0.003774513825716475,-0.2162660016380296,0.0013532140646566938,0.00047095078483794955,0.000993550631423973,0.005387441175874026,0.0007897150090139586,0.0007525874407114283,0.1278246935800918,5.063029923090279,0.20747529353888222,0.32314402678634757
994,adam,994,995,1.375639649060837e-06,1,0.00047095078483794955,0.0002430774332767634,0.0021753221845640276,5.532501883071567e-07,1,1,,0,5.332524029836908e-09,-14.78716503095605,-0.003775245141817622,-0.21626557864962878,0.0013514257937405152,0.00047095078483794955,0.000993550631423973,0.005387441175874026,0.0007897150090139586,0.0007525874407114283,0.1278246935800918,5.063029923090279,0.20747535004057568,0.3231440557473259
995,adam,995,996,1.3618832525702286e-06,1,0.00047095078483794955,0.0002430787509674742,0.002175352440236652,5.858342665251317e-07,1,1,,0,7.35995214769119e-09,-14.78716503095605,-0.003775912441752105,-0.21626485834313935,0.0013496942029529902,0.00047095078483794955,0.000993550631423973,0.005387441175874026,0.0007897150090139586,0.0007525874407114283,0.1278246935800918,5.063029923090279,0.20747540336736356,0.3231440477568667
996,adam,996,997,1.3482644200445262e-06,1,0.00047095078483794955,0.00024308020282927585,0.00217538840141907,6.245874058286402e-07,1,1,,0,9.555794615098455e-09,-14.78716503095605,-0.0037765225221281654,-0.21626387712446896,0.0013480144411598997,0.00047095078483794955,0.000993550631423973,0.005387441175874026,0.0007897150090139586,0.0007525874407114283,0.1278246935800918,5.063029923090279,0.20747545383718585,0.32314400720680914
997,adam,997,998,1.334781775844081e-06,1,0.0004708102845383937,0.00020253355345935074,0.0026484432024097082,6.649058733914412e-07,1,2,,0,3.046375785186511e-12,-14.787188815079654,-0.003771282776060592,-0.21626266735732352,0.0013463821713082466,0.0004708102845383937,0.0009935439894526799,0.005387480968817565,0.000789759283607338,0.0007525923383950495,0.1278242047750843,5.063058017005663,0.20747550173333437,0.32314393800519386
998,adam,998,999,1.32143395808564e-06,1,0.0004708102845383937,0.00020252986927700561,0.0026484104683333395,5.67805417366618e-07,1,1,,0,2.1810512408337106e-09,-14.787188815079654,-0.0037716057541082883,-0.21626135847741607,0.001345262573170186,0.0004708102845383937,0.0009935439894526799,0.005387480968817565,0.000789759283607338,0.0007525923383950495,0.1278242047750843,5.063058017005663,0.20747553435828775,0.32314384021808745
999,adam,999,1000,1.3082196185047836e-06,1,0.0004708102845383937,0.00020252648158215585,0.0026483976701877398,5.025047993926331e-07,1,1,,0,4.132387839982031e-09,-14.787188815079654,-0.0037717211736654458,-0.21625996362082983,0.001344596062193354,0.0004708102845383937,0.0009935439894526799,0.005387480968817565,0.000789759283607338,0.0007525923383950495,0.1278242047750843,5.063058017005663,0.20747555348282049,0.3231437173906089
1000,adam,1000,1001,1.2951374223197358e-06,1,0.0004708102845383937,0.00020252335903254,0.0026484024583516477,4.676320874978494e-07,1,1,,0,5.9189208890849105e-09,-14.787188815079654,-0.0037716535316761625,-0.21625849446683673,0.0013443296096208315,0.0004708102845383937,0.0009935439894526799,0.005387480968817565,0.000789759283607338,0.0007525923383950495,0.1278242047750843,5.063058017005663,0.20747556068354142,0.3231435726720497
1001,adam,1001,1002,1.2821860480965384e-06,1,0.0004708102845383937,0.00020252047374778938,0.002648422742420755,4.587251547456626e-07,1,1,,0,7.597392569560911e-09,-14.787188815079654,-0.0037714246253145785,-0.21625696139712122,0.0013444160248498795,0.0004708102845383937,0.0009935439894526799,0.005387480968817565,0.000789759283607338,0.0007525923383950495,0.1278242047750843,5.063058017005663,0.20747555736402906,0.32314340885964227
1002,adam,1002,1003,1.2693641876155732e-06,1,0.0004708102845383937,0.00020251780091779667,0.0026484566627087724,4.688452726551812e-07,1,1,,0,9.215731287683395e-09,-14.787188815079654,-0.0037710538477211107,-0.21625537363762298,0.0013448133163096942,0.0004708102845383937,0.0009935439894526799,0.005387480968817565,0.000789759283607338,0.0007525923383950495,0.1278242047750843,5.063058017005663,0.2074755447736773,0.3231432284374943
1003,adam,1003,1004,1.2566705457394174e-06,1,0.0004709549104393918,0.00024142647771916085,0.0018606076500527118,4.907825486392187e-07,1,2,,0,2.2093111675155384e-12,-14.787131671546975,-0.0037719247361140064,-0.21625373938489598,0.0013454841222716337,0.0004709549104393918,0.0009935357688543665,0.005387524356181492,0.0007897129768439184,0.0007525804357083849,0.12782205769698327,5.063000034904476,0.2074755240244977,0.3231430336112223
1004,adam,1004,1005,1.2441038402820233e-06,1,0.0004709549104393918,0.00024142607191043392,0.0018606005370254612,4.114869851611933e-07,1,1,,0,1.4219485504184088e-09,-14.787131671546975,-0.003771383949692632,-0.21625248527619673,0.0013463576237619538,0.0004709549104393918,0.0009935357688543665,0.005387524356181492,0.0007897129768439184,0.0007525804357083849,0.12782205769698327,5.063000034904476,0.20747549348060848,0.32314286907666345
1005,adam,1005,1006,1.2316628018792029e-06,1,0.0004709549104393918,0.00024142531034403918,0.001860592910011583,3.750358812271283e-07,1,1,,0,2.6119684272651604e-09,-14.787131671546975,-0.0037708038203073655,-0.21625156789502992,0.001347408887617542,0.0004709549104393918,0.0009935357688543665,0.005387524356181492,0.0007897129768439184,0.0007525804357083849,0.12782205769698327,5.063000034904476,0.20747545436585707,0.3231427314392386
1006,adam,1006,1007,1.219346173860411e-06,1,0.0004709549104393918,0.00024142423631682257,0.0018605848414102659,3.7699294879652156e-07,1,1,,0,3.6983989668493995e-09,-14.787131671546975,-0.0037701895696359783,-0.21625094857402455,0.00134861573270657,0.0004709549104393918,0.0009935357688543665,0.005387524356181492,0.0007897129768439184,0.0007525804357083849,0.12782205769698327,5.063000034904476,0.20747540776662646,0.32314261767555746
1007,adam,1007,1008,1.2071527121218068e-06,1,0.0004709549104393918,0.00024142288837065482,0.0018605763954652745,4.0510111656368615e-07,1,1,,0,4.796888794636627e-09,-14.787131671546975,-0.0037695458435992625,-0.21625059287744042,0.0013499584289633788,0.0004709549104393918,0.0009935357688543665,0.005387524356181492,0.0007897129768439184,0.0007525804357083849,0.12782205769698327,5.063000034904476,0.2074753546470821,0.32314252509289765
1008,adam,1008,1009,1.1950811850005887e-06,1,0.0004709549104393918,0.00024142130080270183,0.0018605676291394866,4.4651776348645053e-07,1,1,,0,5.997593519041245e-09,-14.787131671546975,-0.0037688767749004563,-0.21625047014004292,0.0013514194293130324,0.0004709549104393918,0.0009935357688543665,0.005387524356181492,0.0007897129768439184,0.0007525804357083849,0.12782205769698327,5.063000034904476,0.2074752958627381,0.3231424512931103
1009,adam,1009,1010,1.1831303731505827e-06,1,0.0004709549104393918,0.000241419504122648,0.0018605585929120725,4.925168970203272e-07,1,1,,0,7.3582790405065135e-09,-14.787131671546975,-0.0037681860387823707,-0.21625055305620797,0.001352983130893299,0.0004709549104393918,0.0009935357688543665,0.005387524356181492,0.0007897129768439184,0.0007525804357083849,0.12782205769698327,5.063000034904476,0.20747523217252617,0.32314239414047025
1010,adam,1010,1011,1.171299069419077e-06,1,0.0004709549104393918,0.0002414175254614368,0.0018605493314741563,5.382915361403056e-07,1,1,,0,8.906504750768153e-09,-14.787131671546975,-0.0037674769027375007,-0.21625081731378354,0.0013546356623688643,0.0004709549104393918,0.0009935357688543665,0.005387524356181492,0.0007897129768439184,0.0007525804357083849,0.12782205769698327,5.063000034904476,0.2074751642495315,0.3231423517330364
1011,adam,1011,1012,1.1595860787248861e-06,1,0.00047077946167572163,0.0002143154730067448,0.0016117744516908144,5.814600357018925e-07,1,2,,0,4.525154770655912e-12,-14.787046254397893,-0.0037740483389540683,-0.2162512412678361,0.0013563646944887286,0.00047077946167572163,0.000993516989374405,0.005387391504008172,0.0007895989347036832,0.0007525636651268657,0.12782115023354695,5.06288331537193,0.20747509269054068,0.32314232237713997
1012,adam,1012,1013,1.1479902179376374e-06,1,0.00047077946167572163,0.00021431683980156378,0.001611761472512741,5.344367316528652e-07,1,1,,0,1.936211598847742e-09,-14.787046254397893,-0.00377347681045854,-0.2162519093067662,0.00135781270369541,0.00047077946167572163,0.000993516989374405,0.005387391504008172,0.0007895989347036832,0.0007525636651268657,0.12782115023354695,5.06288331537193,0.20747503632768402,0.32314233263329223
1013,adam,1013,1014,1.1365103157582608e-06,1,0.00047077946167572163,0.000214318164152252,0.0016117450074975763,5.072510152908909e-07,1,1,,0,3.820566747255737e-09,-14.787046254397893,-0.0037730422980167106,-0.21625279145295337,0.0013590110370685323,0.00047077946167572163,0.000993516989374405,0.005387391504008172,0.0007895989347036832,0.0007525636651268657,0.12782115023354695,5.06288331537193,0.20747499341469544,0.3231423777703683
1014,adam,1014,1015,1.1251452126006782e-06,1,0.00047077946167572163,0.00021431944937759918,0.0016117254866302557,4.962300021312732e-07,1,1,,0,5.685304671790744e-09,-14.787046254397893,-0.0037727292160932655,-0.21625386105840316,0.0013599876346021694,0.00047077946167572163,0.000993516989374405,0.005387391504008172,0.0007895989347036832,0.0007525636651268657,0.12782115023354695,5.06288331537193,0.20747496239759464,0.32314245358041527
1015,adam,1015,1016,1.1138937604746714e-06,1,0.00047077946167572163,0.00021432069846991845,0.0016117032925823164,4.97200710734956e-07,1,1,,0,7.554340970907622e-09,-14.787046254397893,-0.00377252367767844,-0.2162550944383426,0.0013607673987002984,0.00047077946167572163,0.000993516989374405,0.005387391504008172,0.0007895989347036832,0.0007525636651268657,0.12782115023354695,5.06288331537193,0.2074749418935742,0.32314255632119315
1016,adam,1016,1017,1.1027548228699247e-06,1,0.00047077946167572163,0.0002143219141274506,0.0016116787658494646,5.062097285462122e-07,1,1,,0,9.44451745966927e-09,-14.787046254397893,-0.0037724133098568048,-0.2162564705451071,0.0013613725236100692,0.00047077946167572163,0.000993516989374405,0.005387391504008172,0.0007895989347036832,0.0007525636651268657,0.12782115023354695,5.06288331537193,0.20747493067221087,0.3231426826650269
1017,adam,1017,1018,1.0917272746412257e-06,1,0.00047087274508911215,0.00021879843333501035,0.0019517592914199558,5.200114815651342e-07,1,2,,0,1.736583893060196e-12,-14.787053705651019,-0.003774417539557833,-0.21625797067788752,0.0013618227891341917,0.00047087274508911215,0.0009935076803649033,0.005387210998320569,0.0007895694396215843,0.0007525641684704733,0.12782247349603115,5.062859039431348,0.20747492763874284,0.3231428296532742
1018,adam,1018,1019,1.080810001894813e-06,1,0.00047087274508911215,0.00021879912137184236,0.0019517091688543752,4.1371852092677396e-07,1,1,,0,1.5825141686290558e-09,-14.787053705651019,-0.003774499785916371,-0.21625925196203233,0.0013618827578634743,0.00047087274508911215,0.0009935076803649033,0.005387210998320569,0.0007895694396215843,0.0007525641684704733,0.12782247349603115,5.062859039431348,0.20747493781578766,0.323142969182003
1019,adam,1019,1020,1.070001901875865e-06,1,0.00047087274508911215,0.00021880004653823172,0.0019516635643714282,3.3617363724264745e-07,1,1,,0,2.8209802991161877e-09,-14.787053705651019,-0.003774677655101992,-0.21626033863968422,0.0013615991497177423,0.00047087274508911215,0.0009935076803649033,0.005387210998320569,0.0007895694396215843,0.0007525641684704733,0.12782247349603115,5.062859039431348,0.2074749596148196,0.32314310194312573
1020,adam,1020,1021,1.0593018828571065e-06,1,0.00047087274508911215,0.00021880118027608914,0.0019516219970699047,2.910650095900544e-07,1,1,,0,3.7935470422685664e-09,-14.787053705651019,-0.0037749396996631357,-0.21626125232066773,0.0013610135008156902,0.00047087274508911215,0.0009935076803649033,0.005387210998320569,0.0007895694396215843,0.0007525641684704733,0.12782247349603115,5.062859039431348,0.2074749916235191,0.323143228557125
1021,adam,1021,1022,1.0487088640285352e-06,1,0.00047087274508911215,0.00021880249716700452,0.001951584038004891,2.787352787263262e-07,1,1,,0,4.579119730288433e-09,-14.787053705651019,-0.00377527572906722,-0.2162620122678346,0.0013601627344438417,0.00047087274508911215,0.0009935076803649033,0.005387210998320569,0.0007895694396215843,0.0007525641684704733,0.12782247349603115,5.062859039431348,0.2074750325863376,0.3231433495804892
1022,adam,1022,1023,1.03822177538825e-06,1,0.00047087274508911215,0.00021880397458682097,0.001951549304598293,2.9225809582924025e-07,1,1,,0,5.256905294024864e-09,-14.787053705651019,-0.003775676672710449,-0.2162626356514824,0.0013590796691747508,0.00047087274508911215,0.0009935076803649033,0.005387210998320569,0.0007895694396215843,0.0007525641684704733,0.12782247349603115,5.062859039431348,0.20747508138721227,0.32314346551237866
1023,adam,1023,1024,1.0278395576343675e-06,1,0.00047087274508911215,0.00021880559239864,0.0019515174556326282,3.208842173260503e-07,1,1,,0,5.903595385737454e-09,-14.787053705651019,-0.003776134457847024,-0.21626313777619977,0.0013577934710543964,0.00047087274508911215,0.0009935076803649033,0.005387210998320569,0.0007895694396215843,0.0007525641684704733,0.12782247349603115,5.062859039431348,0.207475137034191,0.3231435768006018
1024,adam,1024,1025,1.0175611620580238e-06,1,0.00047087274508911215,0.00021880733267985793,0.0019514881867890152,3.5591487172693437e-07,1,1,,0,6.5880956785960415e-09,-14.787053705651019,-0.003776641900815195,-0.21626353228312364,0.001356330056014892,0.00047087274508911215,0.0009935076803649033,0.005387210998320569,0.0007895694396215843,0.0007525641684704733,0.12782247349603115,5.062859039431348,0.2074751986457554,0.32314368384697134
1025,adam,1025,1026,1.0073855504374436e-06,1,0.00047087274508911215,0.00021880917947988076,0.0019514612266629135,3.9220716697658233e-07,1,1,,0,7.3653543010976535e-09,-14.787053705651019,-0.0037771926101102782,-0.21626383133027655,0.0013547124479909075,0.00047087274508911215,0.0009935076803649033,0.005387210998320569,0.0007895694396215843,0.0007525641684704733,0.12782247349603115,5.062859039431348,0.20747526543865366,0.3231437870121043
1026,adam,1026,1027,9.973116949330693e-07,1,0.00047087274508911215,0.0002188111186042124,0.0019514363332045247,4.27133023671647e-07,1,1,,0,8.272114191768692e-09,-14.787053705651019,-0.0037777809000151493,-0.2162640457533568,0.0013529610976180137,0.00047087274508911215,0.0009935076803649033,0.005387210998320569,0.0007895694396215843,0.0007525641684704733,0.12782247349603115,5.062859039431348,0.20747533671707516,0.32314388661972243
1027,adam,1027,1028,9.873385779837385e-07,1,0.00047087274508911215,0.00021881313742258014,0.0019514132905448654,4.594676941389664e-07,1,1,,0,9.326658247513474e-09,-14.787053705651019,-0.003778401713638288,-0.21626418520910268,0.001351094165849217,0.00047087274508911215,0.0009935076803649033,0.005387210998320569,0.0007895694396215843,0.0007525641684704733,0.12782247349603115,5.062859039431348,0.20747541186301854,0.32314398296050584
1028,adam,1028,1029,9.77465192203901e-07,1,0.00047078793550428967,0.00021712416920755204,0.0018466780236336272,4.887186652691306e-07,1,2,,0,5.381797902137936e-12,-14.78714889224881,-0.0037725104836103538,-0.21626425830311635,0.0013491277763546848,0.00047078793550428967,0.0009935119779037106,0.005387128518381935,0.000789686108930606,0.0007525789570023426,0.12782418190558964,5.062948423145748,0.2074754903277217,0.32314407629554415
1029,adam,1029,1030,9.67690540281862e-07,1,0.00047078793550428967,0.00021712344262838813,0.0018466882594166253,4.4973435148773327e-07,1,1,,0,1.5554604852078367e-09,-14.78714889224881,-0.003773064439012019,-0.21626407705296818,0.0013474946051175343,0.00047078793550428967,0.0009935119779037106,0.005387128518381935,0.000789686108930606,0.0007525789570023426,0.12782418190558964,5.062948423145748,0.20747555761231862,0.32314413185915797
1030,adam,1030,1031,9.580136348790433e-07,1,0.00047078793550428967,0.00021712279983266338,0.0018467025632801638,4.2865113879484647e-07,1,1,,0,3.0756944410999042e-09,-14.78714889224881,-0.0037735350112384166,-0.21626367208828123,0.0013461573296091609,0.00047078793550428967,0.0009935119779037106,0.005387128518381935,0.000789686108930606,0.0007525789570023426,0.12782418190558964,5.062948423145748,0.2074756149699918,0.3231441540699392
1031,adam,1031,1032,9.484334985302529e-07,1,0.00047078793550428967,0.0002171222319630665,0.0018467204377920548,4.219759540795748e-07,1,1,,0,4.5947181327442194e-09,-14.78714889224881,-0.0037739314532077334,-0.2162630706425547,0.001345082689600173,0.00047078793550428967,0.0009935119779037106,0.005387128518381935,0.000789686108930606,0.0007525789570023426,0.12782418190558964,5.062948423145748,0.20747566351661414,0.32314414686024373
1032,adam,1032,1033,9.389491635449504e-07,1,0.00047078793550428967,0.00021712173110856605,0.0018467414404818752,4.2575056751316607e-07,1,1,,0,6.1367530593872365e-09,-14.78714889224881,-0.003774262013532441,-0.2162622969268272,0.0013442410461330452,0.00047078793550428967,0.0009935119779037106,0.005387128518381935,0.000789686108930606,0.0007525789570023426,0.12782418190558964,5.062948423145748,0.2074757042457365,0.3231441137293958
1033,adam,1033,1034,9.29559671909501e-07,1,0.00047078793550428967,0.0002171212902024615,0.0018467651778088217,4.3629957446083415e-07,1,1,,0,7.718022204365952e-09,-14.78714889224881,-0.003774534045310354,-0.21626137246224883,0.0013436059883613883,0.00047078793550428967,0.0009935119779037106,0.005387128518381935,0.000789686108930606,0.0007525789570023426,0.12782418190558964,5.062948423145748,0.207475738041945,0.32314405779107364
1034,adam,1034,1035,9.202640751904058e-07,1,0.00047078793550428967,0.00021712090293154326,0.0018467912997954723,4.5068698752313474e-07,1,1,,0,9.34831179524991e-09,-14.78714889224881,-0.0037747541031334883,-0.2162603163760838,0.0013431539830606255,0.00047078793550428967,0.0009935119779037106,0.005387128518381935,0.000789686108930606,0.0007525789570023426,0.12782418190558964,5.062948423145748,0.20747576569276321,0.32314398181551374
1035,adam,1035,1036,9.110614344385018e-07,1,0.00047082114358857415,0.00023185836506367665,0.002999424395773955,4.668039611202967e-07,1,2,,0,1.9478079219052023e-12,-14.787157350543044,-0.003771845365660476,-0.2162591456651629,0.0013428640621796298,0.00047082114358857415,0.0009935197907208217,0.0053872027556341,0.0007897393035821658,0.000752579714779227,0.1278231160598986,5.062967153661058,0.20747578789925808,0.3231438882670994
1036,adam,1036,1037,9.019508200941168e-07,1,0.00047082114358857415,0.0002318572291928552,0.0029994556810354718,3.8311998025359413e-07,1,1,,0,1.4564265257621365e-09,-14.787157350543044,-0.0037718642192857504,-0.2162580700017301,0.0013428401033293747,0.00047082114358857415,0.0009935197907208217,0.0053872027556341,0.0007897393035821658,0.000752579714779227,0.1278231160598986,5.062967153661058,0.2074757981539845,0.3231437923986926
1037,adam,1037,1038,8.929313118931756e-07,1,0.00047082114358857415,0.00023185587629240287,0.0029994967945532595,3.2382378055153227e-07,1,1,,0,2.6575174784798324e-09,-14.787157350543044,-0.003771746599229946,-0.21625707938589406,0.001343050533417083,0.00047082114358857415,0.0009935197907208217,0.0053872027556341,0.0007897393035821658,0.000752579714779227,0.1278231160598986,5.062967153661058,0.20747579786784515,0.32314369461746734
1038,adam,1038,1039,8.840019987742438e-07,1,0.00047082114358857415,0.00023185433357198913,0.002999546505184852,2.9009873864856144e-07,1,1,,0,3.6671299124118624e-09,-14.787157350543044,-0.0037715089207698924,-0.21625616489797148,0.0013434672627124057,0.00047082114358857415,0.0009935197907208217,0.0053872027556341,0.0007897393035821658,0.000752579714779227,0.1278231160598986,5.062967153661058,0.20747578829602367,0.3231435952825909
1039,adam,1039,1040,8.751619787865015e-07,1,0.00047082114358857415,0.00023185262528140074,0.0029996037195908626,2.802928456612954e-07,1,1,,0,4.546512500503946e-09,-14.787157350543044,-0.0037711657816985296,-0.21625531858154162,0.0013440653030716424,0.00047082114358857415,0.0009935197907208217,0.0053872027556341,0.0007897393035821658,0.000752579714779227,0.1278231160598986,5.062967153661058,0.2074757705550454,0.32314349471069703
1040,adam,1040,1041,8.664103589986365e-07,1,0.00047082114358857415,0.00023185077302185112,0.0029996674669285684,2.88875338724792e-07,1,1,,0,5.352939495866864e-09,-14.787157350543044,-0.00377073016204174,-0.2162545333391624,0.0013448224279845537,0.00047082114358857415,0.0009935197907208217,0.0053872027556341,0.0007897393035821658,0.000752579714779227,0.1278231160598986,5.062967153661058,0.20747574563797364,0.32314339318073987
1041,adam,1041,1042,8.5774625540865e-07,1,0.00047082114358857415,0.0002318487960260122,0.00299973688527425,3.087392379958065e-07,1,1,,0,6.137667742991902e-09,-14.787157350543044,-0.0037702136018408004,-0.21625380283937928,0.0013457188698604455,0.00047082114358857415,0.0009935197907208217,0.0053872027556341,0.0007897393035821658,0.000752579714779227,0.1278231160598986,5.062967153661058,0.20747571442794552,0.3231432909382984
1042,adam,1042,1043,8.491687928545634e-07,1,0.00047082114358857415,0.00023184671140975878,0.0029998112095284257,3.340186762813487e-07,1,1,,0,6.943650419692752e-09,-14.787157350543044,-0.0037696263594087453,-0.21625312143380251,0.0013467370504738174,0.00047082114358857415,0.0009935197907208217,0.0053872027556341,0.0007897393035821658,0.000752579714779227,0.1278231160598986,5.062967153661058,0.20747567771022715,0.32314318819939314
1043,adam,1043,1044,8.406771049260178e-07,1,0.00047082114358857415,0.00023184453439766776,0.0029998897606865627,3.609263447125962e-07,1,1,,0,7.80379655892316e-09,-14.787157350543044,-0.0037689775522068867,-0.21625248408316317,0.0013478613409379288,0.00047082114358857415,0.0009935197907208217,0.0053872027556341,0.0007897393035821658,0.000752579714779227,0.1278231160598986,5.062967153661058,0.20747563618295023,0.3231430851538697
1044,adam,1044,1045,8.322703338767577e-07,1,0.00047082114358857415,0.00023184227852576425,0.002999971936289489,3.8731762742855317e-07,1,1,,0,8.740433011034106e-09,-14.787157350543044,-0.003768275282250124,-0.21625188629137646,0.001349077847969753,0.00047082114358857415,0.0009935197907208217,0.0053872027556341,0.0007897393035821658,0.000752579714779227,0.1278231160598986,5.062967153661058,0.20747559046667305,0.3231429819683985
1045,adam,1045,1046,8.239476305379902e-07,1,0.00047082114358857415,0.00023183995582247118,0.0030000572019364727,4.120768974341237e-07,1,1,,0,9.766122288865352e-09,-14.787157350543044,-0.003767526747739959,-0.2162513240467436,0.0013503742235685564,0.00047082114358857415,0.0009935197907208217,0.0053872027556341,0.0007897393035821658,0.000752579714779227,0.1278231160598986,5.062967153661058,0.2074755411128949,0.32314287878913334
1046,adam,1046,1047,8.157081542326102e-07,1,0.0004708309370774278,0.00023397834404526597,0.0019281601721699345,4.346805934074053e-07,1,2,,0,6.368604260685956e-12,-14.78705243865791,-0.0037741680542510226,-0.21625079376952094,0.0013517394955398312,0.0004708309370774278,0.0009935098084546093,0.005387184554576221,0.0007896104322195977,0.0007525561585432337,0.1278207828575245,5.062838621374112,0.20747548861163828,0.32314277574406786
1047,adam,1047,1048,8.075510726902841e-07,1,0.0004708309370774278,0.00023397898799574877,0.0019281604272589408,3.9053869480494486e-07,1,1,,0,1.329894155605592e-09,-14.78705243865791,-0.0037734976281681293,-0.2162505362538187,0.0013530074521526027,0.0004708309370774278,0.0009935098084546093,0.005387184554576221,0.0007896104322195977,0.0007525561585432337,0.1278207828575245,5.062838621374112,0.20747544146401847,0.3231426999364752
1048,adam,1048,1049,7.994755619633813e-07,1,0.0004708309370774278,0.00023397957788696494,0.0019281564991684877,3.639513029266089e-07,1,1,,0,2.5910374320748396e-09,-14.78705243865791,-0.003772933461446245,-0.2162505191324017,0.0013541881686866086,0.0004708309370774278,0.0009935098084546093,0.005387184554576221,0.0007896104322195977,0.0007525561585432337,0.1278207828575245,5.062838621374112,0.20747539908369497,0.3231426482251827
1049,adam,1049,1050,7.914808063437474e-07,1,0.0004708309370774278,0.00023398011946447982,0.0019281488876043249,3.523517041783756e-07,1,1,,0,3.824138702148398e-09,-14.78705243865791,-0.003772463721353017,-0.21625071362647155,0.0013552906331443931,0.0004708309370774278,0.0009935098084546093,0.005387184554576221,0.0007896104322195977,0.0007525561585432337,0.1278207828575245,5.062838621374112,0.2074753609487721,0.3231426178138725
1050,adam,1050,1051,7.8356599828031e-07,1,0.0004708309370774278,0.00023398061785360943,0.0019281380373211763,3.5225261646333407e-07,1,1,,0,5.060827125574543e-09,-14.78705243865791,-0.003772077860976455,-0.2162510941503633,0.0013563228640008744,0.0004708309370774278,0.0009935098084546093,0.005387184554576221,0.0007896104322195977,0.0007525561585432337,0.1278207828575245,5.062838621374112,0.2074753265946959,0.3231426062133861
1051,adam,1051,1052,7.757303382975068e-07,1,0.0004708309370774278,0.0002339810776261347,0.0019281243441109058,3.5999556034232517e-07,1,1,,0,6.3239925695660245e-09,-14.78705243865791,-0.0037717664797856172,-0.2162516379597721,0.0013572920151987222,0.0004708309370774278,0.0009935098084546093,0.005387184554576221,0.0007896104322195977,0.0007525561585432337,0.1278207828575245,5.062838621374112,0.20747529560793887,0.3231426112081485
1052,adam,1052,1053,7.679730349145317e-07,1,0.0004708309370774278,0.00023398150285966463,0.0019281081601390817,3.724338352017204e-07,1,1,,0,7.62889226997402e-09,-14.78705243865791,-0.003771521199310139,-0.21625232483871493,0.0013582044697692842,0.0004708309370774278,0.0009935098084546093,0.005387184554576221,0.0007896104322195977,0.0007525561585432337,0.1278207828575245,5.062838621374112,0.20747526762038354,0.3231426308262626
1053,adam,1053,1054,7.602933045653863e-07,1,0.0004708309370774278,0.0002339818971910137,0.0019280897987020871,3.8721640262457157e-07,1,1,,0,8.984553558092167e-09,-14.78705243865791,-0.0037713345522985436,-0.21625313682096292,0.001359065923313228,0.0004708309370774278,0.0009935098084546093,0.005387184554576221,0.0007896104322195977,0.0007525561585432337,0.1278207828575245,5.062838621374112,0.2074752423043275,0.3231426633128722
1054,adam,1054,1055,7.526903715197326e-07,1,0.0004707992434871091,0.00020328023485316962,0.002701071819858693,4.0274680420188594e-07,1,2,,0,1.959748899305183e-12,-14.78702450940777,-0.00377511621967891,-0.2162540579421451,0.0013598814584370332,0.0004707992434871091,0.0009935026278375724,0.005387088679454483,0.0007895337912928786,0.0007525488146559641,0.12782097932722106,5.06278075091969,0.20747521936804,0.32314270710643594
1055,adam,1055,1056,7.451634678045352e-07,1,0.0004707992434871091,0.00020328118311938175,0.0027010544641796644,3.427590186949933e-07,1,1,,0,1.2874251330544006e-09,-14.78702450940777,-0.0037750972478568664,-0.21625491392071033,0.0013604197759768087,0.0004707992434871091,0.0009935026278375724,0.005387088679454483,0.0007895337912928786,0.0007525488146559641,0.12782097932722106,5.06278075091969,0.20747520410145015,0.323142762288437
1056,adam,1056,1057,7.377118331264899e-07,1,0.0004707992434871091,0.00020328216685492912,0.002701030157007141,3.0061942283666444e-07,1,1,,0,2.3751555328666817e-09,-14.78702450940777,-0.0037751803786334037,-0.2162557114936253,0.0013607131564617669,0.0004707992434871091,0.0009935026278375724,0.005387088679454483,0.0007895337912928786,0.0007525488146559641,0.12782097932722106,5.06278075091969,0.20747519560871047,0.3231428274326317
1057,adam,1057,1058,7.30334714795225e-07,1,0.0004707992434871091,0.00020328318096114715,0.002700999755077978,2.7585660809489333e-07,1,1,,0,3.3058340818938237e-09,-14.78702450940777,-0.003775353392219967,-0.21625645667058602,0.0013607903289582454,0.0004707992434871091,0.0009935026278375724,0.005387088679454483,0.0007895337912928786,0.0007525488146559641,0.12782097932722106,5.06278075091969,0.20747519309291976,0.323142901271963
1058,adam,1058,1059,7.230313676472727e-07,1,0.0004707992434871091,0.00020328422092225374,0.0027009640201664307,2.664742048948507e-07,1,1,,0,4.119161193594818e-09,-14.78702450940777,-0.003775605417070924,-0.21625715481282742,0.0013606768597620215,0.0004707992434871091,0.0009935026278375724,0.005387088679454483,0.0007895337912928786,0.0007525488146559641,0.12782097932722106,5.06278075091969,0.20747519584523794,0.32314298268096514
1059,adam,1059,1060,7.158010539707999e-07,1,0.0004707992434871091,0.00020328528273656695,0.002700923629493816,2.6894635188663553e-07,1,1,,0,4.851660285175934e-09,-14.78702450940777,-0.0037759267822276587,-0.21625781070338876,0.0013603954985722615,0.0004707992434871091,0.0009935026278375724,0.005387088679454483,0.0007895337912928786,0.0007525488146559641,0.12782097932722106,5.06278075091969,0.2074752032352006,0.3231430706601132
1060,adam,1060,1061,7.08643043431092e-07,1,0.0004707992434871091,0.000203286362856624,0.0027008791850038514,2.7923613540184075e-07,1,1,,0,5.5361720007392564e-09,-14.78702450940777,-0.003776308885822446,-0.21625842860976385,0.0013599664867932925,0.0004707992434871091,0.0009935026278375724,0.005387088679454483,0.0007895337912928786,0.0007525488146559641,0.12782097932722106,5.06278075091969,0.2074752147021006,0.32314316432190227
1061,adam,1061,1062,7.01556612996781e-07,1,0.0004707992434871091,0.00020328745813662677,0.002700831221622702,2.938746448698159e-07,1,1,,0,6.20123531653317e-09,-14.78702450940777,-0.003776744077973712,-0.21625901233975953,0.0013594078321111334,0.0004707992434871091,0.0009935026278375724,0.005387088679454483,0.0007895337912928786,0.0007525488146559641,0.12782097932722106,5.06278075091969,0.20747522974731858,0.3231432628784644
1062,adam,1062,1063,6.945410468668132e-07,1,0.0004707992434871091,0.00020328856578636362,0.002700780214610413,3.1038544356581515e-07,1,1,,0,6.870530419154081e-09,-14.78702450940777,-0.0037772255564975984,-0.21625956529129947,0.0013587355530334019,0.0004707992434871091,0.0009935026278375724,0.005387088679454483,0.0007895337912928786,0.0007525488146559641,0.12782097932722106,5.06278075091969,0.20747524792749752,0.32314336563055446
1063,adam,1063,1064,6.87595636398145e-07,1,0.0004707992434871091,0.00020328968333071845,0.00270072658611498,3.2719209864159045e-07,1,1,,0,7.562563662201402e-09,-14.78702450940777,-0.0037777472740340586,-0.2162600904968292,0.0013579638966754245,0.0004707992434871091,0.0009935026278375724,0.005387088679454483,0.0007895337912928786,0.0007525488146559641,0.12782097932722106,5.06278075091969,0.20747526884846862,0.32314347195775156
1064,adam,1064,1065,6.807196800341636e-07,1,0.0004707992434871091,0.00020329080857418708,0.0027006707110138386,3.4336555879844387e-07,1,1,,0,8.29071171559534e-09,-14.78702450940777,-0.0037783038553368354,-0.21626059066290854,0.0013571055327232147,0.0004707992434871091,0.0009935026278375724,0.005387088679454483,0.0007895337912928786,0.0007525488146559641,0.12782097932722106,5.06278075091969,0.20747529215984464,0.32314358130974336
1065,adam,1065,1066,6.73912483233822e-07,1,0.0004707992434871091,0.00020329193956928978,0.0027006129220967694,3.5839673146139434e-07,1,1,,0,9.063635141684017e-09,-14.78702450940777,-0.0037788905236161795,-0.2162610682055114,0.0013561717261764256,0.0004707992434871091,0.0009935026278375724,0.005387088679454483,0.0007895337912928786,0.0007525488146559641,0.12782097932722106,5.06278075091969,0.20747531755020815,0.3231436931985726
1066,adam,1066,1067,6.671733584014837e-07,1,0.0004707992434871091,0.0002032930745889164,0.0027005535146990656,3.72036242150425e-07,1,1,,0,9.88597198100989e-09,-14.78702450940777,-0.0037795030349430424,-0.21626152528149997,0.0013551724911931922,0.0004707992434871091,0.0009935026278375724,0.005387088679454483,0.0007895337912928786,0.0007525488146559641,0.12782097932722106,5.06278075091969,0.2074753447428285,0.32314380719173974
1067,adam,1067,1068,6.605016248174689e-07,1,0.00047080631454494184,0.00021681241602216627,0.0018953947007599907,3.8419141936330436e-07,1,2,,0,6.8636878812312434e-12,-14.787096946631113,-0.00377282298261994,-0.21626196381668739,0.001354116728105856,0.00047080631454494184,0.0009935037000374305,0.0053871579212876036,0.0007896274945728448,0.0007525658848841411,0.12782352458108034,5.062849623828541,0.20747537349184944,0.32314392290606725
1068,adam,1068,1069,6.538966085692942e-07,1,0.00047080631454494184,0.0002168129168876524,0.0018953945122454395,3.3072473159499326e-07,1,1,,0,1.0126793403176198e-09,-14.787096946631113,-0.003773386455578926,-0.21626222005629991,0.001353207784559698,0.00047080631454494184,0.0009935037000374305,0.0053871579212876036,0.0007896274945728448,0.0007525658848841411,0.12782352458108034,5.062849623828541,0.20747540101496784,0.3231440123946169
1069,adam,1069,1070,6.473576424836013e-07,1,0.00047080631454494184,0.0002168133883248661,0.0018953974773428315,2.934650872378504e-07,1,1,,0,1.9488225094468e-09,-14.787096946631113,-0.0037738876262407416,-0.21626231531338927,0.0013524294474287796,0.00047080631454494184,0.0009935037000374305,0.0053871579212876036,0.0007896274945728448,0.0007525658848841411,0.12782352458108034,5.062849623828541,0.20747542742504205,0.32314407865834266
1070,adam,1070,1071,6.408840660587652e-07,1,0.00047080631454494184,0.00021681383324257888,0.0018954032193754977,2.7161578914202743e-07,1,1,,0,2.8452344433584886e-09,-14.787096946631113,-0.00377433325520512,-0.2162622685568808,0.0013517672631064319,0.00047080631454494184,0.0009935037000374305,0.0053871579212876036,0.0007896274945728448,0.0007525658848841411,0.12782352458108034,5.062849623828541,0.2074754528230653,0.3231441243693247
1071,adam,1071,1072,6.344752253981776e-07,1,0.00047080631454494184,0.00021681425425037655,0.001895411403182259,2.6313002472828405e-07,1,1,,0,3.7316903541814274e-09,-14.787096946631113,-0.003774729370875035,-0.21626209666797053,0.0013512083468492737,0.00047080631454494184,0.0009935037000374305,0.0053871579212876036,0.0007896274945728448,0.0007525658848841411,0.12782352458108034,5.062849623828541,0.207475477299412,0.32314415190666446
1072,adam,1072,1073,6.281304731441959e-07,1,0.00047080631454494184,0.0002168146536876383,0.0018954217305674026,2.6485999972739817e-07,1,1,,0,4.630871815676261e-09,-14.787096946631113,-0.003775081348734489,-0.21626181466849173,0.001350741212776392,0.00047080631454494184,0.0009935037000374305,0.0053871579212876036,0.0007896274945728448,0.0007525658848841411,0.12782352458108034,5.062849623828541,0.20747550093495762,0.32314416338846474
1073,adam,1073,1074,6.218491684127538e-07,1,0.00047080631454494184,0.0002168150336501575,0.001895433936251929,2.7337791251940926e-07,1,1,,0,5.558794650952997e-09,-14.787096946631113,-0.0037753939820438964,-0.21626143592431427,0.0013503556222853434,0.00047080631454494184,0.0009935037000374305,0.0053871579212876036,0.0007896274945728448,0.0007525658848841411,0.12782352458108034,5.062849623828541,0.20747552380208295,0.3231441607003208
1074,adam,1074,1075,6.156306767286263e-07,1,0.00047080631454494184,0.00021681539601457414,0.0018954477842700592,2.8576072002206384e-07,1,1,,0,6.525698602308206e-09,-14.787096946631113,-0.0037756715448808167,-0.2162609723265075,0.0013500424488918428,0.00047080631454494184,0.0009935037000374305,0.0053871579212876036,0.0007896274945728448,0.0007525658848841411,0.12782352458108034,5.062849623828541,0.20747554596557533,0.3231441455207034
1075,adam,1075,1076,6.094743699613401e-07,1,0.00047080631454494184,0.00021681574246040973,0.001895463064759395,2.998922764298202e-07,1,1,,0,7.53716908518109e-09,-14.787096946631113,-0.003775917848356379,-0.21626043445269683,0.001349793557711672,0.00047080631454494184,0.0009935037000374305,0.0053871579212876036,0.0007896274945728448,0.0007525658848841411,0.12782352458108034,5.062849623828541,0.2074755674834356,0.3231441193435726
1076,adam,1076,1077,6.033796262617266e-07,1,0.00047080631454494184,0.00021681607449029874,0.0018954795911010295,3.143935889334758e-07,1,1,,0,8.595277532484037e-09,-14.787096946631113,-0.003776136290744576,-0.2162598317107799,0.001349601697999738,0.00047080631454494184,0.0009935037000374305,0.0053871579212876036,0.0007896274945728448,0.0007525658848841411,0.12782352458108034,5.062849623828541,0.20747558840760094,0.32314408349852425
1077,adam,1077,1078,5.973458299991095e-07,1,0.00047080631454494184,0.00021681639344821237,0.0018954971973772728,3.284293529721318e-07,1,1,,0,9.699598240058976e-09,-14.787096946631113,-0.00377632990218449,-0.21625917246693094,0.0013494604073322476,0.00047080631454494184,0.0009935037000374305,0.0053871579212876036,0.0007896274945728448,0.0007525658848841411,0.12782352458108034,5.062849623828541,0.20747560878459176,0.3231440391687379
1078,adam,1078,1079,5.913723716991182e-07,1,0.00047077161201262405,0.00021596842304249717,0.003082869775483995,3.415269454881095e-07,1,2,,0,2.5101261171540466e-12,-14.7871280138922,-0.0037716334742561963,-0.21625846415960984,0.0013493639261690496,0.00047077161201262405,0.0009935174049472183,0.005387200565446175,0.0007897179075367983,0.0007525731505858332,0.12782337996030693,5.062895299995631,0.20747562865609046,0.32314398740696754
1079,adam,1079,1080,5.854586479821272e-07,1,0.00047077161201262405,0.00021596803448996484,0.003082881923425014,2.9497315360291017e-07,1,1,,0,1.0675425258950022e-09,-14.7871280138922,-0.003771695400687591,-0.21625779654386304,0.001349419749844653,0.00047077161201262405,0.0009935174049472183,0.005387200565446175,0.0007897179075367983,0.0007525731505858332,0.12782337996030693,5.062895299995631,0.20747564429029683,0.32314393144393455
1080,adam,1080,1081,5.796040615023057e-07,1,0.00047077161201262405,0.00021596759043987658,0.003082901829530581,2.623485088150954e-07,1,1,,0,1.9783196974443673e-09,-14.7871280138922,-0.003771660972797015,-0.21625716554790866,0.0013496097669729883,0.00047077161201262405,0.0009935174049472183,0.005387200565446175,0.0007897179075367983,0.0007525731505858332,0.12782337996030693,5.062895299995631,0.20747565617093355,0.32314387184944143
1081,adam,1081,1082,5.738080208872827e-07,1,0.00047077161201262405,0.00021596709774962807,0.0030829285392419904,2.429005173438965e-07,1,1,,0,2.767564669414299e-09,-14.7871280138922,-0.003771541734853392,-0.21625656753801156,0.0013499178612091617,0.00047077161201262405,0.0009935174049472183,0.005387200565446175,0.0007897179075367983,0.0007525731505858332,0.12782337996030693,5.062895299995631,0.2074756647287078,0.3231438091290222
1082,adam,1082,1083,5.680699406784099e-07,1,0.00047077161201262405,0.00021596656255141382,0.003082961204443747,2.3487279776135926e-07,1,1,,0,3.4680081878450654e-09,-14.7871280138922,-0.0037713479527286867,-0.2162559992710523,0.0013503296929910267,0.00047077161201262405,0.0009935174049472183,0.005387200565446175,0.0007897179075367983,0.0007525731505858332,0.12782337996030693,5.062895299995631,0.20747567034709222,0.32314374373107424
1083,adam,1083,1084,5.623892412716257e-07,1,0.00047077161201262405,0.000215965990325,0.0030829990716937567,2.356292290842073e-07,1,1,,0,4.109355942560553e-09,-14.7871280138922,-0.003771088754444611,-0.21625545785223377,0.0013508325051447008,0.00047077161201262405,0.0009935174049472183,0.005387200565446175,0.0007897179075367983,0.0007525731505858332,0.12782337996030693,5.062895299995631,0.20747567336747746,0.32314367605320127
1084,adam,1084,1085,5.567653488589095e-07,1,0.00047077161201262405,0.0002159653859641207,0.0030830414717514924,2.422998127139092e-07,1,1,,0,4.717836432835461e-09,-14.7871280138922,-0.003770772255275108,-0.21625494069737028,0.001351414949743554,0.00047077161201262405,0.0009935174049472183,0.005387200565446175,0.0007897179075367983,0.0007525731505858332,0.12782337996030693,5.062895299995631,0.20747567409376436,0.3231436064478532
1085,adam,1085,1086,5.511976953703204e-07,1,0.00047077161201262405,0.00021596475383604084,0.0030830878102514093,2.5241105642888607e-07,1,1,,0,5.315739192697088e-09,-14.7871280138922,-0.0037704056691023145,-0.21625444549926162,0.0013520669338988494,0.00047077161201262405,0.0009935174049472183,0.005387200565446175,0.0007897179075367983,0.0007525731505858332,0.12782337996030693,5.062895299995631,0.2074756727964562,0.32314353522734235
1086,adam,1086,1087,5.456857184166173e-07,1,0.00047077161201262405,0.00021596409783614082,0.003083137559442474,2.641456412661783e-07,1,1,,0,5.921088088105873e-09,-14.7871280138922,-0.0037699954075366285,-0.21625397019770973,0.0013527794824086466,0.00047077161201262405,0.0009935174049472183,0.005387200565446175,0.0007897179075367983,0.0007525731505858332,0.12782337996030693,5.062895299995631,0.20747566971630546,0.32314346266830374
1087,adam,1087,1088,5.40228861232451e-07,1,0.00047077161201262405,0.0002159634214365716,0.003083190250806033,2.7630054484068684e-07,1,1,,0,6.547565931295167e-09,-14.7871280138922,-0.0037695471681458478,-0.2162535129527846,0.0013535446154272297,0.00047077161201262405,0.0009935174049472183,0.005387200565446175,0.0007897179075367983,0.0007525731505858332,0.12782337996030693,5.062895299995631,0.2074756650675631,0.32314338901566114
1088,adam,1088,1089,5.348265726201265e-07,1,0.00047077161201262405,0.0002159627277306035,0.0030832454685151217,2.881351381547875e-07,1,1,,0,7.204734442545046e-09,-14.7871280138922,-0.003769066012989864,-0.21625307212098527,0.0013543552395059234,0.00047077161201262405,0.0009935174049472183,0.005387200565446175,0.0007897179075367983,0.0007525731505858332,0.12782337996030693,5.062895299995631,0.20747565904087398,0.32314331448615374
1089,adam,1089,1090,5.294783068939253e-07,1,0.00047077161201262405,0.00021596201947228868,0.0030833028436074448,2.99222459687434e-07,1,1,,0,7.89851067813714e-09,-14.7871280138922,-0.003768556438526962,-0.21625264623398358,0.0013552050505506916,0.00047077161201262405,0.0009935174049472183,0.005387200565446175,0.0007897179075367983,0.0007525731505858332,0.12782337996030693,5.062895299995631,0.2074756518058562,0.3231432392714722
1090,adam,1090,1091,5.24183523824986e-07,1,0.00047077161201262405,0.00021596129911206628,0.0030833620487936584,3.0933753716739325e-07,1,1,,0,8.631803902516905e-09,-14.7871280138922,-0.0037680224378390066,-0.21625223397967155,0.0013560884473870598,0.00047077161201262405,0.0009935174049472183,0.005387200565446175,0.0007897179075367983,0.0007525731505858332,0.12782337996030693,5.062895299995631,0.20747564351339948,0.3231431635410465
1091,adam,1091,1092,5.189416885867361e-07,1,0.00047077161201262405,0.00021596056882897975,0.0030834227938619143,3.183818297209652e-07,1,1,,0,9.40520233585842e-09,-14.7871280138922,-0.0037674675560205755,-0.21625183418526084,0.0013570004547780218,0.00047077161201262405,0.0009935174049472183,0.005387200565446175,0.0007897179075367983,0.0007525731505858332,0.12782337996030693,5.062895299995631,0.2074756342977125,0.3231430874445255
1092,adam,1092,1093,5.137522717008688e-07,1,0.0004707596459625396,0.000225164472952397,0.001852662928283844,3.263343173370963e-07,1,2,,0,6.356789754704287e-12,-14.787062905459951,-0.0037738844171693806,-0.21625144580221323,0.001357936654857316,0.0004707596459625396,0.0009935196858113404,0.005387027856750604,0.0007896353864270739,0.0007525537262621117,0.12782104511361264,5.062813814635553,0.20747562427814709,0.32314301111398075
1093,adam,1093,1094,5.0861474898386e-07,1,0.0004707596459625396,0.00022516468822634996,0.0018526660607679954,2.823191441870442e-07,1,1,,0,8.940654351724245e-10,-14.787062905459951,-0.003773383538826795,-0.21625123089078765,0.001358738081592145,0.0004707596459625396,0.0009935196858113404,0.005387027856750604,0.0007896353864270739,0.0007525537262621117,0.12782104511361264,5.062813814635553,0.20747561449096202,0.3231429538944029
1094,adam,1094,1095,5.035286014940214e-07,1,0.0004707596459625396,0.00022516485856935903,0.0018526664568099213,2.504172517440936e-07,1,1,,0,1.7135661091840913e-09,-14.787062905459951,-0.0037729474746597057,-0.21625116896655025,0.0013594196576332354,0.0004707596459625396,0.0009935196858113404,0.005387027856750604,0.0007896353864270739,0.0007525537262621117,0.12782104511361264,5.062813814635553,0.20747560491555386,0.32314291358830255
1095,adam,1095,1096,4.984933154790812e-07,1,0.0004707596459625396,0.00022516498912251225,0.0018526644397202853,2.3000831170035225e-07,1,1,,0,2.4875922540703593e-09,-14.787062905459951,-0.003772569104477987,-0.21625124181219396,0.0013599946848357925,0.0004707596459625396,0.0009935196858113404,0.005387027856750604,0.0007896353864270739,0.0007525537262621117,0.12782104511361264,5.062813814635553,0.20747559553384012,0.32314288823927256
1096,adam,1096,1097,4.935083823242904e-07,1,0.0004707596459625396,0.00022516508446816916,0.00185266029728341,2.197573170973285e-07,1,1,,0,3.2403564381099974e-09,-14.787062905459951,-0.003772242080528744,-0.21625143322813797,0.0013604750200105762,0.0004707596459625396,0.0009935196858113404,0.005387027856750604,0.0007896353864270739,0.0007525537262621117,0.12782104511361264,5.062813814635553,0.2074755863299357,0.32314287610564885
1097,adam,1097,1098,4.885732985010475e-07,1,0.0004707596459625396,0.00022516514869001531,0.001852654285636953,2.176135495665555e-07,1,1,,0,3.991028124335631e-09,-14.787062905459951,-0.0037719607437864365,-0.2162517288105529,0.001360871231621453,0.0004707596459625396,0.0009935196858113404,0.005387027856750604,0.0007896353864270739,0.0007525537262621117,0.12782104511361264,5.062813814635553,0.20747557728987237,0.3231428756370482
1098,adam,1098,1099,4.836875655160371e-07,1,0.0004707596459625396,0.00022516518542636197,0.0018526466327201513,2.2122034555659017e-07,1,1,,0,4.753918349136579e-09,-14.787062905459951,-0.0037717200493133747,-0.21625211575379463,0.0013611927394928138,0.0004707596459625396,0.0009935196858113404,0.005387027856750604,0.0007896353864270739,0.0007525537262621117,0.12782104511361264,5.062813814635553,0.20747556840135603,0.32314288545346886
1099,adam,1099,1100,4.788506898608767e-07,1,0.0004707596459625396,0.00022516519791808165,0.0018526375413529406,2.2841926675585185e-07,1,1,,0,5.538965791212345e-09,-14.787062905459951,-0.003771515499708505,-0.21625258267456218,0.0013614479393711284,0.0004707596459625396,0.0009935196858113404,0.005387027856750604,0.0007896353864270739,0.0007525537262621117,0.12782104511361264,5.062813814635553,0.20747555965355555,0.32314290432667503
1100,adam,1100,1101,4.7406218296226794e-07,1,0.0004707596459625396,0.00022516518905138028,0.0018526271919761094,2.3753214480784815e-07,1,1,,0,6.352417663469247e-09,-14.787062905459951,-0.0037713430857676407,-0.21625311945539097,0.0013616443139808118,0.0004707596459625396,0.0009935196858113404,0.005387027856750604,0.0007896353864270739,0.0007525537262621117,0.12782104511361264,5.062813814635553,0.20747555103691956,0.32314293116361376
1101,adam,1101,1102,4.693215611326452e-07,1,0.0004707596459625396,0.0002251651613961672,0.0018526157450963784,2.47391592452836e-07,1,1,,0,7.19758247030904e-09,-14.787062905459951,-0.0037711992335739374,-0.21625371710535377,0.0013617885320391164,0.0004707596459625396,0.0009935196858113404,0.005387027856750604,0.0007896353864270739,0.0007525537262621117,0.12782104511361264,5.062813814635553,0.20747554254301684,0.3231429649916439
1102,adam,1102,1103,4.646283455213188e-07,1,0.0004707596459625396,0.00022516511724005728,0.0018526033434609849,2.57245347460214e-07,1,1,,0,8.075553304010106e-09,-14.787062905459951,-0.003771080757321756,-0.21625436763607847,0.0013618865365366776,0.0004707596459625396,0.0009935196858113404,0.005387027856750604,0.0007896353864270739,0.0007525537262621117,0.12782104511361264,5.062813814635553,0.20747553416439737,0.32314300494537795
1103,adam,1103,1104,4.599820620661056e-07,1,0.0004707596459625396,0.00022516505861900485,0.0018525901139995484,2.6663778540050764e-07,1,1,,0,8.985839127150268e-09,-14.787062905459951,-0.0037709848172525796,-0.21625506395139735,0.0013619436234454014,0.0004707596459625396,0.0009935196858113404,0.005387027856750604,0.0007896353864270739,0.0007525537262621117,0.12782104511361264,5.062813814635553,0.20747552589447074,0.3231430502549608
1104,adam,1104,1105,4.5538224144544454e-07,1,0.0004707596459625396,0.00022516498734468843,0.0018525761695519297,2.7531166713504157e-07,1,1,,0,9.926878331920979e-09,-14.787062905459951,-0.003770908882148963,-0.2162557997491291,0.001361964511893971,0.0004707596459625396,0.0009935196858113404,0.005387027856750604,0.0007896353864270739,0.0007525537262621117,0.12782104511361264,5.062813814635553,0.20747551772740064,0.32314310023562925
1105,adam,1105,1106,4.5082841903099003e-07,1,0.00047078523046152425,0.0002370543638826655,0.0026397161695606163,2.8313773846544776e-07,1,2,,0,1.6494466991870773e-12,-14.787052701168696,-0.0037748403045854396,-0.2162565694336595,0.0013619534067336138,0.00047078523046152425,0.000993508893059914,0.005386848327088099,0.0007895721014485145,0.0007525483613271573,0.12782127015065156,5.062773543245131,0.2074755096580121,0.32314315427841084
1106,adam,1106,1107,4.4632013484068015e-07,1,0.00047078523046152425,0.0002370541087451333,0.0026396883871390346,2.403251046599377e-07,1,1,,0,8.740509483884217e-10,-14.787052701168696,-0.0037748476031885143,-0.21625722980918868,0.0013617706584822887,0.00047078523046152425,0.000993508893059914,0.005386848327088099,0.0007895721014485145,0.0007525483613271573,0.12782127015065156,5.062773543245131,0.20747550295839598,0.3231432067322824
1107,adam,1107,1108,4.418569334922733e-07,1,0.00047078523046152425,0.0002370539237907097,0.0026396607956082627,2.093182722803568e-07,1,1,,0,1.5880361124663983e-09,-14.787052701168696,-0.0037749126636218897,-0.2162577929690974,0.0013614373522782908,0.00047078523046152425,0.000993508893059914,0.005386848327088099,0.0007895721014485145,0.0007525483613271573,0.12782127015065156,5.062773543245131,0.20747549746872693,0.3231432577125211
1108,adam,1108,1109,4.3743836415735064e-07,1,0.00047078523046152425,0.000237053801313795,0.0026396334096401627,1.8991763995678735e-07,1,1,,0,2.1745831136798517e-09,-14.787052701168696,-0.0037750285592609125,-0.21625826969335132,0.001360972207889605,0.00047078523046152425,0.000993508893059914,0.005386848327088099,0.0007895721014485145,0.0007525483613271573,0.12782127015065156,5.062773543245131,0.20747549304718768,0.3231433073236335
1109,adam,1109,1110,4.3306398051577713e-07,1,0.00047078523046152425,0.00023705373443211518,0.002639606241469265,1.810545804140202e-07,1,1,,0,2.6648517706811677e-09,-14.787052701168696,-0.0037751891275238964,-0.21625866959091933,0.001360391842692985,0.00047078523046152425,0.000993508893059914,0.005386848327088099,0.0007895721014485145,0.0007525483613271573,0.12782127015065156,5.062773543245131,0.2074754895679424,0.3231433556603783
1110,adam,1110,1111,4.2873334071061934e-07,1,0.00047078523046152425,0.0002370537169981177,0.0026395793012121103,1.8062811368586154e-07,1,1,,0,3.088621937514467e-09,-14.787052701168696,-0.0037753888862257098,-0.21625900122675049,0.0013597110054247837,0.00047078523046152425,0.000993508893059914,0.005386848327088099,0.0007895721014485145,0.0007525483613271573,0.12782127015065156,5.062773543245131,0.20747548691933926,0.32314340280869386
1111,adam,1111,1112,4.244460073035131e-07,1,0.00047078523046152425,0.00023705374352010153,0.002639552597155377,1.8602418644712274e-07,1,1,,0,3.473858692610803e-09,-14.787052701168696,-0.0037756229590824907,-0.21625927223498473,0.0013589427839566905,0.00047078523046152425,0.000993508893059914,0.005386848327088099,0.0007895721014485145,0.0007525483613271573,0.12782127015065156,5.062773543245131,0.2074754850023161,0.323143448846541
1112,adam,1112,1113,4.20201547230478e-07,1,0.00047078523046152425,0.0002370538090917781,0.002639526136004957,1.9484719772606364e-07,1,1,,0,3.8459277794211694e-09,-14.787052701168696,-0.003775887009366825,-0.2162594894198906,0.0013580987899829925,0.00047078523046152425,0.000993508893059914,0.005386848327088099,0.0007895721014485145,0.0007525483613271573,0.12782127015065156,5.062773543245131,0.2074754837289863,0.3231434938446661
1113,adam,1113,1114,4.159995317581732e-07,1,0.00047078523046152425,0.00023705390932948452,0.0026394999230980876,2.0530547162150546e-07,1,1,,0,4.22661853642138e-09,-14.787052701168696,-0.0037761771808217034,-0.2162596588458587,0.0013571893231882793,0.00047078523046152425,0.000993508893059914,0.005386848327088099,0.0007895721014485145,0.0007525483613271573,0.12782127015065156,5.062773543245131,0.20747548302138377,0.3231435378672937
1114,adam,1114,1115,4.1183953644059146e-07,1,0.00047078523046152425,0.00023705404031650843,0.0026394739625992753,2.1621985357178364e-07,1,1,,0,4.633264975732354e-09,-14.787052701168696,-0.0037764900450388455,-0.21625978591763814,0.0013562235171750135,0.00047078523046152425,0.000993508893059914,0.005386848327088099,0.0007895721014485145,0.0007525483613271573,0.12782127015065156,5.062773543245131,0.20747548281034933,0.3231435809727532
1115,adam,1115,1116,4.0772114107618554e-07,1,0.00047078523046152425,0.0002370541985528981,0.0026394482576479893,2.2687621682200245e-07,1,1,,0,5.078275287129259e-09,-14.787052701168696,-0.003776822554594071,-0.2162598754518751,0.0013552094691806709,0.00047078523046152425,0.000993508893059914,0.005386848327088099,0.0007895721014485145,0.0007525483613271573,0.12782127015065156,5.062773543245131,0.20747548303454275,0.3231436232140471
1116,adam,1116,1117,4.0364392966542373e-07,1,0.00047078523046152425,0.000237054380911248,0.002639422810515911,2.3687115792167107e-07,1,1,,0,5.569239685649088e-09,-14.787052701168696,-0.003777172001310262,-0.21625993174089353,0.001354154355384586,0.00047078523046152425,0.000993508893059914,0.005386848327088099,0.0007895721014485145,0.0007525483613271573,0.12782127015065156,5.062773543245131,0.20747548363956536,0.3231436646393645
1117,adam,1117,1118,3.996074903687694e-07,1,0.00047078523046152425,0.0002370545845968772,0.002639397622725012,2.459968840810523e-07,1,1,,0,6.109563446949995e-09,-14.787052701168696,-0.0037775359790865573,-0.21625995860956213,0.001353064533407172,0.00047078523046152425,0.000993508893059914,0.005386848327088099,0.0007895721014485145,0.0007525483613271573,0.12782127015065156,5.062773543245131,0.20747548457718185,0.3231437052925466
1118,adam,1118,1119,3.9561141546508173e-07,1,0.00047078523046152425,0.0002370548071120873,0.0026393726951429823,2.541651381739749e-07,1,1,,0,6.6994060043513295e-09,-14.787052701168696,-0.0037779123507945783,-0.21625995946599516,0.0013519456334253556,0.00047078523046152425,0.000993508893059914,0.005386848327088099,0.0007895721014485145,0.0007525483613271573,0.12782127015065156,5.062773543245131,0.20747548580462866,0.3231437452135068
1119,adam,1119,1120,3.9165530131043096e-07,1,0.00047078523046152425,0.00023705504622505383,0.0026393480280948955,2.6135926169446037e-07,1,1,,0,7.336674931987225e-09,-14.787052701168696,-0.0037782992187963115,-0.21625993734675653,0.0013508026391669276,0.00047078523046152425,0.000993508893059914,0.005386848327088099,0.0007895721014485145,0.0007525483613271573,0.12782127015065156,5.062773543245131,0.20747548728400114,0.3231437844386114
1120,adam,1120,1121,3.8773874829732663e-07,1,0.00047078523046152425,0.0002370552999411816,0.002639323621426907,2.6760448632505176e-07,1,1,,0,8.017895905349456e-09,-14.787052701168696,-0.0037786948986877366,-0.216259894957162,0.0013496399599120911,0.00047078523046152425,0.000993508893059914,0.005386848327088099,0.0007895721014485145,0.0007525483613271573,0.12782127015065156,5.062773543245131,0.2074754889817081,0.3231438230010233
1121,adam,1121,1122,3.8386136081435336e-07,1,0.00047078523046152425,0.00023705556647782202,0.002639299474579901,2.7294959010028686e-07,1,1,,0,8.738880549791984e-09,-14.787052701168696,-0.003779097895915135,-0.21625983470721288,0.0013484614944972821,0.00047078523046152425,0.000993508893059914,0.005386848327088099,0.0007895721014485145,0.0007525483613271573,0.12782127015065156,5.062773543245131,0.20747549086798872,0.32314386093101205
1122,adam,1122,1123,3.800227472062098e-07,1,0.00047078523046152425,0.000237055844241915,0.002639275586658632,2.774555685597773e-07,1,1,,0,9.495190095641636e-09,-14.787052701168696,-0.003779506884950379,-0.21625975874363276,0.00134727068821283,0.00047078523046152425,0.000993508893059914,0.005386848327088099,0.0007895721014485145,0.0007525483613271573,0.12782127015065156,5.062773543245131,0.20747549291648282,0.3231438982562353
1123,adam,1123,1124,3.7622251973414775e-07,1,0.00047066671275169226,0.00019100747097038003,0.001476380825495371,2.8118864723459753e-07,1,2,,0,7.1592942208088494e-12,-14.78708656140625,-0.0037726890185064443,-0.21625966897843085,0.0013460705833819582,0.00047066671275169226,0.0009934867924401433,0.005387005198208241,0.0007896504188420093,0.000752560877957368,0.1278229651597371,5.062816305097884,0.2074754951038496,0.3231439350019913
1124,adam,1124,1125,3.724602945368062e-07,1,0.00047066671275169226,0.00019100731116667994,0.0014763843640519278,2.4221653019726933e-07,1,1,,0,8.265536375392501e-10,-14.78708656140625,-0.0037730494579705505,-0.21625952018949984,0.0013450958859913458,0.00047066671275169226,0.0009934867924401433,0.005387005198208241,0.0007896504188420093,0.000752560877957368,0.1278229651597371,5.062816305097884,0.20747549679120614,0.32314395703240845
1125,adam,1125,1126,3.687356915914382e-07,1,0.00047066671275169226,0.00019100716322097678,0.001476388898010464,2.1148356203434834e-07,1,1,,0,1.5795933562666924e-09,-14.78708656140625,-0.0037733630928860266,-0.2162593195134784,0.0013443209532780385,0.00047066671275169226,0.0009934867924401433,0.005387005198208241,0.0007896504188420093,0.000752560877957368,0.1278229651597371,5.062816305097884,0.20747549803675655,0.323143966068651
1126,adam,1126,1127,3.6504833467552375e-07,1,0.00047066671275169226,0.0001910070259277554,0.001476394304940381,1.8868194490602213e-07,1,1,,0,2.2755897241073132e-09,-14.78708656140625,-0.0037736350674369324,-0.2162590733012274,0.001343722958447863,0.00047066671275169226,0.0009934867924401433,0.005387005198208241,0.0007896504188420093,0.000752560877957368,0.1278229651597371,5.062816305097884,0.20747549889229916,0.3231439636423509
1127,adam,1127,1128,3.613978513287685e-07,1,0.00047066671275169226,0.0001910068982121771,0.0014764004759101304,1.7330481961258255e-07,1,1,,0,2.928399799795991e-09,-14.78708656140625,-0.003773869967721914,-0.2162587872036443,0.0013432815824421299,0.00047066671275169226,0.0009934867924401433,0.005387005198208241,0.0007896504188420093,0.000752560877957368,0.1278229651597371,5.062816305097884,0.20747549940392118,0.3231439511163658
1128,adam,1128,1129,3.5778387281548085e-07,1,0.00047066671275169226,0.00019100677911550043,0.0014764073140138313,1.644934300229278e-07,1,1,,0,3.549801793185515e-09,-14.78708656140625,-0.0037740718822310286,-0.21625846624811187,0.00134297873943455,0.00047066671275169226,0.0009934867924401433,0.005387005198208241,0.0007896504188420093,0.000752560877957368,0.1278229651597371,5.062816305097884,0.20747549961261902,0.323143929703264
1129,adam,1129,1130,3.5420603408732603e-07,1,0.00047066671275169226,0.00019100666778211156,0.0014764147330543738,1.610330175806192e-07,1,1,,0,4.149610311218282e-09,-14.78708656140625,-0.003774244455769806,-0.2162581149066041,0.001342798332368537,0.00047066671275169226,0.0009934867924401433,0.005387005198208241,0.0007896504188420093,0.000752560877957368,0.1278229651597371,5.062816305097884,0.20747549955485264,0.32314390048178654
1130,adam,1130,1131,3.5066397374645276e-07,1,0.00047066671275169226,0.00019100656344817163,0.001476422656374121,1.6153395088541916e-07,1,1,,0,4.73582371112662e-09,-14.78708656140625,-0.003774390937540824,-0.21625773715635999,0.001342726035245704,0.00047066671275169226,0.0009934867924401433,0.005387005198208241,0.0007896504188420093,0.000752560877957368,0.1278229651597371,5.062816305097884,0.20747549926304049,0.32314386441150633
1131,adam,1131,1132,3.4715733400898825e-07,1,0.00047066671275169226,0.00019100646543147935,0.0014764310158114323,1.6467844409642711e-07,1,1,,0,5.314797393378892e-09,-14.78708656140625,-0.0037745142240152465,-0.21625733653393625,0.0013427490992391014,0.00047066671275169226,0.0009934867924401433,0.005387005198208241,0.0007896504188420093,0.000752560877957368,0.1278229651597371,5.062816305097884,0.20747549876600105,0.32314382234588274
1132,adam,1132,1133,3.4368576066889837e-07,1,0.00047066671275169226,0.00019100637312257008,0.0014764397507739148,1.6938729963157564e-07,1,1,,0,5.891435446330275e-09,-14.78708656140625,-0.0037746168971591974,-0.21625691618336051,0.0013428561800238694,0.00047066671275169226,0.0009934867924401433,0.005387005198208241,0.0007896504188420093,0.000752560877957368,0.1278229651597371,5.062816305097884,0.20747549808934673,0.32314377504388725
1133,adam,1133,1134,3.402489030622094e-07,1,0.00047066671275169226,0.00019100628597669336,0.0014764488074077522,1.7486586578522663e-07,1,1,,0,6.469390828544304e-09,-14.78708656140625,-0.003774701258518341,-0.21625647889903002,0.0013430371840023724,0.00047066671275169226,0.0009934867924401433,0.005387005198208241,0.0007896504188420093,0.000752560877957368,0.1278229651597371,5.062816305097884,0.20747549725583525,0.323143723180356
1134,adam,1134,1135,3.368464140315873e-07,1,0.00047066671275169226,0.00019100620350679838,0.001476458137863717,1.805716864323143e-07,1,1,,0,7.051263978738236e-09,-14.78708656140625,-0.0037747693596089874,-0.21625602716392786,0.0013432831313571272,0.00047066671275169226,0.0009934867924401433,0.005387005198208241,0.0007896504188420093,0.000752560877957368,0.1278229651597371,5.062816305097884,0.20747549628568285,0.3231436673552092
1135,adam,1135,1136,3.3347794989127143e-07,1,0.00047066671275169226,0.00019100612527733285,0.0014764676996394683,1.8615556175047957e-07,1,1,,0,7.638791114810318e-09,-14.78708656140625,-0.003774823029016355,-0.2162555631836697,0.0013435860340904721,0.00047066671275169226,0.0009934867924401433,0.005387005198208241,0.0007896504188420093,0.000752560877957368,0.1278229651597371,5.062816305097884,0.20747549519684327,0.3231436081016614
1136,adam,1136,1137,3.301431703923587e-07,1,0.00047066671275169226,0.00019100605089856186,0.0014764774549954531,1.9140513839921008e-07,1,1,,0,8.233015817735836e-09,-14.78708656140625,-0.0037748638965565354,-0.21625508891683376,0.001343938787409049,0.00047066671275169226,0.0009934867924401433,0.005387005198208241,0.0007896504188420093,0.000752560877957368,0.1278229651597371,5.062816305097884,0.20747549400525653,0.32314354589353234
1137,adam,1137,1138,3.2684173868843507e-07,1,0.00047066671275169226,0.00019100598002169005,0.0014764873704335162,1.9620071192538123e-07,1,1,,0,8.834440091615998e-09,-14.78708656140625,-0.0037748934148204307,-0.21625460610198047,0.0013443350729946675,0.00047066671275169226,0.0009934867924401433,0.005387005198208241,0.0007896504188420093,0.000752560877957368,0.1278229651597371,5.062816305097884,0.20747549272507046,0.3231434811517585
1138,adam,1138,1139,3.235733213015507e-07,1,0.00047066671275169226,0.00019100591233443243,0.0014764974162330973,2.0048357742328524e-07,1,1,,0,9.443153432631593e-09,-14.78708656140625,-0.003774912878383176,-0.21625411628172436,0.0013447692728599768,0.00047066671275169226,0.0009934867924401433,0.005387005198208241,0.0007896504188420093,0.000752560877957368,0.1278229651597371,5.062816305097884,0.2074754913688382,0.3231434142501908
1139,adam,1139,1140,3.203375880885352e-07,1,0.0004708273007870992,0.00024653856506395,0.0032464815618513227,2.0423433855824337e-07,1,2,,0,1.4585169237610217e-12,-14.787075261153726,-0.003772062760356201,-0.21625362082417732,0.0013452363926307568,0.0004708273007870992,0.000993488249533412,0.005387058531661374,0.000789681580614794,0.0007525601582843282,0.12782187953893234,5.062814485884052,0.20747548994769371,0.32314334552075796
1140,adam,1140,1141,3.171342122076499e-07,1,0.0004708273007870992,0.0002465389242868542,0.0032465099985468475,1.76529914279093e-07,1,1,,0,5.693394014277335e-10,-14.787075261153726,-0.003772020380592627,-0.21625321656911312,0.0013457082828705724,0.0004708273007870992,0.000993488249533412,0.005387058531661374,0.000789681580614794,0.0007525601582843282,0.12782187953893234,5.062814485884052,0.20747548962320544,0.32314328677157667
1141,adam,1141,1142,3.139628700855734e-07,1,0.0004708273007870992,0.00024653918014073473,0.0032465374723374134,1.5632488570733474e-07,1,1,,0,1.037239959927352e-09,-14.787075261153726,-0.0037719314515397436,-0.21625289324666788,0.0013461838773420858,0.0004708273007870992,0.000993488249533412,0.005387058531661374,0.000789681580614794,0.0007525601582843282,0.12782187953893234,5.062814485884052,0.20747549026452375,0.3231432368903417
1142,adam,1142,1143,3.1082324138471763e-07,1,0.0004708273007870992,0.0002465393443625904,0.003246564056176948,1.4325917719789321e-07,1,1,,0,1.4277220884624387e-09,-14.787075261153726,-0.0037718016498376077,-0.21625264170630665,0.001346662231430306,0.0004708273007870992,0.000993488249533412,0.005387058531661374,0.000789681580614794,0.0007525601582843282,0.12782187953893234,5.062814485884052,0.20747549175530314,0.3231431948861241
1143,adam,1143,1144,3.077150089708705e-07,1,0.0004708273007870992,0.0002465394274152152,0.00324658981598516,1.365409041413144e-07,1,1,,0,1.763969363678522e-09,-14.787075261153726,-0.0037716360217261375,-0.21625245379517274,0.0013471425088227773,0.0004708273007870992,0.000993488249533412,0.005387058531661374,0.000789681580614794,0.0007525601582843282,0.12782187953893234,5.062814485884052,0.20747549399210224,0.3231431598761502
1144,adam,1144,1145,3.046378588811618e-07,1,0.0004708273007870992,0.00024653943862536063,0.003246614811359729,1.3492818836931883e-07,1,1,,0,2.067851172698463e-09,-14.787075261153726,-0.0037714390524441824,-0.21625232224965435,0.0013476239696444008,0.0004708273007870992,0.000993488249533412,0.005387058531661374,0.000789681580614794,0.0007525601582843282,0.12782187953893234,5.062814485884052,0.20747549688296085,0.32314313107402204
1145,adam,1145,1146,3.0159148029235015e-07,1,0.0004708273007870992,0.0002465393863061821,0.003246639096198117,1.369689193347206e-07,1,1,,0,2.359241421734823e-09,-14.787075261153726,-0.003771214727994087,-0.21625224059873283,0.0013481059598863857,0.0004708273007870992,0.000993488249533412,0.005387058531661374,0.000789681580614794,0.0007525601582843282,0.12782187953893234,5.062814485884052,0.2074755003461349,0.32314310777921973
1146,adam,1146,1147,2.985755654894266e-07,1,0.0004708273007870992,0.0002465392778668547,0.003246662719275333,1.4131496261310832e-07,1,1,,0,2.655173371026711e-09,-14.787075261153726,-0.003770966590111023,-0.21625220307783305,0.0013485879019895725,0.0004708273007870992,0.000993488249533412,0.005387058531661374,0.000789681580614794,0.0007525601582843282,0.12782187953893234,5.062814485884052,0.2074755043089705,0.32314308936774805
1147,adam,1147,1148,2.9558980983453234e-07,1,0.0004708273007870992,0.0002465391199107579,0.0032466857247499467,1.469076835847822e-07,1,1,,0,2.969100030114989e-09,-14.787075261153726,-0.003770697785185354,-0.21625220455203312,0.0013490692864550021,0.0004708273007870992,0.000993488249533412,0.005387058531661374,0.000789681580614794,0.0007525601582843282,0.12782187953893234,5.062814485884052,0.20747550870690304,0.3231430752838014
1148,adam,1148,1149,2.9263391173618703e-07,1,0.0004708273007870992,0.00024653891832210876,0.003246708152622061,1.530053811852966e-07,1,1,,0,3.310534375053936e-09,-14.787075261153726,-0.003770411107803009,-0.2162522404476192,0.0013495496643715034,0.0004708273007870992,0.000993488249533412,0.005387058531661374,0.000789681580614794,0.0007525601582843282,0.12782187953893234,5.062814485884052,0.2074755134825662,0.32314306503233625
1149,adam,1149,1150,2.8970757261882517e-07,1,0.0004708273007870992,0.00024653867834421113,0.0032467300391535404,1.5912742304005348e-07,1,1,,0,3.685195658642032e-09,-14.787075261153726,-0.0037701090394964085,-0.21625230669107626,0.0013500286407570814,0.0004708273007870992,0.000993488249533412,0.005387058531661374,0.000789681580614794,0.0007525601582843282,0.12782187953893234,5.062814485884052,0.20747551858499952,0.3231430581724535
1150,adam,1150,1151,2.868104968926369e-07,1,0.0004708273007870992,0.00024653840464855563,0.003246751417226105,1.6498109815966259e-07,1,1,,0,4.095581307895363e-09,-14.787075261153726,-0.0037697937832320656,-0.21625239965470797,0.001350505868629359,0.0004708273007870992,0.000993488249533412,0.005387058531661374,0.000789681580614794,0.0007525601582843282,0.12782187953893234,5.062814485884052,0.2074755239689432,0.32314305431150014
1151,adam,1151,1152,2.839423919237106e-07,1,0.0004708273007870992,0.0002465381013967218,0.0032467723166896083,1.7039991555074323e-07,1,1,,0,4.5417541728788004e-09,-14.787075261153726,-0.0037694672941051524,-0.21625251610816615,0.0013509810437215648,0.0004708273007870992,0.000993488249533412,0.005387058531661374,0.000789681580614794,0.0007525601582843282,0.12782187953893234,5.062814485884052,0.20747552959421056,0.3231430530998143
1152,adam,1152,1153,2.811029680044734e-07,1,0.0004708273007870992,0.00024653777229589375,0.0032467927646650818,1.7529904814663697e-07,1,1,,0,5.022133856760153e-09,-14.787075261153726,-0.003769131306657237,-0.2162526531752458,0.001351453899776431,0.0004708273007870992,0.000993488249533412,0.005387058531661374,0.000789681580614794,0.0007525601582843282,0.12782187953893234,5.062814485884052,0.20747553542512964,0.3231430542260419
1153,adam,1153,1154,2.782919383244287e-07,1,0.0004708273007870992,0.00024653742064760953,0.0032468127857963372,1.7964527468643373e-07,1,1,,0,5.53416020197584e-09,-14.787075261153726,-0.003768787359189133,-0.2162528082953758,0.0013519242043535885,0.0004708273007870992,0.000993488249533412,0.005387058531661374,0.000789681580614794,0.0007525601582843282,0.12782187953893234,5.062814485884052,0.20747554143004623,0.3231430574129638
1154,adam,1154,1155,2.755090189411844e-07,1,0.0004708273007870992,0.0002465370493921,0.0032468324025183193,1.834373076672961e-07,1,1,,0,6.074784305280258e-09,-14.787075261153726,-0.003768436815399187,-0.21625297918929323,0.0013523917550949112,0.0004708273007870992,0.000993488249533412,0.005387058531661374,0.000789681580614794,0.0007525601582843282,0.12782187953893234,5.062814485884052,0.2074755475808817,0.3231430624137769
1155,adam,1155,1156,2.727539287517725e-07,1,0.0004708273007870992,0.00024653666114719217,0.00324685163525978,1.8669308128977272e-07,1,1,,0,6.640798954545321e-09,-14.787075261153726,-0.0037680808836419452,-0.21625316382844836,0.001352856376397197,0.0004708273007870992,0.000993488249533412,0.005387058531661374,0.000789681580614794,0.0007525601582843282,0.12782187953893234,5.062814485884052,0.20747555385273903,0.32314306900878015
1156,adam,1156,1157,2.700263894642548e-07,1,0.0004708273007870992,0.0002465362582432192,0.003246870502647287,1.8944157877108693e-07,1,1,,0,7.229043519934988e-09,-14.787075261153726,-0.00376772063406749,-0.21625336040773327,0.0013533179164494375,0.0004708273007870992,0.000993488249533412,0.005387058531661374,0.000789681580614794,0.0007525601582843282,0.12782187953893234,5.062814485884052,0.20747556022355282,0.32314307700242195
1157,adam,1157,1158,2.6732612556961226e-07,1,0.0004708273007870992,0.0002465358427542901,0.003246889021685405,1.917175946151459e-07,1,1,,0,7.836520495706552e-09,-14.787075261153726,-0.0037673570138763977,-0.21625356732117484,0.0013537762445924605,0.0004708273007870992,0.000993488249533412,0.005387058531661374,0.000789681580614794,0.0007525601582843282,0.12782187953893234,5.062814485884052,0.20747556667377726,0.32314308622066856
1158,adam,1158,1159,2.6465286431391617e-07,1,0.0004708273007870992,0.0002465354165261231,0.003246907207915368,1.9355839472206633e-07,1,1,,0,8.460454176412644e-09,-14.787075261153726,-0.003766990860895873,-0.21625378314026852,0.0013542312489674391,0.0004708273007870992,0.000993488249533412,0.005387058531661374,0.000789681580614794,0.0007525601582843282,0.12782187953893234,5.062814485884052,0.20747557318610838,0.323143096508659
1159,adam,1159,1160,2.62006335670777e-07,1,0.0004708273007870992,0.00024653498120049924,0.0032469250755490574,1.9500160841627968e-07,1,1,,0,9.098313470627346e-09,-14.787075261153726,-0.0037666229156628835,-0.2162540065946663,0.00135468283442174,0.0004708273007870992,0.000993488249533412,0.005387058531661374,0.000789681580614794,0.0007525601582843282,0.12782187953893234,5.062814485884052,0.2074755797452373,0.32314310772861576
1160,adam,1160,1161,2.5938627231406925e-07,1,0.0004708273007870992,0.0002465345382377832,0.0032469426376227173,1.9608392394956227e-07,1,1,,0,9.747813590264336e-09,-14.787075261153726,-0.003766253832177986,-0.21625423655496392,0.0013551309206429366,0.0004708273007870992,0.000993488249533412,0.005387058531661374,0.000789681580614794,0.0007525601582843282,0.12782187953893234,5.062814485884052,0.20747558633763008,0.3231431197579823
1161,adam,1161,1162,2.5679240959092853e-07,1,0.0004706123043405138,0.00016422324517000546,0.0014601272961503634,1.9684031004649654e-07,1,2,,0,6.199070240501131e-12,-14.787044430099213,-0.003774689087319401,-0.2162544720173584,0.0013555754404974015,0.0004706123043405138,0.0009934917500551727,0.005386812173562718,0.0007896043998143606,0.0007525454419321072,0.12782076996280778,5.062752469993688,0.2074755929513319,0.32314313248776433
1162,adam,1162,1163,2.5422448549501926e-07,1,0.0004706123043405138,0.00016422385285098137,0.0014601477733808136,1.7135556148300057e-07,1,1,,0,6.335933169305528e-10,-14.787044430099213,-0.0037743771610230297,-0.2162547240317813,0.0013559489969353852,0.0004706123043405138,0.0009934917500551727,0.005386812173562718,0.0007896043998143606,0.0007525454419321072,0.12782076996280778,5.062752469993688,0.20747559987996977,0.3231431511915891
1163,adam,1163,1164,2.5168224064006904e-07,1,0.0004706123043405138,0.00016422439337527835,0.0014601655192647582,1.5083304320787428e-07,1,1,,0,1.202621507256891e-09,-14.787044430099213,-0.003774117276777384,-0.2162549903741457,0.0013562595021604199,0.0004706123043405138,0.0009934917500551727,0.005386812173562718,0.0007896043998143606,0.0007525454419321072,0.12782076996280778,5.062752469993688,0.20747560707750246,0.3231431751379971
1164,adam,1164,1165,2.4916541823366833e-07,1,0.0004706123043405138,0.00016422487406971123,0.0014601808350513026,1.3500287195971863e-07,1,1,,0,1.7178639443998348e-09,-14.787044430099213,-0.003773903606199908,-0.2162552690669056,0.0013565140080890414,0.0004706123043405138,0.0009934917500551727,0.005386812173562718,0.0007896043998143606,0.0007525454419321072,0.12782076996280778,5.062752469993688,0.20747561450312307,0.32314320367652033
1165,adam,1165,1166,2.4667376405133165e-07,1,0.0004706123043405138,0.00016422530146504194,0.0014601939892590265,1.2352680461837905e-07,1,1,,0,2.188684110349522e-09,-14.787044430099213,-0.003773730955749095,-0.21625555835214946,0.0013567187996873433,0.0004706123043405138,0.0009934917500551727,0.005386812173562718,0.0007896043998143606,0.0007525454419321072,0.12782076996280778,5.062752469993688,0.20747562212067355,0.3231432362287931
1166,adam,1166,1167,2.4420702641081834e-07,1,0.0004706123043405138,0.0001642256813823062,0.0014602052212262298,1.1593813506637664e-07,1,1,,0,2.623316489898479e-09,-14.787044430099213,-0.003773594697745242,-0.21625585666762612,0.001356879478182263,0.0004706123043405138,0.0009934917500551727,0.005386812173562718,0.0007896043998143606,0.0007525454419321072,0.12782076996280778,5.062752469993688,0.2074756298981248,0.3231432722806382
1167,adam,1167,1168,2.417649561467102e-07,1,0.0004706123043405138,0.0001642260190097655,0.0014602147442768759,1.1162704562377032e-07,1,1,,0,3.0289395272675746e-09,-14.787044430099213,-0.0037734907088832234,-0.21625616262538283,0.0013570010352479363,0.0004706123043405138,0.0009934917500551727,0.005386812173562718,0.0007896043998143606,0.0007525454419321072,0.12782076996280778,5.062752469993688,0.20747563780711564,0.3231433113750209
1168,adam,1168,1169,2.3934730658524307e-07,1,0.0004706123043405138,0.0001642263189715641,0.001460222748540601,1.0989147530233233e-07,1,1,,0,3.4117497892113276e-09,-14.787044430099213,-0.0037734153154259714,-0.21625647499273185,0.0013570879191440212,0.0004706123043405138,0.0009934917500551727,0.005386812173562718,0.0007896043998143606,0.0007525454419321072,0.12782076996280778,5.062752469993688,0.2074756458225432,0.3231433531057759
1169,adam,1169,1170,2.369538335193906e-07,1,0.0004706123043405138,0.00016422658538891506,0.0014602294034707513,1.1002857958172229e-07,1,1,,0,3.777036248509092e-09,-14.787044430099213,-0.0037733652443506715,-0.21625679267529221,0.0013571440936800399,0.0004706123043405138,0.0009934917500551727,0.005386812173562718,0.0007896043998143606,0.0007525454419321072,0.12782076996280778,5.062752469993688,0.20747565392219944,0.32314339711202267
1170,adam,1170,1171,2.345842951841967e-07,1,0.0004706123043405138,0.00016422682193476107,0.0014602348600875749,1.1141731668859359e-07,1,1,,0,4.129255788686347e-09,-14.787044430099213,-0.0037733375798024247,-0.21625711470187817,0.0013571730907837583,0.0004706123043405138,0.0009934917500551727,0.005386812173562718,0.0007896043998143606,0.0007525454419321072,0.12782076996280778,5.062752469993688,0.20747566208644821,0.323143443073193
1171,adam,1171,1172,2.3223845223235473e-07,1,0.0004706123043405138,0.00016422703188236475,0.0014602392529776038,1.1356122902477056e-07,1,1,,0,4.472110323148442e-09,-14.787044430099213,-0.003773329724278676,-0.2162574402110358,0.0013571780573674126,0.0004706123043405138,0.0009934917500551727,0.005386812173562718,0.0007896043998143606,0.0007525454419321072,0.12782076996280778,5.062752469993688,0.20747567029793848,0.3231434907046037
1172,adam,1172,1173,2.2991606771003118e-07,1,0.0004706123043405138,0.00016422721814878118,0.0014602427020781014,1.1609252470643575e-07,1,1,,0,4.8086250698268714e-09,-14.787044430099213,-0.0037733393640297175,-0.21625776843904698,0.0013571617971086703,0.0004706123043405138,0.0009934917500551727,0.005386812173562718,0.0007896043998143606,0.0007525454419321072,0.12782076996280778,5.062752469993688,0.20747567854134955,0.3231435397535156
1173,adam,1173,1174,2.276169070329309e-07,1,0.0004706123043405138,0.0001642273833335269,0.0014602453142666585,1.1875411083968551e-07,1,1,,0,5.141226857946455e-09,-14.787044430099213,-0.0037733644382184585,-0.2162580987092408,0.0013571268077022568,0.0004706123043405138,0.0009934917500551727,0.005386812173562718,0.0007896043998143606,0.0007525454419321072,0.12782076996280778,5.062752469993688,0.20747568680316458,0.32314358999562404
1174,adam,1174,1175,2.2534073796260157e-07,1,0.0004706123043405138,0.00016422752975306005,0.001460247184778047,1.2137480887613502e-07,1,1,,0,5.47182096110707e-09,-14.787044430099213,-0.003773403111430471,-0.21625843042246978,0.001357075314067214,0.0004706123043405138,0.0009934917500551727,0.005386812173562718,0.0007896043998143606,0.0007525454419321072,0.12782076996280778,5.062752469993688,0.20747569507146965,0.3231436412319343
1175,adam,1175,1176,2.2308733058297553e-07,1,0.0004706123043405138,0.00016422765947158384,0.001460248398469425,1.2384613664060324e-07,1,1,,0,5.801864855872356e-09,-14.787044430099213,-0.0037734537491699305,-0.21625876304862482,0.0013570092979546544,0.0004706123043405138,0.0009934917500551727,0.005386812173562718,0.0007896043998143606,0.0007525454419321072,0.12782076996280778,5.062752469993688,0.20747570333577486,0.3231436932859801
1176,adam,1176,1177,2.2085645727714578e-07,1,0.0004706123043405138,0.00016422777432842446,0.0014602490309457133,1.2610363988282903e-07,1,1,,0,6.132437450258392e-09,-14.787044430099213,-0.0037735148960185753,-0.2162590961190745,0.0013569305243419942,0.0004706123043405138,0.0009934917500551727,0.005386812173562718,0.0007896043998143606,0.0007525454419321072,0.12782076996280778,5.062752469993688,0.20747571158685538,0.32314374600134665
1177,adam,1177,1178,2.1864789270437433e-07,1,0.0004706123043405138,0.00016422787596250205,0.0014602491495649614,1.281129861811562e-07,1,1,,0,6.464302637227167e-09,-14.787044430099213,-0.003773585256166417,-0.2162594292199294,0.0013568405649651367,0.0004706123043405138,0.0009934917500551727,0.005386812173562718,0.0007896043998143606,0.0007525454419321072,0.12782076996280778,5.062752469993688,0.20747571981661048,0.3231437992394656
1178,adam,1178,1179,2.1646141377733056e-07,1,0.0004706123043405138,0.00016422796583410104,0.0014602488143334457,1.2986002359075167e-07,1,1,,0,6.7979664164595615e-09,-14.787044430099213,-0.003773663676058391,-0.21625976198603974,0.001356740819296884,0.0004706123043405138,0.0009934917500551727,0.005386812173562718,0.0007896043998143606,0.0007525454419321072,0.12782076996280778,5.062752469993688,0.20747572801793773,0.3231438528776517
1179,adam,1179,1180,2.1429679963955727e-07,1,0.0004706123043405138,0.00016422804524428414,0.0014602480787035063,1.31343833607796e-07,1,1,,0,7.133727225405393e-09,-14.787044430099213,-0.0037737491289258148,-0.21626009409564872,0.0013566325332503445,0.0004706123043405138,0.0009934917500551727,0.005386812173562718,0.0007896043998143606,0.0007525454419321072,0.12782076996280778,5.062752469993688,0.20747573618462162,0.3231439068073545
1180,adam,1180,1181,2.121538316431617e-07,1,0.0004706123043405138,0.00016422811535225305,0.001460246990286631,1.3257193968403045e-07,1,1,,0,7.471719474094313e-09,-14.787044430099213,-0.003773840700998615,-0.21626042526562744,0.0013565168158527615,0.0004706123043405138,0.0009934917500551727,0.005386812173562718,0.0007896043998143606,0.0007525454419321072,0.12782076996280778,5.062752469993688,0.20747574431123422,0.3231439609326022
1181,adam,1181,1182,2.1003229332673008e-07,1,0.0004706123043405138,0.00016422817719071725,0.0014602455914858089,1.3355703025621276e-07,1,1,,0,7.811950560299549e-09,-14.787044430099213,-0.0037739375792156978,-0.21626075524723087,0.0013563946541108299,0.0004706123043405138,0.0009934917500551727,0.005386812173562718,0.0007896043998143606,0.0007525454419321072,0.12782076996280778,5.062752469993688,0.20747575239304708,0.3231440151686159
1182,adam,1182,1183,2.0793197039346277e-07,1,0.0004706123043405138,0.00016422823167968597,0.0014602439200631894,1.343147332852193e-07,1,1,,0,8.15433184045214e-09,-14.787044430099213,-0.003774039040269875,-0.21626108382231504,0.001356266926263467,0.0004706123043405138,0.0009934917500551727,0.005386812173562718,0.0007896043998143606,0.0007525454419321072,0.12782076996280778,5.062752469993688,0.20747576042595273,0.3231440694405757
1183,adam,1183,1184,2.0585265068952816e-07,1,0.0004706123043405138,0.00016422827963873037,0.00146024200964382,1.3486211715160244e-07,1,1,,0,8.498704153982964e-09,-14.787044430099213,-0.0037741444408438862,-0.2162614107999686,0.0013561344135962893,0.0004706123043405138,0.0009934917500551727,0.005386812173562718,0.0007896043998143606,0.0007525454419321072,0.12782076996280778,5.062752469993688,0.20747576840639506,0.3231441236825224
1184,adam,1184,1185,2.0379412418263285e-07,1,0.0004706123043405138,0.00016422832179789658,0.0014602398901638535,1.352166923818842e-07,1,1,,0,8.844858555246474e-09,-14.787044430099213,-0.003774253208906488,-0.21626173601351018,0.0013559978109751233,0.0004706123043405138,0.0009934917500551727,0.005386812173562718,0.0007896043998143606,0.0007525454419321072,0.12782076996280778,5.062752469993688,0.20747577633130726,0.3231441778363793
1185,adam,1185,1186,2.0175618294080656e-07,1,0.0004706123043405138,0.000164228358807444,0.001460237588271952,1.353957585671075e-07,1,1,,0,9.19255291274252e-09,-14.787044430099213,-0.003774364835954999,-0.21626205931781411,0.0013558577362355918,0.0004706123043405138,0.0009934917500551727,0.005386812173562718,0.0007896043998143606,0.0007525454419321072,0.12782076996280778,5.062752469993688,0.20747578419805668,0.32314423185108154
1186,adam,1186,1187,1.9973862111139848e-07,1,0.0004706123043405138,0.00016422839124654575,0.0014602351276876407,1.3541598909122798e-07,1,1,,0,9.541525006489511e-09,-14.787044430099213,-0.003774478870099925,-0.2162623805869279,0.001355714738555687,0.0004706123043405138,0.0009934917500551727,0.005386812173562718,0.0007896043998143606,0.0007525454419321072,0.12782076996280778,5.062752469993688,0.2074757920043959,0.3231442856818009
1187,adam,1187,1188,1.9774123490028448e-07,1,0.0004706123043405138,0.00016422841963099913,0.001460232529517975,1.3529317943207869e-07,1,1,,0,9.891502702790383e-09,-14.787044430099213,-0.0037745949099016437,-0.21626269971194942,0.0013555693059181823,0.0004706123043405138,0.0009934917500551727,0.005386812173562718,0.0007896043998143606,0.0007525454419321072,0.12782076996280778,5.062752469993688,0.20747579974841912,0.3231443392892555
1188,adam,1188,1189,1.9576382255128165e-07,1,0.00047079965578940915,0.00021200221457755964,0.0016205218047456245,1.350421075296327e-07,1,2,,0,1.3496889409943109e-12,-14.78708726698002,-0.003774428471582071,-0.21626301659913563,0.0013554218717648238,0.00047079965578940915,0.0009934800792136787,0.00538671138120661,0.0007896044429511909,0.0007525512234144057,0.12782246919921195,5.062764235945532,0.2074758074285233,0.3231443926390952
1189,adam,1189,1190,1.938061843257688e-07,1,0.00047079965578940915,0.00021200206007723806,0.0016205180987721194,1.1532752025661507e-07,1,1,,0,3.3199665262763445e-10,-14.78708726698002,-0.003774548810649636,-0.21626326125461878,0.0013552881217905443,0.00047079965578940915,0.0009934800792136787,0.00538671138120661,0.0007896044429511909,0.0007525512234144057,0.12782246919921195,5.062764235945532,0.207475812989322,0.3231444349946446
1190,adam,1190,1191,1.9186812248251115e-07,1,0.00047079965578940915,0.0002120019622334497,0.0016205156580378281,9.954121163762684e-08,1,1,,0,6.092717902088618e-10,-14.78708726698002,-0.003774671369760268,-0.21626344194882804,0.0013551665944161822,0.00047079965578940915,0.0009934800792136787,0.00538671138120661,0.0007896044429511909,0.0007525512234144057,0.12782246919921195,5.062764235945532,0.2074758166760951,0.32314446760868504
1191,adam,1191,1192,1.8994944125768602e-07,1,0.00047079965578940915,0.00021200191446885087,0.0016205143355223148,8.758933554457281e-08,1,1,,0,8.445852882272633e-10,-14.78708726698002,-0.0037747957591896543,-0.21626356604523045,0.0013550559862752479,0.00047079965578940915,0.0009934800792136787,0.00538671138120661,0.0007896044429511909,0.0007525512234144057,0.12782246919921195,5.062764235945532,0.20747581870715,0.32314449159672565
1192,adam,1192,1193,1.8804994684510913e-07,1,0.00047079965578940915,0.00021200191092840933,0.001620514000360067,7.93147694978727e-08,1,1,,0,1.0500603591541068e-09,-14.78708726698002,-0.003774921633033479,-0.21626364009940402,0.001354955135067198,0.00047079965578940915,0.0009934800792136787,0.00538671138120661,0.0007896044429511909,0.0007525512234144057,0.12782246919921195,5.062764235945532,0.20747581927677208,0.3231445079519915
1193,adam,1193,1194,1.8616944737665807e-07,1,0.00047079965578940915,0.0002120019464006278,0.0016205145360792535,7.439539475948119e-08,1,1,,0,1.2369348499824165e-09,-14.78708726698002,-0.0037750486844270285,-0.21626366994729174,0.0013548630042701448,0.00047079965578940915,0.0009934800792136787,0.00538671138120661,0.0007896044429511909,0.0007525512234144057,0.12782246919921195,5.062764235945532,0.20747581855785313,0.32314451755877516
1194,adam,1194,1195,1.843077529028915e-07,1,0.00047079965578940915,0.0002120020162466566,0.0016205158390234934,7.229764722808548e-08,1,1,,0,1.4152830931189521e-09,-14.78708726698002,-0.0037751766412855714,-0.21626366078381842,0.0013547786695094555,0.00047079965578940915,0.0009934800792136787,0.00538671138120661,0.0007896044429511909,0.0007525512234144057,0.12782246919921195,5.062764235945532,0.2074758167042327,0.3231445212043317
1195,adam,1195,1196,1.8246467537386255e-07,1,0.00047079965578940915,0.00021200211633768198,0.0016205178169460483,7.234206015758362e-08,1,1,,0,1.593698406616718e-09,-14.78708726698002,-0.003775305262507356,-0.21626361723292267,0.0013547013064040176,0.00047079965578940915,0.0009934800792136787,0.00538671138120661,0.0007896044429511909,0.0007525512234144057,0.12782246919921195,5.062764235945532,0.20747581385278324,0.3231445195894746
1196,adam,1196,1197,1.8064002862012394e-07,1,0.00047079965578940915,0.0002120022429994111,0.0016205203877706878,7.384074559522396e-08,1,1,,0,1.7790339077211795e-09,-14.78708726698002,-0.0037754343345903873,-0.21626354340994164,0.001354630179730439,0.00047079965578940915,0.0009934800792136787,0.00538671138120661,0.0007896044429511909,0.0007525512234144057,0.12782246919921195,5.062764235945532,0.20747581012526745,0.3231445133380158
1197,adam,1197,1198,1.788336283339227e-07,1,0.00047079965578940915,0.00021200239296202775,0.0016205234784713875,7.621106938900705e-08,1,1,,0,1.976291524001133e-09,-14.78708726698002,-0.003775563668617087,-0.21626344297718278,0.0013545646337613276,0.00047079965578940915,0.0009934800792136787,0.00538671138120661,0.0007896044429511909,0.0007525512234144057,0.12782246919921195,5.062764235945532,0.20747580562999246,0.32314450300517494
1198,adam,1198,1199,1.7704529205058347e-07,1,0.00047079965578940915,0.00021200256331604472,0.0016205270240850249,7.901874516514215e-08,1,1,,0,2.188697937514914e-09,-14.78708726698002,-0.003775693097567103,-0.21626331919342814,0.001354504083650162,0.00047079965578940915,0.0009934800792136787,0.00538671138120661,0.0007896044429511909,0.0007525512234144057,0.12782246919921195,5.062764235945532,0.20747580046328348,0.3231444890850708
1199,adam,1199,1200,1.7527483913007764e-07,1,0.00047079965578940915,0.0002120027514730374,0.0016205309668292675,8.196740135130064e-08,1,1,,0,2.4179405717478673e-09,-14.78708726698002,-0.0037758224739225794,-0.21626317495803155,0.001354448007750983,0.00047079965578940915,0.0009934800792136787,0.00538671138120661,0.0007896044429511909,0.0007525512234144057,0.12782246919921195,5.062764235945532,0.20747579471079555,0.3231444720173951
1200,adam,1200,1201,,1,0.00047079965578940915,0.00021200295513036944,0.0016205352553173942,8.486745863378671e-08,1,1,,0,2.664493574902355e-09,-14.78708726698002,-0.0037759516675339483,-0.21626301285020189,0.0013543959407698247,0.00047079965578940915,0.0009934800792136787,0.00538671138120661,0.0007896044429511909,0.0007525512234144057,0.12782246919921195,5.062764235945532,0.20747578844868272,0.32314445219335775
1201,lbfgs_unbounded,0,0,,1,0.0004707663183904018,0.00020415655839470004,0.0017230928379953414,0.0,1,2,,0,3.2261389387507023e-13,-14.787089121355041,-0.003773774036818601,-0.21626301285020189,0.0013543959407698247,0.0004707663183904018,0.000993476373159961,0.005386760175953023,0.0007896075954601461,0.0007525530144254517,0.1278225762482362,5.062764798080965,0.20747578844868272,0.32314445219335775
1202,lbfgs_unbounded,1,7,,1,0.00047055387943267834,0.00014069136278206415,0.0015528624233910637,1.1276411685119648e-06,1,2,,0,2.221932191183298e-12,-14.786992746381165,-0.003775016247434703,-0.21625539001060112,0.001356212547276707,0.00047055387943267834,0.000993445080363109,0.005386796184287619,0.0007895195923431467,0.0007525372033305934,0.12782115518697146,5.062695597635635,0.20747561860525066,0.32314400461705106
1203,lbfgs_unbounded,2,9,,1,0.00047050858821889174,0.00013294543230595566,0.0009804238855041709,4.151759098901945e-07,1,2,,0,2.826017555366086e-12,-14.787000369500598,-0.0037743132423215396,-0.2162533935788114,0.0013574002403574895,0.00047050858821889174,0.0009934403899978447,0.0053867797724905546,0.0007895145108899769,0.0007525378206210029,0.12782087200152062,5.062704428772637,0.20747553843107913,0.3231438116012772
1204,lbfgs_unbounded,3,10,,1,0.0004704913370968958,0.0001884820412077626,0.0015651017429773404,6.903841510972523e-07,1,2,,0,3.3111600909049135e-12,-14.787057205468969,-0.0037725507101150153,-0.21625237475977138,0.0013600818256639048,0.0004704913370968958,0.0009934486016294993,0.0053867239469128775,0.0007895524598572443,0.0007525462497395538,0.12782083290847399,5.062750806956076,0.20747541876261216,0.3231435249521931
1205,lbfgs_unbounded,4,11,,1,0.0004704493514255121,7.865974266175805e-05,0.0008012037605885043,3.066214439271844e-07,1,2,,0,3.003575290703799e-12,-14.78708699270857,-0.0037724454430200856,-0.2162545436760382,0.0013586796892934392,0.0004704493514255121,0.0009934624211685838,0.005386706981427587,0.0007895912454418636,0.0007525515163396488,0.12782123424344247,5.062771378843162,0.20747544946379312,0.3231436347176569
1206,lbfgs_unbounded,5,13,,1,0.0004704446647862847,6.620910072757043e-05,0.000433330528458461,1.0788743733178659e-07,1,2,,0,2.2708390907811075e-12,-14.787077093979242,-0.003772853343977513,-0.21625459761317534,0.0013578795051684663,0.0004704446647862847,0.000993463096359368,0.005386717953998917,0.0007895906518298355,0.0007525503913020288,0.12782123624003966,5.062764462976093,0.20747546032505687,0.32314367214839895
1207,lbfgs_unbounded,6,14,,1,0.0004704415741544578,6.0247684939495225e-05,0.0005256130534690925,9.734609884851898e-08,1,2,,0,2.0298111981070772e-12,-14.787071242924208,-0.003773106979050894,-0.21625420278149918,0.001357145561261544,0.0004704415741544578,0.0009934640785217185,0.0053867222903506914,0.0007895927168406786,0.000752549798724646,0.1278211761897947,5.0627608325600075,0.20747544363197346,0.32314365179558374
1208,lbfgs_unbounded,7,15,,1,0.00047043975928679914,4.024403486390399e-05,0.00033142488680252256,7.727731830138639e-08,1,2,,0,2.1096028015197233e-12,-14.787078372832745,-0.0037730545750216315,-0.21625437500842734,0.0013567479454263016,0.00047043975928679914,0.0009934671715437174,0.00538671455061252,0.0007896015968146441,0.0007525509271813922,0.1278212150170455,5.062765443079594,0.20747543226110365,0.323143642087988
1209,lbfgs_unbounded,8,16,,1,0.0004704385796882897,3.6710186581960324e-05,0.0002323511037883439,3.7092451992678635e-08,1,2,,0,2.257682575775466e-12,-14.787083154277877,-0.0037729786908588434,-0.2162544364687926,0.0013565612238076714,0.0004704385796882897,0.0009934681779680727,0.005386709954558155,0.0007896054233841273,0.0007525515474643818,0.1278212405452103,5.062768436200387,0.2074754311528955,0.32314364910608034
1210,lbfgs_unbounded,9,17,,1,0.0004704358517685584,5.8911744631845387e-05,0.0009089675048206263,1.9922153443243654e-07,1,2,,0,2.989761817207875e-12,-14.787101970303333,-0.0037726942243990753,-0.21625438564278338,0.0013556769266569889,0.0004704358517685584,0.0009934718169873674,0.005386686046336191,0.0007896191036972394,0.0007525535788132858,0.12782128794502276,5.062778034222181,0.2074754112903253,0.32314365536768425
1211,lbfgs_unbounded,10,18,,1,0.0004704335457408904,3.64600994019441e-05,0.00044178478865711837,7.245993821674272e-08,1,2,,0,2.49919965680257e-12,-14.787093421063844,-0.0037729178815249106,-0.21625397684105288,0.0013558844800549026,0.0004704335457408904,0.0009934689657272347,0.005386684363889559,0.0007896085330842922,0.0007525514720017998,0.12782121783818334,5.0627665723661,0.2074754091578755,0.32314366188469246
1212,lbfgs_unbounded,11,19,,1,0.0004704328417505199,4.5081569907423504e-05,0.0004539566837833205,1.074886443097192e-07,1,2,,0,2.2723179254684506e-12,-14.787087260473175,-0.003772970246567143,-0.21625342609433115,0.001356043095249466,0.0004704328417505199,0.0009934641518578545,0.005386675622995461,0.0007895917138784724,0.0007525488748807146,0.127821140381485,5.062754022596081,0.20747540124077982,0.3231436722974348
1213,lbfgs_unbounded,12,20,,1,0.0004704315432417476,4.375111924420987e-05,0.00033915322188519926,6.107985972313038e-08,1,2,,0,2.3959708605235453e-12,-14.787091633704783,-0.0037728904313652652,-0.21625316696667457,0.001356302454173715,0.0004704315432417476,0.000993462991812722,0.005386662320284393,0.0007895899841394543,0.0007525486846829266,0.1278211307988415,5.062751670438424,0.20747539141564625,0.323143672118175
1214,lbfgs_unbounded,13,21,,1,0.00047042920566232806,5.187557616760312e-05,0.0004334033285065437,1.4841299661345726e-07,1,2,,0,2.450728354915606e-12,-14.787100924225603,-0.003772937159346358,-0.21625267754522204,0.0013563077558135987,0.00047042920566232806,0.000993462885485539,0.00538663217974392,0.0007895936160887979,0.0007525485632356681,0.12782112529223738,5.062745656897044,0.20747536802698655,0.3231436817758954
1215,lbfgs_unbounded,14,22,,1,0.00047042768518224475,5.4508485887534404e-05,0.0004700267079240419,1.1903856152050346e-07,1,2,,0,2.518910405716342e-12,-14.787106028376275,-0.0037730412663667862,-0.21625210145380075,0.0013566788213567845,0.00047042768518224475,0.0009934627533965737,0.00538661140494666,0.0007895974891933783,0.0007525482918130885,0.12782110640943145,5.062740616945793,0.20747535736633158,0.3231436977093569
1216,lbfgs_unbounded,15,23,,1,0.0004704272522524872,9.186605759399876e-05,0.0010415643207165601,2.2210064612870382e-07,1,2,,0,2.6702509692607035e-12,-14.787114450251725,-0.0037730593759308525,-0.21625116614510298,0.001356918461638685,0.0004704272522524872,0.0009934597776828822,0.005386570355753527,0.0007895923884919577,0.000752546697818599,0.12782103534509828,5.062728818461786,0.20747533859888923,0.32314372745861053
1217,lbfgs_unbounded,16,24,,1,0.00047042515026263465,5.637418707499594e-05,0.0005748295347645534,6.177969920203509e-08,1,2,,0,2.4732399097118472e-12,-14.787110839908555,-0.003773005158578645,-0.21625132794253943,0.001356922240629638,0.00047042515026263465,0.0009934568585575195,0.005386569211912558,0.0007895818050091247,0.0007525455827644652,0.127820999507811,5.0627247877055055,0.20747535077084517,0.3231437296542711
1218,lbfgs_unbounded,17,25,,1,0.0004704240450466774,6.620690075601769e-05,0.0006661283089712363,6.335083336115279e-08,1,2,,0,2.42621655854046e-12,-14.787114942085752,-0.0037730649914913517,-0.21625162915237545,0.0013564435134259493,0.0004704240450466774,0.0009934594457491558,0.005386562464190584,0.0007895898335585715,0.0007525463346338282,0.1278210113778816,5.062727402374236,0.20747535335658032,0.323143727336867
1219,lbfgs_unbounded,18,26,,1,0.0004704235278615935,4.481600616797596e-05,0.00045271679773215766,8.63405035535673e-08,1,2,,0,2.5633883499257104e-12,-14.787120425096713,-0.0037730334965770124,-0.21625128616454783,0.0013565892329253921,0.0004704235278615935,0.0009934587729576825,0.005386544771598243,0.0007895900927681491,0.0007525460322088821,0.1278209870492312,5.06272428418716,0.20747534291555111,0.3231437331047578
1220,lbfgs_unbounded,19,27,,1,0.0004704230125576496,4.040629576730606e-05,0.00026507527725991417,5.714513609972416e-08,1,2,,0,2.520681779697567e-12,-14.787119589104654,-0.0037730298439325846,-0.21625097252711817,0.001356936617992181,0.0004704230125576496,0.000993456186761077,0.005386535384657393,0.0007895831932555547,0.000752544833566659,0.1278209307197055,5.062718401113045,0.20747534173056117,0.3231437357622586
1221,lbfgs_unbounded,20,28,,1,0.0004704221543395591,4.560565903477018e-05,0.00031307407439783353,4.263199372193929e-08,1,2,,0,2.527785136303816e-12,-14.787122333129338,-0.003773013785307632,-0.2162509658448047,0.0013568210850748205,0.0004704221543395591,0.00099345619151572,0.00538652695634031,0.0007895836171924965,0.0007525445955518055,0.12782091216851138,5.062717280710146,0.20747534081438565,0.3231437381605613
1222,lbfgs_unbounded,21,30,,1,0.0004704213819917065,4.353224477604114e-05,0.00037655083926001903,8.600002350210961e-08,1,2,,0,2.5410125070338578e-12,-14.787127953154807,-0.0037730039402027733,-0.2162510142221935,0.0013565486361311787,0.0004704213819917065,0.000993456982350052,0.005386511830539005,0.0007895866299395907,0.0007525443152207905,0.12782088511542053,5.0627161281243245,0.2074753411148851,0.32314374573260163
1223,lbfgs_unbounded,22,31,,1,0.0004704206528244766,4.205122592286936e-05,0.00035403815338392035,4.3462032824382174e-08,1,2,,0,2.5487448404905607e-12,-14.787131611167313,-0.0037730169464689437,-0.21625106535704564,0.0013564284995705048,0.0004704206528244766,0.000993457598700006,0.005386503716770669,0.0007895898657799074,0.0007525443394353653,0.12782087573426779,5.062715594384473,0.20747533987621725,0.32314374593371675
1224,lbfgs_unbounded,23,32,,1,0.0004704195955045028,6.17047141959065e-05,0.0008491204319820956,1.2389067472339715e-07,1,2,,0,2.5946210774840088e-12,-14.787145329339923,-0.0037730693928277044,-0.21625134345717242,0.0013559193837469597,0.0004704195955045028,0.0009934594118113911,0.005386475774756392,0.0007896009277126281,0.0007525446325863776,0.12782086559040987,5.062713434089649,0.2074753379363404,0.32314375115576793
1225,lbfgs_unbounded,24,33,,1,0.00047041800351242755,5.590606273042135e-05,0.0004012488010724858,1.622556633818922e-07,1,2,,0,2.4738225990465236e-12,-14.787152964980445,-0.003773185206995239,-0.21625098497637338,0.0013559912676842773,0.00047041800351242755,0.0009934565571388732,0.0053864385066582044,0.0007895966183068356,0.0007525426199090407,0.12782077909612696,5.06269938786065,0.2074753309537085,0.32314376970257697
1226,lbfgs_unbounded,25,34,,1,0.00047041591463143105,5.190621556692857e-05,0.00037878332665604916,3.097046456314674e-07,1,2,,0,2.44811480258391e-12,-14.787173837030899,-0.00377331763694677,-0.21625077107737867,0.0013557885068364698,0.00047041591463143105,0.0009934536173905825,0.00538636537911848,0.0007895963703848811,0.0007525398303637179,0.12782064280015396,5.062678866222911,0.20747532466280003,0.3231438057753427
1227,lbfgs_unbounded,26,35,,1,0.0004704122753086035,4.7689760269201595e-05,0.0002840300871926461,6.871930257763017e-07,1,2,,0,2.731412208812629e-12,-14.78722339699949,-0.003773574813194747,-0.21625059440917527,0.0013558380993091378,0.0004704122753086035,0.0009934480477361495,0.005386201772552551,0.0007895984596195204,0.0007525339753005547,0.12782033096460305,5.062634560802418,0.20747530735179473,0.32314386980770443
1228,lbfgs_unbounded,27,36,,1,0.000470411455525486,4.906540241302063e-05,0.0003391358687122024,6.445677519008875e-07,1,2,,0,3.2472044904741e-12,-14.787268689959257,-0.003773873032953658,-0.21625083292762748,0.001356174922653514,0.000470411455525486,0.0009934428221277066,0.005386053222772282,0.0007896003566343889,0.0007525282179681097,0.12782002579310706,5.062592395793099,0.20747530046991997,0.3231439384392116
1229,lbfgs_unbounded,28,37,,1,0.00047040907054098573,4.721186283892121e-05,0.0005048069003893704,2.3182047383212794e-07,1,2,,0,2.940791061202192e-12,-14.787252789881467,-0.0037737076726219025,-0.2162513061946814,0.0013567004194671827,0.00047040907054098573,0.0009934426800733882,0.005386102328598398,0.000789595237681796,0.0007525297003173601,0.12782012560035522,5.06260592883793,0.20747531132223102,0.3231439196268333
1230,lbfgs_unbounded,29,39,,1,0.0004704077485238085,4.283677866871815e-05,0.0005216562757514632,2.233602369182625e-07,1,2,,0,2.6087632615888866e-12,-14.787234265284726,-0.0037736979688549705,-0.21625195709783276,0.0013571857903146875,0.0004704077485238085,0.0009934426981638498,0.005386151281373535,0.0007895895763273793,0.0007525305020809994,0.12782019739494258,5.062615109515929,0.20747532116740325,0.3231438974534264
1231,lbfgs_unbounded,30,40,,1,0.0004704059436443479,3.2508032529810904e-05,0.0002847079291544831,1.6683497743381345e-07,1,2,,0,2.611726879333858e-12,-14.78724402120885,-0.0037737015550894297,-0.21625241326184663,0.0013575973009742248,0.0004704059436443479,0.0009934373816089768,0.005386103879087375,0.000789579926235417,0.0007525281696844836,0.12782010113633488,5.062600231621116,0.20747532092336793,0.3231439134091367
1232,lbfgs_unbounded,31,41,,1,0.0004704045087783757,6.746819187368357e-05,0.0007036289538105405,8.974771531030312e-07,1,2,,0,3.1549570837184037e-12,-14.78729972800441,-0.003774116473786202,-0.21625372646687396,0.00135923413292718,0.0004704045087783757,0.0009934172514093596,0.005385858839937119,0.0007895532333008455,0.0007525173211485411,0.12781961897891328,5.0625237111687005,0.20747531302394634,0.32314401210590427
1233,lbfgs_unbounded,32,42,,1,0.0004704016292289346,5.785286212690395e-05,0.0006406336643948777,1.1061475911325336e-07,1,2,,0,3.1887886946062867e-12,-14.787303631815865,-0.0037740937565009887,-0.21625403181848257,0.0013596499098895147,0.0004704016292289346,0.0009934112585750126,0.005385814766172013,0.0007895421574740216,0.0007525156448083694,0.12781951756588067,5.062513918261523,0.2074753166816243,0.32314401056080283
1234,lbfgs_unbounded,33,43,,1,0.00047040055473084134,8.494223895360651e-05,0.0008065239981977883,2.3215486129752035e-07,1,2,,0,3.245420856481451e-12,-14.787305861025748,-0.003774147986585621,-0.21625479617802038,0.001360741763228134,0.00047040055473084134,0.0009933982287674361,0.005385724736352052,0.000789515707098903,0.0007525116994950114,0.12781931414379458,5.062491883200237,0.2074753277815938,0.3231440182356336
1235,lbfgs_unbounded,34,44,,1,0.0004703978112167837,6.787688046266752e-05,0.0006470553178605839,2.080099495080004e-07,1,2,,0,3.4187806655205325e-12,-14.787317369931468,-0.0037742224396289494,-0.21625524826149067,0.0013615065708775748,0.0004703978112167837,0.0009933921375323037,0.005385665468710806,0.0007895063662027328,0.0007525089660076806,0.12781920982999068,5.062473035792336,0.20747532568894558,0.32314404479953135
1236,lbfgs_unbounded,35,46,,1,0.0004703963999722289,4.4149501561662625e-05,0.0005065962008804026,2.3946940947948427e-07,1,2,,0,3.648501524386195e-12,-14.787329287672243,-0.003774362324542061,-0.2162557264595412,0.0013624581925848528,0.0004703963999722289,0.0009933858059225946,0.005385597634511375,0.0007894977611211952,0.0007525059561257165,0.12781910032221,5.0624522164474275,0.207475323627444,0.3231440785342815
1237,lbfgs_unbounded,36,47,,1,0.0004703943076052403,3.9960113471673596e-05,0.0003906924746598326,1.8837489523108833e-07,1,2,,0,3.8306192552722045e-12,-14.787336346101934,-0.0037743428917174433,-0.21625634153503684,0.0013635681804674011,0.0004703943076052403,0.0009933766272758567,0.0053855255964085375,0.0007894809107594396,0.0007525031911333645,0.1278189867061042,5.06243508603393,0.20747532517609552,0.3231440985772861
1238,lbfgs_unbounded,37,48,,1,0.0004703908462223157,7.174946812947573e-05,0.0009767678168747756,9.904805461202914e-07,1,2,,0,5.445106797028401e-12,-14.787377908912125,-0.0037744289195428445,-0.21625886573362757,0.0013684287013680302,0.0004703908462223157,0.000993335405574215,0.005385174213140606,0.0007894068738804173,0.0007524883619372177,0.12781835441292982,5.062343950726723,0.20747532308061034,0.3231441980190006
1239,lbfgs_unbounded,38,49,,1,0.0004703873939268966,5.854251194803146e-05,0.000830851440738524,4.816159333000907e-07,1,2,,0,6.213682171961927e-12,-14.78740680312727,-0.003774609538212095,-0.2162592229546587,0.0013696066616532443,0.0004703873939268966,0.0009933232412480321,0.005385016635189943,0.0007893916384020276,0.0007524826365903688,0.12781808639148157,5.062303581924049,0.20747530154599017,0.3231442444827065
1240,lbfgs_unbounded,39,50,,1,0.0004703809939502231,7.10985558687485e-05,0.000680152111900578,1.028394411114308e-06,1,2,,0,7.963942456332622e-12,-14.78746512007337,-0.003775062795568081,-0.2162586359077936,0.001370566016634557,0.0004703809939502231,0.0009933010507627764,0.005384692242348266,0.0007893621071395356,0.000752470160812117,0.12781751937895458,5.062216243680492,0.2074752251720016,0.3231443338106244
1241,lbfgs_unbounded,40,51,,1,0.00047037775528497965,7.290498881882004e-05,0.000581849463645122,4.5270469578407967e-07,1,2,,0,8.83799936084804e-12,-14.78748878212183,-0.0037750381389885387,-0.21625772216834097,0.0013697751875315722,0.00047037775528497965,0.0009932892653608397,0.005384528814682337,0.0007893449860883819,0.0007524652828929579,0.12781733283619656,5.062184435888748,0.20747518394088085,0.32314437695139725
1242,lbfgs_unbounded,41,52,,1,0.0004703703625816956,5.695773208223626e-05,0.0007679623235359054,1.39982266778458e-06,1,2,,0,1.2283509749677725e-11,-14.787560770030671,-0.003775333766076449,-0.21625933651552612,0.0013709121095961724,0.0004703703625816956,0.000993241024311465,0.005384012142626443,0.0007892644971232405,0.0007524455881364345,0.1278165795659111,5.062059686298012,0.20747515119866322,0.3231445313282796
1243,lbfgs_unbounded,42,53,,1,0.00047036339658834795,4.8812599693733473e-05,0.00027506527702991963,1.3647028744477705e-06,1,2,,0,1.5989951719778107e-11,-14.787646824102211,-0.0037754525865709627,-0.21626084164642217,0.0013711104984800394,0.00047036339658834795,0.000993204302514246,0.005383530069013165,0.0007892178863212527,0.0007524300085285945,0.12781597755249424,5.0619575899079186,0.207475109940233,0.323144674852443
1244,lbfgs_unbounded,43,54,,1,0.00047035499468030663,7.223358873181338e-05,0.0008308703579866502,3.304311437797318e-06,1,2,,0,2.8257752953576805e-11,-14.787851857230697,-0.003775817110118225,-0.21626444524594124,0.0013710629112360965,0.00047035499468030663,0.0009931153043574543,0.0053823746161985484,0.0007891001492405454,0.0007523908885220449,0.1278145072803184,5.061704277645635,0.20747501234693475,0.32314501513797594
1245,lbfgs_unbounded,44,55,,1,0.00047034831176947524,0.00010790479979024632,0.0008461641833989103,1.9682774806176864e-06,1,2,,0,3.85851363062222e-11,-14.787992144721006,-0.0037761249830531997,-0.2162659967488455,0.0013667394873626967,0.00047034831176947524,0.0009930859392006449,0.00538171204203975,0.0007890891449171659,0.0007523728353234748,0.12781391754238447,5.061585009115119,0.20747493706336748,0.32314521006960506
1246,lbfgs_unbounded,45,56,,1,0.0004703380600321078,6.751083993358022e-05,0.0004876116666352136,3.480355796158363e-07,1,2,,0,4.007250952320448e-11,-14.787989744689119,-0.0037763752613327664,-0.21626677529457608,0.0013681295782722355,0.0004703380600321078,0.0009930758625871794,0.005381623532625711,0.00078906969341215,0.0007523682455809296,0.12781376668928984,5.061561774567201,0.207474946219799,0.3231452030794963
1247,lbfgs_unbounded,46,57,,1,0.0004703324908722102,7.405059998443224e-05,0.000475103040361521,6.102012534053141e-07,1,2,,0,4.1903265624493325e-11,-14.787988869167085,-0.003776624106860736,-0.21626825809311784,0.0013688306669998372,0.0004703324908722102,0.0009930773620883972,0.005381563998596201,0.0007890836826193874,0.0007523672635179017,0.12781381454203847,5.0615646475778835,0.207474963086584,0.3231451613750394
1248,lbfgs_unbounded,47,58,,1,0.00047031960096626847,5.7267089568802684e-05,0.0003483811440164415,2.0453980083278737e-06,1,2,,0,5.63785911800458e-11,-14.788114403525217,-0.0037769446873666844,-0.21626981710155221,0.0013697232923466321,0.00047031960096626847,0.0009930246295099404,0.005380832604611918,0.0007890128241904135,0.0007523417829596267,0.127812879940403,5.06140201442764,0.20747487452897334,0.3231453247019889
1249,lbfgs_unbounded,48,59,,1,0.00047030718982778337,6.035680617770826e-05,0.0003877897296871185,2.8878933400894288e-06,1,2,,0,8.08130031931124e-11,-14.788292405912074,-0.003777396802585711,-0.21627165898589207,0.0013712140969411102,0.00047030718982778337,0.0009929484760895953,0.005379785192053269,0.0007889086516572341,0.0007523053551432542,0.12781156770368665,5.061167029848174,0.20747473672140584,0.32314557693617724
1250,lbfgs_unbounded,49,60,,1,0.00047029308151439505,7.210376028832734e-05,0.0005410412449854518,4.783005316112804e-06,1,3,,0,2.8026644169392025e-16,-14.788588697552756,-0.0037787145323087954,-0.21627413548604912,0.0013700339613698191,0.00047029308151439505,0.0009928217216534376,0.005378040388591816,0.0007887488834155269,0.0007522456598724006,0.12780939590705875,5.060770735619513,0.20747449371653381,0.3231460423761782
1251,lbfgs_unbounded,50,61,,1,0.0004702759471914594,6.176037507638738e-05,0.0005824786141733684,4.2210355134854815e-06,1,3,,0,5.523369737822724e-16,-14.788848040260985,-0.0037790037693825715,-0.2162759498254235,0.0013696045730523237,0.0004702759471914594,0.0009926937435407453,0.005376494788955671,0.0007885605403799364,0.0007521881395302671,0.12780746732985654,5.0604060873544805,0.20747427464051407,0.32314648068199514
1252,lbfgs_unbounded,51,62,,1,0.0004702633358958822,5.075147487013512e-05,0.0004347015579814449,4.256694040377213e-06,1,3,,0,9.385748089649128e-16,-14.789105073321434,-0.0037796837759068507,-0.21627912133642055,0.0013691868976582501,0.0004702633358958822,0.0009925774500797997,0.005374939406801817,0.0007884073323519192,0.0007521344748775018,0.12780556103086116,5.060065551798875,0.20747406771366664,0.32314685151108585
1253,lbfgs_unbounded,52,63,,1,0.0004702622417278959,7.587464512607032e-05,0.0011008722030868652,1.7338967925983988e-05,1,3,,0,5.054902848588462e-15,-14.79014869273517,-0.0037826917332642747,-0.21629266249228596,0.0013703731932621771,0.0004702622417278959,0.0009921001744844363,0.005368605020382507,0.0007877746736186194,0.000751914832181044,0.12779774499338908,5.05866560039915,0.2074732244760271,0.32314840181520516
1254,lbfgs_unbounded,53,64,,1,0.0004702397919492284,8.929624259238995e-05,0.0014830463807005828,2.1996399852109398e-06,1,3,,0,4.073187567075032e-15,-14.790027710820441,-0.0037833214929310004,-0.21628878606607913,0.0013741424885946988,0.0004702397919492284,0.000992166714101344,0.0053693485268107265,0.0007879354243337782,0.0007519481488305951,0.12779886988353029,5.058853980307222,0.20747321384588258,0.32314818222676367
1255,lbfgs_unbounded,54,65,,1,0.000470217912113069,8.852378070199503e-05,0.0016975211192695341,3.939280826494488e-06,1,3,,0,2.9610345060431406e-15,-14.78978359747666,-0.003782123419424329,-0.21628640154026696,0.0013739982118896154,0.000470217912113069,0.0009922504143814166,0.00537073235016599,0.0007880312440164644,0.0007519944517449617,0.12780042753105145,5.0591591122215265,0.207473344433036,0.3231477983799513
1256,lbfgs_unbounded,55,67,,1,0.0004702032402051287,9.263814083966182e-05,0.0018568324702472197,3.208439371570324e-06,1,3,,0,2.376909729150401e-15,-14.789556632819705,-0.0037815851822053043,-0.216285610577356,0.0013719935956631303,0.0004702032402051287,0.0009922979992796632,0.005371827683804407,0.0007880556163590705,0.0007520251938581485,0.12780141278804338,5.05937337918254,0.2074734211592103,0.32314746977856434
1257,lbfgs_unbounded,56,68,,1,0.0004701897571342455,6.44442923817405e-05,0.0007772664581276559,4.574739914415495e-06,1,3,,0,3.4963158940952782e-15,-14.789837402576762,-0.0037824321035092295,-0.2162900010766485,0.0013719248255215496,0.0004701897571342455,0.0009921707966903067,0.0053701543809127955,0.0007879123440437629,0.0007519705727108361,0.12779938032124477,5.059020170842827,0.20747314410117834,0.3231478438599364
1258,lbfgs_unbounded,57,70,,1,0.00047018669404919435,6.274709530181482e-05,0.0007740631469288746,4.748080649594702e-06,1,3,,0,5.1533818680217575e-15,-14.790129363796861,-0.0037831391957113924,-0.21629416085304917,0.0013715928761940661,0.00047018669404919435,0.0009920382633440477,0.005368415748749536,0.0007877431015937624,0.0007519111855506003,0.12779723173475868,5.058641191654596,0.20747289544583508,0.3231482585352849
1259,lbfgs_unbounded,58,71,,1,0.00047016244414438294,0.0001309761185859374,0.002411307967905167,2.8259689365365874e-06,1,3,,0,6.4025610348831905e-15,-14.790303287729031,-0.0037816452615305686,-0.21629517942923693,0.0013709834164291118,0.00047016244414438294,0.0009919369634655002,0.005367549275665154,0.0007876305111196525,0.0007518792346539651,0.12779591677702243,5.058462295699243,0.20747263297440618,0.32314828399114537
1260,lbfgs_unbounded,59,72,,1,0.00047014525900241906,0.00011164082839770436,0.002020217394320776,2.4870452446929486e-06,1,3,,0,7.654835172250091e-15,-14.79045140242972,-0.0037825537495717455,-0.2162951189296972,0.001371123053825226,0.00047014525900241906,0.0009918695527095362,0.00536668629107898,0.0007875751915451439,0.0007518492841941916,0.1277948656943254,5.058266460261039,0.2074724770462516,0.3231485130202018
1261,lbfgs_unbounded,60,73,,1,0.00047012263911818303,9.26138521413274e-05,0.0015671884222595027,6.475702387678994e-06,1,3,,0,1.2157412078365535e-14,-14.790800824512838,-0.0037849401422725367,-0.21629757764967802,0.0013701497118527907,0.00047012263911818303,0.000991666236939987,0.005364375793421134,0.0007873358406241614,0.0007517626569643388,0.12779176458425787,5.057715860261512,0.20747205718071468,0.3231491129323567
1262,lbfgs_unbounded,61,74,,1,0.00047009379616545435,8.933972609428284e-05,0.0016855122137912422,8.177173326338845e-06,1,3,,0,2.0309171934577416e-14,-14.791288166396834,-0.003786695078988418,-0.21630130803467915,0.0013687262033121482,0.00047009379616545435,0.0009914030969045136,0.005361422954549231,0.0007870397089979182,0.0007516575329320719,0.12778783211286984,5.057043639047077,0.207471563907225,0.3231499169715551
1263,lbfgs_unbounded,62,75,,1,0.0004700456495351794,8.222013046327532e-05,0.0014322727844158674,1.3043075390336784e-05,1,3,,0,4.1220053089824534e-14,-14.792080352505224,-0.003789073694816279,-0.21630775540543387,0.0013658234616286424,0.0004700456495351794,0.000990987738651392,0.005356699254322006,0.0007865669888747936,0.0007514906464603842,0.12778142108341187,5.0559792465585405,0.20747076512970147,0.3231511194507708
1264,lbfgs_unbounded,63,76,,1,0.00046991976977950973,0.00011837332005947823,0.0009542268563964373,7.651984111329425e-05,1,3,,0,5.965179747582859e-13,-14.796654828954013,-0.003802193482625364,-0.2163387931870447,0.0013595039364904208,0.00046991976977950973,0.0009885541462222943,0.005328925954260857,0.0007837972373021758,0.00075051792117941,0.12774367853556595,5.0498064932492275,0.20746598825401616,0.3231578257593543
1265,lbfgs_unbounded,64,77,,1,0.00046980159184643254,7.923276334365363e-05,0.0010320679027936216,5.5765648002411725e-05,1,3,,0,2.0290741669415075e-12,-14.8000780126209,-0.003808183751978962,-0.21636396354108842,0.0013469631814719836,0.00046980159184643254,0.0009867791350776974,0.005308444930927862,0.0007817686429642311,0.0007498208941231313,0.12771747175233333,5.045407390578386,0.20746276280675408,0.3231631251949876
1266,lbfgs_unbounded,65,78,,1,0.0004697003578049971,6.715889454777912e-05,0.0009003236916469318,5.384202302264242e-05,1,3,,0,5.018967487071044e-12,-14.80339183675391,-0.0038125676114035708,-0.2163847227396752,0.0013368514639155629,0.0004697003578049971,0.0009850729575376024,0.005288529555937009,0.0007798213907705382,0.000749155714567477,0.12769231201283077,5.04124060630619,0.20745971154951576,0.323168227146532
1267,lbfgs_unbounded,66,79,,1,0.00046950335551529035,7.264230873164579e-05,0.0006725256832607759,0.00015019414508736257,1,3,,0,3.0324724808371e-11,-14.81242114443822,-0.0038277578560907367,-0.2164371069972571,0.0013214829433305245,0.00046950335551529035,0.0009803482954671202,0.00523274497477678,0.0007743721460987351,0.0007472971246965869,0.12762107218917365,5.0296327737991104,0.20745119448960483,0.32318222289555004
1268,lbfgs_unbounded,67,80,,1,0.0004693110939107467,8.300751214315662e-05,0.001140730354750577,0.00019157715021695643,1,4,,0,1.1294423566411585e-15,-14.823993619254932,-0.0038388173398559286,-0.21649489147732287,0.0013103861333477352,0.0004693110939107467,0.000974452000944217,0.0051611830247282175,0.0007676971251932251,0.0007449959207673735,0.12753266371081562,5.015429510761234,0.2074405038532436,0.32320024085540655
1269,lbfgs_unbounded,68,81,,1,0.00046901427791892726,0.0001414586938798769,0.002572370993737347,0.00024309010941167244,1,4,,0,1.5268507021002893e-14,-14.838298227043767,-0.003849158057623078,-0.21649387880443158,0.0013700120043218427,0.00046901427791892726,0.0009669328141066344,0.0050692363839755835,0.0007588009078140915,0.0007420484358533719,0.12741899136368812,4.997525710827574,0.2074293363411692,0.32322557374338784
1270,lbfgs_unbounded,69,82,,1,0.0004688091024197393,0.00013767921275910678,0.002553603185397485,2.1502903060335955e-05,1,4,,0,1.275303987204081e-14,-14.837231274348591,-0.0038443913713594752,-0.21646155313785323,0.0013971018299939022,0.0004688091024197393,0.000967464932132822,0.005077002769662203,0.0007594861078508087,0.0007423003216040427,0.1274264003607637,4.9990986083995965,0.20743059444645423,0.3232238455960026
1271,lbfgs_unbounded,70,84,,1,0.00046821739546408053,0.00013493350565357351,0.0026620097031768617,0.0003373637015107282,1,4,,0,1.7058885094697239e-13,-14.857933108632254,-0.00385264365152057,-0.21630473049161925,0.001593896177969127,0.00046821739546408053,0.0009582382381072624,0.004950735585152831,0.0007506960636579385,0.0007385694507493773,0.12727560390557335,4.9763663504960185,0.20741524543883702,0.32325914667560124
1272,lbfgs_unbounded,71,86,,1,0.00046791806750621633,8.515732511638309e-05,0.0013006451704950977,6.44834940196499e-05,1,4,,0,1.1705628035107852e-13,-14.854759862713165,-0.003836359065123748,-0.2162065871819119,0.001653774445488522,0.00046791806750621633,0.0009596007272487869,0.00497435520578585,0.0007523143069709784,0.0007392812043204756,0.1272959361117819,4.981018516150781,0.20741768143464473,0.3232526968944408
1273,lbfgs_unbounded,72,87,,1,0.00046746036397441235,7.057181330184754e-05,0.0009682035989922008,0.00016413538060773173,1,4,,0,3.336472817625931e-13,-14.86418912087731,-0.0038401112273625487,-0.21620870594414768,0.0016281112340936115,0.00046746036397441235,0.0009547280726932293,0.004911178366116796,0.0007466039572170385,0.0007373708987682893,0.12722065562028498,4.9694713578332,0.20740914206643482,0.3232683453123233
1274,lbfgs_unbounded,73,88,,1,0.0004662166662282908,7.852509191903228e-05,0.0012778976602495257,0.0005123800657273196,1,4,,0,5.035277454105919e-12,-14.894059966157611,-0.003837428214768184,-0.21614857337756846,0.0014603394950388638,0.0004662166662282908,0.0009399384888060704,0.004710448844124234,0.0007296058243716784,0.0007316290863392399,0.12697754840895778,4.934182001829191,0.20738423407992707,0.32332033604388294
1275,lbfgs_unbounded,74,89,,1,0.0004656917727665671,7.344059897826544e-05,0.0004420530124413591,0.00012175511639702833,1,4,,0,8.950104173828126e-12,-14.899715207223869,-0.0038492766465635245,-0.21607215995525306,0.0015521836431966003,0.0004656917727665671,0.0009367680793861993,0.00466567889250075,0.0007257902971529619,0.0007301844332922518,0.12691018882104796,4.925527048835093,0.2073798020915612,0.32333205386503977
1276,lbfgs_unbounded,75,90,,1,0.00046522120826749004,7.693490001429212e-05,0.0011304862268005857,0.00010888665183619174,1,4,,0,5.501089372585665e-12,-14.893712927080552,-0.003851853127404425,-0.21598899483853043,0.0015967162473491056,0.00046522120826749004,0.0009391362202964905,0.004708748205298401,0.0007286693401985888,0.0007312911763751234,0.1269453751231577,4.932444165022231,0.20738523732597527,0.3233216883240493
1277,lbfgs_unbounded,76,91,,1,0.0004646874196020281,5.592315638666095e-05,0.0007881441784979111,9.064351918749734e-05,1,4,,0,8.030136522236272e-12,-14.899328092162486,-0.003845851408629758,-0.21587586977149553,0.001666538672985001,0.0004646874196020281,0.0009365392357642543,0.0046756271129596415,0.0007258825506794456,0.0007303949797023033,0.12690411561566606,4.927507655793554,0.207383869069657,0.3233330416817873
1278,lbfgs_unbounded,77,92,,1,0.00046436087747187026,6.300718772725486e-05,0.000547474458903148,0.0001823216510590016,1,4,,0,1.7812757321260874e-11,-14.908849112238016,-0.0038523222186574294,-0.215815900857409,0.0016793809599092804,0.00046436087747187026,0.0009319061078284243,0.004605625875406208,0.0007204578741037983,0.0007283666072545314,0.12682331674980027,4.915344827595697,0.2073771305386753,0.3233527827492243
1279,lbfgs_unbounded,78,93,,1,0.0004640094957021805,7.746436392165274e-05,0.00106288654280501,0.0001194893822253413,1,4,,0,2.9905179901077044e-11,-14.914718333068816,-0.003854280961142716,-0.21577448346869166,0.0016643759504723723,0.0004640094957021805,0.0009289145273686462,0.004559688200016673,0.0007168252425742745,0.0007270193878962225,0.12676800693371357,4.9070007607856185,0.2073718412963652,0.32336462754441037
1280,lbfgs_unbounded,79,94,,1,0.00046363580925792646,6.373702397344407e-05,0.0008485555343314539,7.376398744926781e-05,1,4,,0,4.0419151877325783e-11,-14.91845196367074,-0.0038577166387036435,-0.21579786606775742,0.0016230910932911713,0.00046363580925792646,0.0009273019154794344,0.004531373497545744,0.0007149367104232723,0.0007262090162584117,0.12673660590368196,4.901529580586438,0.2073677798264323,0.32337020666215
1281,lbfgs_unbounded,80,95,,1,0.0004633350788303943,6.0007805546420194e-05,0.0006006914146736446,6.743154871072701e-05,1,4,,0,5.0978216203329576e-11,-14.922112543573894,-0.0038640617127572714,-0.2158182727467927,0.0016080838382473352,0.0004633350788303943,0.0009259891572885,0.004507172575277436,0.000713722557806832,0.0007255364421427048,0.12670646297463345,4.896762973935677,0.20736569180425107,0.3233757003366059
1282,lbfgs_unbounded,81,96,,1,0.00046306141109291586,4.684478266607294e-05,0.0002545624170515154,1.4074726415680837e-05,1,4,,0,4.986929718386493e-11,-14.92164358804636,-0.0038668322197043625,-0.2158170190713703,0.0016128427899468147,0.00046306141109291586,0.0009259023881009496,0.0045083839363462535,0.0007133232833551217,0.0007254685491400479,0.12670370169588183,4.896339794896844,0.2073671475383697,0.32337536304008563
1283,lbfgs_unbounded,82,97,,1,0.00046245991865177517,5.9361824562151566e-05,0.0005396774161144801,0.00010918022453464048,1,4,,0,7.087949954273716e-11,-14.925752277107582,-0.0038781924317578924,-0.21579917165067322,0.0016240745797879207,0.00046245991865177517,0.0009239008240535623,0.004471740178828175,0.000711100913368742,0.0007242457940691811,0.12665369135850094,4.888377874554818,0.20736808057896175,0.3233852657792761
1284,lbfgs_unbounded,83,98,,1,0.0004620689158528383,4.2579360006417045e-05,0.0003388688146658258,0.00014305418267066645,1,5,,0,2.8656459581965057e-15,-14.931592778599308,-0.0038791699966158493,-0.21575092819792752,0.0016382946980042013,0.0004620689158528383,0.0009209302558891213,0.004418544941659631,0.0007076041072882177,0.000722655016984706,0.12658898824668843,4.8784694063684615,0.20736630389093433,0.32340052740615566
1285,lbfgs_unbounded,84,99,,1,0.0004616919896944102,4.939858221241271e-05,0.00042728591227512915,5.6868179588425895e-05,1,5,,0,4.296511061749702e-15,-14.932605517032878,-0.003878223300865984,-0.21572958265043882,0.0016142162745555562,0.0004616919896944102,0.0009200405735284137,0.004401184163162717,0.0007066986856251356,0.0007219898664789414,0.12655955652088144,4.8737382541203065,0.20736710372071987,0.32340724651400826
1286,lbfgs_unbounded,85,100,,1,0.0004612881209255297,5.5151825349645766e-05,0.0004832069204516422,4.8818232348573886e-05,1,5,,0,5.696118199411754e-15,-14.931969623468945,-0.0038793961621891196,-0.21569736975044052,0.001591168896034685,0.0004612881209255297,0.000919387353505096,0.004394391567632603,0.0007058203719767002,0.0007214752631495033,0.12652992675061853,4.869633704695732,0.20736934111231872,0.3234108962005248
1287,lbfgs_unbounded,86,102,,1,0.0004609583074702846,8.378568550448966e-05,0.0014692480137626848,4.052087792780297e-05,1,5,,0,6.143808541368541e-15,-14.929225012908883,-0.003876111802579915,-0.21566440403822193,0.001576233699563455,0.0004609583074702846,0.0009195681648846709,0.004399911820717959,0.0007062246758344873,0.0007212407305964194,0.1265104064096658,4.8670203779170995,0.20737278440342954,0.3234113914313125
1288,lbfgs_unbounded,87,103,,1,0.0004607192985487116,6.938359867546353e-05,0.00073656899568178,4.3243903896123646e-05,1,5,,0,8.231909578088101e-15,-14.928661331784314,-0.00387874514568984,-0.21566104729831037,0.0015793548101241692,0.0004607192985487116,0.0009187933998099887,0.004391916798793033,0.0007050354916615494,0.0007207710882658267,0.1264862663505656,4.8633815254187835,0.20737359033219743,0.32341484136377496
1289,lbfgs_unbounded,88,104,,1,0.0004605072688219628,6.96728300359837e-05,0.0008923739812722433,8.413950645966028e-05,1,5,,0,4.76974623599802e-15,-14.92518912145672,-0.0038836951290304594,-0.215715796727152,0.0016165300850596955,0.0004605072688219628,0.000920425690320793,0.0044221064877134186,0.0007067383845926984,0.000721659021321739,0.1265268745850982,4.869014605575432,0.20737406675060205,0.32340676120835604
1290,lbfgs_unbounded,89,105,,1,0.0004602693112525337,6.783975939491311e-05,0.0005708668262229256,1.6392162518619386e-05,1,5,,0,4.7603518087409936e-15,-14.923026209989443,-0.003879408718931004,-0.21581269656149504,0.001666919339672581,0.0004602693112525337,0.0009209114627195557,0.004425234431420963,0.0007072763091251797,0.0007216501278913623,0.1265315823688938,4.868160574878127,0.20737409135548995,0.3234071269315612
1291,lbfgs_unbounded,90,106,,1,0.0004600129765599609,5.6383289521221415e-05,0.00043038516680112747,3.3816612386886985e-05,1,5,,0,6.011821080806525e-15,-14.922676417020659,-0.003878477402415556,-0.21580968732113667,0.0017012097206466452,0.0004600129765599609,0.0009203751319747842,0.004415208428968679,0.0007065102867063614,0.0007212857632556854,0.12651636391762766,4.865725635568165,0.20737439489015605,0.32341049316456366
1292,lbfgs_unbounded,91,107,,1,0.000459776071697612,0.0001055642420144838,0.00174421994600002,4.8859595420347156e-05,1,5,,0,7.14583349427573e-15,-14.918040372943054,-0.0038849018434800853,-0.21581335852713596,0.0017651779098613127,0.000459776071697612,0.0009204480713054076,0.004415078666297722,0.0007063689978245452,0.0007209768735809152,0.12649688948999305,4.862512541021774,0.2073775455617143,0.32341288089052206
1293,lbfgs_unbounded,92,109,,1,0.00045970768717193194,9.37536994583866e-05,0.001746548833807227,6.542824271658833e-06,1,5,,0,7.556974214208286e-15,-14.917201057654443,-0.0038806246834043965,-0.21582038471883216,0.0017679850605076812,0.00045970768717193194,0.0009202678282906772,0.004414244271386664,0.0007057755743259482,0.000720871150680224,0.12649357353939614,4.861807628776398,0.20737773303519352,0.3234133137720839
1294,lbfgs_unbounded,93,110,,1,0.0004595663205899012,6.103368843700158e-05,0.0009439819125557262,2.390098699842205e-05,1,5,,0,6.418306816003721e-15,-14.915593606934802,-0.0038737237607330624,-0.21585467910151707,0.0017670381248810357,0.0004595663205899012,0.0009209089960308878,0.004423913302768734,0.0007064982399650198,0.000721100922562818,0.12650521236406342,4.86299831663611,0.20737815639168505,0.3234108226059483
1295,lbfgs_unbounded,94,111,,1,0.0004594375070639873,7.374693935544935e-05,0.001544015889786416,5.3465100803989326e-05,1,5,,0,4.4745534553898806e-15,-14.911480525683682,-0.003867928074833787,-0.2159139305146334,0.0017525505887557478,0.0004594375070639873,0.0009223035945983386,0.004446420570168047,0.0007080193668423936,0.000721637980008478,0.12653056201666507,4.8658238440764014,0.20737971169758634,0.3234054351235449
1296,lbfgs_unbounded,95,112,,1,0.00045929693032415185,5.279097612828119e-05,0.00036647304395933766,1.1023843415121239e-05,1,5,,0,4.6479838381265985e-15,-14.909893351442252,-0.003870821675260715,-0.21593744823008332,0.0017495392628320645,0.00045929693032415185,0.0009223391439748718,0.004446557794237644,0.0007079405672664529,0.000721598435345333,0.12652994822091293,4.8652878449228485,0.20738029492838805,0.32340593437175874
1297,lbfgs_unbounded,96,113,,1,0.00045910497896202684,7.128316381048348e-05,0.0009864990075713538,7.58299461764287e-05,1,5,,0,7.395312497426376e-15,-14.913582271227103,-0.0038875016180675136,-0.21593231577024966,0.001666531088741355,0.00045910497896202684,0.0009205485744886915,0.004415546509291027,0.0007060675386062409,0.0007210137275002204,0.12651053509089485,4.862245822202342,0.20737790599875394,0.3234130491215918
1298,lbfgs_unbounded,97,114,,1,0.0004589499190926401,8.960304374327883e-05,0.001180375974383589,8.275804145074602e-05,1,5,,0,1.3239321892876117e-14,-14.911036805491442,-0.003866350367462335,-0.21593270199353337,0.0016675616953267668,0.0004589499190926401,0.0009191990033661396,0.004394985895492218,0.0007043087535412749,0.0007201072410897341,0.12647048858519988,4.855550810445834,0.20737870801282576,0.32342047066029317
1299,lbfgs_unbounded,98,115,,1,0.0004588201523531634,9.595190847865316e-05,0.0017032404788793558,3.0139506587989904e-05,1,5,,0,1.1707078079100415e-14,-14.90655356753442,-0.003879102101290046,-0.21601610833749713,0.0016622544541415156,0.0004588201523531634,0.000919829092165621,0.004409191045981159,0.000705056666153999,0.0007204214901061969,0.12648797371543993,4.856823992089889,0.20737905395592235,0.32341786079510043
1300,lbfgs_unbounded,99,116,,1,0.0004585500488652176,7.003472185492538e-05,0.0012806425241406907,1.708969212861684e-05,1,5,,0,1.3105590113889005e-14,-14.905352802217859,-0.003871924895405322,-0.215983526367165,0.0016530658904269392,0.0004585500488652176,0.0009196554813677511,0.004404809102733744,0.0007050654293277659,0.0007202786278218617,0.12648117358794347,4.855783634734974,0.20737909784886552,0.32341951148477516
1301,lbfgs_unbounded,100,117,,1,0.00045849045562551413,7.605835411667852e-05,0.0007239931167778834,2.350546721971741e-05,1,5,,0,1.523184592523809e-14,-14.903701441926458,-0.0038717089087617826,-0.21595473291047573,0.0015992476437579608,0.00045849045562551413,0.0009192089297428459,0.004398398671571188,0.0007046610686782427,0.0007201319293158,0.12647499723541283,4.854800482287205,0.20737853900281225,0.3234211870619851
1302,lbfgs_unbounded,101,118,,1,0.0004582121136946397,5.975427684161747e-05,0.0005868166378868026,1.1874412336687654e-05,1,5,,0,1.6726627541710108e-14,-14.901323420318738,-0.0038699158874229114,-0.21597234239975927,0.0016004866161764368,0.0004582121136946397,0.0009190182174943145,0.004398350958789031,0.0007044320419580986,0.0007200461233710987,0.12647032075409115,4.853992132021782,0.20737808770671048,0.3234214343382478
1303,lbfgs_unbounded,102,119,,1,0.00045795315824755117,0.00011119084856621313,0.0019520682029417775,0.00015267430193701906,1,5,,0,5.628556923858813e-14,-14.881549823789243,-0.0038579955597755756,-0.21605618582644284,0.0015456740789077093,0.00045795315824755117,0.0009162092169983898,0.0043713967306120375,0.0007015931814139833,0.0007187672536163458,0.12641083486763602,4.8439227472474915,0.2073746623234725,0.3234320044940508
1304,lbfgs_unbounded,103,120,,1,0.00045784345258615474,0.00015857247801390632,0.0033989457285364686,3.140956668529287e-05,1,5,,0,6.648106407497241e-14,-14.877205997398192,-0.0038781668534131485,-0.21604912468672824,0.0014875794665207785,0.00045784345258615474,0.0009161181040986935,0.004366077893505975,0.0007026774606600683,0.000718768332547443,0.12640699677373524,4.843406831253267,0.20737352500494008,0.32343348637932795
1305,lbfgs_unbounded,104,121,,1,0.00045738223600849166,0.00013041281687184664,0.002886921485452357,1.4793830274310032e-05,1,5,,0,7.212473662697573e-14,-14.871690079813146,-0.003866539498223856,-0.21604598574739622,0.0014680563735909669,0.00045738223600849166,0.000916041965868466,0.004368682504540088,0.0007022378464621823,0.0007186935587811062,0.1264051815160191,4.842678866633326,0.2073743487015711,0.32343388974931897
1306,lbfgs_unbounded,105,122,,1,0.00045724233493579737,0.0001893758047505513,0.004178226578513159,4.790998257843401e-05,1,5,,0,9.730875265287905e-14,-14.8479141708078,-0.0038326064616507442,-0.2160779112982588,0.0014556952833475957,0.00045724233493579737,0.0009158826126220632,0.004381520530587507,0.0007010881865171376,0.0007185817653485228,0.12640456845980153,4.841227166333005,0.20737556474248284,0.32343376644450184
1307,lbfgs_unbounded,106,123,,1,0.0004567210675073471,0.00010051969171171706,0.0021916281322748076,6.130348960978396e-05,1,5,,0,1.534834261816556e-13,-14.841499604987158,-0.0038394223213919255,-0.21608885330121522,0.0014270909265653427,0.0004567210675073471,0.0009148496557780767,0.0043666239566828345,0.000700623430754853,0.000718143093162595,0.12638260805661924,4.837821303078477,0.20737405350064994,0.32343863855428157
1308,lbfgs_unbounded,107,124,,1,0.0004566143016553231,0.00012093237563187867,0.002809786184147756,0.00012502953344921292,1,5,,0,4.2024199908778117e-13,-14.81372505342098,-0.003840080686843632,-0.2161284008190883,0.0013480405598367575,0.0004566143016553231,0.0009131108223743489,0.004347291433166197,0.000699887773400123,0.0007173973611414753,0.12634775393900483,4.831435718102762,0.20737155250971923,0.32344737829444115
1309,lbfgs_unbounded,108,125,,1,0.00045642908174149417,0.00010361736585340049,0.00219576807935051,2.2914307354365552e-05,1,5,,0,5.128621717690795e-13,-14.802445984137465,-0.003831527107480818,-0.2161419784201045,0.0013390232461151104,0.00045642908174149417,0.0009128503398840868,0.0043494493018614595,0.0006994758178341794,0.00071730558537461,0.12634399673540891,4.830520445019208,0.20737132038464115,0.3234480041092307
1310,lbfgs_unbounded,109,127,,1,0.0004562974632116773,5.8319145702356e-05,0.000787369560625857,1.546922710563951e-05,1,5,,0,5.835421966922109e-13,-14.793091113135727,-0.0038161047715729365,-0.21615614476138323,0.0013321330858357529,0.0004562974632116773,0.0009127278150856257,0.00435357127854629,0.0006990860040234981,0.0007172504450857774,0.12634222372834605,4.829900197959659,0.20737106639599273,0.32344782672448824
1311,lbfgs_unbounded,110,128,,1,0.0004562297434425162,0.00011519479280325231,0.0025690703689565473,1.4351969114028159e-05,1,5,,0,5.192625087735513e-13,-14.793935565868463,-0.0038183294750818247,-0.2161545236729829,0.0013344964063053588,0.0004562297434425162,0.0009130110434772327,0.004358102033213784,0.0006993274998022089,0.0007173865724050785,0.1263481877924438,4.830894289163174,0.20737108447912703,0.32344616776115315
1312,lbfgs_unbounded,111,129,,1,0.00045618318525570745,9.092711920633365e-05,0.0016425706537547872,1.7717562520108608e-05,1,5,,0,4.719174989815126e-13,-14.787867863587525,-0.0038292205232262197,-0.21616184436422733,0.0013158646085875416,0.00045618318525570745,0.0009135570857934632,0.004367856623594076,0.0007002815683772921,0.0007176616427574785,0.1263591277284683,4.832490264132166,0.20737021754091853,0.32344311280453286
1313,lbfgs_unbounded,112,130,,1,0.0004560184472850221,7.379847602170219e-05,0.001252118650495888,4.5561549424819666e-05,1,5,,0,7.037800304315963e-13,-14.771417766282514,-0.0038209413667665963,-0.21618831958952703,0.0012879247011792776,0.0004560184472850221,0.000912956110581852,0.0043657837571532895,0.0006997660315952253,0.000717411019114858,0.12634799920546289,4.830226719829791,0.20736921792630927,0.32344550511118664
1314,lbfgs_unbounded,113,131,,1,0.00045583548895478847,0.00012644987216444507,0.002795713271596906,4.4700928501388537e-05,1,5,,0,1.030185108926033e-12,-14.750112623204043,-0.003794282337330778,-0.21623496146857027,0.0012243173891574013,0.00045583548895478847,0.0009126057105040035,0.00437050638307007,0.0006993449129049722,0.0007172045580405358,0.12633955112079506,4.828010139755193,0.2073681261023682,0.3234471068024406
1315,lbfgs_unbounded,114,132,,1,0.00045569546171378927,0.00010972568725147178,0.002323522163732377,9.838687824188635e-06,1,5,,0,1.0703679723621615e-12,-14.74429693150144,-0.003794637990326167,-0.21624041492335055,0.0011904966739984513,0.00045569546171378927,0.0009127293083245425,0.004374212561109209,0.0006996765656959448,0.0007172648940067636,0.12634164632634615,4.828192917854074,0.20736750165576862,0.32344640265358976
1316,lbfgs_unbounded,115,133,,1,0.0004555809417681203,0.00011141316366714925,0.0024689840122801353,6.710800028462877e-05,1,5,,0,1.8055528435338958e-12,-14.707306797864312,-0.0037627751283366376,-0.21626315756994774,0.0010413314273135666,0.0004555809417681203,0.0009128058016678979,0.004385035364143012,0.0007006922982452189,0.0007172124422649523,0.12633768009735255,4.826432653487503,0.20736501003527644,0.3234468990368079
1317,lbfgs_unbounded,116,134,,1,0.0004554700869232648,0.00012605890737106467,0.0029363068084267627,8.113679777775321e-06,1,5,,0,1.8600685657367486e-12,-14.710195337125276,-0.0037661859503960917,-0.21625397889194334,0.0010299903263953584,0.0004554700869232648,0.0009125518348929695,0.004380832089119781,0.0007003849026105194,0.0007171110806893949,0.12633232732904393,4.825905977637475,0.20736484101266295,0.3234476349602891
1318,lbfgs_unbounded,117,135,,1,0.00045507804653279756,0.00012102467911351683,0.002258183292652126,6.34305185693138e-05,1,5,,0,3.026488396805523e-12,-14.70291795366736,-0.0037669398310389247,-0.2162255876902079,0.000944407635633734,0.00045507804653279756,0.000911070289330547,0.004364310310674704,0.000698730039992485,0.0007165124433167882,0.1263027519313396,4.822036824118221,0.20736317040172536,0.3234524902796916
1319,lbfgs_unbounded,118,136,,1,0.00045474166021054605,9.676387951438254e-05,0.0009708257945003755,9.092647928737941e-05,1,5,,0,6.282963472198311e-12,-14.682751308836469,-0.0037248897334025755,-0.2161960988787499,0.000847414398763348,0.00045474166021054605,0.0009093861174618276,0.004348658812419822,0.0006967636511893473,0.0007156926780535552,0.1262615629815776,4.816353110925785,0.20736109914586887,0.32345879265057703
1320,lbfgs_unbounded,119,137,,1,0.00045427743902029007,8.871970869518315e-05,0.0008849044126322402,0.00011168314364631841,1,5,,0,1.622565788440429e-11,-14.636436754207487,-0.0036758675691896748,-0.2161869754345171,0.0007216126915420368,0.00045427743902029007,0.0009080856481851349,0.004344287522110591,0.0006958075568155921,0.0007150514320063071,0.12622742315418997,4.81106094832698,0.20735825695871707,0.3234641363069808
1321,lbfgs_unbounded,120,138,,1,0.000453640553971281,0.00012311278355955538,0.0024905664763119426,0.00042167681060034206,1,6,,0,1.8013513436775136e-14,-14.440988391977438,-0.0033795588297649806,-0.2160524071407402,0.00041795298315499966,0.000453640553971281,0.0009035332187327208,0.004332291609368742,0.0006921609850520323,0.0007126068576731438,0.1260916041565598,4.791440655506198,0.2073483305676542,0.32348443799704424
1322,lbfgs_unbounded,121,139,,1,0.0004530731350698454,7.051371269948301e-05,0.0007360494479544209,9.498585966926726e-05,1,6,,0,1.193623420202584e-13,-14.364668960745965,-0.0034039806750057085,-0.21605413063346368,0.00038903672188787835,0.0004530731350698454,0.0009028365902833324,0.00434650213958033,0.0006921752433165689,0.0007124404565523811,0.1260798166357655,4.788888069442901,0.20734737829401023,0.323489594831208
1323,lbfgs_unbounded,122,140,,1,0.00045278571009991044,8.191676635749854e-05,0.001204412021734522,9.867505322642449e-05,1,6,,0,1.9597987712802868e-14,-14.426358742555308,-0.0034730899126031774,-0.21604894252274354,0.0005341364386560495,0.00045278571009991044,0.0009034827590969949,0.004341826130962465,0.0006923776299916194,0.0007127679678288441,0.12609804607395567,4.792290453003161,0.20735042115045677,0.3234857846320747
1324,lbfgs_unbounded,123,142,,1,0.00045243597757455543,7.200104789560486e-05,0.0008480746196145181,3.636361367052563e-05,1,6,,0,1.048241296916336e-14,-14.452918179022223,-0.003479439745279857,-0.21604990116292352,0.0007226562287276784,0.00045243597757455543,0.0009037164792290327,0.004335844466398229,0.0006926387488838303,0.0007127083045339082,0.1260946404891357,4.79209565659342,0.20735364750704677,0.32348780877631955
1325,lbfgs_unbounded,124,143,,1,0.0004521047051740627,7.828898691139556e-05,0.000729970269655127,6.878047206423503e-05,1,6,,0,8.01755690958663e-15,-14.40992508769569,-0.0033929288630922027,-0.21608771532025486,0.0008174578873542455,0.0004521047051740627,0.0009058710219146843,0.00438331647051004,0.000695101798678549,0.0007133524717904897,0.12612450274376732,4.795043899285856,0.20735635090770738,0.32348357305174846
1326,lbfgs_unbounded,125,144,,1,0.00045125365431565633,6.395913319880279e-05,0.0009014062532345056,0.00024051080859218479,1,6,,0,4.4433768955269714e-13,-14.28181060794578,-0.0032514842928022918,-0.21597382387945732,0.0007999205674305033,0.00045125365431565633,0.0009038240302308843,0.004383970475127418,0.0006940535970908491,0.0007120460269844052,0.1260423617061521,4.78422544340635,0.20735428505782408,0.32349864742675494
1327,lbfgs_unbounded,126,145,,1,0.000451111370211294,9.593257005422971e-05,0.0015279364844189376,0.0002444329959436637,1,6,,0,1.5522550885024322e-11,-14.12849533080551,-0.0030099080468330296,-0.21588486264886236,0.0007661692113676446,0.000451111370211294,0.0009019399841328253,0.004395074558380842,0.0006920604264845437,0.0007107591239090758,0.1259616242554104,4.773926428033663,0.20735308755979603,0.3235129970402443
1328,lbfgs_unbounded,127,146,,1,0.00045058628839926367,5.156860865382518e-05,0.00043877878709251315,3.8571975720786225e-05,1,6,,0,2.14094274548789e-11,-14.093901823609277,-0.00297523392940289,-0.2158804786843638,0.0006940466288575324,0.00045058628839926367,0.0009026198944950288,0.004409350348507265,0.0006935832509661088,0.0007108267440474355,0.12595820704323293,4.773421271004653,0.20735401520704494,0.3235150350214725
1329,lbfgs_unbounded,128,147,,1,0.00045028218688757837,8.577149086241318e-05,0.0013020862612410245,4.990195401845981e-05,1,6,,0,1.175959472127768e-11,-14.122427892561591,-0.0030058519613666216,-0.21588429367444453,0.0006892004878631347,0.00045028218688757837,0.0009033326994223787,0.004413563167655197,0.0006943955377539653,0.0007109927308647904,0.12596195806751884,4.774808369518601,0.2073570613057035,0.32351285342588454
1330,lbfgs_unbounded,129,148,,1,0.00044985988415075054,9.20433507031096e-05,0.0013657433277858377,7.349281475746029e-05,1,6,,0,2.498723250074157e-11,-14.053283218486317,-0.002923274262820037,-0.215912122775876,0.0006277117592034055,0.00044985988415075054,0.0009036920548480834,0.004436250536890419,0.0006950646092583833,0.0007109035605925724,0.12595283787268,4.772810639911675,0.20735862273686886,0.32351648823108864
1331,lbfgs_unbounded,130,149,,1,0.0004497855174240841,0.00014939276025920762,0.0024435863679434008,0.0001343703088694966,1,6,,0,1.090815486897916e-11,-13.931839430658703,-0.0027479176434140424,-0.2159380032835686,0.00046081084012399937,0.0004497855174240841,0.0009039726996132165,0.00446890136120112,0.0006955201552685681,0.0007106067947998674,0.12593444821488936,4.768568217065834,0.20735845663822472,0.3235223940956632
1332,lbfgs_unbounded,131,150,,1,0.000449342891825094,6.97466298597621e-05,0.0006594769462938348,5.225884361607605e-05,1,6,,0,3.3540189242433914e-11,-14.010469293302851,-0.002797359220033987,-0.21593097551235674,0.0005292803383275768,0.000449342891825094,0.0009032472818630478,0.004440135355669827,0.0006943154543509072,0.0007103478942744162,0.12592163640915605,4.768087143742678,0.20735921359289322,0.32352083634490236
1333,lbfgs_unbounded,132,151,,1,0.00044917403649863576,0.0001164004577595044,0.0024524353506392227,4.954910391692155e-05,1,6,,0,2.3535040606926927e-11,-14.002586576702955,-0.0027474131238217608,-0.2159259722090101,0.0005398409759608632,0.00044917403649863576,0.0009027707629428611,0.004432062330217674,0.0006938704910128963,0.0007098911028831419,0.12589250640317456,4.764640873696917,0.20735981566862607,0.3235239648159132
1334,lbfgs_unbounded,133,152,,1,0.0004489711845237779,0.0001098927945555388,0.002426604671678901,4.452728114733177e-05,1,6,,0,1.268028893140615e-11,-13.98252347817298,-0.0027014570802214527,-0.21593472838341443,0.0004918273297883478,0.0004489711845237779,0.000902317593595268,0.004430515371651161,0.0006932440826680976,0.000709591394714007,0.12587589976592745,4.762166708766705,0.20735900857754141,0.32352545084990963
1335,lbfgs_unbounded,134,155,,1,0.0004489449724449451,0.00011227541094931641,0.0024624989272723757,3.6508622492212774e-06,1,6,,0,1.2797191574964685e-11,-13.986268040601193,-0.0027039516819087742,-0.21594435900499298,0.0004756794158500495,0.0004489449724449451,0.0009021451299846894,0.004428573761601293,0.0006928977632475402,0.000709526544632554,0.12587335589814994,4.7617582906112155,0.20735878330860735,0.32352505923884495
1336,lbfgs_unbounded,135,156,,1,0.000448811032853522,0.0001272284918963534,0.0027430362329923896,2.048715264185476e-05,1,6,,0,1.153490301879479e-11,-13.972464131003294,-0.002700690101278803,-0.21596597673453422,0.0004024511256040027,0.000448811032853522,0.0009021600612906224,0.004431813588978214,0.0006930779550856366,0.0007095113881633823,0.12587361498711577,4.761064107717142,0.2073575129345363,0.3235247791490676
1337,lbfgs_unbounded,136,157,,1,0.0004486257228222288,0.00010898967527299809,0.002110908712218222,4.4624545734893045e-05,1,7,,0,8.682616651298853e-15,-13.95338583858422,-0.0026417621286679966,-0.2159867989974436,0.0002947025871519772,0.0004486257228222288,0.0009020102804843622,0.004432217982406465,0.0006930513129529999,0.0007092921066121024,0.12586248059194002,4.758760388357512,0.2073559526612408,0.32352556881117356
1338,lbfgs_unbounded,137,158,,1,0.0004484670967374931,0.00012440826293671407,0.002583755213562626,8.274807863164704e-05,1,9,,0,4.476594481594575e-16,-13.919222043271493,-0.002598203180870288,-0.216019799604251,0.00012573014129307227,0.0004484670967374931,0.0009014918375622553,0.004430568647100823,0.0006929658279205954,0.0007089105406280352,0.1258411272113532,4.754697052136167,0.2073532119633846,0.3235272909336549
1339,lbfgs_unbounded,138,159,,1,0.0004483194142319068,0.00013686514907498726,0.00302385314080318,4.822133777668305e-05,1,9,,0,3.422020028918945e-12,-13.901615187493483,-0.0025475248831807653,-0.2160331579658916,5.865107180873862e-05,0.0004483194142319068,0.0009011899215010935,0.004429518888568448,0.0006927227865602421,0.0007086175319278672,0.12582345496012087,4.752057957761635,0.20735301246954732,0.32352890363396575
1340,lbfgs_unbounded,139,160,,1,0.00044804086965622786,0.00012244596507430356,0.0024933131104330803,6.403430473635504e-05,1,9,,0,6.807002466615092e-14,-13.881624908951194,-0.002472596114026645,-0.21604832803784127,3.2871164384024924e-05,0.00044804086965622786,0.0009006754643712281,0.004426706835628614,0.0006921879847181272,0.0007082013909201547,0.1257998144508795,4.748424195335906,0.2073528487706052,0.3235308845752299
1341,lbfgs_unbounded,140,161,,1,0.00044758328635464924,8.298468427328885e-05,0.0008573773628194886,0.0001430620267321201,1,7,,0,1.0048129484818032e-14,-13.845324057425806,-0.0023024465809186726,-0.21607026224040055,0.00018293617032534551,0.00044758328635464924,0.0008991918135719071,0.004414677021857826,0.0006905448285314845,0.0007071533194694219,0.1257424675650545,4.739730693573231,0.20735290807924633,0.3235365688997319
1342,lbfgs_unbounded,141,162,,1,0.0004471811362566531,8.565702820139949e-05,0.0009487419771603762,0.00015007037736248043,1,7,,0,1.1110200808137747e-11,-13.815539728517129,-0.002140430971644333,-0.21608420489063915,0.0002971288156088601,0.0004471811362566531,0.000897368585799102,0.004395794672495508,0.0006885747798475979,0.0007059755439383355,0.12568082248133414,4.730085933599625,0.207352029513695,0.3235426246347016
1343,lbfgs_unbounded,142,163,,1,0.0004461390622036326,0.00011548186307483868,0.001739749522213809,0.0002353417621905214,1,6,,0,1.6345901134813256e-11,-13.837289979486405,-0.0019390675168944797,-0.21604229359538382,0.0002993628856072279,0.0004461390622036326,0.0008927066419610498,0.004332570689261632,0.0006832734135120766,0.0007034854468829573,0.12555925958460246,4.710861207268352,0.20735001685422227,0.3235499571482762
1344,lbfgs_unbounded,143,164,,1,0.0004454594556727704,0.00010240748338457467,0.001152930729563575,0.0005048088913997877,1,6,,0,1.2920658734491085e-11,-13.730328652093537,-0.0013292759279784835,-0.21599964727158627,0.00042484770401262354,0.0004454594556727704,0.0008862526388914789,0.004262592111690772,0.0006767825643008591,0.0006996157157125462,0.12536992627884563,4.678028195871119,0.20734539249041925,0.3235703202722771
1345,lbfgs_unbounded,144,165,,1,0.00044509881188657506,0.00010361941412725241,0.0013313263237720902,0.00011713366904311588,1,6,,0,2.2596701813201348e-11,-13.863156555083739,-0.0013801812659692148,-0.2160441278669405,0.0002637553204529743,0.00044509881188657506,0.0008821165647284206,0.004182257305916826,0.0006714012749480447,0.0006976244891664123,0.1252794828081328,4.664677686205746,0.207341816455261,0.3235689762102986
1346,lbfgs_unbounded,145,166,,1,0.0004445599730210533,0.00011220449407188625,0.002187129555507212,5.688763859682412e-05,1,6,,0,2.5183122902491333e-11,-13.81946207753855,-0.0014384946696552627,-0.2160488853770858,0.000390023368995592,0.0004445599730210533,0.0008831508637592778,0.004209894059557809,0.0006728046730033062,0.0006983937557754693,0.12531967161903076,4.669990696166025,0.2073398484920695,0.32356731583765835
1347,lbfgs_unbounded,146,168,,1,0.00044427501307787033,9.04365887534723e-05,0.0016004151878563585,7.787052458463476e-05,1,8,,0,1.4729411069346434e-11,-13.821219049038117,-0.0014644429115575174,-0.21601050798966592,0.0002642712176882834,0.00044427501307787033,0.0008844398946882457,0.004225485533166546,0.0006745111408930654,0.0006989895848048314,0.12534693385492018,4.674983219845172,0.20734221240908157,0.32356734671264953
1348,lbfgs_unbounded,147,169,,1,0.0004439094193266954,6.430815397257073e-05,0.0007008628819405397,0.00010172751580233465,1,9,,0,3.3480304069320255e-13,-13.856609359066713,-0.0016756055328941619,-0.21602002666499387,0.00020329738893741492,0.0004439094193266954,0.0008850316561919802,0.004230942233512176,0.0006753061346664986,0.0006995852860432096,0.12537892745303944,4.680457618107126,0.20734159287196663,0.3235636751390481
1349,lbfgs_unbounded,148,170,,1,0.00044350181198067113,6.683136328391278e-05,0.0004973402480736549,7.404797110451526e-05,1,9,,0,6.671100382394283e-13,-13.898904133226626,-0.0016689170016981037,-0.21601658870552617,0.00013665114260727717,0.00044350181198067113,0.0008829343675208714,0.00419574341639553,0.0006729251593370276,0.0006985349536340917,0.12533227916255663,4.673151937610165,0.20733786031858265,0.3235643011851914
1350,lbfgs_unbounded,149,171,,1,0.00044304420314373737,0.00010637020336074469,0.0018678469357504583,6.193234576479503e-05,1,8,,0,2.022331692736601e-12,-13.90987443271084,-0.00166949682517001,-0.21597715590968866,0.00017746306804090686,0.00044304420314373737,0.000881529104574889,0.004176129106883646,0.0006717604392677747,0.0006977805178650982,0.1252970553608601,4.667891356125054,0.20733469312845915,0.3235659812141664
1351,lbfgs_unbounded,150,172,,1,0.0004424948424651021,0.00013656348484822732,0.002530966658611038,0.0002514793850851307,1,8,,0,9.12769306820494e-14,-13.843633185175479,-0.0014724765505832824,-0.2159568288194861,0.00038476484261562214,0.0004424948424651021,0.0008782647032398329,0.00414634270981606,0.0006687342253323339,0.0006959850366027183,0.1252045272183491,4.653127769968399,0.20733021071921576,0.3235749779859343
1352,lbfgs_unbounded,151,174,,1,0.0004421740759101069,0.00014399317534649034,0.0028422246778921642,0.00018653522543929352,1,12,,0,1.8245016091284e-12,-13.818536837774193,-0.001316382270011188,-0.2159278421465197,0.00045989112158024986,0.0004421740759101069,0.000874922575700326,0.004115102401716049,0.0006646316649890723,0.0006943853311813933,0.12512772605097122,4.641901651923299,0.20732655271136358,0.3235816072690756
1353,lbfgs_unbounded,152,175,,1,0.0004420008680993408,9.84551858446169e-05,0.001513160689205522,0.00010407168307504821,1,7,,0,6.869744608348113e-11,-13.795895658139404,-0.0011796849529070801,-0.21591954727988621,0.0005111682648075412,0.0004420008680993408,0.0008738882073855907,0.004102217883829118,0.000663679536148219,0.0006936552096285395,0.125088246976557,4.636070300496677,0.20732529554729867,0.3235856291024115
1354,lbfgs_unbounded,153,176,,1,0.00044172398198906974,7.889818348529358e-05,0.0009674660029025437,7.256492955754406e-06,1,7,,0,6.807842917423655e-11,-13.809869391896138,-0.0011654614655196129,-0.21593443863588205,0.0005599830502016695,0.00044172398198906974,0.0008741408318640505,0.004098819504105428,0.0006640126209614269,0.0006936727584472868,0.12508758593517413,4.6361216908993255,0.20732487928953366,0.32358449735064093
1355,lbfgs_unbounded,154,178,,1,0.00044153451632823005,0.00016245328277379753,0.0036535653445194946,4.6510448384603e-05,1,7,,0,1.2582514282662576e-11,-13.835971621855197,-0.0011892151956693455,-0.21595236024748143,0.0005686439342964481,0.00044153451632823005,0.0008748477054886939,0.004099252688363156,0.0006648051263220138,0.0006939526042887647,0.1251003586721662,4.63841682467331,0.2073256452690817,0.32358266619954973
1356,lbfgs_unbounded,155,179,,1,0.000441265893413033,8.862474426615264e-05,0.001178933428716406,1.95752638203018e-05,1,7,,0,1.2960275197145263e-11,-13.843791616154324,-0.0011589863351765455,-0.21596436650785605,0.0006401923880380636,0.000441265893413033,0.0008743489497742887,0.004092421628401494,0.0006639904873752984,0.0006937480772851123,0.1250916746844833,4.637304163610448,0.20732514090405532,0.323583280573531
1357,lbfgs_unbounded,156,180,,1,0.0004410249038917485,9.242134932207471e-05,0.0015368068823939877,7.558827037077578e-05,1,7,,0,6.028059608256152e-11,-13.832387166580782,-0.0011470942656685332,-0.21596441259786262,0.0007730688820408605,0.0004410249038917485,0.0008730069077076515,0.004080296776345413,0.0006625678070050482,0.0006931450605776147,0.12506367227912552,4.633127795549914,0.20732200026741968,0.3235858890568818
1358,lbfgs_unbounded,157,181,,1,0.00044078340938299895,9.330428448540964e-05,0.0012709499677542903,3.3987830704995756e-05,1,8,,0,9.925539534099969e-15,-13.836823998572067,-0.0011533827067162854,-0.21597330340240442,0.0007769952079229588,0.00044078340938299895,0.0008724122092976602,0.004071779630630412,0.0006619398296425321,0.0006928478645974276,0.12505130008063445,4.631192849193842,0.20731974364516506,0.3235869077959102
1359,lbfgs_unbounded,158,184,,1,0.0004404846734832483,8.91428198965278e-05,0.0011097812849463326,8.459011308355804e-05,1,8,,0,1.5924937304667987e-14,-13.833319610453048,-0.0011381812416892758,-0.21596404243363007,0.0007641927622516726,0.0004404846734832483,0.0008711755835207656,0.004056229446969292,0.0006606174650096498,0.0006921902766558904,0.12502071757778047,4.626576407476412,0.20731702787347395,0.323590625385011
1360,lbfgs_unbounded,159,187,,1,0.00044004175403746534,7.570649940166799e-05,0.0006387406052070091,4.8031891854832344e-05,1,8,,0,2.3267239076197858e-14,-13.832332519797687,-0.001116905535144263,-0.2159418112399793,0.0007477919002890628,0.00044004175403746534,0.0008705382040951913,0.004048306147357937,0.0006598938533045913,0.000691748595631872,0.12500306780566348,4.6237366733739576,0.2073147162831335,0.3235936717023728
1361,lbfgs_unbounded,160,194,,1,0.00044001080973825324,6.876382923870662e-05,0.0006068275297927948,3.4727829143199926e-06,1,8,,0,1.63563596300974e-14,-13.831676258657106,-0.0011182257114674514,-0.21594009685606746,0.0007486747229368256,0.00044001080973825324,0.000870490731562999,0.004047918204316775,0.0006598494810430332,0.0006917202474244537,0.12500177866869255,4.623546553490048,0.2073146127204319,0.3235938850190299
1362,lbfgs_unbounded,161,197,,1,0.00043997650958416416,6.562035694059011e-05,0.0006080533059901174,3.5107869472111637e-06,1,8,,0,2.6019464821447273e-14,-13.83152921331236,-0.0011230230406663556,-0.21593875600748522,0.0007520780832975722,0.00043997650958416416,0.0008704338618177517,0.004047361324618997,0.0006597942211950409,0.0006916904898454668,0.1250005990331477,4.623362046012481,0.20731442138680367,0.32359409708799874
1363,lbfgs_unbounded,162,214,,1,0.00043993806259388896,6.372535977514845e-05,0.0006122578160812979,9.279358390460906e-06,1,10,,0,4.9211155977194094e-14,-13.829973982546255,-0.0011213978689006412,-0.21593630338215114,0.0007507100583680965,0.00043993806259388896,0.0008703154777486174,0.004046189313133932,0.0006596750650470565,0.0006916194516411687,0.12499730016628964,4.622868563787039,0.20731415570740783,0.3235945618400098
1364,lbfgs_unbounded,163,221,,1,0.00043993363298592273,6.371296254747687e-05,0.0006123544396228887,8.020582877592892e-07,1,12,,0,1.0019435229765603e-11,-13.829858272972189,-0.0011208497209812863,-0.215936061382689,0.0007502967810411032,0.00043993363298592273,0.0008703059833425925,0.004046086459899875,0.0006596643189655742,0.0006916128397691024,0.12499699806489106,4.622824432676475,0.20731413049145467,0.32359460121401074
1365,lbfgs_unbounded,164,248,,1,0.0004399336329844153,6.371296318470894e-05,0.0006123544421955807,3.4095832159085144e-18,1,12,,0,1.0020562185521009e-11,-13.829858272947954,-0.0011208497209607379,-0.215936061382689,0.0007502967810411032,0.0004399336329844153,0.0008703059833274769,0.004046086459889859,0.0006596643189383266,0.0006916128397620737,0.12499699806463535,4.622824432624652,0.20731413049145467,0.32359460121401074
1366,lbfgs_unbounded,165,280,,1,0.0004399336329844153,6.371296318470894e-05,0.0006123544421955807,2.821183498762987e-21,1,12,,0,1.0020562185521009e-11,-13.829858272947954,-0.0011208497209607379,-0.215936061382689,0.0007502967810411032,0.0004399336329844153,0.0008703059833274769,0.004046086459889859,0.0006596643189383266,0.0006916128397620737,0.12499699806463535,4.622824432624652,0.20731413049145467,0.32359460121401074
1367,lbfgs_unbounded,166,311,,1,0.00043993363298441086,6.371296318588563e-05,0.0006123544422085099,1.7979459015113025e-20,1,12,,0,1.0020554327703395e-11,-13.829858272947806,-0.0011208497209606275,-0.215936061382689,0.0007502967810411032,0.00043993363298441086,0.0008703059833274316,0.0040460864598899,0.0006596643189382535,0.0006916128397620536,0.12499699806463459,4.622824432624528,0.20731413049145467,0.32359460121401074
1368,lbfgs_unbounded,167,325,,1,0.0004399319255932459,6.345873364591668e-05,0.0006120614336142317,2.2296453473210688e-08,1,13,,0,8.973724688045136e-12,-13.829815102346561,-0.0011209893343741913,-0.2159360580819227,0.0007503956516172199,0.0004399319255932459,0.000870307279068859,0.004046102167714015,0.0006596674536321692,0.0006916129896355206,0.12499699173311167,4.622823585133025,0.207314131977433,0.32359460032711823
1369,lbfgs_unbounded,168,350,,1,0.00043992160087439827,6.265833901711592e-05,0.0006074773311068249,1.3864241852692184e-07,1,11,,0,1.42579137742107e-12,-13.829603414865392,-0.0011214550058983243,-0.21593600850397254,0.0007507277610323198,0.00043992160087439827,0.0008703100889032316,0.00404617910925024,0.0006596744369889966,0.0006916130920979214,0.12499695240040813,4.622821002759473,0.20731414115166202,0.32359459340921715
1370,lbfgs_unbounded,169,366,,1,0.0004399197229316546,6.254901919648765e-05,0.000607113340766154,2.5806837507283723e-08,1,11,,0,2.5379073820540956e-13,-13.829575463520545,-0.0011213521286434008,-0.2159359918727447,0.0007506520625262763,0.0004399197229316546,0.000870311218720158,0.004046191147634024,0.0006596761486290273,0.0006916130073727475,0.1249969402079781,4.6228198097381075,0.2073141428475768,0.3235945922757398
1371,lbfgs_unbounded,170,396,,1,0.00043991971504789133,6.254874191146858e-05,0.0006071098317648064,1.0953820348379878e-10,1,11,,0,2.524441863484037e-13,-13.829575334890485,-0.0011213519382500322,-0.21593599182227113,0.0007506519223734644,0.00043991971504789133,0.0008703112205743464,0.004046191198348921,0.0006596761509053459,0.0006916130069082194,0.12499694016840836,4.62281980639137,0.20731414285504143,0.32359459227152687
1372,lbfgs_unbounded,171,431,,1,0.000439919626465834,6.254487273205274e-05,0.0006070968068655793,1.2500799104186426e-09,1,11,,0,2.473237115309121e-13,-13.829574257801545,-0.0011213462233390472,-0.21593599120181428,0.0007506477342995931,0.000439919626465834,0.0008703112709028021,0.0040461917005615005,0.0006596762217744089,0.000691613000667461,0.12499693957187405,4.622819741299151,0.2073141429414643,0.3235945922375195
1373,lbfgs_unbounded,172,437,,1,0.0004399196257829636,6.254485212496712e-05,0.0006070966072649603,9.690395126743324e-12,1,11,,0,2.4729132623039123e-13,-13.829574249554554,-0.0011213461971112183,-0.21593599119832682,0.0007506477150705609,0.0004399196257829636,0.0008703112711208142,0.004046191704196761,0.0006596762220399423,0.0006916130006127359,0.12499693956776614,4.622819740896573,0.20731414294216036,0.32359459223727055
1374,lbfgs_unbounded,173,439,,1,0.0004392266662556131,9.848790458120986e-05,0.002001311015271693,2.2624953521062854e-05,1,10,,0,2.2849041910129404e-12,-13.817661840166693,-0.001054479917684606,-0.21593612709828439,0.0007018421789588919,0.0004392266662556131,0.0008709704908285576,0.004052539610798197,0.0006605422040184212,0.0006914721692220472,0.12498670466538338,4.621690257324221,0.20731593971757006,0.3235943552492818
1375,lbfgs_unbounded,174,462,,1,0.0004392072408652367,9.601930114149792e-05,0.001942960742509547,3.907266136464552e-07,1,11,,0,9.732035631403274e-14,-13.816594993843749,-0.0010488795187004905,-0.2159366156498225,0.000697836872911295,0.0004392072408652367,0.0008709775638583038,0.004052910366675429,0.0006605373520627976,0.0006914721023861019,0.124986882786053,4.621686241940663,0.20731597827104686,0.3235943864980058
1376,lbfgs_unbounded,175,475,,1,0.00043920623645217146,9.595070302004352e-05,0.001941749852810723,1.5370942919613034e-08,1,12,,0,5.308045773194543e-14,-13.81655753624855,-0.0010486855752704798,-0.2159366420848927,0.0006976984653874061,0.00043920623645217146,0.0008709775309789713,0.004052922761334683,0.0006605367222775198,0.0006914721274661489,0.12498689161024232,4.621686452351883,0.20731597991868006,0.3235943880376067
1377,lbfgs_unbounded,176,500,,1,0.00043920623620835066,9.595068819472267e-05,0.0019417495292070141,3.5485783338121732e-12,1,12,,0,5.3337240633787715e-14,-13.816557528336267,-0.0010486855362804026,-0.21593664208990043,0.0006976984375961485,0.00043920623620835066,0.0008709775309160155,0.004052922763807793,0.000660536722046629,0.000691472127467843,0.12498689161200045,4.621686452390994,0.207315979918918,0.3235943880377737
1378,lbfgs_unbounded,177,529,,1,0.0004392062347910822,9.595061905506473e-05,0.0019417480931825312,2.0389649734710484e-11,1,12,,0,5.4904727205646053e-14,-13.81655748426136,-0.0010486853330178804,-0.21593664212304833,0.0006976982928200875,0.0004392062347910822,0.0008709775304463031,0.004052922777009255,0.0006605367206340258,0.0006914721274871478,0.12498689162146234,4.621686452591329,0.20731597991976244,0.3235943880383973
1379,lbfgs_unbounded,178,556,,1,0.00043920622425862137,9.595013566245024e-05,0.0019417375953594599,1.5370882842102087e-10,1,12,,0,6.654335332930386e-14,-13.816557202157128,-0.001048683817890644,-0.2159366423613482,0.0006976972145380572,0.00043920622425862137,0.000870977526097965,0.004052922858151503,0.0006605367084243911,0.0006914721273755281,0.12498689167274556,4.621686453135718,0.20731597992219186,0.32359438803930535
1380,lbfgs_unbounded,179,565,,1,0.00043919555843073007,9.561446080331639e-05,0.0019348278763292354,1.6055640684452432e-07,1,14,,0,1.1825303739617296e-11,-13.816224339307773,-0.0010475216226778065,-0.21593695336525834,0.0006968707393660355,0.00043919555843073007,0.000870972953969078,0.004053016592284358,0.0006605259177330908,0.000691472399268174,0.12498695462454469,4.621687212378426,0.2073159801975544,0.3235943901370083
1381,lbfgs_unbounded,180,584,,1,0.00043919555843073007,9.561446080331639e-05,0.0019348278763292354,0.0,1,14,,0,1.1825303739617296e-11,-13.816224339307773,-0.0010475216226778065,-0.21593695336525834,0.0006968707393660355,0.00043919555843073007,0.000870972953969078,0.004053016592284358,0.0006605259177330908,0.000691472399268174,0.12498695462454469,4.621687212378426,0.2073159801975544,0.3235943901370083
1382,lbfgs_unbounded,181,596,,1,0.00043911837454050316,0.0001447986861085967,0.0032563549271000768,1.8350931178110136e-06,1,10,,0,7.086392662866438e-15,-13.814530257234889,-0.0010214789995873126,-0.21593917473347274,0.0006786826206862269,0.00043911837454050316,0.0008706406863755019,0.004053239451879837,0.0006597526943338205,0.00069143977890508,0.12498865334106875,4.6218804332397605,0.20731604309042906,0.32359453341672184
1383,lbfgs_unbounded,182,597,,1,0.00043905577649952477,5.872459592024238e-05,0.0006536133932452384,6.576691634402071e-07,1,15,,0,3.913623848742888e-14,-13.814780489294456,-0.0010191158320785217,-0.21593967254017846,0.0006768224315113404,0.00043905577649952477,0.0008708108433550718,0.004053342120700887,0.0006601000088999825,0.0006914543491495958,0.12498821879476331,4.621784633859106,0.20731606771278974,0.32359458181508616
1384,lbfgs_unbounded,183,598,,1,0.00043901824936456264,5.080765201901069e-05,0.00039868678342871755,6.407147016111627e-07,1,12,,0,8.267150270658205e-14,-13.813909264151125,-0.0010062831204042282,-0.21594126739465827,0.0006677056885510597,0.00043901824936456264,0.0008708201475929624,0.004053637075899009,0.0006600795558861917,0.0006914554131663101,0.12498867299808807,4.621791424373361,0.20731610742769657,0.3235946783303557
1385,lbfgs_unbounded,184,604,,1,0.0004390180495260195,5.078155598515324e-05,0.00039897011516135046,3.638207801075015e-09,1,12,,0,2.8111996930236607e-12,-13.813902701163197,-0.0010062251688852236,-0.21594127504128097,0.0006676644065193101,0.0004390180495260195,0.0008708202253290364,0.004053639208192224,0.0006600795173990248,0.0006914554235679062,0.12498867497906213,4.621791389390197,0.2073161074431974,0.32359467854517604
1386,lbfgs_unbounded,185,636,,1,0.0004390138155344566,5.0654255067867204e-05,0.00040102852820001356,7.39281045142501e-08,1,10,,0,1.8730610000262786e-12,-13.813731458890736,-0.001005202658799324,-0.21594140980193022,0.0006669370388685685,0.0004390138155344566,0.0008708225525176136,0.004053694687586523,0.0006600817490275037,0.0006914561213842559,0.12498873052819302,4.6217922314888,0.20731610591771482,0.3235946810181226
1387,lbfgs_unbounded,186,653,,1,0.00043901338958039093,5.060487343531007e-05,0.0003996502517342933,7.632934752336548e-09,1,10,,0,1.3115294872940417e-11,-13.813714730669515,-0.0010051180461950848,-0.2159414194857273,0.0006668765733154007,0.00043901338958039093,0.0008708226803490498,0.004053699861604772,0.0006600817213890844,0.0006914561470988451,0.12498873388353626,4.621792034908096,0.20731610562474181,0.323594681059384
1388,lbfgs_unbounded,187,676,,1,0.0004390133895547881,5.0604869040622496e-05,0.00039965036541068634,5.621979193621429e-13,1,10,,0,1.3119810266362457e-11,-13.81371472913953,-0.0010051180397185587,-0.21594141948645323,0.0006668765685912661,0.0004390133895547881,0.0008708226803685573,0.0040536998620814965,0.0006600817213795844,0.0006914561470934072,0.12498873388340863,4.621792034822681,0.2073161056247174,0.3235946810593894
1389,lbfgs_unbounded,188,709,,1,0.0004390133884605153,5.06047384576401e-05,0.00039965425405084573,2.473792874318626e-11,1,10,,0,1.332970205121342e-11,-13.813714658428358,-0.0010051177446764182,-0.21594141952016865,0.0006668763530872891,0.0004390133884605153,0.0008708226814515427,0.004053699884331122,0.0006600817213138671,0.0006914561468521307,0.12498873387688576,4.6217920307419,0.20731610562368327,0.3235946810597728
1390,lbfgs_unbounded,189,741,,1,0.0004390133880309218,5.060468922681284e-05,0.00039965555248421534,9.970245927248272e-12,1,10,,0,1.3420209540850779e-11,-13.813714628335953,-0.0010051176247263557,-0.21594141953429283,0.0006668762653189487,0.0004390133880309218,0.0008708226819178143,0.0040536998938008675,0.0006600817213041454,0.0006914561467464555,0.12498873387383548,4.621792028970617,0.20731610562325967,0.32359468105994893
1391,lbfgs_unbounded,190,773,,1,0.0004390133874066942,5.060462134123442e-05,0.0003996572372108577,1.4774101543251788e-11,1,10,,0,1.3560409766470186e-11,-13.813714582201314,-0.001005117446407333,-0.21594141955582669,0.0006668761346683171,0.0004390133874066942,0.0008708226826425479,0.004053699908316909,0.000660081721315523,0.000691456146581348,0.12498873386880141,4.621792026211953,0.2073161056226217,0.3235946810602202
1392,lbfgs_unbounded,191,805,,1,0.0004390133865990869,5.060453547388149e-05,0.0003996592701175601,1.9467434860968175e-11,1,10,,0,1.3752543114556067e-11,-13.81371451986576,-0.0010051172112426822,-0.21594141958492769,0.0006668759621541111,0.0004390133865990869,0.0008708226836304801,0.004053699927916761,0.0006600817213456925,0.0006914561463519628,0.12498873386145713,4.621792022417599,0.20731610562176853,0.3235946810605794
1393,lbfgs_unbounded,192,834,,1,0.00043901338649355296,5.060445262778991e-05,0.00039966038399617365,2.2409659682912845e-12,1,10,,0,1.3773336720078796e-11,-13.813714513496286,-0.0010051171951402926,-0.21594141958882135,0.0006668759503267781,0.00043901338649355296,0.0008708226835287299,0.004053699929712744,0.0006600817209507355,0.0006914561463142263,0.12498873386098182,4.621792022151014,0.20731610562161473,0.32359468106046174
1394,lbfgs_unbounded,193,845,,1,0.000439013386493541,5.0604452626045624e-05,0.0003996603840022036,2.0071012026652606e-17,1,10,,0,1.3773342626155317e-11,-13.81371451349625,-0.0010051171951403301,-0.21594141958882135,0.0006668759503268196,0.000439013386493541,0.0008708226835287152,0.004053699929712805,0.000660081720950721,0.0006914561463142182,0.12498873386098154,4.621792022150959,0.2073161056216147,0.32359468106046174
1395,lbfgs_unbounded,194,860,,1,0.000439013386493541,5.0604452626045624e-05,0.0003996603840022036,5.642366997525974e-21,1,10,,0,1.3773342626155317e-11,-13.81371451349625,-0.0010051171951403301,-0.21594141958882135,0.0006668759503268196,0.000439013386493541,0.0008708226835287152,0.004053699929712805,0.000660081720950721,0.0006914561463142182,0.12498873386098154,4.621792022150959,0.2073161056216147,0.32359468106046174
1396,lbfgs_unbounded,195,892,,1,0.000439013386051005,5.060410439833114e-05,0.0003996650730813078,9.411068687130313e-12,1,10,,0,1.3861010174005771e-11,-13.813714486746116,-0.001005117127530138,-0.21594141960517307,0.0006668759006570349,0.000439013386051005,0.0008708226831018791,0.00405369993725583,0.0006600817192900647,0.0006914561461549169,0.1249887338589463,4.621792021025141,0.20731610562096883,0.3235946810599677
1397,lbfgs_unbounded,196,900,,1,0.00043901338605099757,5.060410439448128e-05,0.0003996650731488854,8.425086059447518e-17,1,10,,0,1.3860995932898205e-11,-13.813714486745884,-0.0010051171275295308,-0.21594141960517327,0.0006668759006566227,0.00043901338605099757,0.000870822683101875,0.00405369993725571,0.0006600817192900367,0.0006914561461549114,0.12498873385894602,4.62179202102509,0.20731610562096883,0.3235946810599677
1398,lbfgs_unbounded,197,907,,1,0.00043901338605099394,5.060410438880457e-05,0.000399665073298259,2.8726149959403145e-16,1,10,,0,1.3861009172734767e-11,-13.813714486745036,-0.0010051171275266893,-0.21594141960517374,0.000666875900654479,0.00043901338605099394,0.0008708226831018789,0.004053699937256067,0.0006600817192900083,0.000691456146154901,0.12498873385894542,4.621792021024969,0.20731610562096883,0.3235946810599677
1399,lbfgs_unbounded,198,928,,1,0.0004390133860418559,5.06041008510166e-05,0.0003996651357480121,2.1035202060582137e-13,1,10,,0,1.3863249148592734e-11,-13.81371448604351,-0.0010051171254436293,-0.2159414196055907,0.0006668758991180675,0.0004390133860418559,0.0008708226831060477,0.004053699937471421,0.0006600817192773934,0.0006914561461519863,0.12498873385886555,4.621792020987394,0.20731610562095548,0.32359468105996164
1400,lbfgs_unbounded,199,947,,1,0.00043901338603803133,5.060409947506459e-05,0.0003996651610197418,8.874069602591097e-14,1,10,,0,1.386420501236346e-11,-13.813714485745097,-0.0010051171245541609,-0.2159414196057661,0.0006668758984617667,0.00043901338603803133,0.0008708226831081594,0.0040536999375633724,0.0006600817192727216,0.0006914561461507631,0.12498873385883029,4.6217920209711405,0.20731610562094985,0.32359468105995914
1401,lbfgs_unbounded,200,961,,1,0.00043901338566900187,5.060380806300376e-05,0.0003996690943906706,7.865193634663275e-12,1,10,,0,1.3937911535485356e-11,-13.813714463387944,-0.0010051170680640802,-0.215941419619432,0.000666875856949312,0.00043901338566900187,0.0008708226827520364,0.004053699943867864,0.0006600817178823689,0.0006914561460165863,0.1249887338570784,4.621792020022242,0.20731610562041006,0.32359468105954625
1402,lbfgs_unbounded,201,969,,1,0.0004390133856689959,5.060380805787519e-05,0.00039966909453593356,9.961999159183571e-17,1,10,,0,1.393791720835475e-11,-13.81371446338765,-0.0010051170680632614,-0.21594141961943217,0.0006668758569487348,0.0004390133856689959,0.0008708226827520406,0.004053699943867962,0.0006600817178823381,0.0006914561460165731,0.12498873385707761,4.6217920200220535,0.20731610562041006,0.32359468105954625
1403,lbfgs_unbounded,202,982,,1,0.00043901338566895855,5.060380804542328e-05,0.0003996690946725433,8.563247929947426e-16,1,10,,0,1.3937909184209406e-11,-13.813714463384839,-0.0010051170680549896,-0.21594141961943386,0.000666875856942716,0.00043901338566895855,0.0008708226827520382,0.004053699943868745,0.0006600817178822868,0.0006914561460165607,0.12498873385707729,4.6217920200219185,0.20731610562041,0.32359468105954625
1404,lbfgs_unbounded,203,994,,1,0.00043901338566839065,5.060380782516361e-05,0.0003996690989221859,1.3180203060208524e-14,1,10,,0,1.3938056211337612e-11,-13.813714463341787,-0.0010051170679257143,-0.21594141961945892,0.0006668758568473214,0.00043901338566839065,0.0008708226827523074,0.004053699943882057,0.0006600817178815339,0.0006914561460163946,0.12498873385707285,4.621792020019716,0.20731610562040914,0.3235946810595458
1405,lbfgs_unbounded,204,1013,,1,0.00043901338566835216,5.060380781750695e-05,0.00039966909909205673,5.610941657796071e-16,1,10,,0,1.3938049646535749e-11,-13.813714463340009,-0.0010051170679200026,-0.21594141961945995,0.0006668758568431991,0.00043901338566835216,0.0008708226827523248,0.004053699943882555,0.0006600817178815238,0.0006914561460163961,0.12498873385707301,4.621792020019681,0.20731610562040909,0.32359468105954575
