step,optimizer_phase,optimizer_iteration,optimizer_evaluation,learning_rate,evaluation_success,objective,gradient_rms,gradient_inf,activation_update_rms,forward_converged,forward_iterations,forward_failure,line_search_failures,equilibrium_residual_rms,min_det_f,min_det_g,min_det_ainv,min_singular_ainv,top_target_mae,top_target_rms,top_target_max,top_error_rms,top_highpass_rms,top_slope_rms,top_curvature_rms,activation_neighbor_jump_rms,activation_rms
0,adam,0,1,0.03,1,0.05,0.0003942054703417064,0.003246425848531808,0.0,1,1,,0,6.225748016032108e-18,0.9999999999999929,0.9999999999999929,1.0,1.0,0.033666666666666664,0.036698791987384724,0.05,0.036698791987384724,0.0,0.0,0.0,0.0,0.0
1,adam,1,2,0.029699999999999997,1,0.04911424903999322,0.0003801691763134018,0.003970026976148622,0.029956709543465573,1,10,,0,1.1329188452346593e-09,0.9440423148480971,0.9396230286332478,0.9400002594821246,0.9400003884451291,0.03321943766763544,0.03611452619056886,0.04911424903999322,0.03607544223223285,0.00021501408790993595,0.03429922106186473,1.368449038750389,0.03777204896717098,0.02995670954346557
2,adam,2,3,0.029403,1,0.04856272036400864,0.000647950200041002,0.007278593193376073,0.02495779829604276,1,13,,0,4.97090845673175e-09,0.8657330768308189,0.8657330768308189,0.8806971636860889,0.8807439704530825,0.03285505970752005,0.03560671606235962,0.04856272036400864,0.03545939439434089,0.000424581885949331,0.056761678442389905,3.035991954606961,0.06101171851107604,0.05176543776626555
3,adam,3,4,0.029108969999999998,1,0.0470866254729342,0.0005283254622878027,0.004446692779385607,0.021679626789317414,1,18,,0,1.2560440654328205e-10,0.7787602317485277,0.7787602317485277,0.8229056382471953,0.8240190423883542,0.032520309358574445,0.035183040711071555,0.0470866254729342,0.034892150979058484,0.00065657853050929,0.07780018436512555,4.838486693318979,0.0777295738021933,0.06972256912275876
4,adam,4,5,0.028817880299999998,1,0.04776066112131314,0.0005008986886616643,0.004823862613467542,0.019657728337869287,1,25,,0,3.881627968163039e-10,0.7029817785375598,0.7029817785375598,0.7659370782639393,0.7674693632905,0.032195592478065374,0.0348251101836224,0.04776066112131314,0.03437315993256613,0.001064971582920735,0.11719285579981177,7.9620772629717225,0.08688264099042639,0.08483761343642504
5,adam,5,6,0.028529701496999998,1,0.04695851777708894,0.00043415137107880047,0.0038731808886752483,0.018455693018527737,1,16,,0,4.070971650720168e-09,0.6221806653136776,0.6221806653136776,0.7090501932478849,0.7106377719095528,0.031944621156000656,0.034479569530934236,0.04695851777708894,0.03370247197418354,0.0011392975853042222,0.12361656189547922,8.4467142956938,0.09238048432996768,0.0997184267103957
6,adam,6,7,0.02824440448203,1,0.04598104808922455,0.0005335673831649517,0.004893395304152993,0.01801383334716011,1,22,,0,2.1262350676898376e-09,0.6288981568630427,0.6288981568630427,0.6526980278883867,0.6542865221402335,0.031708452103730085,0.03413564608385898,0.04598104808922455,0.03290226788149048,0.0012926793711456619,0.14003154203014553,9.82084754946212,0.09531373143054808,0.11433715689099981
7,adam,7,8,0.027961960437209697,1,0.04626826800187313,0.0011173324633300397,0.013730082939697543,0.01712009201084258,1,21,,0,6.190288615485565e-09,0.6578212118946347,0.6578212118946347,0.5970999354220861,0.5983536446286886,0.03145082752300481,0.03384605383470992,0.04626826800187313,0.03231545333624836,0.0014617172598930185,0.1574119708493346,10.993610069779892,0.09755427432605944,0.12799938029129718
8,adam,8,9,0.0276823408328376,1,0.0450025116890171,0.0005774565194365003,0.004335713293969548,0.015970264643274036,1,11,,0,9.823829136581225e-09,0.7251337553688897,0.6771646875612088,0.5419292775247223,0.5426999019441597,0.03124923435088584,0.03349995641467483,0.0450025116890171,0.031538173347618735,0.001432744714173886,0.15373171267309957,10.863221129706224,0.09945610560423751,0.1395837457299977
9,adam,9,10,0.027405517424509224,1,0.044648669458103654,0.0006309927799271887,0.008050293249629914,0.01568973320610634,1,26,,0,4.691759074854974e-09,0.7662781626675784,0.6467612882022848,0.4865517377381487,0.48696162079058014,0.030901587613914608,0.03321162243337006,0.044648669458103654,0.03094694701082538,0.0014898575786172535,0.16672296611215592,12.12118836358574,0.10281351322003741,0.1504611719128017
10,adam,10,11,0.02713146225026413,1,0.04304057054999962,0.00047856943187606944,0.004351747179869771,0.014941473483783609,1,9,,0,5.950536545553806e-11,0.7773090967360944,0.6136175615534283,0.4312942913830602,0.43157319215166046,0.030664087341343325,0.0329181929276128,0.04304057054999962,0.03014389344963159,0.0014822631136385334,0.16468892734030094,11.965577559634795,0.1072798958949979,0.16171245499858078
11,adam,11,12,0.02686014762776149,1,0.04312994333591327,0.0005116803599223742,0.004717175600198589,0.014029797454940677,1,13,,0,9.07880848552382e-10,0.7866320257626737,0.5837741785196092,0.37700086134440125,0.37690955269459764,0.030395631164542476,0.03270339766309191,0.04312994333591327,0.02948333401913872,0.0015059247579287923,0.16877832087437805,11.971517030396603,0.11285523997969191,0.17199519974730845
12,adam,12,13,0.026591546151483875,1,0.043374220030655136,0.0008499137790619866,0.008136628202970897,0.011488468936294991,1,17,,0,1.6341746808094503e-09,0.5889338661211133,0.565178547286761,0.336163738478933,0.33671399769471194,0.03080600174021606,0.03295153220664658,0.043374220030655136,0.02879094712675476,0.0017186289656074946,0.19241310908415785,13.058182687743294,0.11723142614679695,0.18000632250758436
13,adam,13,14,0.026325630689969032,1,0.041391269044210435,0.0006316133791052657,0.008153913799490466,0.010994645135269926,1,13,,0,7.791131849661071e-09,0.6440703978492743,0.5406893804882283,0.2960079109485651,0.29666869431707815,0.030404199905131067,0.03267491831257904,0.041391269044210435,0.028443293843277647,0.0017815293085579511,0.2014690493521156,13.393493612011284,0.12263789023899184,0.18657292904608186
14,adam,14,15,0.026062374383069346,1,0.04143360471185462,0.0007681557054347431,0.004572621830557795,0.010675191475632693,1,14,,0,4.680125861827284e-09,0.6424815878405948,0.48090014807785814,0.2573306189758786,0.2577744467009972,0.03012820104541282,0.032587499684074095,0.04143360471185462,0.028152950652898,0.0018711244507031832,0.21444375614541744,13.756842995739996,0.12833310337961926,0.19382314486184474
15,adam,15,16,0.025801750639238653,1,0.04118534695790001,0.0008574137822065247,0.009149225986948284,0.008726366707462047,1,13,,0,7.201174040908394e-10,0.5533946500724718,0.335974169350067,0.2200492895429168,0.22063007585023686,0.030476530051249867,0.032488711931070516,0.04118534695790001,0.029087455602613065,0.0025021364687695686,0.29662035859574576,15.571643316795871,0.1325129871525029,0.19723188326582602
16,adam,16,17,0.025543733132846264,1,0.041837084551142066,0.0007858716613864156,0.008051462849217372,0.008303844444295487,1,28,,0,1.6224046865234743e-11,0.5940636288374584,0.27727447464085386,0.1853117258712194,0.18582793397434147,0.029562577957908467,0.03187449568687881,0.041837084551142066,0.029933078036068133,0.002891732206247245,0.3451344466513698,18.184745796764016,0.1357517502289088,0.1998870129639334
17,adam,17,18,0.025288295801517802,1,0.04162406031593907,0.0005574602571804274,0.005458483946489758,0.007821343899479019,1,8,,0,4.9970582184326566e-09,0.55152600074015,0.23604177536338797,0.1590902303676799,0.16000732922805766,0.029741143220189257,0.031757936527320334,0.04162406031593907,0.029683893613605735,0.0029341566992437196,0.34656324314078973,18.17165092251759,0.13923319343536156,0.20140292913177985
18,adam,18,19,0.025035412843502625,1,0.041824543105531985,0.00046847494771805353,0.0033028214418748597,0.0072544283155435724,1,11,,0,6.459065796757931e-11,0.5515860012034494,0.19601117913968588,0.13479462584138666,0.1358167761099138,0.029635818477136793,0.03155465878880151,0.041824543105531985,0.029403860689079096,0.0029421756213256775,0.34668007030701714,18.529303394707068,0.14227640839145747,0.20283245647906112
19,adam,19,20,0.024785058715067598,1,0.04138152521234164,0.0005543117865020291,0.004234480431146187,0.006754355734478966,1,29,,0,5.069690867405993e-11,0.5653744551853818,0.15835887285360775,0.1119359318922834,0.11288154434968382,0.029307822300469917,0.03135166720667248,0.04138152521234164,0.02891888816034566,0.002963502620880677,0.34390572056342533,19.093113450376148,0.14497464060458862,0.20433095266264778
20,adam,20,21,0.02453720812791692,1,0.04156197834972233,0.0004611399526033599,0.0033003456896488993,0.0062461428493470125,1,8,,0,8.263468766151441e-10,0.5949050458025401,0.12064053048326376,0.08895906247585593,0.0896591626420329,0.02901948740410065,0.031092396613545688,0.04156197834972233,0.02856197255150184,0.0028491469056887626,0.3312860142637274,18.738150713039797,0.14733004001364788,0.20581642483033727
21,adam,21,22,0.024291836046637753,1,0.04105101793040747,0.0004799212916231803,0.004096629015372083,0.005889291878199835,1,6,,0,6.003592838629832e-09,0.5984939395364477,0.08878615704733399,0.0693273026806361,0.0698638836967523,0.02875909745695327,0.03084349121735662,0.04105101793040747,0.028029030239142085,0.0027372408520629607,0.31553428966226343,18.628976542207912,0.14946289966475088,0.20739197519088007
22,adam,22,23,0.024048917686171376,1,0.04080329318960772,0.0004900887439903721,0.004126656082920177,0.005892076918620305,1,13,,0,1.2907773889334548e-10,0.6104565722213658,0.05076896169810778,0.044600550199974665,0.044835544066205796,0.028503825171063358,0.030664721166658873,0.04080329318960772,0.02719467433672085,0.0025908536437988434,0.28953065359229596,18.651017221848345,0.151568535252394,0.20934008825272873
23,adam,23,24,0.02380842850930966,1,0.03962793144192997,0.00045985446866802436,0.0035586621139681567,0.006321477678735772,1,24,,0,1.932594390120001e-10,0.6109099948094412,0.01220600965429854,0.0162178175391456,0.01624024814348007,0.02866466440422216,0.030652846976747684,0.03962793144192997,0.02686911495887918,0.0024512636651649092,0.2613983586944118,17.88658544942519,0.1537313006551883,0.21164227405367417
24,adam,24,25,0.023570344224216562,1,0.039627155070723785,0.0006141423876689082,0.006932696413297773,0.006652434729154104,1,21,,0,1.0563516022040375e-10,0.43219289321051485,-0.009512964301879628,-0.013423138223970042,0.006791242313265031,0.02848122890408211,0.030484478608190726,0.039627155070723785,0.02653382099533955,0.002437528840078723,0.2587360534536684,18.146854394538263,0.1561777134813076,0.21407323915852433
25,adam,25,26,0.0233346407819744,1,0.039955394159829724,0.0007559904724297353,0.007339413175009522,0.005982088300667992,1,13,,0,7.488580877612729e-10,-1.543259559092368,-0.019148746754035904,-0.027235905245819553,0.017957991363086765,0.02861131381817181,0.03050162107777027,0.039955394159829724,0.02618821134501292,0.002441058883335494,0.2556117400403531,18.697326036211642,0.15875527953445007,0.2164120981824931
26,adam,26,27,0.023101294374154653,1,0.03958788692058815,0.0005832262498882798,0.006642665841614857,0.005796017264944142,1,8,,0,9.771636643711087e-09,-2.6941239346472554,-0.03356860286020995,-0.04909523427611208,0.03358156029581306,0.028516808223686695,0.03038243013073146,0.03958788692058815,0.025906544016091913,0.002435290648212769,0.25171689686116194,18.893728119051836,0.16161657975223792,0.21854297068571055
27,adam,27,28,0.022870281430413107,1,0.039093570609307286,0.0005132044760246033,0.0052139583422805835,0.0054732916205780325,1,19,,0,1.725281178169412e-10,-2.2512342327637334,-0.03945443483483931,-0.058731054862193946,0.027958763334435647,0.028889254733662325,0.03067045481871883,0.039093570609307286,0.025448774195895047,0.0024211077619224345,0.24817325496144996,18.918205387970655,0.16432769197702995,0.22096789261549474
28,adam,28,29,0.022641578616108975,1,0.03838412600117945,0.0005658685096752035,0.008387702207054776,0.005831842593959918,1,15,,0,6.038713467675051e-11,0.5106174660530574,-0.03942712208768218,-0.059348788382765194,0.009677719777587919,0.029157842653279302,0.030772125672267406,0.03838412600117945,0.02493596845274161,0.0025321572597350093,0.2568537941835071,19.73094007085854,0.16689425132308525,0.22369584199127007
29,adam,29,30,0.022415162829947884,1,0.03874590311045933,0.0007325951787843491,0.006136675520515084,0.006126125404816266,1,7,,0,5.6837436513830807e-11,0.4651103066912674,-0.03456503740071778,-0.050973520535162214,0.00833858808510313,0.029411177092430945,0.030953503287464417,0.03874590311045933,0.024485886077137274,0.0026240897618890506,0.26549506469123785,20.509425829903947,0.1693455032375718,0.22675590622926667
30,adam,30,31,0.022191011201648406,1,0.04010535555090998,0.0007063725171744052,0.00603661661376082,0.005946808971260354,1,36,,0,2.913249580995972e-09,0.310847970892781,-0.037002448928750625,-0.054450091422237036,0.02578237850113376,0.029163001007738575,0.03080445696063058,0.04010535555090998,0.024145912839640148,0.0026450769026009685,0.2700526106834234,20.3522238306367,0.17152431030218376,0.22940802442450295
31,adam,31,32,0.021969101089631925,1,0.03885445111661782,0.0007653969580393982,0.006891526035530438,0.005253305451924187,1,12,,0,7.204045594566886e-10,0.32663995527552303,-0.03491213259922949,-0.05066542846092533,0.03524717820495047,0.02892452442040428,0.03051214650673447,0.03885445111661782,0.024024471039734346,0.0027212704387465326,0.27675963028954587,20.947686682337466,0.1731437985671547,0.23055274508597928
32,adam,32,33,0.0217494100787356,1,0.0393777485593733,0.0008525806275216554,0.004854710835987333,0.0054400824903702814,1,6,,0,7.425740529606709e-09,0.35977005034340154,-0.026800385058343885,-0.03801562221969615,0.027081122012934493,0.028646198319789196,0.03022504692382525,0.0393777485593733,0.023851556288884163,0.002758877703240233,0.27980574466023717,21.07108494434827,0.17471125295745685,0.23204078011736368
33,adam,33,34,0.021531915977948245,1,0.03751127527296355,0.0009101589557182457,0.006107193665625982,0.0048783422888630905,1,7,,0,9.430662534317416e-10,0.37233724483280983,-0.029422383534174673,-0.042487007766877756,0.0365896199767253,0.028265414776355458,0.02981171134703804,0.03751127527296355,0.02383667399640375,0.002805393721714567,0.2869399871389883,21.354182849295476,0.1762844228475065,0.23293281280518907
34,adam,34,35,0.021316596818168762,1,0.03918343374755393,0.000863902159044394,0.0069228207915916235,0.005646935214118161,1,40,,0,3.91751217304432e-10,0.37135470220817324,-0.04591274964913211,-0.0573605188831222,0.038312463694702294,0.02921360217255904,0.030735688997347143,0.03918343374755393,0.026212816042762474,0.0032506207506680543,0.3606029698699567,23.812911076900523,0.1778606162943246,0.23353507277549215
35,adam,35,36,0.021103430849987073,1,0.03917245749024242,0.0006127298689883918,0.004715398523382347,0.005679497936922909,1,5,,0,7.158393660629134e-10,0.377552057946829,-0.05315707796565879,-0.06954321407896737,0.02487046859031735,0.028806035824033453,0.030340583402209388,0.03917245749024242,0.026109244949458675,0.0032858815134399273,0.3636691828150911,24.14565900142477,0.17950679644207101,0.23407580596153563
36,adam,36,37,0.020892396541487203,1,0.03904134471704949,0.0009811896855181882,0.013902441680314064,0.005424905409255638,1,6,,0,1.4475031879735996e-10,0.3862813563728007,-0.05744865412631985,-0.07842165779284645,0.012263664564064697,0.02837791424198898,0.02993437129658013,0.03904134471704949,0.025948020497040418,0.003299389656335645,0.364141873956818,24.389943161465016,0.18118862027567448,0.23470034680840832
37,adam,37,38,0.02068347257607233,1,0.038424616384727224,0.0005796038097451424,0.004413159090715865,0.005414415223627187,1,9,,0,2.213136404928803e-09,0.2326771440651245,-0.051838358340985276,-0.07021006550422353,0.0024759270638122634,0.02784599442089364,0.029464576778186643,0.038424616384727224,0.025626895267059125,0.003241887878964593,0.3551613150122042,24.36886241021874,0.18248477528501805,0.23515478881932267
38,adam,38,39,0.020476637850311608,1,0.03769184979469073,0.0005866882477049094,0.004587545205378879,0.005037344778744018,1,17,,0,8.813734616561309e-09,-2.9770240747405285,-0.04575544767573491,-0.06160728953564952,0.021562289754395912,0.027382385222476123,0.028930158742286393,0.03769184979469073,0.025134348773401313,0.0029656535747366397,0.3239310607020596,21.97057411114306,0.18386658732791,0.23578444452933836
39,adam,39,40,0.020271871471808492,1,0.03848409172172793,0.0010346551490231404,0.006570013286833472,0.0052187201525752585,1,13,,0,1.111473834368911e-11,-3.3578176369329937,-0.03994481849936882,-0.05302692106833972,0.023284230585125017,0.02781484600082764,0.02925130596547653,0.03848409172172793,0.02541392879707423,0.003029719711184149,0.33582324184124424,22.34438402451708,0.1853550137126137,0.23657668446366656
40,adam,40,41,0.020069152757090408,1,0.03714785792328914,0.00048071135888239986,0.004383688397158497,0.005896941594973991,1,8,,0,9.355751299045354e-09,-6.364776784840749,-0.02525736573045725,-0.06054507775522171,0.03286097499115546,0.027011332876498595,0.028533561180532806,0.03714785792328914,0.024572894330070455,0.002922270823572071,0.31651120665467164,21.92509235884559,0.18689297618631345,0.23735367071496835
41,adam,41,42,0.019868461229519505,1,0.03681408207526335,0.0005003120802796905,0.0045422613006773326,0.005720151600157846,1,10,,0,1.0668441763707525e-09,-6.409680134589629,-0.009394454183238601,-0.08777752614731169,0.01132511080029432,0.026911373420017846,0.028436747721857357,0.03681408207526335,0.024364874685760297,0.0029228013436840565,0.3161767918295464,22.058701367920435,0.18849695856456397,0.238394675322766
42,adam,42,43,0.019669776617224306,1,0.03723848466239504,0.0007181975115948209,0.006231115805450202,0.00556964043852422,1,6,,0,9.242572669452062e-10,-5.92737232572898,-0.0028809396307127007,-0.11236254339775138,0.0014826243068753828,0.02673147294379887,0.028265832307267546,0.03723848466239504,0.024019539115709334,0.0029111175035217225,0.31349317155617457,22.124132338077054,0.19014043586138074,0.2396514650315144
43,adam,43,44,0.019473078851052063,1,0.03584398567041776,0.000659642980625452,0.006555463947658158,0.005354002179403471,1,8,,0,1.4067402810429927e-09,-5.647791174785447,-0.04592548479389097,-0.13447760564870173,0.0303239379293513,0.026647948807996286,0.028153678536356964,0.03584398567041776,0.023648669747135982,0.002911262394159691,0.3120941193148572,22.368212949228546,0.19158429708871497,0.24085058813153637
44,adam,44,45,0.019278348062541542,1,0.035639703102983776,0.0008653681931994743,0.006712585100725428,0.005628129646529366,1,7,,0,5.928941845827021e-09,-5.23293455854081,-0.07282383066222142,-0.1541041721437006,0.049070604997458994,0.026441195217958353,0.028013029911751124,0.035639703102983776,0.023254890968945587,0.0029122957799958622,0.3127364253121483,22.761049607022333,0.19308545338822686,0.24215388893180045
45,adam,45,46,0.019085564581916126,1,0.035173589153992255,0.001081367788082657,0.02434328953450878,0.005405213344565873,1,18,,0,4.2400962950782415e-11,-4.831609810784724,-0.09400534039092993,-0.17202031099597295,0.051872863833745904,0.026247930903533254,0.027783834230506257,0.035173589153992255,0.022971423531952462,0.0028698117027443366,0.30792250953033085,22.677013812023233,0.19454843888794926,0.24338967477668527
46,adam,46,47,0.018894708936096967,1,0.0357789262536396,0.0009844822025054285,0.008418841778706549,0.005558380236308451,1,7,,0,2.3104472839065146e-09,-4.394576908997648,-0.10783583254543493,-0.1910592455877656,0.034064244631719635,0.025403768624686088,0.026973854039718165,0.0357789262536396,0.022676796552142896,0.00281161159746004,0.2990035971314647,22.308387768889396,0.19603414256592347,0.24414693631070158
47,adam,47,48,0.018705761846736,1,0.034651489821508334,0.0010142130380197303,0.010172867492986704,0.005072190127860327,1,23,,0,9.172102126085714e-10,-4.094074983802289,-0.10546256692553657,-0.20797556258724845,0.024936715169699284,0.02465334414779832,0.026333136373182228,0.034651489821508334,0.022120056116540783,0.002651225527825958,0.273497079362992,20.550202938872605,0.19744092742476826,0.2448111479926955
48,adam,48,49,0.018518704228268637,1,0.03530585077173349,0.0022153920557028994,0.03393260540490489,0.005262247274470652,1,33,,0,6.695259127119546e-09,-3.8320873282550223,-0.08503729976530239,-0.2237289015502649,0.0035196472971997413,0.024755269208949597,0.026561064225467806,0.03530585077173349,0.022121256077975247,0.002501580148514275,0.2566921415941315,19.967669899429044,0.19886506307855564,0.2453842177805028
49,adam,49,50,0.01833351718598595,1,0.03683819024624071,0.0047285306453213405,0.13097173149239574,0.006612582771839356,1,16,,0,6.352968662275333e-09,-3.52649431493364,-0.016792002245256926,-0.2471483950386544,0.007935996254509057,0.02394580882283766,0.026103277539862923,0.03683819024624071,0.022517106318197665,0.0024740998537464507,0.25143939238202984,19.625100719748595,0.20049669518438668,0.24534724384923087
50,adam,50,51,0.01815018201412609,1,0.03609512421916145,0.0006393385765399734,0.006609548273304285,0.006392394776271164,1,19,,0,6.643194886028095e-09,-3.310474769604991,0.008326973565793132,-0.2682167133577056,0.015179369781528038,0.022849600247040348,0.025013645687053346,0.03609512421916145,0.022351606478484012,0.0023908523344199264,0.24061973391993524,19.379094001867532,0.20225966155723088,0.24558631485872284
51,adam,51,52,0.01796868019398483,1,0.03570847440749709,0.0008824586560098004,0.016457684982357113,0.005944697476107629,1,23,,0,1.1220273452850234e-11,-5.818401263363544,0.010618134258601105,-0.2872453531195531,0.011535341733939247,0.02280625718051732,0.024988797321519988,0.03570847440749709,0.022753743396669687,0.002389137189948171,0.24065344107661624,18.95474704507839,0.2042344097719483,0.2461331371270362
52,adam,52,53,0.017788993392044983,1,0.035139246076934735,0.0006345593965623628,0.00674266117966389,0.005810775176847088,1,11,,0,1.0572536691774004e-09,-5.75592365849947,-0.03724174000007763,-0.30451522320533897,0.013235403355084647,0.022641626272775977,0.024561867986864515,0.035139246076934735,0.022075297224826044,0.0023822170185824124,0.23807456450857936,18.694301855194983,0.20628737886292844,0.2469071247521909
53,adam,53,54,0.01761110345812453,1,0.03412880780011355,0.0005667569517380967,0.004738639131256096,0.0054625271579960295,1,5,,0,3.996847888811614e-09,-5.139870294017157,-0.03137704632566139,-0.32006158750585206,0.021048367383905333,0.022468062618993475,0.02434204669498138,0.03412880780011355,0.021856031102648665,0.0023631433126242375,0.23551181886633324,18.53406799139428,0.2083846664841735,0.24791981517356562
54,adam,54,55,0.017434992423543287,1,0.033217915222836174,0.0009099965409113391,0.01138517434911955,0.005431918304274232,1,6,,0,4.163623037740554e-09,-4.399918540859892,-0.012852562415923427,-0.33407775933155587,0.0055458757227413134,0.02253706308086907,0.02431854595727891,0.033217915222836174,0.021699213516885637,0.002350087272188088,0.23402034556159784,18.45201909461196,0.21053688176543664,0.24916446581737542
55,adam,55,56,0.017260642499307855,1,0.03358920105053888,0.0007689173464934834,0.009874260898390552,0.004900786113473098,1,33,,0,8.835136931596663e-09,-3.681980121870636,-0.009179175411226604,-0.34669457744290105,0.002648802521921817,0.02211182966216433,0.023945886267761615,0.03358920105053888,0.02146417116275869,0.0023034896167490313,0.23176817244501455,18.493753105707867,0.21247711078603695,0.2501961409344981
56,adam,56,57,0.017088036074314774,1,0.033085045170230615,0.0006336586001569393,0.005241266123621218,0.004521606004954878,1,15,,0,1.4153071433743958e-10,-3.47040029392906,-0.0132438522947458,-0.3580316841187872,0.005581688517150666,0.02189605007073823,0.02372648230157123,0.033085045170230615,0.021347876038077727,0.0023420860793327176,0.2365363481673149,19.120860948469524,0.21415425238455055,0.25110528040672025
57,adam,57,58,0.016917155713571625,1,0.03235578990257583,0.0006834691833810248,0.005334198444032788,0.004171159257150389,1,5,,0,3.1890015979061632e-09,-3.276148347844646,0.0009574033327854926,-0.3715149086434879,0.0013968392543532225,0.02162011533500945,0.023428604351456415,0.03235578990257583,0.021066652207528125,0.0023041542491775,0.23348388683298907,18.90997481848108,0.2158094310558234,0.2521562088601714
58,adam,58,59,0.01674798415643591,1,0.031199270457085978,0.0009951174958589975,0.015698237378645286,0.0042867233746361,1,12,,0,1.4704444673374537e-09,-3.125550904110988,0.0145277441989051,-0.3870017911141154,0.007041193289574965,0.021250056386839092,0.023002900557534702,0.031199270457085978,0.02083137811101887,0.002351180696873697,0.23750659999658824,19.006815946880554,0.21746623752847433,0.2533719920243977
59,adam,59,60,0.016580504314871552,1,0.030513705399777904,0.0007472272710102362,0.0066298021116033695,0.004153776421295576,1,12,,0,4.5947401246024017e-10,-2.9517362287762663,-0.014990630172434339,-0.40325701720075674,0.009910790230244281,0.020954678827460407,0.022691404806107866,0.030513705399777904,0.020403236152327787,0.00237180287845455,0.23728714540929133,19.246648510007983,0.21899352107157552,0.25466927689617874
60,adam,60,61,0.016414699271722837,1,0.030738001904367544,0.001113578004048087,0.020666910518479215,0.004194900165625806,1,6,,0,9.206422409940496e-10,-2.816674157080312,-0.034669358407401,-0.42088111254202354,0.03096318930993246,0.020663358670862254,0.02238394195881086,0.030738001904367544,0.020006363022024604,0.002409297407219158,0.23953898693487163,19.65679169137736,0.22046653349356166,0.25595166988675244
61,adam,61,62,0.016250552279005605,1,0.02919390510775553,0.0008014148723358762,0.008293930557655753,0.004172157821544374,1,12,,0,3.777859791788955e-09,-2.703102422490761,-0.03394555587713895,-0.4331601093032918,0.015076606448387018,0.020275170733972916,0.021960292459815692,0.02919390510775553,0.0196767053847438,0.002467887026078325,0.2440951006961926,20.211764511915664,0.22225007283221143,0.2573879775396235
62,adam,62,63,0.01608804675621555,1,0.02934655295058736,0.0058619574192185775,0.1623151650278745,0.004054334694999117,1,4,,0,6.551971182984283e-09,-2.6048603349205917,-0.002054035478731273,-0.44694766133185626,0.0009372967545849395,0.01999951630540107,0.02163545973786552,0.02934655295058736,0.019452138193817095,0.0025427528068176146,0.2514391944590208,20.840371739469592,0.2240762540015231,0.25876894817569235
63,adam,63,64,0.015927166288653396,1,0.03178105566663608,0.0010992503965511896,0.016759924201273625,0.005129676447971561,1,54,,0,1.9288571004861984e-09,-2.227651281222807,-0.008398254266126904,-0.4601147527228305,0.01167803133969713,0.02118477529178106,0.023103209365679903,0.03178105566663608,0.0212569759117164,0.0023030379904068654,0.261049710912424,17.736872557511813,0.22603962524439988,0.26005905046511557
64,adam,64,65,0.01576789462576686,1,0.03984384483243184,0.0038014038902702773,0.10148109841665123,0.004760632064580559,1,19,,0,1.7829207147110777e-09,-2.1731097423348933,-0.024050357329971975,-0.4728603087103495,0.01695145593022625,0.021397259683518098,0.023447137630382784,0.03984384483243184,0.02137566171793595,0.0024532446296886812,0.2703287973719906,18.958175182328425,0.2280548144313315,0.26148425590181024
65,adam,65,66,0.01561021567950919,1,0.03572146978115891,0.0023388253958734444,0.04686313586285688,0.004772127937386717,1,21,,0,3.481173642980404e-09,-4.217313248250602,-0.001063685077377016,-0.48346303242200167,0.00021077109159911944,0.02083730986257343,0.022843315876908955,0.03572146978115891,0.020991269026768077,0.0025020704740431944,0.27018225843252497,19.37897662502793,0.2301318244570814,0.2628780141235035
66,adam,66,67,0.015454113522714098,1,0.03215358295462193,0.0014826613174692953,0.02827935951671048,0.00486793309649237,1,21,,0,6.928614321838784e-09,-8.215862743097757,0.03790313327838093,-0.4914887913676845,0.018236466909472816,0.021047435630590618,0.022828741961074265,0.03215358295462193,0.021177589787276352,0.0025333524588640284,0.28446406970373567,19.40174350607884,0.23214427532777226,0.26418130389554373
67,adam,67,68,0.015299572387486958,1,0.03279282973218933,0.0007722495474800334,0.0057832917605164106,0.004394690516408275,1,23,,0,4.070846691032958e-10,-10.262187105848115,0.08520344155522348,-0.49856625487383116,0.020901580683956415,0.021258814337312644,0.02302907924160696,0.03279282973218933,0.021044701019488212,0.0026330180497889035,0.2936495961087014,19.881406720308156,0.23403868200181752,0.2654404954553173
68,adam,68,69,0.015146576663612089,1,0.032055591724349464,0.0007836951968032512,0.006015896758934128,0.00406422067394177,1,5,,0,3.85874914480171e-11,-10.017100620515496,0.12645068468695994,-0.5065292934290813,0.018526992736533788,0.021027039703686905,0.022770056366940683,0.032055591724349464,0.020793092005178385,0.0026402089701393423,0.2947822633142256,19.928549966078425,0.23571205776851192,0.2667421883457682
69,adam,69,70,0.014995110896975966,1,0.0306109293529966,0.0010164010448468928,0.00842087325177422,0.004154270150491806,1,5,,0,2.4939297888972095e-10,-8.789263556213655,0.12113839947320613,-0.5155072144017482,0.011506518141040752,0.020636865294075525,0.0223836118663674,0.0306109293529966,0.02045191468706019,0.002651769351397557,0.29458606538586013,20.02361900490151,0.23717503735638698,0.2680777046783663
70,adam,70,71,0.014845159788006207,1,0.030475667732468542,0.0016068873904424598,0.039433894549054056,0.004216054141153424,1,13,,0,1.9082472205416357e-10,-6.342602336398703,-0.026331578973084885,-0.5233767763884943,0.005234020270167923,0.01979204886718128,0.021582708406400992,0.030475667732468542,0.020217536318325152,0.0026011997759254534,0.28560383376068427,19.74841596969667,0.23857899674443175,0.2694291006538484
71,adam,71,72,0.014696708190126147,1,0.02940034673353686,0.0016694964971729453,0.02769385723623933,0.004285349587231868,1,20,,0,2.200826861127158e-10,-7.627667833555865,0.12722977108841987,-0.5336313833828739,0.022816586999842216,0.019602486350634125,0.021307740512516618,0.02940034673353686,0.019461397621570807,0.0025139878764885823,0.27895830422437107,19.469836055474026,0.23973901686160085,0.2708261610866707
72,adam,72,73,0.014549741108224885,1,0.02868818615062419,0.0009831905491473726,0.016346435311110012,0.004197097263250678,1,5,,0,9.424847010745256e-09,-7.201997354238438,0.20093923245360665,-0.536810414020968,0.03848590577124587,0.01904352275556178,0.020721336425126993,0.02868818615062419,0.0191148364412363,0.0025056703432644106,0.276008409606499,19.334562809415104,0.2409404641845872,0.2720217657351865
73,adam,73,74,0.014404243697142636,1,0.02857289476898962,0.0009116227455251508,0.009432031248294722,0.00414933594372722,1,6,,0,1.804050717374606e-11,-6.9006610509704505,0.20192720988777305,-0.5409353040801469,0.05132619185043984,0.01846606701762321,0.020122027560149244,0.02857289476898962,0.01878296769150031,0.002487144035014805,0.2732263182320215,19.146475992627117,0.24219762317836935,0.27334790498296563
74,adam,74,75,0.014260201260171208,1,0.028615615843332345,0.001380728200192669,0.024496852487744514,0.003950662252414024,1,6,,0,4.148564962717965e-09,-6.968138643525406,0.2033437829678493,-0.5470546054674834,0.06214695458160984,0.01795667753953538,0.019599400674576703,0.028615615843332345,0.018329055794248622,0.0024762069606482427,0.2700931753246509,19.114839370548513,0.2435305274871043,0.27480334552285457
75,adam,75,76,0.014117599247569496,1,0.02835532310164335,0.0017102447551502762,0.015664933275974544,0.0038968926250907768,1,19,,0,2.325685999618827e-09,-7.492405092352946,0.19308148509699835,-0.5533635932958423,0.054048998139311424,0.018190736397169092,0.019678219786426993,0.02835532310164335,0.018354810871155057,0.0024658538193989147,0.27165324626735904,18.834664300763162,0.24492779522909228,0.2762801135829482
76,adam,76,77,0.0139764232550938,1,0.02693712336447768,0.0008844649602606435,0.008144171552370509,0.004254661737879481,1,20,,0,9.731546155878393e-09,-7.058174643466187,0.05727167500960231,-0.5582537848671095,0.02703293086007042,0.018624690016747443,0.019826746350768438,0.02693712336447768,0.01847680174522978,0.002402380875443449,0.26619659223909803,18.38695608126136,0.24589632868106845,0.2772621456384923
77,adam,77,78,0.013836659022542863,1,0.027253275879227868,0.0008463526101921011,0.009448667618905754,0.0041314804936164766,1,11,,0,3.430479129918799e-09,-6.157062217494542,-0.0013579626424414914,-0.5631975562775136,0.0008555329610110026,0.018535733267873323,0.019734979840522724,0.027253275879227868,0.018316436741837017,0.002369955396386891,0.2610800232793948,18.082146545437986,0.24693642012960618,0.2782469377473339
78,adam,78,79,0.013698292432317434,1,0.0269257513214443,0.0009926214501673834,0.01499186327466551,0.004009635800557415,1,5,,0,1.1098084522115805e-11,-5.890031912069585,-0.03460391699578217,-0.5662067903619956,0.023302046591551655,0.01825082748878745,0.01941630272479341,0.0269257513214443,0.018085062681467475,0.0023481040031247055,0.256617815392067,17.93788102071518,0.2479014400475701,0.2791312301146729
79,adam,79,80,0.01356130950799426,1,0.025872673464112612,0.0009346946517368019,0.011718433316832835,0.0038239025229567197,1,6,,0,3.0413579825202605e-09,-5.609575384948246,-0.05856970433373087,-0.572202626864497,0.027807216205013207,0.017801963049263292,0.018943480984091324,0.025872673464112612,0.01765599628322094,0.0022983261409293045,0.25089336629262826,17.407691033411023,0.24882671554354896,0.28021167978612715
80,adam,80,81,0.013425696412914318,1,0.025083979525558214,0.0009198823646786727,0.014033239363580486,0.0037297421241691774,1,7,,0,9.45564235807721e-10,-5.378235640344426,-0.07658479749564555,-0.578586004498572,0.018034320768171856,0.01725806802320749,0.01833134377504788,0.025083979525558214,0.01717204558434626,0.0022451183022635314,0.24294952032976969,17.030589666555493,0.24983220104038123,0.2814381045138676
81,adam,81,82,0.013291439448785174,1,0.02446400811401245,0.005352364615258823,0.0989407697482598,0.0037999814882216086,1,7,,0,5.460427996577846e-10,-5.077920631720766,-0.09166972745925571,-0.5864498132003402,0.018210580993627427,0.016790817281785386,0.01782364176644547,0.02446400811401245,0.016629446646259118,0.002241203066735017,0.2408698252618449,17.053788273756222,0.2507306130579588,0.2827540145823658
82,adam,82,83,0.013158525054297323,1,0.027326705059595117,0.0010987003282596384,0.018925235685026937,0.004690465996366667,1,15,,0,1.717794815942296e-09,-5.052292529409276,0.09248515628075793,-0.594061350990516,0.03305676011250565,0.016422881705049696,0.01747313155326364,0.027326705059595117,0.01608246821365363,0.00239446957562459,0.25393081638109494,18.54412154992231,0.25159624868335195,0.2840606088706501
83,adam,83,84,0.013026939803754349,1,0.02638823914870974,0.0012220292568472506,0.023001014009068753,0.004256413588275888,1,5,,0,4.407946020299779e-09,-4.720704240101451,0.10245407023482803,-0.6013717535565046,0.0346340669984367,0.01607884416095804,0.017079952450852563,0.02638823914870974,0.015629446614555297,0.0023831910561958316,0.2525759961998341,18.499190817950392,0.2524387376568967,0.2853766897633979
84,adam,84,85,0.012896670405716805,1,0.024891449530986903,0.0018420384075036886,0.03565229985818798,0.004238685834123404,1,21,,0,8.668010694086446e-09,-4.5469603077371294,0.08919627909484434,-0.6082735858435414,0.026662962109292324,0.016242851469068335,0.017308009779233996,0.024891449530986903,0.015495896950804921,0.0024989961481122255,0.2634840460660732,19.905112657645013,0.2532560629787178,0.28670037973193746
85,adam,85,86,0.012767703701659637,1,0.02439691992050189,0.002294941699748499,0.035184008691656124,0.004363529288205193,1,38,,0,5.04740559770808e-10,-4.50948612255271,0.010228897665216294,-0.6146830966823326,0.00936200258497608,0.016234206073517832,0.017134785045740435,0.02439691992050189,0.014975656493919185,0.0022951789337597862,0.2470379888069599,18.203440597483574,0.2540732383205636,0.28798513376116097
86,adam,86,87,0.01264002666464304,1,0.02425467224137335,0.002136285456146291,0.046722252816426946,0.004196436074575273,1,18,,0,6.258114355582023e-11,-4.3898935670268715,-0.02894980496912764,-0.6191765595300694,0.006942417830436457,0.015365581993976503,0.01618811603168797,0.02425467224137335,0.01452376246595815,0.0022169356641488845,0.23994911207663794,17.75506544041115,0.2546864344672028,0.2890179281606674
87,adam,87,88,0.01251362639799661,1,0.022788370497322196,0.0016198318299914564,0.024550303030776276,0.0036204693036456337,1,11,,0,8.766925175620581e-09,-4.24856624828912,-0.005490892868926464,-0.6234338854645054,0.005106444844802378,0.015092079616946577,0.015857315139842655,0.022788370497322196,0.014215781106439155,0.0023203762356139913,0.24770906043816163,19.863385738271614,0.25531530420333465,0.2900689722159331
88,adam,88,89,0.012388490134016644,1,0.02250547454441595,0.0019147131340082975,0.029772200870247872,0.003743820744832205,1,17,,0,7.792974587010298e-10,-4.093968489653113,-0.00584633410737498,-0.6275062174009959,0.002406893553575213,0.014644043691582703,0.015363410509645884,0.02250547454441595,0.013918456939161297,0.0022588087984015265,0.24538743729157264,16.559468600665525,0.25618370941840357,0.2912607753085752
89,adam,89,90,0.012264605232676477,1,0.020192263130525082,0.0017349448769727184,0.027206072272482895,0.003681249175166376,1,20,,0,1.3619435345549496e-09,-3.8207732452330987,-0.018351391998248073,-0.6313018557046436,0.0035951017462217748,0.013850352371784627,0.014504433761060531,0.020192263130525082,0.013266259545537673,0.0021935739779776996,0.2379720706031374,16.045059404411898,0.257139854416046,0.29252379708757476
90,adam,90,91,0.012141959180349713,1,0.01928675271504699,0.0022417453104395394,0.05161398939158632,0.0038418485550082196,1,18,,0,7.027250453819302e-11,-3.685268154138366,-0.02763109501960242,-0.6348693774523674,0.006692010617878752,0.013724497623050506,0.014350893234908572,0.01928675271504699,0.012882409540184898,0.0021319081245532523,0.23024777620440012,15.585553450961434,0.25819114175601593,0.2938692360076476
91,adam,91,92,0.012020539588546215,1,0.02060085077815657,0.0010916819164765073,0.015197943966344897,0.003801656191533513,1,12,,0,3.1849044999474905e-11,-3.567534503316572,-0.013708012134479029,-0.6388855781202232,0.004841472838888958,0.013545562990366439,0.014183562462212434,0.02060085077815657,0.01235504797710088,0.002094567440174144,0.22759515092787663,15.204233888541319,0.2591426313091241,0.29510542526351774
92,adam,92,93,0.011900334192660752,1,0.021398459564737213,0.004667820519277844,0.1035165915318963,0.0035323355096171525,1,10,,0,7.940008320846327e-11,-3.536075465490656,-0.015975744826530545,-0.6423785373740705,0.008721453852147126,0.013303995460554267,0.014012692064826157,0.021398459564737213,0.011783432156798373,0.0021162313630069397,0.23338506527794503,15.372246331076628,0.26014063518456637,0.2963654741374346
93,adam,93,94,0.011781330850734146,1,0.018947921360705212,0.0017902660090691345,0.042390325047636526,0.00333553060096877,1,10,,0,4.841176296752187e-09,-3.51845008049367,0.0035155962210565734,-0.6454615694210225,0.004390853059420479,0.012487363173084706,0.013062807074042249,0.018947921360705212,0.011012641830168254,0.002137522821122569,0.23614835701488734,15.517916709420016,0.26083436126286613,0.2974631107244367
94,adam,94,95,0.011663517542226803,1,0.01680365067346405,0.0008831066772516787,0.009161446989787131,0.0033776855673095896,1,9,,0,1.925408803749318e-09,-3.551419287151021,-0.0001633110202613797,-0.6481570901176368,0.0005415371602956898,0.011714140745661083,0.012147723506785104,0.01680365067346405,0.010361678762515291,0.0021471961781730623,0.2357292573206393,15.585376940282874,0.2615477307122051,0.29859787420479805
95,adam,95,96,0.011546882366804536,1,0.017325431069386506,0.0038221863417999625,0.0989427356038302,0.0033107359710867145,1,10,,0,7.675820790158713e-10,-3.636608471031132,-0.003444244465652352,-0.6506222368757639,0.012677893986437566,0.01130191065293483,0.011693735999655562,0.017325431069386506,0.009964969585276635,0.0021728120670993574,0.23644576459443156,15.695730147980079,0.26223639934862936,0.29968359405141515
96,adam,96,97,0.01143141354313649,1,0.0161076881272141,0.001362056535247999,0.020218639389118123,0.003470998623501534,1,16,,0,1.4059784474038236e-09,-3.689073791921097,-0.0076398140806582535,-0.6528049800076194,0.01862349395795832,0.010850128231939692,0.011240145270270493,0.0161076881272141,0.009628463095724835,0.002133327227769425,0.23133432989504063,16.013784398641235,0.26293184147924076,0.30058093364941824
97,adam,97,98,0.011317099407705125,1,0.01607038191948588,0.0024793245249332906,0.033379237023262405,0.0033452128314368636,1,19,,0,1.8640830486067315e-09,-3.7311891387685225,-0.00716128059518167,-0.6548563543085246,0.0014791393298014567,0.010974952962255775,0.011355126357600538,0.01607038191948588,0.00946975740730141,0.0024055859806215644,0.25628907183566924,18.116900387529814,0.2636052408203203,0.3015117803903755
98,adam,98,99,0.011203928413628075,1,0.015449476934979008,0.0020550550427580927,0.022954952258374003,0.003406578101702514,1,18,,0,8.55716426353893e-09,-3.7189421998445864,-0.009630179890253058,-0.6566739267122548,0.006540245723313996,0.010774940798416099,0.011171923324840871,0.015449476934979008,0.009344011618668414,0.002326863451356455,0.24849616576959396,17.384478860852585,0.2641331260371915,0.3022143029910534
99,adam,99,100,0.011091889129491793,1,0.015826467057502996,0.0012841384618034516,0.01700351615810733,0.003208484248957233,1,29,,0,2.5065987305756e-09,-3.764473974730091,-0.011294598546924014,-0.6583116706925903,0.017888429352597643,0.010757670028204826,0.011197185519640844,0.015826467057502996,0.009418899595031916,0.0023017320030233874,0.24719693799391393,17.37308796005643,0.2645377791569154,0.3025646128174974
100,adam,100,101,0.010980970238196875,1,0.01896240455975006,0.003308817726505565,0.06641364106832018,0.003170540843406599,1,17,,0,3.5729236145767228e-09,-3.9127788060720206,0.11833694932093418,-0.6598489582275159,0.0260866754061264,0.01108937858678827,0.011520673228961187,0.01896240455975006,0.009564827355339143,0.0022927808488255766,0.2463729126776708,17.16211281795611,0.2649504213954374,0.3030164515335964
101,adam,101,102,0.010871160535814906,1,0.017686708409795766,0.002342868117174751,0.043374305942754515,0.003090551170355867,1,18,,0,4.4593755786311945e-09,-4.261545147614193,0.005044508776057954,-0.6610755130935668,0.013054209085688969,0.011118206658193054,0.01156573441987006,0.017686708409795766,0.009607838370032368,0.0022839108750218867,0.24359017400678232,17.01081837586498,0.2650494978195404,0.30326539314558926
102,adam,102,103,0.010762448930456758,1,0.01657937019581363,0.00184281598186424,0.020642015254815273,0.003136874225894056,1,9,,0,6.041123490034859e-11,-4.379916084302148,0.0017008278177510418,-0.6621130058797168,0.005090716047485749,0.010894492532878582,0.011285908241828648,0.01657937019581363,0.009406601680374143,0.002272520788100208,0.24060483616067826,17.013296178412737,0.2651746002045418,0.3035813642573428
103,adam,103,104,0.01065482444115219,1,0.016334989096027208,0.0013477034350404095,0.015792427127409935,0.003007137635640059,1,10,,0,1.0119760708021527e-09,-4.513033647667326,-0.0003971733337113967,-0.663299931520938,0.0014696722804394917,0.010774282708298074,0.011170215405968085,0.016334989096027208,0.00938649155595372,0.002242020256582256,0.23814867780170168,16.738318922590576,0.2650996935564052,0.30402502885872895
104,adam,104,105,0.010548276196740668,1,0.016118262875932675,0.001402098259865502,0.018208596628549678,0.003257521915673244,1,6,,0,2.6785655847010527e-09,-4.68699496823786,-0.0012563029096072553,-0.6647311349166185,0.0076499512374384486,0.010705786466287746,0.011092141709164534,0.016118262875932675,0.009226096628788188,0.002210710270398132,0.23570304325028738,16.355317564307104,0.264901229660755,0.304569688756543
105,adam,105,106,0.01044279343477326,1,0.0163807686548947,0.001603861372837992,0.017698328422595846,0.0034666580627424897,1,8,,0,4.023379562768541e-10,-4.836386543542765,-0.0006231268093658854,-0.6618092398990573,0.000361678711287536,0.010462363104982556,0.010850284407942865,0.0163807686548947,0.009069496889395302,0.002186045337293055,0.23342396150188452,15.98338120623561,0.2648160303938364,0.30514189395131824
106,adam,106,107,0.010338365500425528,1,0.016300033137715567,0.0011090307993026815,0.010382217244698972,0.0032958245811049425,1,9,,0,4.8051952220172715e-09,-4.929788007821148,-0.018309988689147634,-0.6590937798877413,0.012679032287132647,0.01021953769068701,0.010656802375587977,0.016300033137715567,0.00865127125042112,0.0022085172007427325,0.23438208740965646,16.233777832402044,0.26485223858517487,0.3057580953835745
107,adam,107,108,0.010234981845421274,1,0.015590644092632954,0.0025174530297620095,0.051501334467696044,0.003226156128652106,1,14,,0,1.8314359779921646e-09,-5.104271401678121,-0.012214338578112454,-0.6564096752801029,0.01723237933367231,0.009507389721712979,0.010045206048911648,0.015590644092632954,0.008243950333514645,0.0022502669210508652,0.2445040266201577,16.912828778127643,0.26501114531054487,0.30639772970856266
108,adam,108,109,0.01013263202696706,1,0.027928230126731644,0.004276873241744424,0.09040273590268993,0.0034733435994536163,1,17,,0,3.930672476764947e-09,-5.015919280058053,-0.010858656821961285,-0.6542040835385482,0.01156988771244082,0.010660640427138922,0.011529477875196863,0.027928230126731644,0.009157152405410058,0.002576520554499181,0.28636803586432336,19.753832905148226,0.2653318496232437,0.3071917674642918
109,adam,109,110,0.010031305706697389,1,0.025001547379574884,0.002789827192578587,0.030586440154236373,0.003331943119764719,1,16,,0,1.5315726291988113e-11,-4.916308343338087,-0.008996730010413047,-0.6516713483110981,0.0009182916730502356,0.010172768754279518,0.011161657816934395,0.025001547379574884,0.009322744509863616,0.0026694733895452575,0.3008511863633845,20.93957303857429,0.26571761321177245,0.30759826828286846
110,adam,110,111,0.009930992649630415,1,0.022526517771408922,0.002439108630962119,0.053682335724712336,0.00393245418189963,1,26,,0,1.5782161977769935e-10,-4.7260110009497085,-0.015827322993479886,-0.6489210269009625,0.003551163823407419,0.0102518564412812,0.01125005380725211,0.022526517771408922,0.009127563852797381,0.0025440641504549774,0.2899637829536707,20.13843005916136,0.26623072794421865,0.3077668134705612
111,adam,111,112,0.009831682723134111,1,0.01838020819631951,0.0017949125652221038,0.029511921501526782,0.0036969805898292686,1,14,,0,1.1115651262227884e-11,-4.4799499834984475,-0.018792494441525205,-0.6466438185530353,0.0021583895863878143,0.009614015161420747,0.010522768422150112,0.01838020819631951,0.00866706486931601,0.002438084641864822,0.27850136744686277,19.13663579625976,0.2667263798569302,0.30793318956144927
112,adam,112,113,0.00973336589590277,1,0.019392999250527496,0.0018871246107036014,0.039188071603832975,0.00338217176345142,1,16,,0,4.880555835892539e-11,-4.183154371461712,-0.002048699154802199,-0.6446512183877171,0.001673017413120216,0.009417629297285963,0.010328066198344225,0.019392999250527496,0.008718895003696506,0.0024220609642092864,0.2757911628664695,18.89143032985673,0.2673456166629293,0.30824122134234344
113,adam,113,114,0.009636032236943742,1,0.02031903909858869,0.006194376924478149,0.13075083621244363,0.0032626619351136302,1,12,,0,3.3053086610876687e-09,-6.287993777610498,-0.0032606854653782764,-0.6428881352919499,0.0011116302374847766,0.009598984565352069,0.010566917796830493,0.02031903909858869,0.008646212326829664,0.0023601804522905834,0.2694314571406105,18.59266384694246,0.26804192571219987,0.30862691666836656
114,adam,114,115,0.009539671914574305,1,0.01728718630215138,0.00248530869259485,0.05218530956840269,0.003462153535621555,1,7,,0,5.0524553755521596e-11,-5.671563661765128,-0.007055650755743658,-0.6417336568476835,0.004720474152028862,0.009502966758973457,0.010338350953183176,0.01728718630215138,0.008274008968714972,0.0022969529755497396,0.26068276858932315,18.03545418583523,0.26852974751467357,0.3089222314994791
115,adam,115,116,0.00944427519542856,1,0.01717737905813419,0.001970401598688141,0.0322027401073398,0.0034651824866993638,1,25,,0,8.195820959445434e-09,-5.066182117403521,-0.03663061787181834,-0.6407046791663268,0.0006525029687325534,0.009097689177855015,0.009822941429501082,0.01717737905813419,0.00775645613246387,0.002406686850133505,0.267976863262928,19.023378521758612,0.26909042917223885,0.3092740724194755
116,adam,116,117,0.009349832443474275,1,0.01720583047344246,0.0021133620727642986,0.0476127932920996,0.003131460033013915,1,17,,0,9.57269970608721e-10,-4.1961995125990015,-0.06547864701726365,-0.6398498578696319,0.001827112445645086,0.00876610017348178,0.009452468591067976,0.01720583047344246,0.007319710639229245,0.002349537364780647,0.26092280612882446,18.567830429815082,0.2696250695891526,0.30966937575424835
117,adam,117,118,0.009256334119039531,1,0.016771335915220204,0.002969868590901896,0.04786331850049977,0.0029186133779508057,1,17,,0,1.6885601769488787e-09,-4.308187204778588,-0.08106009440959466,-0.639064684697595,7.999516647748883e-05,0.00877284832348614,0.0094081840620028,0.016771335915220204,0.0071041621312672954,0.0024139360803565576,0.26635252098088047,19.26169237517847,0.270285684502882,0.3100916313158845
118,adam,118,119,0.009163770777849137,1,0.015209010638280233,0.001643848567973376,0.02908465526114471,0.0025378963816089914,1,11,,0,2.3150390156712266e-09,-3.7806136335526634,-0.08093225527493478,-0.6381028509989853,0.0008284244299966181,0.008619070873092367,0.00923936519223004,0.015209010638280233,0.007374627510821269,0.002425529557108182,0.2685171037986012,19.359740615119218,0.2706017887061379,0.3103394844303158
119,adam,119,120,0.009072133070070645,1,0.017624880786542108,0.0018144124281849374,0.026804033678448465,0.0025981267800111404,1,30,,0,4.576010275449656e-09,-12.164310725756936,0.004360377161991911,-0.6372120364995734,0.005903834831426186,0.00960629815191442,0.01033507210898614,0.017624880786542108,0.008427497645838548,0.0026355709332164146,0.29337957079383514,20.831704939370493,0.27099158268680135,0.3106182763123214
120,adam,120,121,0.008981411739369938,1,0.01674116273123608,0.002331529088065053,0.056275813673297814,0.002482160306971912,1,9,,0,2.9448437004972946e-10,-12.209954707911873,0.004027582625724622,-0.6363393165327205,0.0068541813528082435,0.009528128078369327,0.010223266768294378,0.01674116273123608,0.00864639452664542,0.0026697759950771666,0.29734126782168546,20.98371554556879,0.27144883992811325,0.31092368748810606
121,adam,121,122,0.008891597621976239,1,0.016501466859918483,0.0017859045001220493,0.0289353931174979,0.0024838802675018266,1,9,,0,6.363277830991206e-11,-12.004713075403684,0.0030728513064580726,-0.6349929903507381,0.01800378255003403,0.009535084121096713,0.010226287319108669,0.016501466859918483,0.008813277061705779,0.002710803129945095,0.30109862738229787,21.187017544940783,0.2719224174299255,0.3113418271427641
122,adam,122,123,0.008802681645756478,1,0.015787260702646272,0.0014822720952185333,0.022999809867256023,0.002286264785081766,1,6,,0,2.590528132698414e-09,-11.526792326381077,0.0003737020714048117,-0.6351227386864068,0.005153649717277668,0.009648597469023093,0.01034531050387198,0.015787260702646272,0.0090061926025384,0.002720244998243938,0.30153995416710067,21.138364174913878,0.2724214880530041,0.31156140766562684
123,adam,123,124,0.008714654829298913,1,0.015745619531591346,0.002460227892223,0.05046109376613285,0.0025736722605522655,1,4,,0,4.7619709173406336e-09,-11.000911857877842,0.0007817219221921569,-0.6335373407493272,0.008382773515654814,0.009530229553734731,0.010243672187231146,0.015745619531591346,0.008996147408374015,0.002696750096546243,0.29951835751608047,20.962379927991353,0.2729394493018907,0.3118868167410491
124,adam,124,125,0.008627508281005922,1,0.016557432071897523,0.0018501626590050637,0.03166812937290208,0.002404306199439613,1,15,,0,2.7108518601400064e-10,-10.129015777117555,0.009001248758959857,-0.6320101167006988,0.014938358828075359,0.009317557135385743,0.010072244220076191,0.016557432071897523,0.008845933027120723,0.0026578791771166422,0.2948309387715087,20.79296786346103,0.2735704000387885,0.3123875887261812
125,adam,125,126,0.008541233198195863,1,0.015391612051648036,0.002299053565199626,0.043396856186335625,0.002296372687669552,1,8,,0,4.1273994039485193e-10,-9.495208079349908,0.03079976367267872,-0.630556400406201,0.01313512891552135,0.008827390208291456,0.00954029764879583,0.015391612051648036,0.008384731945838381,0.0026204127643989204,0.2899137527893131,20.567991415515195,0.2741804922264409,0.31294554015990655
126,adam,126,127,0.008455820866213905,1,0.014367884052775363,0.0023740947918441902,0.02099934155455553,0.002341758521031344,1,5,,0,2.262446458022163e-09,-8.979280573187335,0.024768174218606782,-0.6292768860366219,0.008609212471879731,0.008469915600694706,0.00912807532568854,0.014367884052775363,0.007939478376534899,0.0025886550301752525,0.2850770589997639,20.388414600004655,0.2748389198629425,0.3135714407036901
127,adam,127,128,0.008371262657551766,1,0.014184371044423195,0.002318799184713687,0.03880336170642613,0.0023096827885092284,1,20,,0,6.91836743177681e-11,-8.510032685939233,0.0018472833003063576,-0.6274905817902894,0.0009504528960559917,0.00804952421864967,0.008629104631512776,0.014184371044423195,0.0076277903270873925,0.002547804109685945,0.2797402233329756,20.09815145575799,0.2754029632088553,0.31419355677029187
128,adam,128,129,0.008287550030976249,1,0.01385744525687289,0.0013737536246750809,0.02303191122425685,0.00227363268895171,1,12,,0,1.1460145901291273e-09,-8.122462889730384,-0.005435062026918862,-0.6259141942893311,0.0035684490547132526,0.007606406473965543,0.008195075760538358,0.01385744525687289,0.007217640479302437,0.0025513189478607342,0.2800332424903669,20.084213513036367,0.2758906841030801,0.31479510977226116
129,adam,129,130,0.008204674530666487,1,0.012859673340759074,0.0014393069072565026,0.017878593596829084,0.002218173591198644,1,12,,0,1.56369954456947e-09,-7.683762228223289,-0.008065626537574179,-0.6232280635596065,0.007569247586429749,0.007560857428510649,0.008135837185402011,0.012859673340759074,0.007090664297306619,0.002535467961434263,0.27918046136953606,19.84308813332302,0.27628975761504726,0.3154001140751588
130,adam,130,131,0.008122627785359821,1,0.012443729080554187,0.0019507288916167163,0.030421802691500896,0.002386526376558082,1,17,,0,6.992502411590225e-10,-7.243200591230179,-0.005348264833128497,-0.6232880452903271,0.010461659698744373,0.007490046851390276,0.008043055773442904,0.012443729080554187,0.006888869165974095,0.0025286667656201226,0.27925331453879254,19.88212894426703,0.2766215701781754,0.316038883381008
131,adam,131,132,0.008041401507506223,1,0.012888254054910182,0.002432462995925588,0.032853816784007006,0.002479207961911022,1,7,,0,3.37863957117876e-09,-6.995529468971449,-0.0022878983351221215,-0.6204940920297922,0.012472857128235143,0.007547075649164077,0.008031923664914955,0.012888254054910182,0.006598612372088223,0.0025185961077949593,0.2781355009424437,19.679016320014828,0.27689885467162506,0.3165913957837192
132,adam,132,133,0.00796098749243116,1,0.014490713414698334,0.004770831481928046,0.12710141465864583,0.0023600051697694993,1,21,,0,4.8375165889046665e-11,-7.062081407314794,-0.0036366052164814398,-0.6180155785104823,0.013657347154442325,0.007774385571067193,0.008255699365950818,0.014490713414698334,0.006714343472854329,0.0026026400663016155,0.2880795608411218,20.527864637399393,0.2772852729378996,0.31718612895508014
133,adam,133,134,0.007881377617506848,1,0.014057932506993902,0.000822461170942414,0.011146094749005932,0.002542985370611308,1,4,,0,7.137968442583041e-09,-7.010910146968969,-0.005079928911082214,-0.6158063822818314,0.014458969213760397,0.007576978611897758,0.00805041036274366,0.014057932506993902,0.0062927145725127035,0.0025962540679987027,0.2874288222458251,20.510017695148157,0.2776633307654638,0.3178032815215012
134,adam,134,135,0.0078025638413317805,1,0.016411674605641694,0.0028138351240081694,0.05860350252689585,0.0024524221187683048,1,7,,0,2.7363477612938514e-11,-6.927725419518471,-0.005324110999324239,-0.6138506895656664,0.014808098598627596,0.007549442067049394,0.008067730402550296,0.016411674605641694,0.006047576325162501,0.0025669581149359647,0.2833310513274758,20.285455572681133,0.278002682038929,0.3183503186052208
135,adam,135,136,0.007724538202918462,1,0.0149021771025983,0.002836065220830048,0.059763262940932316,0.0022138879393055763,1,4,,0,9.689403870348851e-10,-6.839428511405249,-0.006653037893457665,-0.6121332217456493,0.012534798513758137,0.007316338966814889,0.007828395998651183,0.0149021771025983,0.005875735068913773,0.002559840677414578,0.28163383476169734,20.24031668410268,0.2783987499289825,0.3187984386583181
136,adam,136,137,0.0076472928208892775,1,0.013781183441912091,0.002162434406591178,0.026926441954851377,0.0025820810331594404,1,4,,0,5.185946616530703e-09,-6.998397649099003,-0.007314643979387231,-0.6106335047725957,0.002992989932598339,0.007030152182788704,0.007558152153810877,0.013781183441912091,0.005750198032087774,0.0025466049188978975,0.27892928839514836,20.105382401778193,0.27886185449104,0.31918728527372764
137,adam,137,138,0.007570819892680385,1,0.012460936491792614,0.002446711339889396,0.030880918657968607,0.002308974250229583,1,7,,0,1.6412970184040113e-09,-7.3401613052645684,-0.007017004536646187,-0.6090551443427489,0.009779806189779612,0.00676130169047609,0.007287219531110796,0.012460936491792614,0.005740205909569048,0.0025162988376229434,0.27444191866568235,19.87295548607825,0.27927302182914937,0.3195794130341574
138,adam,138,139,0.00749511169375358,1,0.012545915067688564,0.002013550346196262,0.0365809966656232,0.002386106786065526,1,15,,0,3.222628882992881e-09,-8.32098642814679,-0.005779525756035805,-0.6073596957912962,0.012353466168368495,0.006666152657776829,0.0072848998519890506,0.012545915067688564,0.006112281543352376,0.0025928253661903185,0.28045208236552926,20.474625818886057,0.2796776876807947,0.32000596379173357
139,adam,139,140,0.007420160576816045,1,0.01454862323327881,0.005836196125399421,0.10694958835923662,0.002016420892604797,1,7,,0,6.481294406179401e-09,-7.916229352529288,-0.0016341992194879623,-0.6058059647718198,0.001969688014033744,0.007030235643088498,0.007816656590246775,0.01454862323327881,0.006500256182433935,0.0026180893699102666,0.28222746640987884,20.549030978995514,0.28009904850393913,0.3204687465495597
140,adam,140,141,0.007345958971047884,1,0.014678454898271312,0.008609525683068522,0.231646529935278,0.002032465025100768,1,13,,0,2.9353438258636014e-10,-7.434952602882556,-0.0029592398730585146,-0.6065403960215797,0.0010497670932645448,0.006978118265349289,0.007648729145535999,0.014678454898271312,0.006370019209971988,0.0025840775751968573,0.27983538727499513,20.505469823307347,0.2804248587057866,0.3208961232590836
141,adam,141,142,0.007272499381337405,1,0.013644005639009804,0.00284322132195925,0.06343802184137998,0.0021312649671365864,1,29,,0,3.2910952017344816e-09,-7.009559281006822,-0.01676553768291866,-0.6076186648508238,0.0028073804721276147,0.007614854599715544,0.008319337970030139,0.013644005639009804,0.0067355030755268976,0.0027050906413414576,0.2912099680103492,21.367286506270467,0.2807801136816033,0.3214010601520666
142,adam,142,143,0.007199774387524031,1,0.013337368233152864,0.002070650978754086,0.03828408229879658,0.0020460034642314287,1,8,,0,1.427753409927667e-09,-6.622424424701038,-0.015030749588713027,-0.6088565000264624,0.0029145733340595063,0.007446791605121014,0.008124796753938169,0.013337368233152864,0.00636873209372066,0.002714132064918617,0.2931905313787053,21.500812937145135,0.2811264859866113,0.32197406744990376
143,adam,143,144,0.00712777664364879,1,0.013720438558438701,0.0020003214018304446,0.022811707534645863,0.0019704861553055363,1,16,,0,1.03387535795846e-11,-6.510919239988525,-0.01304007890950316,-0.6116001762321179,0.006320304314831465,0.007269916421371845,0.007949929834038161,0.013720438558438701,0.006135005959717296,0.0027152797546084687,0.2943980651573053,21.6374619687386,0.28144785912947884,0.3225359909218945
144,adam,144,145,0.007056498877212303,1,0.012889499321040736,0.0014613229748855034,0.02203727255818591,0.0018360735189818646,1,5,,0,4.427490727262955e-09,-7.556150802804274,-0.009587641060392723,-0.61301604876303,0.0013652894834903046,0.007156694952342799,0.007775367206906139,0.012889499321040736,0.005960835577922179,0.0026987630259447475,0.29379522922534185,21.61218750714558,0.28178051034847135,0.323041333089759
145,adam,145,146,0.00698593388844018,1,0.01235368943785381,0.003884536559871668,0.06649476758439753,0.0018649925505938609,1,26,,0,1.0955109419370596e-09,-15.171728690869026,0.007087679936847669,-0.6194134134121432,0.004666350627998526,0.0070618867715554695,0.0076797248024896795,0.01235368943785381,0.005980018480291376,0.002678310371832723,0.29548278171684,21.71902051354135,0.28214484580983895,0.3235733510239479
146,adam,146,147,0.006916074549555778,1,0.01839469176318972,0.001961866709913037,0.03904839850614151,0.0019635404643507724,1,17,,0,1.740223158630447e-09,-18.21442127439159,0.00038148252909208237,-0.6251024239241731,0.005068064788318841,0.007562830795553414,0.008282777075762459,0.01839469176318972,0.006602361506206621,0.0025904391093310715,0.29621111866708,21.493373368382198,0.2827869192575508,0.32424072838544915
147,adam,147,148,0.00684691380406022,1,0.01712653222728295,0.0016541750497172595,0.02554148313055437,0.0019936656283417852,1,21,,0,8.813651758864442e-09,-18.352633777724723,-0.004620936802613495,-0.6301972121822054,0.000293917084094587,0.007546481704350942,0.00830372536396808,0.01712653222728295,0.006615615101314141,0.0026055308664720803,0.2989058764073943,21.74375675672673,0.2833339895575946,0.32485508223674686
148,adam,148,149,0.006778444666019619,1,0.018055843404603554,0.002114793937926691,0.02345065091020279,0.002177284325514172,1,14,,0,4.303368189189196e-09,-17.501221693004148,-0.005880845693845435,-0.6347591647037003,2.9925900678489584e-05,0.007364027828450868,0.008153129272418546,0.018055843404603554,0.006475700971023257,0.002572585914295102,0.29831001199492113,21.6626283166983,0.2838371575018361,0.3254500214150426
149,adam,149,150,0.0067106602193594215,1,0.015292003198762125,0.0023241143165051966,0.030996659342161836,0.0018995756834444873,1,15,,0,2.65642394481873e-09,-16.399570447461954,-0.00518242535459807,-0.6388471860753934,0.002084587611642104,0.0070148548318975795,0.007718979795670604,0.015292003198762125,0.006346577521041163,0.0025289251112531694,0.29798614580929184,21.62793493520903,0.2843281190720324,0.32596874431467515
150,adam,150,151,0.006643553617165827,1,0.014155608003116587,0.0022449359905538824,0.03861197464531893,0.0019418330856609026,1,4,,0,3.911176220246405e-09,-15.382784365383703,-0.006240774035370136,-0.6425116841679342,0.010145612115786648,0.00699043897724868,0.007685650710733196,0.014155608003116587,0.006481881623700465,0.002532073354137792,0.2984477172342115,21.710673227379672,0.28480511128039515,0.3264162444831462
151,adam,151,152,0.006577118080994169,1,0.012588905777526938,0.001570369250749096,0.016284527092669115,0.0019105401697367224,1,12,,0,5.138270677905299e-10,-14.305348315856795,-0.02593897165383919,-0.645904726780204,0.007926237078807246,0.007014809433655981,0.007659632333445754,0.012588905777526938,0.00656432847836018,0.002554015893596583,0.2989998995914873,21.76620126487031,0.2851392145910954,0.3268531841788685
152,adam,152,153,0.006511346900184227,1,0.01757813251532437,0.00702684000637127,0.14560787906749617,0.001873497051907097,1,25,,0,3.817499402169556e-09,-13.111429740461837,-0.09779013730383807,-0.6491290806025618,2.4927136693799245e-05,0.007409912378357082,0.008179882969508683,0.01757813251532437,0.007251727918962546,0.0027948385678036036,0.3247841906497398,23.3340898234259,0.2855850420336498,0.32732745184354406
153,adam,153,154,0.006446233431182385,1,0.013966858567812141,0.0035417363518151566,0.04347137891650616,0.0019312116407327526,1,6,,0,9.781459615589735e-09,-12.276411088850013,-0.0964940171342418,-0.6520136669713733,0.0024027964258683853,0.007288476099491088,0.007836206374923892,0.013966858567812141,0.006888689356022854,0.0025122539533963774,0.2982413997333941,21.462070744133595,0.28610100233770036,0.32789226839879615
154,adam,154,155,0.006381771096870561,1,0.014350440031521899,0.0029215198086676546,0.06447961680550565,0.0019145650759644398,1,19,,0,2.3733821509592333e-11,-11.52898417009927,-0.09019012331564771,-0.6545958384381942,0.001362324873289373,0.007210892293395623,0.007717810409371846,0.014350440031521899,0.006881923682216773,0.0024747353317086302,0.29397224794839333,21.325465195206963,0.2866251020601207,0.3284670361983367
155,adam,155,156,0.006317953385901855,1,0.012030323619150931,0.01716014912630192,0.45269799628128693,0.0018604946766909054,1,16,,0,8.7180677110465e-09,-10.876013144983968,-0.09492969763633304,-0.6533154007826594,0.0001930057731592266,0.007199877251944332,0.007561621862726546,0.012030323619150931,0.006390743471157344,0.002430075980576212,0.2880152260488142,21.04279523465301,0.2870804130135545,0.3289040528334821
156,adam,156,157,0.006254773852042837,1,0.01191230897666479,0.002700168442755546,0.05725641716806785,0.001933552406059557,1,10,,0,1.9700827908808453e-09,-10.310631171544586,-0.07435990447764491,-0.652134579917893,0.0012390116260940366,0.006749717543850874,0.007149827283279788,0.01191230897666479,0.005969096436901116,0.002518559919417863,0.29611094716704195,21.483807255788374,0.28746305927191934,0.32928915758778265
157,adam,157,158,0.006192226113522408,1,0.015881322544206555,0.005155594476258727,0.12702549164920782,0.0017219896900851322,1,21,,0,5.770524941382599e-10,-9.837833940237457,-0.06902370658941433,-0.6511836340191899,0.0002518761894601936,0.0067324792693321265,0.007230460016491291,0.015881322544206555,0.005855730347683674,0.0026084634080048544,0.3041578499838363,21.693483249147977,0.28792661294222577,0.329721762741882
158,adam,158,159,0.006130303852387184,1,0.011586789731628336,0.002269031007209314,0.03189716988125893,0.0017393575657637982,1,14,,0,2.8836698273437913e-11,-9.444620136808021,-0.08589428867258851,-0.6503494591164932,0.0006393009941465396,0.006286368757233487,0.006774188006453938,0.011586789731628336,0.0054837287341687095,0.002563734178685361,0.2963639344672826,21.465734403921893,0.28836165018433785,0.330035972823965
159,adam,159,160,0.006069000813863312,1,0.011548114421944079,0.002354412441607934,0.03514726199015165,0.0018488645574993353,1,20,,0,6.389972977795937e-09,-8.795049862155722,-0.11546440210420679,-0.6497826013279883,0.002917317952404312,0.006564446076980923,0.006965424655386404,0.011548114421944079,0.005574265274262021,0.002585482594099762,0.2993582204617001,21.860099801000942,0.28888482855853104,0.33039731439252906
160,adam,160,161,0.006008310805724679,1,0.011398911915000995,0.0031352171059709413,0.03008693392171237,0.001569338189757331,1,5,,0,1.5468845279903747e-09,-8.787988093466694,-0.12080968679392645,-0.6492374710752095,0.0017554086636519493,0.006562670752309169,0.0069748772318711265,0.011398911915000995,0.0054803369267821265,0.0025773661355818545,0.29816526096308116,21.79139641004399,0.2893074820895,0.3307469083680533
161,adam,161,162,0.005948227697667433,1,0.010945715157955388,0.0020999962540705326,0.035520804064176494,0.0016458276209268344,1,8,,0,7.686783007422808e-09,-9.581132222938269,-0.12823148086016634,-0.6495408720908885,0.0028446558365298447,0.006544221251992328,0.006912194983467051,0.010945715157955388,0.005564448147876131,0.002663408024454408,0.3044909229527154,22.311771186885903,0.28958914325339113,0.33098646409434335
162,adam,162,163,0.005888745420690758,1,0.012105022527296278,0.002665312873221907,0.03995002856905603,0.0016790757839317153,1,8,,0,8.236159139279272e-12,-10.392690986757046,-0.13742418766202794,-0.6497608644303136,0.004628680393897899,0.006732452037818424,0.007190317029828725,0.012105022527296278,0.005899128828895099,0.0027135487267366458,0.31129058573564744,22.54585660247875,0.28983504032872465,0.33124614556131027
163,adam,163,164,0.00582985796648385,1,0.011050993677981721,0.00320067194598288,0.04925309703085363,0.0016895590706635637,1,5,,0,7.104250871355325e-09,-10.540178938785258,-0.14116391567041703,-0.6496840812939266,0.0030206738055354736,0.006444419490693296,0.006915484317834299,0.011050993677981721,0.005734884029408258,0.002701987413673651,0.3094952702423026,22.529187604691,0.2900346314407181,0.33152188563964485
164,adam,164,165,0.005771559386819012,1,0.01082319155115135,0.0026920317001361688,0.067349595695989,0.0019347625728857274,1,15,,0,6.315928208203575e-10,-10.521102179875374,-0.12297522217274588,-0.6496592020113027,0.000953131988805506,0.0062748992977918,0.006752582277337901,0.01082319155115135,0.005594631452664166,0.0026954238432886466,0.30758364940647037,22.483744230732103,0.29021684344024157,0.33174785685910957
165,adam,165,166,0.005713843792950822,1,0.011218901421120944,0.002060691876551375,0.022626081651937698,0.0017910143282139804,1,6,,0,2.9278134581968867e-10,-10.468837029311098,-0.12831674017527173,-0.6474895241967911,0.0011372561777827771,0.006092416624209265,0.006556681356525327,0.011218901421120944,0.005399118938712892,0.0026560914338581323,0.30318020047003935,22.197513960050173,0.29040772432737166,0.3319765840343972
166,adam,166,167,0.005656705355021313,1,0.01143463051245909,0.003337682844512655,0.061288602311759616,0.0016513593970202034,1,5,,0,1.445177587336312e-09,-10.38359297093956,-0.09535846973796644,-0.6454287525585249,0.004129446456597064,0.006011827703256054,0.00645196043490795,0.01143463051245909,0.005191332194341893,0.0025956384798755706,0.29773218829386405,21.724778093823616,0.2905549819888221,0.3322291011509602
167,adam,167,168,0.005600138301471101,1,0.012499251560605721,0.003375396376173388,0.04678746147209575,0.0015715889743561588,1,11,,0,1.1886525824360466e-09,-10.278917234633504,-0.11607300499368955,-0.6436567695435217,0.00407380963557574,0.005973993265391818,0.0063834912765794475,0.012499251560605721,0.00505393365409119,0.002608409881603416,0.29728661750571606,21.70859518060642,0.29070303725280117,0.33236061382787724
168,adam,168,169,0.005544136918456389,1,0.011236924680762065,0.0047886177032138945,0.08506368400795962,0.001389502351897738,1,5,,0,1.3471088763491594e-10,-9.70865193368364,-0.11948649817185276,-0.6418481849042853,0.0056444050198137695,0.005750699183925728,0.006140523301381059,0.011236924680762065,0.004937889298036601,0.0025947684736656977,0.2942667082390978,21.589942096204414,0.29088984808842144,0.33244268540662963
169,adam,169,170,0.005488695549271825,1,0.01041570818434819,0.0015205080939110973,0.023492831821918955,0.0015409691825593417,1,9,,0,8.078805854459015e-11,-8.33936667661674,-0.12389744053270392,-0.6400160781888086,0.013183501547380154,0.005595450222408126,0.0060108243556051995,0.01041570818434819,0.004970314147891963,0.0025667388655560277,0.28986691782683105,21.45578634103703,0.2911088933618347,0.3324914346659215
170,adam,170,171,0.005433808593779107,1,0.01069003728473059,0.00441474044542095,0.0997844663566411,0.0014342414026561898,1,22,,0,7.066152689930647e-09,-12.006298253891766,-0.1316812353491453,-0.6379836351000008,0.007239537700114855,0.005866597653072801,0.006317474251823428,0.01069003728473059,0.005148772340285791,0.002489957938301503,0.28569078471103093,20.64965507206434,0.2913312780075935,0.33259588180400906
171,adam,171,172,0.005379470507841316,1,0.010309509939171568,0.0016484955487968288,0.024468519787364085,0.0013564502097997738,1,5,,0,3.3912345486401766e-10,-14.023380942232137,-0.1345988585412737,-0.6363920869418048,0.0014890799477214898,0.00567641930441168,0.006122395028256319,0.010309509939171568,0.004943170545814153,0.0024730322664605815,0.28261539716239625,20.58461328359629,0.29149113986065994,0.3327168892021562
172,adam,172,173,0.005325675802762902,1,0.010048421686244284,0.0023512499475168633,0.05212544907283411,0.0012990676243827225,1,4,,0,2.1091886736367022e-10,-14.690930047553595,-0.13688850845665815,-0.6350618459589856,0.0037914073915436726,0.005462108048010502,0.005902012235384173,0.010048421686244284,0.0047126091645157495,0.0024739850858209087,0.2814859212113719,20.610931557731497,0.29171715987833663,0.332918125268749
173,adam,173,174,0.005272419044735273,1,0.00914971207955062,0.0025453671968364328,0.04138708705223488,0.001282920469949883,1,4,,0,1.8249577243331365e-09,-14.767264508243374,-0.13970648351510842,-0.6339412799858846,0.008491812664547889,0.005277361681611352,0.0057085138752188515,0.00914971207955062,0.004553580288971916,0.0024729548518157398,0.2807378644797513,20.59770296487973,0.2919320940767703,0.33304249562914323
174,adam,174,175,0.00521969485428792,1,0.008937343875501574,0.002196982683652208,0.02839132598513562,0.0013736126374352046,1,5,,0,1.185052849516709e-10,-15.247421926055551,-0.13138564905205471,-0.6331434925084546,0.012631911856025994,0.0051110514777320485,0.005537068307276326,0.008937343875501574,0.0044092003717235775,0.0024848486349535004,0.28152231246599024,20.684723877750464,0.2921398711354755,0.3331258878265798
175,adam,175,176,0.0051674979057450415,1,0.009258145787447568,0.002113250076601226,0.03570578022813723,0.0014240787703755247,1,5,,0,7.823553656482368e-09,-14.590599577995551,-0.12396993638077175,-0.6390622622770554,0.010923239707326341,0.005170772791822033,0.005565319480790939,0.009258145787447568,0.004410216804448631,0.002490603396676431,0.2817360405775625,20.69775962104714,0.2922388753700944,0.33317945626689455
176,adam,176,177,0.00511582292668759,1,0.010201173646449119,0.0029794350080041203,0.04798923369675498,0.0013258308129052846,1,4,,0,1.455972921605637e-09,-15.43881067120932,-0.11412443061201,-0.6437758898953331,0.014155790173003061,0.005110962723710478,0.005476623041096273,0.010201173646449119,0.004316640037495008,0.0025034996790552996,0.2823278429046776,20.768992070386304,0.29234773472494985,0.33326350437973695
177,adam,177,178,0.005064664697420715,1,0.009685138846252129,0.002634007599762709,0.04622718262680758,0.001133662721573072,1,6,,0,5.0468339665526124e-09,-14.834771212673175,-0.1300594404239693,-0.6479508251283196,0.01035776037400806,0.005030730642335282,0.005392041115707049,0.009685138846252129,0.004239322225067741,0.002477536462119299,0.2809672769239693,20.71262142947314,0.2924539694932938,0.33336234308566387
178,adam,178,179,0.005014018050446508,1,0.00994074074480967,0.002557697203937987,0.038729244538716935,0.001209661538990303,1,12,,0,3.832201427201198e-11,-13.574349315096068,-0.13895321971060265,-0.6516486188354659,0.004245841077222228,0.005037154069310521,0.005413131545278762,0.00994074074480967,0.004248723022913278,0.0024833668507986723,0.28096304935345107,20.72556782415543,0.2925498076451399,0.3334710225678177
179,adam,179,180,0.004963877869942042,1,0.009018784196836226,0.002631230795910661,0.04164526277890429,0.001182299772580952,1,4,,0,1.7645677192180608e-10,-13.895422534797909,-0.13955136254795697,-0.6548534765845352,0.0057783179544195935,0.00489608272940732,0.005279338849376762,0.009018784196836226,0.004222224549802032,0.0024798720663058486,0.2803391820575003,20.69216637785866,0.29261521316865585,0.33358054539230575
180,adam,180,181,0.004914239091242623,1,0.009248631003340852,0.0029479776213117625,0.06591393523592505,0.0013431879021985219,1,5,,0,1.8504727474648252e-09,-15.084503300078014,-0.1346883369070995,-0.6576314232207531,0.012839712994369428,0.004857409440553799,0.00529227727372488,0.009248631003340852,0.004252953436572948,0.0024772486500388565,0.2800324920263995,20.659401096111775,0.292663456347757,0.33369823650532376
181,adam,181,182,0.004865096700330196,1,0.009522295207267379,0.0040355713916196525,0.0862754040940629,0.0012734989307176738,1,5,,0,4.126787141941194e-09,-15.535484499272155,-0.1254691633274222,-0.6603121130491784,0.016143433077141348,0.0047326385922234395,0.005190063870286177,0.009522295207267379,0.004093606873769474,0.0024721099467560686,0.2794678448253096,20.631093561298982,0.292718081022943,0.333878639500275
182,adam,182,183,0.004816445733326894,1,0.009741535544855297,0.006597123244861433,0.16892425969987324,0.0011211489914050219,1,8,,0,5.512635177894485e-09,-15.170485499316463,-0.11025424609835209,-0.6627369064434155,0.008978086755073677,0.004596228865901487,0.005007455280691556,0.009741535544855297,0.003995519119635978,0.0025039460035943106,0.28159911279908956,20.828380087569997,0.2927437312492667,0.33402159417625066
183,adam,183,184,0.004768281275993625,1,0.008742193571882658,0.0018641523532586385,0.03506318900972841,0.0011848419281567859,1,7,,0,6.034520715541149e-11,-14.682731339622368,-0.08982822960203736,-0.6648989700793625,0.014713040649248917,0.004515218779623928,0.004912332098325358,0.008742193571882658,0.003937741682287284,0.002481820271421865,0.2792682425274609,20.634057839485127,0.2927563845319205,0.33411752009388096
184,adam,184,185,0.004720598463233689,1,0.008635656711260651,0.012465745403983016,0.34768157161796687,0.0011213138481038234,1,5,,0,1.2170050375897873e-09,-14.398720090396415,-0.0730242560013335,-0.6668376304167654,0.0217356492955398,0.004428145070837793,0.004811463686276559,0.008635656711260651,0.003925755659312929,0.002473184214622343,0.278299164108509,20.540900778970986,0.29275531689147577,0.3341365987156936
185,adam,185,186,0.004673392478601351,1,0.008903121389250025,0.003023430643194671,0.05447693752974336,0.0012260047408044867,1,5,,0,1.7791446275126357e-10,-14.343858301011446,-0.05995399845485924,-0.6690174488535485,0.01704349898900648,0.0043305113288919705,0.004724470192294721,0.008903121389250025,0.003897621151835153,0.0024200895989797146,0.27449246083041173,20.031683886821707,0.2927616631627794,0.3341077863311581
186,adam,186,187,0.004626658553815338,1,0.008998785054485075,0.0029532827593505007,0.04734127478261296,0.0010131363170351175,1,8,,0,2.377444767412641e-09,-14.03145503320295,-0.04634054738034265,-0.6725170927665521,0.009969217695844391,0.004318669815990408,0.004728188155537891,0.008998785054485075,0.00386869048167598,0.002387588446352626,0.2721440905568774,19.681868829456782,0.29285788298065013,0.33417792873554025
187,adam,187,188,0.004580391968277185,1,0.009188759048648274,0.002718950584819834,0.04365095067221711,0.0010880956267299098,1,4,,0,4.256338428931661e-09,-13.712529398585678,-0.0339989309679294,-0.6767531777317383,0.004047168453884091,0.004317082093232853,0.004724954391121359,0.009188759048648274,0.0038456434979533753,0.0023670975965619893,0.27017907201196006,19.472466681795996,0.29302222998224525,0.3343287133796617
188,adam,188,189,0.004534588048594413,1,0.00894942034397494,0.002430055532043882,0.04123453003180456,0.0009350969314525775,1,4,,0,7.913972675587111e-10,-13.455505351116988,-0.02798181209708727,-0.6804862411970712,0.0012099958243167014,0.0043273862140896496,0.004719131904754336,0.00894942034397494,0.0038565445912877193,0.0023458143880000946,0.26843028366433247,19.28242668896177,0.29314144636116507,0.3344406315880308
189,adam,189,190,0.004489242168108469,1,0.011878535417700347,0.0034675520500046996,0.07938726134756205,0.0010092546173508083,1,13,,0,4.2520251994677294e-10,-13.26905230633876,-0.026917700564459253,-0.6837539994039495,0.0008770409850364144,0.004703189808063422,0.005228602458768358,0.011878535417700347,0.004257263210011028,0.0025010556761599872,0.28597753843698737,20.622624762620454,0.29322592061711855,0.3345408515685882
190,adam,190,191,0.004444349746427384,1,0.011118378766568258,0.0034711999917159705,0.07843879901425982,0.001081834427100617,1,4,,0,3.509200826981437e-10,-13.109033056779609,-0.027038813889471738,-0.6942216199543755,0.0007478237340534581,0.004698549832272629,0.005199878070437226,0.011118378766568258,0.00423379572303975,0.002470273806705597,0.2832146457666411,20.36910499872295,0.2933733506474259,0.33471997181603663
191,adam,191,192,0.00439990624896311,1,0.009497481209496022,0.0034308203037279068,0.07630543736684967,0.0012725240504776576,1,6,,0,3.5765078651401765e-09,-13.091510372180027,-0.028872494590577173,-0.7093707379828377,0.0021816714435594427,0.00470811476699424,0.005162594980673752,0.009497481209496022,0.004149937318279063,0.0024364842796680184,0.2800306968581947,20.14437192825921,0.2935757163270858,0.33496310685243114
192,adam,192,193,0.004355907186473479,1,0.009823877743721189,0.003084650621952634,0.05817400676888996,0.0014789339161092767,1,7,,0,1.3276171717563332e-09,-13.09569257976399,-0.025931748611812196,-0.7278015472244691,0.0031920302026578226,0.004821289200822477,0.005318374160346938,0.009823877743721189,0.004213331407995963,0.0024107022347362385,0.27833615365460107,19.982148720973747,0.29382846134056373,0.33526095623924995
193,adam,193,194,0.004312348114608744,1,0.009623903392550084,0.0014089392864537918,0.0316189413086817,0.0013195182302517747,1,5,,0,1.23429011217428e-10,-12.864902418537042,-0.01698094284870335,-0.7443284925457769,0.00036198443684371196,0.004685660355611214,0.0051248270938577855,0.009623903392550084,0.004071733106782174,0.0023820532385886717,0.27499486207247886,19.785859855733506,0.2940588736786688,0.33552675392307485
194,adam,194,195,0.004269224633462657,1,0.00955216124705185,0.0013916983267444926,0.03180102646592109,0.001138807306186226,1,6,,0,6.14672426483068e-11,-12.60544898660329,-0.019272212325105165,-0.7596433204255106,0.0022876978566441714,0.004561092843145524,0.004980047644795085,0.00955216124705185,0.003927762140810868,0.002359999038842966,0.27205827138639044,19.67900596218273,0.2942800261352005,0.3357432444290268
195,adam,195,196,0.00422653238712803,1,0.009243013127641994,0.0013762050639710669,0.03130297262032829,0.0010425342807126065,1,4,,0,4.906465972188378e-12,-12.471431918756997,-0.015987950771840776,-0.773872593121565,0.004648353371567609,0.0045356916380319455,0.00496278721886848,0.009243013127641994,0.00391795588037292,0.002342399925743111,0.27061648202687527,19.632087437285914,0.29448930144391744,0.3359155159177096
196,adam,196,197,0.00418426706325675,1,0.008742588551935946,0.0013638135360725587,0.03023549127630798,0.001013879718911657,1,4,,0,3.520420897031281e-12,-12.358250593683286,-0.013163756870476261,-0.7871367751029535,0.006645206861328749,0.004538960772162127,0.00496125103153071,0.008742588551935946,0.003925619914333798,0.0023263216129574063,0.26943107325283533,19.634216141101415,0.29468611602854483,0.3360489046888992
197,adam,197,198,0.004142424392624182,1,0.00848047862056953,0.001502902996174961,0.02700648220094239,0.0010324826033013556,1,4,,0,1.856605103084218e-12,-12.26124487157892,-0.010678502819285736,-0.7995579014748053,0.008231986948540054,0.0045498191658550026,0.004967738506135674,0.00848047862056953,0.003945151120607421,0.0023119347123937255,0.26842988563102754,19.692390221339625,0.29487069342827205,0.33614864743362105
198,adam,198,199,0.00410100014869794,1,0.008873341630220494,0.008497886314760813,0.23734815792149858,0.0010041805204717964,1,4,,0,2.3904481406422624e-12,-12.178614631353524,-0.008524664303248327,-0.8117710854662432,0.009558216030291966,0.0045930703551816275,0.004993948376049626,0.008873341630220494,0.003973515589779878,0.0022985205378024233,0.2670207699995355,19.533191004680717,0.29499998223033064,0.3361825161652014
199,adam,199,200,0.004059990147210961,1,0.00853238967863844,0.0010629455866272206,0.009105147564441265,0.0008349675587437197,1,3,,0,7.657053963416703e-10,-12.107149169564735,-0.00927288546073669,-0.8200992988313154,0.004848182683005399,0.004581945930114778,0.004970736938414795,0.00853238967863844,0.003943918720741153,0.002261603235978678,0.2635456117136219,19.2193364681323,0.29511133282544644,0.3361431852069011
200,adam,200,201,0.004019390245738851,1,0.008263645925854012,0.0015253935977094775,0.018518129431359484,0.0008230391687956547,1,3,,0,6.830366088527306e-10,-12.046170852783895,-0.009929611881150633,-0.8271263145941804,0.0007964284127951643,0.004549606548183948,0.004928715413096017,0.008263645925854012,0.003890880141887358,0.0022305569014587794,0.2604310007629146,18.956125553797776,0.2952214397764027,0.33613418007570534
201,adam,201,202,0.003979196343281463,1,0.00791900262093188,0.0010663004069746656,0.009166337657410317,0.0008245057794643647,1,3,,0,1.5159152475152897e-09,-12.013013883889858,-0.010600296227576302,-0.8333307491101324,0.002223878906269263,0.0044763819434345,0.004846133493040247,0.00791900262093188,0.0038225838143855747,0.002210620521193683,0.25831469000775586,18.77309601313816,0.29538452018642414,0.3361960448150423
202,adam,202,203,0.003939404379848648,1,0.00788956669177246,0.0021518251065262566,0.030088808114914323,0.0009081465862645354,1,3,,0,9.326929864368725e-10,-11.985535242280351,-0.011178104958291097,-0.8384988816768748,0.0010593494701101446,0.004397465054035283,0.004762732838874314,0.00788956669177246,0.0037411320344950937,0.002194495879459034,0.25647435078632685,18.629567716916956,0.2955403789388597,0.33627641059028135
203,adam,203,204,0.0039000103360501614,1,0.007569430137707458,0.0005636042057023967,0.009560854794427923,0.0008811476168164945,1,3,,0,1.5928742370138356e-09,-11.958135018777227,-0.011588746703308324,-0.8431612266064057,1.8571916604711452e-05,0.004269765083736895,0.004632496707449927,0.007569430137707458,0.0036178863344876657,0.0021843972966960577,0.25518413678505264,18.538156328157847,0.2956866373805999,0.3364101375470408
204,adam,204,205,0.00386101023268966,1,0.007573599321090128,0.0022184004235122332,0.03650836103552613,0.0008959059610058492,1,3,,0,9.224014724782239e-10,-11.933511338990746,-0.011975123117310634,-0.8473400313241287,0.000987259448735485,0.0041710048005067024,0.0045347302340639425,0.007573599321090128,0.0035203312344992328,0.0021754712411561814,0.2539358458883497,18.466090872981816,0.29580571092804037,0.3365176547627183
205,adam,205,206,0.0038224001303627637,1,0.007171913373909171,0.0022330232396736926,0.036823460291954914,0.0008386599052900676,1,3,,0,5.320527099361876e-10,-11.917742744895301,-0.012072797621618855,-0.8511206145607645,0.0018890165807985348,0.0040926999187911196,0.004461231772108375,0.007171913373909171,0.0034419321698665574,0.002163528133276973,0.2525095095369501,18.381227521589913,0.29588266047768885,0.3366004971319165
206,adam,206,207,0.003784176129059135,1,0.006940060012071781,0.0005633076207332219,0.00986556640653172,0.0009271632181008779,1,3,,0,3.8685207125782173e-10,-11.91006167980182,-0.011904600721439878,-0.854544074847267,0.0027279193504243333,0.004038889679572642,0.004422254534782541,0.006940060012071781,0.003380411767262467,0.0021493296236886196,0.2509646039507099,18.290320940458276,0.2959241200840803,0.33666242768520654
207,adam,207,208,0.003746334367768544,1,0.007568705763086922,0.002037361191835711,0.03098773042794116,0.0010112491168605283,1,3,,0,8.737566092084277e-10,-11.90334385693553,-0.01177349109689109,-0.8576120890541469,0.0034815344894417338,0.004021339891430485,0.0044158483277663115,0.007568705763086922,0.0033348360501720847,0.002137029299091194,0.24954695858223946,18.230888152859986,0.2959547486970958,0.3367098052929833
208,adam,208,209,0.0037088710240908585,1,0.007640921239525048,0.0020432634196568206,0.03045730623487726,0.0007882225194534772,1,3,,0,4.360349599471694e-10,-11.891175284098841,-0.012360948742725038,-0.8603172828717984,0.004127496791945956,0.003991691882338702,0.004392968104456378,0.007640921239525048,0.003299985616797573,0.0021313682319356116,0.24874653628784907,18.225821509729226,0.2960186783780521,0.3367705354213318
209,adam,209,210,0.00367178231384995,1,0.007315754856040841,0.004351258457994211,0.10191705337107947,0.0007809496467182474,1,3,,0,1.1080402494170243e-09,-11.873777444392072,-0.013495715752066234,-0.862697896434336,0.004679172822980587,0.003946945652916803,0.004347736445162105,0.007315754856040841,0.0032729587479610554,0.00213067351704568,0.24840564077150357,18.238467454781848,0.2961107902679826,0.3368431530720932
210,adam,210,211,0.00363506449071145,1,0.006771418935453917,0.0014181133184025647,0.019933547938435017,0.0008352411198150826,1,13,,0,1.972638570782115e-09,-12.73701601553349,-0.014457705533036954,-0.8647026251139223,0.005096171611959105,0.0038612838337832417,0.004249313022665811,0.006771418935453917,0.0031610422834060666,0.002093278114834626,0.2455498653742422,18.16979343071731,0.2962462633938589,0.3369586445731202
211,adam,211,212,0.0035987138458043358,1,0.007548607881726731,0.0075548646366269965,0.18664043178641618,0.0008316961790601212,1,3,,0,1.5271406153830675e-09,-12.879190372614362,-0.015186934222986928,-0.8663870650265686,0.005512444994281199,0.003777069064980122,0.00415862464599945,0.007548607881726731,0.003090499113822581,0.002104407928739872,0.24637877047822607,18.229041333570276,0.29636489646259473,0.33712880729584516
212,adam,212,213,0.0035627267073462927,1,0.006879240002170808,0.0017721779877386094,0.02379777078828423,0.0008329460735260647,1,3,,0,1.4567396504173244e-09,-12.987738816558862,-0.015823962156227278,-0.8678175811883063,0.005836208795954558,0.003744632880227826,0.004098247792261024,0.006879240002170808,0.003034558111897174,0.0020810277310440895,0.2442666515850611,18.08123756403351,0.2964956230727607,0.3372549404392551
213,adam,213,214,0.0035270994402728296,1,0.006934259557702395,0.002062498554882914,0.032273739106502636,0.0007152210160004568,1,3,,0,2.8486244127477422e-09,-13.069373564164577,-0.016204790492470474,-0.869161042156218,0.00616033242343423,0.0037311065401511257,0.004068432813157571,0.006934259557702395,0.0029925136362211066,0.0020638729322462477,0.24261319530452688,17.964937446258805,0.2966096830008341,0.3373933921703635
214,adam,214,215,0.0034918284458701015,1,0.0066369366450052605,0.002283442846103328,0.037345397564715097,0.000758431053998604,1,3,,0,2.877061569168184e-09,-13.144917153733354,-0.016512671862574307,-0.8704905501087693,0.005720800472696293,0.0037153483344410684,0.004036289322706046,0.0066369366450052605,0.0029432052487920976,0.0020493731647146397,0.24089251972919065,17.8561471629672,0.2966575760247511,0.33741519142770254
215,adam,215,216,0.0034569101614114,1,0.006478755706775875,0.0014824111279162118,0.01649067974832441,0.0007138879756299866,1,3,,0,3.2408199369809245e-09,-13.227422486901729,-0.01676080216513509,-0.871721706531385,0.0038947299060781604,0.0037135543382042038,0.004024195283532711,0.006478755706775875,0.0029172633955684554,0.0020373825341550348,0.23946577060480304,17.767170316025346,0.2966724094824131,0.33741881143137886
216,adam,216,217,0.0034223410597972862,1,0.006768465084147148,0.004279480947664998,0.1101492251270809,0.0006456848773753415,1,3,,0,2.271203605163648e-09,-13.299078686794632,-0.01708428688171454,-0.8728183171139531,0.002342032621453538,0.0037336174773621783,0.004039723646854209,0.006768465084147148,0.0029193664215400503,0.002029360356923309,0.23845920554974195,17.70279411284982,0.296682442979564,0.3373798992169067
217,adam,217,218,0.003388117649199313,1,0.006265557569633199,0.004233011709834444,0.10857767818795064,0.0006286768079539723,1,3,,0,1.749657735059901e-10,-13.4189186765559,-0.01734340295760293,-0.873690200352039,0.0027772013985907346,0.003706261537225203,0.004009258349285394,0.006265557569633199,0.00287722006289186,0.002021984082608329,0.2377758083650634,17.653275879029522,0.29672553506971294,0.33739942302326775
218,adam,218,219,0.00335423647270732,1,0.006431403783154815,0.0017050240410514787,0.021131872727680003,0.0007336739028411886,1,3,,0,1.3902934079748367e-09,-13.580834102618823,-0.01754640629449408,-0.8743670675880838,0.004890338409897101,0.0036563993168132955,0.003960978659202007,0.006431403783154815,0.002807668200952413,0.002015650911488196,0.237435915705081,17.61766206423788,0.29679863965507797,0.3374717593594509
219,adam,219,220,0.003320694107980247,1,0.006427098665232347,0.002384676938014106,0.029907512779731818,0.0006658715179083853,1,3,,0,4.175381177790551e-10,-13.720897444703626,-0.017727178951900537,-0.8750334789949767,0.005992236349731125,0.003622571940705111,0.003924755575061307,0.006427098665232347,0.0027576079103763195,0.0020109930130107517,0.2371490258207599,17.585039198351698,0.29685675010394946,0.33755773684016455
220,adam,220,221,0.0032874871669004444,1,0.006619744571382926,0.0022755659495309077,0.0403466409836495,0.0006613001486265106,1,3,,0,8.555794267162335e-10,-13.848414364479424,-0.017886420307974982,-0.8757949195496852,0.006467905019871336,0.0035760887934304557,0.0038756284610553713,0.006619744571382926,0.0027358501202991194,0.002009176107148608,0.2370740111396469,17.561077522296348,0.296872677822933,0.3376163468639402
221,adam,221,222,0.0032546122952314396,1,0.006453420958413315,0.002246996919663867,0.039942361842943155,0.000577259331916544,1,3,,0,4.6170003632992157e-10,-13.959587401302317,-0.017760381332156582,-0.8764557015965648,0.006946187678966779,0.0035499552691237095,0.003848142432604921,0.006453420958413315,0.002735769461393869,0.0020094108583348603,0.2370945042973796,17.532876494532395,0.2968953366150087,0.3376615458202285
222,adam,222,223,0.0032220661722791254,1,0.0063439281518905604,0.0014275145487372184,0.017414822836603127,0.0006218473452403625,1,3,,0,3.116162203383019e-10,-14.056103333924172,-0.017413375951866483,-0.8770272173878817,0.007425794827983149,0.003538511525543214,0.003838435736773863,0.0063439281518905604,0.0027501803675307785,0.0020109588316143115,0.23715096716501272,17.4990530837237,0.2969238540634569,0.33769527951534023
223,adam,223,224,0.0031898455105563344,1,0.006283909112587899,0.00218873038511598,0.03703902381461653,0.0006315847538000427,1,3,,0,1.9441634561251426e-10,-14.143967612461037,-0.017096719077170454,-0.8775390028588894,0.007554473967614203,0.0035199692532125204,0.003823950323272949,0.006283909112587899,0.0027690533980361492,0.0020106244836063836,0.23711620982597847,17.460807131303582,0.2969873708777617,0.3377093149992328
224,adam,224,225,0.0031579470554507706,1,0.0065799483602473645,0.005959359366265711,0.14846616125036383,0.0005083631172832804,1,3,,0,9.177938515200964e-11,-14.229984150428772,-0.016745255578868752,-0.8780303956892015,0.006764621293560447,0.0035195292032392054,0.0038264562863204216,0.0065799483602473645,0.002796498243524588,0.002008868631801516,0.23703630754782656,17.423169832556592,0.297026186440331,0.3377145445774135
225,adam,225,226,0.003126367584896263,1,0.006759779522454854,0.002758728968614786,0.043580255099175375,0.00045133058571774856,1,7,,0,2.079605697889148e-10,-14.206343567904169,-0.016457985364627507,-0.8784722657993055,0.006057732374577254,0.0035282773867250836,0.0038178076269223616,0.006759779522454854,0.0027795564908793032,0.002004900074560674,0.23626295901445116,17.42101848314163,0.29705603276395304,0.3376714042445984
226,adam,226,227,0.0030951039090473006,1,0.006218799329695462,0.0021633621893874643,0.037324460645974285,0.0004793768155276036,1,3,,0,5.513435721824649e-10,-14.096391368786744,-0.016244424359475724,-0.8788482469773818,0.00541526487502204,0.003509776076964857,0.0037911110448077207,0.006218799329695462,0.002747899255459875,0.0019920978507550605,0.23491095549388627,17.33415027864722,0.2970645976137407,0.3375843576761447
227,adam,227,228,0.0030641528699568276,1,0.006084261850603447,0.001508935437414793,0.010861696635103987,0.0004933170166100716,1,3,,0,4.938158536139847e-10,-14.004426974201893,-0.015969965352067732,-0.8792163432125059,0.0048574340960013404,0.0035021943284877398,0.0037847929309761962,0.006084261850603447,0.002730414118316003,0.001979795818731773,0.23369441238906927,17.255678300041485,0.297055007353044,0.3375006142389588
228,adam,228,229,0.0030335113412572594,1,0.006303525124535682,0.0015115439435957982,0.01276021083503832,0.0005570496761103125,1,3,,0,4.765703800908275e-10,-13.911124096404595,-0.015687886673725886,-0.8798569803222115,0.004409797423571296,0.0034887000807243213,0.003764315422674922,0.006303525124535682,0.00271793819328867,0.0019685173748205183,0.23248596863041066,17.183305521366137,0.297047948118063,0.33739987468273736
229,adam,229,230,0.0030031762278446865,1,0.006207971850127705,0.0015274608822329473,0.013039423333575233,0.0004924060094317752,1,3,,0,4.41347797453273e-10,-13.819204120608822,-0.01548518397082142,-0.8803475173313257,0.003968019608494061,0.0034668409299903795,0.0037345522949327413,0.006207971850127705,0.002699238786413218,0.0019598401205643077,0.2316095771567351,17.124551909111737,0.2970888933528043,0.3373559293083514
230,adam,230,231,0.0029731444655662397,1,0.006009416949078221,0.0019454632177896584,0.025523074454249214,0.0005440929115451322,1,3,,0,6.567428826837484e-10,-13.724436812204079,-0.015355335750681945,-0.880704588035577,0.0035312119364569287,0.003434937139595433,0.003694076652431175,0.006009416949078221,0.0026726490420579405,0.001953208318490022,0.23100468459257,17.076347796327884,0.29717170522643294,0.3373612510177918
231,adam,231,232,0.002943413020910577,1,0.00589861285442279,0.002210698765722447,0.03853390552352201,0.0005765622396987566,1,3,,0,2.0702908491041437e-09,-13.616360054778433,-0.015549006504755198,-0.8809893623514221,0.0031229496194475634,0.0034100430466991833,0.003659456523521805,0.00589861285442279,0.0026509106934501873,0.0019498157388028162,0.23072135200004865,17.04747408492341,0.29727153155326075,0.33738483502497385
232,adam,232,233,0.002913978890701471,1,0.0059189302023295726,0.0022332219049948678,0.038831333017071985,0.00043919450108271515,1,3,,0,7.849081709191301e-09,-13.522939299996398,-0.01560993323917799,-0.881276925135528,0.0027760825609168802,0.003399444132712233,0.0036467586904947065,0.0059189302023295726,0.002636480763585696,0.001945182624758003,0.23037884572623837,17.01448364131814,0.29734156948045715,0.33739797845137093
233,adam,233,234,0.0028848391017944567,1,0.006071349932680442,0.0014547536670399498,0.015486098054865387,0.0004480793761585622,1,6,,0,2.119515893295027e-09,-13.402787983977504,-0.01563808008645548,-0.8815678331954346,0.002484739665388658,0.0033938171148422697,0.003641908195451413,0.006071349932680442,0.002623112874775449,0.001922716684106625,0.22798296322426087,16.679009193912965,0.2973841814987503,0.337400263562225
234,adam,234,235,0.0028559907107765124,1,0.00592728511238392,0.0014599845517993008,0.0157767535056384,0.0003988980967041795,1,3,,0,2.6812653052287378e-11,-13.373862133379399,-0.01574265751593635,-0.8818219189348683,0.0022215443434439944,0.0034022779083533483,0.0036526539360962063,0.00592728511238392,0.002630043390809947,0.001919921375485562,0.22782268514932758,16.670390333206146,0.29742445984662924,0.33737139535149163
235,adam,235,236,0.002827430803668747,1,0.006003160877961367,0.002213629208408377,0.041981010334723956,0.00044159161223264806,1,3,,0,2.1038402720109066e-10,-13.351157681812555,-0.015872507302781082,-0.8820426068886956,0.001983178695843533,0.0034146748398649145,0.0036695658419937877,0.006003160877961367,0.002646461582881162,0.001917085631821995,0.2276898217989906,16.660308014667713,0.2974626480040296,0.3373163927273382
236,adam,236,237,0.0027991564956320594,1,0.00584466465964797,0.002158144461409734,0.041151549187689096,0.00041951030340047667,1,3,,0,1.3945706987772611e-10,-13.323296916353087,-0.01570523086688022,-0.8822227039368407,0.001760720631290905,0.0034251471908379417,0.0036846902867350437,0.00584466465964797,0.002661271288040568,0.001914483109899657,0.22748514530003594,16.638509848603412,0.2975039899769906,0.3372624174202777
237,adam,237,238,0.0027711649306757387,1,0.00601970501344901,0.0019178599064041877,0.032890573774753684,0.0004961603935897254,1,3,,0,1.0461844473671462e-10,-13.29113758273155,-0.015278905454642925,-0.8823676545704334,0.0015530180779883668,0.0034345854855536676,0.003703708830484696,0.00601970501344901,0.0026739249073492437,0.0019119754912521605,0.22720541567969596,16.606022888225045,0.29754723796024357,0.33720907834305325
238,adam,238,239,0.0027434532813689814,1,0.00611919710077153,0.0019026672192029473,0.03296540967516156,0.0003304450435439282,1,3,,0,1.6307926440330892e-11,-13.270382410092347,-0.014900797423819187,-0.8825220350317865,0.0013816696268743615,0.0034464902668911814,0.003723354928713144,0.00611919710077153,0.0026839820648347263,0.0019083997997440926,0.2268562372929413,16.572962044573153,0.2975706886769842,0.33716516883926234
239,adam,239,240,0.0027160187485552917,1,0.0060501637079368046,0.0019629232652642486,0.027576444629447684,0.0003059068709555055,1,3,,0,8.460227249928771e-11,-13.259747067000836,-0.01459930754543346,-0.8826845804531613,0.001242754487721017,0.003457739382216915,0.0037381006568078206,0.0060501637079368046,0.0026916333339430335,0.0019039289181626638,0.22644551228697762,16.53950191679248,0.2975763046658763,0.3371289284933761
240,adam,240,241,0.0026888585610697385,1,0.005970672632413982,0.0021037775065740052,0.02241217631574391,0.0003422450253070235,1,3,,0,2.838993755284732e-11,-13.243850784430181,-0.014354959433318376,-0.8828929248076584,0.0011548881957748152,0.0034580692192045424,0.003735994376741366,0.005970672632413982,0.0026977075290956437,0.001899174056159332,0.2259299892039248,16.50402306328036,0.2975578284844565,0.3371021848155788
241,adam,241,242,0.0026619699754590414,1,0.006037957505973543,0.0019958296231912683,0.028913035698955022,0.00044311947227144587,1,3,,0,3.791744811291634e-11,-13.23040178660232,-0.014100557776640009,-0.8832095397681611,0.0011572269673365968,0.0034687678048219224,0.0037364383296043715,0.006037957505973543,0.0027066930771444345,0.001895272808485923,0.22542542699319515,16.46647405134595,0.2975109214139591,0.33706515505907614
242,adam,242,243,0.0026353502757044504,1,0.0059722219813454335,0.0015994828822306925,0.02160316118008599,0.0003714988875777542,1,3,,0,1.8748697537373898e-11,-13.20227635333497,-0.013976842886838644,-0.8834601439475684,0.0011403824947414064,0.0034797172727794555,0.003739587623142962,0.0059722219813454335,0.002712829445552793,0.0018941111001810835,0.22522768517828792,16.449922759816562,0.29749363113817123,0.33705223406317036
243,adam,243,244,0.0026089967729474063,1,0.005815483446287555,0.001990471213169809,0.029028771861999134,0.000422080441785291,1,3,,0,1.753388531786217e-10,-13.164487532788133,-0.013852670711152957,-0.8837714680479898,0.0012611016629337575,0.0034683082141525844,0.0037185153320853192,0.005815483446287555,0.0026756026258682067,0.0018931530075991074,0.22504763029352767,16.43203737934806,0.2975273713729849,0.33708921617178517
244,adam,244,245,0.002582906805217932,1,0.005662875052620096,0.0019088784828734469,0.03341022416450753,0.00047106360413312707,1,3,,0,1.1572829893250791e-10,-13.111042429499502,-0.013747740557677676,-0.8840179764826043,0.0013498940626049951,0.0034547765442291723,0.003703191741458475,0.005662875052620096,0.002643505638377274,0.001894614513536377,0.22514350087202983,16.433112251166065,0.2975813730143423,0.33714159234832003
245,adam,245,246,0.0025570777371657525,1,0.005862665742598068,0.002655523235435897,0.02796009272783166,0.0003964761771669363,1,3,,0,6.631134662065627e-11,-13.070625039386723,-0.013611249379884458,-0.8842615994347157,0.0014434745807576524,0.0034559634576395892,0.0037050209510977833,0.005862665742598068,0.0026173592237410596,0.0018949113106462559,0.22516694471731682,16.431766707157916,0.2976156768959254,0.3371922257014306
246,adam,246,247,0.002531506959794095,1,0.00569535203287997,0.0017605514188409061,0.022096922020219366,0.00041999501289030286,1,3,,0,9.762045430810964e-11,-13.067631840508168,-0.013401011756764556,-0.8843253647156997,0.0014266875664497225,0.0034411930537426704,0.0036853465898457607,0.00569535203287997,0.0026190194345068656,0.001896033655568644,0.22535235548839017,16.4418102604763,0.29765769363910055,0.3372290617197201
247,adam,247,248,0.0025061918901961543,1,0.005688259731463678,0.002184426087159091,0.03953465689808823,0.000464257501536914,1,3,,0,8.25841858090131e-11,-13.07157044968827,-0.013137196050137658,-0.8844311703487968,0.0033227271744705666,0.003408967024314488,0.0036459259809613442,0.005688259731463678,0.0026178466306293145,0.0018961505943442193,0.22533277009811564,16.44330386728716,0.29764029352671856,0.33725575820023446
248,adam,248,249,0.0024811299712941925,1,0.005719838822786382,0.002587538880652064,0.05094415979531565,0.00045309694219374756,1,3,,0,7.000731233178144e-11,-13.092361965382517,-0.01313659675767537,-0.8845560216692654,0.005032073565511813,0.0033920799967207572,0.0036312088674746996,0.005719838822786382,0.002627088254602453,0.0018952856109481016,0.2252726320871562,16.442754422883496,0.29760746734147414,0.3372718229803177
249,adam,249,250,0.0024563186715812505,1,0.005591065675089624,0.002083178432182809,0.04080587838499758,0.00044270124503538086,1,3,,0,8.589662679479837e-11,-13.135692023056944,-0.01335902888659042,-0.8845689673025939,0.00651128618850775,0.0033515513411912297,0.0035932151236896396,0.005591065675089624,0.002612527138653482,0.0018930366097587718,0.225235005855757,16.43452097587598,0.2976099455903837,0.33732286893797747
250,adam,250,251,0.0024317554848654385,1,0.005515770818251499,0.0020670671533126422,0.04051856974099213,0.0003857535736021021,1,3,,0,5.211984975630308e-11,-13.166291038383148,-0.015748148033839452,-0.8845689775625979,0.00782716882159966,0.0033141253089190997,0.003559465093047435,0.005515770818251499,0.002599902481034988,0.0018905481479362602,0.2250748289207352,16.41230448533699,0.2976138769781469,0.3373597109160989
251,adam,251,252,0.0024074379300167838,1,0.005426799169493878,0.0021889138640701633,0.03963049555441757,0.00042044027203293134,1,3,,0,3.835132128369618e-11,-13.185991432958938,-0.017794566172363174,-0.884557723590511,0.008997568221537982,0.0032802893913429837,0.0035296737332914164,0.005426799169493878,0.0025885800093399833,0.0018878484847163915,0.22480563767184983,16.378158448806087,0.29761932141774455,0.33738431205112307
252,adam,252,253,0.002383363550716616,1,0.005496339811591247,0.002753361200960025,0.049126962346170415,0.0003410095764390917,1,3,,0,2.36199845704517e-11,-13.220005625807302,-0.019580049345964436,-0.8845782074013311,0.01005509047442231,0.003259305162243502,0.0035174310490351207,0.005496339811591247,0.002584503111026459,0.001884372355147372,0.22450656035771324,16.345064734328478,0.297606792436272,0.3373988258122812
253,adam,253,254,0.00235952991520945,1,0.005512743216587551,0.0016387044361750292,0.013402961542132465,0.00041168642675212135,1,3,,0,1.2764835204197194e-09,-13.260878573488899,-0.02085561397271302,-0.8845686541293921,0.01082032896890734,0.00327831223193027,0.0035273997284243587,0.005512743216587551,0.0026023968733614572,0.0018783628713262795,0.22391141016968819,16.309814102587843,0.2975439593733724,0.3373433152601677
254,adam,254,255,0.0023359346160573553,1,0.005343318953578829,0.002182687254434314,0.039733354256735263,0.0004125389695383912,1,3,,0,8.803711438810276e-10,-13.28144280882245,-0.021941770430820656,-0.8845021642759845,0.011482389308422112,0.0032891306675084837,0.0035316900109758605,0.005343318953578829,0.0026162609812033534,0.0018748491003143122,0.2236044236005593,16.289540004241815,0.2975154706696507,0.33732690085568284
255,adam,255,256,0.002312575269896782,1,0.005405394618301461,0.0019909351895383343,0.031331321832100634,0.0003785908620158506,1,3,,0,4.687753259507447e-10,-13.314728903008238,-0.022909523829782993,-0.8844728834153601,0.012083977087591543,0.0033106439646863207,0.003554211803787951,0.005405394618301461,0.0026402203555321298,0.0018708810836362258,0.2233168440933614,16.26980083387189,0.2974732841626229,0.3373054420602562
256,adam,256,257,0.002289449517197814,1,0.0053921013948593655,0.0014721934340657262,0.016937642138457124,0.00034011415951146364,1,3,,0,2.5933178852071515e-10,-13.329244749184726,-0.023747194169911338,-0.8844171017955461,0.012611556119282077,0.0033266809737591213,0.0035734000629648703,0.0053921013948593655,0.0026656632237882123,0.0018693409856125542,0.22329025316118878,16.26679610183812,0.29745542982806267,0.3373026194707553
257,adam,257,258,0.0022665550220258355,1,0.005501844905281134,0.0016208181735602716,0.019842628463858956,0.00032616198514555806,1,3,,0,1.4420997204919778e-10,-13.344007095891,-0.024480291806012525,-0.8843549834946317,0.013079081934755146,0.0033453691768929464,0.0035970618634119265,0.005501844905281134,0.0026970230161589225,0.0018679098132184592,0.2232960518026128,16.2625820161663,0.2974466270545716,0.3372813426317591
258,adam,258,259,0.0022438894718055775,1,0.005461465534499221,0.0021674874836893534,0.0394376819135747,0.000277431681328861,1,3,,0,3.2231743321276202e-12,-13.346751831133618,-0.02518871576542616,-0.8843856311887522,0.013555705823468557,0.003338620911528118,0.003589744896500829,0.005461465534499221,0.002688414778184261,0.001866666354293372,0.22331725137760042,16.255858595775326,0.29748827390887966,0.3373075610531019
259,adam,259,260,0.0022214505770875217,1,0.005476186316894024,0.0014656339817833647,0.014068571412976107,0.000250078277617081,1,3,,0,7.7804478685833e-12,-13.36368878010238,-0.025822283105959624,-0.8844429577630505,0.013990059866926302,0.003332824949083795,0.00358829140946838,0.005476186316894024,0.002683801494643173,0.001864477612020588,0.2232705039826594,16.247065401240704,0.297508320278973,0.3373232311912033
260,adam,260,261,0.0021992360713166464,1,0.0055280976545510905,0.0027787846674543534,0.03720814009302345,0.0002780591372770711,1,3,,0,7.786269208507707e-12,-13.377166464103109,-0.02638433560431724,-0.8845139560375518,0.014382685491016373,0.003313577102146302,0.003569333637790802,0.0055280976545510905,0.002658902725089483,0.0018614104521555062,0.2230793616624728,16.227192988782633,0.2975232386378495,0.33736886201630983
261,adam,261,262,0.00217724371060348,1,0.005261652770014954,0.002767469005636222,0.03735872876282726,0.0002825562698334138,1,3,,0,4.561611864988304e-11,-13.354979158851421,-0.026903592327554834,-0.88464761079907,0.014753579052079559,0.0032971967180539306,0.003551195823992731,0.005261652770014954,0.0026361046715144376,0.0018562119251658508,0.22262043410783414,16.19843681426708,0.2975184196222577,0.3373864525454011
262,adam,262,263,0.0021554712734974447,1,0.005375775787910888,0.0019083488732396338,0.02932022075680317,0.00036808630219055356,1,3,,0,6.576507502949201e-10,-13.301677503447708,-0.027385486219780087,-0.8848369592733623,0.015105499943548994,0.0032886114562680905,0.003538457250092366,0.005375775787910888,0.0026166220351110073,0.0018494253824529023,0.22196203609350096,16.16419903936095,0.29749658866056916,0.33737960244452225
263,adam,263,264,0.0021339165607624703,1,0.005339140318538288,0.0021997836857852436,0.044386577087999646,0.00033711900151253243,1,3,,0,4.879405367800693e-10,-13.237379800071915,-0.02780008670895301,-0.8849781572599091,0.01541091707155894,0.0032763239513269485,0.003525108945253358,0.005339140318538288,0.002601035053324082,0.001845412139267783,0.22160075281517486,16.150990749270708,0.29749576787716725,0.3373889027572197
264,adam,264,265,0.002112577395154846,1,0.00535894176525461,0.001431208693438643,0.011739174203565602,0.0003372892113712627,1,3,,0,7.144323351359347e-10,-13.167712911584367,-0.02816098344721831,-0.8850900931808046,0.015483006636171935,0.0032605730938628074,0.0035111117215174867,0.00535894176525461,0.0025881657769167817,0.0018421414409170408,0.22126281038981607,16.136161718196906,0.29750044303094625,0.3373936242698385
265,adam,265,266,0.0020914516212032974,1,0.005198613787139119,0.002103617838067881,0.038934896591517165,0.0003702849438603311,1,3,,0,3.2995433431977578e-09,-13.106969395539732,-0.02849624712759643,-0.8849622381076596,0.014890486692265024,0.0032335469871185183,0.003479727395535595,0.005198613787139119,0.002559179509577947,0.0018394703658687539,0.2210258829290929,16.128052853915676,0.29750046485166465,0.33743267777547065
266,adam,266,267,0.0020705371049912643,1,0.005596822514618603,0.0019593472616778866,0.02264644367913742,0.00030952981699726055,1,10,,0,2.883285918347368e-10,-13.076766386115935,-0.028803308091020278,-0.8848743613731196,0.01434124038257863,0.0032890254464064354,0.0035424385360626727,0.005596822514618603,0.0026065924370465353,0.001859926266226428,0.2235001265701537,16.364617909218083,0.2974859644328814,0.3374623969069083
267,adam,267,268,0.0020498317339413515,1,0.005224700784952503,0.0019494835665999685,0.023164386407503512,0.0003586126186161035,1,3,,0,2.5795470218006268e-11,-13.031763094999171,-0.02912022249012232,-0.8848988290497793,0.014052250975467896,0.0032547630519119113,0.0035032817019624565,0.005224700784952503,0.0025832582883031827,0.0018573199521391699,0.22313487765250237,16.344251706839334,0.2974611096936915,0.3374884051927684
268,adam,268,269,0.002029333416601938,1,0.005181253010535219,0.0015308623224681275,0.01838789716827005,0.0004573529101657068,1,3,,0,1.414539203645648e-10,-12.972641131888652,-0.029445762337457264,-0.885022109289295,0.013965004334372335,0.003223848371442669,0.0034658389304023833,0.005181253010535219,0.0025584642695172383,0.0018551005051141941,0.22276799923654847,16.324595101563748,0.2974284735303095,0.3375122489889611
269,adam,269,270,0.002009040082435919,1,0.0052642413413354575,0.0017132714233913345,0.013566965379911974,0.00040438800245017065,1,3,,0,9.23235605482785e-11,-12.919991909390312,-0.02972760884352421,-0.8851166592838084,0.013962997421155745,0.0032066858594883645,0.0034459859022410383,0.0052642413413354575,0.0025429950833753346,0.0018531819945679859,0.22247351969121967,16.30640631038487,0.2974085285185724,0.337520048245964
270,adam,270,271,0.001988949681611559,1,0.005186677183345823,0.0016895921669668147,0.01899201029815801,0.00037200701276802133,1,3,,0,4.432378470683553e-11,-12.850689476100586,-0.029954621728848663,-0.8851475310751755,0.012883309497404127,0.00318412004582979,0.0034237027944175264,0.005186677183345823,0.0025221242726780626,0.001852980577666159,0.2223937818087353,16.299923157388257,0.2974159357052197,0.33755512201624366
271,adam,271,272,0.001969060184795444,1,0.005290085898878891,0.0020645336630303653,0.03853024318908386,0.00037853747524474587,1,3,,0,3.046519180054639e-11,-12.78405448019952,-0.030129023140039242,-0.8851116268483569,0.011959119083219248,0.003162036213816506,0.0033997016592243524,0.005290085898878891,0.0024996546462389196,0.001853605946249419,0.22245858708193045,16.30040558025067,0.2974523708501222,0.337602694251176
272,adam,272,273,0.0019493695829474894,1,0.005286635234537372,0.0020653111443112914,0.038543773312610545,0.00030875797324281636,1,3,,0,1.8123306593851848e-11,-12.741424749432264,-0.030294549534929712,-0.885103746083431,0.011111080946872727,0.0031512099014193874,0.0033891536384319525,0.005286635234537372,0.002482486696733985,0.0018534276176834135,0.22248520651034207,16.3012989780392,0.29747273344675396,0.3376418043528183
273,adam,273,274,0.0019298758871180146,1,0.005286303181730786,0.0015055299280429865,0.020657689394874935,0.00031564307039534374,1,3,,0,1.622497814959809e-11,-12.720700037233211,-0.030452294265815846,-0.8851207815730074,0.01033161846936305,0.0031466385163242848,0.0033882661464054,0.005286303181730786,0.0024696258467140097,0.0018525148224918266,0.2224740803419573,16.30227717460426,0.29747891609577976,0.33767316408333425
274,adam,274,275,0.0019105771282468345,1,0.005241059062258625,0.0021326835631869726,0.04321930367101168,0.00028692453994649375,1,3,,0,7.438008590192623e-12,-12.718775124815455,-0.030535653081993002,-0.8850285054853902,0.009623863860555111,0.0031318214003427164,0.003373385477221889,0.005241059062258625,0.002446228509654143,0.0018523630810330007,0.22255259353183757,16.30971587942735,0.2974976312064277,0.3377369289688753
275,adam,275,276,0.001891471356964366,1,0.005205514246623448,0.0021311518666155154,0.04320281553354799,0.0002333492101282667,1,3,,0,4.0462286148775394e-12,-12.706130642070375,-0.030604676955381372,-0.8849343197934266,0.009007091387688659,0.003116389346140627,0.0033576855342288795,0.005205514246623448,0.002425827576108791,0.0018519131456043575,0.2225341574302986,16.30560674243069,0.297517451554471,0.33778923238641534
276,adam,276,277,0.0018725566433947223,1,0.005163391545874917,0.0010710752200719586,0.01564540581640541,0.0002680282279567029,1,3,,0,6.345532833929549e-12,-12.683976745178665,-0.030660994250043823,-0.8848385104288703,0.008471367124820696,0.003101544867522561,0.003341957332405763,0.005163391545874917,0.0024078673585973907,0.001851205047327561,0.222433726825571,16.29156622033709,0.2975385201064814,0.33783176364378437
277,adam,277,278,0.001853831076960775,1,0.005247317118975207,0.0020608306325035413,0.03861309762943216,0.00030577158958910766,1,3,,0,7.400533902802164e-11,-12.665814555051494,-0.03093493143071537,-0.8852385647341228,0.007988054136230419,0.0030908088508121707,0.0033299342327367414,0.005247317118975207,0.0023916927781359545,0.001848366046339072,0.22184793111930395,16.197294769026996,0.29755011295938855,0.33786441737027406
278,adam,278,279,0.0018352927661911672,1,0.005190740790334888,0.002056689378538596,0.038629271810473445,0.0002529421709479779,1,3,,0,4.433304862294338e-10,-12.666383632732757,-0.03118767699730669,-0.885618935245487,0.007536496142355751,0.0030829662831989802,0.003322931771219101,0.005190740790334888,0.0023789141580348116,0.0018450918186984709,0.2212787405150207,16.113514012605084,0.29754933749634704,0.3378903132390619
279,adam,279,280,0.0018169398385292556,1,0.005144496895189285,0.0012943852745623274,0.0152737333130432,0.0002752869452961241,1,3,,0,3.052099418784859e-09,-12.683268614709295,-0.031421291054564586,-0.8859812624783855,0.007113780521199019,0.003078597231008397,0.0033209065737241305,0.005144496895189285,0.0023689630094642223,0.0018414772792748535,0.22072742046245397,16.03921381036066,0.2975378475923959,0.33791041801193417
280,adam,280,281,0.001798770440143963,1,0.005235784939810837,0.0014880776769438542,0.017731681434686997,0.0002920516325490961,1,9,,0,3.181505766666985e-09,-12.690142057352475,-0.030741302941033877,-0.8863003595483288,0.00675018838899306,0.00305456261104952,0.0033165922982662716,0.005235784939810837,0.0023526225821812793,0.0018298722525459466,0.2193009915743154,15.919019055755102,0.29754800785280755,0.33792126933695316
281,adam,281,282,0.0017807827357425234,1,0.005235467714563863,0.0018580098501876977,0.029899804265391572,0.0003143145177892875,1,3,,0,1.8701941498559498e-11,-12.705606216443076,-0.029815820606673697,-0.886175503098826,0.006409344674805354,0.0030431043074317953,0.0033044731046116354,0.005235467714563863,0.002334982163047793,0.0018265916589759856,0.2188563981378183,15.858516728456932,0.2975465856821255,0.33794550299316944
282,adam,282,283,0.001762974908385098,1,0.005234670907039228,0.0023308283029674524,0.047351280062323475,0.00026604447015893246,1,3,,0,1.3240926754259768e-11,-12.701257598010997,-0.028950823468296957,-0.8860388029180428,0.006107189755883996,0.0030304531270294328,0.0032895481773024065,0.005234670907039228,0.002319894648567467,0.001824805445110783,0.21858728541216182,15.813385608168007,0.29755883659867066,0.337978949567148
283,adam,283,284,0.0017453451593012472,1,0.005062035583521919,0.0018500444877351276,0.030135920739263772,0.000271012327877058,1,3,,0,9.76439286362408e-12,-12.68404703385914,-0.02814996275651714,-0.8859006478162762,0.005851770443755165,0.0030172228284619696,0.0032722689914606137,0.005062035583521919,0.002306867982013608,0.0018232675588473314,0.21831643288259567,15.766704100485928,0.29757636050322994,0.3380085019198544
284,adam,284,285,0.0017278917077082347,1,0.004955862129808811,0.0020351649586918177,0.03841708352305563,0.00031488058781842726,1,3,,0,7.932799976568987e-12,-12.650805736090376,-0.02740531928284959,-0.8857525982698474,0.005625868681669575,0.0030040371497596155,0.0032556184855509385,0.004955862129808811,0.002295408176348631,0.0018229511090932223,0.21819381376263586,15.733276781944202,0.2976051770251928,0.3380464271917819
285,adam,285,286,0.0017106127906311524,1,0.005022407558806429,0.0020357926378992168,0.03828639800062603,0.0002283879617882624,1,3,,0,4.643543994259477e-12,-12.635797599280101,-0.026739120924997997,-0.8856427022134886,0.005406561804518427,0.002996300417404578,0.003247429165979694,0.005022407558806429,0.0022869633745936074,0.0018221143462631205,0.2180612022410401,15.704267575251622,0.2976211569925522,0.33807838956015906
286,adam,286,287,0.0016935066627248407,1,0.004918832320160201,0.0020312487478281057,0.038211387136189025,0.00021569394664971368,1,3,,0,2.8353267377614197e-12,-12.637444960091086,-0.026145806220584017,-0.8855671512613531,0.005193139477696427,0.002991586997661451,0.003243878275028401,0.004918832320160201,0.0022809576719138983,0.0018207696993120287,0.21791350863180955,15.67871962427599,0.29762536942139384,0.3381044176330305
287,adam,287,288,0.0016765715960975925,1,0.004993139668678903,0.0021857703953266166,0.04448035324444288,0.00026270241411615475,1,3,,0,1.0630368076019976e-11,-12.653682988039701,-0.025619496640158525,-0.8855219361716768,0.00498523836954496,0.0029906648385064068,0.003245760363976495,0.004993139668678903,0.0022769110048685877,0.0018189876078252324,0.21775313875453728,15.656318444997366,0.297619376247121,0.3381253295423043
288,adam,288,289,0.0016598058801366165,1,0.005016723359145127,0.0022049636097103173,0.044866137161121256,0.00018872926035858295,1,2,,0,9.95222110418739e-09,-12.657442856665439,-0.025137469697227213,-0.885468681704318,0.004812769902181541,0.0029890246801898444,0.003245437973162216,0.005016723359145127,0.0022730424672918505,0.0018172874200487535,0.2175580364737178,15.628450439182672,0.2976185371544701,0.33814193365814404
289,adam,289,290,0.0016432078213352503,1,0.004984407863741827,0.001561063240102842,0.021469068398436986,0.00019726522254291505,1,3,,0,1.0390273395942095e-11,-12.649903736355814,-0.024695353960919778,-0.8854079688455628,0.004671830793348442,0.002985599026513725,0.003241666590068439,0.004984407863741827,0.0022692539486890047,0.0018156451052936692,0.21733309621695168,15.595727504226229,0.2976225881876721,0.3381551964161265
290,adam,290,291,0.0016267757431218978,1,0.004859723636941567,0.0015697933256609443,0.02179124051676662,0.00019642725855439737,1,3,,0,7.36515923958453e-12,-12.650557022207991,-0.024294307849505016,-0.8853481881723554,0.004541486705715678,0.0029829634960466594,0.0032385691786319163,0.004859723636941567,0.0022697149122289577,0.0018136911476784375,0.2170818599023754,15.56248246866992,0.29763050044712236,0.33815251958615805
291,adam,291,292,0.0016105079856906788,1,0.004855390539832507,0.00038525102180405176,0.0042576641411311185,0.00024367475647361973,1,3,,0,8.858023453751102e-11,-12.658602248794228,-0.02393062054252967,-0.8852894356916168,0.004420066236975564,0.002982483822242597,0.0032372287374918753,0.004855390539832507,0.002274546262867973,0.0018114477337176635,0.21680715175383908,15.528579785886276,0.29764151826448637,0.33813623396423365
292,adam,292,293,0.001594402905833772,1,0.004957077860156786,0.0019430819746284389,0.03697838724413615,0.00022742346837240218,1,3,,0,5.5013056731249665e-11,-12.664835571755555,-0.02349548428802093,-0.8849977669832712,0.004314213847359412,0.0029842467401171445,0.0032375739062855437,0.004957077860156786,0.00227961478049992,0.0018099424725697981,0.21666218829437933,15.514518001173478,0.29764792464527073,0.33812378280684174
293,adam,293,294,0.0015784588767754342,1,0.00496721317527114,0.001716388953309774,0.022624139112311273,0.00018146619903034854,1,3,,0,5.4879501812723096e-11,-12.68294425917437,-0.02311208515647561,-0.8847569994139524,0.004203716035518511,0.0029882614962853777,0.003241274954681809,0.00496721317527114,0.002285728755733583,0.00180810558496688,0.21651408467965902,15.502771921858225,0.29764516116067635,0.3381115865083498
294,adam,294,295,0.0015626742880076798,1,0.004867582751345745,0.00339253666193586,0.08079197762609161,0.00020436756445839883,1,3,,0,4.4055294014942066e-11,-12.685105871810627,-0.022785412606324253,-0.8845842401420511,0.003978794621425358,0.0029930761094811545,0.003245762353359881,0.004867582751345745,0.0022889045823717108,0.0018057606194690355,0.21626201781211382,15.485049461853226,0.29763301502416567,0.3381059365408441
295,adam,295,296,0.0015470475451276032,1,0.004803070944288172,0.002432825961913421,0.025900883972001798,0.00019663729778343205,1,3,,0,2.5434730453596925e-11,-12.737920451639592,-0.022459370672722214,-0.8843568625432622,0.004452936189773495,0.002992127148887217,0.0032438053324839564,0.004803070944288172,0.0022866991339560217,0.0018039946514675277,0.21617234109715402,15.47410478344826,0.29763345007612624,0.3381203214141502
296,adam,296,297,0.0015315770696763269,1,0.004842493069914142,0.001883231959008334,0.020269520001997637,0.00026470831158350965,1,3,,0,1.1971031399707688e-11,-12.824396887576246,-0.0221274211237182,-0.8840599266364985,0.004719856777548823,0.0029930174539728785,0.0032404956921069255,0.004842493069914142,0.002299321309591247,0.0018023516863338528,0.21613104356498292,15.464970426470535,0.2976444240371351,0.3381257639864791
297,adam,297,298,0.0015162612989795638,1,0.0048749751454387515,0.0017482413319863687,0.023108803881356523,0.00024616779515539714,1,3,,0,4.2462236296333384e-12,-12.884897821620374,-0.021810902981762584,-0.8837518632941637,0.0050226978603724725,0.002988843918469212,0.0032335604558016355,0.0048749751454387515,0.002303898365312185,0.0018022716831937518,0.21625981739721684,15.467077958066136,0.2976684917427255,0.3381523210147217
298,adam,298,299,0.001501098685989768,1,0.004780277224207833,0.0015952725147920853,0.017035385636687276,0.00023368941275319003,1,3,,0,3.9052935613027056e-12,-12.925210198969719,-0.021542792925813126,-0.8835186574798701,0.005161963202586517,0.002988792538394758,0.003230777146918359,0.004780277224207833,0.0023075066161890125,0.0018014477590945401,0.21625573967119324,15.461269003875616,0.2976810237365091,0.33818085363665357
299,adam,299,300,0.0014860876991298704,1,0.0047624564707394665,0.0018508685497847313,0.035870279519172106,0.00023947192308141182,1,3,,0,9.061823994532197e-12,-12.946212219834946,-0.021438575379805664,-0.8834459991244147,0.005320779048396171,0.0029740391738427878,0.003213586500431052,0.0047624564707394665,0.0022945510908652087,0.0018004431869242893,0.21620905240921753,15.45187892902172,0.2977206187462414,0.33823116849835877
300,adam,300,301,0.0014712268221385716,1,0.004768591967278348,0.0019053420713648185,0.01981993109946431,0.00024014545539363007,1,3,,0,5.993047840940488e-12,-12.973645567233325,-0.021351655420013275,-0.8833967338624322,0.0054484216936907665,0.0029665223616853788,0.0032052560481894365,0.004768591967278348,0.0022856750597397696,0.0017992265527685678,0.21617044311323583,15.445524821426682,0.29775042118335987,0.3382779388157298
301,adam,301,302,0.001456514553917186,1,0.004690062919380958,0.002204770900142283,0.0444953232016691,0.00024247196080949508,1,3,,0,5.266063542535119e-12,-12.98282834164328,-0.021256802434934875,-0.8833104623551127,0.0056273052524816155,0.0029492690479882414,0.0031891243018995563,0.004690062919380958,0.0022692906600043296,0.0017994684080902084,0.21629498211377335,15.450077929649012,0.29779046101853063,0.3383400728531322
302,adam,302,303,0.001441949408378014,1,0.004677514475498263,0.001915334701554196,0.036406998985200695,0.00023318997597705028,1,3,,0,7.269584631916561e-12,-12.980954452116501,-0.021166889311536645,-0.8832210268619418,0.005799417305257438,0.0029311014167786036,0.003172980403566913,0.004677514475498263,0.0022543884457891707,0.0017997068927586837,0.21637724420216792,15.448625698773471,0.29783088866847784,0.3383949400360586
303,adam,303,304,0.001427529914294234,1,0.00465996784045414,0.0003933523052723203,0.004275284041236848,0.00020734797141019084,1,3,,0,2.43390394001896e-12,-12.989501652730416,-0.02109369810287807,-0.8831582774514177,0.005937922179862863,0.0029198945325496135,0.0031646762645042487,0.00465996784045414,0.0022440940999723822,0.0017995092404432369,0.21644159140283314,15.44844740201363,0.297860556184538,0.3384442738815611
304,adam,304,305,0.0014132546151512915,1,0.004682478252433083,0.0017466036648881688,0.02960970795601367,0.0002077549832619543,1,3,,0,1.5632924898804702e-12,-12.996268708303564,-0.02091719342351781,-0.8828847954793376,0.006063909651688858,0.002911408803872087,0.003159289813754739,0.004682478252433083,0.002236168176481954,0.0017997565722807666,0.2165838093107699,15.462665383337226,0.29788419462519106,0.3384905480703999
305,adam,305,306,0.0013991220689997786,1,0.0046652924717793896,0.0019875035661478663,0.03671205372962611,0.00019681962317799715,1,3,,0,1.5229525779824396e-12,-12.98821550572395,-0.020750582195088466,-0.8826206230870338,0.006178983031205927,0.0029016180953756773,0.0031520449153385204,0.0046652924717793896,0.002227850072317947,0.0018006940210333491,0.2167860803959676,15.480119390027392,0.2979154758640916,0.33854015743709265
306,adam,306,307,0.0013851308483097808,1,0.004638766439927462,0.002815958490380106,0.04110353560235072,0.00018046430733177152,1,2,,0,6.524608621421011e-09,-12.99312015832881,-0.020609501971692794,-0.8824038575870972,0.006265519455821262,0.002896147721048621,0.0031500548047283957,0.004638766439927462,0.0022233365680831784,0.0018010054902474362,0.216940445768492,15.495646606043112,0.2979356271371381,0.3385827792666012
307,adam,307,308,0.001371279539826683,1,0.004655157867093117,0.0017413177590722567,0.02935388363929177,0.00020172204580456553,1,3,,0,5.3758763888150474e-11,-12.95612311428063,-0.02050108965589808,-0.8822543198519943,0.00550581925281937,0.0029008893979734444,0.003156788888337503,0.004655157867093117,0.0022279699007305928,0.001800734349491587,0.2169304360953516,15.504462656307124,0.2979444681557525,0.33860521453901904
308,adam,308,309,0.0013575667444284162,1,0.004641562486914354,0.0025835472971769847,0.049945768452284545,0.00019189777277442064,1,3,,0,2.905696206371205e-11,-12.909075457967381,-0.020395743763898896,-0.8821012552194949,0.004830424040603239,0.0029057150432968974,0.0031631541577256095,0.004641562486914354,0.002232791529799594,0.0018011899411002029,0.21699317819627026,15.516636883977384,0.29796221758117314,0.3386331706798056
309,adam,309,310,0.001343991076984132,1,0.004669119772566148,0.0015864697460988163,0.02240564071609523,0.00022595969182336202,1,3,,0,8.943287837024265e-11,-12.87702265931434,-0.02014750765632425,-0.8819677971826213,0.0042025284738597055,0.0029365377205979298,0.0031867128823983926,0.004669119772566148,0.0022539233267259338,0.0018005367195827536,0.2169798633631185,15.524194610029445,0.29795565935442664,0.33862341271168434
310,adam,310,311,0.0013305511662142907,1,0.004762728676121854,0.00341379143002846,0.08326011603082589,0.00020535809644777963,1,3,,0,3.8852726124564104e-11,-12.855082671114246,-0.019922673613374253,-0.881843378533253,0.0036394177544061563,0.0029643142917008323,0.003209743774809139,0.004762728676121854,0.0022763465263566968,0.0017997251694503056,0.2169478923774109,15.528308148111293,0.2979528098659903,0.3386018866908808
311,adam,311,312,0.0013172456545521478,1,0.004681445274329028,0.0020294862705577065,0.03593055843414121,0.00021847783398962746,1,3,,0,6.692999518331703e-10,-12.817885510788132,-0.019710401536185182,-0.8817386560202133,0.003216424514942965,0.002949239357495357,0.0031840632196630395,0.004681445274329028,0.0022555408116071854,0.0017989042357444908,0.2169473823368108,15.532699191100413,0.2979391094112182,0.33859817667777775
312,adam,312,313,0.001304073198006626,1,0.0046208009073834475,0.0007992811408859993,0.007418394562902112,0.00019952995362211204,1,3,,0,9.060892804357567e-11,-12.797587950209454,-0.019527687989846547,-0.8816652709250526,0.0028218230816987313,0.0029413967568960404,0.0031738958369178865,0.0046208009073834475,0.0022475476340029655,0.0017976179793509637,0.21692171254531462,15.535606484041654,0.29791852876038394,0.33859157136189655
313,adam,313,314,0.00129103246602656,1,0.004618690920501804,0.001704462844478147,0.03148106457899332,0.00021260490990683605,1,3,,0,2.7829809874095255e-11,-12.773938171473095,-0.019360457779798678,-0.8815903887411172,0.00246362835899861,0.002932240822365666,0.0031650982565101776,0.004618690920501804,0.0022390769743081125,0.0017950664647445036,0.2166227448561493,15.515751119407867,0.2979139632808965,0.33860111244534874
314,adam,314,315,0.0012781221413662943,1,0.004622141160186381,0.0019664798114239295,0.03920661917239421,0.00021834983743229772,1,3,,0,7.527821266987493e-12,-12.758249239339566,-0.019214076781742282,-0.8815330351105699,0.002145946056498563,0.0029269636021025847,0.0031607912592408606,0.004622141160186381,0.002235927280325159,0.001792630751859171,0.21632938415894254,15.495669465166076,0.29791169393070294,0.33860838455651066
315,adam,315,316,0.0012653409199526314,1,0.0047366008702292425,0.0021066393274071665,0.025517627775644716,0.00020236670522323115,1,3,,0,2.8687226515238253e-12,-12.737857018654855,-0.01908061407618931,-0.8814749827586753,0.0018728381665069173,0.002924118562942862,0.0031583919975320144,0.0047366008702292425,0.0022353283927886228,0.0017902353571548361,0.21601699967138266,15.470917000266779,0.29791150309906755,0.3386116029320345
316,adam,316,317,0.0012526875107531051,1,0.004567436300912954,0.0015629158773655667,0.016750159303168352,0.00020814788423384936,1,3,,0,2.4760028406845177e-12,-12.710172649698402,-0.019132881623344273,-0.8813800259235456,0.001649100724294104,0.002900295637700028,0.003134344483318688,0.004567436300912954,0.0022115464073095216,0.0017875873006814073,0.21564288955072722,15.442115294264637,0.29792491391715514,0.3386462286200408
317,adam,317,318,0.001240160635645574,1,0.004558883404453647,0.0006059114140539306,0.011438515319805258,0.0002525833170854888,1,3,,0,9.105873995350435e-12,-12.693512550093528,-0.02015032210362957,-0.881301446973343,0.001433196628307146,0.002866289646973787,0.0031013996400030405,0.004558883404453647,0.0021888281452161155,0.0017843627622067665,0.21518110047347191,15.407699927165512,0.2979047901217572,0.3386606183560856
318,adam,318,319,0.0012277590292891184,1,0.0045666512723836076,0.0020094661180161595,0.034514143315668565,0.00025202625192691697,1,3,,0,6.1095350686229216e-12,-12.679716710891174,-0.021045006542492695,-0.8812335233272569,0.0012416978181650853,0.002836854243879061,0.0030736351707715396,0.0045666512723836076,0.0021693114842289553,0.001780289042315115,0.21455706203582223,15.349599185452977,0.2978861836151834,0.33867493229595697
319,adam,319,320,0.001215481438996227,1,0.004497262372365315,0.001918919902901151,0.03753426902485582,0.00023861829254852635,1,3,,0,4.543078362861026e-12,-12.68082064113694,-0.021838715749740598,-0.881192335937569,0.0010538086039763683,0.002812431437245964,0.0030533002600154377,0.004497262372365315,0.0021536788533760734,0.0017761166247702502,0.21397017533236617,15.296104433578247,0.29786145462154073,0.3386841879781042
320,adam,320,321,0.001203326624606265,1,0.004476641262897872,0.0016695865957967418,0.026855071989485516,0.00021605782840088464,1,3,,0,2.965744069670212e-12,-12.67614162789507,-0.02253614030031928,-0.881149295499893,0.000896050842769666,0.002791500567346785,0.0030357359517209355,0.004476641262897872,0.002140706418701657,0.0017721424813705187,0.21339354369765698,15.240925956521137,0.29784143930106477,0.3386895122371618
321,adam,321,322,0.0011912933583602021,1,0.004505424152053868,0.00199699255233672,0.03386540472052734,0.00019703953178137743,1,3,,0,2.101001282221407e-12,-12.659160245389815,-0.023145907839499637,-0.8810931953639828,0.000759556414657347,0.0027726449490655786,0.003019110590025203,0.004505424152053868,0.0021297918537198706,0.0017690129369130057,0.21290396956055158,15.190535421066663,0.2978324902298139,0.33870121292269134
322,adam,322,323,0.0011793804247766002,1,0.00446553928409806,0.001825802601546343,0.023509253351078487,0.0001722004994629099,1,3,,0,1.4658521249618611e-12,-12.657047016983073,-0.023690961330393338,-0.8810622446955095,0.0006208651245886327,0.0027578108350172466,0.0030079846871938648,0.00446553928409806,0.0021210364256329106,0.0017656904377676783,0.21243646550714243,15.14414718739921,0.2978163724009418,0.33870813191301347
323,adam,323,324,0.001167586620528834,1,0.004474813530900032,0.0019856435772984326,0.03342371623452937,0.00016307530035643652,1,3,,0,1.1804578266037668e-12,-12.655362679039746,-0.024159106472519405,-0.8809903831434138,0.0005751957443292202,0.0027429021199938974,0.0029946163152434267,0.004474813530900032,0.0021137082980988335,0.001763357513513656,0.21210446761657423,15.106725082124184,0.29781855298563376,0.3387233184676279
324,adam,324,325,0.0011559107543235457,1,0.004459320464077677,0.0016704312646062215,0.0267657905543104,0.00015485093422385948,1,3,,0,9.280845859476993e-13,-12.666567874177293,-0.0245798934201885,-0.8809451190495121,0.0005176652468891589,0.0027315756987277722,0.0029860971087120164,0.004459320464077677,0.002107914894302236,0.0017608063343593774,0.21178502338195024,15.072949326661996,0.2978125380791668,0.3387334320633683
325,adam,325,326,0.0011443516467803103,1,0.004456000983976629,0.001033120106077077,0.01747624348643991,0.00013922490117521423,1,2,,0,9.744750960208666e-09,-12.664319059653355,-0.02494746080475772,-0.8808874247907071,0.0004709000102101478,0.0027210075580768383,0.0029770922501662087,0.004456000983976629,0.002102912050989098,0.0017588911626706223,0.21151470765284533,15.040994562130464,0.2978154672080943,0.33874906571487295
326,adam,326,327,0.0011329081303125073,1,0.004416185268797903,0.0021690911600924694,0.03787191646491174,0.00014793642961894157,1,3,,0,1.0026164001891808e-12,-12.663790518505103,-0.02579028165948273,-0.8807745157742536,0.0004260254431110077,0.0027140498107794397,0.0029691436739538953,0.004416185268797903,0.0020984766307957947,0.0017575428650969305,0.21130656910254325,15.02229599776367,0.29781792651487554,0.33875267985120505
327,adam,327,328,0.0011215790490093822,1,0.004439205546449439,0.0016433981261006422,0.02583134763833511,0.00014897792020156906,1,3,,0,1.0980322637422478e-12,-12.67815562314172,-0.026536330340847528,-0.8806931097519233,0.0003720535346862685,0.0027099000326885193,0.002965240578432801,0.004439205546449439,0.0020959555248774952,0.0017560835990962037,0.21111467665180866,15.007676309019812,0.2978115984606396,0.33874915362661134
328,adam,328,329,0.0011103632585192883,1,0.0044345993668249975,0.0019105991085847558,0.03693803524765085,0.00013995341248466495,1,2,,0,8.792420836538307e-09,-12.679217379438418,-0.02718686216860847,-0.8806034679171076,0.0003285522840556699,0.0027056462920389164,0.0029603289091300377,0.0044345993668249975,0.002093795953329928,0.0017550842486276242,0.2109476557235109,14.991585923602921,0.29781381433006754,0.33875226111400897
329,adam,329,330,0.0010992596259340954,1,0.004417641546279853,0.0025428047325866264,0.04619018534090159,0.00013821152436778382,1,2,,0,7.581839497029546e-09,-12.674655817805863,-0.027757458261782945,-0.8805169344639545,0.0002992544773146623,0.0027014540270514694,0.0029549884578224123,0.004417641546279853,0.0020917956739959615,0.0017538709307626515,0.21072874262477223,14.967880537919173,0.2978178631848373,0.3387530484791772
330,adam,330,331,0.0010882670296747544,1,0.004407680927591484,0.0021093265420222013,0.037627926228237865,0.00017440795169244258,1,3,,0,1.3406338049301877e-11,-12.681689967069572,-0.02812481913717235,-0.8804014265781301,0.00025034699798538,0.002709860390234231,0.0029565185929680974,0.004407680927591484,0.002097088523361328,0.0017519606856345956,0.21045635993698592,14.94182523357647,0.2978025328964854,0.3387270116305509
331,adam,331,332,0.001077384359378007,1,0.004394439852750642,0.0004185656159514987,0.004692556657458383,0.00015089072718350586,1,3,,0,8.620867846921528e-12,-12.701202835907184,-0.02845638550530888,-0.8803163355288768,0.00019332740191776613,0.0027198431876535928,0.0029617808985865756,0.004394439852750642,0.0021045975842978147,0.0017501775585970654,0.2102372220097491,14.923567817864503,0.297781678519471,0.338698233955572
332,adam,332,333,0.0010666105157842267,1,0.004374651029485492,0.0019050059995358328,0.03686273852732791,0.00015064221906358803,1,3,,0,5.5845648916088975e-12,-12.717838365955037,-0.028661474353705235,-0.8800693941657332,0.000144081030396173,0.002730212623141858,0.0029684411327883533,0.004374651029485492,0.0021129533763626683,0.001748857068693434,0.2100946578928523,14.918204596346307,0.29776146595117015,0.33867470676360517
333,adam,333,334,0.0010559444106263845,1,0.004374149752507339,0.001785335449364594,0.024036211252393462,0.00014533740213581377,1,3,,0,4.672068922240247e-12,-12.727274682531645,-0.0288420320287881,-0.8798423841524045,0.00010947795021561753,0.0027396189510446546,0.0029742313933596516,0.004374149752507339,0.0021209275085265363,0.0017472552958907614,0.2098795227119969,14.901070775597292,0.297745438906643,0.3386520294374233
334,adam,334,335,0.0010453849665201206,1,0.0043948757519470475,0.0015346925963700584,0.019725698563685015,0.0001453352048406104,1,3,,0,3.779983943727811e-12,-12.725293579511982,-0.02901167967378515,-0.8796729273753879,1.4885376896096457e-05,0.00274714430795182,0.002979283902423001,0.0043948757519470475,0.0021264439979019924,0.0017451639090218746,0.20959827685647606,14.87899983675211,0.2977239053099274,0.33863412268652776
335,adam,335,336,0.0010349311168549194,1,0.004401652212508879,0.001042386491560693,0.01593688912631168,0.00011623501320806172,1,2,,0,3.755710894970836e-09,-12.712712021729924,-0.029201298293859444,-0.8795909056096459,0.00010422298604881696,0.002744366463887752,0.0029766405975041425,0.004401652212508879,0.002122846455597532,0.0017432761374779435,0.20933848454510195,14.857308914853478,0.2977240162195606,0.3386370010605552
336,adam,336,337,0.0010245818056863702,1,0.004362648092868671,0.002032832147735545,0.03766100177553372,0.00012713603606442152,1,2,,0,4.117405245115572e-09,-12.7026413634724,-0.02952920765798691,-0.8798275828732387,0.0001866971599652998,0.002740912640942801,0.002973269775614396,0.004362648092868671,0.002118087554078066,0.0017400094272904335,0.20875931983122373,14.785807044926534,0.29771841960241685,0.3386335210186907
337,adam,337,338,0.0010143359876295065,1,0.004394927363317707,0.0019119458715003519,0.019752532596723466,0.0001287308265268937,1,2,,0,6.617233356259885e-09,-12.704481422561125,-0.029823451989930708,-0.8800541461396675,0.000272760727047785,0.0027407483055659943,0.0029741468856454623,0.004394927363317707,0.0021153235321319363,0.0017373256496990034,0.2083153832966996,14.734082828769449,0.29770829379885777,0.3386267736383828
338,adam,338,339,0.0010041926277532115,1,0.004380304200509516,0.003372779118037621,0.08131554769439892,0.00010747823872918341,1,2,,0,2.2311787694224656e-09,-12.693667557864378,-0.030074235950375314,-0.8802220894713116,0.0003002158957758327,0.00273623657073368,0.0029693710940951056,0.004380304200509516,0.0021100464070727557,0.0017356439032959166,0.20799013332777902,14.690654526912297,0.297710162980081,0.33863648947362945
339,adam,339,340,0.0009941507014756793,1,0.00437961703963352,0.0004187282652685529,0.00450216600945905,0.0001254356412665396,1,3,,0,6.6091246882327345e-12,-12.719886191540477,-0.030280548768811026,-0.8803183954074506,7.946181025585681e-05,0.002729408904891589,0.0029612802514783995,0.00437961703963352,0.0021043798099258893,0.0017344986218691893,0.20776259197747615,14.650451424788312,0.2977205000259511,0.3386598544271243
340,adam,340,341,0.0009842091944609226,1,0.004366700272745729,0.0004189252797426877,0.004463174783532409,0.0001197896532909366,1,3,,0,1.7906837471637078e-11,-12.742752130321461,-0.03038037594927734,-0.8802453656916613,0.0004198624319134583,0.002724377376563311,0.002955291510363692,0.004366700272745729,0.0020998921881603435,0.00173358269365771,0.20757621297205883,14.619813950251997,0.29772847234123956,0.33868281379182075
341,adam,341,342,0.0009743671025163132,1,0.00435008423171249,0.0019579502065354202,0.02831708707511968,0.00013424725602346278,1,2,,0,8.102930646633092e-09,-12.762558427383611,-0.03038632713684668,-0.8800227877921214,0.0007252005140524508,0.0027207424834806183,0.0029509828774821247,0.00435008423171249,0.0020963634612003487,0.0017328358014072353,0.20742291271543076,14.596933368898743,0.2977344921567963,0.3387055954529639
342,adam,342,343,0.0009646234314911502,1,0.004359008318068672,0.0020354562253189173,0.03781315652871613,0.00016407066028912738,1,14,,0,3.115537578374254e-09,-12.789860236164788,-0.030414101453645585,-0.8798606750221112,0.0009875796375851864,0.0026991120384349315,0.002935126025079319,0.004359008318068672,0.002068254126507922,0.001718318879573097,0.20591804068618386,14.087867820075752,0.29772796923711853,0.3386997156135428
343,adam,343,344,0.0009549771971762386,1,0.0043478595137314575,0.001952442350265464,0.03774706588654142,0.00016072938574006202,1,2,,0,8.81495482160138e-09,-12.825017883993338,-0.03044299274195524,-0.8797303182105298,0.0012101783764822387,0.002700322602477648,0.002934867855018276,0.0043478595137314575,0.002065027720401679,0.0017174135953610177,0.20579611281617222,14.080634928267889,0.2977178294037336,0.33869214245981866
344,adam,344,345,0.0009454274252044762,1,0.004342668855180191,0.0019549024004014435,0.03776748188602344,0.00013244580804836956,1,2,,0,6.966088629578509e-09,-12.850959874831192,-0.030466738517638522,-0.879607147057633,0.0014175787857821814,0.002701528765649973,0.0029345958952501604,0.004342668855180191,0.0020631664337357656,0.00171683546691654,0.20570745479723487,14.076822473648201,0.2977106546670192,0.33868382419951876
345,adam,345,346,0.0009359731509524314,1,0.004374589041071105,0.0039021009564850348,0.08871366094602537,0.0001370104608672078,1,2,,0,7.459134310641699e-09,-12.868770323809459,-0.030485925496078134,-0.8794903839431564,0.0016113190422720083,0.00270265349741062,0.0029342234196298752,0.004374589041071105,0.002062247529347831,0.0017164793953416992,0.20564248198574922,14.075305469170136,0.29770617765320806,0.3386749734382981
346,adam,346,347,0.0009266134194429071,1,0.004406566036824515,0.00202017361465619,0.037450470570064565,0.00014364363613422802,1,3,,0,6.328898005370681e-13,-12.867847002725654,-0.030498180185051946,-0.8793738132089614,0.001850591600918227,0.0027028767674653663,0.002931585553388976,0.004406566036824515,0.002059050519850718,0.001713805266778737,0.20537079189787993,14.055798968720799,0.2977037015858659,0.3386576580532192
347,adam,347,348,0.000917347285248478,1,0.004412178085026075,0.0018507490769370083,0.02468525811712323,0.00011605436261077794,1,2,,0,7.621941672720531e-09,-12.876517596667718,-0.030513119166274184,-0.879283590556929,0.002053185140695642,0.0027042273931374493,0.002931169814942599,0.004412178085026075,0.0020572482578406393,0.0017111601463802965,0.2051053644923786,14.036042930387156,0.2976972690715596,0.3386399703302643
348,adam,348,349,0.0009081738123959933,1,0.00434281212843697,0.002015205088251245,0.03745074550242802,0.00012464701667529166,1,3,,0,1.1209201269020827e-12,-12.874756608831323,-0.03053543101616668,-0.8792348488536439,0.00212851236951493,0.0027034830848318,0.00292874526452516,0.00434281212843697,0.0020539040999737793,0.0017082626531086619,0.20480023941484737,14.013388800153242,0.29768532494039807,0.33862599340543115
349,adam,349,350,0.0008990920742720333,1,0.004313273235984947,0.0016297591303657535,0.025447855137882724,0.0001403438377977812,1,3,,0,1.6555329267750843e-12,-12.882277713955693,-0.030559176056623578,-0.8792046833760915,0.0021850513202088234,0.0027048703221171744,0.002929532775622598,0.004313273235984947,0.002051946812491065,0.0017054612242409985,0.2045093994838595,13.991162725880663,0.2976706639430786,0.33861147420543175
350,adam,350,351,0.000890101153529313,1,0.004341989522662249,0.0019902695579792646,0.038100237546658505,0.00010161591612029794,1,2,,0,8.553840297317922e-09,-12.879732443354973,-0.03057614085691387,-0.8791632544347182,0.002239216969239769,0.002705635558348283,0.0029295306710052484,0.004341989522662249,0.0020503098280647827,0.0017034241104250628,0.20429349399317465,13.974755169031544,0.29766362650075234,0.33860286212271695
351,adam,351,352,0.0008812001419940199,1,0.004320682878142122,0.0016309571750771417,0.0254936692374884,9.16433654049984e-05,1,2,,0,7.636182505221991e-09,-12.871842474332228,-0.03058919596335589,-0.8791190636520013,0.002295834409896369,0.0027056152845326715,0.0029284369201168646,0.004320682878142122,0.0020492134501814596,0.0017017749419179992,0.2041163727510457,13.962104884690364,0.2976597297154994,0.3385944878382645
352,adam,352,353,0.0008723881405740797,1,0.004313524132927654,0.0015183019974066914,0.012435899763622228,0.00011032443342102968,1,2,,0,8.691809312859962e-09,-12.855667907450394,-0.03059669580799828,-0.8790653389497829,0.0023500069095862544,0.002704271565912849,0.002925562813351817,0.004313524132927654,0.0020481094952252204,0.0017007335930664385,0.2039982618865428,13.954020690277188,0.29766219033839797,0.33859134737923674
353,adam,353,354,0.0008636642591683388,1,0.0043446804983943,0.00200083451010705,0.03709321221028952,0.00013646324538494478,1,2,,0,7.611432062324224e-09,-12.829031164793742,-0.030584307607216702,-0.8791432027437002,0.0024243986608137934,0.0027028306959800312,0.0029214053047654665,0.0043446804983943,0.0020489471350468107,0.001699692803881926,0.20386361412251902,13.946097275744266,0.2976609945245383,0.3385761696284144
354,adam,354,355,0.0008550276165766554,1,0.004337046706758999,0.0018281201870213432,0.02456280317689581,0.00011234486970018708,1,2,,0,4.72496573691927e-09,-12.813861226161118,-0.03057701254376815,-0.8792254812638381,0.0024805413450275943,0.002703379400346232,0.0029203369939893417,0.004337046706758999,0.0020505840206232707,0.001698529606437663,0.203723208619775,13.936959799590815,0.29765609352877964,0.33856062665134656
355,adam,355,356,0.0008464773404108889,1,0.004365493462763184,0.001998781289807184,0.03694064930057413,0.00010780113541812267,1,2,,0,4.5279344414677774e-09,-12.800031946103742,-0.03056039750953033,-0.879263536077729,0.0025947078949760047,0.0027024202468364554,0.0029173620939279056,0.004365493462763184,0.00205178344545633,0.0016980578328136845,0.20366899419045664,13.934077441817784,0.29766344812598583,0.3385532900461175
356,adam,356,357,0.00083801256700678,1,0.004325252099716904,0.002000530591273591,0.037000444562230284,9.679168338768778e-05,1,2,,0,2.033934933657165e-09,-12.79640058401845,-0.030549288306813426,-0.8793102149942799,0.002686411763148429,0.0027031542827834596,0.00291689191472375,0.004325252099716904,0.00205357148601836,0.001697379604534362,0.20359806922429416,13.929271338025526,0.2976661648677972,0.3385446136001452
357,adam,357,358,0.0008296324413367123,1,0.004307483821894497,0.001929658806628463,0.03703927296149481,0.00011545943521826394,1,2,,0,3.2518446239297594e-09,-12.801707462339422,-0.030543068116379808,-0.8793644545180801,0.0027580910465101805,0.002705516458198961,0.0029186404361371287,0.004307483821894497,0.0020559009158185363,0.0016965303798060782,0.20351334437561122,13.922834118656308,0.29766482406587086,0.3385347623628774
358,adam,358,359,0.000821336116923345,1,0.004333321996719109,0.0019348993259123348,0.03710924109344982,7.510134411851217e-05,1,2,,0,2.3186417955999272e-09,-12.801696889828182,-0.030535758490268163,-0.8794068187447293,0.002829703926351831,0.0027071322831735013,0.0029193528900863046,0.004333321996719109,0.0020582248617325733,0.0016958705145846834,0.2034458097995294,13.918501837125195,0.29766542570406823,0.338524970055214
359,adam,359,360,0.0008131227557541116,1,0.0042951140308950175,0.0019204052850435916,0.03678999794508478,7.487613942802995e-05,1,2,,0,8.734769430577929e-09,-12.796964553511707,-0.030527471671118543,-0.8794385877395084,0.002901234197048847,0.0027078877529175074,0.0029189826392618345,0.0042951140308950175,0.0020604868633584852,0.0016953857466059203,0.20339403903288406,13.916134739642075,0.29766778339943184,0.3385153352726286
360,adam,360,361,0.0008049915281965705,1,0.004301438787377257,0.0019923290657897362,0.03673702499593946,0.00010347704789203348,1,3,,0,1.805671713488166e-12,-12.788172629865215,-0.030518373898093826,-0.879461099488318,0.0029725868133250043,0.0027080934394279076,0.0029179451060852286,0.004301438787377257,0.0020626920808837056,0.0016950367108596693,0.20335441721925382,13.915307336375216,0.29767167208511036,0.33850585272260614
361,adam,361,362,0.0007969416129146048,1,0.004310773369118043,0.001987768350456552,0.03660523058195195,6.550964512801018e-05,1,2,,0,8.767987817982604e-09,-12.788565604658785,-0.030513842971264506,-0.8794933677816834,0.0030262504394081434,0.0027097565020345053,0.002918852353322779,0.004310773369118043,0.002065327479066238,0.0016944774769432065,0.20329702370441946,13.912381939363893,0.29767145244202,0.33849526344577446
362,adam,362,363,0.0007889721967854587,1,0.004254627131847971,0.0019854717909148383,0.03665886785504663,6.955283837160082e-05,1,2,,0,3.5232479582758307e-09,-12.797073681656112,-0.03051338221237961,-0.8795342440963232,0.003064179768617863,0.0027126067099471998,0.002921320802210141,0.004254627131847971,0.002068361126560875,0.0016937251440386479,0.20322299000773844,13.90754369081462,0.29766756763348207,0.33848364897054783
363,adam,363,364,0.0007810824748176041,1,0.004291125048584094,0.0019399795465836554,0.03675891451270413,0.0001001953357874589,1,2,,0,3.783586589234034e-09,-12.812574770049363,-0.030516479354516637,-0.8795825411132764,0.0030881464702343002,0.0027169109551578178,0.002925679040590118,0.004291125048584094,0.00207175953248726,0.001692819832581129,0.20313640627407167,13.901153593050322,0.29766055868723784,0.33847125061237976
364,adam,364,365,0.000773271650069428,1,0.004308007924593516,0.0019552194895444534,0.03686561102053737,6.790070307637378e-05,1,2,,0,7.169277271887431e-09,-12.821719179355034,-0.030517501389716466,-0.8796197406700794,0.003116905815929347,0.0027202464692220735,0.0029287235981896955,0.004308007924593516,0.002074982199443733,0.0016921140415011166,0.20306887958742886,13.896933132920664,0.2976563792123256,0.338459732780508
365,adam,365,366,0.0007655389335687338,1,0.004276099670700346,0.0018273930824618842,0.02492145850887258,7.42857849132547e-05,1,3,,0,6.813804282118979e-12,-12.825147791372098,-0.030516635435632305,-0.8796469207374535,0.0031499397470031876,0.0027224027246576894,0.0029301631236221446,0.004276099670700346,0.0020780286632363404,0.0016915908927433582,0.20301845781287406,13.894703982734503,0.2976548726110737,0.33844921334954875
366,adam,366,367,0.0007578835442330464,1,0.004230637482210556,0.0016928348165952084,0.027751561102823133,9.066463737109783e-05,1,3,,0,1.0700487269902448e-11,-12.827558269204593,-0.030506410893199103,-0.8796389013841241,0.0032389704456731315,0.002722726492158534,0.0029293181748070523,0.004230637482210556,0.0020800524607297284,0.0016916342993345502,0.203036480684204,13.89747401009513,0.2976643590437343,0.33844620425622063
367,adam,367,368,0.000750304708790716,1,0.004260398233133737,0.0019721985091780366,0.035984395833356816,0.00010658438068288285,1,3,,0,1.3660595005761192e-11,-12.821567620677468,-0.030493480803895124,-0.8796190332759732,0.0033220087239281084,0.0027223672044657736,0.002927724998467495,0.004260398233133737,0.002081514218777114,0.001692041667749446,0.20308882670837944,13.90275377056132,0.2976784157815445,0.33844781535056134
368,adam,368,369,0.0007428016617028088,1,0.004292770634426194,0.0018505779176539725,0.023381047668579718,6.521707807378787e-05,1,3,,0,8.130134954399577e-12,-12.82395821288243,-0.030485378862098955,-0.8796128631341131,0.003386408243912236,0.002723719794877445,0.002928464237346187,0.004292770634426194,0.002083507060904442,0.0016921707745684602,0.20311424258566116,13.90535892216452,0.2976872805627178,0.33844697433000803
369,adam,369,370,0.0007353736450857807,1,0.004282491749334076,0.0019737517134471383,0.03568406596779697,5.5133652976044595e-05,1,2,,0,9.45963719173235e-09,-12.81839959181551,-0.030485994395016862,-0.8796343455715534,0.0033476979181565284,0.0027236734024945635,0.0029275292643379087,0.004282491749334076,0.0020842387821238353,0.0016918491219574546,0.20308420783474676,13.90349438703625,0.2976896905710521,0.33844699273386625
370,adam,370,371,0.0007280199086349228,1,0.004220676062831622,0.001974388600999658,0.035757718785523085,6.861345723925407e-05,1,2,,0,3.038980165064881e-09,-12.821257886406077,-0.03049000590227296,-0.8796651479717034,0.003303458054058255,0.0027248155483684112,0.0029280799606435834,0.004220676062831622,0.002085574476784796,0.0016913112765877814,0.20303401173202154,13.899559695342605,0.29768799711282173,0.33844444466339857
371,adam,371,372,0.0007207397095485736,1,0.004229760617862349,0.001942452556948175,0.019517458503292742,9.966961882524495e-05,1,2,,0,4.063466662827338e-09,-12.831494277709234,-0.03049699930216677,-0.8797040828858241,0.00325433054526464,0.0027274186676054715,0.0029305956847453193,0.004229760617862349,0.002087448733450647,0.0016905878431117914,0.2029671339560734,13.89381078010073,0.29768275111217785,0.33843968822650644
372,adam,372,373,0.0007135323124530878,1,0.004248183327589446,0.0017214849653698068,0.028444760894999865,7.57233748010409e-05,1,2,,0,2.553677321752693e-09,-12.831357904347374,-0.030495452119029723,-0.8797126645612511,0.003251122377451751,0.002727326490647035,0.0029302590016750505,0.004248183327589446,0.0020871754358987716,0.0016906442644424129,0.20298897171477182,13.895132703024721,0.2976861271930419,0.3384470058381235
373,adam,373,374,0.000706396989328557,1,0.004227020266729538,0.001968741125187287,0.035404498410898044,6.719418427165575e-05,1,2,,0,9.192625476276926e-09,-12.823511035694033,-0.030490436034671768,-0.8797082078800272,0.003251898095058364,0.0027260837965368155,0.0029282635322273797,0.004227020266729538,0.002086668345114281,0.0016910659013574096,0.20304470645503872,13.899202169100446,0.29769452866988916,0.3384576673992891
374,adam,374,375,0.0006993330194352714,1,0.00419196513836394,0.0014761220314821735,0.01864442442579415,6.758926102601948e-05,1,3,,0,3.323877751014917e-11,-12.812453787124937,-0.03048451488478875,-0.8796993269990339,0.0032592986922497635,0.002724988215358959,0.0029260399295989743,0.00419196513836394,0.0020869055324407716,0.0016915864610590212,0.20311160738895903,13.90486018529318,0.29770432246544565,0.33846720042422695
375,adam,375,376,0.0006923396892409187,1,0.0041789736744146,0.0018851234579938723,0.02353845805218413,8.831274781034313e-05,1,3,,0,2.2736359648733652e-11,-12.795370079536307,-0.03050018950693049,-0.8797342143316675,0.003281748927103169,0.0027201240039842626,0.0029200001758677256,0.0041789736744146,0.0020803267481110965,0.0016920851919847548,0.20317592977210303,13.909956243707708,0.29772579543318767,0.33848865451039245
376,adam,376,377,0.0006854162923485094,1,0.004175377397070149,0.0020563243789522173,0.03512984444343398,9.405636560564513e-05,1,3,,0,4.994614281562119e-12,-12.772702359878572,-0.0305218233381182,-0.8797911411040044,0.003208598091876097,0.0027152422344853748,0.0029140727040266154,0.004175377397070149,0.0020738203557012667,0.0016921094035754695,0.20318331359719324,13.910362635852836,0.2977396619271231,0.3385081456387289
377,adam,377,378,0.0006785621294250244,1,0.004131696317627503,0.002062475052988115,0.03518898474884205,9.165770471063854e-05,1,2,,0,3.593300452390833e-09,-12.760958467413259,-0.030544883421649655,-0.8798541071572767,0.0031335518485536935,0.0027120465160601535,0.002910453717741061,0.004131696317627503,0.0020684886416635385,0.0016918060528905371,0.2031556842750539,13.907648415368795,0.29774728131997685,0.3385218296542509
378,adam,378,379,0.0006717765081307741,1,0.004210678016181714,0.002024736592150485,0.0348685033044531,0.0001088355604573078,1,2,,0,5.688418923634603e-09,-12.758824695394575,-0.03056921317155389,-0.8799223626439742,0.0030568414074401955,0.0027106741440816057,0.002909421613935215,0.004210678016181714,0.0020641160626868197,0.001691197340224732,0.20309612508451166,13.902046611861124,0.297749373927871,0.3385303511864467
379,adam,379,380,0.0006650587430494664,1,0.004221292410403015,0.0020728785073380104,0.03501251337357417,7.973298231473903e-05,1,2,,0,8.309763556071533e-09,-12.753293739913383,-0.03058954952866253,-0.8799790957793132,0.002994615217002594,0.002710108332882582,0.002908768942608495,0.004221292410403015,0.0020613567043540936,0.0016908168903244734,0.20306491443743013,13.899284204450304,0.2977536541471236,0.33853808765181914
380,adam,380,381,0.0006584081556189718,1,0.0042418571269021476,0.0019360027751116912,0.02564844660841077,7.98798161771302e-05,1,3,,0,1.523903383940248e-10,-12.744594504954174,-0.030606296514066943,-0.8800254875020307,0.0029452988592682827,0.0027101699218081464,0.002908067707789641,0.0042418571269021476,0.002060320076203562,0.0016906777760916775,0.2030636050942113,13.899440606639185,0.2977600116868134,0.3385452902352142
381,adam,381,382,0.000651824074062782,1,0.004184309316532301,0.0017733128740180456,0.030270991401876987,7.561319959105971e-05,1,3,,0,4.409906731969351e-10,-12.736738299419196,-0.030612181107820213,-0.8800389936611328,0.0029560901007145987,0.0027093994312592934,0.0029059264621632344,0.004184309316532301,0.002059907221433635,0.0016911439962124543,0.20313420879390373,13.905124084534714,0.2977751919994945,0.3385568894647646
382,adam,382,383,0.0006453058333221542,1,0.004200027917308139,0.002521829848082775,0.036649417415196194,8.900534161239554e-05,1,3,,0,9.202046576501166e-10,-12.722357480284783,-0.030613637771689076,-0.880039739115441,0.0029694529617649785,0.002708907900728639,0.0029040494844021782,0.004200027917308139,0.002060136767653319,0.0016919393564656647,0.2032393097069859,13.913260540194333,0.2977936504354881,0.33857113632374775
383,adam,383,384,0.0006388527749889326,1,0.0042150775013755975,0.002567796361270182,0.03874157774205471,5.276269782860942e-05,1,2,,0,5.684213761325856e-09,-12.719308019248336,-0.03061933492820844,-0.8800535550388002,0.0029714006141587732,0.0027075007505760525,0.002902381664509711,0.0042150775013755975,0.0020585209920269375,0.0016919806494749222,0.20325105568930135,13.914230958899257,0.2978030164541762,0.3385779026534693
384,adam,384,385,0.0006324642472390434,1,0.004133005211381021,0.0022908892030967273,0.035003557351340225,6.312334230517937e-05,1,3,,0,1.889450640813476e-10,-12.72631815103044,-0.030628813858333267,-0.8800789587038749,0.002963177068949255,0.002704700663175788,0.0029001300990905473,0.004133005211381021,0.0020550331708079107,0.0016913369612562494,0.2031769266218949,13.908648053511904,0.2978044856126951,0.3385780819823772
385,adam,385,386,0.0006261396047666528,1,0.0041691766487044184,0.0017464474509932685,0.02943906063410158,9.268043709071322e-05,1,3,,0,7.518999800438472e-10,-12.741330328206544,-0.030641436754035162,-0.8801138634271684,0.002946061837912519,0.002703088713204295,0.0028999450309635027,0.0041691766487044184,0.002051796160139809,0.0016903204296179843,0.20306150572805243,13.899411167669543,0.29780022433239967,0.3385735587239714
386,adam,386,387,0.0006198782087189864,1,0.004207951921489236,0.002191791627803069,0.03559287756615767,7.520139091306422e-05,1,3,,0,1.5562589672304025e-10,-12.747710633494162,-0.030648945868407777,-0.8801341550995211,0.002934611706864492,0.0027015776828325845,0.0028995104949978406,0.004207951921489236,0.0020493551854073593,0.0016897680795859601,0.20299688494921797,13.893986908598933,0.2978009966762754,0.338573173991229
387,adam,387,388,0.0006136794266317965,1,0.004211029702477642,0.0021803521293921003,0.03576734944408874,5.234464065275711e-05,1,2,,0,2.2385083375646177e-09,-12.749661628263423,-0.03065418405518372,-0.8801479521107868,0.002930549194702622,0.0027006634531853485,0.002898762686249377,0.004211029702477642,0.0020485603796991303,0.0016895081292637257,0.20296905254466066,13.892027270371159,0.2978042637860775,0.33857345039533077
388,adam,388,389,0.0006075426323654784,1,0.004148777666213629,0.002208931280319603,0.03557025235556199,6.452268781662046e-05,1,3,,0,6.700970307408835e-12,-12.747663644349506,-0.03065735837081089,-0.8801558825507958,0.0029331094607799794,0.0026999033099910866,0.0028973586831957786,0.004148777666213629,0.002048870472808121,0.0016894788029262104,0.20296920095759985,13.892881833297777,0.2978096600308436,0.338574301836914
389,adam,389,390,0.0006014672060418237,1,0.004126949424316208,0.001056495725003198,0.015975340968355282,9.181315955390462e-05,1,3,,0,2.336879222026494e-10,-12.742232206499596,-0.030658748389765473,-0.8801587354154614,0.002941469271466759,0.00269976932382137,0.002895923137581057,0.004126949424316208,0.0020503643431183365,0.0016896694897931823,0.20299712521809896,13.896435480918397,0.2978169465558273,0.338575681300897
390,adam,390,391,0.0005954525339814055,1,0.004149968046804976,0.0020764990004642657,0.03481745999137183,0.0001051285433666586,1,3,,0,2.991897494778232e-10,-12.738078201692062,-0.03075849252462485,-0.8803583548620857,0.002947161405805262,0.002699653436396663,0.002894775105032549,0.004149968046804976,0.002051107248207073,0.0016890091119217568,0.2028337463275482,13.871132724360477,0.29781988161188216,0.33857261699722163
391,adam,391,392,0.0005894980086415914,1,0.004168491573536395,0.0021183256799330403,0.034788917860315585,7.761573822558885e-05,1,3,,0,5.5777465233012285e-11,-12.741661615821627,-0.03085094003666218,-0.8805469943328778,0.002942984266453403,0.0027003076244342637,0.0028949469845616534,0.004168491573536395,0.002051893398359255,0.0016880852565713908,0.20265139050892603,13.845347736867227,0.2978183683696061,0.3385666157069839
392,adam,392,393,0.0005836030285551755,1,0.004177583156820506,0.000432725624816854,0.0041505671224331304,7.285540206008991e-05,1,2,,0,2.4811215691302092e-09,-12.75224400895513,-0.030936967833057764,-0.8807258613188509,0.00293002371452081,0.002701003457100065,0.0028957109048067154,0.004177583156820506,0.00205228149503667,0.0016868883470485825,0.20244578257280008,13.818672590317002,0.29781269944736394,0.3385577990892012
393,adam,393,394,0.0005777669982696237,1,0.004177778658371062,0.0004317329552393812,0.004153477237327398,5.831003735624285e-05,1,2,,0,1.838825691049244e-09,-12.761249783122478,-0.0309620054063318,-0.8807844906638043,0.0029194469551522073,0.0027019460875305126,0.0028966549149538785,0.004177778658371062,0.0020528701770541466,0.0016859152653443228,0.20228080371689328,13.80054093172002,0.29780687386761273,0.33855145943477016
394,adam,394,395,0.0005719893282869274,1,0.004188594600400542,0.001973750522725294,0.018981177460808463,6.427685552322887e-05,1,2,,0,1.443515772430599e-09,-12.768868238152134,-0.030933358422722355,-0.8807368528224016,0.00291098935822833,0.002703060715468512,0.0028977060571205673,0.004188594600400542,0.002053604420634285,0.001685161824232871,0.20215576946861155,13.789970539639176,0.2978009596137781,0.338547399328239
395,adam,395,396,0.0005662694350040583,1,0.004150594342527832,0.0004332474557361494,0.004213026574949582,6.442520557531275e-05,1,2,,0,9.501630702428349e-09,-12.767930715358547,-0.030899972159378154,-0.880673061197301,0.0029378296750460996,0.0027024168893664195,0.002896732184420675,0.004150594342527832,0.002053216560361782,0.0016851281351317876,0.20211750529761316,13.786632735244327,0.2978023194033351,0.33855334564721024
396,adam,396,397,0.0005606067406540177,1,0.004144237870863803,0.0012389855522289394,0.027414760572135967,7.859723365784751e-05,1,2,,0,8.511756136821264e-09,-12.766677095571792,-0.03081989059918675,-0.8805180053536279,0.0029627461294341375,0.0027021999793815773,0.0028961644123322804,0.004144237870863803,0.002053153912457223,0.0016852159047336735,0.20210632499074838,13.789088096629408,0.2978028765550534,0.33856029827876405
397,adam,397,398,0.0005550006732474775,1,0.0041131530666822114,0.0011832052927852462,0.025558133437789236,8.29459335504444e-05,1,2,,0,6.445313687676235e-09,-12.763315746750727,-0.030746429967773957,-0.8803747182787197,0.0029821288578017737,0.002699334481224616,0.002893559341388208,0.0041131530666822114,0.0020500702728708463,0.0016850764275378378,0.20206494182467524,13.788358963304873,0.2978078865162509,0.33857154334177464
398,adam,398,399,0.0005494506665150027,1,0.0041072857423960375,0.0019592157627513983,0.034628245488959056,0.0001035534752405225,1,3,,0,1.8430098045438985e-10,-12.758002877067831,-0.030678933613965655,-0.8802419591564652,0.0029965992524359666,0.0026946723386061656,0.0028896109699893947,0.0041072857423960375,0.002044891529293057,0.0016847900206004834,0.20200549152483308,13.785315283470657,0.29781695031004235,0.33858662361902014
399,adam,399,400,0.0005439561598498526,1,0.004071591464290599,0.0019203282936965087,0.0347809951229828,9.318075204850168e-05,1,3,,0,1.6901095448144338e-10,-12.759235735824083,-0.030621812488879848,-0.8801324295114711,0.003000868891037612,0.002691592886596284,0.0028874288548151983,0.004071591464290599,0.002040811841467683,0.0016843307712746747,0.2019330280562313,13.780547793123768,0.2978219769182177,0.3385978550371025
400,adam,400,401,0.0005385165982513541,1,0.0040841130778433805,0.0017146597906706974,0.028735184656006524,9.554191900444867e-05,1,3,,0,8.825678816714109e-11,-12.765798719733068,-0.030573761857307265,-0.8800430646644168,0.002996204993886109,0.0026903036464821254,0.002887129537773714,0.0040841130778433805,0.002037822689306256,0.001683744318532273,0.20185374240932083,13.77462169377314,0.2978238999039435,0.338606174380674
401,adam,401,402,0.0005331314322688406,1,0.004096201002966982,0.002315011913845951,0.03678880683606772,7.875170150290537e-05,1,3,,0,2.3111799696557407e-11,-12.765661890498544,-0.030527470545926014,-0.8799538792660776,0.0029958238514580593,0.0026884953620988834,0.0028859413790061628,0.004096201002966982,0.002035071025881613,0.0016835069481941647,0.20181187699969097,13.77163927821572,0.29782950333762137,0.3386167649784731
402,adam,402,403,0.0005278001179461521,1,0.004090071589332443,0.0024654161827993657,0.042222125116411074,6.64459879332362e-05,1,2,,0,1.0415207886015876e-09,-12.761883660104457,-0.03048458047684914,-0.8798698771621272,0.0030013989111742616,0.002686888278822952,0.0028841266714770743,0.004090071589332443,0.0020334146249693366,0.0016834856786746388,0.2017986987131343,13.771510843280055,0.2978370561788346,0.33862724167520103
403,adam,403,404,0.0005225221167666907,1,0.0040748935709115875,0.002325721222183744,0.03674443921281667,9.023706150272793e-05,1,2,,0,6.717706013834781e-09,-12.764825999063115,-0.030363672708420483,-0.8797491222058194,0.002991974632641872,0.0026896695549837907,0.0028856563862838247,0.0040748935709115875,0.002037777715813746,0.0016833003813423622,0.20177970651290467,13.771591710712615,0.2978343480456184,0.33862447384842703
404,adam,404,405,0.0005172968955990236,1,0.004066109380947327,0.00198675229832856,0.024476240100057327,9.281042736983073e-05,1,3,,0,4.6749236502333194e-11,-12.763898671867945,-0.030253855647156366,-0.8796370885642096,0.0029893678964440077,0.0026927283736767277,0.002886989077005703,0.004066109380947327,0.0020429157016709797,0.0016833285940175773,0.2017889531908823,13.774194216251015,0.29783439782647125,0.33862299342122626
405,adam,405,406,0.0005121239266430334,1,0.004054633602840774,0.0019002347155967058,0.034740281779427964,8.829671064829505e-05,1,3,,0,1.4005701727337798e-11,-12.756959404070818,-0.030162389377440976,-0.8795581143488885,0.002907647952149382,0.0026956817797174947,0.002888393641108814,0.004054633602840774,0.0020472886489415567,0.0016829957418329523,0.20175683203904865,13.772951612826766,0.29783028444980925,0.3386213694355237
406,adam,406,407,0.0005070026873766031,1,0.004088978284491583,0.0030756719512223356,0.07015059705802684,7.808314963880798e-05,1,3,,0,9.888397203795835e-12,-12.755642580110717,-0.030083017603071117,-0.8794952568847914,0.0028266606172356458,0.0026997262777707434,0.002891283709693081,0.004088978284491583,0.0020519009436958274,0.0016825412473966046,0.20171623617264878,13.770352389133363,0.2978245155709786,0.3386186169465509
407,adam,407,408,0.0005019326605028371,1,0.004078990969906107,0.0020027812193582554,0.01920550901816781,7.426347642473459e-05,1,2,,0,9.909349889368562e-09,-12.776103750101443,-0.030003590843881045,-0.879413021348486,0.002985311537006051,0.0027026135019991484,0.0028936386153629893,0.004078990969906107,0.0020549739058659242,0.0016823117222068524,0.20172438364900788,13.77007875158645,0.29782382729444623,0.338624518726602
408,adam,408,409,0.0004969133338978088,1,0.004040213427481906,0.0019297960189417242,0.034524815673677114,7.489938668249779e-05,1,3,,0,4.228886995254447e-11,-12.78763769588201,-0.029926526177712593,-0.8793205482910709,0.0031584516076930795,0.002703802199203171,0.0028942335915971983,0.004040213427481906,0.0020570371983941933,0.001682690430336702,0.20179835431114518,13.775314577640255,0.2978288905994692,0.3386380949796001
409,adam,409,410,0.0004919442005588306,1,0.004028675844854404,0.001718478218793163,0.028912136027602287,6.679261354228332e-05,1,2,,0,8.85490851112388e-09,-12.803115770645094,-0.02986005579709885,-0.8792459688092853,0.0033049918063193153,0.0027059476757462677,0.0028961305555960924,0.004028675844854404,0.0020593489061702733,0.0016828442732541365,0.20184699375158618,13.778129724638626,0.29783089441584015,0.33864841262824796
410,adam,410,411,0.0004870247585532423,1,0.004035288237017181,0.0019856492187659562,0.03459662650684785,6.205018133338264e-05,1,2,,0,8.928137281841772e-09,-12.811504366866457,-0.0297979291760247,-0.8791706620554987,0.003439329754353083,0.002707066254329928,0.0028969563976171037,0.004035288237017181,0.002061150352952136,0.00168320859023727,0.20191161459868673,13.782314930774257,0.2978359674215423,0.33866038202182475
411,adam,411,412,0.0004821545109677099,1,0.004031939799354336,0.0010771318029354061,0.01618837439804796,5.954820752863736e-05,1,2,,0,1.306522445385722e-09,-12.824450492888806,-0.029744815266646962,-0.8791116545595238,0.003551270081193035,0.0027086677862472046,0.0028985850728749808,0.004031939799354336,0.002062865550407679,0.0016832978009657879,0.20194416708273805,13.783671320426262,0.29783761565773886,0.3386688586717026
412,adam,412,413,0.00047733296585803273,1,0.0040240389113191085,0.0017186514443375566,0.028516529532035706,7.1733509692258e-05,1,2,,0,1.3594608613093887e-09,-12.836616825284676,-0.029783179732635744,-0.8792235116130098,0.0036496566014299248,0.0027093662688334047,0.002899420071532334,0.0040240389113191085,0.0020635637721406895,0.0016826910007301926,0.20181769533358093,13.762361416796086,0.2978363557060793,0.3386727143332502
413,adam,413,414,0.00047255963619945244,1,0.004018192171267738,0.0020787785431936033,0.02507822896361323,6.949999722860895e-05,1,2,,0,1.175193971479941e-09,-12.842251879893992,-0.029814888585631263,-0.8793148384878463,0.0037409505792517506,0.0027088802693967175,0.002899072106153112,0.004018192171267738,0.0020636229807376445,0.001682335203811871,0.20171887171198874,13.74459774394709,0.2978383231781912,0.33867876730869406
414,adam,414,415,0.0004678340398374579,1,0.0040038966298768875,0.001658981952866711,0.01968809433355288,7.328625649745282e-05,1,2,,0,9.86804235678903e-09,-12.841886968444141,-0.029848825495430945,-0.8794160833391358,0.0037440645681506685,0.0027075230196464193,0.0028980063437992164,0.0040038966298768875,0.0020626910263513445,0.0016816071355361842,0.20158016817787738,13.724578284737412,0.2978360342272196,0.33868354404273315
415,adam,415,416,0.00046315569943908335,1,0.0040010863481577275,0.0014709183073769241,0.0175132425509266,6.631914279947756e-05,1,2,,0,1.4107647769686724e-09,-12.842517156608158,-0.02987758310327668,-0.8795010014577658,0.003753028872017745,0.0027074444276787247,0.002897548138205382,0.0040010863481577275,0.0020634820371596735,0.0016810952914753674,0.20147362370976174,13.70781868713543,0.2978373174028192,0.33868466946356174
416,adam,416,417,0.00045852414244469246,1,0.00400865991445699,0.002952245693162262,0.05868764152811982,6.563481524639283e-05,1,2,,0,1.4530671134182407e-09,-12.83804906179667,-0.029920948724469567,-0.8796097132926828,0.0037723948778066434,0.0027048966735203615,0.002894413731492379,0.00400865991445699,0.002059278363582729,0.0016806244309651066,0.20137477827133696,13.692538566117321,0.2978470500503127,0.3386942340954647
417,adam,417,418,0.0004539389010202456,1,0.004000722739990701,0.002089187270058784,0.03496038733871819,6.494595108188983e-05,1,3,,0,8.220869819241994e-10,-12.830884765085726,-0.029958602204681,-0.8797034372332014,0.0037944202618542377,0.0027047740404515705,0.0028925210934698563,0.004000722739990701,0.00205794674961357,0.001680558024039394,0.201337774476063,13.683338549147209,0.29785835558546697,0.33870400003763895
418,adam,418,419,0.0004493995120100431,1,0.004000157239849148,0.002331772745347018,0.03568047669087551,5.21417311858976e-05,1,3,,0,3.07757480717382e-10,-12.829930113787853,-0.029994579285109402,-0.8797951049336387,0.003806393169036447,0.002705424617813772,0.0028919524999623174,0.004000157239849148,0.0020570009724025324,0.0016802778051732284,0.2012819937206133,13.672816130583621,0.29786541113565923,0.33871024517825665
419,adam,419,420,0.0004449055168899427,1,0.004014400307323422,0.002054588982281422,0.01860359735254502,5.740597296042329e-05,1,2,,0,2.295553391218823e-09,-12.835029927395587,-0.0300291711728608,-0.8798852368576606,0.0038093523684550427,0.0027051303490234,0.002891411319439158,0.004014400307323422,0.0020549802918990194,0.0016795977804682288,0.20117900702554162,13.658967090730835,0.29786812201946966,0.3387128022243261
420,adam,420,421,0.0004404564617210432,1,0.004005713607340143,0.0004336666865871081,0.00446497791094537,4.781084333781665e-05,1,2,,0,8.52057182025471e-09,-12.833245744469625,-0.03005466711939081,-0.8799485216741547,0.00384134919086484,0.0027043689024553235,0.0028901034589335546,0.004005713607340143,0.002053071633944356,0.0016795869256989002,0.2011564267062495,13.652328607266043,0.29787578685649296,0.33872270238945934
421,adam,421,422,0.0004360518971038328,1,0.003998048193379715,0.00043397513882711817,0.004476248570252904,4.610249028521606e-05,1,2,,0,9.125702460568268e-09,-12.831298035083538,-0.03003633024300493,-0.8799259859614562,0.0038706834435814842,0.0027041907217314875,0.0028893059801987195,0.003998048193379715,0.00205178074049139,0.0016796834722875484,0.20115345191579304,13.650293453717339,0.2978819469901574,0.3387327618386952
422,adam,422,423,0.0004316913781327945,1,0.003993106531705305,0.0026324356488047172,0.040120547996643025,5.4794842723076466e-05,1,2,,0,9.179223041105633e-09,-12.82921053027719,-0.029979241632359856,-0.8798276589296515,0.0038976350118215685,0.0027044839839387874,0.002888932339281708,0.003993106531705305,0.0020510136128231967,0.0016798732889125921,0.20116824210531295,13.652230573169428,0.29788680943679,0.3387429922659131
423,adam,423,424,0.0004273744643514665,1,0.003966631701272638,0.0004372787656458752,0.004522656480085273,6.042276130599232e-05,1,2,,0,6.363742230850315e-09,-12.813449693614015,-0.02993356538627076,-0.8797578692337367,0.0036163061927454035,0.002704245102606905,0.002887936759492777,0.003966631701272638,0.0020499361639775508,0.001679908545292342,0.2011389013122984,13.652399884217653,0.29788733192063427,0.3387458847339716
424,adam,424,425,0.0004231007197079519,1,0.003973137403749898,0.0028862420253858456,0.06309696034969278,6.888693541413224e-05,1,2,,0,5.576777442302212e-09,-12.799018090020576,-0.02985254401425905,-0.8796187510216328,0.003366023847932917,0.002704394553052432,0.002887362154998542,0.003973137403749898,0.0020493218603031796,0.0016800343956579554,0.20112873630342912,13.6560930999435,0.2978872201071073,0.3387497485323271
425,adam,425,426,0.00041886971251087234,1,0.004000779342258811,0.004387415072803505,0.10364802281416031,6.918243978037855e-05,1,4,,0,1.6376659001728552e-09,-12.782607644851156,-0.029777738365716944,-0.8794873016203547,0.0031462401809767954,0.002698049703609023,0.002882096844461554,0.004000779342258811,0.0020429327692849295,0.001679536310924804,0.20102190644679885,13.652922968810364,0.29788817535739776,0.33875419507456167
426,adam,426,427,0.0004146810153857636,1,0.003991071475105617,0.004326111992710796,0.09953084039328661,6.636284349354836e-05,1,3,,0,4.485184981251295e-09,-12.764188940460489,-0.029710119394394205,-0.8793671547126297,0.0029542277093499198,0.0027001864628118243,0.002882571367296455,0.003991071475105617,0.002045029336947817,0.0016802217854548728,0.20108752048024994,13.661945792022452,0.2978921667356191,0.33875995786306534
427,adam,427,428,0.00041053420523190596,1,0.003961103942854322,0.0024392807935625575,0.03612394428361704,5.23440669317579e-05,1,3,,0,6.380700793744015e-09,-12.755004323067373,-0.029652325138117174,-0.8792687552349635,0.0027754987629598376,0.002696171108025007,0.002879356779353846,0.003961103942854322,0.002040984759423442,0.00167968708172697,0.20099148676319983,13.658537085459324,0.29789073781881764,0.33876062449036054
428,adam,428,429,0.0004064288631795869,1,0.004055722269132815,0.0033527443295048647,0.07193378588684923,5.6969340784329964e-05,1,3,,0,3.699681279070664e-09,-12.752144690955607,-0.029603105520377645,-0.8791887744929889,0.0026087665062575283,0.0026936872676711766,0.0028781199109062052,0.004055722269132815,0.002037839849198522,0.0016790036169638859,0.2008853809227044,13.653209389805692,0.29788634076242737,0.3387584959073592
429,adam,429,430,0.000402364574547791,1,0.004049622279484243,0.003393967027690901,0.0731852098013735,4.2275534678054135e-05,1,2,,0,5.22977829117007e-10,-12.746765461548618,-0.029558321311519104,-0.8791145622248101,0.0024642126039399054,0.0026937939860840494,0.0028780512297273604,0.004049622279484243,0.0020376948356868687,0.0016788007890961233,0.200848113996874,13.653301668500593,0.2978844440891207,0.3387575470644364
430,adam,430,431,0.0003983409288023131,1,0.003988716779837391,0.002396299691054548,0.035819412095230624,5.168750647227818e-05,1,3,,0,1.304608087227147e-09,-12.739181857941846,-0.029517496971427266,-0.8790454862170662,0.0023394320004558483,0.0026957953217897706,0.0028786500189686647,0.003988716779837391,0.0020399133091475894,0.0016789796502944278,0.20086585415828526,13.657756579726147,0.2978846932067088,0.3387576051072135
431,adam,431,432,0.00039435751951429,1,0.004097891828578297,0.019516536002860796,0.5282601062733592,5.9900969909081787e-05,1,5,,0,4.520174225041308e-09,-12.731195679091512,-0.029475838742344967,-0.8789660059691409,0.002265582404916901,0.0027059737159933765,0.0028857619677051835,0.004097891828578297,0.002050150179433371,0.001680657371234414,0.2010843858018773,13.675718917514347,0.297890724545413,0.3387610063550589
432,adam,432,433,0.0003904139443191471,1,0.009037664948929778,0.0022412609746304325,0.019244954502897368,9.70215281001063e-05,1,15,,0,5.780483462719776e-09,-12.703103360889031,-0.029443122872333333,-0.8789007536826066,0.0021913891629799934,0.003031464714880052,0.003375679695854139,0.009037664948929778,0.002273137647390782,0.0016757969982307505,0.20090009712650864,13.444162621666582,0.29789737736868194,0.33876522270554843
433,adam,433,434,0.0003865098048759556,1,0.009015390727213522,0.002216758823870326,0.019099008462497524,8.90656973206996e-05,1,3,,0,9.249742109813255e-13,-12.709328220093932,-0.0294147377085622,-0.8788539505470393,0.0021146532278147,0.0030335558679629063,0.00337692612466648,0.009015390727213522,0.002276587138369566,0.0016758288712599716,0.20090291134347826,13.444983832240242,0.29790000148606716,0.33876364343283094
434,adam,434,435,0.000382644706827196,1,0.008934390492957273,0.002198797788953664,0.01903856439973836,9.222039465720154e-05,1,2,,0,9.476119053253191e-09,-12.722766266553869,-0.029392758857698004,-0.8788235060850994,0.0020356989871851343,0.0030300861864068335,0.003369382077851198,0.008934390492957273,0.0022802880651424367,0.0016757137377588908,0.20088072866826126,13.44396483775099,0.2978990984761901,0.33875700512624074
435,adam,435,436,0.00037881825975892406,1,0.008804454454359538,0.0021874512194111602,0.019049161104753347,0.00010199721386887724,1,2,,0,6.413859752911784e-09,-12.742441237145178,-0.029376467857517165,-0.8788075498396772,0.0019548489914008866,0.0030222105354866663,0.0033549077884583675,0.008804454454359538,0.002284457373260086,0.0016754512555398205,0.200836907436776,13.441241813242877,0.29789512032233006,0.3387459632165569
436,adam,436,437,0.0003750300771613349,1,0.008632468365755675,0.002182752100376799,0.019112570632362845,0.00011447435914162672,1,2,,0,9.002024443449668e-09,-12.76751030624848,-0.029365224136181728,-0.878804412041828,0.0018723945100317838,0.003011033843263187,0.0033352946425703744,0.008632468365755675,0.0022892941137116637,0.0016750657829219231,0.20077762063746094,13.437112242328412,0.2978884721268564,0.3387310981498016
437,adam,437,438,0.0003712797763897215,1,0.00842379900322485,0.0021910873716785217,0.019220689027461185,0.00012743673165519954,1,3,,0,8.717921116231778e-12,-12.797103190341973,-0.029358455505432448,-0.8788126035238856,0.0017885680203191979,0.002997510055755707,0.0033120699005035133,0.00842379900322485,0.002294835556083854,0.0016745110565618835,0.2007040293665397,13.431473764946634,0.2978795166355537,0.33871292581334134
438,adam,438,439,0.00036756697862582425,1,0.008181330750419396,0.0022118003448956137,0.019379516070139213,0.00013993840012552908,1,3,,0,2.1581697186861747e-11,-12.83069071548771,-0.029355659432345957,-0.8788308013406734,0.0017034532529960115,0.002982469498675609,0.003286357098934595,0.008181330750419396,0.002301338885978411,0.0016738700438593149,0.2006257273603162,13.424838718247408,0.29786857945658907,0.3386919108016431
439,adam,439,440,0.00036389130883956604,1,0.007906020643069975,0.0022643297162600637,0.0195949847576437,0.00015162834988889114,1,3,,0,8.597826616916237e-11,-12.867537970241218,-0.02935638526938024,-0.8788578294770438,0.001617014502643366,0.0029667717398834626,0.00325899849451751,0.007906020643069975,0.0023087837172851905,0.0016730782762000471,0.20054428752503792,13.416940079251663,0.2978559510115035,0.3386684726548584
440,adam,440,441,0.00036025239575117037,1,0.00759112873301954,0.00242950497433348,0.019921202631385915,0.00016264968270520965,1,3,,0,5.429101360679571e-10,-12.90697248485192,-0.029360236469922082,-0.8788926527966003,0.001528896860340307,0.002950794553340206,0.0032297071443479447,0.00759112873301954,0.002317112716270243,0.0016720396250319044,0.20046583526421893,13.407242771563418,0.29784189056469557,0.338643005734076
441,adam,441,442,0.00035664987179365865,1,0.006519652301810495,0.0018759823202801154,0.019771615517119506,0.0001740194000892671,1,9,,0,9.961944132418406e-10,-12.943328177202405,-0.029366748007184907,-0.8789343960506005,0.0014377082017564067,0.00290233382466538,0.003139578363262465,0.006519652301810495,0.0023573155974338468,0.0016778703982720954,0.2022138932494533,13.454138687656886,0.29782662819152433,0.3386159334522099
442,adam,442,443,0.00035308337307572203,1,0.006267332894835672,0.001870914772370396,0.019970565080601375,0.00017640424192560595,1,3,,0,8.736285487354026e-12,-12.9876777081455,-0.029375758175415913,-0.8789817763007168,0.001350073145222048,0.002907097188361045,0.0031403224089645355,0.006267332894835672,0.0023720220635326285,0.0016782407394664793,0.2022165207765147,13.454425665939295,0.2978105621135591,0.3385869645268964
443,adam,443,444,0.00034955253934496484,1,0.006007228837053191,0.0018684367091583805,0.020192496587819207,0.0001789061110096963,1,3,,0,4.6271409924828825e-12,-13.033947524698208,-0.02938684032967419,-0.8790340810920821,0.0012657603048734677,0.0029132640667996483,0.0031433116203492912,0.006007228837053191,0.0023877779380872127,0.001678517235627712,0.20220865461977763,13.45401464835583,0.2977938483040633,0.3385563802605288
444,adam,444,445,0.0003460570139515152,1,0.00574029903475395,0.001868085789060989,0.02043553267020423,0.00018138130557050647,1,3,,0,3.0505451898313248e-12,-13.081707724596988,-0.029399751908015075,-0.8790906744991721,0.0011845409766186729,0.002920881059833178,0.0031487508619137856,0.00574029903475395,0.0024046609720544507,0.0016787201096419326,0.20219261257888393,13.453035752304723,0.2977766271763736,0.3385244361700645
445,adam,445,446,0.00034259644381200003,1,0.005467358695341134,0.0018695878683265175,0.020698768163116443,0.00018373122702244898,1,3,,0,2.87634232607494e-12,-13.13056277618852,-0.029414276759795892,-0.8791509880596711,0.0011061949751405033,0.0029299587608248956,0.0031568199500339143,0.005467358695341134,0.002422751427537963,0.0016788654264389931,0.2021702445713094,13.451595424653027,0.2977590261993549,0.3384913650201204
446,adam,446,447,0.00033917047937388,1,0.005543208691229514,0.0016598545046377202,0.02422429910032882,0.000185893058274209,1,3,,0,3.5992192678327765e-12,-13.180147889030135,-0.029430221921289558,-0.8792145125984369,0.0010305133453732288,0.0029404978006612906,0.0031676787596384174,0.005543208691229514,0.0024421361475440717,0.0016789653493398285,0.20214292246813942,13.449774507582212,0.2977411621414166,0.33845738005802434
447,adam,447,448,0.00033577877458014125,1,0.00563937867858971,0.001669152259072783,0.024918680286232682,0.00015724822476743873,1,2,,0,9.422312870035106e-09,-13.220594566389469,-0.02944317855845277,-0.8792672105065599,0.0009705098584931166,0.0029489626770583086,0.003176981925411902,0.00563937867858971,0.0024562147227762832,0.0016788983262598812,0.20211016873330723,13.447645541149354,0.2977241115473284,0.3384311544313383
448,adam,448,449,0.0003324209868343398,1,0.005690745217075963,0.0016558041609337083,0.02448175264931544,0.00013518128375031746,1,2,,0,6.43493113693413e-09,-13.252693954725343,-0.02945337376268529,-0.8793099844243462,0.0009246658067233787,0.002955266329740258,0.0031841532302875333,0.005690745217075963,0.0024652822368737277,0.00167867431445816,0.20207058856760865,13.445137054342489,0.2977081074688402,0.3384119958539304
449,adam,449,450,0.0003290967769659964,1,0.005704490673611263,0.0016261132219473708,0.023213631798665636,0.0001190251418063901,1,2,,0,5.1012956596161355e-09,-13.277673624990442,-0.029461041910264777,-0.8793436920949825,0.0008915822050229511,0.0029595517025273136,0.003189087478693049,0.005704490673611263,0.0024699269475161084,0.001678335839205349,0.2020274808367859,13.4424509524057,0.2976933324615084,0.33839925455124586
450,adam,450,451,0.00032580580919633643,1,0.005687809926436553,0.0015878866733602104,0.021427774113468863,0.00010808541079203043,1,2,,0,5.754416862747659e-09,-13.296400648463234,-0.02946639985819387,-0.879369137289022,0.0008699777570477238,0.0029620594661363795,0.003191925723839947,0.005687809926436553,0.002470882243548002,0.0016779036986416958,0.20198165906970936,13.439643623630884,0.2976799114772857,0.3383923183620439
451,adam,451,452,0.00032254775110437305,1,0.005646971458194558,0.0015473475993934948,0.019374374313664258,0.00010155620821318033,1,2,,0,7.058301618566686e-09,-13.30962816021111,-0.02946965112894069,-0.8793870680815205,0.0008586851419052381,0.002963049456395436,0.0031929097143682792,0.005646971458194558,0.002468864972112734,0.0016773969118506545,0.20193405855012656,13.436768006344229,0.2976679199070205,0.3383906151650808
452,adam,452,453,0.00031932227359332934,1,0.005587045702834956,0.0015087129381423589,0.01723552363914059,9.850036620845338e-05,1,2,,0,7.677901724532304e-09,-13.317997644305361,-0.029470985707745784,-0.8793981776130338,0.0008566445138356669,0.002962764920656489,0.003192303200051027,0.005587045702834956,0.002464505875536477,0.001676832188303307,0.20188560322670215,13.433869133752935,0.297657394789741,0.3383936154469892
453,adam,453,454,0.00031612905085739605,1,0.005512001086184164,0.001474396041947531,0.01620214525010004,9.794600642619774e-05,1,2,,0,7.502399508931094e-09,-13.322054067493086,-0.029470580334770045,-0.8794031063085169,0.0008628957367816551,0.002961419610452839,0.003190357614655574,0.005512001086184164,0.002458332235281222,0.0016762241225046712,0.20183716484211886,13.430985042196461,0.29764834412135693,0.3384008327219048
454,adam,454,455,0.0003129677603488221,1,0.005531738894956312,0.001172963716682502,0.017215653610592234,9.902259529171517e-05,1,2,,0,6.818185373737899e-09,-13.322261409227638,-0.0294685990778215,-0.8794024448182836,0.0008765702320652527,0.0029591958732373513,0.003187300267605856,0.005531738894956312,0.0024507729526711637,0.0016755851959639645,0.2017895195970101,13.42814669770086,0.29764075368289894,0.33841182211433873
455,adam,455,456,0.00030983808274533386,1,0.00552235345840468,0.0011763376508805035,0.01732477315177201,8.774951934484805e-05,1,2,,0,4.172052859856474e-09,-13.320389121498627,-0.029465531205986693,-0.8793977039012091,0.0008868132694388027,0.0029559120090697443,0.0031830424939915465,0.00552235345840468,0.0024429363099041095,0.0016750283043909435,0.20174225896373496,13.425315719354126,0.29763751869247246,0.3384248230478945
456,adam,456,457,0.00030673970191788053,1,0.0054881387764447054,0.0011803778965920257,0.017356297846158504,8.928493203252087e-05,1,2,,0,2.7195116123205417e-09,-13.31666771665251,-0.029461503357890075,-0.8793893563055947,0.0008940059168065439,0.002951653038073125,0.003177644217542064,0.0054881387764447054,0.002434794907480378,0.0016745470084486608,0.20169588156601226,13.422503143380464,0.2976378401545989,0.33843950757553704
457,adam,457,458,0.0003036723048987017,1,0.005432710381047469,0.0011851643236299111,0.017313963781020722,9.762497983093107e-05,1,2,,0,2.1774912127018183e-09,-13.311291783983183,-0.029456629112127992,-0.8793778227173431,0.0008984888669631361,0.0029465075066535344,0.0031711955860230278,0.005432710381047469,0.0024263370430579563,0.0016741313454056524,0.20165006081060055,13.419639491639215,0.29764117240468413,0.33845562481904046
458,adam,458,459,0.0003006355818497147,1,0.005358706614717474,0.0011910356715347855,0.01719898178607715,0.00010848610639973728,1,2,,0,2.392767267545765e-09,-13.304435558749587,-0.02945100977902194,-0.8793634772704604,0.0009005665661559033,0.0029405659872521616,0.003163807398824239,0.005358706614717474,0.0024175696726192308,0.0016737710388916827,0.20160427993956578,13.416629511904711,0.29764708077180824,0.338472962401202
459,adam,459,460,0.00029762922603121755,1,0.005268021558480836,0.001198599370136619,0.01700918561145248,0.00011970108578934214,1,2,,0,3.0058856591454674e-09,-13.296254816547936,-0.029444735618485058,-0.8793466523206035,0.0009005109155789557,0.0029339165965929113,0.0031555972449488646,0.005268021558480836,0.0024085089199892204,0.0016734550028219026,0.20155780240966478,13.413348689498532,0.29765519825587416,0.3384913328639702
460,adam,460,461,0.00029465293377090534,1,0.0051766226711985955,0.0018175215726564608,0.04382119745704701,0.00013037267309028603,1,2,,0,3.776648460489006e-09,-13.286888566613959,-0.029437886875372743,-0.8793276425556209,0.0008985645590626005,0.0029266403061586235,0.0031466786243950495,0.0051766226711985955,0.002399172025242591,0.0016731704756273733,0.2015095890744449,13.409633522039691,0.2976652056047365,0.3385105664653091
461,adam,461,462,0.0002917064044331963,1,0.005138531115371281,0.001792165458487499,0.043032469150888,0.00011936327446885367,1,2,,0,3.3511981794598084e-09,-13.276947079888593,-0.02943081995255347,-0.8793076127114338,0.0008947222911598352,0.0029189017562494027,0.0031372384897830796,0.005138531115371281,0.0023896095577111854,0.0016727734879609457,0.20145272501954736,13.404633901973103,0.29767612977735336,0.33853064863283727
462,adam,462,463,0.00028878934038886436,1,0.005085101621658476,0.0017575890613391303,0.041946678476151744,0.00011249435426579153,1,2,,0,3.4083861380710283e-09,-13.26651773150451,-0.029423576110780652,-0.8792867267165556,0.0008892036639383834,0.0029108290922800137,0.0031274546773415565,0.005085101621658476,0.0023799465768031417,0.0016722901336011847,0.20139045772997075,13.398754117802778,0.29768777588961226,0.33855141616995066
463,adam,463,464,0.0002859014469849757,1,0.005025170660500305,0.0013472637753874515,0.015503108393731382,0.00010887816492436047,1,2,,0,3.684713039175474e-09,-13.255682591293416,-0.029416194330665696,-0.879265137611837,0.0008822055967546338,0.0029025363901353618,0.003117481857961789,0.005025170660500305,0.0023702714282551563,0.0016717388192098337,0.2013247878826364,13.392226805827644,0.2976999833551401,0.3385727254505875
464,adam,464,465,0.00028304243251512593,1,0.004986576753573889,0.0013417178901923542,0.015478245165150673,0.00010055091588006621,1,2,,0,2.755908300904205e-09,-13.242586950939007,-0.029408052756613078,-0.8792409710635217,0.0008835655711834311,0.002894215284870913,0.0031074437163498858,0.004986576753573889,0.002359949882049286,0.001671162884173881,0.2012616314134268,13.385982320655502,0.2977116830972794,0.33859603954897516
465,adam,465,466,0.0002802120081899747,1,0.004934324929978804,0.0013371006989351419,0.015473494597706014,9.520073154316782e-05,1,2,,0,2.198399615339875e-09,-13.22748382088181,-0.029399256615108487,-0.8792145715810167,0.000892290926641151,0.002885888997835901,0.0030973873564095,0.004934324929978804,0.002349111647917477,0.001670566328075186,0.2012007147981638,13.380006866960471,0.29772294162368457,0.3386210789871652
466,adam,466,467,0.00027740988810807493,1,0.004870365764191341,0.0013333816178047553,0.015486324412725655,9.22557399510112e-05,1,2,,0,1.8972299827035253e-09,-13.210602044624089,-0.02938990055898347,-0.8791862483704322,0.0009074980659729386,0.002877592591921134,0.0030873818531281156,0.004870365764191341,0.002337888984465938,0.001669954391224161,0.20114205616848033,13.374300572393011,0.29773381793963594,0.3386475973066925
467,adam,467,468,0.0002746357892269942,1,0.004841079787971868,0.0017367739914773213,0.0224363410176765,9.112258791915246e-05,1,2,,0,1.8068103482085741e-09,-13.192146951734953,-0.029380069672521728,-0.8791562791095683,0.0009284001207190676,0.0028693613372879306,0.003077499448503213,0.004841079787971868,0.002326406788554799,0.0016693320020073395,0.2010857509354191,13.368865948895825,0.29774436367469836,0.33867537675310316
468,adam,468,469,0.0002718894313347242,1,0.004818619356494682,0.0017350199312032308,0.022476361838888577,8.42442209497196e-05,1,2,,0,1.597609151438281e-09,-13.176385798379274,-0.02936810289706447,-0.8791188285741601,0.0009661580876584856,0.0028613394859018566,0.003067939750460966,0.004818619356494682,0.0023160225581094177,0.0016687124235113286,0.20103562849272205,13.36354078925469,0.2977566056220315,0.3387009973933974
469,adam,469,470,0.000269170537021377,1,0.004773333668714054,0.0017335135861593718,0.022550651892790496,8.24889362327676e-05,1,2,,0,1.8396826192068588e-09,-13.163105385349917,-0.029354283210015448,-0.8790748535600705,0.0010188659203277648,0.0028535692925138983,0.0030587772246689093,0.004773333668714054,0.0023065986511273703,0.0016680978469629224,0.20099108253649595,13.358334117200505,0.2977702823209565,0.33872464443668393
470,adam,470,471,0.0002664788316511632,1,0.004725109880425434,0.0015245578025081497,0.03448437240644585,8.446921060161162e-05,1,2,,0,2.345152036218384e-09,-13.152070674285996,-0.029338863065640465,-0.8790251999025088,0.0010848017086084918,0.002846209849404719,0.0030501608708167825,0.004725109880425434,0.0022980293406670797,0.0016674901407191147,0.20095159036904955,13.353256524317246,0.29778517134328913,0.33874649185075517
471,adam,471,472,0.0002638140433346516,1,0.0047600966200800785,0.0018363286740354038,0.022310575107970625,8.297764292434102e-05,1,2,,0,2.1482172504911995e-09,-13.140923968960092,-0.02932433425261395,-0.8789783924498304,0.0011416836002836376,0.0028391228233886896,0.003041893679276865,0.0047600966200800785,0.0022895802393926184,0.0016668561186281023,0.2009095969570219,13.347810378341729,0.29779999343541497,0.3387684461541182
472,adam,472,473,0.00026117590290130504,1,0.004779241133279081,0.0018358067339550675,0.022295866690078724,6.818423239606281e-05,1,2,,0,1.393494803246766e-09,-13.136305063516708,-0.029313773029974143,-0.8789445192656756,0.0011880397458488717,0.002834190473639761,0.0030359233057582562,0.004779241133279081,0.0022833679017158597,0.0016662569419251295,0.20086539002494855,13.342544010088856,0.29781091685921113,0.33878420661044856
473,adam,473,474,0.00025856414387229204,1,0.004771525597393713,0.0018356998794591267,0.022312023441977656,5.9459155139890444e-05,1,2,,0,1.1086000904378807e-09,-13.137447013433269,-0.029306726971266593,-0.8789221164525343,0.0012250262107795721,0.00283101122475243,0.0030318170092943986,0.004771525597393713,0.0022790898756327154,0.0016656887109787037,0.20081936482592405,13.33746196444347,0.29781839787308534,0.3387945026116346
474,adam,474,475,0.0002559785024335691,1,0.004740248739943677,0.0018359501215486705,0.02235511502193185,5.6711436677691456e-05,1,2,,0,1.2032619887320802e-09,-13.143645221516364,-0.029302792697996582,-0.8789098785045392,0.0012536763187125724,0.002829265994849825,0.003029283461871623,0.004740248739943677,0.0022764989026346234,0.0016651481762323418,0.20077185709264964,13.332559646815378,0.2978228443793893,0.33879998433386627
475,adam,475,476,0.0002534187174092334,1,0.004688336711634675,0.0018365139347162659,0.022421836878244762,5.868673576020878e-05,1,2,,0,1.5032014394874964e-09,-13.154258624358238,-0.029301611850737153,-0.8789066412093598,0.0012749138725313908,0.00282873360613905,0.0030281350918592493,0.004688336711634675,0.0022753921896193747,0.0016646330235521253,0.20072320301020405,13.327835061998508,0.29782462035817536,0.33880123088482167
476,adam,476,477,0.00025088453023514105,1,0.00461838368703592,0.0018373586202726285,0.022509380379794126,6.351426651038467e-05,1,2,,0,1.8917001176044793e-09,-13.168706668956911,-0.029302866148537273,-0.8789113663939969,0.0012895647286898075,0.002829261803100314,0.0030282575353881586,0.00461838368703592,0.002275601869028753,0.0016641416112173626,0.20067372631778288,13.323287542577098,0.2978240500858267,0.3387987577401216
477,adam,477,478,0.00024837568493278964,1,0.0046347433102358875,0.0013116308413128796,0.015280562045230511,6.96319616840107e-05,1,2,,0,2.31832598697995e-09,-13.186465134791304,-0.029306272967998617,-0.8789231283171,0.0012983669911080114,0.0028307420767744074,0.003029586445511089,0.0046347433102358875,0.0022769874422279785,0.0016636727675675583,0.20062373010475854,13.318916966029933,0.29782142209044654,0.33879302349518725
478,adam,478,479,0.00024589192808346173,1,0.004648252487970658,0.0013116068300646267,0.01520405181913273,5.9553317426744595e-05,1,2,,0,1.507280664691402e-09,-13.199320641715829,-0.029308027393555296,-0.878929455958889,0.0013129196957814841,0.0028313387467886193,0.0030299757800261217,0.004648252487970658,0.002276904247598816,0.0016631903238464908,0.20057621939014483,13.314852535007567,0.2978197875343183,0.33879155026264135
479,adam,479,480,0.00024343300880262712,1,0.0046456357316249815,0.001311976601915803,0.015150108978854465,5.337827236990848e-05,1,2,,0,9.782272280211384e-10,-13.207870325775971,-0.02930829747604711,-0.8789309005442197,0.0013326151782548667,0.0028311230691342665,0.0030294519507023878,0.0046456357316249815,0.0022754997502620524,0.001662699088501764,0.20053116769411145,13.311080619115453,0.2978190666269282,0.3387938412944032
480,adam,480,481,0.00024099867871460088,1,0.004628769031828702,0.0013126727999501482,0.015115946511654446,5.083170399664698e-05,1,2,,0,6.50917014284273e-10,-13.212608363774214,-0.029307237099373915,-0.8789279671447299,0.0013569006663578305,0.002830173977007493,0.003028076210381568,0.004628769031828702,0.002272929650289061,0.0016622024265884948,0.20048850407739707,13.30758229211965,0.29781918536317664,0.3387994543492173
481,adam,481,482,0.00023858869192745487,1,0.004599335045684672,0.0013136446577377574,0.015099148275865767,5.118078208840751e-05,1,2,,0,4.776962076677725e-10,-13.213968643615926,-0.029304987200688904,-0.8789211175355902,0.0013852744245430684,0.0028285731345506168,0.003025931866278396,0.004599335045684672,0.00226934848182403,0.0016617033439731725,0.2004481971640698,13.304340596223827,0.29782007508145847,0.3388079956889964
482,adam,482,483,0.0002362028050081803,1,0.004558838857620907,0.0013148535783704374,0.015097627939908417,5.345475056276222e-05,1,2,,0,4.4017782832504045e-10,-13.2123324843757,-0.029301676657003877,-0.8789107732074565,0.0014172817842670298,0.0028264021063763157,0.00302311471382263,0.004558838857620907,0.0022649053097342506,0.0016612044936647604,0.20041023769517702,13.301340140060681,0.29782167204284793,0.33881911470155734
483,adam,483,484,0.00023384077695809847,1,0.004509388783133941,0.0017275525603760306,0.023253046576839773,5.678037479218319e-05,1,2,,0,5.106238657824452e-10,-13.208035930552436,-0.029297423172890014,-0.8788973184011427,0.0014525112212209156,0.002823740425901367,0.0030197261841457767,0.004509388783133941,0.002259741069157179,0.001660708190764206,0.2003746268187285,13.298566783927127,0.2978239170379023,0.3388324990982109
484,adam,484,485,0.0002315023691885175,1,0.004491878040255149,0.0017285736263514685,0.023310885800471318,5.2316202180231404e-05,1,2,,0,6.665441558656817e-10,-13.20479582911376,-0.02929092492767884,-0.8788760369180066,0.0015004541372479246,0.0028213601064758734,0.003016416437289971,0.004491878040255149,0.0022549849005187046,0.0016602206721633968,0.20034397855977262,13.295794066440884,0.29782817962895003,0.33884511112911253
485,adam,485,486,0.0002291873454966323,1,0.00445791886719767,0.0014628437100632093,0.0322848324986983,5.336936423530784e-05,1,2,,0,1.0890970163399047e-09,-13.20250087953956,-0.02928245754231958,-0.8788478748964986,0.0015596267797448754,0.002819314327268909,0.0030132510729954003,0.00445791886719767,0.002250588532348093,0.0016597426740253892,0.20031772446022117,13.293031304948569,0.29783419835833475,0.3388570146012249
486,adam,486,487,0.000226895472041666,1,0.0044364907211049435,0.0014534106394410965,0.03196710183392709,5.27371999508114e-05,1,2,,0,9.385008732575143e-10,-13.199382936725776,-0.02927425164769312,-0.878820585157256,0.0016107119716940628,0.0028169530071539416,0.0030098086119374596,0.0044364907211049435,0.0022459894589454622,0.001659238559498654,0.20028919544600896,13.289827922137356,0.297840843749821,0.33886973867392545
487,adam,487,488,0.00022462651732124936,1,0.004431568918073471,0.001845544707896546,0.022732199663574544,5.512007986581403e-05,1,2,,0,8.802526563657469e-10,-13.195549363105897,-0.029266289695797136,-0.8787941023434608,0.001654597865633156,0.002814317411036233,0.0030061452043352015,0.004431568918073471,0.0022412334505353235,0.0016587135819995241,0.20025886627572284,13.286246583660963,0.2978480113761261,0.3388831518561905
488,adam,488,489,0.00022238025214803682,1,0.004424419018023205,0.0018456664515836788,0.02272969697438829,4.8989456730126e-05,1,2,,0,6.796968311787713e-10,-13.196587130833974,-0.029261252605580684,-0.8787773669472932,0.001689796736929897,0.002812861661889719,0.0030039440787138025,0.004424419018023205,0.0022380199395557834,0.001658220831504589,0.20022672495491653,13.282818730743603,0.2978524570791751,0.3388919241143595
489,adam,489,490,0.00022015644962655647,1,0.0043972633808072835,0.0018460603743490388,0.02275086134874833,4.7856305292404316e-05,1,2,,0,7.69243112425304e-10,-13.20190195059616,-0.02925880559231361,-0.8787692685315924,0.0017172681669089243,0.0028124128731319502,0.0030029914298732143,0.0043972633808072835,0.002236150263589231,0.0016577574097417212,0.20019309114801903,13.279540693958335,0.29785450233081223,0.3388966005567866
490,adam,490,491,0.0002179548851302909,1,0.004352555821707448,0.0018466920659820734,0.02279257594436922,5.041677626267258e-05,1,2,,0,9.977503889687486e-10,-13.210956121110325,-0.02925865045035426,-0.8787688166982363,0.0017378700455131177,0.0028128443376503995,0.0030031455470086142,0.004352555821707448,0.002235459889601625,0.0016573205357005986,0.20015821553297844,13.276402790896901,0.297854434337872,0.3388976675440651
491,adam,491,492,0.00021577533627898797,1,0.004367326191653979,0.0013175861153274634,0.014980014903418146,5.504299204378045e-05,1,2,,0,1.2855415011971743e-09,-13.223262976673054,-0.029260522212791695,-0.8787751281590995,0.0017523693042260132,0.0028140611579921143,0.00300431687691059,0.004367326191653979,0.0022358126355642768,0.0016569080383980834,0.20012234389774028,13.27339803928045,0.2978525092926783,0.3388955587024139
492,adam,492,493,0.0002136175829161981,1,0.004368852856963903,0.0013185948520097479,0.014925216665900062,4.8748182661101964e-05,1,2,,0,8.335145310750835e-10,-13.231586218196762,-0.029260972680299785,-0.8787767430551506,0.001771687247829203,0.002814527724788528,0.0030046191602133504,0.004368852856963903,0.0022350437238127627,0.0016564953179857905,0.20008895613123168,13.270657605877334,0.2978515756085227,0.3388968713116628
493,adam,493,494,0.00021148140708703614,1,0.004357467386867498,0.0013198145251431905,0.014888455058472472,4.56276775476725e-05,1,2,,0,5.495013829274741e-10,-13.2364032883381,-0.029260151999518095,-0.8787741558665141,0.001795296830538298,0.002814316671464015,0.0030041127239963093,0.004357467386867498,0.0022332804439751342,0.00165608444866534,0.20005793337851133,13.26816239795792,0.29785154119733365,0.33890120273694185
494,adam,494,495,0.00020936659301616577,1,0.004334672345890981,0.0013212077635669118,0.014867548906337583,4.517281898220694e-05,1,2,,0,3.907311168886648e-10,-13.238115936261277,-0.02925819702002267,-0.8787678171929654,0.001822721259149307,0.0028135030153664878,0.003002875597605712,0.004334672345890981,0.002230650365902123,0.0016556767494603976,0.20002914082659104,13.265891127542087,0.2978523221516809,0.3389081946185813
495,adam,495,496,0.0002072729270860041,1,0.004326625920742713,0.0017310216025529079,0.023832321366637665,4.660959915342937e-05,1,2,,0,3.383166144634068e-10,-13.237077628862913,-0.029255232470796835,-0.8787581370641887,0.0018535298053096794,0.0028121607337233314,0.0030009954454096144,0.004326625920742713,0.00222727664271575,0.001655273420077446,0.2000024776156438,13.263824958170694,0.2978538419560872,0.33891752797152075
496,adam,496,497,0.00020520019781514407,1,0.004307535573486201,0.0017318103479695888,0.023886296757226772,4.379258514894607e-05,1,2,,0,5.172161035200324e-10,-13.236596691350504,-0.029250183858851073,-0.878741148171614,0.0018958810792625586,0.002811124515756693,0.0029992733965584968,0.004307535573486201,0.002224130379627125,0.0016548789834966294,0.19997993503008568,13.26174456719433,0.2978571484641939,0.33892644634699903
497,adam,497,498,0.00020314819583699262,1,0.004280511265082827,0.0009016166149110037,0.011941276440977498,4.582400407373922e-05,1,2,,0,8.815358328862177e-10,-13.236604750580815,-0.029243302734898256,-0.8787177222840525,0.0019484164630477246,0.0028103754978023392,0.002997757144343958,0.004280511265082827,0.0022211892182526657,0.001654494205070305,0.1999610971247451,13.259662067214649,0.297862016783783,0.33893498388654714
498,adam,498,499,0.00020111671387862268,1,0.004266230369217935,0.0009035579654939456,0.011951115087635108,4.4663038820890034e-05,1,2,,0,7.560082681491867e-10,-13.235318283555765,-0.029236410075116674,-0.8786942908897234,0.0019941888794305536,0.0028091816718659023,0.002995903574914635,0.004266230369217935,0.002218110552430513,0.0016542517273095618,0.19995233130558737,13.258619088561646,0.29786808736076853,0.33894446915436194
499,adam,499,500,0.00019910554673983647,1,0.004243847641944565,0.0009060299803120767,0.011965916079872076,4.754961399377458e-05,1,2,,0,6.963880056782964e-10,-13.232894272546186,-0.029229515972918046,-0.8786708780699304,0.0020339413362902795,0.002807604018385529,0.00299376022641594,0.004243847641944565,0.002214917431059955,0.0016541300029593628,0.19995198442329706,13.258426060501542,0.2978752258927081,0.33895477135557606
500,adam,500,501,0.0001971144912724381,1,0.004239850648140236,0.0018520572262913178,0.02288240262727879,5.236780409499522e-05,1,2,,0,7.059171288060813e-10,-13.229466124802503,-0.029222629317716818,-0.878647505894881,0.002068336488578197,0.0028056912435363486,0.0029913635963381984,0.004239850648140236,0.00221162077524612,0.001654109054605142,0.19995836694624342,13.258890709158647,0.2978833034715834,0.3389657746950961
501,adam,501,502,0.00019514334635971372,1,0.004232063186734875,0.0018527396987893952,0.022905111790277426,4.575671147093245e-05,1,2,,0,5.310130450378173e-10,-13.230289339508127,-0.029218310817662456,-0.8786328236981249,0.0020953755553603792,0.002804708401396934,0.0029901067100486867,0.004232063186734875,0.0022094957567392296,0.0016540628537370689,0.1999585078517907,13.258982914200697,0.2978887918729156,0.3389727883330273
502,adam,502,503,0.00019319191289611658,1,0.004206954808139017,0.0018535739147539732,0.02294503719042437,4.3459257198019615e-05,1,2,,0,5.969803778299294e-10,-13.234846413562124,-0.02921626622577925,-0.8786258401260335,0.0021158728926173225,0.002804542538825231,0.002989834033986923,0.004206954808139017,0.002208409473073941,0.0016539980440670706,0.19995367264303643,13.258810442599607,0.2978919938678386,0.3389762799913007
503,adam,503,504,0.00019125999376715542,1,0.004210198026064446,0.0018628306716062188,0.026789095227912202,4.462249229692325e-05,1,2,,0,7.749496570309446e-10,-13.242669871611728,-0.029216233463776522,-0.8786256711309641,0.0021305570557446354,0.002805099647676116,0.0029904349628446054,0.004210198026064446,0.002208240263892237,0.0016539174842017021,0.19994456490451973,13.25841747215005,0.29789317994566455,0.33897666700071133
504,adam,504,505,0.00018934739382948386,1,0.004201166854161643,0.0018613691259044165,0.026774231470158633,3.918365173413685e-05,1,2,,0,5.649681981881443e-10,-13.247874323971416,-0.029218996442407535,-0.8786352804215004,0.002109740238760374,0.0028049234971071453,0.0029903684543310495,0.004201166854161643,0.00220822726541826,0.0016538762205082862,0.19993358102496764,13.258134348532476,0.2978927314668284,0.33897618685619413
505,adam,505,506,0.000187453919891189,1,0.0042093631919774,0.0013262452043946848,0.014656030664425015,4.127580581609256e-05,1,2,,0,5.489067860211015e-10,-13.250788399415498,-0.029224229716824597,-0.8786535206865409,0.0020577435383456045,0.002804126659886927,0.0029897671743170386,0.0042093631919774,0.00220835087636723,0.0016538686924251562,0.19992092156716307,13.25794618423651,0.29789085004815885,0.33897494503842096
506,adam,506,507,0.0001855793806922771,1,0.004206415960179114,0.0013275703475847402,0.014617536834109046,3.6413960059389354e-05,1,2,,0,3.55049678213191e-10,-13.251057476429851,-0.029227769347450513,-0.8786660316139472,0.0020172947208073025,0.002802876382471134,0.0029885872657357624,0.004206415960179114,0.0022075374964420588,0.001653824294690822,0.19990829392070208,13.257683287899932,0.29788994463704577,0.33897661697648146
507,adam,507,508,0.00018372358688535436,1,0.0042037683728403455,0.0017340010164220267,0.024153490237569596,3.456490596972771e-05,1,2,,0,2.482799548649903e-10,-13.248976449125129,-0.0292297978357335,-0.8786734318815276,0.001987124854839326,0.0028012213582647646,0.002986871808802029,0.0042037683728403455,0.002205902500306341,0.0016537487190542164,0.1998958824051472,13.257365328346781,0.29788991824706273,0.33898086080905176
508,adam,508,509,0.0001818863510165008,1,0.004205398264800029,0.0017341557554707702,0.02415418328787204,2.7145215864208587e-05,1,2,,0,1.3440917110151866e-10,-13.247454000805334,-0.029229452614459403,-0.8786724918550626,0.0019734583289222844,0.0027999040479872676,0.0029853960185674366,0.004205398264800029,0.0022043212189639724,0.0016536546159045757,0.19988626924825448,13.256908122675297,0.2978916077071053,0.338985204222174
509,adam,509,510,0.0001800674875063358,1,0.004201912010042511,0.0007415372239048802,0.008615450626850648,2.675993987331499e-05,1,2,,0,1.927919863657233e-10,-13.246431890649944,-0.029227008707440078,-0.8786641783129003,0.0019743774770203336,0.0027988748797222996,0.002984114075022372,0.004201912010042511,0.0022027899307120393,0.0016535451081659365,0.1998792158467922,13.256337966907154,0.29789480293914794,0.3389896323749969
510,adam,510,511,0.00017826681263127242,1,0.004199779206112973,0.0007416065956869178,0.00861763612123399,2.345696793658145e-05,1,2,,0,1.2564039370391075e-10,-13.246309350504024,-0.029225232927234595,-0.8786581128953366,0.0019757615852548436,0.0027981713183904237,0.002983216267033855,0.004199779206112973,0.002201674580041557,0.0016534093319611023,0.1998670823510225,13.25572303247006,0.2978968440178258,0.3389920793472891
511,adam,511,512,0.0001764841445049597,1,0.004192032398472842,0.0007416028308924522,0.008617396285394107,2.3835977976435133e-05,1,2,,0,9.088581008774907e-11,-13.246981577835145,-0.029224049285664973,-0.8786540400201815,0.0019775541171635756,0.0027977562035929526,0.0029826578794813273,0.004192032398472842,0.002200928751964517,0.0016532516111817106,0.1998506248757973,13.255081772140024,0.2978978664061834,0.33899277899421526
512,adam,512,513,0.0001747193030599101,1,0.004185381450763702,0.0007215952934307174,0.00648978008634285,2.6613385539867854e-05,1,2,,0,8.983765904546736e-11,-13.24835567460267,-0.029223390241837535,-0.8786517328689922,0.0019797043972842616,0.0027975975062519125,0.0029824006204189827,0.004185381450763702,0.002200512131580925,0.0016530753314185848,0.19983046253109452,13.254423768354064,0.2978979913760513,0.33899193974213093
513,adam,513,514,0.000172972110029311,1,0.004175977143360333,0.0007261749578062095,0.006644891243714826,2.9307823080017604e-05,1,2,,0,8.775756493314592e-11,-13.248644278040645,-0.029222228604368454,-0.8786477327252338,0.001980654846002194,0.0027969411022890577,0.002981607361744391,0.004175977143360333,0.0021995295678153477,0.0016528777595024736,0.19980724739459338,13.252862955828627,0.297900062869278,0.3389930703508778
514,adam,514,515,0.0001712423889290179,1,0.004174197751960253,0.001867971340087472,0.02685931835144382,3.5779565010619153e-05,1,2,,0,1.7740102973621478e-10,-13.247973230169404,-0.02922062350022249,-0.8786422381721183,0.0019805444870659716,0.0027958458976154086,0.0029803430163555704,0.004174197751960253,0.0021980506226974635,0.0016526624529423902,0.1997813618248878,13.250507351920959,0.2979038344848858,0.3389959364718569
515,adam,515,516,0.0001695299650397277,1,0.004160711817112523,0.0018671102261223378,0.026847275805111894,3.2904078327899846e-05,1,2,,0,1.8105448641020536e-10,-13.245789199649751,-0.029221740980376026,-0.8786462276586137,0.0019499638713851644,0.002794288711856984,0.002978706558397629,0.004160711817112523,0.0021968504927107535,0.0016524939092481886,0.19975516087007766,13.248402179882955,0.2979058380724622,0.33899771115522326
516,adam,516,517,0.00016783466538933045,1,0.004153879661418162,0.0017344466325942413,0.024213178584308732,3.65008454353038e-05,1,2,,0,5.183717045956696e-10,-13.242264937805734,-0.029225264488213526,-0.8786585932792258,0.0018926099002962832,0.0027923566766209816,0.0029767977884453778,0.004153879661418162,0.0021959096033580877,0.0016523696698198614,0.1997291082048676,13.246567979128297,0.29790628854694823,0.33899852548669834
517,adam,517,518,0.00016615631873543712,1,0.0041567646048891,0.0017340505518795616,0.024193542258295845,2.9400987210696342e-05,1,2,,0,1.8969050261229913e-10,-13.239409084495415,-0.029226416205033377,-0.8786626496783022,0.0018535187701165326,0.002790766494266092,0.0029751557089008544,0.0041567646048891,0.0021949481169049882,0.001652234039695766,0.19970704625270488,13.24474637936765,0.29790826430364653,0.3389997895603092
518,adam,518,519,0.00016449475554808276,1,0.004149202690919904,0.0014000999596022377,0.02986397210227216,2.7923364376962166e-05,1,2,,0,1.8713032133344922e-10,-13.237161429426529,-0.029225468786878057,-0.8786593541610443,0.0018305788602068778,0.002789467257106652,0.002973720636400846,0.004149202690919904,0.0021939674186658366,0.0016520882462434058,0.19968853615023968,13.242935566087176,0.2979115801209708,0.339001453144412
519,adam,519,520,0.00016284980799260193,1,0.004138409071074189,0.001393898142733205,0.029641409884327,2.6743985349456675e-05,1,2,,0,1.769210319128595e-10,-13.234399926161457,-0.029224155239287605,-0.878654827862289,0.0018088684098343738,0.0027878904252406217,0.002971972486584044,0.004138409071074189,0.0021926081534649725,0.0016518996675488743,0.19966814010522232,13.24071956913617,0.29791544030870853,0.3390044581660749
520,adam,520,521,0.00016122130991267592,1,0.00413141405987221,0.0007419565496536896,0.008569769618180201,2.909362229686603e-05,1,2,,0,1.8736133300927492e-10,-13.231186247588534,-0.029222520728269568,-0.878649222265926,0.0017882677958676529,0.0027860774644582836,0.0029699618970759124,0.00413141405987221,0.0021909264477793402,0.0016516749134241372,0.19964624336827094,13.238160056050118,0.29791976152322674,0.33900863090831507
521,adam,521,522,0.00015960909681354916,1,0.004130742071031924,0.0013249155565910465,0.014485058389732408,2.719984258114402e-05,1,2,,0,1.2673995288734613e-10,-13.22905473586763,-0.029221436742470155,-0.8786454723176981,0.0017703668984805783,0.0027846577428583623,0.002968394613187781,0.004130742071031924,0.0021896582885810346,0.0016514404757852516,0.1996215026462332,13.235759214800458,0.2979229037330782,0.3390110062348498
522,adam,522,523,0.00015801300584541365,1,0.004132652084755545,0.001869782613081885,0.026915538459048094,2.5443060598870377e-05,1,2,,0,1.5161858251826082e-10,-13.225115339471566,-0.02921949073975074,-0.8786388636071092,0.001759600407909229,0.0027829162733774655,0.0029664047296718826,0.004132652084755545,0.00218774919277447,0.0016512023685128737,0.19959861537624166,13.233557664039537,0.2979263840566816,0.33901550296400196
523,adam,523,524,0.00015643287578695952,1,0.0041210943383461155,0.0007427422238073957,0.008521929571246754,2.5593226819923646e-05,1,2,,0,2.3166906217235394e-10,-13.220090354969598,-0.029220133818092124,-0.8786412640234693,0.0017219185556099999,0.0027808714692429282,0.0029642163285282176,0.0041210943383461155,0.0021861795536849728,0.0016510180591073442,0.1995761085129187,13.231691322608663,0.2979282291013482,0.3390187749253327
524,adam,524,525,0.00015486854702908992,1,0.004114145535980829,0.0007429538155762667,0.008508857125568346,2.5343986198064213e-05,1,2,,0,1.7759516785195841e-10,-13.216335756371494,-0.029221080525616457,-0.8786446528385196,0.0016887455253847233,0.002779245706959094,0.0029624897667634305,0.004114145535980829,0.002185005782452697,0.0016508214472236206,0.19955103867942564,13.229919614950987,0.2979291792386178,0.3390203769459482
525,adam,525,526,0.00015331986155879904,1,0.004107024087085609,0.0017280572288609338,0.02412223727314822,2.6878712287138697e-05,1,2,,0,1.453304655650251e-10,-13.21372165733361,-0.02922229732123071,-0.8786489206419931,0.0016595852839041965,0.002777990288948279,0.0029611694682206316,0.004107024087085609,0.0021841821545200415,0.0016506140950471003,0.19952372761587137,13.228230009743369,0.29792933883489275,0.33902050311759235
526,adam,526,527,0.00015178666294321104,1,0.004105345926320516,0.0018663066900301414,0.02350312639952989,2.5294234901530473e-05,1,2,,0,1.0567667903570168e-10,-13.211681276956648,-0.02922154846053713,-0.8786463001566917,0.0016445407856784176,0.002776973622084153,0.002960027081829656,0.004105345926320516,0.002183333501079124,0.0016504050016366337,0.1995003926636908,13.226535221500152,0.2979309217696015,0.3390211182083278
527,adam,527,528,0.00015026879631377892,1,0.004104316128943122,0.0013213292083038171,0.014472245626474922,2.134087242165737e-05,1,2,,0,5.924282849050381e-11,-13.212933727861174,-0.029222332126911433,-0.8786488581796082,0.0016280950928178265,0.002776628431971169,0.0029596798682392715,0.004104316128943122,0.0021832126568816757,0.0016502021520829727,0.19947612932999115,13.224892540409183,0.2979310123180789,0.3390194974068769
528,adam,528,529,0.00014876610835064114,1,0.004101033864469953,0.0018672867198823101,0.02356067331415967,1.9238783248480242e-05,1,2,,0,5.1653814962401173e-11,-13.21212950115188,-0.02922211555107245,-0.8786480910935369,0.0016183244706808792,0.002775879304343088,0.0029588198503254946,0.004101033864469953,0.002182378591598412,0.0016499958767417968,0.1994539522850879,13.223400417051101,0.2979317291376173,0.33902028711539156
529,adam,529,530,0.00014727844726713471,1,0.0041018788676820085,0.0013213603383198129,0.014443189271970996,1.8636013971727007e-05,1,2,,0,7.705917881515711e-11,-13.214414449793885,-0.029223348292385685,-0.8786522149818449,0.001606624956302926,0.0027757593033274786,0.002958708043453687,0.0041018788676820085,0.0021822591447128357,0.0016497964447062072,0.19943087508724122,13.221953406871553,0.29793107527585716,0.33901887084103594
530,adam,530,531,0.00014580566279446335,1,0.004095360485018727,0.0013217495145589006,0.01443088987672382,1.7653136863601407e-05,1,2,,0,5.020418991538655e-11,-13.214569938196506,-0.02922354704421776,-0.8786528947128416,0.0016010092956791,0.002775220418773378,0.002958069228391634,0.004095360485018727,0.0021814412874318558,0.0016495944751264756,0.19940984727853872,13.22064382636674,0.29793112307786207,0.33901979576881863
531,adam,531,532,0.00014434760616651872,1,0.004092101062731078,0.0018702780576971866,0.02692675878728578,1.9530972750578212e-05,1,2,,0,5.5400004336852896e-11,-13.212846633199758,-0.029222830137145835,-0.8786505243532039,0.001600784444527756,0.002774313711451215,0.0029569671927933356,0.004092101062731078,0.002180011101203309,0.0016493910286147998,0.19939071053574053,13.219459407551657,0.2979317981323171,0.33902278409450326
532,adam,532,533,0.00014290413010485355,1,0.004096201493352068,0.0017274904527850108,0.024126932810259783,2.2092083538433598e-05,1,2,,0,1.580733070139097e-10,-13.20991373343206,-0.02922439137069477,-0.8786560717398997,0.0015748713709929725,0.0027730835441339345,0.0029556450542347693,0.004096201493352068,0.0021788723605406673,0.0016492382931285062,0.19937205865929408,13.218533861748217,0.29793125436026696,0.3390247621336395
533,adam,533,534,0.000141475088803805,1,0.004094717169699509,0.0017274949435221,0.024124932112257226,1.7208085610934834e-05,1,2,,0,6.366935349905269e-11,-13.20755603290172,-0.02922405640178637,-0.8786549729860194,0.001561976181599111,0.0027720723297236455,0.002954487035647209,0.004094717169699509,0.002177746187033424,0.0016490793951600795,0.1993563599708141,13.217527520826023,0.2979321076287752,0.33902700529891355
534,adam,534,535,0.00014006033791576694,1,0.004102277963805518,0.0018700460472688438,0.02364596690970717,1.8557134747624526e-05,1,2,,0,1.4211742960039098e-10,-13.205716509241087,-0.029222045955414964,-0.8786480016897366,0.0015605930696139785,0.002771249817735971,0.0029534698483689057,0.004102277963805518,0.0021766304964250817,0.001648915282738695,0.1993432740053013,13.216449664930643,0.2979341887926187,0.3390294805992403
535,adam,535,536,0.0001386597345366093,1,0.004096371529250702,0.001870581512377959,0.023663952899307825,1.580808164779606e-05,1,2,,0,5.7109042159381044e-11,-13.206920452869118,-0.029221605170566715,-0.8786463429601414,0.0015565090561114958,0.0027710308670440636,0.0029531788615298395,0.004096371529250702,0.0021762170901757794,0.0016487545103394112,0.19932851730220494,13.215385932766933,0.2979348254046069,0.3390296932607233
536,adam,536,537,0.0001372731371912432,1,0.004089306252889802,0.0018752429613621239,0.026986525681665745,1.8154615620498937e-05,1,2,,0,1.2003122818749562e-10,-13.210796637327466,-0.02922255265792284,-0.8786493830368723,0.00155003371743489,0.0027713449868211285,0.002953528388785488,0.004089306252889802,0.002176424608341955,0.0016485975234861077,0.1993123800668373,13.214344710788259,0.29793418956882806,0.33902791340313415
537,adam,537,538,0.00013590040581933075,1,0.004076756426069942,0.0017279498849435292,0.024155930806795775,1.978909820328796e-05,1,2,,0,1.2295577839866364e-10,-13.21291662284054,-0.029225509521469222,-0.8786594455065567,0.0015196803080388297,0.002771233706924245,0.002953525682685459,0.004076756426069942,0.002176740880079685,0.0016484849864116333,0.1992964919512748,13.213547098756319,0.2979325372350897,0.3390256662578313
538,adam,538,539,0.00013454140176113745,1,0.004075741934899061,0.0018741145037383703,0.026975999410117874,1.59072824881236e-05,1,2,,0,7.238658558725255e-11,-13.215049435741573,-0.02922648929870516,-0.8786626233505529,0.0015022919141117602,0.0027712057807259068,0.00295353683942109,0.004075741934899061,0.002176911186500139,0.0016483632625455442,0.19928320962670745,13.21266188763502,0.29793233636231803,0.3390241332494911
539,adam,539,540,0.00013319598774352606,1,0.004080937677560808,0.001727850214200574,0.024142878419428766,1.9490830944885912e-05,1,2,,0,1.4458378670752716e-10,-13.215645027024395,-0.029229439558640095,-0.8786726749153996,0.0014627989430238697,0.002770812219291792,0.002953257419669802,0.004080937677560808,0.0021771919563549785,0.00164828115612859,0.19926986230144988,13.211996642475414,0.29793109599629153,0.33902211909340724
540,adam,540,541,0.00013186402786609082,1,0.004077763564674934,0.001394137053855222,0.015145976622490101,1.578281669960565e-05,1,2,,0,6.888368256789656e-11,-13.21640560977092,-0.029230436635188428,-0.8786759326099131,0.001437020189103816,0.002770522329080092,0.0029530044274254006,0.004077763564674934,0.0021773308647381816,0.0016481874162255078,0.19925886922805475,13.211235107805546,0.2979312385873694,0.33902079274516544
541,adam,541,542,0.0001305453875874299,1,0.004070673171441061,0.0013939397020964837,0.015154865322479456,1.580477174810421e-05,1,2,,0,9.286023569309848e-11,-13.21514264455263,-0.029229663745617834,-0.8786731666007137,0.001420558061227693,0.002769874736265499,0.0029522642431382825,0.004070673171441061,0.002176883624054981,0.0016481226340400073,0.19925304354620502,13.21071272802281,0.29793278030536124,0.3390217831881609
542,adam,542,543,0.0001292399337115556,1,0.004065722328799043,0.0018775069726055138,0.02702411506850802,1.9115275171877728e-05,1,2,,0,1.5672636108820059e-10,-13.212093258280358,-0.02922732787586809,-0.8786650807245284,0.0014123458271305663,0.0027689142235640444,0.0029511022623953526,0.004065722328799043,0.002175921991037311,0.0016480831487303462,0.19925174701006348,13.210397650760628,0.29793554465518834,0.33902481105125626
543,adam,543,544,0.00012794753437444004,1,0.004055754755878551,0.0018781482401093346,0.02702873939452804,1.8903484459218623e-05,1,2,,0,1.5602971648730838e-10,-13.20811185929845,-0.029227252233484307,-0.8786648461689888,0.0013819595750568419,0.0027677141059611193,0.0029497956247706136,0.004055754755878551,0.0021751929345768667,0.0016480734963103612,0.1992491457192258,13.21023614069747,0.2979369846437097,0.3390268772528948
544,adam,544,545,0.00012666805903069564,1,0.004066898892435497,0.0017264736660597922,0.02409650956043234,2.3957396207971747e-05,1,2,,0,3.953101756329106e-10,-13.203302525447707,-0.029229175676297653,-0.8786715540029362,0.0013320634697229065,0.0027663270889902213,0.0029483851269853484,0.004066898892435497,0.002174673034785611,0.0016480908200394008,0.19924547212972435,13.210217425974154,0.2979372608989504,0.3390280957456454
545,adam,545,546,0.0001254013784403887,1,0.0040661268866690956,0.0017260175026131374,0.024076900694795223,1.915361899646514e-05,1,2,,0,1.8172879535191e-10,-13.19922723483165,-0.0292293340944537,-0.8786720991390136,0.0012965022379161496,0.002765146461497681,0.0029471230577663675,0.0040661268866690956,0.0021741070429227368,0.0016480867188554558,0.19924302063533994,13.210036352972194,0.29793867818576397,0.3390296118327506
546,adam,546,547,0.00012414736465598479,1,0.004054277529460081,0.0017255808905701719,0.02407078671646508,1.8927923934606632e-05,1,2,,0,1.857785675023588e-10,-13.195817962475385,-0.0292279334836227,-0.8786672013087543,0.0012736303237988094,0.0027641307401286798,0.0029459795733755316,0.004054277529460081,0.0021734989228373745,0.0016480632400430629,0.199241607133359,13.209707011429293,0.29794109676389596,0.3390313877454712
547,adam,547,548,0.00012290589100942494,1,0.004063653416488804,0.0018763383881021123,0.023780857659581413,2.2021610464255818e-05,1,2,,0,2.730937337874083e-10,-13.193003700969765,-0.029225158052876725,-0.8786575019236987,0.0012619827331240264,0.0027632592157030996,0.0029449527322210943,0.004063653416488804,0.0021728544331463063,0.001648022571407695,0.1992410916147418,13.209244611451835,0.29794439357951696,0.3390333905069414
548,adam,548,549,0.0001216768320993307,1,0.004061658782336248,0.0018768107781956787,0.02378934899860817,1.7735615249371244e-05,1,2,,0,1.2294580249614013e-10,-13.193026518600634,-0.029223888209206312,-0.8786529099779422,0.0012489797514530065,0.002762940809382998,0.00294458831335071,0.004061658782336248,0.002172786968310518,0.0016479738286213302,0.19923796615211106,13.208749796385264,0.29794627537148577,0.3390334347606732
549,adam,549,550,0.00012046006377833737,1,0.004052045944568117,0.0018868400769815824,0.02714683293670478,1.7439837897514468e-05,1,2,,0,9.192743153857256e-11,-13.195543138932136,-0.029223950398232248,-0.8786528377102564,0.0012347810006641427,0.00276310736573113,0.0029448001701738373,0.004052045944568117,0.002173230045154165,0.0016479185848892746,0.19923261177227375,13.208234671063149,0.29794690866799706,0.33903175420697373
550,adam,550,551,0.00011925546314055401,1,0.0040465930477419365,0.00132185944011844,0.014261862677613604,1.7635372625217435e-05,1,2,,0,9.819159839605278e-11,-13.196582723429069,-0.029225900222912972,-0.8786593627121451,0.0012005305532538774,0.0027629598729654254,0.002944741985953825,0.0040465930477419365,0.0021737495967901936,0.001647894706442524,0.19922661713146067,13.207903911178333,0.29794652443532454,0.3390296564909118
551,adam,551,552,0.00011806290850914847,1,0.0040459179574997865,0.0013221157872689293,0.01425009283827619,1.501011452185996e-05,1,2,,0,6.250680023842472e-11,-13.195959622573797,-0.029226892587966624,-0.8786627010122824,0.0011740158330129696,0.00276249841572578,0.002944267400265088,0.0040459179574997865,0.002173647938567642,0.0016478561054571116,0.1992211041983412,13.207608224439886,0.29794669967161186,0.3390295504697378
552,adam,552,553,0.00011688227942405698,1,0.004041627774531762,0.0007423722338780901,0.008557508061972531,1.5042488277912925e-05,1,2,,0,5.871281255772673e-11,-13.19386801156032,-0.029227036392886655,-0.8786632153747361,0.0011543716445208889,0.0027617610943724315,0.0029434234182701734,0.004041627774531762,0.0021729991692488004,0.001647804810573077,0.199216049961703,13.2073446803781,0.2979473738441697,0.3390312010578805
553,adam,553,554,0.00011571345662981642,1,0.00403944832596943,0.0007423732536382344,0.008558843311067722,1.3720515456524395e-05,1,2,,0,4.0801079538790276e-11,-13.192543999448835,-0.029227442710692948,-0.8786646008623468,0.0011371675879644776,0.0027612462158346654,0.0029428244628453165,0.00403944832596943,0.0021725873090400467,0.001647734482899097,0.19920778240835568,13.207022554726288,0.2979474720137197,0.3390316948224269
554,adam,554,555,0.00011455632206351825,1,0.004033752170472956,0.0007423322603560575,0.008558511358287807,1.4761788012994656e-05,1,2,,0,3.305828539533462e-11,-13.191900562252002,-0.029228080565361136,-0.878666754506017,0.0011221370033694322,0.002760926127682231,0.0029424411362684176,0.004033752170472956,0.002172384793183457,0.00164764766536425,0.19919671593752303,13.206650359833569,0.29794706286670314,0.3390311693945545
555,adam,555,556,0.00011341075884288306,1,0.00403234864581297,0.0013513037000480485,0.027882805353610693,1.7090159917010312e-05,1,2,,0,3.901480973281215e-11,-13.191859556176144,-0.02922892250004929,-0.8786695850088468,0.001109041880252297,0.002760777632324731,0.00294224863579623,0.00403234864581297,0.0021723682163530197,0.0016475465935277167,0.19918322048995563,13.206235542067263,0.2979462077991845,0.3390297473074
556,adam,556,557,0.00011227665125445423,1,0.004029895128018875,0.0013496217248312378,0.0278161495673166,1.432021181822312e-05,1,2,,0,3.409156706218897e-11,-13.19129370816059,-0.029229342529123317,-0.8786709915387696,0.001096501516682869,0.002760365894101561,0.0029417610933694474,0.004029895128018875,0.0021720195877652894,0.0016474158398842268,0.1991684970553096,13.205433795696978,0.29794606090440917,0.3390295262553062
557,adam,557,558,0.00011115388474190968,1,0.0040268686968280175,0.0018809261983881802,0.02392605512914788,1.525751729081201e-05,1,2,,0,4.423148374085175e-11,-13.19026461303259,-0.029229389319084483,-0.8786711384531605,0.0010844640754396446,0.0027597208466104976,0.0029410151259278146,0.0040268686968280175,0.0021713800244728136,0.001647259529425573,0.19915273193253996,13.20429417526352,0.29794652917279063,0.33903035752584043
558,adam,558,559,0.0001100423458944906,1,0.004026240804574669,0.0013226738274241337,0.014190111985813464,1.5216488397430073e-05,1,2,,0,6.314991376830291e-11,-13.191646235783383,-0.02923053560697939,-0.8786749824640059,0.001071290693714838,0.0027595804836798633,0.0029408495607975847,0.004026240804574669,0.002171273288733679,0.001647109781676709,0.19913635827745915,13.203217690291964,0.29794598575185693,0.3390295169184112
559,adam,559,560,0.00010894192243554568,1,0.004022971347918234,0.0013228746278888905,0.014177932089073225,1.3803025547214992e-05,1,2,,0,4.103807110657292e-11,-13.191434182818796,-0.029230859803386012,-0.8786760939978925,0.0010633180532600435,0.002759136224578275,0.0029403059092197883,0.004022971347918234,0.0021706568767782043,0.0016469610527040644,0.19912169214999695,13.20226102795926,0.29794599501498276,0.3390304025270313
560,adam,560,561,0.00010785250321119023,1,0.004015348154004274,0.0018817736102853331,0.02396733732477782,1.4612097633228208e-05,1,2,,0,3.5431849891946575e-11,-13.189815704852299,-0.02923045611849829,-0.8786747862067812,0.0010599537434032304,0.0027584220647540146,0.002939429213671605,0.004015348154004274,0.0021695929342088567,0.001646813687984043,0.1991085799611281,13.201412475204444,0.2979464970283881,0.3390328095262112
561,adam,561,562,0.00010677397817907833,1,0.004014243100592812,0.0017235480272674599,0.024045114575364436,1.4639257691464452e-05,1,2,,0,5.6569946077211965e-11,-13.190601778942954,-0.02923117175870205,-0.8786772342918536,0.0010545764484146656,0.0027582076464763277,0.002939135249124934,0.004014243100592812,0.002169093590742743,0.0016466723272784887,0.19909465955597305,13.200600688039648,0.29794601098323265,0.33903342186278573
562,adam,562,563,0.00010570623839728754,1,0.004008200049570105,0.0017235594454787302,0.024056280165691692,1.3150883496922173e-05,1,2,,0,4.027034884837044e-11,-13.191491919728994,-0.029230473940138467,-0.8786747562815574,0.0010572809423041566,0.0027579677418638343,0.0029388398455140736,0.004008200049570105,0.00216855161247879,0.001646528492815273,0.19908282510888947,13.199719930499882,0.29794656460570634,0.33903434340196004
563,adam,563,564,0.00010464917601331466,1,0.004026949797227417,0.002548540199207675,0.048526253736479175,1.558971077687515e-05,1,2,,0,8.975272936899626e-11,-13.192471365612692,-0.029228527181574107,-0.8786679250198169,0.0010671207964588387,0.002757714691665185,0.0029385515429987915,0.004026949797227417,0.0021679732492428864,0.0016463829583060032,0.19907286389911516,13.198780558839564,0.2979480338662001,0.33903553885169896
564,adam,564,565,0.00010360268425318152,1,0.004024540359104087,0.0025480259751474825,0.048501722952318034,1.1074948518762317e-05,1,2,,0,2.1574885499603405e-11,-13.192130867637765,-0.02922877290310406,-0.8786687819154183,0.0010667700159675997,0.0027573828793764675,0.0029381654439746855,0.004024540359104087,0.002167655959311129,0.001646290929902646,0.19906287909380785,13.19816680075049,0.2979482031542004,0.3390354228846427
565,adam,565,566,0.0001025666574106497,1,0.004003460063999447,0.001324388671345102,0.014112858901004707,1.543394622517826e-05,1,2,,0,1.6069211295656825e-10,-13.190623612551756,-0.029230957088060283,-0.8786764339337055,0.001057423899385476,0.002756993849819444,0.00293769812321558,0.004003460063999447,0.0021675673326066133,0.0016462442957591973,0.1990527755364537,13.197826806137787,0.29794722331422047,0.33903416342457743
566,adam,566,567,0.0001015409908365432,1,0.004010677995102195,0.001721895434836939,0.023981339598520154,1.478959142267254e-05,1,2,,0,1.4004175321535364e-10,-13.187920992015139,-0.029232244915231145,-0.8786810688522639,0.0010526475916019873,0.0027563602960037023,0.0029369225062869514,0.004010677995102195,0.0021670071385802977,0.0016461896603295447,0.19904379643578324,13.197531965440872,0.29794682241288084,0.3390345622911
567,adam,567,568,0.00010052558092817777,1,0.004009625452346302,0.0017213569246415897,0.02395618435503063,1.1774720574400469e-05,1,2,,0,3.856771698540947e-11,-13.185683838394091,-0.029232112811218573,-0.8786807379115248,0.00105554431245899,0.0027557441001981133,0.0029361960873779632,0.004009625452346302,0.002166416599184221,0.0016461250415629892,0.19903640379422477,13.197125969308109,0.29794740262988856,0.3390352765069992
568,adam,568,569,9.9520325118896e-05,1,0.00400212944749304,0.0007423380079171408,0.008614404418181582,1.3085368708278951e-05,1,2,,0,2.875457024037651e-11,-13.183864363044163,-0.02923072529534308,-0.8786760166692776,0.001065222155993906,0.002755139010787578,0.0029355109177654896,0.00400212944749304,0.002165799340383732,0.001646051837490586,0.19903042825936104,13.196623535334965,0.29794884666780985,0.33903627012432486
569,adam,569,570,9.852512186770703e-05,1,0.004002796639021712,0.0018823635937368153,0.02402581752702422,1.283440464503306e-05,1,2,,0,2.1144054516593397e-11,-13.182698064667147,-0.029229723185452382,-0.8786725891390842,0.0010741379769610739,0.002754710188127411,0.002935026567699927,0.004002796639021712,0.0021653872360471,0.0016459657104955794,0.19902189876841914,13.196096730881445,0.29794971700131273,0.3390363320674437
570,adam,570,571,9.753987064902997e-05,1,0.004000968860326406,0.0018828047374383908,0.027089158262107702,1.1015872262796814e-05,1,2,,0,2.6564375478352072e-11,-13.183711975533155,-0.02922982187521089,-0.878672866506112,0.0010798998491300458,0.00275471368992529,0.0029350375626629485,0.004000968860326406,0.002165426987322671,0.0016458794365377814,0.19901223951425573,13.195574986382715,0.297949641989926,0.3390349876103335
571,adam,571,572,9.656447194253965e-05,1,0.003992422786140182,0.0018807981494963668,0.027063474335804596,1.1820905044623021e-05,1,2,,0,5.571639744197867e-11,-13.183627334319816,-0.029231481355896975,-0.8786785651144047,0.0010674011095042266,0.0027546072269444355,0.0029348829707430825,0.003992422786140182,0.0021655705375374524,0.0016458230786493505,0.19900266271462805,13.195216793667301,0.297948809776163,0.33903330373707835
572,adam,572,573,9.559882722311426e-05,1,0.004001706665594775,0.001719469570138535,0.023867747728027598,1.6705895694734558e-05,1,2,,0,2.051854898436499e-10,-13.182572363416487,-0.02923451808723767,-0.8786890441426035,0.0010388595632842962,0.0027544241425586967,0.0029346014603453268,0.004001706665594775,0.0021658064431419473,0.0016457930629763839,0.19899316819818955,13.19500222868145,0.29794731544977465,0.33903132512206136
573,adam,573,574,9.464283895088311e-05,1,0.004004148502948495,0.0017190890893297056,0.023845203325651355,1.2035652330135285e-05,1,2,,0,7.152728561704105e-11,-13.18179340115247,-0.02923600802093834,-0.878694148042794,0.0010201539168395435,0.002754208342867453,0.002934316295796915,0.004004148502948495,0.0021659285706495538,0.0016457518461941547,0.19898531315893392,13.194678521438538,0.29794686848779467,0.33902990867798044
574,adam,574,575,9.369641056137428e-05,1,0.003998064078058529,0.0017187160878436407,0.0238328705158138,1.1328262766631334e-05,1,2,,0,2.4159737614279927e-11,-13.181262103141233,-0.02923612789703441,-0.8786944925534028,0.0010101491122018666,0.0027539529358586966,0.002934014685990603,0.003998064078058529,0.0021659489561430597,0.0016457007852735313,0.1989789225908811,13.194259102931216,0.29794734566232706,0.3390289929436782
575,adam,575,576,9.275944645576054e-05,1,0.003991107219139137,0.0013243252510528676,0.014056491458278655,1.3877729955164142e-05,1,2,,0,4.895061995456503e-11,-13.180949275089244,-0.02923503575807685,-0.8786906272666086,0.0010078346838022195,0.002753660565684906,0.0029337000197197155,0.003991107219139137,0.002165879031584975,0.0016456411625655205,0.1989738374512967,13.193755494050519,0.29794863778215536,0.3390285230358649
576,adam,576,577,9.183185199120294e-05,1,0.003987622996224649,0.0018833145922031906,0.024095768188740492,1.307965766500756e-05,1,2,,0,5.382534672331226e-11,-13.179430007695059,-0.029233457993065856,-0.8786851805726724,0.0010090073926020196,0.002753123615626752,0.00293308985489534,0.003987622996224649,0.002165378309395037,0.001645576660965424,0.19896936143387436,13.19331632554588,0.29795021870869237,0.3390294822569537
577,adam,577,578,9.091353347129091e-05,1,0.003987144603817496,0.0018790157130271546,0.027049387327416463,1.0582061639949055e-05,1,2,,0,2.3357910749882222e-11,-13.179999990532448,-0.02923298351620883,-0.8786834524217231,0.0010079913593912938,0.002753007642375051,0.0029329631365100275,0.003987144603817496,0.0021653128402590125,0.0016455102437090022,0.19896346040885068,13.19287718967155,0.29795083795496247,0.33902903506050724
578,adam,578,579,9.000439813657799e-05,1,0.003987027236880453,0.001324232133279728,0.014044163169803836,1.0597170321166278e-05,1,2,,0,3.789730590664984e-11,-13.179581041584314,-0.029234035341162683,-0.8786870207800664,0.000990715818633416,0.0027528212385242528,0.0029327074359529978,0.003987027236880453,0.002165356898975298,0.0016454702231814369,0.19895731285727594,13.192586686121052,0.29795068220613147,0.3390281822237051
579,adam,579,580,8.910435415521222e-05,1,0.003981923759918934,0.0013245461234718209,0.014041716350497377,1.0438561246040562e-05,1,2,,0,3.297971584409082e-11,-13.178007496452912,-0.029234387707349627,-0.878688262917905,0.000978453858517668,0.0027523883158897173,0.002932158305581693,0.003981923759918934,0.0021649725479699453,0.0016454239109292082,0.19895192029839945,13.192340468945527,0.29795096049368924,0.33902875488009987
580,adam,580,581,8.821331061366008e-05,1,0.003986029591432109,0.0018841348851372525,0.024107950210114228,1.1879750104564956e-05,1,2,,0,3.950008684546831e-11,-13.175415938441027,-0.02923412118882554,-0.8786874469134325,0.000970637703993238,0.0027517382703652134,0.0029313520500312096,0.003986029591432109,0.002164212427775007,0.0016453722428729591,0.19894721576184757,13.19213382864328,0.29795162458182706,0.3390305840169381
581,adam,581,582,8.733117750752349e-05,1,0.003982182556742907,0.0007420876441128454,0.008621854014913718,1.0881903193119619e-05,1,2,,0,2.2540634655941422e-11,-13.174956705353866,-0.029234784081346173,-0.8786897395297938,0.0009616706816180864,0.002751508628111925,0.0029310336939990527,0.003982182556742907,0.0021639010632304684,0.0016453176699058312,0.19894119481030414,13.191905430118535,0.2979514574840108,0.3390309627943181
582,adam,582,583,8.645786573244826e-05,1,0.003980049066032358,0.0007420603936352709,0.008629718908554858,1.008598368753035e-05,1,2,,0,1.8763446464416982e-11,-13.174945695546882,-0.02923558283939279,-0.8786924734634175,0.0009539222556892252,0.002751402233026267,0.0029308595593738117,0.003980049066032358,0.002163746040479368,0.0016452508292307208,0.19893302859331086,13.191633006809237,0.29795094505106773,0.3390305762813255
583,adam,583,584,8.559328707512377e-05,1,0.003975349418547335,0.0007420002140966477,0.00863543604085803,1.102490682693481e-05,1,2,,0,2.009032393032389e-11,-13.175328998400667,-0.02923650024710836,-0.878695592417955,0.0009472598567186421,0.0027514040821282506,0.002930811969186387,0.003975349418547335,0.0021637292343299063,0.0016451733546588205,0.1989229945319484,13.191322682228488,0.29795012949611693,0.3390295172273825
584,adam,584,585,8.473735420437252e-05,1,0.003975005582581467,0.0017178831182641631,0.02377162477100747,1.2858089488096215e-05,1,2,,0,2.590232999506799e-11,-13.176059226392285,-0.02923752113824372,-0.8786990468027447,0.000941564946746933,0.0027515014611768068,0.0029308759773831847,0.003975005582581467,0.0021638351244261107,0.0016450867336218827,0.1989113444620067,13.190980227163092,0.2979490484784225,0.3390278680587625
585,adam,585,586,8.38899806623288e-05,1,0.003972762742630936,0.0013327805958928296,0.027056876943875145,1.2299691070240047e-05,1,2,,0,1.6357708370402167e-11,-13.176850769785357,-0.029237332177634755,-0.8786983047265939,0.0009424774301526144,0.0027515217132842223,0.0029308829964184925,0.003972762742630936,0.0021638465226405004,0.001644996771466564,0.19890152525810634,13.190556934025134,0.29794887491230726,0.3390267229786569
586,adam,586,587,8.305108085570551e-05,1,0.003971590312067775,0.0018858997455224705,0.0241971917547622,1.0671720528925829e-05,1,2,,0,1.598168218102583e-11,-13.177159493220161,-0.029236910893489284,-0.8786967919842669,0.0009426431094218635,0.002751325113459614,0.0029306548851554867,0.003971590312067775,0.0021636062377885608,0.0016448863310965496,0.19889074195635723,13.189849237628788,0.29794917062399323,0.33902647703914945
587,adam,587,588,8.222057004714846e-05,1,0.003968532356797592,0.0013306087060782877,0.02696246938000014,1.0420856852429948e-05,1,2,,0,3.038123600270321e-11,-13.17917979609252,-0.029237389257547045,-0.8786983048591732,0.000940893414479218,0.002751480409304726,0.0029308315989466155,0.003968532356797592,0.0021637381492264755,0.0016447800478020674,0.19887942186429022,13.189179436523155,0.29794871736460427,0.3390250759440843
588,adam,588,589,8.139836434667697e-05,1,0.003969036821785548,0.0018782030795145813,0.027031884787602004,1.1366387076093665e-05,1,2,,0,3.443643134538146e-11,-13.18059205215502,-0.02923756785616202,-0.878698819095247,0.0009386963910695415,0.002751410125811218,0.0029307613879370107,0.003969036821785548,0.0021636128766929093,0.0016446560517796634,0.19886736965628174,13.188261632929281,0.29794874713464337,0.33902457983893913
589,adam,589,590,8.058438070321021e-05,1,0.003973160246708731,0.0013930587172040654,0.015122392290557708,1.1666065721045752e-05,1,2,,0,4.088321780873707e-11,-13.181019632597819,-0.029239065676833275,-0.8787039064460734,0.000922016920795213,0.0027512847797542513,0.002930585821302717,0.003973160246708731,0.002163597578878543,0.0016445630619124935,0.19885585012242088,13.187536259205421,0.2979481386508422,0.3390237227240911
590,adam,590,591,7.97785368961781e-05,1,0.003971530069927091,0.0013931662953929095,0.015125101067908297,1.0147224604756402e-05,1,2,,0,2.1936110232038267e-11,-13.180167241172578,-0.02923933126777505,-0.8787048074130311,0.0009112521989175492,0.002750886088878368,0.002930102623306214,0.003971530069927091,0.002163232060696983,0.0016444915658984994,0.1988479651167483,13.186972891859464,0.29794845289419036,0.3390242966710456
591,adam,591,592,7.898075152721632e-05,1,0.003964758491679716,0.0013932667212862681,0.015135080120828365,1.1045523698033752e-05,1,2,,0,2.4604270699927464e-11,-13.178185745191817,-0.029238507185785436,-0.8787020066544832,0.0009057266133291897,0.0027502464329645267,0.0029293476053694023,0.003964758491679716,0.0021625584549058146,0.0016444389354944705,0.19884327680882047,13.186550745736678,0.29794957568628944,0.339026129257201
592,adam,592,593,7.819094401194416e-05,1,0.003964810374379323,0.0025430686815553867,0.04810849343738117,1.3253412257202122e-05,1,2,,0,4.6012215537169394e-11,-13.175208876285707,-0.029236720877989782,-0.878695936706237,0.0009048407504237729,0.0027493967357910543,0.002928357500377416,0.003964810374379323,0.0021616157276488925,0.0016444028878213315,0.19884140072980883,13.186252004808535,0.29795140608831017,0.3390290676217602
593,adam,593,594,7.740903457182472e-05,1,0.0039624934021343025,0.001887045895915206,0.02425455941268005,1.2874092267441879e-05,1,2,,0,9.925747872595793e-11,-13.171613470177956,-0.02923666275371969,-0.8786958850441192,0.0008972731559692023,0.002748614775703786,0.002927415486111157,0.0039624934021343025,0.002160932347019416,0.001644397077944064,0.1988387933461348,13.186139715699078,0.297952183811851,0.33903080380398976
594,adam,594,595,7.663494422610647e-05,1,0.003962539108380541,0.001715260671355598,0.023718852951097623,1.165366988061851e-05,1,2,,0,5.980082332422061e-11,-13.170040978485817,-0.029237412936007935,-0.8786985257863988,0.0008887361442601918,0.0027482271088637407,0.00292693225811586,0.003962539108380541,0.0021606460813188362,0.0016443848147342194,0.1988349147346587,13.186007636219172,0.2979522123172118,0.33903125125881495
595,adam,595,596,7.58685947838454e-05,1,0.00396100985414549,0.0017148479972916336,0.02370676096752252,9.543741788115142e-06,1,2,,0,1.6084656213033885e-11,-13.168766072350225,-0.029237078857057106,-0.87869739389647,0.0008865698374063468,0.0027478189143180574,0.002926454217328027,0.00396100985414549,0.0021603141906397253,0.0016443620704302804,0.19883190643206738,13.185775399427268,0.2979529453139325,0.33903193853592734
596,adam,596,597,7.510990883600694e-05,1,0.0039588474921855845,0.0018873545952762198,0.024269378789106573,1.0453596986115152e-05,1,2,,0,1.7634590137160273e-11,-13.167756170974346,-0.029235787221993638,-0.8786929300648794,0.0008900353169772619,0.00274739300078714,0.0029259813840942263,0.0039588474921855845,0.0021599425005213234,0.0016443301640712302,0.19882966987961342,13.185454807734846,0.29795429767833886,0.3390328369471916
597,adam,597,598,7.435880974764687e-05,1,0.003955064643396752,0.002543054497388779,0.04806555876827115,9.697773206137052e-06,1,2,,0,2.3792283168008366e-11,-13.168442564540221,-0.02923541547908531,-0.8786915636887394,0.0008913859712938924,0.0027473113251634393,0.0029259021844342563,0.003955064643396752,0.0021599218655314395,0.0016442945909216323,0.19882614438968702,13.185135650034743,0.29795485803660743,0.33903257194247566
598,adam,598,599,7.36152216501704e-05,1,0.003956827805309587,0.0013252976759364652,0.013902472543536534,1.0236133508446582e-05,1,2,,0,4.236873021245859e-11,-13.168153519033295,-0.02923655180167347,-0.8786954729084808,0.0008861125505932896,0.002747214706737,0.002925773832565333,0.003956827805309587,0.002160050052770992,0.0016442873631810153,0.19882208602639154,13.184995208561151,0.29795454858850484,0.33903149929145077
599,adam,599,600,7.28790694336687e-05,1,0.003955401016002458,0.0013254318634623747,0.013896230485397829,9.065887525263281e-06,1,2,,0,3.4031469891987046e-11,-13.166901960321349,-0.029237074024687157,-0.8786973342384788,0.0008840376167346711,0.0027469093769773583,0.0029253981167545523,0.003955401016002458,0.0021598196155146092,0.0016442730477639325,0.19881861984660917,13.18488575937011,0.2979546244775765,0.3390316370238505
600,adam,600,601,7.215027873933202e-05,1,0.003957710391709916,0.0017130323039826502,0.023637810978816568,9.44864286349189e-06,1,2,,0,3.490008598853895e-11,-13.164801399883384,-0.029237052426743633,-0.8786973820568781,0.0008847921912640168,0.002746420081337661,0.0029248041518166973,0.003957710391709916,0.002159273904491645,0.0016442526876488536,0.19881570079980387,13.184805022177537,0.2979550427529028,0.33903284231504227
601,adam,601,602,7.14287759519387e-05,1,0.00395401666258728,0.0017127230613190351,0.02362717148719516,8.762792940496916e-06,1,2,,0,1.1564539868536623e-11,-13.163048038465607,-0.029236083811150098,-0.878694124888203,0.0008906221583993705,0.002745923280522284,0.0029242272230908155,0.00395401666258728,0.002158715562724994,0.0016442236610054977,0.19881352920798157,13.18462549890682,0.29795607871885704,0.3390341880632733
602,adam,602,603,7.071448819241931e-05,1,0.003950647764678679,0.0018876661372903302,0.024286553553675205,1.0566396734372693e-05,1,2,,0,2.2195870211626976e-11,-13.16160532004013,-0.029234279597291437,-0.8786879508984387,0.0009009343156060075,0.0027454214949020456,0.0029236692228332885,0.003950647764678679,0.002158146680080274,0.0016441871102509831,0.1988120211933034,13.184359352437744,0.29795765748886033,0.33903565666298363
603,adam,603,604,7.000734331049511e-05,1,0.00394854394813874,0.0025418354096713707,0.04797807464667496,8.76581005352116e-06,1,2,,0,1.47318455652938e-11,-13.161818983438055,-0.029233409495952913,-0.8786849220776511,0.0009084843919066856,0.0027452548355951924,0.0029234946093723555,0.00394854394813874,0.00215793081684807,0.0016441477209939428,0.19880923206876586,13.18409119990399,0.29795845630028933,0.3390359618197397
604,adam,604,605,6.930726987739016e-05,1,0.003945686776743955,0.0007420813611503178,0.008666265390511704,8.336575281403248e-06,1,2,,0,2.264858431735518e-11,-13.161154460434638,-0.029234023659973237,-0.8786870793992444,0.0009090655767021591,0.002745084040383916,0.002923283160843085,0.003945686776743955,0.0021578760527090337,0.0016441351811936238,0.19880585543476587,13.183984494232988,0.2979584078846253,0.3390354466593288
605,adam,605,606,6.861419717861625e-05,1,0.003943633950854407,0.0009050329638226599,0.011313785942576546,7.855473351899659e-06,1,2,,0,1.7582178162881995e-11,-13.160870368955827,-0.02923473504661627,-0.878689546481068,0.0009097946698189722,0.0027450065567230044,0.0029231770595727303,0.003943633950854407,0.002157922040829673,0.0016441092397090045,0.19880058076716198,13.18382688774943,0.29795808362250814,0.33903441709841775
606,adam,606,607,6.792805520683009e-05,1,0.0039420544831201875,0.0007420923986183091,0.008677030423894958,8.314820494001655e-06,1,2,,0,1.5560559979655337e-11,-13.160153965368064,-0.029235089922401692,-0.878690806772707,0.0009101117088154702,0.0027447689622181913,0.0029229180774461177,0.0039420544831201875,0.0021578459923779613,0.0016441247535392244,0.1987994160876637,13.184035427191624,0.29795834943531974,0.3390341199885164
607,adam,607,608,6.724877465476178e-05,1,0.003941922335948105,0.0013257327545424173,0.013864594635212488,8.908214568667889e-06,1,2,,0,1.209229915249496e-11,-13.15981660047328,-0.029235566379889406,-0.8786924613556,0.0009106032878644948,0.002744629730318842,0.0029227667150861607,0.003941922335948105,0.0021578705766903063,0.0016441240533334384,0.1987961471519051,13.184157407791652,0.29795831171919485,0.3390332980559769
608,adam,608,609,6.657628690821418e-05,1,0.003941659230062893,0.001710756345179083,0.02353926788227026,8.30912484546066e-06,1,2,,0,1.2863969049528123e-11,-13.158601983289474,-0.029235538371493182,-0.878692438305256,0.0009134587970050968,0.002744304305648778,0.0029223917822171755,0.003941659230062893,0.0021575780166237513,0.001644116508512936,0.1987933870129554,13.18428015305885,0.2979586043448749,0.3390335662181438
609,adam,609,610,6.591052403913205e-05,1,0.003939769998433327,0.0018880948132964205,0.024345338707193926,8.988084755683062e-06,1,2,,0,8.648705462783357e-12,-13.157631036793507,-0.029234629851139202,-0.8786893459651419,0.0009208084442264828,0.0027439584142256767,0.0029220148595000854,0.003939769998433327,0.0021572500841593044,0.0016441002052712214,0.1987913645559475,13.184294171282753,0.29795947916614146,0.3390340609318979
610,adam,610,611,6.525141879874071e-05,1,0.003939552921934587,0.001869484561234001,0.02690598073569593,7.513453873718634e-06,1,2,,0,1.1150050369411076e-11,-13.158168256175927,-0.029234513704103276,-0.8786889141929466,0.0009258200022018176,0.002743911440778957,0.002921978486387422,0.003939552921934587,0.002157229591526397,0.0016440791506916442,0.19878819817649637,13.184275961442319,0.2979596902452195,0.33903356282016023
611,adam,611,612,6.459890461075331e-05,1,0.003937338028904737,0.0013260590158615975,0.013844789806372312,7.72332897903405e-06,1,2,,0,2.2534715714537105e-11,-13.157970995344417,-0.02923550283834718,-0.8786923076150421,0.0009183190717045388,0.0027438258911550617,0.002921863719978387,0.003937338028904737,0.002157289618071147,0.0016440736064447798,0.19878471043481205,13.184329053473848,0.2979593784629968,0.33903279368670786
612,adam,612,613,6.395291556464577e-05,1,0.00393823384016117,0.001710190001785179,0.02350564714334891,7.4062800362401446e-06,1,2,,0,1.9974524401311696e-11,-13.15691647562627,-0.02923594826395047,-0.8786938892004138,0.0009139548097135512,0.0027435567055393317,0.002921532250269907,0.00393823384016117,0.00215704095176756,0.001644062077101928,0.19878174678399035,13.184388644174929,0.29795941541091775,0.3390330684449199
613,adam,613,614,6.331338640899932e-05,1,0.003935896118411675,0.000969637029090446,0.012531534774021191,6.94032798780539e-06,1,2,,0,5.6545769560718266e-12,-13.156083096871757,-0.029235492512570918,-0.8786923350162356,0.0009146877779161874,0.0027432625120865375,0.002921194530787784,0.003935896118411675,0.0021567549198816638,0.0016440429431165517,0.19877956618538997,13.184354635313467,0.2979600374119104,0.33903356149904473
614,adam,614,615,6.268025254490932e-05,1,0.003934679842688765,0.0018887879656671563,0.02438346502317718,9.800621058868236e-06,1,2,,0,7.437014624248982e-11,-13.154956638903618,-0.029234845020841428,-0.8786901379242089,0.0009149823805230415,0.0027426837871786913,0.0029205435758205564,0.003934679842688765,0.002156096513246676,0.0016439569449966452,0.19876816271382725,13.182995811378373,0.29796141671385895,0.3390347283831542
615,adam,615,616,6.205345001946022e-05,1,0.003932349267937982,0.0014679618123875648,0.01719738125056878,8.711034387309123e-06,1,2,,0,6.222986357399413e-11,-13.15528903190307,-0.029234931341041274,-0.8786904022720179,0.0009137698560219766,0.0027424096056877347,0.0029202389753788366,0.003932349267937982,0.002155757070446249,0.001643871316073711,0.19875627784284575,13.18170425629917,0.29796210477437635,0.3390348731433254
616,adam,616,617,6.143291551926563e-05,1,0.003932394912806129,0.0018681745611869667,0.02688618283849687,1.0513793457729439e-05,1,2,,0,7.357511591087754e-11,-13.154898550034519,-0.02923846365918451,-0.8786966093234732,0.0009146942306934241,0.0027417301875419437,0.00291948853659224,0.003932394912806129,0.002154717017666554,0.001643792657848394,0.19874520789628825,13.180502520248234,0.2979640747517911,0.33903632977033216
617,adam,617,618,6.0818586364072964e-05,1,0.003933226487747463,0.0017097027224374068,0.023477750192950102,1.0662882207596035e-05,1,2,,0,6.23681398602935e-11,-13.153912152646832,-0.029242651578738593,-0.8787057222203554,0.00090421716695783,0.002741087396123275,0.0029187479822129917,0.003933226487747463,0.0021538630263169467,0.0016437344833707377,0.19873462176776557,13.179484443148517,0.2979653623712563,0.33903732055579044
618,adam,618,619,6.021040050043223e-05,1,0.003931671077193456,0.001709592674087895,0.023471622244550575,9.152610946060091e-06,1,2,,0,5.014759995713893e-11,-13.153133367658517,-0.02924556491122005,-0.8787110148710209,0.000899285748787367,0.002740460398021867,0.0029180456159843497,0.003931671077193456,0.002153036962605341,0.0016436731599127224,0.1987254497546877,13.178470654588414,0.2979670720387394,0.339038442646994
619,adam,619,620,5.960829649542791e-05,1,0.003928861830355879,0.0018682116713331619,0.026888367911919977,9.639955214681249e-06,1,2,,0,4.8084523938019626e-11,-13.152539700466928,-0.02924734776467538,-0.8787129252124826,0.0008992579198923076,0.002739846366130602,0.002917375822394269,0.003928861830355879,0.002152235630625755,0.0016436089128426031,0.1987175053505078,13.177457632030709,0.2979691521890979,0.3390396806426334
620,adam,620,621,5.901221353047363e-05,1,0.003928507168958666,0.0013264598175141797,0.013809519934310649,8.720810022450685e-06,1,2,,0,3.7788670241912163e-11,-13.15138783933931,-0.029249955354613662,-0.8787181100701025,0.0008882572608277562,0.002739264438688455,0.002916710383868765,0.003928507168958666,0.0021515934816365555,0.001643563784039329,0.19870981188202738,13.176618241012111,0.2979705512552102,0.3390404838604396
621,adam,621,622,5.8422091395168896e-05,1,0.003924989078731662,0.001326480634168473,0.0138112055052476,8.196003220666864e-06,1,2,,0,3.129589823099034e-11,-13.149552754809589,-0.029251873222402018,-0.8787214027765675,0.0008805869723651346,0.002738571298895874,0.0029159102938077427,0.003924989078731662,0.0021507466202545992,0.0016435181185535744,0.19870313852265556,13.17588668643798,0.2979720856031149,0.3390420777025329
622,adam,622,623,5.783787048121721e-05,1,0.00392865705847578,0.001890071887669888,0.02442812349496173,8.675251221109712e-06,1,2,,0,3.002407222905255e-11,-13.147116837015233,-0.0292531796087887,-0.8787230204966868,0.0008758681525009747,0.0027377817845919113,0.00291499406156972,0.00392865705847578,0.002149721824988272,0.0016434722488603158,0.19869740422577706,13.175254436183623,0.2979737386879183,0.3390443667725988
623,adam,623,624,5.7259491776405034e-05,1,0.003927486189203114,0.0018902742410926948,0.024431108019212836,7.318744154435191e-06,1,2,,0,1.650772100620764e-11,-13.146186848207899,-0.029254971398813133,-0.8787265323200377,0.0008702852428464806,0.0027373096365675594,0.002914442579062011,0.003927486189203114,0.0021490480936310497,0.0016434259451524073,0.19869114485432599,13.174671729971344,0.2979747120337558,0.3390455805127465
624,adam,624,625,5.668689685864098e-05,1,0.0039272812276549916,0.001709189442300476,0.02343743113797117,7.934020707071397e-06,1,2,,0,1.946406147002428e-11,-13.146584010529978,-0.02925719118101122,-0.8787317151443939,0.0008639434254990484,0.0027371178246070743,0.0029142133685855867,0.0039272812276549916,0.0021486839714467765,0.0016433793844095519,0.19868444210187391,13.174135174486269,0.2979750848776843,0.3390458448339505
625,adam,625,626,5.6120027890054576e-05,1,0.003925802112382698,0.000741545735986149,0.008650816978468503,6.870702188389157e-06,1,2,,0,1.47311153124229e-11,-13.147033647761305,-0.02925839142803036,-0.8787336760096839,0.0008624160720494345,0.0027368911423749044,0.002913962997308458,0.003925802112382698,0.002148296270383354,0.0016433285271363924,0.19867865372849017,13.173549331355526,0.29797594194381494,0.33904630644297806
626,adam,626,627,5.555882761115403e-05,1,0.0039242559551083715,0.0007415101005201119,0.00865275080469178,6.53241876408729e-06,1,2,,0,1.2613786158887266e-11,-13.147680163062178,-0.029259596076664108,-0.8787358616959106,0.0008612327375314366,0.002736746750817401,0.0029138029322709263,0.0039242559551083715,0.0021480254891915827,0.001643270898943989,0.1986716164949641,13.172967926992177,0.2979764846019181,0.3390462588881134
627,adam,627,628,5.500323933504249e-05,1,0.003921068597712363,0.0007414486313842781,0.008653612074445117,7.2611314897179155e-06,1,2,,0,1.2391421950313041e-11,-13.148499127346415,-0.029260803010176334,-0.8787382424926489,0.0008603553002208941,0.0027366749975924133,0.0029137226083189366,0.003921068597712363,0.0021478585495860016,0.0016432075317339746,0.1986635092122139,13.172393081792258,0.29797674983039657,0.33904576354340016
628,adam,628,629,5.445320694169206e-05,1,0.003920117536966261,0.00186964472519942,0.026903312045819847,8.502323643400222e-06,1,2,,0,1.3661091689965228e-11,-13.149468912549466,-0.02926201054468518,-0.8787407922589522,0.0008597496108471391,0.002736667470658621,0.0029137128255649616,0.003920117536966261,0.0021477838801303322,0.0016431392985047956,0.19865448502943908,13.17182594681758,0.29797677057359034,0.33904487493484625
629,adam,629,630,5.3908674872275135e-05,1,0.00392050994328694,0.0017095861584526797,0.023442860162311445,8.539955809671706e-06,1,2,,0,1.7987918277286736e-11,-13.149762659221095,-0.029264036535765446,-0.878746278578781,0.0008491136254941203,0.0027366355177404263,0.0029136489671386084,0.00392050994328694,0.0021477893208775188,0.0016430910198780204,0.19864608224330732,13.171404716360378,0.2979763711943189,0.3390438028514404
630,adam,630,631,5.3369588123552385e-05,1,0.003919983526784473,0.0013284975912686754,0.013755268009439298,7.496962187485598e-06,1,2,,0,9.792306812144615e-12,-13.150113267490658,-0.02926509372877694,-0.8787486231833703,0.0008435574885693479,0.0027365521763887293,0.002913545944673211,0.003919983526784473,0.0021477330742492185,0.001643039035846016,0.19863876336355213,13.170924577327028,0.297976518195827,0.3390430669036853
631,adam,631,632,5.2835892242316866e-05,1,0.003918102580273265,0.0008789282027730706,0.010866780796775917,6.843715925429172e-06,1,2,,0,7.228900191149778e-12,-13.14969014051546,-0.029265659409313166,-0.8787494930950523,0.0008405633142165893,0.0027363205244779606,0.0029132670815386207,0.003918102580273265,0.002147436752615862,0.0016429886208180894,0.19863252725804087,13.170525152060442,0.2979769119566815,0.3390432062349755
632,adam,632,633,5.23075333198937e-05,1,0.00391658763509721,0.0013224200730992306,0.02638063978057245,7.326565672006245e-06,1,2,,0,7.416223609838872e-12,-13.148949942860332,-0.029265937067474303,-0.8787495233520618,0.0008376336876423292,0.0027359630661107645,0.00291286867647862,0.00391658763509721,0.00214705544957894,0.0016429635852089858,0.19862843923702442,13.17027560191301,0.2979777089411873,0.33904381015421203
633,adam,633,634,5.1784457986694756e-05,1,0.003917246022506412,0.002539901953432597,0.047746134724516755,6.8665481394471195e-06,1,2,,0,7.895085446008832e-12,-13.148036926220355,-0.02926601538325388,-0.8787489933352808,0.0008346017145711108,0.002735506559098203,0.002912362132950553,0.003917246022506412,0.0021465508803840856,0.0016429205063683613,0.1986232503823328,13.169810801714247,0.2979786983607817,0.3390448374908487
634,adam,634,635,5.126661340682781e-05,1,0.003914349312806092,0.0017091907234533029,0.02342347700114614,7.411590179833776e-06,1,2,,0,3.4896299242934674e-11,-13.146571798379398,-0.029267173450409564,-0.8787522299314818,0.0008272936828752863,0.0027350958307081645,0.0029118846936240484,0.003914349312806092,0.002146208537381784,0.0016428992584824396,0.19861804764813554,13.169507872189019,0.29797901371585456,0.33904516036034194
635,adam,635,636,5.075394727275953e-05,1,0.003912737961932401,0.0017089036993467649,0.023412967672528113,6.583281189147643e-06,1,2,,0,1.0057792268084941e-11,-13.145348118262024,-0.02926748780350675,-0.8787526799665717,0.0008245251499118,0.0027346765302240818,0.002911414454899408,0.003912737961932401,0.00214584423933219,0.0016428717914329838,0.1986135650434497,13.169136504169806,0.297979774377143,0.3390456593845753
636,adam,636,637,5.0246407800031936e-05,1,0.00391308726012308,0.0018689459896473772,0.026891940290515774,7.5503506705160105e-06,1,2,,0,9.71054690300267e-12,-13.14434039696122,-0.029267055909135354,-0.8787506664465992,0.000825770033414059,0.0027342498314944313,0.0029109508952992855,0.00391308726012308,0.0021454606845263836,0.0016428388327736506,0.19860971603664224,13.168704013276175,0.29798092678424176,0.33904631419591275
637,adam,637,638,4.9743943722031614e-05,1,0.00391465155941672,0.0018924985888178808,0.024555697367454096,6.765174579671116e-06,1,2,,0,1.9814682666655438e-11,-13.14290979960352,-0.0292675565588616,-0.8787518574026378,0.0008175280919622639,0.002733848484786048,0.0029104892147477513,0.00391465155941672,0.002145185126259587,0.001642820773748888,0.19860593035800272,13.1683945028852,0.297981567007691,0.3390466378854375
638,adam,638,639,4.924650428481129e-05,1,0.003911735805880912,0.0018926123096183773,0.024564100796798858,6.01397659670422e-06,1,2,,0,1.2875308573430259e-11,-13.1427113070793,-0.029268555617138446,-0.8787547256607027,0.0008089735288665541,0.002733690929917896,0.0029103069178314316,0.003911735805880912,0.0021451477047759906,0.00164280043281905,0.19860163474337728,13.168111897619434,0.2979817058434537,0.33904621181937494
639,adam,639,640,4.875403924196319e-05,1,0.003914754944572022,0.0013281385996673214,0.013733159212221319,6.912090774194975e-06,1,2,,0,1.888475219930238e-11,-13.1435973200802,-0.029269994441502203,-0.8787590736079669,0.0008001507327909166,0.002733748833180346,0.002910372241601759,0.003914754944572022,0.0021453203784935373,0.0016427780722283775,0.1985968926651506,13.167853289488914,0.29798140263837997,0.3390451254945264
640,adam,640,641,4.826649884954355e-05,1,0.003915162343330972,0.001328424228785428,0.01372558799566638,5.5594699131895316e-06,1,2,,0,1.0949495441169651e-11,-13.143713407022801,-0.029270929874953288,-0.8787618296894544,0.0007940840309608473,0.002733657716652198,0.002910261932520002,0.003915162343330972,0.0021452493656082196,0.0016427545459373818,0.19859293745470438,13.16765036891059,0.29798137203106545,0.33904488366522184
641,adam,641,642,4.7783833861048115e-05,1,0.003912644734510797,0.0013287693898557224,0.013722185270546597,5.410409674983351e-06,1,2,,0,7.741969589312959e-12,-13.143149848967914,-0.0292714189851951,-0.8787631747090416,0.0007904603573408551,0.0027334348805461576,0.0029099958898974256,0.003912644734510797,0.0021449634342374383,0.00164273010811395,0.19858969014100358,13.167497201881407,0.2979815834605716,0.33904538704745274
642,adam,642,643,4.7305995522437634e-05,1,0.003913991715512123,0.0017078958566379143,0.023361262572945588,6.17020644227912e-06,1,2,,0,8.440064412064205e-12,-13.141986910821437,-0.029271512775011287,-0.8787632703090643,0.0007890005559562494,0.002733096131455972,0.0029095927848286347,0.003913991715512123,0.0021444888376326503,0.0016427049689047956,0.1985870790938807,13.167388371772049,0.2979820095559145,0.3390465472390247
643,adam,643,644,4.683293556721326e-05,1,0.003911281861730986,0.0017078509389856415,0.02336045911755947,5.852258914132257e-06,1,2,,0,6.6676655882281474e-12,-13.141025962058611,-0.02927092531424247,-0.8787610857698219,0.0007911703062332627,0.0027327418574223505,0.0029091869358992186,0.003911281861730986,0.0021440100176781884,0.0016426745919138938,0.1985848812916646,13.167194772981842,0.2979828322915022,0.33904778088411136
644,adam,644,645,4.636460621154113e-05,1,0.0039058034346617343,0.001893370560506201,0.024581726341279902,7.083514550279737e-06,1,2,,0,1.486292696582041e-11,-13.140245011949613,-0.02926973640295504,-0.8787568884519279,0.0007965455566056514,0.002732374691976003,0.002908780733054256,0.0039058034346617343,0.00214352795778723,0.0016426396725238788,0.19858305165461246,13.166926756920667,0.29798400360941424,0.33904907844689025
645,adam,645,646,4.5900960149425716e-05,1,0.003906400543566601,0.0025391940496338633,0.047661307422476734,5.788389326066992e-06,1,2,,0,8.100279551263909e-12,-13.140551965501679,-0.02926919545435907,-0.8787548403797159,0.00080020890126844,0.002732234230108834,0.0029086336923722133,0.003906400543566601,0.002143291512966884,0.0016426044951197336,0.19858055333116356,13.166681340769196,0.29798464384822143,0.33904956902479544
646,adam,646,647,4.544195054793146e-05,1,0.003903015557642605,0.002538858063219589,0.04764390240786066,5.01262262046803e-06,1,2,,0,6.8489666026859505e-12,-13.140243581483798,-0.029269692429756633,-0.8787563425359213,0.000799375155057433,0.002732108462796481,0.0029084827837691203,0.003903015557642605,0.002143176956370507,0.0016425882645758848,0.19857782004358548,13.166563206689458,0.297984712142462,0.3390494772916135
647,adam,647,648,4.498753104245214e-05,1,0.003907012366188317,0.0017074062895869634,0.023336373775003864,7.409907070577514e-06,1,2,,0,4.2448952896295865e-11,-13.139390979382325,-0.029271106586623383,-0.8787609807771034,0.0007945720169088338,0.0027319973979715553,0.0029083314644053953,0.003907012366188317,0.002143169381780303,0.0016425882698381808,0.19857485344253636,13.166553678727261,0.29798427586152904,0.3390488753367733
648,adam,648,649,4.453765573202762e-05,1,0.0039081408630231955,0.0017071524239684094,0.023320946590670882,5.4378791529961106e-06,1,2,,0,1.3726437325879446e-11,-13.138702737499877,-0.029271725870491237,-0.8787629476362853,0.0007936034032983731,0.0027318489274999226,0.0029081538850110585,0.0039081408630231955,0.002143109473050187,0.0016425809118658576,0.19857234107215252,13.166454282840954,0.29798430775718987,0.3390485282634859
649,adam,649,650,4.409227917470734e-05,1,0.003905389433740369,0.0017069016288827575,0.023310282932802087,5.343268276024648e-06,1,2,,0,5.621729074568719e-12,-13.138161292221271,-0.029271641646588176,-0.8787625507642989,0.0007960233679280644,0.002731666635543036,0.002907950890057551,0.003905389433740369,0.0021430032410930688,0.001642567098078987,0.19857023592717007,13.166276110673424,0.2979847524720423,0.3390484074758452
650,adam,650,651,4.3651356382960265e-05,1,0.0039013452029646283,0.0022384017870017664,0.049090956143468534,6.647063857803096e-06,1,2,,0,9.625009036882976e-12,-13.137749982826158,-0.029270935471531354,-0.8787600645541526,0.0008014346225099547,0.00273145475714217,0.002907726286185326,0.0039013452029646283,0.0021428561211178313,0.0016425476400611153,0.1985684943587657,13.166028673292193,0.29798556085277433,0.3390484874502242
651,adam,651,652,4.3214842819130665e-05,1,0.0039012552033285443,0.001864483829761758,0.026832403868662952,9.640542062930498e-06,1,2,,0,1.0504541774617828e-10,-13.137174399448405,-0.02913401813585164,-0.8787644318265851,0.0008068543595194934,0.0027314074780439342,0.0029075398440367092,0.0039012552033285443,0.0021426012475335206,0.0016424726347677857,0.19856477964560004,13.165172093977276,0.2979870792593484,0.33904903079754206
652,adam,652,653,4.278269439093936e-05,1,0.003900030367120492,0.001893420926892114,0.02459570748881981,8.359802331830756e-06,1,2,,0,8.291189257977112e-11,-13.136200998841588,-0.029012157774573645,-0.878770926864416,0.0008035850660756039,0.0027313520614976514,0.002907339048479074,0.003900030367120492,0.0021424345111704644,0.0016424158648418884,0.19856122756100855,13.164477949338314,0.2979881003017625,0.33904929404084216
653,adam,653,654,4.2354867447029966e-05,1,0.0038989513599039277,0.0007413823549058612,0.00864040153860688,7.734767844834254e-06,1,2,,0,6.53744109294581e-11,-13.136264733742538,-0.02890356413039836,-0.8787782954929092,0.000799619797867659,0.0027314757088951116,0.0029073587813459286,0.0038989513599039277,0.0021424660017920877,0.001642361917467634,0.19855731625104778,13.163856182483135,0.29798863833644335,0.3390489150730653
654,adam,654,655,4.193131877255966e-05,1,0.003897780036982288,0.0013300933430658672,0.013701475731626528,7.116311934734329e-06,1,2,,0,5.1850207309093843e-11,-13.136506481383396,-0.028806545997127547,-0.8787852001499815,0.0007962229451299886,0.00273162972252169,0.0029074245571430904,0.003897780036982288,0.0021425525036668207,0.0016423048552740573,0.1985524529908367,13.163257995175062,0.297988954763612,0.33904823125630174
655,adam,655,656,4.1512005584834066e-05,1,0.003896933096863835,0.0013302473747361459,0.013698910683586862,6.255992261061924e-06,1,2,,0,4.1442567368850766e-11,-13.136137713910024,-0.028719554749070293,-0.878790379342097,0.0007947648122282539,0.002731645014865487,0.0029073395118090943,0.003896933096863835,0.0021424382620887274,0.0016422514531699347,0.1985484069616806,13.162752291960311,0.29798944592426707,0.33904824617961404
656,adam,656,657,4.1096885528985725e-05,1,0.0038964913087802594,0.0007413942285457536,0.008644191042322774,6.180645332381745e-06,1,2,,0,3.3415772684495396e-11,-13.13523075857946,-0.02864154768840159,-0.8787940283436169,0.0007950217831627716,0.002731537790240213,0.00290712137725515,0.0038964913087802594,0.0021421470032567938,0.0016422013332989165,0.198545084991034,13.1623284263672,0.2979900916883359,0.3390488773227673
657,adam,657,658,4.068591667369587e-05,1,0.003894851480486816,0.0007413741965152557,0.00864274557241548,6.073266578449231e-06,1,2,,0,2.6465665962849567e-11,-13.134600607023254,-0.028571930302331284,-0.8787976053635226,0.0007953875879441927,0.0027314838413824032,0.0029069724241554485,0.003894851480486816,0.0021419431055020683,0.0016421478117247706,0.19854077441069157,13.16190703400132,0.2979905091080988,0.3390491052266387
658,adam,658,659,4.027905750695891e-05,1,0.0038958319977942853,0.001893869314689666,0.02462326338860316,6.536878728919895e-06,1,2,,0,2.1176807738681955e-11,-13.134216104652973,-0.028509821553865663,-0.8788011155663996,0.0007958490783567833,0.0027314769250563697,0.0029068845217142935,0.0038958319977942853,0.002141816438841482,0.0016420913699544575,0.19853559981531482,13.161488488111434,0.29799072458889275,0.3390489775508741
659,adam,659,660,3.987626693188932e-05,1,0.003896289316351921,0.0013155317929067626,0.026056160571141154,5.943574616346206e-06,1,2,,0,1.7153281991091958e-11,-13.134751009241333,-0.028454740833617806,-0.878805737298731,0.0007952665169187142,0.0027316334595982954,0.002906992719694608,0.003896289316351921,0.0021418723125780715,0.0016420376112906113,0.1985302528542671,13.161111447076022,0.2979905645453872,0.33904828374623586
660,adam,660,661,3.947750426257042e-05,1,0.0038953068619471433,0.001315373452819152,0.026044916128256886,5.191179933709673e-06,1,2,,0,1.3957896570596741e-11,-13.135033983640339,-0.028405435820180767,-0.8788094256017303,0.0007944209483737821,0.0027316675586408377,0.002906973269739609,0.0038953068619471433,0.002141795276130132,0.0016419735520069555,0.19852426472534768,13.160583733179704,0.29799063425124084,0.3390480403506511
661,adam,661,662,3.9082729219944726e-05,1,0.003892366596099548,0.0017056070402054996,0.02324172756865362,5.685665965009771e-06,1,2,,0,1.2324989674764006e-11,-13.135094048013475,-0.028361295780349502,-0.8788122852670355,0.000793343724766631,0.0027315940619476037,0.0029068415953152284,0.003892366596099548,0.002141601696548035,0.001641900609016204,0.19851772671273854,13.15992473299798,0.29799090394847594,0.3390481926227644
662,adam,662,663,3.869190192774527e-05,1,0.003892710225028613,0.0018612140748866697,0.02678891775183803,5.68095906864005e-06,1,2,,0,9.720378880004185e-12,-13.135209730018651,-0.02832139494621957,-0.8788129228342778,0.0007952935758839148,0.0027314834535281515,0.0029066838651219777,0.003892710225028613,0.0021413813582104855,0.0016418291775413658,0.19851201181985456,13.159255886095055,0.2979915158048026,0.3390484993079251
663,adam,663,664,3.830498290846782e-05,1,0.0038912564820140715,0.001388072466514823,0.01485536671794728,5.110222977962256e-06,1,2,,0,8.761725407909047e-12,-13.134900045915325,-0.028286380644841753,-0.8788158371949575,0.0007897390042025819,0.002731373355358529,0.0029065126342829356,0.0038912564820140715,0.0021412379421284038,0.001641774227776901,0.19850665845181584,13.158720311266807,0.29799176281072054,0.33904857142448785
664,adam,664,665,3.7921933079383146e-05,1,0.0038900800817510887,0.001860938918479541,0.026785537375468266,5.006583088150722e-06,1,2,,0,7.025361949414257e-12,-13.134013739489802,-0.02825463782976569,-0.878816582825906,0.0007868566584304645,0.0027311340195356236,0.0029062009500259744,0.0038900800817510887,0.0021409418929903886,0.0016417307570891742,0.19850297556435564,13.158272749877904,0.2979923874858442,0.3390492768875146
665,adam,665,666,3.754271374858931e-05,1,0.0038905194140816542,0.001704890953311472,0.02322327192357997,5.787102856866901e-06,1,2,,0,2.0691841855521153e-11,-13.132818451361905,-0.028226902146428024,-0.8788195507147182,0.0007771415287852094,0.002730910595488857,0.002905894812733308,0.0038905194140816542,0.002140730327807458,0.0016417005629661104,0.19849944519227714,13.157934408581859,0.29799265225151667,0.33904970779565247
666,adam,666,667,3.716728661110342e-05,1,0.003890254642595125,0.0018943957565225851,0.024660514782407286,4.9137799783726685e-06,1,2,,0,8.091810067289242e-12,-13.131811684691533,-0.02820167289195305,-0.8788203538416163,0.0007712746503265297,0.002730667766884939,0.002905582708890016,0.003890254642595125,0.0021404956221318387,0.0016416674240442941,0.19849639287821028,13.157552933805654,0.2979932436424533,0.3390502555155256
667,adam,667,668,3.6795613744992385e-05,1,0.003889439565686725,0.0017045654483722104,0.023213641196685068,4.4957276493281285e-06,1,2,,0,5.972454123391668e-12,-13.131728554493277,-0.028179528339093006,-0.8788224556676985,0.0007651184187376145,0.00273060162183632,0.002905476807741846,0.003889439565686725,0.0021404420342405546,0.0016416346565422115,0.19849298877675983,13.157209728253257,0.2979934453854534,0.3390502072943595
668,adam,668,669,3.642765760754246e-05,1,0.003888488131020227,0.001330920547946454,0.013662410574150033,4.552431022093607e-06,1,2,,0,4.9105248331810795e-12,-13.131713383960617,-0.02815929959697857,-0.8788225199500628,0.0007623720609859395,0.002730499177104793,0.002905342857066106,0.003888488131020227,0.0021403486279882806,0.001641599270830936,0.19849003743472984,13.156824180240584,0.29799397329882016,0.33905032531027873
669,adam,669,670,3.6063381031467036e-05,1,0.003888202235793936,0.0018946544589239338,0.024669705397425627,4.306507361499591e-06,1,2,,0,4.596161766230748e-12,-13.131189037129452,-0.028141015333796933,-0.8788217161538994,0.0007613032930086496,0.0027303012380135616,0.002905098026060768,0.003888202235793936,0.0021400980163165423,0.0016415654759996986,0.1984876521484223,13.156504581883636,0.2979946269260303,0.3390509747294661
670,adam,670,671,3.570274722115236e-05,1,0.0038878726001803556,0.0014868493500988685,0.016441234476845635,4.078239543481661e-06,1,2,,0,5.100399107529503e-12,-13.13151053670741,-0.028125061797976407,-0.8788223473923791,0.0007594501825720466,0.002730270473381243,0.0029050466646692165,0.0038878726001803556,0.0021400255731761114,0.0016415322494306927,0.1984848700188161,13.156217712929784,0.29799489356878406,0.3390510333713366
671,adam,671,672,3.534571974894084e-05,1,0.0038871342602064003,0.001331099317288146,0.013653126412582553,5.349729843653048e-06,1,2,,0,7.049370838133141e-12,-13.131115426814382,-0.028110341266975078,-0.8788225772362371,0.0007606184966173113,0.002729990306507476,0.0029047372467441157,0.0038871342602064003,0.002139682097751482,0.0016415002673499423,0.19848336797625646,13.155919000305236,0.2979950796409592,0.3390519256260009
672,adam,672,673,3.499226255145143e-05,1,0.003886911527194961,0.0018621743560802526,0.02680818407668451,5.21167696491812e-06,1,2,,0,6.364032655128554e-12,-13.13026911007474,-0.028096979835723384,-0.8788219442415953,0.0007630044409437749,0.0027296377509112967,0.0029043407948594027,0.003886911527194961,0.0021392148588171736,0.0016414696802810015,0.19848228286756725,13.15567765088916,0.29799542273933555,0.33905324881401405
673,adam,673,674,3.464233992593692e-05,1,0.0038853164257249633,0.0007415200184738323,0.008643530527250825,5.48134622046723e-06,1,2,,0,1.050688117054823e-11,-13.129140306029985,-0.02808561675041061,-0.8788235226430079,0.000758490994171096,0.0027293153576696113,0.0029039626943175873,0.0038853164257249633,0.0021388479377721895,0.0016414505577744597,0.19848111355186834,13.155522497117383,0.2979954610626701,0.3390542439372748
674,adam,674,675,3.4295916526677546e-05,1,0.003885023728165083,0.0008729541413022085,0.010597183117280659,4.913620673938241e-06,1,2,,0,7.864617291359603e-12,-13.128283099789195,-0.028075553460895453,-0.8788252037709442,0.0007545828536587925,0.0027290621614508587,0.0029036630476072995,0.003885023728165083,0.0021385666315675827,0.0016414257994188596,0.1984788990572644,13.155343765287881,0.29799536362698403,0.3390548492301784
675,adam,675,676,3.395295736141077e-05,1,0.0038846867115025934,0.0017041313800558425,0.023196901370455693,4.792924462264065e-06,1,2,,0,7.048352334357656e-12,-13.127279014801005,-0.028066441210571093,-0.8788261998539921,0.0007509261586830905,0.002728736030963632,0.002903296827748359,0.0038846867115025934,0.002138236862727018,0.0016414156041937667,0.19847773089679718,13.155232384262865,0.29799556935249755,0.3390557031596245
676,adam,676,677,3.361342778779666e-05,1,0.003884725786993122,0.0018955061542841117,0.024689769436557766,4.523718666060501e-06,1,2,,0,4.418311977545354e-12,-13.126437671439664,-0.02805787622476977,-0.8788254056194036,0.0007502144081711444,0.0027284047114803055,0.0029029334785955533,0.003884725786993122,0.002137901113390211,0.0016414007094549296,0.19847675720850233,13.155058025000129,0.2979960724779078,0.33905661349770666
677,adam,677,678,3.3277293509918694e-05,1,0.003883363370421892,0.0007416206685337538,0.008646727082268591,4.0484963497865654e-06,1,2,,0,4.126229821400127e-12,-13.12642527373652,-0.02805057540036194,-0.8788259625283239,0.0007487345198574544,0.0027282451884590177,0.0029027650315068447,0.003883363370421892,0.002137742035949559,0.0016413845512871764,0.19847527732211862,13.15490116475988,0.29799622706715123,0.33905693918012375
678,adam,678,679,3.294452057481951e-05,1,0.0038818956346189345,0.0007416408477247812,0.00864925867558761,4.190854056951987e-06,1,2,,0,3.0612100216944405e-12,-13.12655831132398,-0.028044134162495116,-0.8788267224716132,0.0007475279413099387,0.0027281353361275143,0.002902649789292356,0.0038818956346189345,0.002137643904893873,0.001641362737369247,0.19847283328669335,13.15472248985299,0.29799623861808383,0.3390569589252559
679,adam,679,680,3.2615075369071314e-05,1,0.003880812542727372,0.0013318515613365862,0.013630869199581008,4.794079886738602e-06,1,2,,0,3.1150471813238787e-12,-13.12681945071449,-0.028038459109169845,-0.8788276607021231,0.0007465643089545679,0.0027280693434277967,0.0029025815161140504,0.003880812542727372,0.0021375996457334966,0.0016413359869073825,0.1984695452796331,13.154524889964602,0.2979961240936603,0.3390567093462643
680,adam,680,681,3.2288924615380604e-05,1,0.0038796891292574467,0.0013319795513154133,0.013628320633671698,4.2926164931536406e-06,1,2,,0,2.3275279747360404e-12,-13.126593451402599,-0.028033184653777587,-0.8788277174670635,0.0007469549924483795,0.002727915361718975,0.002902408916918774,0.0038796891292574467,0.0021374112023322188,0.0016413102653694163,0.1984668528006778,13.154371869101736,0.2979961867828694,0.33905697511498334
681,adam,681,682,3.196603536922679e-05,1,0.0038808704001280533,0.0018961966520917928,0.024724786112238904,4.437927797699616e-06,1,2,,0,2.7261828825493524e-12,-13.125938136033183,-0.02802826948709282,-0.8788269951655239,0.0007485422528071468,0.002727684040524554,0.0029021446916725623,0.0038808704001280533,0.002137095931296692,0.0016412854957796868,0.19846468896678532,13.154258005110515,0.29799640649537723,0.3390576950564178
682,adam,682,683,3.1646375015534524e-05,1,0.003879322888113237,0.0018963545243447714,0.02473132934126668,3.895570452921268e-06,1,2,,0,3.4838542596257465e-12,-13.126055073256957,-0.028024210121743092,-0.8788275600407152,0.0007491493358729961,0.002727607077367277,0.002902056982379213,0.003879322888113237,0.002136948219172657,0.0016412606682537506,0.19846217588375636,13.154155293257137,0.29799632206358284,0.3390578738335942
683,adam,683,684,3.132991126537918e-05,1,0.0038805461285646124,0.0017043934575177802,0.02320104747429123,4.4287462160531145e-06,1,2,,0,7.415637332568521e-12,-13.126851004778686,-0.02802091133174203,-0.8788292620141344,0.0007488894225724792,0.002727666231117051,0.002902125093025731,0.0038805461285646124,0.002136948192641493,0.0016412358300646615,0.19845935855661873,13.154062674380217,0.2979959696520484,0.3390575753546405
684,adam,684,685,3.101661215272539e-05,1,0.0038799693042539823,0.0018633608587001378,0.02683386897838745,3.945656797642193e-06,1,2,,0,5.660970825708649e-12,-13.127610451763086,-0.028017562674996162,-0.8788292144001092,0.000751028322793646,0.0027276810061312292,0.002902151272059318,0.0038799693042539823,0.0021369091356583107,0.0016412083889043925,0.19845691985574207,13.153911484339043,0.29799595160768527,0.33905744947606703
685,adam,685,686,3.070644603119813e-05,1,0.003880284627709076,0.0017045440327665095,0.02320452263092895,3.768744817394515e-06,1,2,,0,4.4633692521893085e-12,-13.127954820843856,-0.02801507749311536,-0.8788310946788546,0.0007469803652378955,0.0027276875229666616,0.002902153633683738,0.003880284627709076,0.0021369178654629395,0.0016411911461868347,0.19845455401789477,13.15382922939124,0.2979956981756055,0.3390571708665254
686,adam,686,687,3.0399381570886156e-05,1,0.0038789779009137373,0.001863448645188392,0.02683628894240417,3.3096205658934923e-06,1,2,,0,2.5957652000154866e-12,-13.128310419255588,-0.02801246159240373,-0.8788312337100629,0.0007456938561793529,0.0027276559668963822,0.0029021214791021925,0.0038789779009137373,0.0021368873753914957,0.00164117062430725,0.1984525206019103,13.153689094571533,0.2979957621055712,0.33905706039677463
687,adam,687,688,3.009538775517729e-05,1,0.0038801335978428187,0.0017045787041162607,0.023202858488313355,3.737300895399302e-06,1,2,,0,4.8677735512829006e-12,-13.128300859933265,-0.02801062122807221,-0.8788332458818714,0.0007387122325687016,0.002727621764939823,0.002902072829392958,0.0038801335978428187,0.0021369027991093277,0.0016411593121552675,0.19845051220414728,13.153614900615446,0.2979955868591158,0.3390567983366122
688,adam,688,689,2.979443387762552e-05,1,0.003879330316777456,0.001389122506330051,0.014881724870768505,3.2475221966959903e-06,1,2,,0,2.352563202372447e-12,-13.12833961300895,-0.0280085874238986,-0.878833529848602,0.0007347624841258137,0.002727554459383077,0.002901995463737183,0.003879330316777456,0.0021368790504852687,0.0016411442285998454,0.19844880069538068,13.153483754446688,0.29799571439402184,0.33905670029628393
689,adam,689,690,2.9496489538849264e-05,1,0.003878935357237899,0.0025376427117660082,0.04746597392550936,3.596675320677384e-06,1,2,,0,3.699589741258348e-12,-13.127896245674405,-0.028006381429093466,-0.878832306123709,0.0007328826708714696,0.0027273841405295656,0.002901802173911077,0.003878935357237899,0.002136727700301797,0.0016411350522207361,0.19844812267539277,13.153389168557858,0.2979961399038856,0.33905711295291746
690,adam,690,691,2.9201524643460766e-05,1,0.003877473353735099,0.0017043875224952787,0.023193515596618745,3.7405293888157447e-06,1,2,,0,9.768937145260424e-12,-13.127116752737875,-0.028004990257440816,-0.8788334439933749,0.0007285117450825788,0.00272723695024339,0.00290162419853575,0.003877473353735099,0.0021366557140474756,0.0016411362456384341,0.19844716588296507,13.153368741308443,0.2979961947564313,0.33905713541286936
691,adam,691,692,2.890950939702616e-05,1,0.003876056654522409,0.0013336185359068822,0.013590816041014947,3.4974612888284627e-06,1,2,,0,2.893561488975526e-12,-13.126467165202433,-0.028003367636433876,-0.8788329891849856,0.0007268258187024216,0.0027270699698233865,0.0029014325322767043,0.003876056654522409,0.002136555388588049,0.0016411325262853306,0.1984463933895299,13.153287939703528,0.29799651816482486,0.3390572863913034
692,adam,692,693,2.86204143030559e-05,1,0.0038759485186805023,0.0025376748698373273,0.04744988135237157,3.6018149737076083e-06,1,2,,0,3.70366771882026e-12,-13.125479717091592,-0.028001729324127096,-0.8788318822996846,0.000726442220613966,0.0027268368194887996,0.0029011626344045867,0.0038759485186805023,0.0021363338794770487,0.0016411275819657773,0.1984459134371432,13.153235276310134,0.2979969536094628,0.3390578536531602
693,adam,693,694,2.8334210160025338e-05,1,0.0038762241699894697,0.0017039598760237292,0.023171408927206996,4.213555799328612e-06,1,2,,0,1.7425946310314416e-11,-13.124224587126704,-0.028000829134472268,-0.8788330644541719,0.0007234801378442596,0.002726633969202842,0.0029009172405856523,0.0038762241699894697,0.002136197350981834,0.0016411320908254472,0.19844513222347898,13.15324900146951,0.2979970267726288,0.33905802465086676
694,adam,694,695,2.8050868058425085e-05,1,0.003875364483980121,0.0017037794015319692,0.02316266557135542,3.7001426178068885e-06,1,2,,0,6.6765984536469e-12,-13.123149569715714,-0.02799965480714796,-0.8788326893339448,0.0007229903853008985,0.0027264183503431464,0.0029006664066427877,0.003875364483980121,0.0021360407005534313,0.001641131526272532,0.19844451704660793,13.153200840617169,0.29799735799708515,0.33905830389838953
695,adam,695,696,2.7770359377840834e-05,1,0.003873244114415138,0.0008719050323231964,0.010556910472985057,4.171261452355386e-06,1,2,,0,3.3040038852271495e-12,-13.122235470964903,-0.027998239354881833,-0.8788309384612603,0.0007246856093668008,0.002726191649389198,0.00290041096494999,0.003873244114415138,0.0021358663996882,0.001641126492098069,0.19844404937017823,13.153098196474193,0.29799791632161304,0.3390586786804399
696,adam,696,697,2.749265578406243e-05,1,0.0038749588816742757,0.0018974494105700101,0.02477061359884659,4.631884927746116e-06,1,2,,0,3.741797514797879e-12,-13.121224708602863,-0.02799686534740591,-0.8788289612596827,0.0007260578555194942,0.002725907435657365,0.0029001021288145726,0.0038749588816742757,0.0021356457713465286,0.0016411313048097342,0.19844424578030923,13.153040107546698,0.2979986526047051,0.33905927011080816
697,adam,697,698,2.72177292262218e-05,1,0.0038746404263642503,0.0018974904326141202,0.024773174705038443,3.5467318011909186e-06,1,2,,0,2.0521342176470987e-12,-13.120932078574274,-0.027995923734610628,-0.8788282526314509,0.0007265767409669994,0.002725764911198068,0.002899953568758087,0.0038746404263642503,0.0021355631137906944,0.001641133165285251,0.19844391179584212,13.152986692008323,0.29799906851149616,0.339059398682059
698,adam,698,699,2.6945551933959582e-05,1,0.0038742694424888967,0.002537107231424362,0.04740058448173477,3.459499064093989e-06,1,2,,0,4.166519985749515e-12,-13.121271493838831,-0.027995365213067676,-0.8788286658456599,0.000726340821931149,0.002725747326713161,0.002899946135375109,0.0038742694424888967,0.00213560210842332,0.0016411324058122302,0.1984431096802314,13.152937397286125,0.2979992015043437,0.3390591190473752
699,adam,699,700,2.6676096414619988e-05,1,0.003870976154816974,0.0013332920395663455,0.013593590125702215,4.0577507041758375e-06,1,2,,0,8.014129669643615e-12,-13.121219964612315,-0.027995398355916554,-0.878831088396415,0.0007236502768942852,0.002725736072229574,0.0028999341787834436,0.003870976154816974,0.0021356938478027236,0.0016411399717425296,0.19844205033339601,13.152949169025847,0.29799902415255086,0.33905855484670544
700,adam,700,701,2.6409335450473786e-05,1,0.0038706682878899257,0.0013334406676141519,0.013591432350770802,3.4644009493361143e-06,1,2,,0,6.450957697250069e-12,-13.120796764846569,-0.027995250696950903,-0.8788325987922739,0.0007222896004467362,0.0027256487670505,0.002899833199208928,0.0038706682878899257,0.002135654011760156,0.001641145247793723,0.19844129962417528,13.152977827436406,0.29799900140259306,0.3390584509343717
701,adam,701,702,2.614524209596905e-05,1,0.003871411108359946,0.0017028832954697956,0.02311744537011763,3.4436321126552896e-06,1,2,,0,6.167958166052154e-12,-13.120046059800071,-0.027994943269146973,-0.8788333011673457,0.0007221057536487993,0.0027254943868864484,0.00289965359913479,0.003871411108359946,0.002135498239770877,0.0016411485317308543,0.19844082550228964,13.153021488573087,0.2979991156793858,0.33905875318684886
702,adam,702,703,2.5883789675009356e-05,1,0.0038705859979491666,0.0017027828145785614,0.023112332233349894,3.056725921810133e-06,1,2,,0,1.78738115790174e-12,-13.119417950069742,-0.027994323432942062,-0.8788325980264831,0.0007239410063199366,0.0027253242206793345,0.0028994631715243946,0.0038705859979491666,0.0021353270203458632,0.0016411473190421394,0.19844048821573243,13.15300562709684,0.297999463209397,0.33905914127516174
703,adam,703,704,2.5624951778259265e-05,1,0.003869074252418429,0.0007419810241740452,0.008666381414405405,3.6344597637525455e-06,1,2,,0,2.343074134193199e-12,-13.118899031717143,-0.0279934280945861,-0.8788306534708406,0.0007275585040721992,0.0027251403554184915,0.002899263547645394,0.003869074252418429,0.0021351423756737022,0.0016411421700583387,0.19844027482840274,13.152937591871886,0.2980000159712603,0.3390596050157623
704,adam,704,705,2.5368702260476674e-05,1,0.0038698847210660047,0.0018977342552635346,0.02478587541925914,3.448003428297957e-06,1,2,,0,1.688083114094006e-12,-13.118546568449549,-0.027992685313579794,-0.8788291240304439,0.0007308753772183476,0.0027250012370918317,0.0028991124463609652,0.0038698847210660047,0.0021350114385326234,0.0016411318732032065,0.19843922035202352,13.15284739028272,0.29800041284606044,0.3390598098530828
705,adam,705,706,2.5115015237871907e-05,1,0.003870586438381793,0.0018607223575741365,0.026796518532750092,2.846526068549132e-06,1,2,,0,1.8375502914378904e-12,-13.11879336845749,-0.027992286888604487,-0.87882874076166,0.000733178761783359,0.0027249794139071757,0.0028990945520311045,0.003870586438381793,0.002134999630775179,0.0016411203928157498,0.19843780563262908,13.152765088401926,0.29800054455437197,0.33905962423427977
706,adam,706,707,2.4863865085493185e-05,1,0.0038688973812915826,0.00186034322525998,0.02679116149543672,2.772579928715297e-06,1,2,,0,2.661196016717632e-12,-13.11874098219929,-0.027992345901135248,-0.8788299846860718,0.000730351436419879,0.0027249561258061135,0.002899063344675209,0.0038688973812915826,0.002135024509040059,0.0016411156929612943,0.19843636526233593,13.152731808901024,0.2980004712655068,0.3390593234747532
707,adam,707,708,2.4615226434638252e-05,1,0.0038671252910511943,0.00110908056878589,0.016597952891832933,3.9270850038331196e-06,1,2,,0,1.1099971197922528e-11,-13.11842430899279,-0.027992809116104,-0.8788326650008285,0.0007230067392773036,0.0027249322151567243,0.0028990215737987822,0.0038671252910511943,0.0021350817374839815,0.0016411169300326782,0.19843490067514954,13.152741440961252,0.29800021789966336,0.33905892140244215
708,adam,708,709,2.4369074170291873e-05,1,0.003869149084097827,0.0017023917681821728,0.023087281688200675,5.101617827911895e-06,1,2,,0,1.0264899961204473e-11,-13.1181723315462,-0.027998621838929455,-0.8788469301220587,0.0007163465581103313,0.0027248356164643207,0.002898915996402611,0.003869149084097827,0.002135055523589042,0.0016410652076446666,0.1984220490597695,13.151103058822232,0.29799980764994743,0.3390583030109058
709,adam,709,710,2.4125383428588952e-05,1,0.0038693287848146274,0.0017023258110105298,0.02308296480910286,4.133628154812823e-06,1,2,,0,4.755265620159929e-12,-13.117986485553567,-0.028003480522033327,-0.8788584088974908,0.0007122767281602063,0.002724718962301683,0.0028987933496638046,0.0038693287848146274,0.0021350018755809776,0.0016410151992670872,0.1984106580708914,13.149590555201652,0.29799967154570556,0.33905786346915145
710,adam,710,711,2.3884129594303063e-05,1,0.0038674799401789074,0.0017022524684782035,0.023080690005178893,3.935673735594926e-06,1,2,,0,3.3066219859218612e-12,-13.117859283544076,-0.02800749117997211,-0.8788674138587309,0.0007104986271563081,0.002724584459204723,0.0028986551643327414,0.0038674799401789074,0.0021349240701509084,0.0016409668378027278,0.19840058204489314,13.148191995073137,0.2979997773132315,0.33905758263214486
711,adam,711,712,2.3645288298360033e-05,1,0.0038664039294767105,0.0013070097457794786,0.02561138848162766,4.354402146679661e-06,1,2,,0,3.74513317105533e-12,-13.117783966634947,-0.028010748396400477,-0.8788742236802317,0.0007107462635871341,0.0027244343937632273,0.0028985036768961804,0.0038664039294767105,0.002134825003263028,0.0016409200118534266,0.19839168120640613,13.146895836645239,0.2980000962653937,0.3390574425329687
712,adam,712,713,2.340883541537643e-05,1,0.00386622061095088,0.0013338817707451468,0.01358315606556057,4.232267346537556e-06,1,2,,0,3.737364319671642e-12,-13.117600035714103,-0.028013580777480427,-0.8788800288575537,0.0007107669740094878,0.002724237651732916,0.002898299520081362,0.00386622061095088,0.0021346600671196796,0.0016408684319945094,0.1983829880430713,13.145622376249221,0.29800050524651717,0.3390575430919088
713,adam,713,714,2.3174747061222666e-05,1,0.003866650000656165,0.0018599435952905581,0.026786552644122143,3.942360819317403e-06,1,2,,0,3.6328737276723336e-12,-13.117102345647885,-0.028015948891023653,-0.8788846311751163,0.0007117057497367654,0.00272399408846653,0.002898037948517068,0.003866650000656165,0.0021344058370155717,0.001640821141467738,0.1983754009203371,13.144502141778457,0.2980009892179786,0.33905798413325916
714,adam,714,715,2.294299959061044e-05,1,0.003867238039517977,0.0018981533865514231,0.024802821916452413,3.359495667418519e-06,1,2,,0,3.200833723520326e-12,-13.116405440437484,-0.028018447292430946,-0.8788902037813522,0.000708028700466091,0.002723774204474894,0.002897791783864387,0.003867238039517977,0.0021342121295080943,0.0016407840324786716,0.19836846124392146,13.143539087879345,0.29800124424293145,0.33905825087783736
715,adam,715,716,2.2713569594704337e-05,1,0.003866179096499682,0.001898212689247736,0.024804387271655286,3.005786750505945e-06,1,2,,0,2.135816344308479e-12,-13.116295082037189,-0.02802091736284238,-0.8788960656001987,0.0007041525329852276,0.0027236708002206437,0.002897678074295061,0.003866179096499682,0.0021341346674905214,0.0016407488400665118,0.19836183928286227,13.142678121625883,0.29800127036978413,0.3390581544524475
716,adam,716,717,2.248643389875729e-05,1,0.00386640255665631,0.0007420837230772873,0.008665386482738452,3.371631544933212e-06,1,2,,0,3.978494735866241e-12,-13.116700779028225,-0.028023360057874806,-0.8789021772477729,0.0007001040683020114,0.002723670231580657,0.0028976813810146543,0.00386640255665631,0.002134159727040495,0.001640715373520112,0.19835550542585928,13.141908219286623,0.2980010946875951,0.33905773797311334
717,adam,717,718,2.2261569559769718e-05,1,0.0038662682969179147,0.0013340745596235335,0.013575374957312411,2.9908169045377284e-06,1,2,,0,2.8199300481878437e-12,-13.117159159761004,-0.028025587987972424,-0.8789078084069261,0.0006965736178625641,0.0027236914555591667,0.002897707815100822,0.0038662682969179147,0.0021342117288893044,0.0016406804804173618,0.19834909157764166,13.141194924097665,0.2980008541650508,0.33905718291141007
718,adam,718,719,2.203895386417202e-05,1,0.003866011731586771,0.0013342385158488614,0.013572737241966074,2.544878995237043e-06,1,2,,0,1.5806656772397346e-12,-13.117250651219464,-0.028027423754699774,-0.8789122810072767,0.0006943039491527254,0.002723645600516907,0.0028976555561107324,0.003866011731586771,0.002134156325900063,0.001640648213561877,0.1983435409942987,13.140574865192487,0.29800075334509823,0.33905702218681383
719,adam,719,720,2.18185643255303e-05,1,0.0038656129728057605,0.0007421922779829666,0.008673156275075448,2.6221920833597775e-06,1,2,,0,1.1309140316251454e-12,-13.117018468189633,-0.02802891107001452,-0.8789157250861228,0.0006931509519601937,0.0027235406201445603,0.00289753387592042,0.0038656129728057605,0.0021340063204925803,0.0016406183296808353,0.1983387616540845,13.140037937207369,0.29800077638723843,0.3390572094937871
720,adam,720,721,2.1600378682274997e-05,1,0.003864867745213001,0.000742201977932715,0.00867394249714559,2.5848224670542182e-06,1,2,,0,1.0014112938457066e-12,-13.116904727608098,-0.02803028551189945,-0.8789189714218755,0.0006922011424918634,0.002723467793853778,0.0028974477059574054,0.003864867745213001,0.002133901156830248,0.0016405867852814279,0.19833375772714648,13.139533089288483,0.2980007157029171,0.33905719882540897
721,adam,721,722,2.1384374895452244e-05,1,0.003863663628516154,0.0009934724778968248,0.017271795079407286,2.9312435904873594e-06,1,2,,0,1.180750246309204e-12,-13.116895753680453,-0.028031558855771813,-0.8789220397714939,0.0006914318645615561,0.0027234233699956496,0.0028973929066200737,0.003863663628516154,0.0021338356475975903,0.0016405538252630331,0.19832856305859758,13.139057117787548,0.2980005812368079,0.33905701381650766
722,adam,722,723,2.1170531146497724e-05,1,0.0038628079752580195,0.00138696107498489,0.014799045447380458,3.334701553327906e-06,1,2,,0,3.8026961187357755e-12,-13.116912629299321,-0.02804608571281876,-0.878923454531597,0.0006906598108155421,0.002723445816018676,0.0028973785671339816,0.0038628079752580195,0.0021338340434509918,0.0016405407406858343,0.198325441187902,13.138956669162956,0.29800046502699806,0.33905660264687393
723,adam,723,724,2.0958825835032745e-05,1,0.0038612764240120788,0.0013870311938502717,0.014802116067814541,3.2861774747496794e-06,1,2,,0,2.9724986949692504e-12,-13.116583359639696,-0.028058749973356646,-0.8789236382186566,0.000691166089202967,0.0027233867625673738,0.0028972770066448255,0.0038612764240120788,0.0021337399766906784,0.001640532297166002,0.19832327749765283,13.138884590088015,0.2980005834358735,0.33905659421067236
724,adam,724,725,2.0749237576682418e-05,1,0.003861642482809524,0.001898862611084337,0.024829135247504616,3.658814388903539e-06,1,2,,0,2.9993074375209406e-12,-13.115949148408758,-0.028069756462702666,-0.8789227336845303,0.0006928016700934715,0.002723256106482387,0.002897098968561197,0.003861642482809524,0.0021335645509135896,0.00164052793901604,0.1983219598697633,13.138837487338893,0.29800090772779336,0.3390569405604518
725,adam,725,726,2.0541745200915595e-05,1,0.003861520361062278,0.00189894364059568,0.02483166935908984,2.948412359001626e-06,1,2,,0,1.920199199016109e-12,-13.115845762244968,-0.028079790351649273,-0.8789227413878722,0.0006937148805758673,0.0027232238103121,0.0028970366216624337,0.003861520361062278,0.0021334946943419183,0.0016405221771699716,0.19832039717462768,13.138794108796162,0.2980010142321436,0.3390569460391736
726,adam,726,727,2.0336327748906438e-05,1,0.003861216786087068,0.0013060821305021573,0.025545838080422354,2.9294941496704053e-06,1,2,,0,2.2474900295383795e-12,-13.116209341453423,-0.02808895533038375,-0.8789235553455689,0.000693988704428552,0.002723278118518899,0.002897076119656035,0.003861216786087068,0.0021335178541417774,0.001640515177684043,0.19831861957515648,13.138754031308341,0.2980009285906843,0.33905665099590415
727,adam,727,728,2.0132964471417376e-05,1,0.003861334993657263,0.0025363808220196585,0.047322205965823885,2.82985118243202e-06,1,2,,0,2.352842384586953e-12,-13.116433282463385,-0.028097064374146902,-0.8789240471560618,0.0006940586460997584,0.002723272232055417,0.0028970514776498475,0.003861334993657263,0.0021334724606368793,0.001640500473516588,0.1983163836240797,13.13861667968258,0.29800095879729566,0.3390565817300892
728,adam,728,729,1.9931634826703198e-05,1,0.0038608259637258513,0.0008710943708125111,0.01049999477605404,3.1495791274104396e-06,1,2,,0,3.759581792698514e-12,-13.116365714463697,-0.028104704076921085,-0.8789260580947718,0.0006922393849972096,0.0027232719483511582,0.0028970278513622116,0.0038608259637258513,0.0021334757132615606,0.0016404934353969102,0.19831411781460134,13.138534564626337,0.2980007628888251,0.3390562795487829
729,adam,729,730,1.973231847843617e-05,1,0.003860216644357321,0.0017016205885385517,0.02306263009459858,2.954222640557631e-06,1,2,,0,3.2048707151143838e-12,-13.116164345565531,-0.028111433645149658,-0.8789275450937198,0.0006905145048309258,0.0027232121825736355,0.0028969479419385874,0.003860216644357321,0.002133431220911028,0.0016404937508267153,0.19831252209361616,13.138482822337016,0.2980007601677403,0.339056195772156
730,adam,730,731,1.9534995293651806e-05,1,0.003859953299391215,0.0017015342764940932,0.023060076009524977,2.4587787218684564e-06,1,2,,0,1.424899498357035e-12,-13.11601579749762,-0.028117165747212156,-0.8789278438519851,0.0006905118154823677,0.0027231332597033014,0.002896852411346561,0.003859953299391215,0.0021333663194471205,0.0016404909575367691,0.1983111702713974,13.138395526363995,0.29800094455847737,0.33905621408258413
731,adam,731,732,1.933964534071529e-05,1,0.0038584345277230454,0.0013353274747904627,0.01355107943820727,2.7164439313871074e-06,1,2,,0,1.3480850554033784e-12,-13.11591412454718,-0.028122010903025282,-0.8789270922139032,0.000692030393525718,0.0027230375006381453,0.0028967431506888015,0.0038584345277230454,0.00213328345126508,0.0016404854360490665,0.1983100356866445,13.138276934917437,0.2980012936999393,0.3390563227240051
732,adam,732,733,1.9146248887308135e-05,1,0.003858770581444128,0.0018594926148606283,0.02677429381671386,2.595546019365654e-06,1,2,,0,1.0428916380162249e-12,-13.115546927431263,-0.028126198662951834,-0.878925937022586,0.000694158517092965,0.0027228957513506335,0.002896579766718881,0.003858770581444128,0.002133121008065435,0.0016404795507903068,0.19830917489297253,13.138185134943312,0.29800170483296395,0.3390567110930525
733,adam,733,734,1.8954786398435054e-05,1,0.0038580862069653664,0.0007423575206081122,0.00867957332862994,2.2638326920351115e-06,1,2,,0,1.9730776041133383e-12,-13.115010424548581,-0.028130258056835868,-0.878926141989714,0.0006922718292204037,0.0027227681357526136,0.002896424847702182,0.0038580862069653664,0.002133004246146245,0.001640478489942215,0.19830826383035202,13.13813352806703,0.29800192486617505,0.33905695048630385
734,adam,734,735,1.8765238534450703e-05,1,0.003857503525420056,0.0007423546921519223,0.008678749394901819,2.230091578822479e-06,1,2,,0,1.43395088445272e-12,-13.11461286524983,-0.028133920062444646,-0.8789264778688918,0.0006906586367162981,0.0027226723293572374,0.0028963060452307137,0.003857503525420056,0.002132924988648282,0.0016404732844928125,0.19830680693076422,13.138064729000062,0.2980020508128963,0.3390570095214679
735,adam,735,736,1.8577586149106196e-05,1,0.003856533865818812,0.0017011791043739246,0.02304989062203048,2.5329876304904405e-06,1,2,,0,1.13286020653928e-12,-13.11433857659591,-0.028137227345789342,-0.878926929186813,0.0006892886942015762,0.0027226046583699206,0.002896219188149113,0.003856533865818812,0.002132878866262424,0.0016404644331879385,0.19830487067813202,13.13798075149374,0.2980020935942184,0.33905690960382706
736,adam,736,737,1.8391810287615136e-05,1,0.003857110129871814,0.001859323073195929,0.02677014624658479,2.6610483822443076e-06,1,2,,0,7.852452229105746e-13,-13.114123478219698,-0.028139922137070488,-0.8789263591545843,0.0006895183222355009,0.0027225201314992854,0.0028961189047786895,0.003857110129871814,0.002132813846023188,0.001640453661506167,0.1983032119182135,13.137866918119153,0.29800230776448755,0.33905690887554046
737,adam,737,738,1.8207892184738984e-05,1,0.003856709314122049,0.0018995272849701066,0.024863084031961354,2.503135940291846e-06,1,2,,0,2.386056230275189e-12,-13.113729916262475,-0.02814263874342691,-0.8789270416786412,0.0006860819898090387,0.0027224437596710793,0.002896020815905147,0.003856709314122049,0.0021327829290855014,0.0016404480718834674,0.19830159470706285,13.13779454390278,0.2980023581485201,0.33905680517647047
738,adam,738,739,1.802581326289159e-05,1,0.00385571140058106,0.0017010361283593767,0.023043562536254114,2.2934053238622747e-06,1,2,,0,1.6711552643879442e-12,-13.113786339674059,-0.02814525756442532,-0.8789283739974473,0.0006825339145938723,0.0027224495853789654,0.002896018009811103,0.00385571140058106,0.0021328313185881003,0.0016404414087657475,0.1982998090654841,13.137728791009886,0.2980022424530289,0.3390564453634221
739,adam,739,740,1.7845555130262677e-05,1,0.0038559213948675146,0.0013352534558880025,0.013545940783944235,2.09891491833796e-06,1,2,,0,6.420272637098104e-13,-13.113865398484027,-0.02814734517627082,-0.878928615908208,0.0006807792974517784,0.0027224311741788562,0.0028959931504708657,0.0038559213948675146,0.0021328511963025426,0.0016404326847928984,0.19829828334991553,13.137632378945769,0.2980023099901209,0.3390562106104051
740,adam,740,741,1.766709957896005e-05,1,0.0038553049378941225,0.0013352797253316994,0.013545726841987862,1.9050805883047094e-06,1,2,,0,5.00891285153132e-13,-13.113679844180881,-0.028149083373369667,-0.878928381542678,0.0006799315871387113,0.0027223627139092705,0.0028959100557995098,0.0038553049378941225,0.002132787135086868,0.0016404240438535299,0.1982970651505135,13.137559614612384,0.29800246234598066,0.3390562706407793
741,adam,741,742,1.749042858317045e-05,1,0.003856314117228654,0.0018997380179358258,0.02487217194990316,2.115760721516144e-06,1,2,,0,8.265502780805443e-13,-13.113261192622836,-0.028150511117060843,-0.8789277265787159,0.0006798861245810847,0.002722250238166151,0.0028957757906849053,0.003856314117228654,0.0021326492098106362,0.001640415505395965,0.1982961215274567,13.13750788534162,0.29800268968757426,0.33905659059390253
742,adam,742,743,1.7315524297338745e-05,1,0.003856314117228654,0.0018999002945357943,0.02487652218353524,1.772898570430422e-06,1,1,,0,9.947949791648966e-09,-13.113261192622836,-0.02815243218722509,-0.8789278401683701,0.0006793792962203383,0.002722250238166151,0.0028957757906849053,0.003856314117228654,0.0021326492098106362,0.001640415505395965,0.1982961215274567,13.13750788534162,0.29800273770109836,0.3390566188640817
743,adam,743,744,1.7142369054365355e-05,1,0.0038552343653565782,0.0025362896181534214,0.04729646505464208,2.132863298709159e-06,1,2,,0,4.7776634912804004e-12,-13.113680711292417,-0.028153465404264503,-0.8789286328667788,0.0006784652257426384,0.0027222648378564572,0.0028957831749272913,0.0038552343653565782,0.002132626574121554,0.0016403963971924123,0.19829357301140682,13.137416850789945,0.2980026275697447,0.33905638993057413
744,adam,744,745,1.6970945363821705e-05,1,0.0038556236208942486,0.0017009867037246916,0.02303766887062734,2.7247808555092682e-06,1,2,,0,3.3717398214351386e-12,-13.113809707239882,-0.02815515040478464,-0.8789306992268111,0.0006760346897867735,0.002722308884642134,0.0028958236730126114,0.0038556236208942486,0.00213268852975041,0.0016403926372038,0.19829210283204715,13.137411465467771,0.29800233949596866,0.33905597936420956
745,adam,745,746,1.6801235910183485e-05,1,0.0038556236208942486,0.0017010685519465371,0.02304262098095562,1.8829258768929242e-06,1,1,,0,9.433756993601284e-09,-13.113809707239882,-0.028156870512286124,-0.8789316459575283,0.0006751995270448202,0.002722308884642134,0.0028958236730126114,0.0038556236208942486,0.00213268852975041,0.0016403926372038,0.19829210283204715,13.137411465467771,0.2980022434572181,0.3390556948560842
746,adam,746,747,1.663322355108165e-05,1,0.0038551009953120986,0.0017009272794824358,0.023033845474551017,1.795833405521151e-06,1,2,,0,3.527629866923411e-12,-13.114104632248617,-0.028157316141354017,-0.8789316023599021,0.0006757746270260539,0.0027223185400838627,0.002895830507079224,0.0038551009953120986,0.002132729499342315,0.0016403788371753287,0.19828981128749346,13.137300297815374,0.2980023168332845,0.33905552210679873
747,adam,747,748,1.6466891315570834e-05,1,0.003854544065020512,0.0013360579088182532,0.01353264631947064,2.312970411923251e-06,1,2,,0,1.131501814519737e-12,-13.114267341145085,-0.02815788620616986,-0.8789306834187615,0.000677594260841175,0.002722290098311796,0.0028958023527234393,0.003854544065020512,0.0021327148427960014,0.0016403693358410575,0.19828894675301192,13.13720277333992,0.2980025395638474,0.3390554484951389
748,adam,748,749,1.6302222402415126e-05,1,0.00385559422992417,0.0025359320875776616,0.047281932523654195,2.2074798248616774e-06,1,2,,0,8.758229074368763e-13,-13.114175745523145,-0.02815827952709537,-0.8789294448839502,0.0006798836356791199,0.0027222167839416043,0.002895721187949771,0.00385559422992417,0.00213262634822842,0.001640360104550028,0.19828830970889935,13.137128061827612,0.2980028235324059,0.3390556315724887
749,adam,749,750,1.6139200178390973e-05,1,0.00385559422992417,0.0025361360733037455,0.04729358861464128,1.7742358281709696e-06,1,1,,0,9.291592683286151e-09,-13.114175745523145,-0.02815919489598002,-0.8789296390803095,0.0006803842317191978,0.0027222167839416043,0.002895721187949771,0.00385559422992417,0.00213262634822842,0.001640360104550028,0.19828830970889935,13.137128061827612,0.29800289556956483,0.33905559771172256
750,adam,750,751,1.5977808176607064e-05,1,0.0038539197826647272,0.0013040655688450022,0.025425630875962255,2.5141647740540355e-06,1,2,,0,1.1371335321575905e-11,-13.113391106744373,-0.028159920126532394,-0.8789310990303585,0.0006793050441481871,0.0027221068636891243,0.002895582910221322,0.0038539197826647272,0.0021325798787122704,0.0016403579363535056,0.1982865353383333,13.137090846153527,0.29800278070155345,0.3390553733203113
751,adam,751,752,1.5818030094840994e-05,1,0.003853372639457922,0.0017005237336948965,0.02301409353223708,2.4618911973391853e-06,1,2,,0,4.763711563615785e-12,-13.112879455318506,-0.028160717362874614,-0.8789322130481526,0.0006782032024997104,0.0027220202359405253,0.0028954776089105045,0.003853372639457922,0.0021325247267160665,0.0016403524810670856,0.19828515981874495,13.137009045544975,0.29800276159279787,0.3390553264308727
752,adam,752,753,1.5659849793892583e-05,1,0.003853372639457922,0.0017005839871407557,0.023019935692645058,2.063385743511523e-06,1,1,,0,9.857810296451715e-09,-13.112879455318506,-0.02816136943577947,-0.8789323655938323,0.0006784681342838072,0.0027220202359405253,0.0028954776089105045,0.003853372639457922,0.0021325247267160665,0.0016403524810670856,0.19828515981874495,13.137009045544975,0.2980028943356802,0.33905536110998036
753,adam,753,754,1.5503251295953658e-05,1,0.003852079939271387,0.0008697463412632988,0.010432492090593291,2.2438160195178783e-06,1,2,,0,4.067127746707387e-12,-13.112088454327523,-0.02816142661546131,-0.8789316683619985,0.0006799399005781216,0.0027218135969562006,0.002895242101372959,0.003852079939271387,0.0021323725539360494,0.0016403365502814025,0.19828303164330452,13.136777507178762,0.29800316081715406,0.3390554679193289
754,adam,754,755,1.5348218782994118e-05,1,0.0038516550288601507,0.0013360124940761068,0.013535419408167743,2.515736297628676e-06,1,2,,0,1.1844380335962122e-12,-13.111656617201717,-0.028161555739693735,-0.8789308026198839,0.000681171537386029,0.002721670201223641,0.0028950873377198557,0.0038516550288601507,0.002132261519004797,0.0016403337794269896,0.19828248363913348,13.136679641629673,0.2980035330676451,0.3390557095248273
755,adam,755,756,1.5194736595164179e-05,1,0.0038517977697251804,0.001856819341617143,0.026734420828552513,2.4367566169349214e-06,1,2,,0,1.182490073094348e-12,-13.111050532949013,-0.028161563021189502,-0.8789296379182012,0.0006828941714560072,0.0027214977050440377,0.002894897200927843,0.0038517977697251804,0.002132092329471792,0.0016403306368068373,0.19828212363625308,13.136604271595655,0.2980039445895859,0.3390561568680223
756,adam,756,757,1.5042789229212538e-05,1,0.0038519666243633046,0.001899925322594873,0.02488535621764905,2.2098634528838003e-06,1,2,,0,3.0233192288817397e-12,-13.110342508658688,-0.028161833118233826,-0.8789295990432614,0.0006813877142030819,0.002721343788904027,0.002894721465474931,0.0038519666243633046,0.0021319641437551034,0.0016403310135295196,0.19828167787206846,13.136560260695559,0.2980041956204697,0.3390564697960133
757,adam,757,758,1.489236133692041e-05,1,0.0038519666243633046,0.0018999315068241455,0.02488401533546789,1.8871280096008108e-06,1,1,,0,9.251483963557946e-09,-13.110342508658688,-0.028162402345712087,-0.8789301726631581,0.0006796390046474441,0.002721343788904027,0.002894721465474931,0.0038519666243633046,0.0021319641437551034,0.0016403310135295196,0.19828167787206846,13.136560260695559,0.29800428625925934,0.33905652693852883
758,adam,758,759,1.4743437723551208e-05,1,0.0038520080657222164,0.0007425289614135198,0.008679102552236764,2.0836947187216705e-06,1,2,,0,6.332519559865079e-12,-13.110124344854967,-0.02816276489929099,-0.87893128698984,0.0006776781567138169,0.0027212601700666588,0.002894626560280823,0.0038520080657222164,0.0021319285313190486,0.001640327478974389,0.19828009413680955,13.13648208039994,0.2980042353858699,0.3390563584934261
759,adam,759,760,1.4596003346315696e-05,1,0.0038520080657222164,0.0007425458707171894,0.008678371549068545,1.828632697732868e-06,1,1,,0,8.894056309028766e-09,-13.110124344854967,-0.028163494066002662,-0.8789324020199086,0.0006759847312812806,0.0027212601700666588,0.002894626560280823,0.0038520080657222164,0.0021319285313190486,0.001640327478974389,0.19828009413680955,13.13648208039994,0.29800413582027985,0.33905608761169
760,adam,760,761,1.4450043312852539e-05,1,0.003851617593954453,0.0013862319083631084,0.014757281856062237,1.8947458292795672e-06,1,2,,0,4.6180495074302995e-12,-13.110430714419564,-0.02816374790663207,-0.8789335165680824,0.0006745293307374371,0.0027212877689686923,0.0028946560875542197,0.003851617593954453,0.0021320111660178462,0.001640313709825071,0.19827711929700562,13.136365946962819,0.2980039933976287,0.3390557268877821
761,adam,761,762,1.4305542879724013e-05,1,0.003851617593954453,0.0013862752185696816,0.014758344864091017,1.6421423386314516e-06,1,1,,0,8.256178656434293e-09,-13.110430714419564,-0.02816405619351115,-0.8789337482460584,0.0006740694268014322,0.0027212877689686923,0.0028946560875542197,0.003851617593954453,0.0021320111660178462,0.001640313709825071,0.19827711929700562,13.136365946962819,0.2980040175417578,0.33905565156552125
762,adam,762,763,1.4162487450926773e-05,1,0.003850920401095826,0.0016996384634955966,0.022976987869976245,1.855756128678378e-06,1,2,,0,1.539809772519517e-12,-13.11004585788048,-0.02816397035324332,-0.8789331995229208,0.0006744895460249087,0.0027211655275870814,0.0028945168822986384,0.003850920401095826,0.002131910792049621,0.0016403064258639032,0.19827554977091694,13.13629319393009,0.29800418797832035,0.33905582777358095
763,adam,763,764,1.4020862576417504e-05,1,0.003849964126339345,0.001336161832436961,0.01352901065036849,2.13564201881337e-06,1,2,,0,6.405855955780415e-13,-13.109795616235678,-0.02816376881670068,-0.8789319494069895,0.0006759897984373102,0.002721069807986233,0.002894411601534998,0.003849964126339345,0.002131820435899241,0.0016403023500174683,0.19827515176529728,13.136239164405858,0.29800447408721636,0.3390560543102433
764,adam,764,765,1.388065395065333e-05,1,0.0038491472104499108,0.0007425464867430907,0.008678790825659673,2.171740466447512e-06,1,2,,0,8.102974161366585e-13,-13.10937043138985,-0.028163489684894356,-0.8789304729401785,0.0006779018057501134,0.0027209436846874447,0.002894270131634519,0.0038491472104499108,0.0021316756832118573,0.0016402981083692445,0.19827491498355304,13.136201901341918,0.2980048020765321,0.33905646843452086
765,adam,765,766,1.3741847411146797e-05,1,0.0038497578861506608,0.0019002424926661703,0.02490212179908973,2.221281783217297e-06,1,2,,0,6.163642373022462e-13,-13.10905062770669,-0.02816327222911553,-0.8789292708391716,0.0006796594220795062,0.0027208443091434596,0.0028941580980155947,0.0038497578861506608,0.0021315647432203467,0.0016402911648970505,0.19827422703873965,13.136151345183544,0.29800504365699354,0.3390567245891112
766,adam,766,767,1.3604428937035329e-05,1,0.0038497578861506608,0.001900391379911761,0.024906867650151977,1.7116474275428402e-06,1,1,,0,8.960188906759435e-09,-13.10905062770669,-0.028163183301121445,-0.8789287590404161,0.0006808536656803329,0.0027208443091434596,0.0028941580980155947,0.0038497578861506608,0.0021315647432203467,0.0016402911648970505,0.19827422703873965,13.136151345183544,0.2980051371579097,0.3390567498684141
767,adam,767,768,1.3468384647664975e-05,1,0.003850203959185782,0.0018562640064777218,0.02672451665188106,1.7178758989190588e-06,1,2,,0,2.0742633091830392e-12,-13.10940092241734,-0.028163343868243183,-0.8789288577796727,0.0006815488058170767,0.0027208374659823537,0.0028941531670371536,0.003850203959185782,0.002131542711457725,0.0016402756148597953,0.19827230398417794,13.136062540357003,0.2980050999978245,0.3390565715357882
768,adam,768,769,1.3333700801188325e-05,1,0.003850203959185782,0.0018562480019367533,0.026721383077725987,1.808287397247746e-06,1,1,,0,8.971485003695847e-09,-13.10940092241734,-0.028163848538113108,-0.8789298414961921,0.0006794483613236855,0.0027208374659823537,0.0028941531670371536,0.003850203959185782,0.002131542711457725,0.0016402756148597953,0.19827230398417794,13.136062540357003,0.2980049642759006,0.33905633528099965
769,adam,769,770,1.3200363793176441e-05,1,0.0038488653560874086,0.00099248648568369,0.017264443754159316,2.405326255459609e-06,1,2,,0,7.070860551197555e-12,-13.10952454008542,-0.028164216329994933,-0.8789316062050724,0.0006748860780552691,0.002720881423688468,0.0028941903904082028,0.0038488653560874086,0.002131634257697857,0.0016402701977997426,0.19827021811037415,13.136050483512982,0.2980047420520281,0.33905604810532763
770,adam,770,771,1.3068360155244677e-05,1,0.0038499049083281587,0.0016995155929962911,0.02297055311315093,2.5714620405924993e-06,1,2,,0,2.8170172093455003e-12,-13.109522676846328,-0.028173284870010588,-0.8789323301164679,0.00067076264700744,0.002720939702026107,0.0028942267629489286,0.0038499049083281587,0.002131719180633882,0.0016402798248249196,0.19827026301039058,13.136261876089861,0.2980045457567683,0.3390556360081445
771,adam,771,772,1.293767655369223e-05,1,0.0038499049083281587,0.0016995691925289094,0.0229737222387614,1.9045545154394208e-06,1,1,,0,9.642130216518019e-09,-13.109522676846328,-0.028183701029036362,-0.8789322688562848,0.0006681289559258261,0.002720939702026107,0.0028942267629489286,0.0038499049083281587,0.002131719180633882,0.0016402798248249196,0.19827026301039058,13.136261876089861,0.29800449473566987,0.3390553330611636
772,adam,772,773,1.2808299788155307e-05,1,0.003849688842545281,0.0016994824971030935,0.022968604831040133,1.7090887865803627e-06,1,2,,0,4.373552248381634e-12,-13.10957918003339,-0.028188048949763546,-0.8789315138219574,0.0006668136293435787,0.00272098702805754,0.0028942390321950126,0.003849688842545281,0.0021318127842300193,0.0016402905478222947,0.19827050319618852,13.136540735729962,0.29800457184812174,0.33905512693115486
773,adam,773,774,1.2680216790273755e-05,1,0.003849688842545281,0.0016994591196521453,0.02296626260752146,1.948237772093221e-06,1,1,,0,9.956642467448677e-09,-13.10957918003339,-0.02819579484591713,-0.8789301463789486,0.0006666638576754414,0.00272098702805754,0.0028942390321950126,0.003849688842545281,0.0021318127842300193,0.0016402905478222947,0.19827050319618852,13.136540735729962,0.29800476186506014,0.33905500665394916
774,adam,774,775,1.2553414622371016e-05,1,0.0038499408464893812,0.0013364497440089328,0.013515368519942048,2.3927020013187545e-06,1,2,,0,4.519508644010408e-12,-13.109700912366941,-0.028199102839794595,-0.8789282390989135,0.0006675435681099801,0.0027209590180925468,0.0028941854394697146,0.0038499408464893812,0.0021318233878848,0.0016402920704620737,0.1982709146670261,13.136663422320895,0.2980050512024874,0.3390549624230881
775,adam,775,776,1.2427880476147307e-05,1,0.003849369687891103,0.0013363992838451423,0.013516447313446173,2.2084295549067074e-06,1,2,,0,1.367427867447648e-12,-13.109579594341787,-0.028203575142778943,-0.8789262111284075,0.0006688457579106028,0.0027209026098474983,0.002894112563475581,0.003849369687891103,0.0021317622977218183,0.001640291317777185,0.19827122112066653,13.136712524506022,0.2980053744423727,0.33905511348444145
776,adam,776,777,1.2303601671385834e-05,1,0.003850148464035028,0.0018567485684780163,0.02673021086718197,2.2135321071015632e-06,1,2,,0,1.459421680786108e-12,-13.109291630272025,-0.02820747471939631,-0.878924078657645,0.0006705198944045627,0.002720816216839033,0.002894005545889677,0.003850148464035028,0.0021316509140381864,0.0016402901419575204,0.19827160210542447,13.136766206599136,0.2980057274216021,0.33905543658562115
777,adam,777,778,1.2180565654671974e-05,1,0.003850148464035028,0.0018568819159755427,0.026730941278368503,1.6739712762015457e-06,1,1,,0,9.04328514489934e-09,-13.109291630272025,-0.02821228139999383,-0.8789230023250115,0.0006695156559403281,0.002720816216839033,0.002894005545889677,0.003850148464035028,0.0021316509140381864,0.0016402901419575204,0.19827160210542447,13.136766206599136,0.29800594813939246,0.3390556529724053
778,adam,778,779,1.2058759998125255e-05,1,0.003848903341141378,0.0018568770133732518,0.026730388768949606,1.8004559690586875e-06,1,2,,0,4.484543132991408e-12,-13.108413803391883,-0.028214677134781988,-0.8789228603166694,0.0006661525655551853,0.002720671284537198,0.002893811634536034,0.003848903341141378,0.002131517165868544,0.001640295505897741,0.19827193980698776,13.136910691425454,0.29800605223379567,0.3390557749303189
779,adam,779,780,1.1938172398144002e-05,1,0.0038472500431576155,0.0019008412775781873,0.02492028290612882,2.3219908662838455e-06,1,2,,0,4.438550398213872e-12,-13.107847539879097,-0.028218018499014574,-0.8789235440607631,0.0006607131785679194,0.0027206110316405152,0.002893723755574627,0.0038472500431576155,0.0021314880845010264,0.0016403014035721963,0.19827192638319416,13.136998205833107,0.2980060536084354,0.3390558134108929
780,adam,780,781,1.1818790674162561e-05,1,0.0038468018776193075,0.001301191149168838,0.02528588422875965,2.183538723504712e-06,1,2,,0,3.010710878979239e-12,-13.107613060044462,-0.02822113130126012,-0.878924646797405,0.0006555353726230448,0.0027206059877799824,0.002893701265934225,0.0038468018776193075,0.002131512020525834,0.0016403055011664845,0.1982716837049618,13.137075164698553,0.2980059492409793,0.3390556708670135
781,adam,781,782,1.1700602767420937e-05,1,0.0038462080023529276,0.0013011763286187698,0.02528372334169169,2.063440911436665e-06,1,2,,0,2.4537650445869655e-12,-13.107344994100723,-0.028223868736796102,-0.8789254874957628,0.0006508125829460144,0.0027205697986688493,0.0028936463490097336,0.0038462080023529276,0.002131494437553422,0.001640304175166438,0.19827108286204334,13.137083879023658,0.29800591754945555,0.33905565788822767
782,adam,782,783,1.1583596739746725e-05,1,0.0038459351792869845,0.0016991467982677003,0.02295635824443478,2.2094868806464196e-06,1,2,,0,2.1062710308091802e-12,-13.107047489919292,-0.02822627180076805,-0.8789260957951247,0.0006464965506215654,0.0027205062990401647,0.0028935629857298915,0.0038459351792869845,0.0021314404912675298,0.0016402981148746312,0.1982701711752009,13.13703287318838,0.2980059493820934,0.33905575874410615
783,adam,783,784,1.1467760772349259e-05,1,0.0038459351792869845,0.0016991071686374858,0.02295736369358276,1.7791296668856196e-06,1,1,,0,8.391626986419958e-09,-13.107047489919292,-0.02822887609883333,-0.8789260050077456,0.0006435764587361752,0.0027205062990401647,0.0028935629857298915,0.0038459351792869845,0.0021314404912675298,0.0016402981148746312,0.1982701711752009,13.13703287318838,0.29800608751728574,0.33905590656827467
784,adam,784,785,1.1353083164625766e-05,1,0.0038461520825212414,0.003112622144685628,0.07143606714667503,1.74363686367953e-06,1,2,,0,3.0031157730118567e-12,-13.106598972249179,-0.028229849016110017,-0.8789252965666433,0.0006418919229257924,0.0027203533942138126,0.0028933780308854373,0.0038461520825212414,0.002131305078704053,0.001640283072557767,0.19826878481092744,13.136878051194769,0.29800631921464443,0.33905609581843243
785,adam,785,786,1.1239552332979509e-05,1,0.0038461520825212414,0.00311261314065369,0.07143608179061293,1.9768144324196097e-06,1,1,,0,9.762594627966805e-09,-13.106598972249179,-0.02823132749195876,-0.878923788275103,0.000647698878552409,0.0027203533942138126,0.0028933780308854373,0.0038461520825212414,0.002131305078704053,0.001640283072557767,0.19826878481092744,13.136878051194769,0.2980066070203821,0.33905649151446765
786,adam,786,787,1.1127156809649713e-05,1,0.003846427011874958,0.0019009576120909693,0.02492059821556029,2.683120610507026e-06,1,2,,0,1.595746398009658e-11,-13.10774905498967,-0.02823186623651711,-0.878921574740809,0.0006599878316985504,0.002720168502618531,0.0028932158991943372,0.003846427011874958,0.002131105304168071,0.0016402788392089534,0.1982708111606358,13.136846066001956,0.29800694544064055,0.33905706699931965
787,adam,787,788,1.1015885241553217e-05,1,0.0038465256862482483,0.0007426580872635723,0.008675474356701435,2.384131375440937e-06,1,2,,0,5.66297812077339e-12,-13.108718661390526,-0.028232728781928243,-0.8789200630908246,0.0006706461765529192,0.002720128597853412,0.0028931998481269605,0.0038465256862482483,0.0021310554446818037,0.001640277526037638,0.19827194603148332,13.136850024451434,0.29800714868625566,0.33905741501443354
788,adam,788,789,1.0905726389137684e-05,1,0.0038464340609485784,0.002535398277701288,0.04720188631533192,2.0855809200100198e-06,1,2,,0,4.527662403433432e-12,-13.109629885519967,-0.028233523331147124,-0.8789188075732416,0.0006801929454886924,0.0027201036206121083,0.0028931969774004082,0.0038464340609485784,0.0021310255643943524,0.0016402738306222633,0.19827257666388096,13.136839538160737,0.29800728995905945,0.3390576350139416
789,adam,789,790,1.0796669125246308e-05,1,0.0038464340609485784,0.00253561207420615,0.04721472990418362,1.741983546885894e-06,1,1,,0,9.538913668447982e-09,-13.109629885519967,-0.028234756896846507,-0.8789185892059094,0.0006876662209381125,0.0027201036206121083,0.0028931969774004082,0.0038464340609485784,0.0021310255643943524,0.0016402738306222633,0.19827257666388096,13.136839538160737,0.2980072945032553,0.3390576971926115
790,adam,790,791,1.0688702433993845e-05,1,0.0038460990225957135,0.0007426981722921907,0.008678405409891137,2.004262747393325e-06,1,2,,0,5.613087234793183e-12,-13.110743768515093,-0.028235539283637756,-0.8789192874190751,0.0006933001253195116,0.0027200726191783974,0.002893193174878649,0.0038460990225957135,0.0021310449841883488,0.001640276137266391,0.19827314695433984,13.136879366424695,0.2980071785505798,0.3390576205620272
791,adam,791,792,1.0581815409653906e-05,1,0.003846139190030583,0.0013364066464743101,0.013510757961607736,1.8789762101938664e-06,1,2,,0,1.3801502190614889e-12,-13.11118860181789,-0.02823652080179548,-0.878919999939307,0.0006983650327823254,0.0027200713445160174,0.0028932023942092704,0.003846139190030583,0.0021310782422801797,0.0016402759894312215,0.19827293240195554,13.136891276141956,0.29800703636854464,0.3390574646956435
792,adam,792,793,1.0475997255557366e-05,1,0.003846139190030583,0.001336392953881824,0.013510004524084213,1.632028299764721e-06,1,1,,0,9.088855399000021e-09,-13.11118860181789,-0.02823759997844259,-0.8789203556824533,0.0007033148996512671,0.0027200713445160174,0.0028932023942092704,0.003846139190030583,0.0021310782422801797,0.0016402759894312215,0.19827293240195554,13.136891276141956,0.29800696439500496,0.339057486558955
793,adam,793,794,1.0371237283001793e-05,1,0.0038451737652703414,0.0013365127915388228,0.013510034744121005,1.5860814519475623e-06,1,2,,0,3.0817199931936404e-12,-13.111500584386485,-0.02823795606641556,-0.8789203957939234,0.0007081582780451724,0.00271998088901189,0.0028931146070134564,0.0038451737652703414,0.002130994796812656,0.001640274571567561,0.19827284418760616,13.136937101778704,0.2980069546261139,0.3390576651737772
794,adam,794,795,1.0267524910171774e-05,1,0.0038451047599677886,0.0007427173421799346,0.008680491707855157,1.6918522437910861e-06,1,2,,0,7.619748280164707e-13,-13.111411906390948,-0.028238448517626313,-0.8789201568678627,0.0007129027293274352,0.0027198986023508243,0.002893025913390024,0.0038451047599677886,0.002130889840994337,0.0016402734183837981,0.19827294716477334,13.136969424421403,0.2980069999380677,0.33905798188186237
795,adam,795,796,1.0164849661070057e-05,1,0.0038451047599677886,0.0007427744669922682,0.00868170641221784,1.635114264719674e-06,1,1,,0,9.902282587658752e-09,-13.111411906390948,-0.02823905412922069,-0.8789200303539275,0.0007171730502622177,0.0027198986023508243,0.002893025913390024,0.0038451047599677886,0.002130889840994337,0.0016402734183837981,0.19827294716477334,13.136969424421403,0.29800700306726235,0.3390581802539516
796,adam,796,797,1.0063201164459356e-05,1,0.0038441524983075766,0.0016986293454938292,0.02293132942809733,1.7244533187560612e-06,1,2,,0,2.1432175000815326e-12,-13.111387276301967,-0.028239347572904836,-0.8789200032984861,0.0007210201951939896,0.0027197870745627206,0.0028929055318696805,0.0038441524983075766,0.002130751061414254,0.0016402646194386677,0.1982720878561263,13.136985159801991,0.29800696896575096,0.3390582741159105
797,adam,797,798,9.962569152814763e-06,1,0.0038441524983075766,0.0016987034725564631,0.022933387382196947,1.5811077385115155e-06,1,1,,0,8.959782999180634e-09,-13.111387276301967,-0.028239633904072695,-0.878919422063915,0.0007252571004973536,0.0027197870745627206,0.0028929055318696805,0.0038441524983075766,0.002130751061414254,0.0016402646194386677,0.1982720878561263,13.136985159801991,0.2980070340435263,0.3390584082524246
798,adam,798,799,9.862943461286614e-06,1,0.00384572677625742,0.0019008233733828887,0.024932586837169927,1.7262590496655387e-06,1,2,,0,2.0350006296532242e-12,-13.111450765467563,-0.028239663809647004,-0.87891835170921,0.000729834013254219,0.0027196670117394426,0.002892780610166128,0.00384572677625742,0.0021306139666523284,0.001640251398410104,0.19827121317122776,13.13692499538263,0.29800718649272473,0.3390585779121397
799,adam,799,800,9.76431402667375e-06,1,0.00384572677625742,0.001900926274864368,0.024936632162305038,1.296454450822732e-06,1,1,,0,7.0063421978348216e-09,-13.111450765467563,-0.028239863935340666,-0.8789178114188372,0.0007336469470498915,0.0027196670117394426,0.002892780610166128,0.00384572677625742,0.0021306139666523284,0.001640251398410104,0.19827121317122776,13.13692499538263,0.29800723474447965,0.33905858210537576
800,adam,800,801,9.666670886407011e-06,1,0.003844786665082234,0.0019008545122199847,0.02493679449242325,1.2285464249424705e-06,1,2,,0,2.03593872862671e-12,-13.112151338189777,-0.028240109556377357,-0.8789177400618194,0.0007367809237058868,0.002719675105445441,0.002892802047067669,0.003844786665082234,0.002130611995131623,0.0016402368075044797,0.19827000453351679,13.136856204953594,0.2980071910798237,0.33905844038619715
801,adam,801,802,9.57000417754294e-06,1,0.003844786665082234,0.0019009191612739953,0.024938738965341607,1.4537782971597836e-06,1,1,,0,7.259862076660839e-09,-13.112151338189777,-0.02824059211991678,-0.8789180831343929,0.0007393119563884473,0.002719675105445441,0.002892802047067669,0.003844786665082234,0.002130611995131623,0.0016402368075044797,0.19827000453351679,13.136856204953594,0.29800706641904134,0.3390581701708794
802,adam,802,803,9.474304135767512e-06,1,0.0038441207026605802,0.0014601784478379407,0.017254433294405395,1.796889587610522e-06,1,2,,0,5.9344821147807845e-12,-13.113522168280245,-0.028240880091810916,-0.8789187920791577,0.0007413075864979475,0.0027198298769213133,0.0028929888795746076,0.0038441207026605802,0.002130762869562444,0.001640221552305199,0.19826833209216338,13.136798113359589,0.29800687049305546,0.33905778694906946
803,adam,803,804,9.379561094409836e-06,1,0.003843481659037493,0.0008678556626958779,0.010344063935934926,2.000992854301524e-06,1,2,,0,2.052030513672212e-12,-13.114088678776156,-0.028241765407185905,-0.8789204480707088,0.000743432105472257,0.0027198437243080753,0.0028930134043076016,0.003843481659037493,0.0021307203114413887,0.0016402148408025973,0.19826752810398904,13.1367717242435,0.29800692289276726,0.33905767243261997
804,adam,804,805,9.285765483465738e-06,1,0.003843481659037493,0.0008678569146167162,0.010343967230289403,1.8042939834910363e-06,1,1,,0,9.645856079891464e-09,-13.114088678776156,-0.02824304044147307,-0.8789217705519478,0.0007452770098420735,0.0027198437243080753,0.0028930134043076016,0.003843481659037493,0.0021307203114413887,0.0016402148408025973,0.19826752810398904,13.1367717242435,0.29800705185856946,0.33905765992809034
805,adam,805,806,9.192907828631079e-06,1,0.003844659440890758,0.0013373874051017126,0.013493303209900276,1.8497139821539694e-06,1,2,,0,6.1332134590209145e-12,-13.11485217749496,-0.028243138832355824,-0.8789227970147311,0.0007468730536775567,0.002719784405325975,0.0028929727655205495,0.003844659440890758,0.0021305816600863652,0.0016402119036872467,0.19826666989110775,13.136744895964785,0.2980072482779778,0.3390577374165098
806,adam,806,807,9.10097875034477e-06,1,0.003844659440890758,0.0013373828565404133,0.013492857924268659,1.5774522822413314e-06,1,1,,0,8.166989802970883e-09,-13.11485217749496,-0.028243991969857597,-0.8789234659298376,0.0007486773687526978,0.002719784405325975,0.0028929727655205495,0.003844659440890758,0.0021305816600863652,0.0016402119036872467,0.19826666989110775,13.136744895964785,0.2980074714030233,0.3390579467625753
807,adam,807,808,9.009968962841322e-06,1,0.0038441947095206814,0.0018561075619510216,0.026742158701954566,1.4734378153686497e-06,1,2,,0,3.613084583764657e-12,-13.115019555737845,-0.02824399937733585,-0.8789238182236492,0.0007506639719178227,0.002719634988314542,0.0028928252893610095,0.0038441947095206814,0.0021303294641971675,0.0016402111260698168,0.19826637735988573,13.136750708535104,0.2980077179849659,0.33905827216276574
808,adam,808,809,8.919869273212909e-06,1,0.0038441947095206814,0.0018561203518478154,0.026740516582977526,1.4235669662984e-06,1,1,,0,7.889874273562503e-09,-13.115019555737845,-0.028244840842170542,-0.8789247534782619,0.0007505892920522137,0.002719634988314542,0.0028928252893610095,0.0038441947095206814,0.0021303294641971675,0.0016402111260698168,0.19826637735988573,13.136750708535104,0.2980078694609546,0.3390585091940471
809,adam,809,810,8.830670580480779e-06,1,0.0038435076022069184,0.001386020679913412,0.014740075408640448,1.7127088143617785e-06,1,2,,0,3.3492316995648727e-12,-13.114753414426222,-0.028245095792906783,-0.8789262028883645,0.0007486978289620598,0.002719493556121503,0.0028926709595741926,0.0038435076022069184,0.0021301309388066137,0.0016402153123168087,0.19826597814255542,13.13680004794532,0.2980079370485075,0.33905866793898914
810,adam,810,811,8.74236387467597e-06,1,0.0038435076022069184,0.0013860700996537582,0.014740562059063317,1.4954129844016522e-06,1,1,,0,8.302016608660711e-09,-13.114753414426222,-0.028245788090036614,-0.8789270087632358,0.0007475320550179729,0.002719493556121503,0.0028926709595741926,0.0038435076022069184,0.0021301309388066137,0.0016402153123168087,0.19826597814255542,13.13680004794532,0.2980080891220749,0.33905896108709876
811,adam,811,812,8.654940235929212e-06,1,0.0038447689683296757,0.0016987357920404528,0.022926460506189787,1.494822168226128e-06,1,2,,0,3.842475772862031e-12,-13.114038604837932,-0.028245736803864198,-0.8789272452059126,0.0007470085364530211,0.0027192859442382246,0.0028924384160360053,0.0038447689683296757,0.002129873216207766,0.001640224455314331,0.1982663623640357,13.136873754432731,0.29800831520034193,0.3390593722967478
812,adam,812,813,8.56839083356992e-06,1,0.0038447689683296757,0.0016987618848014687,0.022926864725797663,1.3389986447207085e-06,1,1,,0,7.057926414710534e-09,-13.114038604837932,-0.028245909907083408,-0.878926970384854,0.0007472435824765949,0.0027192859442382246,0.0028924384160360053,0.0038447689683296757,0.002129873216207766,0.001640224455314331,0.1982663623640357,13.136873754432731,0.29800859849270067,0.3390597827619197
813,adam,813,814,8.48270692523422e-06,1,0.0038435395805094027,0.0016986823126862289,0.022925307462048697,1.4447108027201918e-06,1,2,,0,1.9234995737956636e-12,-13.113380034369023,-0.028245764161997134,-0.8789262440696051,0.0007481481502110805,0.002719057532941323,0.002892188075164682,0.0038435395805094027,0.002129601546342528,0.0016402296154857223,0.19826703142824545,13.136889063392452,0.29800893190151023,0.3390601922357931
814,adam,814,815,8.397879855981878e-06,1,0.0038435395805094027,0.0016986601305001097,0.022922471213241216,1.695708092210308e-06,1,1,,0,8.242541009595188e-09,-13.113380034369023,-0.028245530989135632,-0.8789251196856217,0.0007496435797015204,0.002719057532941323,0.002892188075164682,0.0038435395805094027,0.002129601546342528,0.0016402296154857223,0.19826703142824545,13.136889063392452,0.29800930909428397,0.33906060043902553
815,adam,815,816,8.313901057422059e-06,1,0.0038430162612748614,0.0018568372161540281,0.026749579449386163,1.9942581488803374e-06,1,2,,0,3.964335616868182e-12,-13.112904898791127,-0.028245312728651894,-0.878923644663409,0.0007516591582408241,0.002718832353049334,0.002891947736826965,0.0038430162612748614,0.002129343756945555,0.0016402293783932594,0.1982677297753067,13.13683699992206,0.2980097244568467,0.3390610071785687
816,adam,816,817,8.230762046847837e-06,1,0.0038430162612748614,0.0018569529077178731,0.026751378692644504,1.4265639093725944e-06,1,1,,0,6.897020132517113e-09,-13.112904898791127,-0.028245192010987706,-0.8789229065390814,0.0007517441631741626,0.002718832353049334,0.002891947736826965,0.0038430162612748614,0.002129343756945555,0.0016402293783932594,0.1982677297753067,13.13683699992206,0.29801003154661326,0.339061320255478
817,adam,817,818,8.14845442637936e-06,1,0.0038433324247913615,0.0018571365829716485,0.0267532489418996,1.2344060964045443e-06,1,2,,0,2.3016111722414627e-12,-13.112276292600473,-0.028245282214646016,-0.8789228202626652,0.0007501278213174917,0.0027186442544882192,0.0028917385812114497,0.0038433324247913615,0.002129165206550994,0.0016402328141871929,0.19826809318482727,13.136815125339368,0.29801024298388923,0.33906155032227836
818,adam,818,819,8.066969882115566e-06,1,0.0038433324247913615,0.0018572090811344178,0.026750878555926637,1.4149361151046463e-06,1,1,,0,7.473612498806076e-09,-13.112276292600473,-0.02824562871026199,-0.8789233100860798,0.0007470127377332146,0.0027186442544882192,0.0028917385812114497,0.0038433324247913615,0.002129165206550994,0.0016402328141871929,0.19826809318482727,13.136815125339368,0.2980103699657777,0.33906170684904274
819,adam,819,820,7.98630018329441e-06,1,0.0038409588998319032,0.0007429043836568225,0.008687099768004051,1.7716025011169365e-06,1,2,,0,8.585520096975682e-12,-13.111438403207943,-0.028245823749287097,-0.8789243084377599,0.0007425807706496571,0.002718496330877358,0.002891561371099427,0.0038409588998319032,0.0021290696440536775,0.0016402414246030562,0.19826808200955184,13.13684172760901,0.2980104224678686,0.3390617982978267
820,adam,820,821,7.906437181461466e-06,1,0.0038409588998319032,0.0007429227699748205,0.008687468434449223,1.6263472293849306e-06,1,1,,0,8.771898750716296e-09,-13.111438403207943,-0.028246333991456797,-0.8789252673087327,0.00073865947919145,0.002718496330877358,0.002891561371099427,0.0038409588998319032,0.0021290696440536775,0.0016402414246030562,0.19826808200955184,13.13684172760901,0.29801044040183544,0.3390618141242796
821,adam,821,822,7.827372809646852e-06,1,0.003841356451432345,0.0016983979641420493,0.022913401613185627,1.5938909357817226e-06,1,2,,0,7.901823632153944e-12,-13.110790313695938,-0.028246440885480964,-0.8789261903426097,0.000735193374671466,0.0027184006453620266,0.0028914413352294434,0.003841356451432345,0.002129034444115526,0.001640244299372896,0.19826719911766025,13.136843272321261,0.2980104278073415,0.3390617633185275
822,adam,822,823,7.749099081550383e-06,1,0.003841356451432345,0.001698442892947608,0.022915193597994883,1.320004091364907e-06,1,1,,0,6.929508404956401e-09,-13.110790313695938,-0.028246690845887146,-0.8789265709213613,0.0007327393124775179,0.0027184006453620266,0.0028914413352294434,0.003841356451432345,0.002129034444115526,0.001640244299372896,0.19826719911766025,13.136843272321261,0.2980104903689416,0.33906175796791466
823,adam,823,824,7.671608090734879e-06,1,0.0038415263064235762,0.0019016279240930388,0.02496022196128155,1.2914523951247168e-06,1,2,,0,2.1727016100000303e-12,-13.110339817770328,-0.02824661321455113,-0.8789264718167993,0.0007311813643449024,0.002718300125247784,0.0028913234250656588,0.0038415263064235762,0.0021289860526743165,0.0016402419227219418,0.19826637036432582,13.136790204609063,0.29801061912267596,0.339061792830285
824,adam,824,825,7.59489200982753e-06,1,0.0038415263064235762,0.0019016553311977996,0.024961229870109597,1.0165148515556664e-06,1,1,,0,5.280363665998326e-09,-13.110339817770328,-0.0282467900571193,-0.8789267125945927,0.000729579821225622,0.002718300125247784,0.0028913234250656588,0.0038415263064235762,0.0021289860526743165,0.0016402419227219418,0.19826637036432582,13.136790204609063,0.2980106659215635,0.3390617089977361
825,adam,825,826,7.518943089729256e-06,1,0.0038405419882994985,0.0019016963100694422,0.024963940944375908,1.0187510612403961e-06,1,2,,0,8.139139782685928e-13,-13.110491664097134,-0.028246905444324254,-0.878927253458413,0.0007279413625686169,0.0027183005293202767,0.00289132332232913,0.0038405419882994985,0.0021290306203010467,0.0016402368100715227,0.19826530648531007,13.136731247248933,0.2980106404075763,0.33906152059588696
826,adam,826,827,7.443753658831962e-06,1,0.0038405419882994985,0.0019017047086021088,0.024963748852493837,1.2160550729778159e-06,1,1,,0,6.150384379195748e-09,-13.110491664097134,-0.028247304058060668,-0.8789280589387768,0.000726271840067716,0.0027183005293202767,0.00289132332232913,0.0038405419882994985,0.0021290306203010467,0.0016402368100715227,0.19826530648531007,13.136731247248933,0.2980105511642332,0.33906124020790235
827,adam,827,828,7.369316122243643e-06,1,0.003840841597658115,0.0016983573247119728,0.022909780604500628,1.4846268832012133e-06,1,2,,0,3.184105461772034e-12,-13.111250774451214,-0.02824747014445096,-0.8789290974363563,0.0007245765173323324,0.002718416127608994,0.002891455191326996,0.003840841597658115,0.0021291842646525903,0.001640229773463574,0.19826389110134104,13.136680328773226,0.2980104058312153,0.33906087901996984
828,adam,828,829,7.295622961021206e-06,1,0.003840841597658115,0.0016983462361905234,0.022909984377388285,1.259922162033523e-06,1,1,,0,6.5352482186104165e-09,-13.111250774451214,-0.028247735423887352,-0.878929604635577,0.0007236661514960965,0.002718416127608994,0.002891455191326996,0.003840841597658115,0.0021291842646525903,0.001640229773463574,0.19826389110134104,13.136680328773226,0.2980103457974024,0.3390605950813265
829,adam,829,830,7.222666731410994e-06,1,0.003841044015398572,0.001337430834155364,0.01348675957448367,1.25853297608286e-06,1,2,,0,3.0516356960735393e-12,-13.112035723760794,-0.028247679457830077,-0.8789296418920131,0.0007234501033130273,0.002718505402265191,0.002891562617667684,0.003841044015398572,0.002129305944098129,0.0016402206636232776,0.19826274944385872,13.136596607536083,0.298010361041633,0.3390603797053097
830,adam,830,831,7.150440064096884e-06,1,0.003841044015398572,0.0013374480896818299,0.013487378415471332,9.90148482689139e-07,1,1,,0,5.2404460988167695e-09,-13.112035723760794,-0.028247655093683415,-0.8789294776075058,0.000723560815913896,0.002718505402265191,0.002891562617667684,0.003841044015398572,0.002129305944098129,0.0016402206636232776,0.19826274944385872,13.136596607536083,0.2980104121409288,0.3390602982819731
831,adam,831,832,7.078935663455915e-06,1,0.003841044015398572,0.0013374587412824288,0.01348773211305583,8.834483908922707e-07,1,1,,0,9.760826119219912e-09,-13.112035723760794,-0.02824755053261314,-0.8789291353936799,0.0007239601816553882,0.002718505402265191,0.002891562617667684,0.003841044015398572,0.002129305944098129,0.0016402206636232776,0.19826274944385872,13.136596607536083,0.2980104949389042,0.3390603350904995
832,adam,832,833,7.008146306821355e-06,1,0.003840744162211612,0.0013375583774318713,0.013484986261385043,9.283759315848093e-07,1,2,,0,2.061390442997392e-12,-13.112356970727179,-0.028247476387630255,-0.8789286362907951,0.0007246142369067899,0.002718477087392913,0.002891535698654715,0.003840744162211612,0.0021292472850755026,0.0016402077430182052,0.1982618782938569,13.136517203319576,0.29801060572674676,0.33906047613782564
833,adam,833,834,6.938064843753142e-06,1,0.003840744162211612,0.001337558108011458,0.013484903279918262,1.0641831964213912e-06,1,1,,0,6.240398196685506e-09,-13.112356970727179,-0.028247238710795423,-0.878927999052815,0.0007254926431675282,0.002718477087392913,0.002891535698654715,0.003840744162211612,0.0021292472850755026,0.0016402077430182052,0.1982618782938569,13.136517203319576,0.2980107412130694,0.3390607089671241
834,adam,834,835,6.868684195315611e-06,1,0.0038405134863628418,0.0009925121245954907,0.017264473861533382,1.2342448676162275e-06,1,2,,0,1.1020526867710264e-12,-13.11204630692374,-0.02824712902545185,-0.8789272403815133,0.0007265684374535826,0.002718368449407858,0.0028914118011664743,0.0038405134863628418,0.0021290686923477824,0.001640200209918512,0.19826174832246424,13.136505122914837,0.2980108984426727,0.3390610224949235
835,adam,835,836,6.799997353362454e-06,1,0.0038405134863628418,0.0009925011385599357,0.017264607105914095,1.2829576116896654e-06,1,1,,0,7.436059936812507e-09,-13.11204630692374,-0.028253058707511287,-0.8789260968945843,0.0007274986971344574,0.002718368449407858,0.0028914118011664743,0.0038405134863628418,0.0021290686923477824,0.001640200209918512,0.19826174832246424,13.136505122914837,0.2980110396372451,0.3390612176122127
836,adam,836,837,6.73199737982883e-06,1,0.003839882104352619,0.002535604791096055,0.0471664110559533,1.6057866899518048e-06,1,2,,0,3.4540231898275878e-12,-13.111732767450546,-0.028260335633664903,-0.8789246146480053,0.0007282994347354823,0.00271832586794196,0.0028913282980567528,0.003839882104352619,0.002128956723001615,0.001640210948317249,0.1982632588395831,13.136826445497663,0.29801116561149327,0.33906130917522587
837,adam,837,838,6.664677406030541e-06,1,0.003839882104352619,0.002535693100921249,0.04717048792664691,1.4664554215947379e-06,1,1,,0,7.875514105122603e-09,-13.111732767450546,-0.028270695079202296,-0.8789238730399039,0.0007283486026974295,0.00271832586794196,0.0028913282980567528,0.003839882104352619,0.002128956723001615,0.001640210948317249,0.1982632588395831,13.136826445497663,0.2980112029721487,0.33906130593365846
838,adam,838,839,6.5980306319702365e-06,1,0.0038391175641513033,0.0013450482992188775,0.014884628453402516,1.5997111837318322e-06,1,2,,0,4.919881312220337e-12,-13.111227960891704,-0.028275382956904606,-0.8789237865225882,0.0007277343758535002,0.002718318139919433,0.002891274085846798,0.0038391175641513033,0.002128928715082139,0.0016402295722811808,0.19826459147440376,13.137213085552986,0.29801116218239315,0.33906121933829636
839,adam,839,840,6.532050325650534e-06,1,0.0038391175641513033,0.001344989358419268,0.014884046080811222,1.8584766970864811e-06,1,1,,0,9.470366367247252e-09,-13.111227960891704,-0.02827601152616517,-0.8789237082718577,0.0007272779198582948,0.002718318139919433,0.002891274085846798,0.0038391175641513033,0.002128928715082139,0.0016402295722811808,0.19826459147440376,13.137213085552986,0.29801124839931914,0.3390611254396011
840,adam,840,841,6.466729822394028e-06,1,0.0038389930661639126,0.0016983713611864177,0.022907449451494283,2.4484511290548268e-06,1,2,,0,5.0280357625724026e-12,-13.110658807570019,-0.028270007877735044,-0.8789236376753335,0.0007269613190494965,0.0027184226440314352,0.0028913200345527424,0.0038389930661639126,0.0021289284501021786,0.0016402309898312989,0.1982648734225988,13.137470418711338,0.29801144382059547,0.3390610296857435
841,adam,841,842,6.402062524170088e-06,1,0.0038391488732261725,0.0016983475432423398,0.022905761824609912,2.1082126800438113e-06,1,2,,0,1.1288797225067682e-12,-13.110415323718005,-0.028264859011057446,-0.8789232029720478,0.0007272119180100343,0.0027184747433324106,0.0028913449182896888,0.0038391488732261725,0.0021289210805345675,0.0016402283462302934,0.1982649202957567,13.137556013771926,0.29801167918369265,0.33906097731204565
842,adam,842,843,6.338041898928387e-06,1,0.0038391488732261725,0.0016983729783210232,0.022906192107512678,1.9004366863075934e-06,1,1,,0,9.930177782205063e-09,-13.110415323718005,-0.028258986444960395,-0.8789224469946487,0.0007279632578881457,0.0027184747433324106,0.0028913449182896888,0.0038391488732261725,0.0021289210805345675,0.0016402283462302934,0.1982649202957567,13.137556013771926,0.29801194947995924,0.3390609633565075
843,adam,843,844,6.274661479939103e-06,1,0.0038386845179010543,0.0007430154361214458,0.008691305493517645,1.8148840937119335e-06,1,2,,0,3.2649697887167926e-12,-13.110033132833983,-0.028255901160096585,-0.8789214078984383,0.0007291560291730431,0.0027185372516824223,0.0028913628564501987,0.0038386845179010543,0.002128884498917358,0.0016402214653487596,0.198265101638382,13.13766415973579,0.2980122502586582,0.3390609833971471
844,adam,844,845,6.211914865139712e-06,1,0.0038386845179010543,0.0007430423633363326,0.008692780101821538,1.6596956258694273e-06,1,1,,0,8.533247450621879e-09,-13.110033132833983,-0.02825112341996984,-0.8789205360534488,0.000730244707522017,0.0027185372516824223,0.0028913628564501987,0.0038386845179010543,0.002128884498917358,0.0016402214653487596,0.198265101638382,13.13766415973579,0.29801249590130874,0.3390609494861564
845,adam,845,846,6.149795716488315e-06,1,0.0038384635298401907,0.001902042273916782,0.024970429885921873,1.5816548870182743e-06,1,2,,0,2.1333123772143484e-12,-13.109814690370934,-0.028248734902364212,-0.8789198128621434,0.0007312403303070295,0.002718595958459934,0.0028913879477908177,0.0038384635298401907,0.0021288716032511466,0.001640211018883025,0.19826464077707429,13.137715226313418,0.29801269259909385,0.3390608680857016
846,adam,846,847,6.088297759323432e-06,1,0.0038384635298401907,0.0019020874044145984,0.02497213537975685,1.3404611095925986e-06,1,1,,0,6.964349143716965e-09,-13.109814690370934,-0.028245064510642275,-0.878919436893855,0.000731954969118382,0.002718595958459934,0.0028913879477908177,0.0038384635298401907,0.0021288716032511466,0.001640211018883025,0.19826464077707429,13.137715226313418,0.2980128131320025,0.33906070320313036
847,adam,847,848,6.027414781730197e-06,1,0.00383851276358032,0.0013000676093036605,0.025194464236786306,1.2514325097239185e-06,1,2,,0,1.319663699628828e-12,-13.110066072221496,-0.028243252326625213,-0.8789193681032089,0.0007324206098287447,0.0027187197498814825,0.0028914958593592817,0.00383851276358032,0.0021289424137132733,0.0016401995522398528,0.1982637249625275,13.137745941815265,0.29801286636638263,0.33906046489521696
848,adam,848,849,5.967140633912895e-06,1,0.00383851276358032,0.0012999973397038354,0.025191181735749392,1.137287048031224e-06,1,1,,0,5.766388110827845e-09,-13.110066072221496,-0.02824039883230558,-0.87891922963138,0.0007327806205889141,0.0027187197498814825,0.0028914958593592817,0.00383851276358032,0.0021289424137132733,0.0016401995522398528,0.1982637249625275,13.137745941815265,0.2980129451463042,0.3390603117220361
849,adam,849,850,5.907469227573766e-06,1,0.0038381309721648776,0.001856978950851005,0.026746973362874456,1.167422155659528e-06,1,2,,0,1.140214084573252e-12,-13.110301851721523,-0.02823889607941924,-0.8789190297250824,0.0007330469470903752,0.002718792991303975,0.002891554746000159,0.0038381309721648776,0.00212896335119448,0.0016401824400347465,0.19826231740007258,13.137680796585984,0.298013046044377,0.33906023356830584
850,adam,850,851,5.848394535298028e-06,1,0.0038381309721648776,0.0018569504359826124,0.026745713449122157,1.1016711186857657e-06,1,1,,0,5.3383653472086106e-09,-13.110301851721523,-0.028236767612515954,-0.8789192737799146,0.0007320427737726218,0.002718792991303975,0.002891554746000159,0.0038381309721648776,0.00212896335119448,0.0016401824400347465,0.19826231740007258,13.137680796585984,0.29801309118110453,0.33906012830158694
851,adam,851,852,5.789910589945049e-06,1,0.0038371482460877763,0.0007430312234695543,0.008691559580932054,1.2388549392021309e-06,1,2,,0,1.4718794018430657e-12,-13.110274372055374,-0.028235725489052416,-0.8789199098316106,0.0007299199879764856,0.0027188379335520256,0.0028915799755019197,0.0038371482460877763,0.002128988335665678,0.0016401698025295542,0.19826085380208522,13.13762584562671,0.2980130871861351,0.3390599991953179
852,adam,852,853,5.7320114840455976e-06,1,0.0038371482460877763,0.0007430572353143462,0.008691794682607359,1.1278667931450882e-06,1,1,,0,5.736825494815422e-09,-13.110274372055374,-0.028234202413063493,-0.878920527870077,0.000728050143956837,0.0027188379335520256,0.0028915799755019197,0.0038371482460877763,0.002128988335665678,0.0016401698025295542,0.19826085380208522,13.13762584562671,0.29801306284111523,0.33905983628851216
853,adam,853,854,5.674691369205142e-06,1,0.0038370473161216862,0.0016981361501840055,0.02289824823690899,1.1042144172218028e-06,1,2,,0,1.653050273833016e-12,-13.11026550909193,-0.028233338596205474,-0.8789211293769793,0.0007264056686873171,0.0027188893978615167,0.0028916149143563613,0.0038370473161216862,0.0021290378797616995,0.001640156825829213,0.19825904938631211,13.137567283580163,0.2980130205571123,0.3390596438265634
854,adam,854,855,5.617944455513089e-06,1,0.0038370473161216862,0.0016981380579225017,0.022899298602186664,8.982370509464135e-07,1,1,,0,4.589544268219429e-09,-13.11026550909193,-0.02823201446673431,-0.8789213358226797,0.0007254106083886508,0.0027188893978615167,0.0028916149143563613,0.0038370473161216862,0.0021290378797616995,0.001640156825829213,0.19825904938631211,13.137567283580163,0.2980130368729031,0.33905950187966666
855,adam,855,856,5.561765010957959e-06,1,0.0038370473161216862,0.0016981250592480906,0.02289915706666963,8.819063201803634e-07,1,1,,0,8.704614886918683e-09,-13.11026550909193,-0.028230703654111202,-0.8789211930104487,0.0007249900904367721,0.0027188893978615167,0.0028916149143563613,0.0038370473161216862,0.0021290378797616995,0.001640156825829213,0.19825904938631211,13.137567283580163,0.2980131048349586,0.3390594047315291
856,adam,856,857,5.50614736084838e-06,1,0.003835861430596556,0.0012992267114314544,0.02515359372521369,1.0059496304540988e-06,1,2,,0,9.73883624399866e-13,-13.110335143205473,-0.02823019322283293,-0.8789207417548917,0.0007250774011612693,0.0027189102346095073,0.0028916194201017015,0.003835861430596556,0.002129061196822092,0.001640136337597375,0.19825693155806004,13.137428924517835,0.2980132182546897,0.3390593472859085
857,adam,857,858,5.451085887239895e-06,1,0.003835861430596556,0.0012990565664134162,0.025146175545410362,1.0226803562469466e-06,1,1,,0,4.655838645345222e-09,-13.110335143205473,-0.028229007128702424,-0.8789202683673073,0.0007251045360200265,0.0027189102346095073,0.0028916194201017015,0.003835861430596556,0.002129061196822092,0.001640136337597375,0.19825693155806004,13.137428924517835,0.2980133476941732,0.33905935006181187
858,adam,858,859,5.396575028367497e-06,1,0.003835861430596556,0.001298844088884026,0.02513716891118968,1.1318265034653563e-06,1,1,,0,9.471138218579544e-09,-13.110335143205473,-0.028227920887153316,-0.8789197758918464,0.0007250784696749007,0.0027189102346095073,0.0028916194201017015,0.003835861430596556,0.002129061196822092,0.001640136337597375,0.19825693155806004,13.137428924517835,0.29801349085087203,0.3390594057406914
859,adam,859,860,5.342609278083822e-06,1,0.0038374301325856466,0.0018566413864424495,0.02674444006857931,1.281182242134041e-06,1,2,,0,2.2308103444540275e-12,-13.110252683341326,-0.028227653544477312,-0.8789192670376459,0.0007250054166535795,0.0027188233133756284,0.0028915131851693222,0.0038374301325856466,0.0021289581119469944,0.0016401071389471578,0.19825451964691232,13.137148694579846,0.2980136457106613,0.33905950783069133
860,adam,860,861,5.289183185302983e-06,1,0.0038374301325856466,0.0018566352163187437,0.026744077095155208,1.0984252076542974e-06,1,1,,0,4.727687108325731e-09,-13.110252683341326,-0.028226918162880234,-0.8789191984023793,0.0007238124351539924,0.0027188233133756284,0.0028915131851693222,0.0038374301325856466,0.0021289581119469944,0.0016401071389471578,0.19825451964691232,13.137148694579846,0.2980137430022768,0.33905956615731
861,adam,861,862,5.236291353449953e-06,1,0.0038374301325856466,0.0018566229261848047,0.026742456122505576,1.1158647779174358e-06,1,1,,0,9.669995889859224e-09,-13.110252683341326,-0.028226414626193505,-0.8789195187690196,0.0007216339060260423,0.0027188233133756284,0.0028915131851693222,0.0038374301325856466,0.0021289581119469944,0.0016401071389471578,0.19825451964691232,13.137148694579846,0.2980137895070727,0.33905958578353496
862,adam,862,863,5.183928439915454e-06,1,0.003835914322658651,0.001337777756571018,0.01348338254942201,1.2667062342286564e-06,1,2,,0,4.0310739502097064e-12,-13.109796474005652,-0.028226353885035523,-0.8789201824944695,0.0007185894389864458,0.002718728068221963,0.002891388666953905,0.003835914322658651,0.0021288864017617007,0.0016400863614831158,0.19825207104251083,13.136923433175832,0.298013791253917,0.33905957122126923
863,adam,863,864,5.132089155516299e-06,1,0.003835914322658651,0.0013377726338766765,0.013482735767367679,1.124170676439236e-06,1,1,,0,5.620423559363144e-09,-13.109796474005652,-0.028226028176963968,-0.8789206287404749,0.000716096958070788,0.002718728068221963,0.002891388666953905,0.003835914322658651,0.0021288864017617007,0.0016400863614831158,0.19825207104251083,13.136923433175832,0.29801382001010157,0.3390596380034096
864,adam,864,865,5.080768263961136e-06,1,0.003835572726475478,0.0007429963105154954,0.008683812764228593,1.0594365898921623e-06,1,2,,0,3.088710860204587e-12,-13.10924746786913,-0.02822576277374748,-0.8789208823807305,0.0007140946336150399,0.0027186380654550236,0.002891273251087951,0.003835572726475478,0.0021287958899360994,0.0016400772201558224,0.19825089585927042,13.13683699226345,0.2980138726514869,0.33905977646912605
865,adam,865,866,5.029960581321525e-06,1,0.003835572726475478,0.0007430236840144273,0.008684087519760589,9.321109354883251e-07,1,1,,0,5.0200654191243006e-09,-13.10924746786913,-0.028225469353069677,-0.8789211536808436,0.0007123294843317232,0.0027186380654550236,0.002891273251087951,0.003835572726475478,0.0021287958899360994,0.0016400772201558224,0.19825089585927042,13.13683699226345,0.2980139014378659,0.33905985801827426
866,adam,866,867,4.979660975508309e-06,1,0.003835572726475478,0.0007430630939698595,0.008684948314188583,8.912306809630327e-07,1,1,,0,9.892741941251292e-09,-13.10924746786913,-0.028225225951544166,-0.8789214403139095,0.0007107756717153922,0.0027186380654550236,0.002891273251087951,0.003835572726475478,0.0021287958899360994,0.0016400772201558224,0.19825089585927042,13.13683699226345,0.29801390913391984,0.33905988932492237
867,adam,867,868,4.929864365753227e-06,1,0.0038364482486420532,0.001902200113431069,0.024986319388653654,9.183445385149024e-07,1,2,,0,3.9090627568507214e-12,-13.108652679628449,-0.02822511299465343,-0.878921740208843,0.0007094101524896719,0.002718543214738261,0.0028911484988812224,0.0038364482486420532,0.0021287000713712118,0.001640060024706605,0.1982486302396557,13.136706532648587,0.2980138982031733,0.33905987632651075
868,adam,868,869,4.880565722095694e-06,1,0.0038364482486420532,0.0019023035669966588,0.024989496171376177,8.166868429410263e-07,1,1,,0,4.488185308488873e-09,-13.108652679628449,-0.02822502509100177,-0.8789222272172429,0.0007080517346806716,0.002718543214738261,0.0028911484988812224,0.0038364482486420532,0.0021287000713712118,0.001640060024706605,0.1982486302396557,13.136706532648587,0.2980138440618676,0.33905978975158185
869,adam,869,870,4.831760064874737e-06,1,0.0038364482486420532,0.0019023912844999226,0.02499198992393469,8.522846690627629e-07,1,1,,0,8.720375144622521e-09,-13.108652679628449,-0.02822503540932573,-0.8789228790691546,0.000706700961430522,0.002718543214738261,0.0028911484988812224,0.0038364482486420532,0.0021287000713712118,0.001640060024706605,0.1982486302396557,13.136706532648587,0.29801375188378365,0.33905963840173076
870,adam,870,871,4.78344246422599e-06,1,0.0038375008906253354,0.0016976452843326982,0.022885095714507836,9.7204528696721e-07,1,2,,0,2.136388445058141e-12,-13.10890888380802,-0.028225002654554587,-0.878923675922826,0.0007053582979875576,0.0027185992117425544,0.0028912003001993333,0.0038375008906253354,0.002128763306334728,0.001640041999450436,0.19824603283559408,13.136593706223525,0.29801362627331535,0.3390594301089304
871,adam,871,872,4.73560803958373e-06,1,0.0038375008906253354,0.001697644486452836,0.022885907988851248,7.20321343291986e-07,1,1,,0,3.5191142282449236e-09,-13.10890888380802,-0.02822497700785059,-0.8789241043493115,0.0007045616024507965,0.0027185992117425544,0.0028912003001993333,0.0038375008906253354,0.002128763306334728,0.001640041999450436,0.19824603283559408,13.136593706223525,0.29801356011905433,0.33905927000678715
872,adam,872,873,4.688251959187892e-06,1,0.0038375008906253354,0.0016976314154225688,0.0228857249545423,6.38547478100845e-07,1,1,,0,6.4992413635490844e-09,-13.10890888380802,-0.028224842928469274,-0.8789242068366343,0.0007042479293111352,0.0027185992117425544,0.0028912003001993333,0.0038375008906253354,0.002128763306334728,0.001640041999450436,0.19824603283559408,13.136593706223525,0.2980135464627691,0.3390591526603079
873,adam,873,874,4.641369439596014e-06,1,0.0038375008906253354,0.0016976075458999488,0.022884665517321823,7.180396155605192e-07,1,1,,0,9.573607648640348e-09,-13.10890888380802,-0.028224613172862865,-0.8789240212471308,0.000704361187533884,0.0027185992117425544,0.0028912003001993333,0.0038375008906253354,0.002128763306334728,0.001640041999450436,0.19824603283559408,13.136593706223525,0.2980135791104569,0.3390590732242748
874,adam,874,875,4.594955745200053e-06,1,0.003836311735403293,0.0013379477773529098,0.013476609107977086,8.774939980333269e-07,1,2,,0,2.515344879745389e-12,-13.109551907868306,-0.0282244429751525,-0.878923581318708,0.0007048513978925271,0.0027186506808214053,0.0028912589107122424,0.003836311735403293,0.00212882566246298,0.001640018582318618,0.19824362943201276,13.136403648342933,0.2980136525486963,0.3390590273793102
875,adam,875,876,4.5490061877480526e-06,1,0.003836311735403293,0.0013379595649582173,0.013477224829076664,7.717204345236457e-07,1,1,,0,3.908884727200808e-09,-13.109551907868306,-0.02822410932335691,-0.8789230585508745,0.0007054875642959343,0.0027186506808214053,0.0028912589107122424,0.003836311735403293,0.00212882566246298,0.001640018582318618,0.19824362943201276,13.136403648342933,0.298013742223324,0.3390590575519297
876,adam,876,877,4.503516125870572e-06,1,0.003836311735403293,0.0013379670832497068,0.01347764968564949,7.483272413708532e-07,1,1,,0,7.723053836597142e-09,-13.109551907868306,-0.028223758697404608,-0.8789224631046029,0.0007062520766581517,0.0027186506808214053,0.0028912589107122424,0.003836311735403293,0.00212882566246298,0.001640018582318618,0.19824362943201276,13.136403648342933,0.2980138461952463,0.33905915473432546
877,adam,877,878,4.458480964611867e-06,1,0.0038354336184375044,0.0013379634622980295,0.013477434971565075,7.87453053427038e-07,1,2,,0,1.5430098184776724e-12,-13.109525429844139,-0.028223712973536718,-0.8789218040302177,0.0007071292450609351,0.0027185778306241474,0.0028911780831111515,0.0038354336184375044,0.0021287157919386854,0.0016400038726073168,0.19824277182547673,13.136296959413587,0.2980139627338614,0.339059310909715
878,adam,878,879,4.413896154965748e-06,1,0.0038354336184375044,0.0013379638952714947,0.013477544318137219,8.621482668897947e-07,1,1,,0,4.9124404110030334e-09,-13.109525429844139,-0.02822333513875839,-0.8789210894470806,0.0007081050130290547,0.0027185778306241474,0.0028911780831111515,0.0038354336184375044,0.0021287157919386854,0.0016400038726073168,0.19824277182547673,13.136296959413587,0.29801409029266734,0.339059518935011
879,adam,879,880,4.369757193416091e-06,1,0.0038349615715706086,0.00190237443625586,0.024994823451789064,9.515753786290229e-07,1,2,,0,8.648103399889502e-13,-13.109207579419559,-0.028223190912984145,-0.878920326525144,0.0007091669397261699,0.0027184811992263685,0.0028910675097113788,0.0038349615715706086,0.0021285654147551124,0.0016399959608885666,0.1982425520294116,13.136262823116894,0.29801422749371803,0.33905977246319885
880,adam,880,881,4.326059621481929e-06,1,0.0038349615715706086,0.0019024284889532425,0.024996316744800805,7.307042211441635e-07,1,1,,0,4.356388545011543e-09,-13.109207579419559,-0.028222924570541336,-0.8789198427720234,0.0007099879632333324,0.0027184811992263685,0.0028910675097113788,0.0038349615715706086,0.0021285654147551124,0.0016399959608885666,0.1982425520294116,13.136262823116894,0.2980143102287942,0.33905993186463046
881,adam,881,882,4.28279902526711e-06,1,0.0038349615715706086,0.001902472759843948,0.02499735080683792,6.46027493312314e-07,1,1,,0,7.934917108280892e-09,-13.109207579419559,-0.028222766477019594,-0.8789196061639653,0.0007105953039859704,0.0027184811992263685,0.0028910675097113788,0.0038349615715706086,0.0021285654147551124,0.0016399959608885666,0.1982425520294116,13.136262823116894,0.2980143448524181,0.33906000808364534
882,adam,882,883,4.239971035014439e-06,1,0.00383542315180974,0.002535328482390021,0.047138292144542404,6.917762556148506e-07,1,2,,0,9.869538579877194e-13,-13.109320124630555,-0.02822284617392426,-0.8789195881592974,0.000711013223350356,0.0027184551801322397,0.0028910373265131958,0.00383542315180974,0.0021284721575172533,0.0016399842735684597,0.19824186956129358,13.136226516192854,0.2980143370210555,0.3390600108635216
883,adam,883,884,4.197571324664295e-06,1,0.00383542315180974,0.0025353761789607483,0.047141631845557835,6.928812511639499e-07,1,1,,0,3.4282464998921064e-09,-13.109320124630555,-0.028222941050786026,-0.8789199519145854,0.0007109564690202912,0.0027184551801322397,0.0028910373265131958,0.00383542315180974,0.0021284721575172533,0.0016399842735684597,0.19824186956129358,13.136226516192854,0.29801428226899185,0.33905995879023165
884,adam,884,885,4.1555956114176515e-06,1,0.00383542315180974,0.002535478401035758,0.047148540418918916,8.804450092124036e-07,1,1,,0,7.535402551106353e-09,-13.109320124630555,-0.028223174703923177,-0.8789206525518378,0.0007104807406670214,0.0027184551801322397,0.0028910373265131958,0.00383542315180974,0.0021284721575172533,0.0016399842735684597,0.19824186956129358,13.136226516192854,0.29801418622763504,0.33905985853990406
885,adam,885,886,4.114039655303475e-06,1,0.0038342813231629466,0.001697658389316242,0.022887838354066842,1.1217120482805645e-06,1,2,,0,3.0910038254426473e-12,-13.109320095248764,-0.028223263176388538,-0.8789216500824572,0.0007096356395635628,0.002718490064443334,0.0028910681459015635,0.0038342813231629466,0.0021285040464316886,0.0016399805025325064,0.19824072488817807,13.136237183701379,0.29801405390693736,0.3390597160414034
886,adam,886,887,4.072899258750441e-06,1,0.0038342813231629466,0.0016977115760627214,0.02289118776233801,7.828520810120887e-07,1,1,,0,3.870175057741088e-09,-13.109320095248764,-0.02822348291427149,-0.8789222939176689,0.0007092300380436879,0.002718490064443334,0.0028910681459015635,0.0038342813231629466,0.0021285040464316886,0.0016399805025325064,0.19824072488817807,13.136237183701379,0.2980139753222026,0.33905961125186856
887,adam,887,888,4.032170266162936e-06,1,0.0038342813231629466,0.0016977484785092166,0.022893405508129086,5.420490981316466e-07,1,1,,0,6.4997172111217844e-09,-13.109320095248764,-0.028223581995403594,-0.8789226246216028,0.0007092130052673128,0.002718490064443334,0.0028910681459015635,0.0038342813231629466,0.0021285040464316886,0.0016399805025325064,0.19824072488817807,13.136237183701379,0.2980139442096244,0.3390595398996851
888,adam,888,889,3.991848563501306e-06,1,0.0038342813231629466,0.0016977709777850425,0.022894623790505348,4.5596482061152034e-07,1,1,,0,8.343778484764761e-09,-13.109320095248764,-0.0282235743669628,-0.8789226783439279,0.0007095391611560056,0.002718490064443334,0.0028910681459015635,0.0038342813231629466,0.0021285040464316886,0.0016399805025325064,0.19824072488817807,13.136237183701379,0.29801395499292843,0.33905949817691794
889,adam,889,890,3.951930077866294e-06,1,0.0038342813231629466,0.0016977807543789305,0.022894960240651817,5.33167259556133e-07,1,1,,0,9.949603068390518e-09,-13.109320095248764,-0.0282234724601267,-0.8789224872982142,0.0007101680746647962,0.002718490064443334,0.0028910681459015635,0.0038342813231629466,0.0021285040464316886,0.0016399805025325064,0.19824072488817807,13.136237183701379,0.29801400270813444,0.3390594826890232
890,adam,890,891,3.91241077708763e-06,1,0.003833937259134042,0.0016975594955947948,0.022882459082195845,6.851518732482694e-07,1,2,,0,1.1748389255893578e-12,-13.109188601395385,-0.02822325514027871,-0.8789220801884787,0.0007110637272369761,0.002718457963696071,0.0028910297842907945,0.003833937259134042,0.002128500036293632,0.0016399733573139513,0.19823951373209048,13.136165734684212,0.2980140829365925,0.3390594904100417
891,adam,891,892,3.8732866693167535e-06,1,0.003833937259134042,0.0016975481553956537,0.022881335338231418,8.505289691834483e-07,1,1,,0,4.28898775350375e-09,-13.109188601395385,-0.02822299669178545,-0.8789214825498255,0.0007121939780236094,0.002718457963696071,0.0028910297842907945,0.003833937259134042,0.002128500036293632,0.0016399733573139513,0.19823951373209048,13.136165734684212,0.29801419175389415,0.339059518660778
892,adam,892,893,3.834553802623586e-06,1,0.003833937259134042,0.001697528135266527,0.022879611003115648,1.0082381275338324e-06,1,1,,0,9.32680740815588e-09,-13.109188601395385,-0.028222673700393656,-0.8789207171716688,0.0007135302566979407,0.002718457963696071,0.0028910297842907945,0.003833937259134042,0.002128500036293632,0.0016399733573139513,0.19823951373209048,13.136165734684212,0.2980143256586881,0.3390595650347713
893,adam,893,894,3.79620826459735e-06,1,0.00383504047588934,0.0018561262268665206,0.026736941650921678,1.1520596793437176e-06,1,2,,0,2.1697848317748883e-12,-13.10920253659572,-0.028222629706107113,-0.8789198043552549,0.0007150471193142304,0.0027183877474309007,0.002890959465917808,0.00383504047588934,0.0021284425247555415,0.001639965547116852,0.19823930304332313,13.136057521574124,0.29801448153514226,0.3390596273871524
894,adam,894,895,3.758246181951377e-06,1,0.00383504047588934,0.0018561650536702585,0.026738106868441233,8.057915886441613e-07,1,1,,0,3.972499210924817e-09,-13.10920253659572,-0.028222403465853852,-0.8789192716974368,0.000715580743071625,0.0027183877474309007,0.002890959465917808,0.00383504047588934,0.0021284425247555415,0.001639965547116852,0.19823930304332313,13.136057521574124,0.29801459146017967,0.33905965903887353
895,adam,895,896,3.7206637201318626e-06,1,0.00383504047588934,0.0018561947727824238,0.026738226430787375,5.899629740659204e-07,1,1,,0,6.686500994028893e-09,-13.10920253659572,-0.028222313037006626,-0.8789190754316112,0.0007152472696739372,0.0027183877474309007,0.002890959465917808,0.00383504047588934,0.0021284425247555415,0.001639965547116852,0.19823930304332313,13.136057521574124,0.2980146608131991,0.3390596635517779
896,adam,896,897,3.683457082930544e-06,1,0.00383504047588934,0.0018562164181946561,0.026737426115848017,5.592964107101264e-07,1,1,,0,8.773254045610446e-09,-13.10920253659572,-0.028222342694606366,-0.8789191765521805,0.0007141500755192704,0.0027183877474309007,0.002890959465917808,0.00383504047588934,0.0021284425247555415,0.001639965547116852,0.19823930304332313,13.136057521574124,0.29801469437685035,0.33905964409996014
897,adam,897,898,3.646622512101239e-06,1,0.0038350440268660737,0.0018561192927443752,0.026736872457176583,6.781408278390886e-07,1,2,,0,1.3162778145546424e-12,-13.10885522540883,-0.028222525884887127,-0.8789195402991126,0.0007123811642023153,0.0027183120539617167,0.0028908712196651126,0.0038350440268660737,0.0021284278580336467,0.001639963134795727,0.19823881862368972,13.13598333661974,0.2980146964026974,0.33905960351153785
898,adam,898,899,3.610156286980226e-06,1,0.0038350440268660737,0.0018561274341635028,0.026734555526467793,8.523305897483158e-07,1,1,,0,4.4250535713526025e-09,-13.10885522540883,-0.028222755209213145,-0.8789201356953146,0.0007100222363916575,0.0027183120539617167,0.0028908712196651126,0.0038350440268660737,0.0021284278580336467,0.001639963134795727,0.19823881862368972,13.13598333661974,0.2980146706670166,0.3390595443054514
899,adam,899,900,3.574054724110424e-06,1,0.0038350440268660737,0.0018561300469163893,0.026731618833133505,1.0324330523080848e-06,1,1,,0,9.766951357375506e-09,-13.10885522540883,-0.028223067003130847,-0.8789209351429895,0.000707146158293831,0.0027183120539617167,0.0028908712196651126,0.0038350440268660737,0.0021284278580336467,0.001639963134795727,0.19823881862368972,13.13598333661974,0.29801462052864086,0.3390594687259553
900,adam,900,901,3.5383141768693195e-06,1,0.0038331969448620797,0.000743065991473744,0.0086832239066537,1.2016551521580195e-06,1,2,,0,9.000977694275852e-12,-13.108301854527419,-0.02822311748869373,-0.8789219140547249,0.0007038177525501795,0.0027182791229878756,0.0028908188942724862,0.0038331969448620797,0.0021284738578941746,0.0016399678840062044,0.1982382004454247,13.1359922278433,0.2980145489722461,0.33905937877172976
901,adam,901,902,3.5029310351006267e-06,1,0.0038331969448620797,0.00074307239835932,0.008683165868126785,1.0813171563497265e-06,1,1,,0,5.678719286664768e-09,-13.108301854527419,-0.028223473427826905,-0.8789228192471908,0.0007008642094412953,0.0027182791229878756,0.0028908188942724862,0.0038331969448620797,0.0021284738578941746,0.0016399678840062044,0.1982382004454247,13.1359922278433,0.2980144726042521,0.33905926918617474
902,adam,902,903,3.46790172474962e-06,1,0.003833604272978052,0.003116910483978106,0.07155089218606596,1.004839342400454e-06,1,2,,0,3.793230722162053e-12,-13.107998644043082,-0.028223557476196065,-0.8789236584032537,0.0006982448323548286,0.0027182731174978597,0.0028908016765732732,0.003833604272978052,0.002128519901668044,0.0016399688938936404,0.1982374528542401,13.135990687440028,0.2980143920713377,0.3390591424511847
903,adam,903,904,3.433222707502124e-06,1,0.003833604272978052,0.0031167367016470115,0.07154539701776498,7.854725413522588e-07,1,1,,0,4.31801994787667e-09,-13.107998644043082,-0.028223731818714966,-0.8789241101215299,0.0006982920585314849,0.0027182731174978597,0.0028908016765732732,0.003833604272978052,0.002128519901668044,0.0016399688938936404,0.1982374528542401,13.135990687440028,0.2980143440771275,0.3390591008838543
904,adam,904,905,3.3988904804271028e-06,1,0.003833604272978052,0.003116558611118789,0.07154015478418585,7.761007955132523e-07,1,1,,0,8.466080854857585e-09,-13.107998644043082,-0.028223768028908223,-0.8789242191213822,0.0007006490058595041,0.0027182731174978597,0.0028908016765732732,0.003833604272978052,0.002128519901668044,0.0016399688938936404,0.1982374528542401,13.135990687440028,0.29801432531169314,0.33905913398918
905,adam,905,906,3.364901575622832e-06,1,0.003833575189916088,0.0016972758372580628,0.022866281283008886,9.116303678678587e-07,1,2,,0,1.3968218206277312e-12,-13.108560219365717,-0.02822363160810641,-0.8789240252518727,0.0007050026544025697,0.0027182423315077076,0.002890785738701798,0.003833575189916088,0.002128531461245309,0.0016399749487132943,0.19823833334311838,13.13605327262512,0.29801433277565464,0.33905923251429654
906,adam,906,907,3.3312525598666034e-06,1,0.003833575189916088,0.001697305231559475,0.022867898615529653,8.269749184567147e-07,1,1,,0,4.605085694287124e-09,-13.108560219365717,-0.028223473689150985,-0.8789236482006588,0.0007091627834727335,0.0027182423315077076,0.002890785738701798,0.003833575189916088,0.002128531461245309,0.0016399749487132943,0.19823833334311838,13.13605327262512,0.29801437130217734,0.3390593385501814
907,adam,907,908,3.2979400342679372e-06,1,0.003833575189916088,0.0016973229418521688,0.022868721399855945,8.136918115647347e-07,1,1,,0,8.903386742649126e-09,-13.108560219365717,-0.02822325227260723,-0.8789231096852836,0.0007131477746653028,0.0027182423315077076,0.002890785738701798,0.003833575189916088,0.002128531461245309,0.0016399749487132943,0.19823833334311838,13.13605327262512,0.2980144371800745,0.33905945113876335
908,adam,908,909,3.264960633925258e-06,1,0.0038330378293579487,0.0019024740765505904,0.0250008608538514,8.523933528456743e-07,1,2,,0,4.836181378665366e-12,-13.109372041198364,-0.02822320362487863,-0.8789224290537314,0.0007169740368234672,0.0027181819014328802,0.0028907481016117735,0.0038330378293579487,0.0021284941133491117,0.0016399795543132164,0.1982398851897119,13.136091120027494,0.29801452710595205,0.3390595694254045
909,adam,909,910,3.232311027586005e-06,1,0.0038330378293579487,0.001902446917125273,0.025000618767144805,7.095446584023161e-07,1,1,,0,3.865135348855531e-09,-13.109372041198364,-0.028223017713666594,-0.8789219723806794,0.0007202934084321452,0.0027181819014328802,0.0028907481016117735,0.0038330378293579487,0.0021284941133491117,0.0016399795543132164,0.1982398851897119,13.136091120027494,0.29801457807512716,0.3390596250214318
910,adam,910,911,3.1999879173101453e-06,1,0.0038330378293579487,0.0019024197645505145,0.025000178150850136,6.501613135903907e-07,1,1,,0,7.4339265419078066e-09,-13.109372041198364,-0.028222912732972585,-0.8789217140350887,0.0007231615880021575,0.0027181819014328802,0.0028907481016117735,0.0038330378293579487,0.0021284941133491117,0.0016399795543132164,0.1982398851897119,13.136091120027494,0.29801459463802416,0.3390596252661372
911,adam,911,912,3.1679880381370436e-06,1,0.0038336098488608436,0.0013382159179233513,0.013474367583346997,6.645534687332065e-07,1,2,,0,3.659054931912978e-12,-13.110367635151018,-0.02822299272640037,-0.8789216311732339,0.0007256282383169549,0.0027182012849680188,0.0028907946167559865,0.0038336098488608436,0.002128532510744535,0.0016399798243453018,0.19824066209809313,13.13609873332433,0.29801458084539834,0.33905957669346215
912,adam,912,913,3.1363081577556734e-06,1,0.0038336098488608436,0.0013382146689864215,0.013474459672113415,5.450956821202944e-07,1,1,,0,2.963432756199863e-09,-13.110367635151018,-0.028222924886974643,-0.8789214646932547,0.0007279637802106975,0.0027182012849680188,0.0028907946167559865,0.0038336098488608436,0.002128532510744535,0.0016399798243453018,0.19824066209809313,13.13609873332433,0.29801458505312917,0.33905958250355456
913,adam,913,914,3.1049450761781164e-06,1,0.0038336098488608436,0.0013382114939074043,0.013474457552176827,4.867941637258306e-07,1,1,,0,5.508721430030123e-09,-13.110367635151018,-0.028222826659489865,-0.8789212244976602,0.0007301811801788443,0.0027182012849680188,0.0028907946167559865,0.0038336098488608436,0.002128532510744535,0.0016399798243453018,0.19824066209809313,13.13609873332433,0.2980146051886204,0.339059636270124
914,adam,914,915,3.0738956254163354e-06,1,0.0038336098488608436,0.001338206641308005,0.013474372967805556,4.859432289702018e-07,1,1,,0,7.925347113980343e-09,-13.110367635151018,-0.02822270168014529,-0.8789209194091958,0.0007322920092321185,0.0027182012849680188,0.0028907946167559865,0.0038336098488608436,0.002128532510744535,0.0016399798243453018,0.19824066209809313,13.13609873332433,0.2980146394026606,0.33905973227365593
915,adam,915,916,3.043156669162172e-06,1,0.0038331406258798164,0.0013383332243956398,0.013473249357514719,5.251158976519568e-07,1,2,,0,2.766112291215722e-12,-13.111075261407352,-0.028222706253735443,-0.8789205572878007,0.0007343065942341284,0.002718178258022205,0.0028907881897172463,0.0038331406258798164,0.0021284794769229256,0.0016399782512058734,0.1982414403238984,13.136130789720248,0.29801468604543085,0.33905986542412325
916,adam,916,917,3.01272510247055e-06,1,0.0038331406258798164,0.0013383256407664443,0.013473029794933852,5.844911020814655e-07,1,1,,0,3.375404534330726e-09,-13.111075261407352,-0.028222537129291642,-0.8789201451210042,0.0007362340985173478,0.002718178258022205,0.0028907881897172463,0.0038331406258798164,0.0021284794769229256,0.0016399782512058734,0.1982414403238984,13.136130789720248,0.2980147436526301,0.3390600311947466
917,adam,917,918,2.9825978514458447e-06,1,0.0038331406258798164,0.001338316966432113,0.013472755542912482,6.505867195535539e-07,1,1,,0,7.164222229891108e-09,-13.111075261407352,-0.028222349944038827,-0.8789196891463626,0.0007380827571323601,0.002718178258022205,0.0028907881897172463,0.0038331406258798164,0.0021284794769229256,0.0016399782512058734,0.1982414403238984,13.136130789720248,0.2980148109103704,0.3390602255551965
918,adam,918,919,2.952771872931386e-06,1,0.0038329867382386686,0.0008661483471469158,0.010261195677474836,7.16195366623999e-07,1,2,,0,9.566727088207038e-13,-13.111019961843182,-0.02822234220748354,-0.8789191949186861,0.0007398599226928386,0.0027180855493912103,0.0028906902457433784,0.0038329867382386686,0.0021283238085393697,0.0016399768420402795,0.1982421267718955,13.13617413624516,0.2980148866466993,0.3390604449199304
919,adam,919,920,2.9232441542020725e-06,1,0.0038329867382386686,0.000866148953294601,0.010261575112546986,6.612094453265007e-07,1,1,,0,3.836601208500081e-09,-13.111019961843182,-0.028222139486210208,-0.8789187007503099,0.0007414283954843595,0.0027180855493912103,0.0028906902457433784,0.0038329867382386686,0.0021283238085393697,0.0016399768420402795,0.1982421267718955,13.13617413624516,0.29801498067383203,0.3390606698415885
920,adam,920,921,2.8940117126600516e-06,1,0.0038329867382386686,0.0008661511789365036,0.010261912063518295,6.737859208988831e-07,1,1,,0,7.4765819679659e-09,-13.111019961843182,-0.02822193717566013,-0.8789182071248348,0.0007428109157434281,0.0027180855493912103,0.0028906902457433784,0.0038329867382386686,0.0021283238085393697,0.0016399768420402795,0.1982421267718955,13.13617413624516,0.2980150907402533,0.3390608993990152
921,adam,921,922,2.865071595533451e-06,1,0.0038335511745811136,0.0019025357107306552,0.025000437197556874,7.285818942259723e-07,1,2,,0,8.471782039408162e-13,-13.110755497422362,-0.028221947620292474,-0.8789177144690907,0.0007440277603524644,0.0027179469350768503,0.002890544656895484,0.0038335511745811136,0.0021281371468521004,0.0016399806481193584,0.19824297124915377,13.136219408275911,0.29801521483523563,0.3390611327777673
922,adam,922,923,2.8364208795781166e-06,1,0.0038335511745811136,0.0019025577226425125,0.025000763012031503,5.894042566368218e-07,1,1,,0,2.9869780387175048e-09,-13.110755497422362,-0.02822182214215653,-0.8789174084442459,0.0007450307298725258,0.0027179469350768503,0.002890544656895484,0.0038335511745811136,0.0021281371468521004,0.0016399806481193584,0.19824297124915377,13.136219408275911,0.29801529959492234,0.33906129680393643
923,adam,923,924,2.8080566707823353e-06,1,0.0038335511745811136,0.0019025748163162542,0.025000857963233588,5.275390459677575e-07,1,1,,0,5.4963803901698606e-09,-13.110755497422362,-0.02822176417624393,-0.8789172676163917,0.0007458437298773274,0.0027179469350768503,0.002890544656895484,0.0038335511745811136,0.0021281371468521004,0.0016399806481193584,0.19824297124915377,13.136219408275911,0.2980153495783219,0.33906139948649006
924,adam,924,925,2.779976104074512e-06,1,0.0038335511745811136,0.0019025875722858254,0.025000749677242407,5.379467907511657e-07,1,1,,0,7.782563878874822e-09,-13.110755497422362,-0.02822176591837229,-0.8789172728831223,0.0007464880701322046,0.0027179469350768503,0.002890544656895484,0.0038335511745811136,0.0021281371468521004,0.0016399806481193584,0.19824297124915377,13.136219408275911,0.29801536884397206,0.33906144795618426
925,adam,925,926,2.752176343033767e-06,1,0.003833010522978122,0.0011113311110408928,0.016650440445022112,5.957044140608209e-07,1,2,,0,1.5766604689211488e-12,-13.111028495265447,-0.028221863575358844,-0.8789174072210592,0.0007469827458166201,0.002717898004861952,0.002890504351280493,0.003833010522978122,0.0021280531888458144,0.001639983826503498,0.19824333941499483,13.13625819230952,0.29801536100454107,0.33906144856138054
926,adam,926,927,2.7246545796034293e-06,1,0.003833010522978122,0.0011113334357289464,0.016650684652343158,6.909839953400464e-07,1,1,,0,3.071478258082681e-09,-13.111028495265447,-0.028222844654830118,-0.8789191215602404,0.0007474102922375351,0.002717898004861952,0.002890504351280493,0.003833010522978122,0.0021280531888458144,0.001639983826503498,0.19824333941499483,13.13625819230952,0.2980153324561577,0.33906141681863383
927,adam,927,928,2.697408033807395e-06,1,0.003833010522978122,0.0011113374379111288,0.01665111041960593,9.181315645209632e-07,1,1,,0,6.9621963967619075e-09,-13.111028495265447,-0.028224642099351056,-0.8789222172777883,0.0007477781014776205,0.002717898004861952,0.002890504351280493,0.003833010522978122,0.0021280531888458144,0.001639983826503498,0.19824333941499483,13.13625819230952,0.2980152871632739,0.33906135713877683
928,adam,928,929,2.670433953469321e-06,1,0.0038330725880700895,0.0007432049486658959,0.008690035795125192,1.1440076018125726e-06,1,2,,0,2.3122193195234565e-12,-13.111413411710672,-0.028225835534563305,-0.8789265184795052,0.0007480927643455392,0.0027178678012914517,0.0028904883214148614,0.0038330725880700895,0.002128005745022256,0.0016399501202602664,0.1982359101549795,13.13523776685039,0.29801522823000876,0.33906127326502894
929,adam,929,930,2.6437296139346275e-06,1,0.0038330725880700895,0.0007432047007479861,0.008689650951497381,1.0183621612118496e-06,1,1,,0,4.383931140146977e-09,-13.111413411710672,-0.02822808890194035,-0.8789303785261618,0.0007483843430290783,0.0027178678012914517,0.0028904883214148614,0.0038330725880700895,0.002128005745022256,0.0016399501202602664,0.1982359101549795,13.13523776685039,0.2980151661923888,0.33906117613764664
930,adam,930,931,2.6172923177952812e-06,1,0.0038330725880700895,0.0007432125599254487,0.008689637337498633,9.258245049769738e-07,1,1,,0,8.389943233678213e-09,-13.111413411710672,-0.02823010836162798,-0.8789338449499738,0.0007486552338830832,0.0027178678012914517,0.0028904883214148614,0.0038330725880700895,0.002128005745022256,0.0016399501202602664,0.1982359101549795,13.13523776685039,0.2980151014827987,0.33906106746663195
931,adam,931,932,2.5911193946173285e-06,1,0.0038327018426290997,0.0007432390622681184,0.008692309790667936,8.630491144870407e-07,1,2,,0,2.593826815983524e-12,-13.111756470833994,-0.028230400188710966,-0.8789369601399183,0.0007489075748382705,0.002717840730731973,0.002890473894540179,0.0038327018426290997,0.0021279720832353684,0.0016399086861693729,0.1982271100072817,13.13407849172542,0.29801503448568967,0.33906094876916826
932,adam,932,933,2.565208200671155e-06,1,0.0038327018426290997,0.0007432602918882031,0.008692909325695494,8.256232876368525e-07,1,1,,0,3.803921423125483e-09,-13.111756470833994,-0.028232024700128044,-0.8789397618702112,0.0007491432948599502,0.002717840730731973,0.002890473894540179,0.0038327018426290997,0.0021279720832353684,0.0016399086861693729,0.1982271100072817,13.13407849172542,0.29801496554811446,0.33906082139997135
933,adam,933,934,2.5395561186644436e-06,1,0.0038327018426290997,0.0007432869907446686,0.008693760074773921,8.08378291102371e-07,1,1,,0,7.6250610843029e-09,-13.111756470833994,-0.028233483102374262,-0.878942283856457,0.000749364093366468,0.002717840730731973,0.002890473894540179,0.0038327018426290997,0.0021279720832353684,0.0016399086861693729,0.1982271100072817,13.13407849172542,0.29801489497291633,0.33906068655161387
934,adam,934,935,2.5141605574777994e-06,1,0.003831897571867375,0.0018564292576570569,0.026748785359579252,8.060027048254513e-07,1,2,,0,1.3902237089035585e-12,-13.112087168982203,-0.028233688563748513,-0.8789445561664807,0.0007495714867610802,0.0027178402471144396,0.0028904837187719275,0.003831897571867375,0.002127975086349113,0.0016398742178828159,0.19822010729830739,13.133226121078465,0.2980148230289569,0.3390605452814902
935,adam,935,936,2.489018951903021e-06,1,0.003831897571867375,0.0018564189416488096,0.026747970317469796,7.543242913553761e-07,1,1,,0,3.75324835613198e-09,-13.112087168982203,-0.028234933778340986,-0.8789467724102203,0.000749215360474672,0.0027178402471144396,0.0028904837187719275,0.003831897571867375,0.002127975086349113,0.0016398742178828159,0.19822010729830739,13.133226121078465,0.2980147396420241,0.33906040303389395
936,adam,936,937,2.464128762383991e-06,1,0.003831897571867375,0.0018564066066640535,0.026746639930077372,7.627477241805497e-07,1,1,,0,7.55426555871334e-09,-13.112087168982203,-0.028236120404934523,-0.8789489368981237,0.0007483629842595654,0.0027178402471144396,0.0028904837187719275,0.003831897571867375,0.002127975086349113,0.0016398742178828159,0.19822010729830739,13.133226121078465,0.29801464629232016,0.3390602600668224
937,adam,937,938,2.439487474760151e-06,1,0.0038321126532283897,0.0016974917827505102,0.02287016073656714,8.108858930770382e-07,1,2,,0,1.2377599962578005e-12,-13.112194506248075,-0.02823631033404593,-0.8789510534892367,0.0007470742263617371,0.0027178472794253455,0.0028904931146665203,0.0038321126532283897,0.0021280074911811534,0.0016398506514071192,0.19821474936225503,13.13263035747195,0.2980145442934355,0.33906011660983343
938,adam,938,939,2.4150926000125494e-06,1,0.0038321126532283897,0.0016975137902601465,0.022871372362501523,6.350042081464812e-07,1,1,,0,3.235968420963125e-09,-13.112194506248075,-0.028237260731416986,-0.8789527908602109,0.0007461320610199486,0.0027178472794253455,0.0028904931146665203,0.0038321126532283897,0.0021280074911811534,0.0016398506514071192,0.19821474936225503,13.13263035747195,0.29801447686699734,0.3390600025043838
939,adam,939,940,2.390941674012424e-06,1,0.0038321126532283897,0.001697527162966488,0.022871998695884216,5.173873658685799e-07,1,1,,0,5.763375109403197e-09,-13.112194506248075,-0.02823804826083857,-0.8789541914694594,0.0007454969298009372,0.0027178472794253455,0.0028904931146665203,0.0038321126532283897,0.0021280074911811534,0.0016398506514071192,0.19821474936225503,13.13263035747195,0.29801444000175187,0.3390599144522494
940,adam,940,941,2.3670322572723e-06,1,0.0038321126532283897,0.00169753290733811,0.02287210869329143,4.6637850694032013e-07,1,1,,0,7.809339421521343e-09,-13.112194506248075,-0.028238691101005926,-0.8789552931638257,0.0007451335841195144,0.0027178472794253455,0.0028904931146665203,0.0038321126532283897,0.0021280074911811534,0.0016398506514071192,0.19821474936225503,13.13263035747195,0.2980144301266599,0.33905984951317175
941,adam,941,942,2.3433619346995764e-06,1,0.0038321126532283897,0.0016975319210355301,0.022871763707056077,4.7670773729369913e-07,1,1,,0,9.605485414803156e-09,-13.112194506248075,-0.028239205458839765,-0.8789561296781774,0.0007450106175592091,0.0027178472794253455,0.0028904931146665203,0.0038321126532283897,0.0021280074911811534,0.0016398506514071192,0.19821474936225503,13.13263035747195,0.2980144440627554,0.339059805066073
942,adam,942,943,2.3199283153525808e-06,1,0.0038319393586608557,0.0013855291246887746,0.014721267179787,5.269455770184347e-07,1,2,,0,8.778207621504666e-13,-13.11225405760485,-0.028238779676209913,-0.8789567310808925,0.0007451000489208899,0.002717810872506183,0.002890457337345214,0.0038319393586608557,0.0021280132257779603,0.001639823503754625,0.19820916673450426,13.131949762678738,0.2980144789802842,0.33905977877448223
943,adam,943,944,2.296729032199055e-06,1,0.0038319393586608557,0.0013855116856092925,0.014720828769151989,5.38242467356895e-07,1,1,,0,2.510949225072195e-09,-13.11225405760485,-0.028239078968477726,-0.8789571266230284,0.0007453238229047113,0.002717810872506183,0.002890457337345214,0.0038319393586608557,0.0021280132257779603,0.001639823503754625,0.19820916673450426,13.131949762678738,0.2980145342747542,0.3390597962860373
944,adam,944,945,2.2737617418770643e-06,1,0.0038319393586608557,0.00138549428607354,0.014720360572238668,5.745272748629631e-07,1,1,,0,5.166920484632394e-09,-13.11225405760485,-0.02823928870689899,-0.8789573399003942,0.0007456660462991779,0.002717810872506183,0.002890457337345214,0.0038319393586608557,0.0021280132257779603,0.001639823503754625,0.19820916673450426,13.131949762678738,0.2980146074073289,0.3390598523831374
945,adam,945,946,2.251024124458294e-06,1,0.0038319393586608557,0.0013854769392388233,0.014719866255213853,6.231243705450646e-07,1,1,,0,8.03032421244864e-09,-13.11225405760485,-0.028239419112084368,-0.8789573919410378,0.000746112560165884,0.002717810872506183,0.002890457337345214,0.0038319393586608557,0.0021280132257779603,0.001639823503754625,0.19820916673450426,13.131949762678738,0.29801469612538034,0.33905994242477794
946,adam,946,947,2.228513883213711e-06,1,0.0038321200104255247,0.0025351308948565955,0.04710992467687525,6.757038358936465e-07,1,2,,0,1.3194207172919765e-12,-13.111958330117638,-0.02823939482903252,-0.8789573014834856,0.0007466507518258326,0.0027176949357213113,0.002890333208499536,0.0038321200104255247,0.0021279043502274546,0.0016398128286538474,0.1982072847245052,13.131621732682225,0.2980147984304297,0.33906006228315116
947,adam,947,948,2.2062287443815733e-06,1,0.0038321200104255247,0.002535154834511236,0.04711041084313069,5.080642411505664e-07,1,1,,0,2.3656438011112473e-09,-13.111958330117638,-0.028239531854456698,-0.8789574281663853,0.0007469025365288874,0.0027176949357213113,0.002890333208499536,0.0038321200104255247,0.0021279043502274546,0.0016398128286538474,0.1982072847245052,13.131621732682225,0.298014864254905,0.3390601396198647
948,adam,948,949,2.184166456937758e-06,1,0.0038321200104255247,0.0025352069455042378,0.04711288320737372,4.440716143953361e-07,1,1,,0,4.3067910625122984e-09,-13.111958330117638,-0.028239736635813244,-0.8789577465319348,0.0007469012940545203,0.0027176949357213113,0.002890333208499536,0.0038321200104255247,0.0021279043502274546,0.0016398128286538474,0.1982072847245052,13.131621732682225,0.298014897862035,0.33906017944627914
949,adam,949,950,2.1623247923683803e-06,1,0.0038321200104255247,0.0025352834774336652,0.047117080054721615,4.808705726346134e-07,1,1,,0,6.2482018959681014e-09,-13.111958330117638,-0.02824000107714307,-0.8789582338972118,0.000746676747027414,0.0027176949357213113,0.002890333208499536,0.0038321200104255247,0.0021279043502274546,0.0016398128286538474,0.1982072847245052,13.131621732682225,0.29801490304504624,0.339060186216766
950,adam,950,951,2.1407015444446967e-06,1,0.0038321200104255247,0.0025353811381749925,0.047122770914825564,5.730333296812981e-07,1,1,,0,8.535426455270822e-09,-13.111958330117638,-0.028240317966807444,-0.8789588700535632,0.0007462553597797688,0.0027176949357213113,0.002890333208499536,0.0038321200104255247,0.0021279043502274546,0.0016398128286538474,0.1982072847245052,13.131621732682225,0.2980148831786091,0.3390601638902748
951,adam,951,952,2.1192945290002496e-06,1,0.0038311381787940837,0.001485257582495089,0.01643017141414713,6.818586761189106e-07,1,2,,0,5.557747858798111e-12,-13.111138180826236,-0.028240344365229847,-0.8789596369985386,0.0007456606936969387,0.002717573718742991,0.002890191472074481,0.0038311381787940837,0.0021278323452072825,0.0016398131716093387,0.19820565713494342,13.131426728357548,0.29801484126467803,0.3390601159851008
952,adam,952,953,2.098101583710247e-06,1,0.0038311381787940837,0.0014852670136025138,0.016430632170075572,6.767944317204387e-07,1,1,,0,3.4555273075563337e-09,-13.111138180826236,-0.028240619072571242,-0.8789602948305711,0.0007453241609202425,0.002717573718742991,0.002890191472074481,0.0038311381787940837,0.0021278323452072825,0.0016398131716093387,0.19820565713494342,13.131426728357548,0.29801480013282433,0.339060128696143
953,adam,953,954,2.077120567873144e-06,1,0.0038311381787940837,0.0014852489129468743,0.016431177637651208,7.495571609563167e-07,1,1,,0,7.24807862853154e-09,-13.111138180826236,-0.028240815579996432,-0.8789608556036168,0.000745215946522413,0.002717573718742991,0.002890191472074481,0.0038311381787940837,0.0021278323452072825,0.0016398131716093387,0.19820565713494342,13.131426728357548,0.29801476103651464,0.33906019390814734
954,adam,954,955,2.0563493621944134e-06,1,0.0038315477102578107,0.001697243778732872,0.022858285030419583,8.527635702927996e-07,1,2,,0,4.166949931290765e-12,-13.110455504166985,-0.028240750806033915,-0.8789613300647214,0.0007453094869552125,0.0027174461425828697,0.0028900518639842707,0.0038315477102578107,0.002127732896523139,0.001639815310615134,0.19820525400648897,13.131356772655254,0.2980147247139463,0.3390603045678046
955,adam,955,956,2.035785868572469e-06,1,0.0038315477102578107,0.0016972693530289652,0.022859838825471608,7.215332006110191e-07,1,1,,0,3.7100677501560955e-09,-13.110455504166985,-0.028240812528543262,-0.8789616251229334,0.0007455689777046096,0.0027174461425828697,0.0028900518639842707,0.0038315477102578107,0.002127732896523139,0.001639815310615134,0.19820525400648897,13.131356772655254,0.29801471171629496,0.3390604146169808
956,adam,956,957,2.015428009886744e-06,1,0.0038315477102578107,0.0016972870536649733,0.022860853525805223,6.325078479188249e-07,1,1,,0,6.870546130767334e-09,-13.110455504166985,-0.028240816318871338,-0.8789617613935173,0.0007459747307802575,0.0027174461425828697,0.0028900518639842707,0.0038315477102578107,0.002127732896523139,0.001639815310615134,0.19820525400648897,13.131356772655254,0.2980147193030559,0.339060524030829
957,adam,957,958,1.995273729787877e-06,1,0.0038315477102578107,0.0016972977918393208,0.022861392055126897,5.847605561753714e-07,1,1,,0,9.640407360300737e-09,-13.110455504166985,-0.02824076892089813,-0.8789617572477443,0.0007465092118588112,0.0027174461425828697,0.0028900518639842707,0.0038315477102578107,0.002127732896523139,0.001639815310615134,0.19820525400648897,13.131356772655254,0.2980147450346827,0.3390606327870357
958,adam,958,959,1.975320992489998e-06,1,0.003832096445800525,0.001902788519536193,0.025015642366486002,5.728890944865991e-07,1,2,,0,2.484323844178865e-12,-13.109741698851437,-0.028240708858435763,-0.8789616290560659,0.0007471568062733355,0.00271725886647894,0.0028898542159573677,0.003832096445800525,0.002127567404692207,0.0016398152604283603,0.19820527621958928,13.131256279545829,0.2980147867396824,0.3390607408656206
959,adam,959,960,1.955567782565098e-06,1,0.003832096445800525,0.001902773908917301,0.025015220839386825,4.6728526722173944e-07,1,1,,0,2.3473548758891183e-09,-13.109741698851437,-0.02824066497437938,-0.8789616080933187,0.0007476763782347668,0.00271725886647894,0.0028898542159573677,0.003832096445800525,0.002127567404692207,0.0016398152604283603,0.19820527621958928,13.131256279545829,0.2980148062645922,0.3390608067231278
960,adam,960,961,1.936012104739447e-06,1,0.003832096445800525,0.0019027591193744196,0.025014709536731846,4.1076107999132893e-07,1,1,,0,4.431353106663508e-09,-13.109741698851437,-0.028240664154863836,-0.8789616818859722,0.0007480823282457374,0.00271725886647894,0.0028898542159573677,0.003832096445800525,0.002127567404692207,0.0016398152604283603,0.19820527621958928,13.131256279545829,0.29801480621165904,0.33906083527082825
961,adam,961,962,1.9166519836920524e-06,1,0.003832096445800525,0.0019027442030534539,0.025014119983994314,4.021463247314877e-07,1,1,,0,6.400968641190902e-09,-13.109741698851437,-0.028240701384771125,-0.8789618393190055,0.0007483874914040896,0.00271725886647894,0.0028898542159573677,0.003832096445800525,0.002127567404692207,0.0016398152604283603,0.19820527621958928,13.131256279545829,0.2980147888971319,0.33906083088132444
962,adam,962,963,1.8974854638551318e-06,1,0.003832096445800525,0.001902729205051782,0.025013462398289516,4.2897747329939376e-07,1,1,,0,8.381753271366226e-09,-13.109741698851437,-0.028240772195357255,-0.8789620704887472,0.0007486033071092384,0.00271725886647894,0.0028898542159573677,0.003832096445800525,0.002127567404692207,0.0016398152604283603,0.19820527621958928,13.131256279545829,0.2980147563824754,0.3390607974473032
963,adam,963,964,1.8785106092165805e-06,1,0.0038311196847911175,0.0009921066697329642,0.01726317086706574,4.7498009546138584e-07,1,2,,0,1.0337044627211738e-12,-13.10980189029185,-0.028240821191677545,-0.8789623665716496,0.0007487399703730908,0.0027172059711642006,0.002889809004610888,0.0038311196847911175,0.0021275347348587944,0.0016398109859394043,0.19820482675970358,13.13115390143497,0.29801471050218714,0.3390607384338876
964,adam,964,965,1.8597255031244148e-06,1,0.0038311196847911175,0.000992103341539529,0.017263264178750005,4.718795288164516e-07,1,1,,0,2.3507872312757948e-09,-13.10980189029185,-0.028242734178106334,-0.8789624915914728,0.0007488534542987518,0.0027172059711642006,0.002889809004610888,0.0038311196847911175,0.0021275347348587944,0.0016398109859394043,0.19820482675970358,13.13115390143497,0.29801466933879533,0.3390606616775382
965,adam,965,966,1.8411282480931705e-06,1,0.0038311196847911175,0.000992097447811523,0.017263412591527257,5.319389616154667e-07,1,1,,0,4.915468170124217e-09,-13.10980189029185,-0.028246226006933595,-0.8789624654030598,0.0007489463458018902,0.0027172059711642006,0.002889809004610888,0.0038311196847911175,0.0021275347348587944,0.0016398109859394043,0.19820482675970358,13.13115390143497,0.298014632158149,0.3390605696317348
966,adam,966,967,1.8227169656122388e-06,1,0.0038311196847911175,0.0009920893510731127,0.017263609316217676,6.170010074359303e-07,1,1,,0,7.832881983499635e-09,-13.10980189029185,-0.028251090261603554,-0.8789623056962981,0.0007490209510497833,0.0027172059711642006,0.002889809004610888,0.0038311196847911175,0.0021275347348587944,0.0016398109859394043,0.19820482675970358,13.13115390143497,0.29801459833828786,0.3390604644376711
967,adam,967,968,1.8044897959561164e-06,1,0.0038310902849338084,0.0016971574946434988,0.022852466696177316,7.056825223441565e-07,1,2,,0,2.724494193278598e-12,-13.110111871830615,-0.028253214915766853,-0.8789620282310379,0.0007490793258561461,0.002717281839390424,0.0028898734046968466,0.0038310902849338084,0.002127620181920878,0.001639822996021684,0.1982056751291483,13.131362461360261,0.29801456735210735,0.33906034796671286
968,adam,968,969,1.7864448979965553e-06,1,0.0038310902849338084,0.0016971546247265986,0.022852506774683166,6.239233593730393e-07,1,1,,0,3.144624428826884e-09,-13.110111871830615,-0.028258568189981997,-0.8789616673297199,0.0007492873990505545,0.002717281839390424,0.0028898734046968466,0.0038310902849338084,0.002127620181920878,0.001639822996021684,0.1982056751291483,13.131362461360261,0.2980145567782995,0.339060254263124
969,adam,969,970,1.7685804490165898e-06,1,0.0038310902849338084,0.001697147586375803,0.022852218024170312,5.763139899236854e-07,1,1,,0,6.070840162304521e-09,-13.110111871830615,-0.02826329738783509,-0.8789612330790333,0.0007496274603262128,0.002717281839390424,0.0028898734046968466,0.0038310902849338084,0.002127620181920878,0.001639822996021684,0.1982056751291483,13.131362461360261,0.29801456421707023,0.3390601807733707
970,adam,970,971,1.7508946445264239e-06,1,0.0038310902849338084,0.0016971368818971297,0.02285163987786945,5.584913074175966e-07,1,1,,0,8.883229502051685e-09,-13.110111871830615,-0.02826747047781734,-0.8789607344633782,0.0007500837335338379,0.002717281839390424,0.0028898734046968466,0.0038310902849338084,0.002127620181920878,0.001639822996021684,0.1982056751291483,13.131362461360261,0.29801458753218085,0.33906012522104284
971,adam,971,972,1.7333856980811595e-06,1,0.00383110639277603,0.0013387365812583733,0.013464891607495352,5.634380032267052e-07,1,2,,0,3.328562680980406e-12,-13.110341871787927,-0.028266891706033196,-0.878960179484358,0.0007506421668702897,0.002717333900941214,0.0028899083110941106,0.00383110639277603,0.0021276792196507814,0.0016398366134293514,0.19820699790437393,13.131595306577116,0.2980146248221503,0.3390600855768382
972,adam,972,973,1.716051841100348e-06,1,0.00383110639277603,0.0013387409952152474,0.01346524258097162,4.971110441261051e-07,1,1,,0,2.5666089609855464e-09,-13.110341871787927,-0.02827014919988398,-0.8789596321469338,0.0007512176111272418,0.002717333900941214,0.0028899083110941106,0.00383110639277603,0.0021276792196507814,0.0016398366134293514,0.19820699790437393,13.131595306577116,0.29801466711304125,0.3390600774047027
973,adam,973,974,1.6988913226893444e-06,1,0.00383110639277603,0.001338743812723015,0.013465509559662081,4.544528431449135e-07,1,1,,0,4.888187208637232e-09,-13.110341871787927,-0.028273032771148243,-0.8789590921063947,0.0007518075111306345,0.002717333900941214,0.0028899083110941106,0.00383110639277603,0.0021276792196507814,0.0016398366134293514,0.19820699790437393,13.131595306577116,0.29801471379627753,0.3390600969991431
974,adam,974,975,1.6819024094624509e-06,1,0.00383110639277603,0.0013387452279398676,0.01346570248408277,4.3289618432873104e-07,1,1,,0,7.073666502141395e-09,-13.110341871787927,-0.028275583098863116,-0.8789585590509985,0.0007524095945219238,0.002717333900941214,0.0028899083110941106,0.00383110639277603,0.0021276792196507814,0.0016398366134293514,0.19820699790437393,13.131595306577116,0.29801476432847435,0.3390601410619387
975,adam,975,976,1.6650833853678265e-06,1,0.00383110639277603,0.0013387454132644987,0.013465830180692279,4.282816116655944e-07,1,1,,0,9.21408188501525e-09,-13.110341871787927,-0.028277836456323053,-0.8789580326984345,0.000753021841128476,0.002717333900941214,0.0028899083110941106,0.00383110639277603,0.0021276792196507814,0.0016398366134293514,0.19820699790437393,13.131595306577116,0.29801481822451453,0.33906020665763065
976,adam,976,977,1.6484325515141481e-06,1,0.0038306483560439143,0.0018559009107123204,0.02674519853080288,4.3569790697493026e-07,1,2,,0,2.0587818915480112e-12,-13.11020223539889,-0.028276815194116796,-0.8789575127926675,0.0007536424556449261,0.0027172946706194925,0.002889846030601601,0.0038306483560439143,0.0021276073690459627,0.0016398452613239206,0.19820829649624344,13.131773928163016,0.2980148750513616,0.33906029117387637
977,adam,977,978,1.6319482259990067e-06,1,0.0038306483560439143,0.0018559226098683371,0.026745481908123515,3.470278673931372e-07,1,1,,0,1.9342005559293964e-09,-13.11020223539889,-0.02827863937713244,-0.8789571779092954,0.0007538318842288118,0.0027172946706194925,0.002889846030601601,0.0038306483560439143,0.0021276073690459627,0.0016398452613239206,0.19820829649624344,13.131773928163016,0.2980149133293058,0.33906035568609894
978,adam,978,979,1.6156287437390166e-06,1,0.0038306483560439143,0.0018559398431384313,0.02674534197783277,3.232056818030395e-07,1,1,,0,3.6418210663438796e-09,-13.11020223539889,-0.02828031655562777,-0.8789570068084235,0.0007536411287051735,0.0027172946706194925,0.002889846030601601,0.0038306483560439143,0.0021276073690459627,0.0016398452613239206,0.19820829649624344,13.131773928163016,0.2980149352340632,0.33906040247268865
979,adam,979,980,1.5994724563016262e-06,1,0.0038306483560439143,0.0018559531165015179,0.0267448297750694,3.541085986451473e-07,1,1,,0,5.34469636556081e-09,-13.11020223539889,-0.028281862189074355,-0.878956980561745,0.0007531155737604816,0.0027172946706194925,0.002889846030601601,0.0038306483560439143,0.0021276073690459627,0.0016398452613239206,0.19820829649624344,13.131773928163016,0.2980149427002822,0.3390604335635783
980,adam,980,981,1.5834777317386102e-06,1,0.0038306483560439143,0.0018559628838981125,0.02674399068293091,4.1326403643304714e-07,1,1,,0,7.21600091515649e-09,-13.11020223539889,-0.02828329006672582,-0.8789570823020896,0.000752295601348217,0.0027172946706194925,0.002889846030601601,0.0038306483560439143,0.0021276073690459627,0.0016398452613239206,0.19820829649624344,13.131773928163016,0.2980149374480798,0.33906045076719743
981,adam,981,982,1.567642954421224e-06,1,0.0038306483560439143,0.0018559695520052953,0.02674286504884648,4.810224164937991e-07,1,1,,0,9.363055248798852e-09,-13.11020223539889,-0.028284612488476232,-0.8789572970000953,0.0007512171379443582,0.0027172946706194925,0.002889846030601601,0.0038306483560439143,0.0021276073690459627,0.0016398452613239206,0.19820829649624344,13.131773928163016,0.29801492100666527,0.33906045569451193
982,adam,982,983,1.5519665248770116e-06,1,0.003829988421679874,0.0008658528381243734,0.01025246437108388,5.480498524447658e-07,1,2,,0,3.108364153382296e-12,-13.10959599771725,-0.028283647399197906,-0.878957611265068,0.0007499121419923779,0.0027172341143696294,0.002889753242135476,0.003829988421679874,0.0021275432285281135,0.0016398551395627855,0.19820891262135676,13.13193616450168,0.2980148947353708,0.3390604497804626
983,adam,983,984,1.5364468596282416e-06,1,0.003829988421679874,0.0008658577628111216,0.010252871470427236,4.821430045723895e-07,1,1,,0,2.530810513814539e-09,-13.10959599771725,-0.02828473052558223,-0.8789578623534832,0.0007487395472886602,0.0027172341143696294,0.002889753242135476,0.003829988421679874,0.0021275432285281135,0.0016398551395627855,0.19820891262135676,13.13193616450168,0.29801488537433884,0.33906046019772623
984,adam,984,985,1.5210823910319593e-06,1,0.003829988421679874,0.0008658630783494013,0.01025323233183155,4.491664819879344e-07,1,1,,0,4.855977454326062e-09,-13.10959599771725,-0.028285684713616612,-0.8789580573752241,0.0007476850938795074,0.0027172341143696294,0.002889753242135476,0.003829988421679874,0.0021275432285281135,0.0016398551395627855,0.19820891262135676,13.13193616450168,0.2980148909441789,0.33906048500880975
985,adam,985,986,1.5058715671216396e-06,1,0.003829988421679874,0.000865868745793253,0.01025355196037559,4.434604095544257e-07,1,1,,0,7.057030196669344e-09,-13.10959599771725,-0.028286524031755994,-0.8789582026678117,0.0007467360656327936,0.0027172341143696294,0.002889753242135476,0.003829988421679874,0.0021275432285281135,0.0016398551395627855,0.19820891262135676,13.13193616450168,0.2980149096794256,0.3390605224893566
986,adam,986,987,1.4908128514504232e-06,1,0.003829988421679874,0.0008658747282532991,0.010253834787011366,4.567483559564293e-07,1,1,,0,9.200173625154103e-09,-13.10959599771725,-0.02828726102425674,-0.8789583038800571,0.0007458811230283311,0.0027172341143696294,0.002889753242135476,0.003829988421679874,0.0021275432285281135,0.0016398551395627855,0.19820891262135676,13.13193616450168,0.2980149400061606,0.33906057110486787
987,adam,987,988,1.475904722935919e-06,1,0.003831108386711872,0.001697087297873067,0.022848203652607577,4.809887842416908e-07,1,2,,0,3.3795022176675394e-12,-13.109030238483285,-0.02828683836030619,-0.8789583660466614,0.0007451101540624943,0.0027171464806122316,0.002889646543752366,0.003831108386711872,0.002127484625366087,0.0016398676135965227,0.19820933107064323,13.132031269181876,0.29801498052181397,0.3390606294899545
988,adam,988,989,1.4611456757065598e-06,1,0.003831108386711872,0.0016970841718103216,0.022848439607085977,4.1795551857204964e-07,1,1,,0,1.911176596632653e-09,-13.109030238483285,-0.028287376991170107,-0.8789583272103899,0.0007445512914748329,0.0027171464806122316,0.002889646543752366,0.003831108386711872,0.002127484625366087,0.0016398676135965227,0.19820933107064323,13.132031269181876,0.29801503055271095,0.33906069000216416
989,adam,989,990,1.4465342189494942e-06,1,0.003831108386711872,0.001697077734147327,0.022848385215064194,3.870647688099684e-07,1,1,,0,3.5628478784255325e-09,-13.109030238483285,-0.02828782037585989,-0.8789581991861709,0.0007441802925368962,0.0027171464806122316,0.002889646543752366,0.003831108386711872,0.002127484625366087,0.0016398676135965227,0.19820933107064323,13.132031269181876,0.2980150889173009,0.33906075234164773
990,adam,990,991,1.432068876759999e-06,1,0.003831108386711872,0.0016970683846704489,0.022848075072524378,3.839627280232475e-07,1,1,,0,5.083587891038048e-09,-13.109030238483285,-0.02828817916806202,-0.8789579925008548,0.0007439755577331242,0.0027171464806122316,0.002889646543752366,0.003831108386711872,0.002127484625366087,0.0016398676135965227,0.19820933107064323,13.132031269181876,0.29801515456461797,0.3390608162410248
991,adam,991,992,1.417748187992399e-06,1,0.003831108386711872,0.0016970564795633553,0.022847539957868097,4.005601507068263e-07,1,1,,0,6.586201109340268e-09,-13.109030238483285,-0.028288462865032928,-0.8789577165328383,0.0007439178437140662,0.0027171464806122316,0.002889646543752366,0.003831108386711872,0.002127484625366087,0.0016398676135965227,0.19820933107064323,13.132031269181876,0.29801522655997514,0.3390608814619233
992,adam,992,993,1.4035707061124752e-06,1,0.003831108386711872,0.0016970423360383104,0.022846807249786542,4.2845150428857635e-07,1,1,,0,8.160169744972148e-09,-13.109030238483285,-0.02828867993280378,-0.8789573796365608,0.0007439900074107736,0.0027171464806122316,0.002889646543752366,0.003831108386711872,0.002127484625366087,0.0016398676135965227,0.19820933107064323,13.132031269181876,0.2980153040722281,0.3390609477918897
993,adam,993,994,1.3895349990513503e-06,1,0.003831108386711872,0.0016970262364935506,0.022845901299516354,4.6134340237449823e-07,1,1,,0,9.867632160643246e-09,-13.109030238483285,-0.028288837917832245,-0.8789569892535146,0.0007441767779295411,0.0027171464806122316,0.002889646543752366,0.003831108386711872,0.002127484625366087,0.0016398676135965227,0.19820933107064323,13.132031269181876,0.2980153863624369,0.3390610150416296
994,adam,994,995,1.375639649060837e-06,1,0.0038315514272855406,0.0019029534991715225,0.025018761368832843,4.953160228064202e-07,1,2,,0,1.6959791141020048e-12,-13.108578375601766,-0.028288517172144437,-0.8789565520112257,0.0007444645532093798,0.0027169944462867176,0.0028894827082649737,0.0038315514272855406,0.0021273631643042787,0.0016398770649244103,0.19821013211196256,13.132047681670723,0.2980154727737702,0.3390610830425426
995,adam,995,996,1.3618832525702286e-06,1,0.0038315514272855406,0.0019029299940663026,0.025017956424027127,3.9805978018308273e-07,1,1,,0,1.8481249679060368e-09,-13.108578375601766,-0.028288638447255893,-0.8789562289752169,0.0007446800302207539,0.0027169944462867176,0.0028894827082649737,0.0038315514272855406,0.0021273631643042787,0.0016398770649244103,0.19821013211196256,13.132047681670723,0.298015537421886,0.3390611221932004
996,adam,996,997,1.3482644200445262e-06,1,0.0038315514272855406,0.0019029078124639153,0.02501714381636619,3.312852722226361e-07,1,1,,0,3.4251827680401722e-09,-13.108578375601766,-0.028288773425885635,-0.878956007157281,0.0007448314168336743,0.0027169944462867176,0.0028894827082649737,0.0038315514272855406,0.0021273631643042787,0.0016398770649244103,0.19821013211196256,13.132047681670723,0.29801558280781404,0.33906113585527553
997,adam,997,998,1.334781775844081e-06,1,0.0038315514272855406,0.001902886831973658,0.025016325591854554,2.976715205269953e-07,1,1,,0,4.8378269733303805e-09,-13.108578375601766,-0.02828892037655219,-0.8789558749815866,0.000744926028430557,0.0027169944462867176,0.0028894827082649737,0.0038315514272855406,0.0021273631643042787,0.0016398770649244103,0.19821013211196256,13.132047681670723,0.2980156111583624,0.3390611270217559
998,adam,998,999,1.32143395808564e-06,1,0.0038315514272855406,0.001902866942771701,0.025015503541556024,2.948385408828705e-07,1,1,,0,6.18256682977463e-09,-13.108578375601766,-0.02828907775764282,-0.8789558221316639,0.0007449703846121674,0.0027169944462867176,0.0028894827082649737,0.0038315514272855406,0.0021273631643042787,0.0016398770649244103,0.19821013211196256,13.132047681670723,0.29801562445603685,0.3390610983571496
999,adam,999,1000,1.3082196185047836e-06,1,0.0038315514272855406,0.0019028480462856213,0.025014679231860446,3.13978913909597e-07,1,1,,0,7.540731254615826e-09,-13.108578375601766,-0.028289244196818768,-0.8789558394139628,0.0007449702954284041,0.0027169944462867176,0.0028894827082649737,0.0038315514272855406,0.0021273631643042787,0.0016398770649244103,0.19821013211196256,13.132047681670723,0.2980156244657014,0.3390610522333107
1000,adam,1000,1001,1.2951374223197358e-06,1,0.0038315514272855406,0.001902830054014232,0.025013854031104538,3.4490616616117814e-07,1,1,,0,8.974392527037731e-09,-13.108578375601766,-0.028289418472652247,-0.8789559186361885,0.0007449309382668328,0.0027169944462867176,0.0028894827082649737,0.0038315514272855406,0.0021273631643042787,0.0016398770649244103,0.19821013211196256,13.132047681670723,0.29801561275833394,0.33906099076136104
1001,adam,1001,1002,1.2821860480965384e-06,1,0.003829841862024833,0.0019030140356753045,0.025022283922495794,3.80307569518556e-07,1,2,,0,2.1243571880536585e-12,-13.109106093795601,-0.028289361551265095,-0.8789560524988124,0.0007448569264141979,0.0027170247464456685,0.0028895265577331274,0.003829841862024833,0.002127412110185708,0.0016398755840045188,0.19820996403030972,13.132013005760111,0.29801559073219336,0.3390609158201347
1002,adam,1002,1003,1.2693641876155732e-06,1,0.003829841862024833,0.0019029976120105436,0.025021460433390708,4.1603303544601674e-07,1,1,,0,2.050334911527314e-09,-13.109106093795601,-0.028289548356183872,-0.8789562344980061,0.0007447523823237462,0.0027170247464456685,0.0028895265577331274,0.003829841862024833,0.002127412110185708,0.0016398755840045188,0.19820996403030972,13.132013005760111,0.298015559630835,0.33906082908304797
1003,adam,1003,1004,1.2566705457394174e-06,1,0.003829841862024833,0.0019029818777778684,0.025020639219429812,4.49983923131855e-07,1,1,,0,4.240186782818738e-09,-13.109106093795601,-0.028289740082150114,-0.8789564588400736,0.0007446209664311164,0.0027170247464456685,0.0028895265577331274,0.003829841862024833,0.002127412110185708,0.0016398755840045188,0.19820996403030972,13.132013005760111,0.29801552056169794,0.3390607320374404
1004,adam,1004,1005,1.2441038402820233e-06,1,0.003829841862024833,0.001902966775281467,0.025019821062642077,4.811935327501842e-07,1,1,,0,6.557487107612826e-09,-13.109106093795601,-0.02828993596466359,-0.8789567203641612,0.0007444659394769478,0.0027170247464456685,0.0028895265577331274,0.003829841862024833,0.002127412110185708,0.0016398755840045188,0.19820996403030972,13.132013005760111,0.2980154745101253,0.33906062600643044
1005,adam,1005,1006,1.2316628018792029e-06,1,0.003829841862024833,0.0019029522526353526,0.02501900664030626,5.092926840839749e-07,1,1,,0,8.989348641279845e-09,-13.109106093795601,-0.028290135324171444,-0.8789570144736711,0.0007442902058307899,0.0027170247464456685,0.0028895265577331274,0.003829841862024833,0.002127412110185708,0.0016398755840045188,0.19820996403030972,13.132013005760111,0.2980154223527021,0.33906051216684024
1006,adam,1006,1007,1.219346173860411e-06,1,0.0038307433755733703,0.0013388565336957374,0.013462709230612865,5.34223849975763e-07,1,2,,0,3.353653964902303e-12,-13.109972286046805,-0.02829004271229011,-0.8789573370751006,0.0007440963521219914,0.002717156696772443,0.00288968073698368,0.0038307433755733703,0.0021275541901220477,0.0016398712458770255,0.19820922697719875,13.131989392754228,0.29801536486913927,0.33906039156516654
1007,adam,1007,1008,1.2071527121218068e-06,1,0.0038307433755733703,0.0013388565719151594,0.013462597258091138,4.4404593481764506e-07,1,1,,0,2.0657039564738336e-09,-13.109972286046805,-0.028290207565943394,-0.8789575868248157,0.0007439791088283547,0.002717156696772443,0.00288968073698368,0.0038307433755733703,0.0021275541901220477,0.0016398712458770255,0.19820922697719875,13.131989392754228,0.29801532000296027,0.3390603032519117
1008,adam,1008,1009,1.1950811850005887e-06,1,0.0038307433755733703,0.001338855818899216,0.013462465213112701,3.7132562110147966e-07,1,1,,0,3.7440129162210344e-09,-13.109972286046805,-0.028290339232831207,-0.878957771963001,0.000743929662350114,0.002717156696772443,0.00288968073698368,0.0038307433755733703,0.0021275541901220477,0.0016398712458770255,0.19820922697719875,13.131989392754228,0.29801528633841307,0.3390602435159665
1009,adam,1009,1010,1.1831303731505827e-06,1,0.0038307433755733703,0.0013388543755372708,0.013462315853100287,3.1639143430884113e-07,1,1,,0,5.1252012097597006e-09,-13.109972286046805,-0.028290441448108827,-0.8789578998342051,0.0007439401584687929,0.002717156696772443,0.00288968073698368,0.0038307433755733703,0.0021275541901220477,0.0016398712458770255,0.19820922697719875,13.131989392754228,0.2980152626127808,0.3390602090528863
1010,adam,1010,1011,1.171299069419077e-06,1,0.0038307433755733703,0.0013388523311605254,0.013462151610322104,2.7952917598020425e-07,1,1,,0,6.296314911700841e-09,-13.109972286046805,-0.028290517541213586,-0.878957976984365,0.0007440035983947306,0.002717156696772443,0.00288968073698368,0.0038307433755733703,0.0021275541901220477,0.0016398712458770255,0.19820922697719875,13.131989392754228,0.29801524769988,0.3390601969205038
1011,adam,1011,1012,1.1595860787248861e-06,1,0.0038307433755733703,0.001338849764839179,0.01346197462972723,2.6002248088067203e-07,1,1,,0,7.340404838610368e-09,-13.109972286046805,-0.028290570479802973,-0.878958009247322,0.0007441137460727041,0.002717156696772443,0.00288968073698368,0.0038307433755733703,0.0021275541901220477,0.0016398712458770255,0.19820922697719875,13.131989392754228,0.2980152405953403,0.3390602044993869
1012,adam,1012,1013,1.1479902179376374e-06,1,0.0038307433755733703,0.0013388467465391015,0.013461786802374684,2.553377022085917e-07,1,1,,0,8.33397382485194e-09,-13.109972286046805,-0.02829060290893388,-0.8789580018219709,0.0007442650455275822,0.002717156696772443,0.00288968073698368,0.0038307433755733703,0.0021275541901220477,0.0016398712458770255,0.19820922697719875,13.131989392754228,0.29801524040347094,0.3390602294576129
1013,adam,1013,1014,1.1365103157582608e-06,1,0.0038307433755733703,0.0013388433381472003,0.013461589794939124,2.61475412532159e-07,1,1,,0,9.343467792072164e-09,-13.109972286046805,-0.02829061718600357,-0.8789579593410506,0.0007444525471613305,0.002717156696772443,0.00288968073698368,0.0038307433755733703,0.0021275541901220477,0.0016398712458770255,0.19820922697719875,13.131989392754228,0.2980152463255448,0.3390602697193881
1014,adam,1014,1015,1.1251452126006782e-06,1,0.003830666086610215,0.001339112784311956,0.013459733387596373,2.7428069387062913e-07,1,2,,0,2.1242246393683165e-12,-13.110426228886341,-0.02829045091600019,-0.8789578859324879,0.0007446718420341928,0.0027172106639880753,0.0028897428732271354,0.003830666086610215,0.00212755900346511,0.0016398656169157933,0.19820873577852272,13.131998722531044,0.2980152576493454,0.33906032343709175
1015,adam,1015,1016,1.1138937604746714e-06,1,0.003830666086610215,0.0013391087610304655,0.013459522170607502,2.904498212705611e-07,1,1,,0,1.723304194358368e-09,-13.110426228886341,-0.028290434952590877,-0.8789577852475874,0.0007449190224876739,0.0027172106639880753,0.0028897428732271354,0.003830666086610215,0.00212755900346511,0.0016398656169157933,0.19820873577852272,13.131998722531044,0.29801527374476766,0.33906038897006124
1016,adam,1016,1017,1.1027548228699247e-06,1,0.003830666086610215,0.0013391044928302996,0.01345930566786284,3.0778106163446156e-07,1,1,,0,3.568488109916342e-09,-13.110426228886341,-0.028290406469298802,-0.8789576605659412,0.0007451905891787055,0.0027172106639880753,0.0028897428732271354,0.003830666086610215,0.00212755900346511,0.0016398656169157933,0.19820873577852272,13.131998722531044,0.2980152940450426,0.33906046485458685
1017,adam,1017,1018,1.0917272746412257e-06,1,0.003830666086610215,0.0013391000175170743,0.013459084881395453,3.249284049426832e-07,1,1,,0,5.5254686783085735e-09,-13.110426228886341,-0.028290366953575827,-0.8789575148089565,0.0007454834262203211,0.0027172106639880753,0.0028897428732271354,0.003830666086610215,0.00212755900346511,0.0016398656169157933,0.19820873577852272,13.131998722531044,0.298015318044908,0.3390605497883204
1018,adam,1018,1019,1.080810001894813e-06,1,0.003830666086610215,0.0013390953684587407,0.013458860692131883,3.4113329485771464e-07,1,1,,0,7.583470663516528e-09,-13.110426228886341,-0.02829031773060282,-0.8789573505786745,0.0007457947596076238,0.0027172106639880753,0.0028897428732271354,0.003830666086610215,0.00212755900346511,0.0016398656169157933,0.19820873577852272,13.131998722531044,0.2980153452939771,0.33906064261266017
1019,adam,1019,1020,1.070001901875865e-06,1,0.003830666086610215,0.0013390905750896417,0.013458633873966522,3.5600341534838424e-07,1,1,,0,9.731499050180017e-09,-13.110426228886341,-0.02829025998087031,-0.8789571701923857,0.0007461221201466437,0.0027172106639880753,0.0028897428732271354,0.003830666086610215,0.00212755900346511,0.0016398656169157933,0.19820873577852272,13.131998722531044,0.29801537539082235,0.33906074229705774
1020,adam,1020,1021,1.0593018828571065e-06,1,0.0038306982862166567,0.0007434223009519735,0.008698776156576033,3.6936683413145214e-07,1,2,,0,7.297575439080396e-13,-13.110067307400813,-0.028290297331956912,-0.8789569757134954,0.0007464633103998969,0.002717127539621354,0.002889645660405093,0.0038306982862166567,0.002127399499042448,0.0016398631844959167,0.1982089600668102,13.132036260670057,0.2980154079776958,0.3390608479250364
1021,adam,1021,1022,1.0487088640285352e-06,1,0.0038306982862166567,0.0007434248772603086,0.008698629190741002,3.190020813847173e-07,1,1,,0,1.9880714325392142e-09,-13.110067307400813,-0.02829024338280829,-0.8789568126637525,0.0007467721965858835,0.002717127539621354,0.002889645660405093,0.0038306982862166567,0.002127399499042448,0.0016398631844959167,0.1982089600668102,13.132036260670057,0.29801543331859665,0.33906093308501406
1022,adam,1022,1023,1.03822177538825e-06,1,0.0038306982862166567,0.000743430490854235,0.008698632180398654,2.844226393191922e-07,1,1,,0,3.785459052620267e-09,-13.110067307400813,-0.028290199449626154,-0.8789566775436267,0.000747052234683069,0.002717127539621354,0.002889645660405093,0.0038306982862166567,0.002127399499042448,0.0016398631844959167,0.1982089600668102,13.132036260670057,0.29801545223572046,0.33906100010477813
1023,adam,1023,1024,1.0278395576343675e-06,1,0.0038306982862166567,0.0007434387671340995,0.00869876696145951,2.646337639250434e-07,1,1,,0,5.446556085878807e-09,-13.110067307400813,-0.028290164409108115,-0.8789565672334575,0.0007473065067237071,0.002717127539621354,0.002889645660405093,0.0038306982862166567,0.002127399499042448,0.0016398631844959167,0.1982089600668102,13.132036260670057,0.2980154654617285,0.3390610510569592
1024,adam,1024,1025,1.0175611620580238e-06,1,0.0038306982862166567,0.0007434493737141957,0.008699017405257909,2.5743289324770643e-07,1,1,,0,7.018107341844239e-09,-13.110067307400813,-0.02829013725996236,-0.8789564789523073,0.0007475377612943658,0.002717127539621354,0.002889645660405093,0.0038306982862166567,0.002127399499042448,0.0016398631844959167,0.1982089600668102,13.132036260670057,0.2980154736494499,0.33906108778690763
1025,adam,1025,1026,1.0073855504374436e-06,1,0.0038306982862166567,0.000743462015671525,0.008699369191862554,2.596681902350964e-07,1,1,,0,8.538979762435357e-09,-13.110067307400813,-0.028290117109692554,-0.8789564102212738,0.0007477484496505479,0.002717127539621354,0.002889645660405093,0.0038306982862166567,0.002127399499042448,0.0016398631844959167,0.1982089600668102,13.132036260670057,0.29801547738053663,0.33906111193752364
1026,adam,1026,1027,9.973116949330693e-07,1,0.003830377574172111,0.0007434093939132864,0.008698098275037308,2.6805448098104713e-07,1,2,,0,4.667685167103718e-13,-13.109806486448553,-0.02829017795748343,-0.8789563588307712,0.0007479407579188685,0.002717071225080988,0.0028895782761098024,0.003830377574172111,0.002127293741527564,0.001639857248035636,0.1982085145621537,13.132039202599717,0.29801547717318194,0.3390611249713759
1027,adam,1027,1028,9.873385779837385e-07,1,0.003830377574172111,0.0007434253263559189,0.008698615907650618,2.798607334208723e-07,1,1,,0,1.6889667382039487e-09,-13.109806486448553,-0.028290169508779238,-0.8789563228207024,0.0007481166311006151,0.002717071225080988,0.0028895782761098024,0.003830377574172111,0.002127293741527564,0.001639857248035636,0.1982085145621537,13.132039202599717,0.29801547348773966,0.3390611281882165
1028,adam,1028,1029,9.77465192203901e-07,1,0.003830377574172111,0.0007434425928410651,0.008699200832892724,2.931466197650877e-07,1,1,,0,3.421212070903339e-09,-13.109806486448553,-0.028290165925980826,-0.8789563004346567,0.0007482778086522959,0.002717071225080988,0.0028895782761098024,0.003830377574172111,0.002127293741527564,0.001639857248035636,0.1982085145621537,13.132039202599717,0.29801546673553525,0.33906112274715683
1029,adam,1029,1030,9.67690540281862e-07,1,0.003830377574172111,0.00074346101095417,0.008699844169152982,3.06657287124256e-07,1,1,,0,5.199224368037238e-09,-13.109806486448553,-0.028290166645599395,-0.8789562901072759,0.0007484258419909177,0.002717071225080988,0.0028895782761098024,0.003830377574172111,0.002127293741527564,0.001639857248035636,0.1982085145621537,13.132039202599717,0.29801545728291784,0.33906110967983427
1030,adam,1030,1031,9.580136348790433e-07,1,0.003830377574172111,0.0007434804189311337,0.00870053803693271,3.1963865833865936e-07,1,1,,0,7.022858187637346e-09,-13.109806486448553,-0.028290171165510785,-0.8789562904435562,0.0007485621148597278,0.002717071225080988,0.0028895782761098024,0.003830377574172111,0.002127293741527564,0.001639857248035636,0.1982085145621537,13.132039202599717,0.29801544545614295,0.3390610899043402
1031,adam,1031,1032,9.484334985302529e-07,1,0.003830377574172111,0.0007435006733516261,0.008701275447359024,3.316686918241891e-07,1,1,,0,8.89016097826366e-09,-13.109806486448553,-0.028290179038305996,-0.8789563002003918,0.0007486878614854983,0.002717071225080988,0.0028895782761098024,0.003830377574172111,0.002127293741527564,0.001639857248035636,0.1982085145621537,13.132039202599717,0.29801543154572635,0.3390610642376269
1032,adam,1032,1033,9.389491635449504e-07,1,0.003829315172944747,0.0016972412101928676,0.022854570461072695,3.4253564923828767e-07,1,2,,0,5.782875896820692e-13,-13.109790257204745,-0.028290189170559202,-0.8789563182701174,0.0007488041827715492,0.00271706751091307,0.0028895706949233855,0.003829315172944747,0.0021272761420802646,0.001639847470567643,0.19820727761713344,13.132000516823162,0.29801541581032587,0.33906103340655935
1033,adam,1033,1034,9.29559671909501e-07,1,0.003829315172944747,0.0016972471449111434,0.022854448718438516,3.1889162910182945e-07,1,1,,0,1.7401219022908258e-09,-13.109790257204745,-0.028290174267163664,-0.8789562722922175,0.000748992319995371,0.00271706751091307,0.0028895706949233855,0.003829315172944747,0.0021272761420802646,0.001639847470567643,0.19820727761713344,13.132000516823162,0.29801541080423527,0.33906101167417846
1034,adam,1034,1035,9.202640751904058e-07,1,0.003829315172944747,0.0016972500383818003,0.022854168147869038,3.1019361644423616e-07,1,1,,0,3.352643548098067e-09,-13.109790257204745,-0.028290136647220205,-0.8789561697827631,0.0007492436770399601,0.00271706751091307,0.0028895706949233855,0.003829315172944747,0.0021272761420802646,0.001639847470567643,0.19820727761713344,13.132000516823162,0.29801541526474645,0.3390609980040436
1035,adam,1035,1036,9.110614344385018e-07,1,0.003829315172944747,0.0016972502474680595,0.02285374797613094,3.127875568922239e-07,1,1,,0,4.892399095672872e-09,-13.109790257204745,-0.028290078996207075,-0.8789560174380946,0.0007495505982252871,0.00271706751091307,0.0028895706949233855,0.003829315172944747,0.0021272761420802646,0.001639847470567643,0.19820727761713344,13.132000516823162,0.29801542806791226,0.3390609914723101
1036,adam,1036,1037,9.019508200941168e-07,1,0.003829315172944747,0.001697248089963084,0.02285320530385441,3.2282385168783884e-07,1,1,,0,6.40405061659112e-09,-13.109790257204745,-0.028290003706753337,-0.8789558212236908,0.0007499062661881142,0.00271706751091307,0.0028895706949233855,0.003829315172944747,0.0021272761420802646,0.001639847470567643,0.19820727761713344,13.132000516823162,0.2980154482133833,0.33906099125554023
1037,adam,1037,1038,8.929313118931756e-07,1,0.003829315172944747,0.0016972438488184307,0.022852555338719494,3.370724758190431e-07,1,1,,0,7.922153231302097e-09,-13.109790257204745,-0.028289912910361436,-0.8789555864534097,0.0007503046108428963,0.00271706751091307,0.0028895706949233855,0.003829315172944747,0.0021272761420802646,0.001639847470567643,0.19820727761713344,13.132000516823162,0.2980154748109032,0.3390609966198339
1038,adam,1038,1039,8.840019987742438e-07,1,0.003829315172944747,0.0016972377759197253,0.022851811603040215,3.532077940714186e-07,1,1,,0,9.471824293181958e-09,-13.109790257204745,-0.02828980850569924,-0.8789553178601435,0.0007507402282204735,0.00271706751091307,0.0028895706949233855,0.003829315172944747,0.0021272761420802646,0.001639847470567643,0.19820727761713344,13.132000516823162,0.2980155070682788,0.33906100691113644
1039,adam,1039,1040,8.751619787865015e-07,1,0.0038305432909582614,0.0025352036284459834,0.047098897036379136,3.6971364171723216e-07,1,2,,0,1.0277323941814337e-12,-13.10985692549274,-0.02828987379878619,-0.878955019658816,0.0007512083081153655,0.0027170445002406168,0.0028895473690361637,0.0038305432909582614,0.0021272506248943635,0.0016398373329170434,0.19820639925734487,13.13192817751489,0.2980155442806662,0.3390610215465957
1040,adam,1040,1041,8.664103589986365e-07,1,0.0038305432909582614,0.002535195049788374,0.04709822543839146,2.7133718252237834e-07,1,1,,0,1.2805692509111215e-09,-13.10985692549274,-0.028289804520767403,-0.8789548412277425,0.0007515308418684228,0.0027170445002406168,0.0028895473690361637,0.0038305432909582614,0.0021272506248943635,0.0016398373329170434,0.19820639925734487,13.13192817751489,0.2980155674847757,0.3390610223887704
1041,adam,1041,1042,8.5774625540865e-07,1,0.0038305432909582614,0.0025351994889741616,0.04709842759647652,2.0282112016368345e-07,1,1,,0,2.198320046172049e-09,-13.10985692549274,-0.028289776872188643,-0.8789547687646873,0.0007517245874462723,0.0027170445002406168,0.0028895473690361637,0.0038305432909582614,0.0021272506248943635,0.0016398373329170434,0.19820639925734487,13.13192817751489,0.2980155783198981,0.33906101109525644
1042,adam,1042,1043,8.491687928545634e-07,1,0.0038305432909582614,0.0025352152596934316,0.04709939086428149,1.743587356903735e-07,1,1,,0,2.8887882305782506e-09,-13.10985692549274,-0.028289786027604187,-0.8789547899710243,0.000751804470517978,0.0027170445002406168,0.0028895473690361637,0.0038305432909582614,0.0021272506248943635,0.0016398373329170434,0.19820639925734487,13.13192817751489,0.29801557824474917,0.3390609891387312
1043,adam,1043,1044,8.406771049260178e-07,1,0.0038305432909582614,0.0025352408768891236,0.04710101589469325,1.8640380778642895e-07,1,1,,0,3.5030197903133164e-09,-13.10985692549274,-0.02828982768735345,-0.8789548938887096,0.0007517837839328302,0.0027170445002406168,0.0028895473690361637,0.0038305432909582614,0.0021272506248943635,0.0016398373329170434,0.19820639925734487,13.13192817751489,0.29801556855722455,0.3390609578274465
1044,adam,1044,1045,8.322703338767577e-07,1,0.0038305432909582614,0.0025352750325871734,0.047103215077762904,2.2173288889190783e-07,1,1,,0,4.190731470354221e-09,-13.10985692549274,-0.028289898020557366,-0.8789550707549191,0.000751674365486763,0.0027170445002406168,0.0028895473690361637,0.0038305432909582614,0.0021272506248943635,0.0016398373329170434,0.19820639925734487,13.13192817751489,0.2980155504120007,0.33906091832345253
1045,adam,1045,1046,8.239476305379902e-07,1,0.0038305432909582614,0.0025353165747127016,0.047105911163462036,2.644486125154034e-07,1,1,,0,5.068033016719441e-09,-13.10985692549274,-0.02828999361429182,-0.8789553118724416,0.0007514867563392371,0.0027170445002406168,0.0028895473690361637,0.0038305432909582614,0.0021272506248943635,0.0016398373329170434,0.19820639925734487,13.13192817751489,0.29801552483621396,0.33906087165880033
1046,adam,1046,1047,8.157081542326102e-07,1,0.0038305432909582614,0.0025353644884998127,0.04710903604724066,3.070965594699313e-07,1,1,,0,6.194741141165334e-09,-13.10985692549274,-0.028290111428270637,-0.8789556094941193,0.0007512303421884764,0.0027170445002406168,0.0028895473690361637,0.0038305432909582614,0.0021272506248943635,0.0016398373329170434,0.19820639925734487,13.13192817751489,0.29801549274342864,0.33906081874995087
1047,adam,1047,1048,8.075510726902841e-07,1,0.0038305432909582614,0.002535417880169461,0.0471125296989771,3.4684727293767957e-07,1,1,,0,7.580399908196677e-09,-13.10985692549274,-0.02829024875443852,-0.8789559567198101,0.000750913479082974,0.0027170445002406168,0.0028895473690361637,0.0038305432909582614,0.0021272506248943635,0.0016398373329170434,0.19820639925734487,13.13192817751489,0.2980154549460787,0.3390607604105868
1048,adam,1048,1049,7.994755619633813e-07,1,0.0038305432909582614,0.0025354759625873047,0.04711633921798259,3.827558477581769e-07,1,1,,0,9.206214644955106e-09,-13.10985692549274,-0.02829040318094297,-0.8789563474045203,0.0007505436055377748,0.0027170445002406168,0.0028895473690361637,0.0038305432909582614,0.0021272506248943635,0.0016398373329170434,0.19820639925734487,13.13192817751489,0.2980154121665498,0.33906069736300476
1049,adam,1049,1050,7.914808063437474e-07,1,0.003829312465352948,0.002009854969298692,0.020565360586737996,4.146367218386276e-07,1,2,,0,4.40469538813278e-12,-13.109439826995981,-0.028290322184783997,-0.8789567760764923,0.0007501273424514944,0.0027170267954293626,0.002889519332849079,0.003829312465352948,0.002127295169885392,0.0016398364479344573,0.19820517792543182,13.13189908769754,0.2980153650470509,0.3390606302482458
1050,adam,1050,1051,7.8356599828031e-07,1,0.003829312465352948,0.002009864365079464,0.020565377823531475,4.0404718573498703e-07,1,1,,0,2.0006048565107876e-09,-13.109439826995981,-0.028290616972700605,-0.8789570179671026,0.0007497744022990136,0.0027170267954293626,0.002889519332849079,0.003829312465352948,0.002127295169885392,0.0016398364479344573,0.19820517792543182,13.13189908769754,0.2980153354475706,0.33906060452878467
1051,adam,1051,1052,7.757303382975068e-07,1,0.003829312465352948,0.002009902003491466,0.020565608840969946,4.5380101509471764e-07,1,1,,0,4.180559900346913e-09,-13.109439826995981,-0.028291022193726763,-0.8789570947171313,0.0007494777563271457,0.0027170267954293626,0.002889519332849079,0.003829312465352948,0.002127295169885392,0.0016398364479344573,0.19820517792543182,13.13189908769754,0.2980153196749101,0.339060613211911
1052,adam,1052,1053,7.679730349145317e-07,1,0.003829312465352948,0.0020099626652784223,0.0205660137975218,5.223476300453231e-07,1,1,,0,6.67248929702828e-09,-13.109439826995981,-0.028291524516975322,-0.87895702560544,0.0007492311388802281,0.0027170267954293626,0.002889519332849079,0.003829312465352948,0.002127295169885392,0.0016398364479344573,0.19820517792543182,13.13189908769754,0.29801531504702855,0.3390606507279313
1053,adam,1053,1054,7.602933045653863e-07,1,0.003829312465352948,0.002010042172773078,0.020566560980194916,5.908152572154005e-07,1,1,,0,9.514539144914296e-09,-13.109439826995981,-0.02829211207766841,-0.8789568278052531,0.0007490289647048454,0.0027170267954293626,0.002889519332849079,0.003829312465352948,0.002127295169885392,0.0016398364479344573,0.19820517792543182,13.13189908769754,0.29801531949665594,0.3390607125113799
1054,adam,1054,1055,7.526903715197326e-07,1,0.0038299516545612154,0.0016970995075422887,0.02284544989652923,6.527108798738482e-07,1,2,,0,5.4550534969318674e-12,-13.109135308031357,-0.028292089011907558,-0.8789565166126907,0.0007488662552138158,0.0027168025029463624,0.0028892940927189668,0.0038299516545612154,0.002127100704169864,0.0016398375706727715,0.19820450563016176,13.131851399864534,0.2980153313777453,0.33906079475532425
1055,adam,1055,1056,7.451634678045352e-07,1,0.0038299516545612154,0.0016971118884672527,0.02284622550633992,5.734225262255153e-07,1,1,,0,2.947023232898055e-09,-13.109135308031357,-0.028292659490433983,-0.8789561886837042,0.000748789614893437,0.0027168025029463624,0.0028892940927189668,0.0038299516545612154,0.002127100704169864,0.0016398375706727715,0.19820450563016176,13.131851399864534,0.2980153489562144,0.33906087237232746
1056,adam,1056,1057,7.377118331264899e-07,1,0.0038299516545612154,0.001697121103713211,0.022846786547101684,5.076526165130463e-07,1,1,,0,5.556048304274684e-09,-13.109135308031357,-0.02829314834720437,-0.8789558463005464,0.0007487890490356161,0.0027168025029463624,0.0028892940927189668,0.0038299516545612154,0.002127100704169864,0.0016398375706727715,0.19820450563016176,13.131851399864534,0.2980153715368764,0.3390609458275072
1057,adam,1057,1058,7.30334714795225e-07,1,0.0038299516545612154,0.001697127516907755,0.022847157846836486,4.544526575864271e-07,1,1,,0,7.879124252532931e-09,-13.109135308031357,-0.02829356460685249,-0.8789554914938331,0.0007488556541586211,0.0027168025029463624,0.0028892940927189668,0.0038299516545612154,0.002127100704169864,0.0016398375706727715,0.19820450563016176,13.131851399864534,0.29801539850148456,0.33906101553571083
1058,adam,1058,1059,7.230313676472727e-07,1,0.0038299516545612154,0.0016971314520211986,0.022847361503409987,4.1284233311741727e-07,1,1,,0,9.964299614612995e-09,-13.109135308031357,-0.0282939163148718,-0.8789551260698503,0.000748981499485306,0.0027168025029463624,0.0028892940927189668,0.0038299516545612154,0.002127100704169864,0.0016398375706727715,0.19820450563016176,13.131851399864534,0.29801542930027447,0.3390610818669754
1059,adam,1059,1060,7.158010539707999e-07,1,0.0038298390289500713,0.0016970634877553417,0.02284349084468003,3.8171103495190636e-07,1,2,,0,5.520424333066311e-12,-13.1089482510877,-0.028293670382419533,-0.878954751634902,0.00074915952128856,0.002716552291531611,0.002889046781701495,0.0038298390289500713,0.002126865599064681,0.001639837593724948,0.19820421962576332,13.131788950763791,0.29801546344443824,0.33906114515139507
1060,adam,1060,1061,7.08643043431092e-07,1,0.0038298390289500713,0.001697063300183411,0.022843416065954143,3.597577512954966e-07,1,1,,0,1.8407032741587123e-09,-13.1089482510877,-0.02829391371323444,-0.8789543696176428,0.000749383436083795,0.002716552291531611,0.002889046781701495,0.0038298390289500713,0.002126865599064681,0.001639837593724948,0.19820421962576332,13.131788950763791,0.2980155004996001,0.3390612056835213
1061,adam,1061,1062,7.01556612996781e-07,1,0.0038298390289500713,0.0016970614099257077,0.022843226419742693,3.455061592265991e-07,1,1,,0,3.5948163648478646e-09,-13.1089482510877,-0.028294111752249627,-0.8789539812871142,0.0007496476410384816,0.002716552291531611,0.002889046781701495,0.0038298390289500713,0.002126865599064681,0.001639837593724948,0.19820421962576332,13.131788950763791,0.29801554007949094,0.3390612637261035
1062,adam,1062,1063,6.945410468668132e-07,1,0.0038298390289500713,0.001697058020638202,0.022842935756922825,3.3739841148593406e-07,1,1,,0,5.286242000863678e-09,-13.1089482510877,-0.02829426958096773,-0.8789535877707073,0.0007499471474751473,0.002716552291531611,0.002889046781701495,0.0038298390289500713,0.002126865599064681,0.001639837593724948,0.19820421962576332,13.131788950763791,0.2980155818408405,0.33906131951360724
1063,adam,1063,1064,6.87595636398145e-07,1,0.0038298390289500713,0.001697053313609655,0.02284255639947641,3.339283299062894e-07,1,1,,0,6.935868490997287e-09,-13.1089482510877,-0.028294391728887175,-0.8789531900695509,0.0007502775141417146,0.002716552291531611,0.002889046781701495,0.0038298390289500713,0.002126865599064681,0.001639837593724948,0.19820421962576332,13.131788950763791,0.2980156254786559,0.3390613732552888
1064,adam,1064,1065,6.807196800341636e-07,1,0.0038298390289500713,0.001697047450189424,0.02284209930794527,3.3375780759348627e-07,1,1,,0,8.560136375146858e-09,-13.1089482510877,-0.028294482233301773,-0.8789527890722307,0.0007506347877259601,0.002716552291531611,0.002889046781701495,0.0038298390289500713,0.002126865599064681,0.001639837593724948,0.19820421962576332,13.131788950763791,0.2980156707220191,0.3390614251379355
1065,adam,1065,1066,6.73912483233822e-07,1,0.0038287445493976635,0.0012973766173439462,0.025040796532581535,3.3578206562416977e-07,1,2,,0,2.4906534574874738e-12,-13.108856089960385,-0.028294373245650237,-0.8789523855670225,0.0007510154498286267,0.002716364534084013,0.0028888622196113034,0.0038287445493976635,0.0021266907180155117,0.0016398359340558802,0.19820421515724498,13.131718859497795,0.29801571733034604,0.3390614753283084
1066,adam,1066,1067,6.671733584014837e-07,1,0.0038287445493976635,0.0012973500304849501,0.025039650390190057,3.06791388560274e-07,1,1,,0,1.5167724365368918e-09,-13.108856089960385,-0.028294424869586245,-0.8789520157171252,0.0007513479947983199,0.002716364534084013,0.0028888622196113034,0.0038287445493976635,0.0021266907180155117,0.0016398359340558802,0.19820421515724498,13.131718859497795,0.2980157623441265,0.339061527075277
1067,adam,1067,1068,6.605016248174689e-07,1,0.0038287445493976635,0.0012973181971418872,0.025038305850093333,2.8773050083171373e-07,1,1,,0,2.9126297995358128e-09,-13.108856089960385,-0.0282944668698113,-0.8789516759699012,0.0007516376984436741,0.002716364534084013,0.0028888622196113034,0.0038287445493976635,0.0021266907180155117,0.0016398359340558802,0.19820421515724498,13.131718859497795,0.29801580586112975,0.33906158010308063
1068,adam,1068,1069,6.538966085692942e-07,1,0.0038287445493976635,0.0012972818103021947,0.025036789086300554,2.76887115190005e-07,1,1,,0,4.2174929092667445e-09,-13.108856089960385,-0.028294500326076305,-0.878951363156686,0.0007518892644932213,0.002716364534084013,0.0028888622196113034,0.0038287445493976635,0.0021266907180155117,0.0016398359340558802,0.19820421515724498,13.131718859497795,0.2980158479740208,0.33906163417070645
1069,adam,1069,1070,6.473576424836013e-07,1,0.0038287445493976635,0.001297241483907389,0.025035123302548996,2.723696903469399e-07,1,1,,0,5.4569731862387986e-09,-13.108856089960385,-0.02829452620083609,-0.8789510744512041,0.0007521068865699106,0.002716364534084013,0.0028888622196113034,0.0038287445493976635,0.0021266907180155117,0.0016398359340558802,0.19820421515724498,13.131718859497795,0.29801588877017265,0.3390616890675918
1070,adam,1070,1071,6.408840660587652e-07,1,0.0038287445493976635,0.0012971977617155614,0.025033329063784145,2.7234869726192944e-07,1,1,,0,6.652099608254861e-09,-13.108856089960385,-0.02829454535195663,-0.8789508073324885,0.0007522943034522012,0.002716364534084013,0.0028888622196113034,0.0038287445493976635,0.0021266907180155117,0.0016398359340558802,0.19820421515724498,13.131718859497795,0.2980159283316162,0.3390617446098656
1071,adam,1071,1072,6.344752253981776e-07,1,0.0038287445493976635,0.0012971511251758771,0.025031424590793765,2.752537139556296e-07,1,1,,0,7.819704168471534e-09,-13.108856089960385,-0.028294558544046153,-0.8789505595518178,0.0007524548483488951,0.002716364534084013,0.0028888622196113034,0.0038287445493976635,0.0021266907180155117,0.0016398359340558802,0.19820421515724498,13.131718859497795,0.29801596673509356,0.3390618006370592
1072,adam,1072,1073,6.281304731441959e-07,1,0.0038287445493976635,0.001297102000421629,0.02502942602200402,2.798600740762639e-07,1,1,,0,8.972874051703424e-09,-13.108856089960385,-0.02829456645855922,-0.8789503291032332,0.0007525914928372099,0.002716364534084013,0.0028888622196113034,0.0038287445493976635,0.0021266907180155117,0.0016398359340558802,0.19820421515724498,13.131718859497795,0.2980160040521856,0.33906185700922636
1073,adam,1073,1074,6.218491684127538e-07,1,0.0038295286179131855,0.001855650916409727,0.026739687990613388,2.852803874761751e-07,1,2,,0,1.36042798195301e-12,-13.108717630518319,-0.028294584979320248,-0.87895011419725,0.0007527068860411118,0.002716186357873391,0.002888681275940652,0.0038295286179131855,0.0021265100566402774,0.001639826086669362,0.19820368502475144,13.131568404909373,0.2980160403494938,0.3390619136044208
1074,adam,1074,1075,6.156306767286263e-07,1,0.0038295286179131855,0.001855649861405391,0.026739801966914334,2.3930802329370356e-07,1,1,,0,1.0423625444702785e-09,-13.108717630518319,-0.028294608623594134,-0.8789499746684976,0.0007526646108894201,0.002716186357873391,0.002888681275940652,0.0038295286179131855,0.0021265100566402774,0.001639826086669362,0.19820368502475144,13.131568404909373,0.29801606819532694,0.3390619599240665
1075,adam,1075,1076,6.094743699613401e-07,1,0.0038295286179131855,0.0018556480991309692,0.02673975502277654,2.1000406007217714e-07,1,1,,0,1.9429151013170935e-09,-13.108717630518319,-0.02829465026554393,-0.8789499018607737,0.0007524834747877685,0.002716186357873391,0.002888681275940652,0.0038295286179131855,0.0021265100566402774,0.001639826086669362,0.19820368502475144,13.131568404909373,0.2980160885657259,0.3390619971231705
1076,adam,1076,1077,6.033796262617266e-07,1,0.0038295286179131855,0.0018556457150642684,0.026739566516571316,1.9696446137225663e-07,1,1,,0,2.7707589712702696e-09,-13.108717630518319,-0.028294707764918218,-0.8789498880605399,0.0007521802087145721,0.002716186357873391,0.002888681275940652,0.0038295286179131855,0.0021265100566402774,0.001639826086669362,0.19820368502475144,13.131568404909373,0.2980161023290714,0.3390620262310553
1077,adam,1077,1078,5.973458299991095e-07,1,0.0038295286179131855,0.0018556427856733905,0.02673925365858984,1.974824378629996e-07,1,1,,0,3.586553021056916e-09,-13.108717630518319,-0.028294779215143437,-0.87894992639472,0.0007517696948176768,0.002716186357873391,0.002888681275940652,0.0038295286179131855,0.0021265100566402774,0.001639826086669362,0.19820368502475144,13.131568404909373,0.298016110257903,0.33906204816498703
1078,adam,1078,1079,5.913723716991182e-07,1,0.0038295286179131855,0.001855639379286323,0.026738831747080635,2.0722234979565605e-07,1,1,,0,4.438362122494608e-09,-13.108717630518319,-0.02829486291798518,-0.8789500107395749,0.0007512651690827745,0.002716186357873391,0.002888681275940652,0.0038295286179131855,0.0021265100566402774,0.001639826086669362,0.19820368502475144,13.131568404909373,0.29801611303944175,0.33906206374232756
1079,adam,1079,1080,5.854586479821272e-07,1,0.0038295286179131855,0.0018556355568896473,0.026738314378364655,2.2201854677822546e-07,1,1,,0,5.359599098051257e-09,-13.108717630518319,-0.02829495736095458,-0.878950135639452,0.0007506784017994855,0.002716186357873391,0.002888681275940652,0.0038295286179131855,0.0021265100566402774,0.001639826086669362,0.19820368502475144,13.131568404909373,0.29801611128495975,0.3390620736913718
1080,adam,1080,1081,5.796040615023057e-07,1,0.0038295286179131855,0.001855631372864662,0.026737713634089288,2.388896919455606e-07,1,1,,0,6.369696134902724e-09,-13.108717630518319,-0.028295061197163712,-0.8789502962343418,0.0007500198582619073,0.002716186357873391,0.002888681275940652,0.0038295286179131855,0.0021265100566402774,0.001639826086669362,0.19820368502475144,13.131568404909373,0.2980161055381209,0.3390620786610108
1081,adam,1081,1082,5.738080208872827e-07,1,0.0038295286179131855,0.0018556268756572609,0.02673704024791492,2.560254577254701e-07,1,1,,0,7.476787085518476e-09,-13.108717630518319,-0.02829517322736369,-0.8789504881952848,0.0007492988418649877,0.002716186357873391,0.002888681275940652,0.0038295286179131855,0.0021265100566402774,0.001639826086669362,0.19820368502475144,13.131568404909373,0.2980160962824074,0.33906207922934806
1082,adam,1082,1083,5.680699406784099e-07,1,0.0038295286179131855,0.001855622108388826,0.026736303753939587,2.724269779266105e-07,1,1,,0,8.68106323329782e-09,-13.108717630518319,-0.028295292383930883,-0.8789507076667776,0.000748523621527118,0.002716186357873391,0.002888681275940652,0.0038295286179131855,0.0021265100566402774,0.001639826086669362,0.19820368502475144,13.131568404909373,0.29801608394773144,0.33906207591138227
1083,adam,1083,1084,5.623892412716257e-07,1,0.0038295286179131855,0.0018556171094098132,0.026735512618829595,2.875872502649856e-07,1,1,,0,9.977782165963477e-09,-13.108717630518319,-0.028295417716586068,-0.878950951215424,0.0007477015451544096,0.002716186357873391,0.002888681275940652,0.0038295286179131855,0.0021265100566402774,0.001639826086669362,0.19820368502475144,13.131568404909373,0.2980160689163206,0.3390620691658573
1084,adam,1084,1085,5.567653488589095e-07,1,0.003829229481917223,0.0019031314875546518,0.02502881648756599,3.012825865521125e-07,1,2,,0,3.4335149443088055e-12,-13.108266003530732,-0.028295244012913088,-0.8789512157841475,0.0007468391406757743,0.0027160737817123917,0.0028885524953073775,0.003829229481917223,0.0021264265049447295,0.0016398200939581687,0.1982026078726582,13.13146352764622,0.29801605152795807,0.33906205940136974
1085,adam,1085,1086,5.511976953703204e-07,1,0.003829229481917223,0.0019031369374070985,0.0250288624902295,2.810779246008764e-07,1,1,,0,1.4179400411611144e-09,-13.108266003530732,-0.02829537227041008,-0.8789514805346691,0.0007460527091615409,0.0027160737817123917,0.0028885524953073775,0.003829229481917223,0.0021264265049447295,0.0016398200939581687,0.1982026078726582,13.13146352764622,0.2980160310529925,0.33906204189046585
1086,adam,1086,1087,5.456857184166173e-07,1,0.003829229481917223,0.0019031413047303092,0.02502886533218377,2.674330113608968e-07,1,1,,0,2.7391240739901825e-09,-13.108266003530732,-0.028295498275543274,-0.8789517451793093,0.0007453341832870563,0.0027160737817123917,0.0028885524953073775,0.003829229481917223,0.0021264265049447295,0.0016398200939581687,0.1982026078726582,13.13146352764622,0.29801600788047417,0.33906201757106735
1087,adam,1087,1088,5.40228861232451e-07,1,0.003829229481917223,0.0019031447164898501,0.02502883019906126,2.591431376568579e-07,1,1,,0,3.987942102653627e-09,-13.108266003530732,-0.028295622164679558,-0.8789520094640327,0.000744676367954642,0.0027160737817123917,0.0028885524953073775,0.003829229481917223,0.0021264265049447295,0.0016398200939581687,0.1982026078726582,13.13146352764622,0.2980159823563211,0.339061987277392
1088,adam,1088,1089,5.348265726201265e-07,1,0.003829229481917223,0.0019031472854424121,0.02502876169921608,2.549924670629688e-07,1,1,,0,5.18435919435617e-09,-13.108266003530732,-0.028295744060404422,-0.878952273164781,0.0007440728458496939,0.0027160737817123917,0.0028885524953073775,0.003829229481917223,0.0021264265049447295,0.0016398200939581687,0.1982026078726582,13.13146352764622,0.2980159547880456,0.33906195175132986
1089,adam,1089,1090,5.294783068939253e-07,1,0.003829229481917223,0.001903149111714704,0.025028663927524432,2.5385906753579924e-07,1,1,,0,6.344735465984214e-09,-13.108266003530732,-0.028295864073005234,-0.8789525360842019,0.0007435178932218205,0.0027160737817123917,0.0028885524953073775,0.003829229481917223,0.0021264265049447295,0.0016398200939581687,0.1982026078726582,13.13146352764622,0.2980159254489644,0.3390619116525718
1090,adam,1090,1091,5.24183523824986e-07,1,0.003829229481917223,0.0019031502842100495,0.025028540522128852,2.547881608324436e-07,1,1,,0,7.48217651133842e-09,-13.108266003530732,-0.02829598230179442,-0.8789527980487353,0.0007430064047879694,0.0027160737817123917,0.0028885524953073775,0.003829229481917223,0.0021264265049447295,0.0016398200939581687,0.1982026078726582,13.13146352764622,0.29801589458194777,0.3390618675676289
1091,adam,1091,1092,5.189416885867361e-07,1,0.003829229481917223,0.0019031508818570433,0.025028394714928195,2.570201932343545e-07,1,1,,0,8.606917062246354e-09,-13.108266003530732,-0.02829609883628958,-0.8789530589060126,0.0007425338267665262,0.0027160737817123917,0.0028885524953073775,0.003829229481917223,0.0021264265049447295,0.0016398200939581687,0.1982026078726582,13.13146352764622,0.2980158624027589,0.33906182001786134
1092,adam,1092,1093,5.137522717008688e-07,1,0.003829229481917223,0.0019031509747187102,0.0250282293764661,2.599828161621734e-07,1,1,,0,9.72671803848803e-09,-13.108266003530732,-0.028296213757265383,-0.8789533185225392,0.0007420960971638097,0.0027160737817123917,0.0028885524953073775,0.003829229481917223,0.0021264265049447295,0.0016398200939581687,0.1982026078726582,13.13146352764622,0.2980158291030275,0.339061769466629
1093,adam,1093,1094,5.0861474898386e-07,1,0.0038298131828294456,0.0016968529400669574,0.02283734901014166,2.632634542397154e-07,1,2,,0,2.083840309517888e-12,-13.108433431241815,-0.028295951532092835,-0.8789535767816281,0.000741689592526251,0.0027161250818736114,0.002888605326154138,0.0038298131828294456,0.002126503785016426,0.0016398178868504984,0.1982016979480635,13.131442760276217,0.29801579485289764,0.3390617163256568
1094,adam,1094,1095,5.035286014940214e-07,1,0.0038298131828294456,0.001696854533720474,0.02283771775941608,2.1083101162911776e-07,1,1,,0,9.854840696574847e-10,-13.108433431241815,-0.02829603868871857,-0.8789537719885356,0.0007413738991850777,0.0027161250818736114,0.002888605326154138,0.0038298131828294456,0.002126503785016426,0.0016398178868504984,0.1982016979480635,13.131442760276217,0.29801576905321947,0.33906167195776504
1095,adam,1095,1096,4.984933154790812e-07,1,0.0038298131828294456,0.0016968547452642416,0.02283795949641738,1.6805270443834039e-07,1,1,,0,1.7848992597623017e-09,-13.108433431241815,-0.0282961025928089,-0.878953911303257,0.0007411387164792443,0.0027161250818736114,0.002888605326154138,0.0038298131828294456,0.002126503785016426,0.0016398178868504984,0.1982016979480635,13.131442760276217,0.29801575073473424,0.33906163538536516
1096,adam,1096,1097,4.935083823242904e-07,1,0.0038298131828294456,0.0016968537373741952,0.02283808899779894,1.3578688989680068e-07,1,1,,0,2.4390123898524417e-09,-13.108433431241815,-0.02829614589126856,-0.8789540011067766,0.0007409748658926509,0.0027161250818736114,0.002888605326154138,0.0038298131828294456,0.002126503785016426,0.0016398178868504984,0.1982016979480635,13.131442760276217,0.29801573903437956,0.3390616057370274
1097,adam,1097,1098,4.885732985010475e-07,1,0.0038298131828294456,0.0016968516549703166,0.022838119416629638,1.153766518469609e-07,1,1,,0,2.9870984667996454e-09,-13.108433431241815,-0.028296170943123873,-0.878954047085521,0.0007408741692329852,0.0027161250818736114,0.002888605326154138,0.0038298131828294456,0.002126503785016426,0.0016398178868504984,0.1982016979480635,13.131442760276217,0.2980157331836976,0.3390615822359746
1098,adam,1098,1099,4.836875655160371e-07,1,0.0038298131828294456,0.001696848627129017,0.022838062459809207,1.0742793359631286e-07,1,1,,0,3.4669429082617556e-09,-13.108433431241815,-0.02829617985071443,-0.8789540543066597,0.0007408293400325603,0.0027161250818736114,0.002888605326154138,0.0038298131828294456,0.002126503785016426,0.0016398178868504984,0.1982016979480635,13.131442760276217,0.29801573249850916,0.33906156418982303
1099,adam,1099,1100,4.788506898608767e-07,1,0.0038298131828294456,0.0016968447687929207,0.022837928546168278,1.1008510509600617e-07,1,1,,0,3.91394522727062e-09,-13.108433431241815,-0.028296174487503527,-0.8789540272852461,0.0007408338867326269,0.0027161250818736114,0.002888605326154138,0.0038298131828294456,0.002126503785016426,0.0016398178868504984,0.1982016979480635,13.131442760276217,0.2980157363697157,0.33906155098143564
1100,adam,1100,1101,4.7406218296226794e-07,1,0.0038298131828294456,0.0016968401822960563,0.022837726947208967,1.195193127095493e-07,1,1,,0,4.359697767173441e-09,-13.108433431241815,-0.028296156522878525,-0.8789539700440795,0.0007408820263766054,0.0027161250818736114,0.002888605326154138,0.0038298131828294456,0.002126503785016426,0.0016398178868504984,0.1982016979480635,13.131442760276217,0.2980157442551044,0.3390615420607671
1101,adam,1101,1102,4.693215611326452e-07,1,0.0038298131828294456,0.0016968349587304472,0.02283746591257691,1.3216931929805053e-07,1,1,,0,4.83040282998908e-09,-13.108433431241815,-0.028296127444264647,-0.8789538861670826,0.0007409686076680663,0.0027161250818736114,0.002888605326154138,0.0038298131828294456,0.002126503785016426,0.0016398178868504984,0.1982016979480635,13.131442760276217,0.29801575567204863,0.3390615369375919
1102,adam,1102,1103,4.646283455213188e-07,1,0.0038298131828294456,0.0016968291791615894,0.02283715278174992,1.4576359891957113e-07,1,1,,0,5.345683615029613e-09,-13.108433431241815,-0.028296088576843677,-0.8789537788468912,0.0007410890423804697,0.0027161250818736114,0.002888605326154138,0.0038298131828294456,0.002126503785016426,0.0016398178868504984,0.1982016979480635,13.131442760276217,0.29801577019100406,0.3390615351750213
1103,adam,1103,1104,4.599820620661056e-07,1,0.0038298131828294456,0.001696822915717259,0.022836794083561186,1.590904451929951e-07,1,1,,0,5.918249186856134e-09,-13.108433431241815,-0.028296041101137072,-0.8789536509272878,0.0007412392442095225,0.0027161250818736114,0.002888605326154138,0.0038298131828294456,0.002126503785016426,0.0016398178868504984,0.1982016979480635,13.131442760276217,0.29801578742971546,0.33906153638372216
1104,adam,1104,1105,4.5538224144544454e-07,1,0.0038298131828294456,0.0016968162325567797,0.022836395624835318,1.7156287090545412e-07,1,1,,0,6.554507063553733e-09,-13.108433431241815,-0.028295986068682975,-0.8789535049410365,0.000741415574262673,0.0027161250818736114,0.002888605326154138,0.0038298131828294456,0.002126503785016426,0.0016398178868504984,0.1982016979480635,13.131442760276217,0.2980158070480549,0.33906154021676305
1105,adam,1105,1106,4.5082841903099003e-07,1,0.0038298131828294456,0.001696809186737234,0.022835962569383438,1.8292690477757744e-07,1,1,,0,7.255836097993797e-09,-13.108433431241815,-0.02829592441601923,-0.8789533431436153,0.0007416147924648684,0.0027161250818736114,0.002888605326154138,0.0038298131828294456,0.002126503785016426,0.0016398178868504984,0.1982016979480635,13.131442760276217,0.2980158287434231,0.33906154636501806
1106,adam,1106,1107,4.4632013484068015e-07,1,0.0038298131828294456,0.0016968018289851114,0.02283549950828409,1.9310181866902027e-07,1,1,,0,8.020078041888023e-09,-13.108433431241815,-0.02829585697714757,-0.8789531675432947,0.0007418340142378458,0.0027161250818736114,0.002888605326154138,0.0038298131828294456,0.002126503785016426,0.0016398178868504984,0.1982016979480635,13.131442760276217,0.29801585224665295,0.3390615545530694
1107,adam,1107,1108,4.418569334922733e-07,1,0.0038298131828294456,0.001696794204386398,0.02283501052258595,2.0209636412284374e-07,1,1,,0,8.842893067635405e-09,-13.108433431241815,-0.02829578449464991,-0.8789529799279548,0.0007420706718811772,0.0027161250818736114,0.002888605326154138,0.0038298131828294456,0.002126503785016426,0.0016398178868504984,0.1982016979480635,13.131442760276217,0.2980158773183592,0.3390615645355529
1108,adam,1108,1109,4.3743836415735064e-07,1,0.0038298131828294456,0.0016967863529997332,0.022834499239095897,2.099646116200037e-07,1,1,,0,9.718807990114714e-09,-13.108433431241815,-0.028295707629600788,-0.8789527818889966,0.0007423224801452262,0.0027161250818736114,0.002888605326154138,0.0038298131828294456,0.002126503785016426,0.0016398178868504984,0.1982016979480635,13.131442760276217,0.2980159037456872,0.3390615760939011
1109,adam,1109,1110,4.3306398051577713e-07,1,0.0038285356214644117,0.0013850003962731618,0.01470133191066231,2.167822275195685e-07,1,2,,0,1.7729162749348904e-12,-13.108882806167713,-0.028295750870386834,-0.8789525748426611,0.0007425874055402245,0.0027161424516921103,0.0028886335725515047,0.0038285356214644117,0.0021265405662424697,0.0016398116325017774,0.1982013867588436,13.1313627559469,0.2980159313394152,0.3390615890334372
1110,adam,1110,1111,4.2873334071061934e-07,1,0.0038285356214644117,0.0013849885313691986,0.014701130816107053,2.0802210454418922e-07,1,1,,0,1.0330768007586672e-09,-13.108882806167713,-0.028295666970624127,-0.8789523605753418,0.0007428529720626273,0.0027161424516921103,0.0028886335725515047,0.0038285356214644117,0.0021265405662424697,0.0016398116325017774,0.1982013867588436,13.1313627559469,0.2980159602506835,0.33906160829242965
1111,adam,1111,1112,4.244460073035131e-07,1,0.0038285356214644117,0.0013849776694286218,0.014700938989439057,2.0251593816277366e-07,1,1,,0,2.0265815510577087e-09,-13.108882806167713,-0.028295580292923644,-0.8789521401459398,0.0007431188357155615,0.0027161424516921103,0.0028886335725515047,0.0038285356214644117,0.0021265405662424697,0.0016398116325017774,0.1982013867588436,13.1313627559469,0.29801599028094883,0.339061633099467
1112,adam,1112,1113,4.20201547230478e-07,1,0.0038285356214644117,0.0013849677037323842,0.01470075549379931,1.9948325007910538e-07,1,1,,0,2.9924227680642373e-09,-13.108882806167713,-0.028295491248453514,-0.8789519144960265,0.0007433846922993167,0.0027161424516921103,0.0028886335725515047,0.0038285356214644117,0.0021265405662424697,0.0016398116325017774,0.1982013867588436,13.1313627559469,0.2980160212547918,0.33906166276858135
1113,adam,1113,1114,4.159995317581732e-07,1,0.0038285356214644117,0.0013849585391959155,0.014700579497052335,1.9823918242189592e-07,1,1,,0,3.939998033971869e-09,-13.108882806167713,-0.028295400202821445,-0.8789516844625835,0.0007436502730777018,0.0027161424516921103,0.0028886335725515047,0.0038285356214644117,0.0021265405662424697,0.0016398116325017774,0.1982013867588436,13.1313627559469,0.2980160530172727,0.33906169668985175
1114,adam,1114,1115,4.1183953644059146e-07,1,0.0038285356214644117,0.0013849500910936327,0.014700410259947564,1.98218283960768e-07,1,1,,0,4.8765205667794445e-09,-13.108882806167713,-0.028295307481017506,-0.878951450789362,0.0007439153409168394,0.0027161424516921103,0.0028886335725515047,0.0038285356214644117,0.0021265405662424697,0.0016398116325017774,0.1982013867588436,13.1313627559469,0.29801608543159086,0.33906173432104253
1115,adam,1115,1116,4.0772114107618554e-07,1,0.0038285356214644117,0.0013849422839240673,0.014700247125671344,1.989770283654331e-07,1,1,,0,5.807372440049004e-09,-13.108882806167713,-0.028295213371823995,-0.8789512141370106,0.0007441796868400745,0.0027161424516921103,0.0028886335725515047,0.0038285356214644117,0.0021265405662424697,0.0016398116325017774,0.1982013867588436,13.1313627559469,0.2980161183770127,0.3390617751801627
1116,adam,1116,1117,4.0364392966542373e-07,1,0.0038285356214644117,0.001384935050400553,0.014700089510566013,2.001820208428738e-07,1,1,,0,6.736432750858327e-09,-13.108882806167713,-0.028295118131748127,-0.8789509750921058,0.0007444431269570853,0.0027161424516921103,0.0028886335725515047,0.0038285356214644117,0.0021265405662424697,0.0016398116325017774,0.1982013867588436,13.1313627559469,0.29801615174703716,0.33906181883884406
1117,adam,1117,1118,3.996074903687694e-07,1,0.0038285356214644117,0.0013849283305542152,0.014699936895901287,2.0159163205350669e-07,1,1,,0,7.666371619416652e-09,-13.108882806167713,-0.028295021988524786,-0.8789507341752025,0.0007447054997255059,0.0027161424516921103,0.0028886335725515047,0.0038285356214644117,0.0021265405662424697,0.0016398116325017774,0.1982013867588436,13.1313627559469,0.2980161854477713,0.339061864916448
1118,adam,1118,1119,3.9561141546508173e-07,1,0.0038285356214644117,0.001384922070932028,0.01469978882056023,2.0303661423581974e-07,1,1,,0,8.59890562890422e-09,-13.108882806167713,-0.0282949251442443,-0.8789504918480129,0.000744966663508721,0.0027161424516921103,0.0028886335725515047,0.0038285356214644117,0.0021265405662424697,0.0016398116325017774,0.1982013867588436,13.1313627559469,0.2980162193964915,0.3390619130748203
1119,adam,1119,1120,3.9165530131043096e-07,1,0.0038285356214644117,0.0013849162238877015,0.014699644874580151,2.0440267302208653e-07,1,1,,0,9.53501404984764e-09,-13.108882806167713,-0.028294827778139065,-0.8789502485198059,0.0007452264943987059,0.0027161424516921103,0.0028886335725515047,0.0038285356214644117,0.0021265405662424697,0.0016398116325017774,0.1982013867588436,13.1313627559469,0.2980162535203689,0.33906196301362257
1120,adam,1120,1121,3.8773874829732663e-07,1,0.003828782413716472,0.0018556465939211365,0.026740308294276566,2.0561609942646134e-07,1,2,,0,1.3150111448584516e-12,-13.108626686733265,-0.02829509532493663,-0.8789500045531138,0.0007454848842750831,0.002716045710386189,0.002888530805940628,0.003828782413716472,0.002126437050552053,0.0016398136816065101,0.19820219156667773,13.131351483594305,0.298016287755341,0.33906201446617695
1121,adam,1121,1122,3.8386136081435336e-07,1,0.003828782413716472,0.0018556591667242802,0.026740555007393568,1.6555560133273263e-07,1,1,,0,7.927730318700758e-10,-13.108626686733265,-0.02829502158375728,-0.8789498205887869,0.0007456231864821327,0.002716045710386189,0.002888530805940628,0.003828782413716472,0.002126437050552053,0.0016398136816065101,0.19820219156667773,13.131351483594305,0.29801631546263185,0.33906205763371894
1122,adam,1122,1123,3.800227472062098e-07,1,0.003828782413716472,0.0018556698590276588,0.026740682331258488,1.3531303732720638e-07,1,1,,0,1.4317472627271137e-09,-13.108626686733265,-0.028294969108055377,-0.8789496898082237,0.000745655530629121,0.002716045710386189,0.002888530805940628,0.003828782413716472,0.002126437050552053,0.0016398136816065101,0.19820219156667773,13.131351483594305,0.2980163373895986,0.33906209344470645
1123,adam,1123,1124,3.7622251973414775e-07,1,0.003828782413716472,0.0018556788807000772,0.026740704417483198,1.1585743105498015e-07,1,1,,0,1.9587326776545363e-09,-13.108626686733265,-0.028294935470444232,-0.8789496061348906,0.0007455944877412517,0.002716045710386189,0.002888530805940628,0.003828782413716472,0.002126437050552053,0.0016398136816065101,0.19820219156667773,13.131351483594305,0.29801635420112255,0.339062122726226
1124,adam,1124,1125,3.724602945368062e-07,1,0.003828782413716472,0.0018556864188902244,0.026740633849715756,1.0750658907735703e-07,1,1,,0,2.4146966709345894e-09,-13.108626686733265,-0.02829491850770973,-0.8789495641538563,0.0007454512411528313,0.002716045710386189,0.002888530805940628,0.003828782413716472,0.002126437050552053,0.0016398136816065101,0.19820219156667773,13.131351483594305,0.2980163664886779,0.33906214621503167
1125,adam,1125,1126,3.687356915914382e-07,1,0.003828782413716472,0.0018556926404487053,0.02674048181604964,1.0866659689039446e-07,1,1,,0,2.8385061126970284e-09,-13.108626686733265,-0.028294916292174215,-0.8789495590400496,0.0007452357386736106,0.002716045710386189,0.002888530805940628,0.003828782413716472,0.002126437050552053,0.0016398136816065101,0.19820219156667773,13.131351483594305,0.2980163747784037,0.33906216456738386
1126,adam,1126,1127,3.6504833467552375e-07,1,0.003828782413716472,0.0018556976940939682,0.026740258262377137,1.1615354245322698e-07,1,1,,0,3.26479945407042e-09,-13.108626686733265,-0.02829492710616154,-0.8789495864942926,0.0007449568280770987,0.002716045710386189,0.002888530805940628,0.003828782413716472,0.002126437050552053,0.0016398136816065101,0.19820219156667773,13.131351483594305,0.29801637953828913,0.33906217836781655
1127,adam,1127,1128,3.613978513287685e-07,1,0.003828782413716472,0.0018557017123580796,0.026739972029096247,1.2686781839216405e-07,1,1,,0,3.721635000163663e-09,-13.108626686733265,-0.02829494941923163,-0.8789496426862693,0.0007446223777411715,0.002716045710386189,0.002888530805940628,0.003828782413716472,0.002126437050552053,0.0016398136816065101,0.19820219156667773,13.131351483594305,0.29801638118456886,0.3390621881369506
1128,adam,1128,1129,3.5778387281548085e-07,1,0.003828782413716472,0.0018557048133247204,0.02673963097273755,1.387100431471432e-07,1,1,,0,4.228903524515843e-09,-13.108626686733265,-0.028294981867881187,-0.8789497242036742,0.0007442393840671434,0.002716045710386189,0.002888530805940628,0.003828782413716472,0.002126437050552053,0.0016398136816065101,0.19820219156667773,13.131351483594305,0.2980163800874155,0.33906219433845686
1129,adam,1129,1130,3.5420603408732603e-07,1,0.003828782413716472,0.0018557071021856595,0.026739242074289085,1.504967934619514e-07,1,1,,0,4.79819306088649e-09,-13.108626686733265,-0.028295023237443047,-0.8789498280068759,0.0007438140671265903,0.002716045710386189,0.002888530805940628,0.003828782413716472,0.002126437050552053,0.0016398136816065101,0.19820219156667773,13.131351483594305,0.2980163765760065,0.33906219738526105
1130,adam,1130,1131,3.5066397374645276e-07,1,0.003828782413716472,0.0018557086726331438,0.02673881153562669,1.6162422871558087e-07,1,1,,0,5.434021254148568e-09,-13.108626686733265,-0.02829507244594899,-0.8789499513884929,0.0007433519558267501,0.002716045710386189,0.002888530805940628,0.003828782413716472,0.002126437050552053,0.0016398136816065101,0.19820219156667773,13.131351483594305,0.2980163709430341,0.3390621976450731
1131,adam,1131,1132,3.4715733400898825e-07,1,0.003828782413716472,0.0018557096081008781,0.026738344865277174,1.7181291680324472e-07,1,1,,0,6.135765528195157e-09,-13.108626686733265,-0.028295128529739283,-0.8789500919373515,0.0007428579637410466,0.002716045710386189,0.002888530805940628,0.003828782413716472,0.002126437050552053,0.0016398136816065101,0.19820219156667773,13.131351483594305,0.2980163634487194,0.33906219544531463
1132,adam,1132,1133,3.4368576066889837e-07,1,0.003828782413716472,0.0018557099828784968,0.026737846954927764,1.8095834781745608e-07,1,1,,0,6.899584972492803e-09,-13.108626686733265,-0.02829519063063284,-0.8789502475063539,0.0007423364566322442,0.002716045710386189,0.002888530805940628,0.003828782413716472,0.002126437050552053,0.0016398136816065101,0.19820219156667773,13.131351483594305,0.2980163543243847,0.33906219107750946
1133,adam,1133,1134,3.402489030622094e-07,1,0.003828782413716472,0.0018557098630998035,0.026737322147322565,1.8904917213863314e-07,1,1,,0,7.719937787702593e-09,-13.108626686733265,-0.028295257984488523,-0.8789504161838245,0.0007417913125719909,0.002716045710386189,0.002888530805940628,0.003828782413716472,0.002126437050552053,0.0016398136816065101,0.19820219156667773,13.131351483594305,0.29801634377563424,0.33906218480119643
1134,adam,1134,1135,3.368464140315873e-07,1,0.003828782413716472,0.0018557093076320109,0.026736774296886968,1.9612282899539773e-07,1,1,,0,8.590610541949034e-09,-13.108626686733265,-0.028295329911003708,-0.8789505962679677,0.0007412259754750778,0.002716045710386189,0.002888530805940628,0.003828782413716472,0.002126437050552053,0.0016398136816065101,0.19820219156667773,13.131351483594305,0.29801633198518374,0.3390621768474161
1135,adam,1135,1136,3.3347794989127143e-07,1,0.003828782413716472,0.0018557083688627463,0.02673620682350637,2.0224118564035556e-07,1,1,,0,9.50534107934351e-09,-13.108626686733265,-0.028295405804620706,-0.8789507862440897,0.000740643502765669,0.002716045710386189,0.002888530805940628,0.003828782413716472,0.002126437050552053,0.0016398136816065101,0.19820219156667773,13.131351483594305,0.29801631911538023,0.3390621674218168
1136,adam,1136,1137,3.301431703923587e-07,1,0.0038282617606791264,0.0019032244845646955,0.02503060031708345,2.074769717647599e-07,1,2,,0,3.9603812264242164e-12,-13.10798141781194,-0.028295345623297868,-0.8789509847642945,0.0007400466078189785,0.0027159757489265005,0.0028884414100927283,0.0038282617606791264,0.0021263978455295426,0.0016398207593218725,0.19820236023122223,13.131390476292252,0.2980163053104439,0.33906215670742373
1137,adam,1137,1138,3.2684173868843507e-07,1,0.0038282617606791264,0.0019032301030526785,0.0250307249306691,1.9159019269743085e-07,1,1,,0,9.664891772461308e-10,-13.10798141781194,-0.028295423590109874,-0.8789511794974316,0.0007395038735062924,0.0027159757489265005,0.0028884414100927283,0.0038282617606791264,0.0021263978455295426,0.0016398207593218725,0.19820236023122223,13.131390476292252,0.29801629009192926,0.3390621419175098
1138,adam,1138,1139,3.235733213015507e-07,1,0.0038282617606791264,0.0019032348103271831,0.025030812889135442,1.7978768097578378e-07,1,1,,0,1.8561376937718938e-09,-13.10798141781194,-0.028295500281998093,-0.8789513706888984,0.0007390095295493681,0.0027159757489265005,0.0028884414100927283,0.0038282617606791264,0.0021263978455295426,0.0016398207593218725,0.19820236023122223,13.131390476292252,0.2980162736447747,0.3390621235522929
1139,adam,1139,1140,3.203375880885352e-07,1,0.0038282617606791264,0.0019032387112025444,0.025030868478447536,1.7145123408720402e-07,1,1,,0,2.68504706211001e-09,-13.10798141781194,-0.028295575770618562,-0.8789515585590268,0.0007385584298940445,0.0027159757489265005,0.0028884414100927283,0.0038282617606791264,0.0021263978455295426,0.0016398207593218725,0.19820236023122223,13.131390476292252,0.2980162561333245,0.33906210205654697
1140,adam,1140,1141,3.171342122076499e-07,1,0.0038282617606791264,0.0019032418988387367,0.025030895510221564,1.6594188358963593e-07,1,1,,0,3.4666875763160173e-09,-13.10798141781194,-0.0282956501204757,-0.8789517433057877,0.0007381459850971668,0.0027159757489265005,0.0028884414100927283,0.0038282617606791264,0.0021263978455295426,0.0016398207593218725,0.19820236023122223,13.131390476292252,0.29801623770359076,0.33906207782569314
1141,adam,1141,1142,3.139628700855734e-07,1,0.0038282617606791264,0.0019032444560297733,0.025030897373911908,1.626397319480389e-07,1,1,,0,4.2124443621527756e-09,-13.10798141781194,-0.02829572338969326,-0.8789519251071981,0.0007377681020355254,0.0027159757489265005,0.0028884414100927283,0.0038282617606791264,0.0021263978455295426,0.0016398207593218725,0.19820236023122223,13.131390476292252,0.29801621848526655,0.3390620512112234
1142,adam,1142,1143,3.1082324138471763e-07,1,0.0038282617606791264,0.0019032464563538698,0.025030877083331016,1.6098250829382384e-07,1,1,,0,4.9317892281740535e-09,-13.10798141781194,-0.02829579563069789,-0.8789521041234715,0.0007374211301471921,0.0027159757489265005,0.0028884414100927283,0.0038282617606791264,0.0021263978455295426,0.0016398207593218725,0.19820236023122223,13.131390476292252,0.29801619859351886,0.33906202252552775
1143,adam,1143,1144,3.077150089708705e-07,1,0.0038282617606791264,0.0019032479651921892,0.025030837317979126,1.6049113262019438e-07,1,1,,0,5.632466057170821e-09,-13.10798141781194,-0.028295866890832733,-0.8789522804989328,0.0007371018134962017,0.0027159757489265005,0.0028884414100927283,0.0038282617606791264,0.0021263978455295426,0.0016398207593218725,0.19820236023122223,13.131390476292252,0.2980161781305849,0.3390619920461921
1144,adam,1144,1145,3.046378588811618e-07,1,0.0038282617606791264,0.0019032490406381151,0.025030780459876972,1.6077885947199673e-07,1,1,,0,6.320684669613815e-09,-13.10798141781194,-0.028295937212901558,-0.8789524543637262,0.0007368072480289568,0.0027159757489265005,0.0028884414100927283,0.0038282617606791264,0.0021263978455295426,0.0016398207593218725,0.19820236023122223,13.131390476292252,0.2980161571871933,0.33906196001982375
1145,adam,1145,1146,3.0159148029235015e-07,1,0.0038282617606791264,0.0019032497343033008,0.02503070862631083,1.6154723315724294e-07,1,1,,0,7.001317128541003e-09,-13.10798141781194,-0.028296006635656075,-0.878952625835339,0.0007365348434622449,0.0027159757489265005,0.0028884414100927283,0.0038282617606791264,0.0021263978455295426,0.0016398207593218725,0.19820236023122223,13.131390476292252,0.2980161358438296,0.3390619266654572
1146,adam,1146,1147,2.985755654894266e-07,1,0.0038282617606791264,0.0019032500920362612,0.025030623698987245,1.6257448619847006e-07,1,1,,0,7.678090034866377e-09,-13.10798141781194,-0.028296075194229466,-0.87895279501996,0.0007362822892984814,0.0027159757489265005,0.0028884414100927283,0.0038282617606791264,0.0021263978455295426,0.0016398207593218725,0.19820236023122223,13.131390476292252,0.29801611417186297,0.3390618921775857
1147,adam,1147,1148,2.9558980983453234e-07,1,0.0038282617606791264,0.0019032501545614255,0.025030527349977412,1.6370127837837594e-07,1,1,,0,8.353766946741037e-09,-13.10798141781194,-0.028296142920522363,-0.8789529620136907,0.0007360475245233781,0.0027159757489265005,0.0028884414100927283,0.0038282617606791264,0.0021263978455295426,0.0016398207593218725,0.19820236023122223,13.131390476292252,0.29801609223454895,0.33906185672886
1148,adam,1148,1149,2.9263391173618703e-07,1,0.0038282617606791264,0.0019032499580457032,0.02503042106481516,1.648168578338547e-07,1,1,,0,9.030316336640657e-09,-13.10798141781194,-0.028296209843548865,-0.8789531269036247,0.0007358287105859122,0.0027159757489265005,0.0028884414100927283,0.0038282617606791264,0.0021263978455295426,0.0016398207593218725,0.19820236023122223,13.131390476292252,0.2980160700879229,0.33906182047249134
1149,adam,1149,1150,2.8970757261882517e-07,1,0.0038282617606791264,0.00190324953460442,0.025030306163028117,1.6584710290531788e-07,1,1,,0,9.709062086608332e-09,-13.10798141781194,-0.02829627598974387,-0.8789532897688114,0.0007356242073046742,0.0027159757489265005,0.0028884414100927283,0.0038282617606791264,0.0021263978455295426,0.0016398207593218725,0.19820236023122223,13.131390476292252,0.2980160477815947,0.33906178354438926
1150,adam,1150,1151,2.868104968926369e-07,1,0.0038289788360475843,0.0016967745999524873,0.022835193652477822,1.6674485832573802e-07,1,2,,0,1.7770076556606358e-12,-13.108237600243081,-0.028295987987725757,-0.8789534506811153,0.0007354325513854497,0.002716057574446668,0.0028885277243284545,0.0038289788360475843,0.0021265029950365386,0.0016398203552054776,0.19820164062037204,13.131397746784,0.2980160253594566,0.33906174606506634
1151,adam,1151,1152,2.839423919237106e-07,1,0.0038289788360475843,0.0016967758990628905,0.022835396954063954,1.3638741114329624e-07,1,1,,0,6.33655317366281e-10,-13.108237600243081,-0.02829603810034705,-0.8789535735961779,0.0007352883762476425,0.002716057574446668,0.0028885277243284545,0.0038289788360475843,0.0021265029950365386,0.0016398203552054776,0.19820164062037204,13.131397746784,0.29801600799976513,0.3390617143946394
1152,adam,1152,1153,2.811029680044734e-07,1,0.0038289788360475843,0.0016967763750899963,0.022835529643597054,1.1148885344633539e-07,1,1,,0,1.162568025367127e-09,-13.108237600243081,-0.028296074664589128,-0.8789536628247059,0.0007351862734317581,0.002716057574446668,0.0028885277243284545,0.0038289788360475843,0.0021265029950365386,0.0016398203552054776,0.19820164062037204,13.131397746784,0.2980159951243804,0.33906168788778657
1153,adam,1153,1154,2.782919383244287e-07,1,0.0038289788360475843,0.0016967761244766736,0.022835599932030996,9.227964101006222e-08,1,1,,0,1.608998071640284e-09,-13.108237600243081,-0.028296099223815045,-0.8789537222083568,0.0007351214239625367,0.002716057574446668,0.0028885277243284545,0.0038289788360475843,0.0021265029950365386,0.0016398203552054776,0.19820164062037204,13.131397746784,0.2980159862184456,0.33906166596926735
1154,adam,1154,1155,2.755090189411844e-07,1,0.0038289788360475843,0.0016967752331269444,0.02283561512865592,7.913877669218963e-08,1,1,,0,1.99368433812049e-09,-13.108237600243081,-0.028296113153481583,-0.8789537551705969,0.000735089534342312,0.002716057574446668,0.0028885277243284545,0.0038289788360475843,0.0021265029950365386,0.0016398203552054776,0.19820164062037204,13.131397746784,0.29801598082348524,0.33906164812632505
1155,adam,1155,1156,2.727539287517725e-07,1,0.0038289788360475843,0.0016967737775471093,0.022835581739602318,7.221251645434748e-08,1,1,,0,2.335965270901141e-09,-13.108237600243081,-0.028296117679337197,-0.8789537647620475,0.0007350867794918049,0.002716057574446668,0.0028885277243284545,0.0038289788360475843,0.0021265029950365386,0.0016398203552054776,0.19820164062037204,13.131397746784,0.29801597853125555,0.3390616339019132
1156,adam,1156,1157,2.700263894642548e-07,1,0.0038289788360475843,0.001696771825862562,0.02283550555555716,7.0861767992757e-08,1,1,,0,2.6534828795523814e-09,-13.108237600243081,-0.02829611389364547,-0.8789537537009157,0.0007351097518845741,0.002716057574446668,0.0028885277243284545,0.0038289788360475843,0.0021265029950365386,0.0016398203552054776,0.19820164062037204,13.131397746784,0.2980159789782665,0.3390616228886558
1157,adam,1157,1158,2.6732612556961226e-07,1,0.0038289788360475843,0.001696769438728424,0.02283539172993109,7.360784447221246e-08,1,1,,0,2.9617756443947607e-09,-13.108237600243081,-0.02829610276965409,-0.8789537244090418,0.0007351554162016614,0.002716057574446668,0.0028885277243284545,0.0038289788360475843,0.0021265029950365386,0.0016398203552054776,0.19820164062037204,13.131397746784,0.2980159818409003,0.3390616147234632
1158,adam,1158,1159,2.6465286431391617e-07,1,0.0038289788360475843,0.001696766670136169,0.022835244848488083,7.87727795158553e-08,1,1,,0,3.2738654997451037e-09,-13.108237600243081,-0.028296085174493987,-0.8789536790440411,0.0007352210689091754,0.002716057574446668,0.0028885277243284545,0.0038289788360475843,0.0021265029950365386,0.0016398203552054776,0.19820164062037204,13.131397746784,0.2980159868310628,0.33906160908273025
1159,adam,1159,1160,2.62006335670777e-07,1,0.0038289788360475843,0.001696763568140809,0.022835068991361947,8.504976814333704e-08,1,1,,0,3.5999674934922123e-09,-13.108237600243081,-0.028296061880682455,-0.8789536195279599,0.0007353043022224659,0.002716057574446668,0.0028885277243284545,0.0038289788360475843,0.0021265029950365386,0.0016398203552054776,0.19820164062037204,13.131397746784,0.29801599369230913,0.3390616056780564
1160,adam,1160,1161,2.5938627231406925e-07,1,0.0038289788360475843,0.0016967601755034118,0.022834867788307626,9.161381058767322e-08,1,1,,0,3.947422321410858e-09,-13.108237600243081,-0.02829603357637855,-0.8789535475728253,0.0007354029719827695,0.002716057574446668,0.0028885277243284545,0.0038289788360475843,0.0021265029950365386,0.0016398203552054776,0.19820164062037204,13.131397746784,0.29801600219639096,0.33906160425242843
1161,adam,1161,1162,2.5679240959092853e-07,1,0.0038289788360475843,0.001696756530266333,0.02283464446791192,9.800050810858239e-08,1,1,,0,4.3208800365663446e-09,-13.108237600243081,-0.028296000874529898,-0.8789534647034276,0.00073551516902004,0.002716057574446668,0.0028885277243284545,0.0038289788360475843,0.0021265029950365386,0.0016398203552054776,0.19820164062037204,13.131397746784,0.2980160121401812,0.339061604576818
1162,adam,1162,1163,2.5422448549501926e-07,1,0.0038289788360475843,0.0016967526662682874,0.02283440190148253,1.0396885413094839e-07,1,1,,0,4.722685441560767e-09,-13.108237600243081,-0.028295964321025626,-0.8789533722776302,0.0007356391936250293,0.002716057574446668,0.0028885277243284545,0.0038289788360475843,0.0021265029950365386,0.0016398203552054776,0.19820164062037204,13.131397746784,0.29801602334293353,0.3390616064471471
1163,adam,1163,1164,2.5168224064006904e-07,1,0.0038289788360475843,0.001696748613600447,0.022834142642067918,1.0940681500588727e-07,1,1,,0,5.153370123186752e-09,-13.108237600243081,-0.028295924401967674,-0.8789532715044798,0.0007357735327912016,0.002716057574446668,0.0028885277243284545,0.0038289788360475843,0.0021265029950365386,0.0016398203552054776,0.19820164062037204,13.131397746784,0.2980160356438403,0.339061609681583
1164,adam,1164,1165,2.4916541823366833e-07,1,0.0038289788360475843,0.0016967443990133775,0.02283386895924952,1.1427492422665233e-07,1,1,,0,5.612154796651827e-09,-13.108237600243081,-0.028295881550154393,-0.8789531634603525,0.0007359168399287619,0.002716057574446668,0.0028885277243284545,0.0038289788360475843,0.0021265029950365386,0.0016398203552054776,0.19820164062037204,13.131397746784,0.29801604889985767,0.33906161411812613
1165,adam,1165,1166,2.4667376405133165e-07,1,0.0038289788360475843,0.0016967400462832506,0.022833582870147286,1.1857395175603026e-07,1,1,,0,6.097394182424624e-09,-13.108237600243081,-0.02829583615086111,-0.8789530491033503,0.0007360679167791722,0.002716057574446668,0.0028885277243284545,0.0038289788360475843,0.0021265029950365386,0.0016398203552054776,0.19820164062037204,13.131397746784,0.2980160629837666,0.33906161961245945
1166,adam,1166,1167,2.4420702641081834e-07,1,0.0038289788360475843,0.0016967355765341522,0.022833286167069,1.2232646183506494e-07,1,1,,0,6.606932509547903e-09,-13.108237600243081,-0.028295788546994844,-0.8789529292861362,0.0007362256972935484,0.002716057574446668,0.0028885277243284545,0.0038289788360475843,0.0021265029950365386,0.0016398203552054776,0.19820164062037204,13.131397746784,0.29801607778244615,0.339061626036031
1167,adam,1167,1168,2.417649561467102e-07,1,0.0038289788360475843,0.0016967310085274792,0.022832980442037625,1.2556621530019617e-07,1,1,,0,7.138365762488087e-09,-13.108237600243081,-0.028295739043689396,-0.8789528047673786,0.0007363892332619529,0.002716057574446668,0.0028885277243284545,0.0038289788360475843,0.0021265029950365386,0.0016398203552054776,0.19820164062037204,13.131397746784,0.2980160931953348,0.33906163327434397
1168,adam,1168,1169,2.3934730658524307e-07,1,0.0038289788360475843,0.0016967263589207232,0.02283266710875468,1.283320284408471e-07,1,1,,0,7.689222538795712e-09,-13.108237600243081,-0.028295687912405124,-0.878952676221954,0.0007365576815008937,0.002716057574446668,0.0028885277243284545,0.0038289788360475843,0.0021265029950365386,0.0016398203552054776,0.19820164062037204,13.131397746784,0.2980161091330589,0.33906164122543253
1169,adam,1169,1170,2.369538335193906e-07,1,0.0038289788360475843,0.0016967216424951534,0.022832347422097894,1.306642034169772e-07,1,1,,0,8.257081071916543e-09,-13.108237600243081,-0.028295635394580663,-0.8789525442500459,0.0007367302924338951,0.002716057574446668,0.0028885277243284545,0.0038289788360475843,0.0021265029950365386,0.0016398203552054776,0.19820164062037204,13.131397746784,0.2980161255162117,0.33906164979850273
1170,adam,1170,1171,2.345842951841967e-07,1,0.0038289788360475843,0.001696716872362703,0.022832022495502195,1.3260246913741717e-07,1,1,,0,8.839639688601732e-09,-13.108237600243081,-0.02829558170489298,-0.8789524093852535,0.0007369063999101422,0.002716057574446668,0.0028885277243284545,0.0038289788360475843,0.0021265029950365386,0.0016398203552054776,0.19820164062037204,13.131397746784,0.2980161422742643,0.33906165891272017
1171,adam,1171,1172,2.3223845223235473e-07,1,0.0038289788360475843,0.0016967120601464197,0.02283169331646094,1.341848237829749e-07,1,1,,0,9.434755072599799e-09,-13.108237600243081,-0.028295527034161473,-0.8789522721018256,0.000737085412129522,0.002716057574446668,0.0028885277243284545,0.0038289788360475843,0.0021265029950365386,0.0016398203552054776,0.19820164062037204,13.131397746784,0.2980161593445964,0.3390616684961301
1172,adam,1172,1173,2.2991606771003118e-07,1,0.00382877651621616,0.0013390247566524257,0.013459527408483843,1.354469222065675e-07,1,2,,0,1.7869703748151221e-12,-13.108629881159683,-0.02829565815281296,-0.8789521328211066,0.0007372668035517434,0.0027160720265076554,0.0028885523018053368,0.00382877651621616,0.0021265293695350218,0.00163981600111312,0.19820159859293676,13.131340129926624,0.2980161766716318,0.33906167848469376
1173,adam,1173,1174,2.276169070329309e-07,1,0.00382877651621616,0.0013390261029375674,0.013459647337728226,1.2170375916865444e-07,1,1,,0,5.986018296579904e-10,-13.108629881159683,-0.02829560537867962,-0.8789520006136351,0.000737439858392741,0.0027160720265076554,0.0028885523018053368,0.00382877651621616,0.0021265293695350218,0.00163981600111312,0.19820159859293676,13.131340129926624,0.2980161932835783,0.3390616910658635
1174,adam,1174,1175,2.2534073796260157e-07,1,0.00382877651621616,0.001339027157115314,0.013459748283287859,1.1065517935992687e-07,1,1,,0,1.1384790766957315e-09,-13.108629881159683,-0.028295555050234494,-0.8789518747874917,0.0007376053748059755,0.0027160720265076554,0.0028885523018053368,0.00382877651621616,0.0021265293695350218,0.00163981600111312,0.19820159859293676,13.131340129926624,0.29801620924984024,0.3390617059186335
1175,adam,1175,1176,2.2308733058297553e-07,1,0.00382877651621616,0.0013390279535760766,0.013459832413017986,1.0203109654591304e-07,1,1,,0,1.6324407037723276e-09,-13.108629881159683,-0.028295506932896813,-0.8789517547250446,0.0007377640653909821,0.0027160720265076554,0.0028885523018053368,0.00382877651621616,0.0021265293695350218,0.00163981600111312,0.19820159859293676,13.131340129926624,0.2980162246321367,0.3390617227575706
1176,adam,1176,1177,2.2085645727714578e-07,1,0.00382877651621616,0.0013390285228646183,0.013459901654579456,9.553978188182335e-08,1,1,,0,2.0916863352984457e-09,-13.108629881159683,-0.028295460817220282,-0.8789516398749061,0.0007379165664596674,0.0027160720265076554,0.0028885523018053368,0.00382877651621616,0.0021265293695350218,0.00163981600111312,0.19820159859293676,13.131340129926624,0.29801623948536154,0.33906174132890804
1177,adam,1177,1178,2.1864789270437433e-07,1,0.00382877651621616,0.0013390288921070657,0.013459957721969507,9.086784708547518e-08,1,1,,0,2.525815449549939e-09,-13.108629881159683,-0.02829541651617217,-0.8789515297447602,0.000738063446299047,0.0027160720265076554,0.0028885523018053368,0.00382877651621616,0.0021265293695350218,0.00163981600111312,0.19820159859293676,13.131340129926624,0.29801625385834773,0.33906176140706823
1178,adam,1178,1179,2.1646141377733056e-07,1,0.00382877651621616,0.0013390290853902696,0.013460002139108626,8.769139440491072e-08,1,1,,0,2.942889612281148e-09,-13.108629881159683,-0.028295373862708192,-0.8789514238949692,0.0007382052125370144,0.0027160720265076554,0.0028885523018053368,0.00382877651621616,0.0021265293695350218,0.00163981600111312,0.19820159859293676,13.131340129926624,0.2980162677945451,0.3390617827915674
1179,adam,1179,1180,2.1429679963955727e-07,1,0.00382877651621616,0.0013390291240993806,0.013460036260838859,8.569446279059008e-08,1,1,,0,3.3495200075329384e-09,-13.108629881159683,-0.028295332707609727,-0.8789513219328696,0.000738342318710906,0.0027160720265076554,0.0028885523018053368,0.00382877651621616,0.0021265293695350218,0.00163981600111312,0.19820159859293676,13.131340129926624,0.2980162813326227,0.33906180530425956
1180,adam,1180,1181,2.121538316431617e-07,1,0.00382877651621616,0.0013390290272175733,0.013460061291592246,8.458784853652246e-08,1,1,,0,3.750981675228616e-09,-13.108629881159683,-0.028295292917553293,-0.8789512235076903,0.0007384751701221885,0.0027160720265076554,0.0028885523018053368,0.00382877651621616,0.0021265293695350218,0.00163981600111312,0.19820159859293676,13.131340129926624,0.298016294507004,0.339061828786883
1181,adam,1181,1182,2.1003229332673008e-07,1,0.00382877651621616,0.0013390288115933816,0.013460078302004436,8.412242246570483e-08,1,1,,0,4.151350679674761e-09,-13.108629881159683,-0.02829525437339268,-0.8789511283060167,0.000738604129058476,0.0027160720265076554,0.0028885523018053368,0.00382877651621616,0.0021265293695350218,0.00163981600111312,0.19820159859293676,13.131340129926624,0.29801630734834084,0.33906185309887626
1182,adam,1182,1183,2.0793197039346277e-07,1,0.00382877651621616,0.0013390284921780665,0.013460088243692075,8.409471166473867e-08,1,1,,0,4.553656563466467e-09,-13.108629881159683,-0.028295216968624463,-0.8789510360477512,0.0007387295194482697,0.0027160720265076554,0.0028885523018053368,0.00382877651621616,0.0021265293695350218,0.00163981600111312,0.19820159859293676,13.131340129926624,0.2980163198839358,0.3390618781154331
1183,adam,1183,1184,2.0585265068952816e-07,1,0.00382877651621616,0.0013390280822361085,0.013460091962400972,8.434583159510682e-08,1,1,,0,4.960040710877668e-09,-13.108629881159683,-0.02829518060802098,-0.8789509464825063,0.0007388516310112577,0.0027160720265076554,0.0028885523018053368,0.00382877651621616,0.0021265293695350218,0.00163981600111312,0.19820159859293676,13.131340129926624,0.2980163321381159,0.3390619037257719
1184,adam,1184,1185,2.0379412418263285e-07,1,0.00382877651621616,0.0013390275935335671,0.013460090209698655,8.475631446984107e-08,1,1,,0,5.371911565844359e-09,-13.108629881159683,-0.028295145206410736,-0.8789508593863932,0.0007389707229587139,0.0027160720265076554,0.0028885523018053368,0.00382877651621616,0.0021265293695350218,0.00163981600111312,0.19820159859293676,13.131340129926624,0.2980163441325657,0.33906192983159383
1185,adam,1185,1186,2.0175618294080656e-07,1,0.00382877651621616,0.0013390270365043332,0.013460083653379917,8.523925741587157e-08,1,1,,0,5.790089389576974e-09,-13.108629881159683,-0.028295110687591815,-0.8789507745591549,0.0007390870272932866,0.0027160720265076554,0.0028885523018053368,0.00382877651621616,0.0021265293695350218,0.00163981600111312,0.19820159859293676,13.131340129926624,0.29801635588662195,0.3390619563457109
1186,adam,1186,1187,1.9973862111139848e-07,1,0.00382877651621616,0.0013390264203988684,0.013460072886723254,8.573342432906971e-08,1,1,,0,6.214935648638842e-09,-13.108629881159683,-0.02829507698336185,-0.8789506918216121,0.0007392007517499919,0.0027160720265076554,0.0028885523018053368,0.00382877651621616,0.0021265293695350218,0.00163981600111312,0.19820159859293676,13.131340129926624,0.298016367417536,0.3390619831908244
1187,adam,1187,1188,1.9774123490028448e-07,1,0.00382877651621616,0.0013390257534161092,0.01346005843672525,8.61971417566655e-08,1,1,,0,6.646464530974628e-09,-13.108629881159683,-0.028295044032654124,-0.8789506110133838,0.0007393120824199693,0.0027160720265076554,0.0028885523018053368,0.00382877651621616,0.0021265293695350218,0.00163981600111312,0.19820159859293676,13.131340129926624,0.2980163787407064,0.3390620102984371
1188,adam,1188,1189,1.9576382255128165e-07,1,0.00382877651621616,0.0013390250428197796,0.013460040771417686,8.660328048687211e-08,1,1,,0,7.084436081011876e-09,-13.108629881159683,-0.0282950117807664,-0.878950531990857,0.0007394211860883469,0.0027160720265076554,0.0028885523018053368,0.00382877651621616,0.0021265293695350218,0.00163981600111312,0.19820159859293676,13.131340129926624,0.29801638986988577,0.3390620376078848
1189,adam,1189,1190,1.938061843257688e-07,1,0.00382877651621616,0.001339024295044083,0.013460020306396828,8.693531298405601e-08,1,1,,0,7.528431870473274e-09,-13.108629881159683,-0.02829498017867391,-0.8789504546253749,0.0007395282123196329,0.0027160720265076554,0.0028885523018053368,0.00382877651621616,0.0021265293695350218,0.00163981600111312,0.19820159859293676,13.131340129926624,0.2980164008173643,0.33906206506547476
1190,adam,1190,1191,1.9186812248251115e-07,1,0.00382877651621616,0.001339023515784679,0.0134599974106073,8.718430547000683e-08,1,1,,0,7.977914979654852e-09,-13.108629881159683,-0.028294949182416165,-0.8789503788016213,0.0007396332953167371,0.0027160720265076554,0.0028885523018053368,0.00382877651621616,0.0021265293695350218,0.00163981600111312,0.19820159859293676,13.131340129926624,0.298016411594133,0.33906209262371756
1191,adam,1191,1192,1.8994944125768602e-07,1,0.00382877651621616,0.00133902271008254,0.013459972411509868,8.734666757003567e-08,1,1,,0,8.432276463616096e-09,-13.108629881159683,-0.028294918752551017,-0.8789503044161814,0.0007397365555786586,0.0027160720265076554,0.0028885523018053368,0.00382877651621616,0.0021265293695350218,0.00163981600111312,0.19820159859293676,13.131340129926624,0.298016422210028,0.3390621202406442
1192,adam,1192,1193,1.8804994684510913e-07,1,0.00382877651621616,0.0013390218823960596,0.013459945599662987,8.742249168129363e-08,1,1,,0,8.89087054988734e-09,-13.108629881159683,-0.02829488885366746,-0.8789502313762567,0.0007398381013783653,0.0027160720265076554,0.0028885523018053368,0.00382877651621616,0.0021265293695350218,0.00163981600111312,0.19820159859293676,13.131340129926624,0.2980164326738597,0.3390621478791976
1193,adam,1193,1194,1.8616944737665807e-07,1,0.00382877651621616,0.0013390210366665048,0.013459917232804555,8.741434020571364e-08,1,1,,0,9.353040685853613e-09,-13.108629881159683,-0.028294859453950025,-0.8789501595985209,0.0007399380300804136,0.0027160720265076554,0.0028885523018053368,0.00382877651621616,0.0021265293695350218,0.00163981600111312,0.19820159859293676,13.131340129926624,0.2980164429935266,0.33906217550669093
1194,adam,1194,1195,1.843077529028915e-07,1,0.00382877651621616,0.0013390201763753534,0.013459887539480991,8.732636768876651e-08,1,1,,0,9.81813831286604e-09,-13.108629881159683,-0.028294830524792945,-0.8789500890080979,0.0007400364293163175,0.0027160720265076554,0.0028885523018053368,0.00382877651621616,0.0021265293695350218,0.00163981600111312,0.19820159859293676,13.131340129926624,0.2980164531761169,0.33906220309432555
1195,adam,1195,1196,1.8246467537386255e-07,1,0.00382844535260379,0.0007433230729675144,0.008689416929498837,8.716369097037983e-08,1,2,,0,9.915523145082072e-13,-13.10822878053274,-0.028295104758806727,-0.878950019537652,0.0007401333780322368,0.0027159654809517553,0.002888433233630478,0.00382844535260379,0.002126374186470989,0.001639814578272785,0.19820211925995837,13.131348513610568,0.29801646322799863,0.3390622306167614
1196,adam,1196,1197,1.8064002862012394e-07,1,0.00382844535260379,0.0007433240258642741,0.0086894183495652,7.65786110514264e-08,1,1,,0,4.602259392454328e-10,-13.10822878053274,-0.02829508018905034,-0.8789499596154081,0.000740220689594733,0.0027159654809517553,0.002888433233630478,0.00382844535260379,0.002126374186470989,0.001639814578272785,0.19820211925995837,13.131348513610568,0.2980164715672039,0.33906225356277486
1197,adam,1197,1198,1.788336283339227e-07,1,0.00382844535260379,0.0007433254658562861,0.008689443164237578,6.851552736917507e-08,1,1,,0,8.75817252363684e-10,-13.10822878053274,-0.028295059102269426,-0.8789499081879486,0.0007402994002237007,0.0027159654809517553,0.002888433233630478,0.00382844535260379,0.002126374186470989,0.001639814578272785,0.19820211925995837,13.131348513610568,0.29801647838533896,0.33906227244761006
1198,adam,1198,1199,1.7704529205058347e-07,1,0.00382844535260379,0.0007433273320922665,0.008689488507127145,6.278584865822295e-08,1,1,,0,1.2562352514546707e-09,-13.10822878053274,-0.02829504111342299,-0.878949864316175,0.0007403704339294925,0.0027159654809517553,0.002888433233630478,0.00382844535260379,0.002126374186470989,0.001639814578272785,0.19820211925995837,13.131348513610568,0.29801648385318785,0.3390622877301767
1199,adam,1199,1200,1.7527483913007764e-07,1,0.00382844535260379,0.0007433295705622459,0.008689551833365028,5.912236475202706e-08,1,1,,0,1.6097910501058605e-09,-13.10822878053274,-0.028295025879263223,-0.8789498271629197,0.0007404346146708584,0.0027159654809517553,0.002888433233630478,0.00382844535260379,0.002126374186470989,0.001639814578272785,0.19820211925995837,13.131348513610568,0.29801648812296877,0.33906229981919367
1200,adam,1200,1201,,1,0.00382844535260379,0.0007433321333347269,0.008689630883815552,5.7175528227091635e-08,1,1,,0,1.943605373999071e-09,-13.10822878053274,-0.028295013093806012,-0.8789497959818995,0.0007404926771958706,0.0027159654809517553,0.002888433233630478,0.00382844535260379,0.002126374186470989,0.001639814578272785,0.19820211925995837,13.131348513610568,0.2980164913303454,0.33906230907866214
1201,lbfgs_unbounded,0,0,,1,0.0038284121069189253,0.0007433177777371572,0.008689072899639244,0.0,1,2,,0,2.5737399710364683e-14,-13.108149112686881,-0.028295045271638754,-0.8789497959818995,0.0007404926771958706,0.002715949279268278,0.002888414369936535,0.0038284121069189253,0.0021263486118829928,0.0016398139011823767,0.19820210818402312,13.131350629156348,0.2980164913303454,0.33906230907866214
1202,lbfgs_unbounded,1,8,,1,0.003827990324348737,0.001855665365762649,0.026740376684785964,1.4016390030299955e-06,1,2,,0,1.133978145999434e-12,-13.10893746238761,-0.02829517275516661,-0.8789499276616483,0.0007407416643875579,0.0027160106838545993,0.002888485312472862,0.003827990324348737,0.002126434374023955,0.0016398016144930432,0.1982007867237425,13.13132366496593,0.2980161083495955,0.3390619781070778
1203,lbfgs_unbounded,2,9,,1,0.0038275433109836365,0.0013390608232122234,0.01346132334055776,6.663059718906838e-07,1,2,,0,3.09952941556582e-12,-13.108973215065022,-0.0282953499234551,-0.8789501175978045,0.0007389795316334453,0.0027160278974114483,0.0028885005827156123,0.0038275433109836365,0.002126453284154255,0.0016397949779425054,0.1981997381179553,13.13129097950022,0.2980159772934838,0.3390618711221077
1204,lbfgs_unbounded,3,10,,1,0.0038274734287785253,0.0019033138337248934,0.02503258837984845,5.153107204713956e-07,1,2,,0,3.0382133836779334e-12,-13.108501725463368,-0.028295299992597528,-0.8789500670056204,0.0007388425547066322,0.0027159923847803118,0.0028884579936250543,0.0038274734287785253,0.0021264021038007543,0.00163979834331013,0.198200076108497,13.131293399872835,0.2980161391820852,0.3390620202639664
1205,lbfgs_unbounded,4,12,,1,0.0038273744087162272,0.0007433782265340548,0.008691654395320561,5.21114014217222e-07,1,2,,0,3.904153701924608e-12,-13.108799996728937,-0.02829536514805043,-0.8789501365808737,0.0007384139150242105,0.002716018613619662,0.0028884895885949065,0.0038273744087162272,0.0021264159129204593,0.001639801964352241,0.19820027772403628,13.131319108284703,0.2980161436182013,0.339062021340382
1206,lbfgs_unbounded,5,15,,1,0.003827307450908247,0.0013391434603946786,0.013461468463730988,8.663486481427893e-08,1,2,,0,4.186323622653028e-12,-13.108859191670827,-0.02829538050461611,-0.8789501527496373,0.0007383569788334255,0.002716023785428763,0.0028884954873050817,0.003827307450908247,0.0021264219406004,0.0016398012413120471,0.19820018158148767,13.13131780547096,0.29801611834544434,0.33906199956062855
1207,lbfgs_unbounded,6,16,,1,0.0038272369878467063,0.0007433773311408669,0.008691492666403846,1.3899658423646384e-07,1,2,,0,4.895171522587122e-12,-13.108744220601213,-0.028295388369594093,-0.8789501617421362,0.0007382013027171391,0.002716016487379516,0.0028884858037932035,0.0038272369878467063,0.002126412974844455,0.0016397998968471102,0.19820001297100245,13.1313090980593,0.2980161191181018,0.33906200497996697
1208,lbfgs_unbounded,7,22,,1,0.003827028557905053,0.0016967599242036643,0.022837400283698298,3.971715002991879e-07,1,2,,0,7.614677401722013e-12,-13.108497285467328,-0.02829542206750431,-0.8789501990563586,0.0007377428094679087,0.0027160020607552003,0.002888465834152568,0.003827028557905053,0.0021263951867916526,0.001639795797245809,0.1981994944003917,13.131285313446103,0.2980160993082663,0.3390620000204899
1209,lbfgs_unbounded,8,35,,1,0.003827013024056575,0.001903400520713921,0.025035200205449623,1.9086045269471003e-08,1,2,,0,7.60992218681022e-12,-13.108486242016198,-0.028295420382559083,-0.8789501972676393,0.000737752546938043,0.0027160011153601936,0.0028884646600129188,0.003827013024056575,0.0021263944561394914,0.0016397956232908502,0.19819948056654724,13.131284251732104,0.29801609875387086,0.3390619998210943
1210,lbfgs_unbounded,9,38,,1,0.003827004793423564,0.0007433690386862877,0.008690831632695548,1.4605212428290939e-08,1,2,,0,7.457860083489953e-12,-13.108496748203036,-0.02829541849689533,-0.8789501951870047,0.000737777627816252,0.0027160016642446155,0.0028884654316562123,0.003827004793423564,0.002126395172931169,0.0016397957623681177,0.1981995002690645,13.13128513104996,0.29801609914192145,0.33906199966638395
1211,lbfgs_unbounded,10,39,,1,0.003826995332150513,0.0016967617008866503,0.022837485834408575,3.177218459563504e-08,1,2,,0,7.289590084370977e-12,-13.108518733723484,-0.02829541778211546,-0.8789501943373136,0.000737843567192811,0.002716002957505095,0.0028884670151566928,0.003826995332150513,0.0021263959506621884,0.001639795622790806,0.19819948950827726,13.13128590042913,0.2980160930184602,0.339061995004289
1212,lbfgs_unbounded,11,40,,1,0.0038269155056280028,0.0013391704872327008,0.013462235014179397,2.043390404270716e-07,1,2,,0,5.683292143486968e-12,-13.108694564208623,-0.02829540220356983,-0.878950176848118,0.0007384055272269173,0.002716012560684517,0.002888479191712813,0.0038269155056280028,0.0021264032056223536,0.001639795060826121,0.1981994854298625,13.131293332391097,0.2980160534082024,0.33906196317660675
1213,lbfgs_unbounded,12,47,,1,0.0038267508587276886,0.001339231354866425,0.013462146725894755,4.887664808429803e-07,1,2,,0,3.4684490360504545e-12,-13.109022434108851,-0.028295358212120047,-0.8789501284091439,0.0007397391812377328,0.002716028522831042,0.0028884996483119537,0.0038267508587276886,0.0021264090549558703,0.001639793788909779,0.19819947305792704,13.131310001691633,0.298015982115865,0.3390619111839984
1214,lbfgs_unbounded,13,57,,1,0.0038267489768022437,0.0011736301585923818,0.012671792296515319,5.586928600101978e-09,1,2,,0,3.456240149947991e-12,-13.109026182027671,-0.028295357709281224,-0.8789501278554647,0.0007397544257905693,0.0027160287053977676,0.002888499882289785,0.0038267489768022437,0.002126409121884631,0.001639793774381992,0.19819947291746123,13.131310192295041,0.2980159813009522,0.3390619105896777
1215,lbfgs_unbounded,14,60,,1,0.003826736264306691,0.001903483594102459,0.02503727946108642,3.824222761346862e-08,1,2,,0,3.5445288790831014e-12,-13.108976680152967,-0.028295357453812963,-0.8789501278478512,0.0007396795276822097,0.002716025365808252,0.002888495709319221,0.003826736264306691,0.0021264047738329597,0.0016397938339417432,0.19819947000271343,13.1313087418508,0.29801599292584774,0.3390619214214629
1216,lbfgs_unbounded,15,61,,1,0.003826721495505251,0.0013392331476972058,0.013462202060618211,1.6693145504195567e-08,1,2,,0,3.525327316768638e-12,-13.108996776585526,-0.028295357905839848,-0.8789501282203787,0.0007397017867844373,0.002716026679080946,0.002888497321565891,0.003826721495505251,0.0021264062470844596,0.0016397937656732313,0.19819946516918407,13.131309132455954,0.2980159880566841,0.3390619169596772
1217,lbfgs_unbounded,16,62,,1,0.003826718541003374,0.0019034867086585735,0.025037367290243896,9.369653789041837e-09,1,2,,0,3.546745917136518e-12,-13.108990144900867,-0.028295357745502174,-0.8789501280940353,0.0007396959137998732,0.0027160261741399705,0.002888496679850816,0.003826718541003374,0.002126405260274228,0.0016397937572024852,0.19819946235801258,13.131309001523912,0.29801598977661964,0.33906191877602204
1218,lbfgs_unbounded,17,63,,1,0.0038267061933805295,0.0018554713449537197,0.02673408879655823,2.320985431327887e-08,1,2,,0,3.5802417470239066e-12,-13.10899399042739,-0.028295357768018697,-0.878950128119341,0.0007397050885549422,0.002716026260606244,0.0028884967374038758,0.0038267061933805295,0.002126404359912859,0.0016397936777186733,0.19819945178380985,13.131309117496853,0.29801598917617667,0.33906191880636233
1219,lbfgs_unbounded,18,67,,1,0.003826701841154008,0.0004466810320379868,0.0059414607142539546,7.597622163381292e-09,1,2,,0,3.5997290503682552e-12,-13.108993210377127,-0.028295357932562475,-0.8789501283073043,0.0007397023953870118,0.002716026167083269,0.0028884966000539947,0.003826701841154008,0.002126403904342073,0.0016397936557170033,0.19819944796968217,13.131309084566933,0.2980159894774774,0.3390619192617321
1220,lbfgs_unbounded,19,68,,1,0.003826701510173185,0.0018554716135867322,0.02673407334354794,2.4840586206021323e-09,1,2,,0,3.5992122238892273e-12,-13.108992280311526,-0.028295358007925143,-0.8789501283874539,0.0007396977419266123,0.002716026120222514,0.0028884965431632778,0.003826701510173185,0.002126403958793611,0.0016397936592834198,0.1981994483300537,13.131309000376763,0.29801598964232595,0.3390619193166547
1221,lbfgs_unbounded,20,75,,1,0.0038267005671019285,0.001465299049276288,0.01903741518758164,4.019615541512388e-09,1,2,,0,3.6003416349709495e-12,-13.108990452879999,-0.02829535816550028,-0.8789501285564584,0.0007396887671020245,0.0027160260227374216,0.002888496422458023,0.0038267005671019285,0.0021264040140186466,0.0016397936639819932,0.1981994486419236,13.131308840564285,0.298015989985882,0.339061919469784
1222,lbfgs_unbounded,21,76,,1,0.0038267002327596416,0.00044668096619028644,0.005941454357876552,1.6579269015438726e-09,1,2,,0,3.6037272250608023e-12,-13.108990637950667,-0.028295358202627078,-0.8789501285928454,0.0007396866697615797,0.002716026018027394,0.0028884964113114354,0.0038267002327596416,0.0021264039586458556,0.0016397936548798577,0.19819944748968943,13.13130879304415,0.29801598996466583,0.33906191944237835
1223,lbfgs_unbounded,22,77,,1,0.0038266993422411484,0.0016968372242141894,0.02283928914694401,3.285933615555037e-09,1,2,,0,3.6122017661158812e-12,-13.108989381918514,-0.028295358487077066,-0.8789501288886178,0.0007396726611833423,0.0027160259281821947,0.002888496288002927,0.0038266993422411484,0.0021264039407719614,0.0016397936385586047,0.19819944518245394,13.131308518671538,0.29801599017516256,0.3390619194425012
1224,lbfgs_unbounded,23,87,,1,0.0038266968961162126,0.001068320175265825,0.014849448287763366,7.736868148779507e-09,1,2,,0,3.631258253915e-12,-13.108986632284624,-0.02829535915699035,-0.8789501295839325,0.0007396402262363555,0.0027160257358563285,0.0028884960229247497,0.0038266968961162126,0.00212640394786492,0.001639793601467489,0.19819944000760928,13.131307882006105,0.29801599060047723,0.33906191937000846
1225,lbfgs_unbounded,24,88,,1,0.0038266962625282497,0.0016968370184364198,0.022839288346664724,3.74123487687048e-09,1,2,,0,3.636673464087746e-12,-13.108985157554189,-0.028295359026345997,-0.8789501294416638,0.0007396340440666098,0.0027160255741056818,0.0028884958135859057,0.0038266962625282497,0.002126403675847624,0.0016397935767875648,0.19819943725901054,13.13130767693446,0.2980159909181848,0.3390619196236421
1226,lbfgs_unbounded,25,93,,1,0.0038266623388328756,0.0007434010352361757,0.008691951227864463,1.2983471386007656e-07,1,2,,0,4.066318059264187e-12,-13.108923737711276,-0.028295360538428,-0.8789501308258455,0.0007392161368554007,0.002716019655132783,0.0028884880275135004,0.0038266623388328756,0.0021263962134699826,0.0016397926093973027,0.19819932154149375,13.131297159688842,0.29801600287030866,0.3390619260251701
1227,lbfgs_unbounded,26,96,,1,0.0038266613359237687,0.001696841835507976,0.022839391065336924,3.4265070034185483e-09,1,2,,0,4.0561210327688004e-12,-13.108925593738318,-0.02829536061138721,-0.8789501309068605,0.0007392258547763149,0.0027160198249319123,0.002888488242445962,0.0038266613359237687,0.0021263964161074146,0.0016397926186282144,0.19819932272686303,13.131297368077009,0.2980160023010498,0.3390619256425708
1228,lbfgs_unbounded,27,98,,1,0.0038266465535726807,0.0007434035253592143,0.008692000966807648,6.933285684942154e-08,1,2,,0,4.398571536417794e-12,-13.108908626249226,-0.028295364209275947,-0.8789501345758278,0.000739030007871514,0.0027160179147313972,0.002888485497290619,0.0038266465535726807,0.0021263936569373277,0.001639791790526281,0.19819922616198202,13.131291404317592,0.2980159998521941,0.339061922188612
1229,lbfgs_unbounded,28,111,,1,0.0038264500357685157,0.0007434360484610718,0.00869265278257842,8.814708978801401e-07,1,2,,0,1.1352786330363816e-11,-13.108705293547978,-0.02829541147130332,-0.8789501828309187,0.0007365792902167902,0.0027159947025801796,0.002888451871314027,0.0038264500357685157,0.002126359733531776,0.0016397811506396738,0.19819798628186455,13.131216039027368,0.2980159630780122,0.3390618740514295
1230,lbfgs_unbounded,29,121,,1,0.003826442202217342,0.0007269787192120571,0.008283827342347274,3.505030577726425e-08,1,2,,0,1.1710165772972972e-11,-13.108696759275832,-0.02829541324845909,-0.8789501846119233,0.00073647897524755,0.0027159937599978063,0.002888450520207771,0.003826442202217342,0.0021263583823844007,0.0016397807368573943,0.198197938385789,13.131213248108338,0.2980159615046647,0.339061872107953
1231,lbfgs_unbounded,30,122,,1,0.0038264085777390995,0.0019040811459412306,0.025036992310297417,3.4538699365822927e-06,1,2,,0,3.368341267102826e-11,-13.108012968745559,-0.028295288522188055,-0.8789500086634272,0.0007311816405923652,0.002715952837396993,0.00288841278798051,0.0038264085777390995,0.0021263357524038814,0.0016397879701086449,0.1981992728898385,13.131470039019712,0.29801577159354853,0.33906179653753554
1232,lbfgs_unbounded,31,125,,1,0.0038264049462209014,0.0031182515979732623,0.07158606763075236,1.9053034679956346e-07,1,2,,0,3.645655667596431e-11,-13.10798217669673,-0.028295282615244624,-0.8789499999933639,0.0007308582478285485,0.002715950335439856,0.002888410305291025,0.0038264049462209014,0.0021263336698006197,0.0016397880444719236,0.19819931051487746,13.131482036598234,0.2980157590503825,0.33906179011026705
1233,lbfgs_unbounded,32,126,,1,0.003826285373286031,0.0013396518228338925,0.01346142894464715,3.051642512258281e-06,1,2,,0,9.834853006723003e-11,-13.107579155121275,-0.02829516772331132,-0.8789498392559064,0.0007264807367834343,0.0027159181194945413,0.0028883824278440975,0.003826285373286031,0.002126311360937645,0.0016397929444056086,0.19820036335506788,13.131706506072799,0.29801556213183117,0.33906169848238005
1234,lbfgs_unbounded,33,127,,1,0.0038262397918992805,0.0009919198806485475,0.01726121159251645,1.483418510692694e-06,1,3,,0,2.063881265564348e-15,-13.107553659205738,-0.02829510434803663,-0.8789497540117509,0.0007247720034755428,0.0027159022929967402,0.002888368116214147,0.0038262397918992805,0.002126291303382085,0.0016397914817412914,0.1982004870540062,13.131789240042881,0.29801543547273956,0.339061625908212
1235,lbfgs_unbounded,34,133,,1,0.003826146287854062,0.0018552782028459032,0.026727143222698452,2.7516062198768485e-07,1,3,,0,2.079034541511221e-15,-13.10767565696163,-0.02829650967981928,-0.8789497119579456,0.0007251433681395312,0.0027159176739494947,0.00288838039359977,0.003826146287854062,0.0021263025591575792,0.0016397956215871274,0.19820079411446415,13.131817290017413,0.29801542066092485,0.33906160571963345
1236,lbfgs_unbounded,35,134,,1,0.00382576601597963,0.0009919246256462398,0.017262413711446725,7.1861449300581385e-06,1,3,,0,1.45380329679928e-14,-13.106548707979266,-0.028302201801294155,-0.87894914949886,0.0007145234205075107,0.0027158823468278496,0.0028883379296711516,0.00382576601597963,0.0021262883337454896,0.001639831186886443,0.19820520320787166,13.13251345985598,0.29801498366141793,0.3390613960796411
1237,lbfgs_unbounded,36,136,,1,0.0038246677572008744,0.0013418837271530668,0.013459833009913214,2.6356595583106643e-05,1,3,,0,6.092776088235437e-13,-13.102553650064474,-0.028324999040926106,-0.8789470205789218,0.0006758156169046587,0.0027157500017770354,0.002888172654562442,0.0038246677572008744,0.002126217441177627,0.00163996262222744,0.19822117526901437,13.135069676092794,0.2980133523887523,0.33906059506095737
1238,lbfgs_unbounded,37,138,,1,0.00382362473665295,0.0013439507797396795,0.013458713379293094,2.8625687593547134e-05,1,3,,0,5.438922130045746e-12,-13.098365705691672,-0.02834872616659453,-0.878944733908988,0.0006341531835418341,0.0027155537457313854,0.0028879379237265264,0.00382362473665295,0.002126057041106143,0.001640088498783547,0.1982365355292754,13.1376950599434,0.298011563357553,0.3390597141059125
1239,lbfgs_unbounded,38,143,,1,0.0038232116874095234,0.0013814647272743464,0.014618735089218345,8.969463239508091e-07,1,3,,0,5.494369993298513e-12,-13.098531583208793,-0.028358147663773925,-0.8789444901731526,0.0006350377338039787,0.0027156187145178207,0.0028879826755936486,0.0038232116874095234,0.0021261085747125304,0.0016401298292634417,0.1982399864424116,13.138010754011281,0.2980115850640075,0.33905974156760743
1240,lbfgs_unbounded,39,151,,1,0.0038226306021744414,0.0013806518534642642,0.014598565403309678,1.610072170305898e-05,1,3,,0,1.3223952096261565e-11,-13.096163671150194,-0.028372895486816634,-0.8789431603223612,0.0006117180040036595,0.0027154942304173733,0.00288783052449372,0.0038226306021744414,0.0021259916756961135,0.0016402017681302044,0.19824844134307354,13.139474253388256,0.2980105950093368,0.33905925884412086
1241,lbfgs_unbounded,40,156,,1,0.003822600314189576,0.001695367052810028,0.022806809543254893,1.1170881389040891e-06,1,3,,0,1.2969882454862815e-11,-13.095641063542105,-0.02838249781496887,-0.8789427756922211,0.000611766022243171,0.0027155063423830866,0.0028878126226417737,0.003822600314189576,0.002126008204695522,0.0016402505147407498,0.19825268968671841,13.139809026763684,0.2980107772798655,0.33905940995311423
1242,lbfgs_unbounded,41,173,,1,0.0038225102940358012,0.0016953343611009624,0.02280583900402122,2.230298917031378e-06,1,3,,0,1.4463662219568686e-11,-13.095304972606302,-0.028384583877906176,-0.8789425885980559,0.0006085219419827757,0.002715487205470003,0.0028877892667563227,0.0038225102940358012,0.0021259897628223175,0.0016402604009592714,0.1982538406764143,13.140009544931042,0.2980106425752796,0.3390593448224345
1243,lbfgs_unbounded,42,177,,1,0.003821613171710908,0.001155266581788928,0.015660079130394883,6.97417890811968e-06,1,3,,0,1.5478368760914365e-11,-13.09544909431198,-0.028406009354963634,-0.8789418887425248,0.0006014680840301907,0.0027154704692549203,0.0028876902484097355,0.003821613171710908,0.0021259712119796473,0.001640327649192249,0.19825880176659325,13.140495413291665,0.2980106607421431,0.3390592383517542
1244,lbfgs_unbounded,43,186,,1,0.003821609444712452,0.0010808014157522342,0.013741121550649662,1.8962757589413105e-08,1,3,,0,1.5474139640387156e-11,-13.095450875742909,-0.028406054920965672,-0.8789418877557338,0.00060146390919776,0.0027154705094348404,0.002887690098821451,0.003821609444712452,0.0021259712458721277,0.001640327779047762,0.19825880959676498,13.140495806304656,0.2980106613587795,0.3390592383583172
1245,lbfgs_unbounded,44,187,,1,0.0038215380432079964,0.0031213391496967124,0.07170625089487415,7.796707461741832e-07,1,3,,0,1.4904778295970028e-11,-13.095541869622787,-0.028404727123807035,-0.8789419573226273,0.0006029392186336757,0.0027154753488525863,0.0028876988879988673,0.0038215380432079964,0.0021259754223729374,0.0016403231671296562,0.19825837164913085,13.140420921355203,0.2980107118330662,0.33905927195193025
1246,lbfgs_unbounded,45,189,,1,0.0038213490983925336,0.0013507465799735064,0.014993424840889471,2.3974179435380147e-06,1,3,,0,1.3276101136171605e-11,-13.09580806792191,-0.028400282627162668,-0.8789421796515163,0.0006075157878766446,0.002715489766222449,0.0028877269139371492,0.0038213490983925336,0.0021259877233350687,0.001640307884609102,0.1982569519752053,13.14018623995492,0.29801086286137307,0.3390593754966323
1247,lbfgs_unbounded,46,196,,1,0.0038212981867107444,0.001350686884293108,0.014992277677803654,6.976361287864039e-07,1,3,,0,1.2851477499127468e-11,-13.095879473227216,-0.02839849830670074,-0.8789422592026409,0.0006087649530841677,0.002715491935495373,0.002887734378958404,0.0038212981867107444,0.0021259896756897676,0.0016403012924723745,0.1982563616892518,13.140104526703489,0.2980109004560862,0.3390594011917395
1248,lbfgs_unbounded,47,206,,1,0.0038212976300264134,0.0010859246488979272,0.01178221413666634,6.54981107890779e-09,1,3,,0,1.2847502627291452e-11,-13.095880165896318,-0.028398483358488182,-0.8789422600806116,0.0006087771312433045,0.0027154919921871883,0.002887734473055307,0.0038212976300264134,0.002125989724316723,0.0016403012515948518,0.1982563579855061,13.140103893614063,0.2980109008701972,0.3390594014623591
1249,lbfgs_unbounded,48,207,,1,0.003821021731677044,0.0011126654134574947,0.01665158870275007,5.9379935406200355e-05,1,3,,0,5.1566708045139054e-11,-13.093256772058421,-0.028634548089489856,-0.8789472158732634,0.000567930934069968,0.002718093671159186,0.0028892242260845557,0.003821021731677044,0.0021282744924036867,0.0016422756234574765,0.198430365424559,13.155046924503823,0.29801317733528876,0.33906004386108235
1250,lbfgs_unbounded,49,208,,1,0.003819868315314423,0.0031278819429499945,0.07184581894584119,3.286806063801249e-05,1,3,,0,9.546680875447455e-11,-13.091532662879786,-0.028769066218877034,-0.8789532515560694,0.0005421326233556798,0.0027194776187130744,0.002890096703597428,0.003819868315314423,0.0021295638511976463,0.0016433505080652255,0.1985230606943373,13.16286202290717,0.2980142151052712,0.3390602303329283
1251,lbfgs_unbounded,50,209,,1,0.003819108794028879,0.0031312383462509166,0.07191686160767873,4.753393561932525e-05,1,4,,0,2.284883875123364e-12,-13.089437623472811,-0.02895945532770193,-0.878960235926323,0.000509551988179713,0.0027216285753701628,0.002891606318536386,0.003819108794028879,0.0021316929141093136,0.001644993078659076,0.19866604386556574,13.174724394100723,0.2980160265164607,0.3390606903573641
1252,lbfgs_unbounded,51,220,,1,0.003818712362064222,0.003131464121529423,0.07192269980671064,2.597887029164651e-06,1,4,,0,2.0595171886353677e-12,-13.090032342107241,-0.028957053356209454,-0.8789622060381652,0.0005137476869865619,0.0027216907119015353,0.0028916665287927507,0.003818712362064222,0.002131755319624647,0.0016449975624931116,0.1986657047263626,13.174466128397954,0.2980162060773465,0.33906072751096367
1253,lbfgs_unbounded,52,232,,1,0.00381867888132241,0.0031314889869103316,0.07192345410389543,1.1970547522347588e-07,1,4,,0,2.0464842195198133e-12,-13.09006339388369,-0.02895680359054862,-0.878962356841758,0.0005138541914671045,0.0027216916467987153,0.0028916674605378623,0.00381867888132241,0.0021317557417009432,0.0016449968505551328,0.19866557654425054,13.174440399811337,0.29801621597994277,0.3390607288601707
1254,lbfgs_unbounded,53,244,,1,0.003818678205542198,0.0014527122634146602,0.030419578702411527,2.4161428301027138e-09,1,4,,0,2.0462212516684213e-12,-13.09006402063182,-0.028956798549222465,-0.8789623598855973,0.0005138563411146709,0.0027216916656609205,0.0028916674793361655,0.003818678205542198,0.002131755750207017,0.0016449968361829704,0.19866557395666132,13.174439880470095,0.29801621617981844,0.3390607288874032
1255,lbfgs_unbounded,54,246,,1,0.0038129678759309805,0.0020088843517962886,0.02069596595120253,7.771459347308705e-05,1,4,,0,8.002110058780204e-13,-13.08353547014146,-0.028636399632780692,-0.8790025347717102,0.0003095239779756357,0.0027153935077785804,0.002886176954168866,0.0038129678759309805,0.0021247388872942213,0.0016421025200538857,0.1983803420667279,13.149261146481996,0.29801298256017644,0.33905891393059806
1256,lbfgs_unbounded,55,258,,1,0.003806361680069992,0.0020079472194171727,0.020853719879956566,0.00018182146045902557,1,4,,0,5.108263857333044e-11,-13.065471370908803,-0.029225383536406704,-0.8790299685988915,3.648699194958385e-05,0.002719512835511712,0.002888554964361418,0.003806361680069992,0.002128035347449998,0.0016468218225836502,0.19877746118372508,13.184060047890128,0.2980168220241931,0.3390597175929535
1257,lbfgs_unbounded,56,265,,1,0.0038060153321687043,0.0029525083618538793,0.057971954514885446,9.932640705135865e-06,1,4,,0,5.969332244891661e-11,-13.064479529154719,-0.02925737921256692,-0.8790314541958961,2.1639151946818027e-05,0.0027197494130975536,0.002888740713348642,0.0038060153321687043,0.0021282514443448468,0.0016470905299974016,0.19880005383184493,13.186016957057113,0.29801703768718046,0.3390597640283406
1258,lbfgs_unbounded,57,266,,1,0.0038037661558209665,0.0031623574475180766,0.07288076437822937,4.462933636764769e-05,1,5,,0,1.3476816332045587e-13,-13.062604286243628,-0.029481963258240925,-0.8790219059002271,4.2809725083800405e-05,0.002722895696087917,0.0028916999871708635,0.0038037661558209665,0.0021320121379557674,0.0016492404021393602,0.1989982604980229,13.202894440673349,0.2980191690035321,0.33906084886270443
1259,lbfgs_unbounded,58,267,,1,0.003802065672350422,0.0017093599052048737,0.02287715966550237,7.915052938299474e-05,1,4,,0,3.2565302230071117e-11,-13.066771936546502,-0.029134810079218053,-0.8790260943454432,8.265714206062272e-05,0.0027184663554362222,0.0028876798586089207,0.003802065672350422,0.0021269915806931498,0.0016460659163086866,0.19871255789265554,13.178303562925404,0.29801656798084264,0.3390601041136194
1260,lbfgs_unbounded,59,269,,1,0.0038017525674276346,0.00200825676590186,0.02081524434398075,3.3854726028356465e-05,1,4,,0,1.6579846036701452e-11,-13.068287998916249,-0.028975826639222275,-0.8790276249941298,9.463496939304303e-05,0.00271652825098625,0.002886069016384388,0.0038017525674276346,0.0021249338122595776,0.0016447127730120795,0.19859115640734978,13.167757531636447,0.2980154965044865,0.33905978071001064
1261,lbfgs_unbounded,60,270,,1,0.0037993482563742336,0.0017002118807024201,0.022787544760234417,9.448458237796021e-05,1,4,,0,1.247702044498746e-12,-13.072557457411671,-0.028549380583962218,-0.8790280186942887,0.00014926456511772475,0.002711618620454655,0.002882493720937407,0.0037993482563742336,0.0021202183343122564,0.0016413095390302112,0.19828862299704808,13.14103772995258,0.2980129502039427,0.33905932147290024
1262,lbfgs_unbounded,61,277,,1,0.0037992648559579344,0.0016998804898799593,0.022784076180094384,4.588810437895363e-06,1,4,,0,1.0560946704375455e-12,-13.072758441824867,-0.0285283326029243,-0.8790280652362333,0.0001517461565765332,0.002711383596680969,0.0028823399878374935,0.0037992648559579344,0.0021200080635742327,0.0016411483968479163,0.1982743019998538,13.139758691726794,0.29801282526762907,0.3390592971042269
1263,lbfgs_unbounded,62,290,,1,0.0037992417802967327,0.0016998619314725026,0.02278382123769187,2.3452325750490313e-07,1,4,,0,1.0483906954428479e-12,-13.072709309085509,-0.02852713121235003,-0.8790281134852196,0.0001518629212810998,0.002711363253876926,0.0028823237429477745,0.0037992417802967327,0.0021199878891837174,0.0016411384583530327,0.19827338068845524,13.139676499617508,0.2980128174958531,0.3390592942348786
1264,lbfgs_unbounded,63,300,,1,0.0037992406630302585,0.000981685599510959,0.011282967840502025,6.2286467552576714e-09,1,4,,0,1.0479891697552547e-12,-13.07270733501976,-0.0285270968222436,-0.8790281214359185,0.00015186794198717552,0.0027113626149619665,0.0028823232077655673,0.0037992406630302585,0.0021199872481471324,0.001641138167438892,0.19827334994854776,13.139673258173133,0.2980128176522707,0.33905929421503034
1265,lbfgs_unbounded,64,304,,1,0.003798007968605815,0.00045983779411531707,0.004802243062490451,9.70659296963635e-06,1,4,,0,8.9545435077137e-13,-13.068312594028775,-0.02854433173449843,-0.8790456473355351,0.00015258701197398006,0.002711090907395048,0.0028819250322357115,0.003798007968605815,0.0021196164624999467,0.001641218767337002,0.19826978827368233,13.138194153585916,0.2980137772291488,0.33905938965137533
1266,lbfgs_unbounded,65,313,,1,0.0037967599886115657,0.0011166428812593642,0.016745931675900168,1.8240316003886722e-05,1,4,,0,2.1503626004482463e-12,-13.063697798312132,-0.02855599026818099,-0.8790265054990833,0.00014835497587720867,0.0027107166565952553,0.0028814762492470427,0.0037967599886115657,0.0021191198543681062,0.0016412899927197128,0.19828584300701108,13.141303744167686,0.2980126405146663,0.33905914289994743
1267,lbfgs_unbounded,66,317,,1,0.0037967459511625682,0.0004602599657107492,0.004803859404930451,2.464051546484673e-07,1,4,,0,2.122220277828414e-12,-13.06373322205014,-0.02855575756141524,-0.8790268429223125,0.00014836758955831175,0.00271072060591095,0.002881480399354117,0.0037967459511625682,0.002119124661773147,0.001641289339150092,0.1982855574578392,13.141245814154159,0.2980126632333491,0.33905914764649586
1268,lbfgs_unbounded,67,320,,1,0.00379608730913684,0.0011171247610829945,0.016747234279496606,3.836326307185039e-05,1,4,,0,5.350360778299817e-12,-13.048517453868808,-0.028592968264158917,-0.8790234944058194,0.00013931067567527768,0.002709718990936276,0.0028801195594011127,0.00379608730913684,0.0021176931353593335,0.001641572726158694,0.19830500612558338,13.143441951988194,0.29801279053730034,0.33905907196525803
1269,lbfgs_unbounded,68,322,,1,0.003788514451894263,0.0011233883242748992,0.016766725027240748,0.00045407950946117217,1,5,,0,3.493793131591288e-11,-12.866006563633146,-0.02902913481066253,-0.878987827524175,3.1975421196135374e-05,0.0026962850238320016,0.00286540534894187,0.003788514451894263,0.0020945784480981486,0.001644132390028888,0.1984084836135002,13.160634593793933,0.29801537825059876,0.339058597348047
1270,lbfgs_unbounded,69,326,,1,0.0037873750117137584,0.001752750437334266,0.02275023511689812,3.803471566760227e-05,1,5,,0,5.595039601753954e-11,-12.849922469989313,-0.02909562500170746,-0.8789811148103917,3.983832343736175e-05,0.0026960325672703888,0.0028654209003878633,0.0037873750117137584,0.0020934228175892512,0.0016448173141239994,0.19845344059449221,13.164319291645393,0.29801667878863297,0.3390591193786871
1271,lbfgs_unbounded,70,336,,1,0.0037872210116447614,0.0017534996060876444,0.022750738693555133,3.941474570180852e-06,1,5,,0,5.846623360750532e-11,-12.848258560054617,-0.02910349911669723,-0.8789802943800084,4.1258930372449184e-05,0.002696040730770617,0.0028654590746169353,0.0037872210116447614,0.0020933546855759337,0.0016449069902195648,0.19845975404330893,13.164803184456645,0.2980168494359942,0.33905919243699756
1272,lbfgs_unbounded,71,338,,1,0.0037854978923083466,0.001579356915164288,0.013438284489661398,1.3285772325932312e-05,1,5,,0,6.035736154010885e-11,-12.839294895857378,-0.02912667752434709,-0.8789676203178084,7.678288845708364e-05,0.002696396129982493,0.0028657978893025524,0.0037854978923083466,0.002093848214798957,0.0016454883528481561,0.19850011463423578,13.166734941821888,0.2980183297705165,0.33906021445638496
1273,lbfgs_unbounded,72,353,,1,0.003778903874077543,0.0015805656744864506,0.013414886560299471,3.252312400574939e-05,1,5,,0,5.546537768375868e-11,-12.816486580858154,-0.02916923435714102,-0.8789286200174307,0.00018973371818582866,0.0026975504404202597,0.002866833998364154,0.003778903874077543,0.002095881663271684,0.0016470575287789676,0.19860913571973676,13.171186165041528,0.29802252854326833,0.33906331932080086
1274,lbfgs_unbounded,73,369,,1,0.003778881589138596,0.001580570442125429,0.013414804787796492,1.2351040499780252e-07,1,5,,0,5.547255746846947e-11,-12.816402448986123,-0.02916944391944445,-0.8789284864303409,0.0001901003923232125,0.0026975544694034354,0.00286683824547534,0.003778881589138596,0.0020958884559221444,0.001647063516299025,0.19860955897667906,13.171206121065614,0.29802254290468255,0.33906332953240564
1275,lbfgs_unbounded,74,381,,1,0.0037788806217344843,0.0015805706475626935,0.01341480133505092,5.3492915099393e-09,1,5,,0,5.5472867498402295e-11,-12.816398815296438,-0.029169453046666613,-0.8789284806143839,0.00019011629401111972,0.002697554647373246,0.0028668384331722915,0.0037788806217344843,0.002095888756281684,0.001647063777354033,0.19860957745390015,13.171206994741878,0.29802254352491475,0.3390633299720613
1276,lbfgs_unbounded,75,397,,1,0.0037788805854043254,0.0014769984673364694,0.012674613215864735,2.0088878578818637e-10,1,5,,0,5.547287946967309e-11,-12.816398678835702,-0.02916945338943256,-0.8789284803959698,0.00019011689118769725,0.0026975546540568014,0.0028668384402211968,0.0037788805854043254,0.002095888767561572,0.0016470637871577856,0.19860957814780095,13.171207027552311,0.2980225435482071,0.33906332998857225
1277,lbfgs_unbounded,76,399,,1,0.003770288322506388,0.0017293234964596811,0.02268634895746128,0.00012354338761995956,1,5,,0,5.972961775287078e-12,-12.801231107140321,-0.02899607530975874,-0.8788501304235856,0.0004871602639668748,0.0027004883823473925,0.002868528172903248,0.003770288322506388,0.002102408617570329,0.001648049840355342,0.19865604293943356,13.163429807465388,0.29803018318124835,0.33907038693302854
1278,lbfgs_unbounded,77,400,,1,0.0037672558442549083,0.0017250609692161358,0.02266433625006021,3.648206264817247e-05,1,5,,0,2.65666972521038e-12,-12.788989272355877,-0.02893876172268155,-0.8788206648559176,0.0006027310479045294,0.0027006091491535685,0.002868412954259918,0.0037672558442549083,0.0021030772532230546,0.0016482410909996505,0.19865025237411568,13.158976327618662,0.2980334121940651,0.3390734404911988
1279,lbfgs_unbounded,78,403,,1,0.003756102665756537,0.0010709198477040663,0.01056387091050855,5.0705316123204386e-05,1,5,,0,1.6776204320744108e-12,-12.747950983846549,-0.028883282867962264,-0.8787616782932927,0.0008543575699708028,0.0026966076690188297,0.002864125683913865,0.003756102665756537,0.0020989716774774576,0.001647729458356087,0.19852934381233756,13.142039154546056,0.298036836950995,0.3390775107695189
1280,lbfgs_unbounded,79,404,,1,0.003751962101961861,0.0010007272810152032,0.01768636985343848,3.435407012910012e-05,1,5,,0,3.6178675927913565e-12,-12.761726540099714,-0.028868259629480145,-0.8787805695476671,0.0007724422605383034,0.002695882109224036,0.0028635420885633534,0.003751962101961861,0.002098249009090717,0.0016472792473620173,0.19850189451303746,13.141938188379275,0.29803221540624025,0.3390739315431592
1281,lbfgs_unbounded,80,412,,1,0.00375100839578385,0.0004603134010088597,0.004840397352921426,7.92060570822639e-06,1,5,,0,4.320549290864449e-12,-12.764423644218791,-0.028873556769971536,-0.8787859767654317,0.0007513031124249325,0.0026957360718804745,0.002863438264964041,0.00375100839578385,0.002098023478900968,0.0016471969989904922,0.19849802853554513,13.142285081148055,0.2980313396111887,0.3390732048281815
1282,lbfgs_unbounded,81,413,,1,0.003750974891326754,0.0010008007798325287,0.017687987049151407,6.100463017647943e-06,1,5,,0,3.973240377053083e-12,-12.760085199166822,-0.02887433408543934,-0.8787811299216861,0.0007688653407214266,0.0026956079211805425,0.0028632730059062876,0.003750974891326754,0.0020977891562837894,0.0016472372157393046,0.19849781540407418,13.141895106544014,0.2980322617271985,0.3390740094382393
1283,lbfgs_unbounded,82,416,,1,0.0037497619784930053,0.0010712624806666687,0.010564149180342042,1.2610405025620999e-05,1,5,,0,4.052789297281994e-12,-12.75105531154088,-0.028885188985194234,-0.8787762140013559,0.0007869423563850093,0.0026950243937506084,0.002862646259138155,0.0037497619784930053,0.00209671788134546,0.001647244758359181,0.19849331389550717,13.141474550002362,0.298033831446132,0.33907542013286235
1284,lbfgs_unbounded,83,417,,1,0.0037489621093492994,0.0010014436574952957,0.017698590762457465,4.450497903676021e-06,1,5,,0,4.381044899854707e-12,-12.749885737848743,-0.028872221513551854,-0.8787747928921952,0.0007876011189041928,0.0026946177272836195,0.002862238005256011,0.0037489621093492994,0.0020962117637731395,0.001647143621721754,0.19848283849760504,13.140592548811341,0.2980336126293592,0.33907545185248483
1285,lbfgs_unbounded,84,418,,1,0.003746488317242117,0.0004598380734000405,0.004843737260873652,2.710917750813132e-05,1,5,,0,5.802958537028232e-12,-12.733874743833342,-0.028841258030919584,-0.8787639506182376,0.0008135956190405303,0.0026924967118882688,0.002860065423406756,0.003746488317242117,0.002093086674105008,0.00164681675087857,0.19844198125761636,13.13707055231566,0.2980350025272154,0.339077468934343
1286,lbfgs_unbounded,85,421,,1,0.00373510801316863,0.0026365623651396245,0.048477620802562675,0.00016382992935885617,1,5,,0,1.8749496052324447e-11,-12.625412016937148,-0.028655294971823547,-0.8786791832942448,0.001037901076770366,0.002680357704396555,0.0028478551231498773,0.00373510801316863,0.002074680340731247,0.0016451267102658618,0.19820545755302485,13.114948682955013,0.2980462164333902,0.3390919577336208
1287,lbfgs_unbounded,86,424,,1,0.003730627605643978,0.0032662750536725754,0.0761187693765019,8.502812105052064e-05,1,5,,0,3.108092237810521e-11,-12.567295902568047,-0.028545546244084827,-0.8786386882823131,0.0011387279456311812,0.0026746839590591387,0.0028424470606134063,0.003730627605643978,0.002065509294542931,0.0016443578595449438,0.1980952680491007,13.104865817381254,0.2980528651279682,0.3390999501016586
1288,lbfgs_unbounded,87,441,,1,0.003727861620945564,0.003270363932896651,0.07624474643167162,2.715975023626599e-05,1,5,,0,4.16335244045177e-11,-12.55078669298481,-0.028525536455063248,-0.8786291481796644,0.0011642278798155911,0.002672637392686068,0.002840604171980646,0.003727861620945564,0.0020622217670216887,0.0016440013923397214,0.19804755574886082,13.100983042425291,0.29805383884984427,0.3391014576551713
1289,lbfgs_unbounded,88,452,,1,0.0037278539495961354,0.002452227257533102,0.04172170895406606,3.4236013119318425e-08,1,5,,0,4.164617358725424e-11,-12.550760666114597,-0.028525519045342788,-0.8786291206914421,0.0011642550820208982,0.002672635120500137,0.0028406021219304738,0.0037278539495961354,0.0020622184567566674,0.0016440012413101617,0.1980475143918726,13.10097898712664,0.2980538397627017,0.33910145918308854
1290,lbfgs_unbounded,89,456,,1,0.003725541732695578,0.0009255772110953655,0.012585250144621196,1.622261052539926e-05,1,5,,0,3.548279551169684e-11,-12.55467754851079,-0.02854589903724939,-0.8786209838127966,0.0011444838870999763,0.0026738310116872495,0.0028416691956460577,0.003725541732695578,0.0020645000248154218,0.0016444157281794236,0.19808499733393056,13.10351973858819,0.2980527952903565,0.3391001130451337
1291,lbfgs_unbounded,90,458,,1,0.0037233738543578265,0.0014249496534427895,0.017487342011245206,2.2277933484363325e-05,1,5,,0,4.209429646428294e-11,-12.563237441351008,-0.028580234409999978,-0.878631397095982,0.0011115850424890281,0.0026739817662741546,0.002841938707738954,0.0037233738543578265,0.0020649185770335973,0.001644325035016683,0.19807747801923384,13.103782311308686,0.29805021446794006,0.33909742001500126
1292,lbfgs_unbounded,91,465,,1,0.0037231377911385805,0.0014248593162972238,0.017490745769391934,1.7714218035631885e-06,1,5,,0,4.1342474845667986e-11,-12.563614857513846,-0.028582572518684717,-0.8786303836918483,0.001109819431468658,0.0026740996499176302,0.0028420435939294727,0.0037231377911385805,0.0020651581322839187,0.0016443703280186325,0.19808145585724096,13.10403275498997,0.2980501299252815,0.3390973087898051
1293,lbfgs_unbounded,92,469,,1,0.0037230869639913035,0.009111252237906825,0.2558416289179302,7.281613708915633e-07,1,5,,0,4.162986688489021e-11,-12.563862800714505,-0.02858349346616616,-0.8786306556770181,0.0011089559862288384,0.00267409509990212,0.002842045529749425,0.0037230869639913035,0.0020651559420381154,0.0016443674396110722,0.1980812072677619,13.104040076056993,0.29805007398529954,0.3390972534593146
1294,lbfgs_unbounded,93,473,,1,0.0037229294759185726,0.00045789354521353357,0.004858665617161041,1.957316513810978e-06,1,5,,0,4.2719618386154756e-11,-12.564455260117116,-0.02858538644438735,-0.8786317743150436,0.0011070457007743924,0.002674043327606167,0.002842016877093117,0.0037229294759185726,0.0020650708814851054,0.0016443442058182167,0.19807917993169344,13.103978677971543,0.2980499402299088,0.33909713020964066
1295,lbfgs_unbounded,94,476,,1,0.0037221709615055396,0.0014249171573031542,0.017477729187441365,8.062334489267752e-06,1,5,,0,4.031019653782253e-11,-12.561036869095538,-0.02857249611066274,-0.8786275915905523,0.0011199579460570838,0.0026739540938842195,0.0028418890415475143,0.0037221709615055396,0.0020648676872242135,0.0016443780510670197,0.19808174651683555,13.103864455349695,0.2980509744170763,0.3390982028918058
1296,lbfgs_unbounded,95,486,,1,0.0037221009098835204,0.0014249292849356108,0.017476642193785235,7.576863603781163e-07,1,5,,0,4.011786969907101e-11,-12.560706442190401,-0.028571232526373478,-0.8786272004558945,0.0011212038988641596,0.0026739421402309526,0.002841874336490521,0.0037221009098835204,0.002064842209479246,0.0016443804924911487,0.19808191694174232,13.10384965442171,0.2980510759573816,0.33909830916600414
1297,lbfgs_unbounded,96,496,,1,0.003722100746179508,0.0008642355893274389,0.008659006767713879,1.2062292547123283e-09,1,5,,0,4.01171921371975e-11,-12.560705883917313,-0.0285712300199143,-0.8786271984152847,0.0011212053619867911,0.0026739421305823547,0.0028418743131574556,0.003722100746179508,0.0020648422180242413,0.0016443804950587021,0.19808191684683735,13.103849584065795,0.2980510760800438,0.3390983093030572
1298,lbfgs_unbounded,97,499,,1,0.0037208210478423326,0.0026455118300366316,0.04851305681931648,2.8319239273410243e-05,1,5,,0,2.91732669894141e-11,-12.560753911679424,-0.0285582655672271,-0.8785783733505164,0.0010982595503324054,0.0026743431946375197,0.0028419744677873216,0.0037208210478423326,0.002066678755219441,0.001644327174775037,0.19806847505277478,13.102254604384118,0.29804932988619504,0.3390967877266528
1299,lbfgs_unbounded,98,501,,1,0.003720006721209823,0.001009675619017162,0.017858299841885486,1.3110833846457072e-05,1,5,,0,2.655618242945667e-11,-12.559090049691378,-0.02854836511969126,-0.8785526940116081,0.0010834452276158742,0.002674335050006527,0.002841882644089023,0.003720006721209823,0.002067203743162126,0.00164425356786228,0.1980561387785082,13.101210453479613,0.2980484135442557,0.3390960210088898
1300,lbfgs_unbounded,99,504,,1,0.0037181421132257537,0.002646810311881727,0.048530802904444816,1.9772038545303837e-05,1,5,,0,3.2962015209573e-11,-12.558246237869389,-0.028563360075934675,-0.8785848883305231,0.0011009703663606958,0.0026739696899280743,0.0028417004044073236,0.0037181421132257537,0.002065860225010514,0.0016442679782006037,0.19806226821752335,13.102044437079517,0.29804962980708577,0.33909710723178665
1301,lbfgs_unbounded,100,508,,1,0.0037180269752443954,0.0009258228614590868,0.01255680198129,1.3920521197609355e-06,1,5,,0,3.3550300006188e-11,-12.558061973809396,-0.028564281490964565,-0.8785867957844276,0.0011018936115081825,0.002673931183259474,0.002841677545419276,0.0037180269752443954,0.002065747551144638,0.0016442654380431783,0.19806222906188434,13.102077201171541,0.2980497043812762,0.3390971765806928
1302,lbfgs_unbounded,101,509,,1,0.0037177799664630876,0.001009886629945825,0.017864795266342017,5.4549054140361255e-06,1,5,,0,3.2120003725446926e-11,-12.557529934095129,-0.028560827670694462,-0.87857627075589,0.0010959968265969527,0.0026739445685598,0.002841649079481488,0.0037177799664630876,0.002065997124336033,0.0016442400403307265,0.19805775194030337,13.101688260312686,0.2980493303104513,0.3390968607896943
1303,lbfgs_unbounded,102,511,,1,0.0037177446941680766,0.0032739218191127,0.07641069398622341,9.627908159750326e-06,1,5,,0,3.3804937648448766e-11,-12.553744282064159,-0.028597219704285855,-0.8785780464932215,0.0011065772146861847,0.0026735381170885615,0.0028412691923970818,0.0037177446941680766,0.002065199219996827,0.001644176678198857,0.1980495160379078,13.101364475849989,0.2980497652499278,0.33909735463917684
1304,lbfgs_unbounded,103,512,,1,0.003717161596308144,0.00911187583417203,0.25585845109983707,5.186612493478921e-06,1,5,,0,3.616371217025914e-11,-12.5527780043867,-0.028615719203729302,-0.8785771003863978,0.0011122373474506998,0.002673309893377145,0.0028410829193658005,0.003717161596308144,0.002064728671634031,0.001644141281415735,0.19804490272846045,13.101302246051493,0.29804974733641265,0.33909742044158053
1305,lbfgs_unbounded,104,513,,1,0.0037161020599744215,0.002452561326502742,0.04181281729114361,4.9197649963198e-06,1,5,,0,3.7356078187464516e-11,-12.550769775399099,-0.028635634590331638,-0.8785703984840585,0.0011157904821651084,0.0026729674092509097,0.002840744164352039,0.0037161020599744215,0.0020642250455481094,0.0016440391339400057,0.19803248934957485,13.100636186947877,0.2980495932780294,0.3390973925456644
1306,lbfgs_unbounded,105,514,,1,0.0037150240559889205,0.00045820378156459453,0.0048665824602297245,4.13968492868766e-06,1,5,,0,3.6522030794966305e-11,-12.550499340281107,-0.028633686907012134,-0.8785627285194251,0.0011117249091971786,0.0026729443959143304,0.0028406931297579145,0.0037150240559889205,0.0020643503694614874,0.0016440032730624852,0.1980275386539629,13.100254109125462,0.2980492688037479,0.3390971224599628
1307,lbfgs_unbounded,106,515,,1,0.003714004305672802,0.0010107892189341002,0.017862783483499765,4.193916623834565e-05,1,5,,0,2.9471416235393636e-11,-12.541511357895141,-0.02865806558201683,-0.8784704107029842,0.0010801647419991858,0.00267221194090532,0.00283967958217865,0.003714004305672802,0.0020648570504235735,0.0016435458197093453,0.1979620295638177,13.095571789102536,0.2980461078209783,0.3390947102493497
1308,lbfgs_unbounded,107,517,,1,0.0037020926855706915,0.0015906189046463505,0.01348320776563628,0.00010874545248935048,1,5,,0,3.467058952487607e-11,-12.489223687815784,-0.029053824959660437,-0.8782470154080537,0.0011080151848923932,0.002666873965410716,0.0028340067517078067,0.0037020926855706915,0.0020585305637980484,0.0016416624736982392,0.1977066420468753,13.080396774960988,0.29804030596443615,0.3390915944150986
1309,lbfgs_unbounded,108,519,,1,0.003700353793655024,0.0011480798768600479,0.017218669107859588,2.96362890665361e-05,1,5,,0,3.187108855680135e-11,-12.47828509023236,-0.029164552057258025,-0.8781771486359411,0.0011064028177294977,0.0026656539082499054,0.002832611732142933,0.003700353793655024,0.0020576752190818656,0.0016412033006274957,0.19764157432794427,13.076196783991808,0.2980382649517153,0.3390905339826443
1310,lbfgs_unbounded,109,532,,1,0.0036984119566058882,0.001148726951237664,0.017224161466837848,2.1795835024078146e-05,1,5,,0,3.094205783948848e-11,-12.468967096452504,-0.029249035951118506,-0.8781297953729965,0.001109252904203474,0.002664707493095159,0.0028315618691895756,0.0036984119566058882,0.0020567887688705895,0.0016408496577955632,0.19759056703062297,13.07282049048873,0.2980369251820104,0.33908982133486076
1311,lbfgs_unbounded,110,539,,1,0.00369839811295611,0.001577948346962401,0.02108619191141446,1.195336363166562e-07,1,5,,0,3.0909830627521694e-11,-12.468934168127694,-0.029249425005841358,-0.8781295581807376,0.0011092269909282414,0.0026647050193964314,0.002831558166538702,0.00369839811295611,0.0020567901134920736,0.0016408482835602028,0.19759031288178805,13.072796228537145,0.29803691653562747,0.33908981582317316
1312,lbfgs_unbounded,111,542,,1,0.0036930785068039146,0.0010707224249950971,0.01066518045619104,3.821830814857825e-05,1,5,,0,2.2058889183090594e-11,-12.485676571920116,-0.02913557497523193,-0.8781862969195441,0.0010896031850123322,0.002666755853022879,0.002833466667169417,0.0036930785068039146,0.0020601854830254143,0.0016414315357295049,0.19765135084991894,13.073793094993487,0.29803773125817934,0.33908988281900415
1313,lbfgs_unbounded,112,543,,1,0.003688224333694499,0.0015481377378690792,0.01958254749486169,3.142788587476111e-05,1,5,,0,1.7658655957934486e-11,-12.470907726117083,-0.029247105897700104,-0.8781203035054779,0.0011078554880208263,0.0026654970035243446,0.002831896969659844,0.003688224333694499,0.0020592936360851292,0.0016410084317330436,0.19758738392153188,13.068802967548535,0.2980366663138683,0.33908995210667964
1314,lbfgs_unbounded,113,546,,1,0.0036860377664711874,0.0019735980183473566,0.02762500151304571,1.0320901335778081e-05,1,5,,0,1.5644251343724685e-11,-12.466749058553408,-0.029281081903476294,-0.8781003515571568,0.001113422631181203,0.0026651996081345003,0.002831473834971041,0.0036860377664711874,0.0020592500848584613,0.0016408987114578646,0.19756810054127003,13.066940332373347,0.29803633912149724,0.33908999807251233
1315,lbfgs_unbounded,114,547,,1,0.00368299111147861,0.001547993738368704,0.019570025558523194,2.363743848276027e-05,1,5,,0,1.678760024749104e-11,-12.457045925152523,-0.02939012750657515,-0.878075926827506,0.0011345764944898338,0.0026639293672070055,0.002830160294427528,0.00368299111147861,0.0020574954578655683,0.0016405830731177037,0.19752542135257864,13.064416309026118,0.2980361294054842,0.33909049865202967
1316,lbfgs_unbounded,115,550,,1,0.0036361680791372262,0.0015964048570877194,0.013833248620365036,0.00035617856991344144,1,5,,0,2.5325127886451838e-11,-12.304840004730925,-0.031010192798295123,-0.8776508530234818,0.0014503670090148509,0.0026462268422508084,0.002811862997491265,0.0036361680791372262,0.002034646114665326,0.0016360419157597254,0.19687918979748253,13.023431778033894,0.2980321036663599,0.33909763408496296
1317,lbfgs_unbounded,116,558,,1,0.003635611732491337,0.0015964962700219319,0.013837568020609897,4.966004864491252e-06,1,5,,0,2.5439526924758226e-11,-12.302715697569829,-0.031032611107395656,-0.8776447874770654,0.0014546633152687654,0.0026459931506389203,0.002811627844489661,0.003635611732491337,0.002034351463699378,0.0016359824903560921,0.19687050313500054,13.022882732984975,0.298032048824629,0.33909773514074604
1318,lbfgs_unbounded,117,565,,1,0.0036355983465974156,0.0014538633503716626,0.01863933644910666,5.6805139487198706e-08,1,5,,0,2.5419134271418734e-11,-12.30270330936496,-0.031032657686529675,-0.8776447281757956,0.001454636589755573,0.002645992093986869,0.0028116261240116657,0.0036355983465974156,0.002034353618394818,0.0016359821716860129,0.19687042764561233,13.022871725398206,0.29803204720016496,0.3390977359021595
1319,lbfgs_unbounded,118,577,,1,0.003635027972247099,0.0015960724233297168,0.013822734467244614,1.583211709261061e-05,1,5,,0,2.2472771042157058e-11,-12.308861322586209,-0.030957755697716312,-0.8776592803928012,0.0014355560603097558,0.002646706870091677,0.0028122630675486435,0.003635027972247099,0.0020357110357508193,0.001636158435245338,0.19689223747382942,13.023422781416242,0.2980320387287173,0.33909747620737535
1320,lbfgs_unbounded,119,587,,1,0.0036350038992964597,0.0015960545845606989,0.013822105965249125,6.706259866833074e-07,1,5,,0,2.2354859933275495e-11,-12.309122785259364,-0.030954590151633023,-0.8776599015808383,0.0014347494671570317,0.0026467373285924047,0.0028122904347227056,0.0036350038992964597,0.0020357685785241963,0.0016361659627870963,0.19689316484047575,13.023446272792153,0.2980320385124634,0.33909746535093405
1321,lbfgs_unbounded,120,595,,1,0.0036349987822554665,0.001768673667474374,0.02194628736102236,2.4698259176851632e-08,1,5,,0,2.235149833559977e-11,-12.309129744742464,-0.03095447810200259,-0.8776599293898065,0.001434746343571211,0.0026467371577071656,0.0028122902189167795,0.0036349987822554665,0.002035769000822781,0.001636166336947604,0.19689320320557874,13.02344640413508,0.29803204059457833,0.3390974681844432
1322,lbfgs_unbounded,121,597,,1,0.003633096780660794,0.0011599774814651566,0.01731856272367889,1.877465988664783e-05,1,5,,0,2.5550318997788864e-11,-12.30228240756876,-0.031030116189162592,-0.8776464083622558,0.0014604578484862575,0.002645698988585442,0.002811346849294922,0.003633096780660794,0.002033987857801406,0.001636014432375165,0.19687248383458555,13.022717684723625,0.29803257259131216,0.3390985391163692
1323,lbfgs_unbounded,122,598,,1,0.0036281425520335742,0.001615103108904069,0.02274908023722474,4.817899326323642e-05,1,5,,0,3.4204003469320624e-11,-12.285449295727084,-0.031228351043131125,-0.8776226011129533,0.0015278152623197285,0.002643179662657984,0.0028090843226402516,0.0036281425520335742,0.0020296453305167,0.0016356155565222584,0.19681367379370054,13.019605954172444,0.29803387044027013,0.3391011628902712
1324,lbfgs_unbounded,123,609,,1,0.003627201447780882,0.0016199894584881269,0.022972809316466905,1.1250171836780127e-05,1,5,,0,3.6500302232035177e-11,-12.281366900813083,-0.031274223389119754,-0.87761671259334,0.0015431549417947448,0.002642600850863662,0.002808572384158276,0.003627201447780882,0.002028643438147483,0.0016355240279132019,0.1968001931805528,13.018919981143261,0.2980341870388251,0.3391017850856632
1325,lbfgs_unbounded,124,615,,1,0.003627170665136174,0.001495221260895168,0.01767309188512351,2.0910784212122577e-07,1,5,,0,3.651183177287661e-11,-12.281275165788843,-0.031275032017126586,-0.8776165862300382,0.0015433565745837834,0.002642588821018722,0.00280856062875419,0.003627170665136174,0.00202862717089504,0.0016355221662605428,0.19679991929585675,13.018901472148833,0.2980341956235781,0.33910179867241913
1326,lbfgs_unbounded,125,618,,1,0.0036269591389738584,0.0018771734329535302,0.02625555381854279,4.516414899494386e-06,1,5,,0,3.415191068966143e-11,-12.281615550115745,-0.03125935975079457,-0.8776174218190285,0.0015344058876983094,0.0026426873823470025,0.0028085868004632157,0.0036269591389738584,0.002029044025292044,0.001635539776173457,0.19680254928976132,13.018787404315615,0.29803424791947297,0.33910172549609613
1327,lbfgs_unbounded,126,620,,1,0.003625254402056564,0.0015983266851507779,0.013902050335006702,1.3677202264085778e-05,1,5,,0,2.8885208000968405e-11,-12.284213897066923,-0.031225647831132044,-0.8776332207955315,0.0015155167000225891,0.0026429926366854256,0.002808732545504597,0.003625254402056564,0.002030159780022893,0.0016356142482796376,0.19681233115633054,13.018365751198516,0.2980345072221921,0.3391016636777444
1328,lbfgs_unbounded,127,623,,1,0.0036228839363838727,0.0010761440340119727,0.01074016702149248,8.62202461036158e-06,1,5,,0,2.5940673468053665e-11,-12.284835700239084,-0.03122296238504312,-0.8776417190862035,0.0015093299286861605,0.0026428543133313787,0.0028084881950291157,0.0036228839363838727,0.0020305094796224535,0.0016356576151118378,0.19681671954766164,13.017862662233883,0.29803498527307,0.33910212322820776
1329,lbfgs_unbounded,128,629,,1,0.003622363567568096,0.0010761492059316127,0.010739714244787688,2.5646485835796976e-06,1,5,,0,2.504342114975139e-11,-12.284978464360508,-0.031218775424816575,-0.8776436207368055,0.001506720576764254,0.0026428263459164925,0.002808428827078109,0.003622363567568096,0.002030645331112966,0.0016356671684295645,0.1968177342363239,13.017682287347226,0.29803508846059706,0.3391022241667267
1330,lbfgs_unbounded,129,642,,1,0.0036223556066850853,0.002450477900022692,0.04073740185102527,2.964280198143862e-08,1,5,,0,2.504139650278547e-11,-12.284972187141454,-0.031218885283430146,-0.8776436215554135,0.0015067389793046394,0.0026428242830043133,0.0028084266503498366,0.0036223556066850853,0.0020306435221312466,0.0016356668708685793,0.1968176982770884,13.017678613577525,0.2980350894359006,0.3391022264613891
1331,lbfgs_unbounded,130,650,,1,0.0036220961207255463,0.0015986081698086223,0.01391296021967326,1.128223227168235e-05,1,5,,0,2.8339598471225837e-11,-12.282381892853062,-0.03127129866497834,-0.8776357706936292,0.0015236391180097676,0.002642294919898561,0.002807997717814612,0.0036220961207255463,0.0020294951001136948,0.0016355326842450617,0.1968020493067132,13.01728949556016,0.29803495721857204,0.3391025200282209
1332,lbfgs_unbounded,131,652,,1,0.0036220436279454193,0.0011614010992102995,0.01733350804091098,4.421452587105636e-06,1,5,,0,2.980499273075723e-11,-12.281549428237728,-0.03128143424011796,-0.8776299989979996,0.0015297896369645967,0.0026421463588953346,0.002807892807869625,0.0036220436279454193,0.0020291512780531177,0.0016355131093229716,0.19679948007255374,13.017405555122956,0.29803488028171843,0.3391026290516111
1333,lbfgs_unbounded,132,655,,1,0.003622029845158502,0.001452773691971364,0.018757002646933994,4.4715206548232846e-07,1,5,,0,2.964418111684576e-11,-12.281660041968841,-0.03127976138685359,-0.8776304285878725,0.0015291181602090408,0.002642163783962863,0.0028079053181877364,0.003622029845158502,0.0020291974023950916,0.0016355173884697231,0.196799964567859,13.017400918855545,0.298034883196937,0.33910261937960023
1334,lbfgs_unbounded,133,661,,1,0.0036218782397443756,0.0024504682896147657,0.040714656524534446,3.7610243225684967e-06,1,5,,0,2.847219555329659e-11,-12.282508080234036,-0.03126475695347999,-0.8776337752439347,0.001523711208506442,0.0026423329569228403,0.002808039417718106,0.0036218782397443756,0.0020295559353033354,0.0016355574620561637,0.19680468462986994,13.017499716283595,0.29803494413402865,0.3391025244300039
1335,lbfgs_unbounded,134,665,,1,0.0036218762768617345,0.0014527554043758874,0.01875159062678932,6.637600622501641e-08,1,5,,0,2.8492904805875926e-11,-12.282493207267624,-0.031265051674382614,-0.8776337260867899,0.0015238106899651705,0.0026423299410881463,0.0028080370227558794,0.0036218762768617345,0.002029549326307541,0.001635556722189485,0.19680459727986688,13.017497719515331,0.2980349433071608,0.33910252614953373
1336,lbfgs_unbounded,135,666,,1,0.003621865677698051,0.0024504567931437375,0.04071042460849608,1.587253719380792e-06,1,5,,0,2.9007719319212827e-11,-12.282145328685468,-0.03127323228708299,-0.8776329379839448,0.0015263411382574444,0.0026422569786759276,0.0028079794653296138,0.003621865677698051,0.002029380557135169,0.0016355378079227062,0.19680235854802006,13.017441835995836,0.29803493213242305,0.33910256787589527
1337,lbfgs_unbounded,136,668,,1,0.0036218604094443887,0.0011614222103759038,0.017334539728558307,1.6799950699770102e-06,1,5,,0,2.956121926480681e-11,-12.281776635577213,-0.031281880028346226,-0.8776320981730951,0.0015290163456875014,0.002642179881854133,0.0028079188629156525,0.0036218604094443887,0.0020292020234206785,0.0016355178170118676,0.19679999041390936,13.01738284155342,0.29803492021782596,0.3391026120259591
1338,lbfgs_unbounded,137,676,,1,0.0036218294488970485,0.0011613781613040463,0.0173317275821211,5.204950017316262e-06,1,5,,0,3.132704890421541e-11,-12.280642254325766,-0.03130923015439075,-0.8776296748217343,0.0015373235673492444,0.0026419399561793968,0.0028077310102430394,0.0036218294488970485,0.0020286468888177462,0.0016354552957584248,0.19679256630303574,13.017189555477549,0.29803488532514183,0.3391027506451947
1339,lbfgs_unbounded,138,678,,1,0.0036217966028034886,0.0015989772570846749,0.013923993277076399,3.0194404040912884e-06,1,5,,0,3.2200878606523404e-11,-12.279780120614047,-0.031315961574940245,-0.877628261180779,0.0015423052271558667,0.0026418569733497577,0.00280766585262075,0.0036217966028034886,0.0020284036398754797,0.0016354387201471762,0.19679037675599462,13.017050885682035,0.2980350091297814,0.3391029822242926
1340,lbfgs_unbounded,139,680,,1,0.00362164420286837,0.0014961977776587656,0.017744498867628293,2.5429970178761614e-05,1,5,,0,2.3850236715783008e-11,-12.28313756619993,-0.031127031336365518,-0.8776386927266356,0.001507540733663884,0.0026433378948305533,0.002808839910182964,0.00362164420286837,0.0020314173720053013,0.0016358635609309382,0.19683898489029764,13.017700359898933,0.29803626477048456,0.3391035401223809
1341,lbfgs_unbounded,140,698,,1,0.00362082492675899,0.0014964927712663124,0.017769231379729772,1.8660202424450348e-05,1,5,,0,1.911266429434138e-11,-12.286563129013524,-0.03101213875319902,-0.8776484010813702,0.0014802058176566833,0.002644365519763436,0.002809698891868891,0.00362082492675899,0.002033523865107271,0.0016361389751429355,0.1968707130467322,13.018343408963846,0.2980368142142394,0.33910348417166514
1342,lbfgs_unbounded,141,702,,1,0.0036205686995732407,0.0033667410492182223,0.07941604171671061,4.155166017396512e-06,1,5,,0,1.9314893916137073e-11,-12.285703325064397,-0.031021380972925866,-0.8776459288075393,0.0014846410205626435,0.002644315231042352,0.0028096331814640267,0.0036205686995732407,0.002033435504203179,0.0016361570696776728,0.1968725821879724,13.01825897751979,0.2980370918195867,0.33910401323208067
1343,lbfgs_unbounded,142,711,,1,0.0036146136184594976,0.0033707150103886373,0.07951838912992971,3.4998126230066357e-05,1,5,,0,2.3347455722221797e-11,-12.27771811243283,-0.031147605299992484,-0.8776230678827307,0.0015308207609045722,0.002643428575770845,0.002808731697555086,0.0036146136184594976,0.0020317227891348847,0.0016361474662895587,0.19686986677442556,13.017338053222264,0.2980388080512346,0.3391078540502043
1344,lbfgs_unbounded,143,723,,1,0.003614492700699073,0.0033707784758733772,0.07952015304233835,4.473170955263978e-07,1,5,,0,2.336583992970479e-11,-12.277663054546988,-0.031148259915746285,-0.8776227314782871,0.0015310924745439768,0.0026434336927892484,0.0028087341051330427,0.003614492700699073,0.0020317269314218812,0.0016361527949722656,0.1968703625406732,13.017338802326545,0.2980388356277252,0.3391079110983526
1345,lbfgs_unbounded,144,739,,1,0.0036144897684355515,0.003370780019467037,0.07952019666143857,1.0465355575684529e-08,1,5,,0,2.3366157834112332e-11,-12.277661885748069,-0.031148272146260883,-0.8776227235260572,0.0015310967878352628,0.0026434338610780545,0.002808734203153335,0.0036144897684355515,0.0020317271064525934,0.0016361529356129468,0.19687037563379275,13.017338864582696,0.2980388362786246,0.3391079124360297
1346,lbfgs_unbounded,145,756,,1,0.003614489714799983,0.0031362412981161087,0.06961774854309828,1.9070779717604008e-10,1,5,,0,2.336616344956617e-11,-12.277661864774272,-0.031148272362467037,-0.8776227233810903,0.0015310968636135693,0.002643433864246362,0.0028087342050260524,0.003614489714799983,0.002031727109806402,0.0016361529382072375,0.19687037587542736,13.017338865799935,0.29803883629049877,0.3391079124604106
1347,lbfgs_unbounded,146,757,,1,0.0036129154138464636,0.0017830296929464459,0.02188562127266728,8.975228921252169e-05,1,5,,0,4.767084940181439e-11,-12.249195785800586,-0.03164286192575772,-0.8775746393732395,0.001593991488180662,0.0026387592584574044,0.0028047354069558415,0.0036129154138464636,0.002023414465434198,0.001635301945896068,0.1967753023331179,13.01433627430903,0.2980408888174525,0.3391142855180032
1348,lbfgs_unbounded,147,758,,1,0.0036079470321539976,0.0004625509468765807,0.004972854986625277,1.3668194064966035e-05,1,5,,0,4.860179203147592e-11,-12.248863391086282,-0.03168815166616206,-0.8775705538245143,0.0016464673796917348,0.0026381124041018754,0.002803982502805499,0.0036079470321539976,0.002022469952269958,0.001635074447475914,0.196757051838534,13.01232840188699,0.29804150857407957,0.33911582881862007
1349,lbfgs_unbounded,148,776,,1,0.003605801650788205,0.00046310041450495313,0.004975840091366454,4.9042089645866e-05,1,5,,0,6.845221853855056e-11,-12.231580470268149,-0.03192629477135278,-0.8775373430247239,0.0016822084180681547,0.002635688838218656,0.002802021302212772,0.003605801650788205,0.002018114805617239,0.0016346143267847457,0.19670520816964412,13.010464170612353,0.2980427135747424,0.33911935178712244
1350,lbfgs_unbounded,149,800,,1,0.0036057079859970554,0.00046312506179200076,0.004975970197944497,2.139599821597719e-06,1,5,,0,6.946123744953193e-11,-12.230825893112492,-0.03193665416447924,-0.877535895859111,0.0016837702843285484,0.002635585303241855,0.0028019400772039734,0.0036057079859970554,0.002017925558984701,0.0016345946302386454,0.1967029737191813,13.010385040935313,0.29804276645692473,0.3391195055990586
1351,lbfgs_unbounded,150,812,,1,0.0036057072910636078,0.00045848665022088785,0.004874550497992905,1.5874032888104427e-08,1,5,,0,6.946877201437898e-11,-12.23082029461263,-0.03193673101304792,-0.8775358851229229,0.0016837818728881876,0.0026355845358041314,0.0028019394759741167,0.0036057072910636078,0.002017924155175156,0.0016345944842289445,0.19670295715034034,13.010384454579919,0.29804276684936315,0.33911950674024866
1352,lbfgs_unbounded,151,813,,1,0.0036054210592001514,0.00179376485230268,0.021867808910353934,2.7366714870246648e-06,1,5,,0,6.947300670835732e-11,-12.229389220130827,-0.03192581235726752,-0.87753175590432,0.0016645250542130221,0.0026356366243092256,0.0028020102814325628,0.0036054210592001514,0.0020180438127767814,0.0016346257724455394,0.19670429527545175,13.010676961929013,0.29804259984307313,0.3391192018320954
1353,lbfgs_unbounded,152,814,,1,0.0036047581213593666,0.0011619164652808388,0.017303399152486347,6.036240463481345e-06,1,5,,0,6.985432176570712e-11,-12.224407061334139,-0.031909509130454185,-0.8775151285540342,0.0016264559724645201,0.002635486119670814,0.002801860573703242,0.0036047581213593666,0.002017992180407976,0.0016346132454336608,0.1966994684680291,13.01058971385165,0.29804236296590547,0.3391189851490078
1354,lbfgs_unbounded,153,815,,1,0.003603837229631001,0.001456429985992484,0.018988287779355205,2.8555152837115916e-06,1,5,,0,6.99736430921462e-11,-12.22381753971954,-0.03190979781249515,-0.8775155933858142,0.0016199322900842185,0.0026353994023631346,0.002801748684583192,0.003603837229631001,0.0020178474284320356,0.0016345776814517664,0.19669476881631007,13.009891112526901,0.29804251473578675,0.33911930372638077
1355,lbfgs_unbounded,154,817,,1,0.0036037167873149848,0.003236716993703555,0.07044989234784543,3.677720959304126e-06,1,5,,0,7.012813705590389e-11,-12.222843302661373,-0.03190966610982492,-0.8775155414215338,0.0016096422467551626,0.002635279825208407,0.002801597299627099,0.0036037167873149848,0.0020176504947941997,0.0016345386937687083,0.19668965074503827,13.009113965655287,0.29804275164628646,0.33911975301776204
1356,lbfgs_unbounded,155,818,,1,0.003602686258215697,0.0004631053500934581,0.004977593898407793,5.723362713266807e-06,1,5,,0,7.022332510802928e-11,-12.218832616683574,-0.031895566607669554,-0.8775063871285116,0.001566615215949218,0.0026351070275811793,0.0028013834616674974,0.003602686258215697,0.0020174824545722745,0.0016345022254444313,0.19668181452094963,13.008194069904153,0.2980428383889559,0.3391200465755088
1357,lbfgs_unbounded,156,823,,1,0.00360152699412364,0.0004630836404062921,0.004978165037005111,6.428323479645545e-06,1,5,,0,7.052733001580564e-11,-12.214009572086493,-0.031880518810080305,-0.8774947101065896,0.0015173938101238492,0.0026349068631492394,0.002801147757124105,0.00360152699412364,0.002017292472733451,0.001634464189530299,0.19667314974109923,13.00727564037056,0.29804288249562183,0.3391203033739173
1358,lbfgs_unbounded,157,830,,1,0.00360150115466172,0.00046308315606491185,0.004978177725690831,1.4323731734310789e-07,1,5,,0,7.053413080888304e-11,-12.213902126310634,-0.03188018344779997,-0.8774944499300272,0.0015162970675560016,0.0026349024116396023,0.002801142516637071,0.00360150115466172,0.0020172882492133426,0.0016344633443409592,0.19667295685022984,13.007255187227644,0.29804288348214614,0.33912030909816215
1359,lbfgs_unbounded,158,837,,1,0.0036015010735094733,0.0004495540486631874,0.004650663794885284,4.4985246802072584e-10,1,5,,0,7.053415163978029e-11,-12.21390178886693,-0.031880182394553445,-0.8774944491129152,0.0015162936231173506,0.002634902397659763,0.0028011425001795666,0.0036015010735094733,0.0020172882359495935,0.0016344633416867128,0.1966729562444479,13.007255122993167,0.29804288348524466,0.3391203091161399
1360,lbfgs_unbounded,159,840,,1,0.003601409310032538,0.0016080556087604981,0.014104608206719528,6.181600296723198e-07,1,5,,0,7.058590400958269e-11,-12.213605886551674,-0.031879157331262474,-0.8774931084096644,0.0015189933102701413,0.0026348836625428996,0.002801126534400019,0.003601409310032538,0.0020172742808359056,0.0016344589913736727,0.19667273820139738,13.007277674177868,0.2980428860050593,0.3391203125393916
1361,lbfgs_unbounded,160,841,,1,0.0036011061749624948,0.00166406107581378,0.024976172035485862,2.3199398557856873e-06,1,5,,0,7.070166323350008e-11,-12.212381254976401,-0.031877066614281156,-0.8774896046957908,0.0015158139934733973,0.0026347776545932373,0.002801004414018599,0.0036011061749624948,0.002017153483832263,0.0016344316165624478,0.19666957170162616,13.006908347168595,0.29804299533045614,0.33912055531390173
1362,lbfgs_unbounded,161,842,,1,0.003599489125959535,0.009210932967621554,0.25849163101311373,1.8348521505712737e-05,1,5,,0,7.173282333921787e-11,-12.202382089402043,-0.03185873837795521,-0.8774598347339004,0.0014996871388040854,0.0026339290769677145,0.002800043323253986,0.003599489125959535,0.0020162000862578105,0.0016342110099260595,0.19664488810379968,13.004154963842657,0.2980438335771284,0.33912240152844153
1363,lbfgs_unbounded,162,843,,1,0.00359861183195061,0.0033984977308052847,0.08036354735822634,4.157444632959228e-06,1,5,,0,7.196143189549195e-11,-12.200223364678573,-0.03185677273673232,-0.877454118379909,0.001494969550721872,0.0026336691562747856,0.002799752496921652,0.00359861183195061,0.0020158776138351196,0.0016341235035499419,0.19663573895479367,13.00327438141649,0.2980440023228693,0.33912281624386426
1364,lbfgs_unbounded,163,845,,1,0.003598497520895586,0.001663661806195332,0.02496840160555152,5.672446742744342e-07,1,5,,0,7.193040041276238e-11,-12.20060515119256,-0.03185827905257486,-0.8774551289147272,0.0014954657415232203,0.002633693205376825,0.0027997783176988305,0.003598497520895586,0.002015901520854997,0.0016341287170946097,0.19663634649072295,13.003349133519382,0.29804396829185437,0.33912275809539316
1365,lbfgs_unbounded,164,846,,1,0.0035976702507495278,0.0015016568461855796,0.01801635585268234,9.347937753473374e-06,1,5,,0,7.246980193213492e-11,-12.195971232617804,-0.031854737352336675,-0.877441208069557,0.001486086887920428,0.002633223958494876,0.0027992422000034777,0.0035976702507495278,0.0020153399484496826,0.0016339914204556672,0.19662129049716678,13.001760610607295,0.29804434615135805,0.3391236916955587
1366,lbfgs_unbounded,165,858,,1,0.0035969539941284965,0.0027014559432337252,0.04824004963105015,8.05396899498947e-06,1,5,,0,7.292979402794098e-11,-12.191982569142718,-0.03185318758211466,-0.877429452519982,0.0014767337428498984,0.0026328200011113173,0.0027987800733070725,0.0035969539941284965,0.0020148552970658067,0.0016338731200656819,0.1966081702079207,13.000372491064802,0.29804466657830103,0.33912449628435
1367,lbfgs_unbounded,166,861,,1,0.0035969503875381047,0.0015019692853686832,0.01803207513799962,5.214355809423005e-07,1,5,,0,7.289050887406216e-11,-12.192192455400699,-0.031853508169993494,-0.8774302032611804,0.0014764985009714019,0.00263284623738734,0.0027988096287799415,0.0035969503875381047,0.002014887405974037,0.00163388189624725,0.19660903517245654,13.00046148306984,0.29804464778118417,0.33912444649069157
1368,lbfgs_unbounded,167,863,,1,0.0035966382610554404,0.0016634493265918668,0.024966493314777807,1.9434064323998617e-06,1,5,,0,7.283823986657172e-11,-12.190987050985218,-0.031860265952023355,-0.8774289067085783,0.0014606650639369424,0.0026327775521942168,0.00279872303297276,0.0035966382610554404,0.0020148095966341646,0.001633875571146596,0.19660660975560817,13.00017352568415,0.29804470550651474,0.3391246032942105
1369,lbfgs_unbounded,168,866,,1,0.0035945352375078184,0.0014459277471470483,0.016545470925089508,2.4906656922813505e-05,1,5,,0,7.244520321936522e-11,-12.173868457298518,-0.031851713620278756,-0.8773922843275923,0.0013328262418572767,0.0026316406481010505,0.0027973620834117877,0.0035945352375078184,0.0020135330801476937,0.0016336754428824683,0.1965724681598755,12.996208274570446,0.2980460253440832,0.3391272865747539
1370,lbfgs_unbounded,169,873,,1,0.0035882880852791937,0.0018970602702386937,0.027608278650521373,7.857803134854151e-05,1,5,,0,7.250757404302696e-11,-12.120618163397289,-0.03181825980492814,-0.8772712748259677,0.0009548425433907357,0.0026280102226984028,0.002793117806708888,0.0035882880852791937,0.002009470710255754,0.0016330195928939847,0.19646424034557242,12.98385832933395,0.2980502736687048,0.33913585580384625
1371,lbfgs_unbounded,170,878,,1,0.0035882800638308942,0.00145022737498933,0.01651769509436076,1.5771343995669246e-07,1,5,,0,7.251183351839182e-11,-12.120726698171467,-0.031818336838434214,-0.8772715116294306,0.0009557250693347432,0.002628016693826509,0.00279312567913057,0.0035882800638308942,0.0020094774423365116,0.0016330208068857325,0.19646445308952018,12.983883184743686,0.29805026639353954,0.33913584112260486
1372,lbfgs_unbounded,171,880,,1,0.0035861039914615563,0.0027066157112979757,0.047991237122407535,3.549004954211841e-05,1,5,,0,7.52246713605668e-11,-12.098658683525965,-0.031798015855501245,-0.8772122128612426,0.0008648711802662452,0.0026260857656118515,0.0027910687922977715,0.0035861039914615563,0.0020071142800122937,0.0016326786886760555,0.19641572337069108,12.978656221931903,0.2980527474523063,0.339140749482491
1373,lbfgs_unbounded,172,883,,1,0.0035808858356209125,0.0034477493917964156,0.08214398653404426,5.8185033992366437e-05,1,5,,0,7.835053875883397e-11,-12.060724581216162,-0.03179056379485007,-0.8771202047462563,0.0006623997833687805,0.002623046493312794,0.0027877642535934877,0.0035808858356209125,0.0020034297011307105,0.0016321828356353559,0.19633674164166784,12.969966935177265,0.29805667723782536,0.33914859876133957
1374,lbfgs_unbounded,173,887,,1,0.003579591029997258,0.002057800729449445,0.02835729728132768,2.853666003036887e-05,1,5,,0,7.994580737464133e-11,-12.04218647746109,-0.03178568168384407,-0.8770749452545566,0.0005646917098327154,0.0026215724154636565,0.0027861701994025302,0.003579591029997258,0.0020016435056434364,0.0016319416584117676,0.19629828274251757,12.965725084240384,0.29805861576050746,0.3391524559099401
1375,lbfgs_unbounded,174,894,,1,0.0035793110329309687,0.002058229109691278,0.028363789465624414,9.438270253552545e-06,1,5,,0,8.055226980794261e-11,-12.036084852561578,-0.03178483980370118,-0.8770599344112245,0.000533012300675973,0.00262107862940004,0.0027856421584707683,0.0035793110329309687,0.002001043909656898,0.0016318602131736983,0.19628542782673694,12.964319535091704,0.2980592651103055,0.3391537478437628
1376,lbfgs_unbounded,175,914,,1,0.003579309920823096,0.0015648043799825983,0.01608994803454112,3.791416944561305e-08,1,5,,0,8.055471674164938e-11,-12.036060344885836,-0.03178483638134268,-0.8770598741047774,0.0005328851050142069,0.002621076648330081,0.0027856400413333563,0.003579309920823096,0.0020010415044142663,0.0016318598864549858,0.19628537622408762,12.964313891431553,0.29805926771994495,0.3391537530339915
1377,lbfgs_unbounded,176,917,,1,0.0035786410152665875,0.0034555974381538417,0.08243646246837152,7.339373563189105e-06,1,5,,0,7.981195064179406e-11,-12.038667511787736,-0.031824036637203144,-0.8770738349693513,0.000508399614901865,0.002621347812548017,0.0027859150321039652,0.0035786410152665875,0.002001369821679224,0.0016319445677869353,0.19629176986219535,12.965017126736825,0.29805881822644814,0.3391529953110553
1378,lbfgs_unbounded,177,919,,1,0.0035762846210172384,0.002056123455314135,0.02835679511956988,4.493692162253684e-06,1,5,,0,7.95742782920945e-11,-12.037762704030998,-0.031843340510133475,-0.8770735483650702,0.00047051598122382964,0.00262136954273563,0.0027859057497360506,0.0035762846210172384,0.0020013918912170155,0.001632039895935971,0.19629595972178587,12.965184773693704,0.29805891964492515,0.33915333554221994
1379,lbfgs_unbounded,178,922,,1,0.00357452429352357,0.00166754901873919,0.025306465410444394,7.012342966397691e-06,1,5,,0,7.88349316128901e-11,-12.038938599440835,-0.031887869220026184,-0.8770836719182237,0.0004230862026316009,0.0026215820786678616,0.002786097641089392,0.00357452429352357,0.002001647255273327,0.001632172460239024,0.1963035777110298,12.965801156810947,0.2980586609477025,0.3391530356216154
1380,lbfgs_unbounded,179,925,,1,0.0035744851381552074,0.0014567605226422963,0.01633963332450357,1.6206635601256574e-07,1,5,,0,7.879275668570712e-11,-12.038866809074202,-0.03188873643144797,-0.8770836924944085,0.00042159993145781814,0.0026215795682960736,0.002786093081955066,0.0035744851381552074,0.0020016464433541452,0.001632174601007881,0.1963036164504665,12.96579721728726,0.2980586686908481,0.3391530498175156
1381,lbfgs_unbounded,180,927,,1,0.003574237718607446,0.002054658035065477,0.028352365724846784,9.256861609283247e-07,1,5,,0,7.875293238596265e-11,-12.038377171534082,-0.03188472053769868,-0.8770819483087174,0.0004240639634047246,0.0026215285395539195,0.0027860378600392476,0.003574237718607446,0.0020015957219965343,0.001632160803871551,0.19630251154258715,12.965679858832154,0.29805875522100317,0.33915317508244636
1382,lbfgs_unbounded,181,929,,1,0.0035741596767834057,0.0014567402750600366,0.016336168930613494,2.518481068467052e-07,1,5,,0,7.873651810972959e-11,-12.03840955651363,-0.03188679373048157,-0.877082137480355,0.0004223922171051203,0.0026215267347359066,0.0027860361870959863,0.0035741596767834057,0.002001597260422636,0.0016321667865856985,0.19630285817682355,12.965704654357548,0.2980587677140724,0.339153201191158
1383,lbfgs_unbounded,182,937,,1,0.003574127561916577,0.0014567409806463562,0.016335857503759953,7.579626230621899e-08,1,5,,0,7.872700902614467e-11,-12.03838674306579,-0.031887273812392,-0.8770820823078099,0.00042196786644405965,0.002621522418243759,0.0027860316441757657,0.003574127561916577,0.002001594271515107,0.0016321680124167814,0.19630291030401495,12.965705869423074,0.29805877868028813,0.33915321979562435
1384,lbfgs_unbounded,183,947,,1,0.0035741275156588453,0.001040314402127694,0.00903661789879967,9.664571404854186e-11,1,5,,0,7.872699037169475e-11,-12.038386740381412,-0.03188727456572561,-0.87708208228353,0.00042196731348003537,0.0026215224144409896,0.0027860316401159936,0.0035741275156588453,0.002001594269811965,0.001632168014572513,0.19630291043287004,12.965705876340506,0.2980587786948182,0.3391532198193564
1385,lbfgs_unbounded,184,956,,1,0.0035740612640593867,0.0014567704248794758,0.016308860027242432,4.201942921872304e-06,1,5,,0,7.93663641949211e-11,-12.034782544813437,-0.03188031734984066,-0.8770755105850289,0.000415358240019107,0.0026212278840139136,0.0027857293735403525,0.0035740612640593867,0.0020012801771417603,0.001632120642241387,0.19629645977274351,12.965088246941015,0.29805894218996287,0.3391535999929862
1386,lbfgs_unbounded,185,962,,1,0.003574061262514574,0.0013734560224935427,0.014316552252483876,2.7946910915324163e-09,1,5,,0,7.936679036913044e-11,-12.03478014168141,-0.031880312668523814,-0.8770755062109411,0.0004153540150830771,0.002621227686968031,0.0027857291715635665,0.003574061262514574,0.002001279967273667,0.0016321206100941685,0.19629645544235652,12.965087833796652,0.2980589422992922,0.3391536002455501
1387,lbfgs_unbounded,186,963,,1,0.003573973202864549,0.002055073097227184,0.02835414553759462,5.40777203461695e-07,1,5,,0,7.930956513057143e-11,-12.034849165213835,-0.031879601070112694,-0.8770758180408798,0.00041922181690024727,0.002621216622742984,0.002785720492888599,0.003573973202864549,0.0020012754219253387,0.0016321089847783515,0.1962959089934295,12.965066723459557,0.298058944416009,0.33915357067649865
1388,lbfgs_unbounded,187,967,,1,0.003573837220403099,0.0020550421661439684,0.02835110176093871,9.555849652459538e-07,1,5,,0,7.919993727620874e-11,-12.035200418742031,-0.03187979564084476,-0.8770769339636982,0.00042471039888241626,0.0026212198307156006,0.0027857285303836622,0.003573837220403099,0.0020012891248998876,0.0016320959152385725,0.19629553679635595,12.96508102307782,0.29805892736920325,0.3391534910190507
1389,lbfgs_unbounded,188,977,,1,0.003573830119161222,0.0010852868102516644,0.014544488203665367,2.6496612954075145e-08,1,5,,0,7.919371019455479e-11,-12.035217522519297,-0.03187977235553691,-0.8770769639298888,0.0004248182662293883,0.002621220306655965,0.002785729109682438,0.003573830119161222,0.0020012897284122045,0.0016320956984038765,0.19629554041590763,12.965082240418461,0.2980589282466866,0.3391534904229528
1390,lbfgs_unbounded,189,984,,1,0.0035736739270393653,0.0024447312354832808,0.02698456457752183,6.019937076483841e-07,1,5,,0,7.897953904105143e-11,-12.035739970276964,-0.03187817078294341,-0.8770772164499424,0.0004237773315758411,0.0026212435399601644,0.00278575189273274,0.0035736739270393653,0.0020013063922894336,0.0016321004751218423,0.19629624140338492,12.96513352544942,0.29805900146777653,0.3391535614791332
1391,lbfgs_unbounded,190,985,,1,0.003573549073612952,0.002054770079512878,0.028349418475684986,1.8098224497448878e-07,1,5,,0,7.894409579670765e-11,-12.03587761586208,-0.03187830862692806,-0.8770774219980986,0.0004234079378488548,0.0026212431695845214,0.0027857509859176236,0.003573549073612952,0.0020013136359867127,0.0016321011145870997,0.19629633804170624,12.965143709579374,0.29805899625159876,0.3391535507489034
1392,lbfgs_unbounded,191,986,,1,0.003573277434952467,0.0033600160308336832,0.07482972169873828,9.442253695849034e-07,1,5,,0,7.865228886235004e-11,-12.036748272235307,-0.03187733549142549,-0.8770782830819847,0.0004216306794385594,0.0026212683131222737,0.0027857748147015063,0.003573277434952467,0.0020013504647112537,0.0016321076657042093,0.19629730429489306,12.965224849209571,0.29805904973668157,0.33915358527027867
1393,lbfgs_unbounded,192,992,,1,0.003572827043964963,0.001911507761478698,0.028360022991405734,1.5758871778363256e-06,1,5,,0,7.81225378788707e-11,-12.038221451914431,-0.03187465377326821,-0.8770794963997884,0.0004188451323221859,0.002621304364007422,0.0027858079837868137,0.003572827043964963,0.0020014065019690165,0.0016321166990905785,0.19629882459535436,12.965348404249468,0.2980591638232578,0.3391536715023083
1394,lbfgs_unbounded,193,993,,1,0.003570710587961598,0.001486654855989827,0.018595293635648276,8.107593725598126e-06,1,5,,0,7.712467153204058e-11,-12.034361943865768,-0.031843935558645176,-0.8770659821088823,0.00038455523343824667,0.0026206366114767178,0.0027850875103199776,0.003570710587961598,0.0020008004141072364,0.0016320379191151182,0.1962885128234718,12.96420866307807,0.29806018438217924,0.3391552121930263
1395,lbfgs_unbounded,194,995,,1,0.003564684820298774,0.001508125691255691,0.018454838298151213,2.915548749784556e-05,1,5,,0,7.290858141987728e-11,-12.022252629359851,-0.03172261138241053,-0.8770178608351442,0.0002577172502642543,0.0026182366672721506,0.002782507391853171,0.003564684820298774,0.0019986484399370998,0.001631749808979724,0.19625206470838402,12.960155639415468,0.2980640741765179,0.33916094541874703
1396,lbfgs_unbounded,195,996,,1,0.003564411114834083,0.0004604743438009704,0.004987428958892495,6.740839245500269e-06,1,5,,0,7.361516651660197e-11,-12.025611792340612,-0.03177050406349194,-0.8770295820659589,0.000279509208869041,0.0026185409868880564,0.002782845945273234,0.003564411114834083,0.001998856959389203,0.001631727317341089,0.19625148582847185,12.960507871519672,0.2980630739985477,0.3391596032777348
1397,lbfgs_unbounded,196,998,,1,0.003561212015709172,0.0015075249848340013,0.018440953072707385,4.236201462637893e-05,1,5,,0,6.872733425703489e-11,-12.004080564720448,-0.03168574023178989,-0.876952395203692,6.678176067880575e-05,0.002614922561850502,0.0027789586917572363,0.003561212015709172,0.001995746715508868,0.0016312461184996103,0.19618636034123196,12.954065531884785,0.2980670115543983,0.33916643983216116
1398,lbfgs_unbounded,197,1013,,1,0.0035604476329259586,0.0015073854625985593,0.01843715712334713,5.941697613210119e-06,1,5,,0,6.807696017907236e-11,-12.00108208110685,-0.03168194142003724,-0.8769415196447422,3.4643371573896164e-05,0.0026143687518822467,0.0027783698892325033,0.0035604476329259586,0.0019952644255766755,0.001631159761690156,0.1961750910349801,12.953038724735894,0.29806745833148124,0.3391673138816686
1399,lbfgs_unbounded,198,1025,,1,0.003560443836905506,0.0015073847726881219,0.018437136427428426,2.9458152578587593e-08,1,5,,0,6.807373968108583e-11,-12.001067133696237,-0.03168192199008207,-0.8769414654386847,3.4484759352082445e-05,0.0026143659612383975,0.0027783669264469114,0.003560443836905506,0.001995261973015396,0.0016311593106789067,0.19617503309885312,12.953033488661509,0.2980674605261032,0.339167318205182
1400,lbfgs_unbounded,199,1042,,1,0.0035604436187636327,0.001421646041118439,0.016300158961530344,1.6925484344719704e-09,1,5,,0,6.807355471828727e-11,-12.001066274481282,-0.03168192087032416,-0.8769414623227811,3.4475649499490145e-05,0.0026143658006499695,0.0027783667559610537,0.0035604436187636327,0.0019952618317513695,0.0016311592846372921,0.19617502975847642,12.953033186999162,0.29806746065208756,0.3391673184535398
1401,lbfgs_unbounded,200,1043,,1,0.0035590540432543197,0.001475185561734808,0.01812485267180696,3.5372897488311948e-06,1,5,,0,6.845904312035513e-11,-12.002504504413723,-0.031725850475976175,-0.8769462380810008,3.6492866360362e-05,0.0026144094463070584,0.0027784213139973968,0.0035590540432543197,0.0019952772364684778,0.0016311173977587915,0.19617058663176543,12.95296251998073,0.29806672582146293,0.3391664903519597
1402,lbfgs_unbounded,201,1044,,1,0.003557933423185307,0.004093814827662136,0.09653906497636618,2.6200921751285625e-06,1,5,,0,6.806728768801556e-11,-12.001174728627387,-0.03171264606378666,-0.8769402590007577,3.114657587030554e-05,0.0026139498607464576,0.0027779519319788082,0.003557933423185307,0.001994742323160047,0.0016309500276765496,0.19615494185672636,12.951732449766133,0.2980670018541446,0.3391669605660048
1403,lbfgs_unbounded,202,1045,,1,0.0035569548548497207,0.001472756868269261,0.018016839446943204,1.8037362272148853e-06,1,5,,0,6.792038555094401e-11,-12.00100415210165,-0.031722944718815455,-0.8769383349527953,3.2403309492667864e-05,0.0026134946125505342,0.002777493883481097,0.0035569548548497207,0.0019941460457761784,0.0016307243944067927,0.19613413605845242,12.95030992489622,0.29806675143852857,0.33916681472152854
1404,lbfgs_unbounded,203,1047,,1,0.003556874900730451,0.0016210673476133874,0.014309002643567277,3.3294307608281115e-06,1,5,,0,6.754057864741773e-11,-12.000226775909407,-0.031734650499125154,-0.8769329709983046,3.25829692815763e-05,0.0026125858953359405,0.0027765826949688486,0.003556874900730451,0.00199298696101699,0.0016302974204152945,0.1960947216829067,12.947555437566924,0.2980664464399589,0.33916675198114593
1405,lbfgs_unbounded,204,1048,,1,0.0035564636597394403,0.0004595676264919064,0.004987852186804088,1.6208425320937233e-06,1,5,,0,6.734889710307647e-11,-11.99971342540732,-0.03173124559261783,-0.8769299102509894,2.410098336426132e-05,0.00261248304732547,0.0027764719566363213,0.0035564636597394403,0.001992954700922097,0.0016302980840458988,0.19609420220755377,12.947416085738054,0.2980666230167441,0.3391670323447723
1406,lbfgs_unbounded,205,1056,,1,0.0035559099644930747,0.00045952138994205256,0.004987967497786598,2.846898013429745e-06,1,5,,0,6.692132887301525e-11,-11.998419021682324,-0.031730613409211586,-0.8769228855215755,1.0585031533223984e-05,0.0026120395573930983,0.0027760196950900556,0.0035559099644930747,0.001992531124295403,0.0016301631118813063,0.19608074324323763,12.946337552981625,0.29806682834197523,0.3391674761620254
1407,lbfgs_unbounded,206,1069,,1,0.003555892054612949,0.0004595199822108244,0.004987971328455489,9.210727392705796e-08,1,5,,0,6.690774821124042e-11,-11.99837672380868,-0.03173059125693516,-0.8769226608231829,1.0141598149748904e-05,0.0026120259296592723,0.002776005795243226,0.003555892054612949,0.001992518339587262,0.0016301590893145687,0.1960803373645042,12.946304552538573,0.29806683533378947,0.33916749066926155
1408,lbfgs_unbounded,207,1084,,1,0.0035558915797671183,0.00045622525397410877,0.004906649304327403,2.442045691458335e-09,1,5,,0,6.690738818232688e-11,-11.998375602362316,-0.03173059066962187,-0.8769226548657412,1.012984137366159e-05,0.0026120255683510876,0.0027760054267287853,0.0035558915797671183,0.0019925180006387594,0.0016301589826675242,0.1960803266037528,12.946303677619097,0.29806683551916463,0.3391674910538931
1409,lbfgs_unbounded,208,1093,,1,0.003555631674541419,0.0010039607747324296,0.015559243607408485,2.879626658038447e-06,1,5,,0,6.688236475382921e-11,-11.997383179573605,-0.03172871627533397,-0.8769214501722329,1.7614426301399214e-06,0.0026124280183885415,0.002776405244802627,0.003555631674541419,0.001993093552529862,0.0016303873848983615,0.1960990087716885,12.947393521818997,0.29806723715581523,0.3391678362419533
1410,lbfgs_unbounded,209,1100,,1,0.0035556106074487374,0.0010039561147281468,0.015559117985403853,2.8373969200376286e-07,1,5,,0,6.687759103378635e-11,-11.997282980324922,-0.031728529269777324,-0.8769213319886942,2.9437312110817252e-06,0.0026124669196459466,0.0027764438122266813,0.0035556106074487374,0.0019931498181162952,0.001630409510030681,0.1961008121463031,12.947497809178978,0.2980672746400513,0.3391678685526489
1411,lbfgs_unbounded,210,1112,,1,0.003555609785767981,0.0009181155322525177,0.009182304252090843,1.1161327770430548e-08,1,5,,0,6.687761468919518e-11,-11.997279101860112,-0.031728521998158246,-0.8769213276293402,2.990241335440123e-06,0.0026124684802982536,0.002776445367806391,0.003555609785767981,0.0019931520528386273,0.0016304103907018948,0.19610088392107236,12.947501984018922,0.2980672760817957,0.3391678697853847
1412,lbfgs_unbounded,211,1113,,1,0.003555192788953536,0.0009943343503451777,0.015249243778500121,6.802475372567306e-06,1,5,,0,6.10833523852718e-11,-11.99445897684736,-0.03172421415169447,-0.8769118127718046,1.5200860896095492e-05,0.002611998953584568,0.0027757598871186633,0.003555192788953536,0.001993129348908344,0.0016303433119120888,0.19609567127805436,12.946515495505189,0.29806857431168315,0.33916927854060885
1413,lbfgs_unbounded,212,1114,,1,0.003554521516026492,0.0009738413403116916,0.014506199594329972,1.7498876603917338e-05,1,5,,0,4.876543778420858e-11,-11.987125513861507,-0.03171840151572347,-0.8768866522252725,5.2470530236620165e-05,0.0026109147830835682,0.0027741820209146533,0.003554521516026492,0.00199317713942582,0.001630228323008242,0.1960859775406061,12.944225598425678,0.2980718322799689,0.33917285047425627
1414,lbfgs_unbounded,213,1123,,1,0.0035544960397465826,0.0009738521386046875,0.01450654056665715,2.1063227562163745e-07,1,5,,0,4.876866805787074e-11,-11.987062632969105,-0.03171911324297409,-0.87688637595722,5.362358862040114e-05,0.0026109248793498604,0.002774192001302567,0.0035544960397465826,0.0019931966420519732,0.0016302369185002042,0.19608655015677293,12.944251795543705,0.2980718451340373,0.3391728694579534
1415,lbfgs_unbounded,214,1131,,1,0.0035544953745396965,0.000959970066567913,0.01415623942618383,5.499751303907721e-09,1,5,,0,4.876875195096033e-11,-11.987060991103071,-0.03171913182636214,-0.8768863687436617,5.365369576001656e-05,0.002610925143003032,0.0027741922619765745,0.0035544953745396965,0.001993197151363408,0.001630237142954802,0.1960865651102445,12.944252479712755,0.2980718454696681,0.3391728699536317
1416,lbfgs_unbounded,215,1135,,1,0.003554445582331491,0.0009720543803700442,0.014434528643805594,1.7720767902016904e-06,1,5,,0,4.768646308384773e-11,-11.986320829241782,-0.031718847980721686,-0.8768837559078899,5.771233142848291e-05,0.0026108152056464533,0.002774036239144997,0.003554445582331491,0.0019931989362085784,0.001630225245116033,0.1960854901366425,12.944015240040335,0.2980721645494128,0.33917322524652166
1417,lbfgs_unbounded,216,1140,,1,0.003554382312242579,0.0009568839699185957,0.01403642485723735,1.3937095338875208e-06,1,5,,0,4.6885165568250346e-11,-11.985755472708657,-0.031719109462003674,-0.8768816162936096,6.114787647367959e-05,0.0026107324357712036,0.0027739187533211643,0.003554382312242579,0.0019932038367041,0.0016302170369337377,0.1960846683036999,12.943829059690795,0.29807240340170277,0.33917349573330435
1418,lbfgs_unbounded,217,1147,,1,0.0035543791648549173,0.0008179235686930814,0.009753190027786228,5.1367450423047976e-08,1,5,,0,4.685671459698795e-11,-11.985735169689622,-0.03171913209338494,-0.876881535141494,6.127954363046736e-05,0.0026107294143173187,0.0027739144853480935,0.0035543791648549173,0.001993204030220489,0.0016302167288624531,0.19608463564532067,12.943822012022606,0.29807241182558086,0.33917350542086766
1419,lbfgs_unbounded,218,1148,,1,0.003554240395940615,0.004095098115007703,0.09663521672182528,1.6623775209496916e-06,1,5,,0,4.792617744546782e-11,-11.98650596233978,-0.031721366140653524,-0.8768834449096331,5.802783522481539e-05,0.0026107886279957823,0.002774017876613373,0.003554240395940615,0.0019931517614406877,0.001630205691075412,0.1960834506064067,12.943891698488292,0.2980720324829406,0.33917312204074057
1420,lbfgs_unbounded,219,1155,,1,0.003553781607545381,0.0034859863765522746,0.083582422320836,4.858286761116164e-06,1,5,,0,5.1123125205352215e-11,-11.988771639686131,-0.03172753637098649,-0.8768890535394257,4.791366854471894e-05,0.0026109444420259003,0.0027743032464056004,0.003553781607545381,0.0019929775220778583,0.0016301638304658558,0.1960792467519482,12.944045996559828,0.298070923020117,0.33917200091564537
1421,lbfgs_unbounded,220,1158,,1,0.0035537794936960207,0.0040934198458579185,0.09657240875103704,8.855927064663691e-08,1,5,,0,5.106111023336875e-11,-11.988731788356523,-0.031727410782828674,-0.8768889517469529,4.807007519311614e-05,0.00261094095950017,0.0027742972763991096,0.0035537794936960207,0.0019929799914440187,0.0016301642632079905,0.1960792990629931,12.94404157523905,0.2980709431910085,0.3391720213665595
1422,lbfgs_unbounded,221,1160,,1,0.0035537660067143924,0.0019184776617296674,0.02888027831458602,2.2297986779646132e-07,1,5,,0,5.090035529488187e-11,-11.98870241648011,-0.03172714524772029,-0.8768886723152647,4.7706070438540295e-05,0.002610903043221527,0.0027742524746103736,0.0035537660067143924,0.001992948286430852,0.0016301489408620984,0.19607806485949233,12.943944197643539,0.2980709611176682,0.3391720478488269
1423,lbfgs_unbounded,222,1161,,1,0.003553747460561962,0.0034859686568346443,0.08358176261397797,2.270520981236872e-07,1,5,,0,5.103762975909064e-11,-11.988808657307304,-0.031727173768212436,-0.8768889877263045,4.7047507430911544e-05,0.002610911985653141,0.002774267012937129,0.003553747460561962,0.0019929419679097457,0.001630147797038443,0.19607798409899277,12.943959883865796,0.2980709170250412,0.339172000807967
1424,lbfgs_unbounded,223,1163,,1,0.0035537064137770775,0.001918470532232127,0.028879811817680706,3.896793786155815e-07,1,5,,0,5.102863184809703e-11,-11.988973019763415,-0.031726318828784524,-0.8768892896738726,4.481799808188255e-05,0.002610872686826233,0.00277422706477761,0.0035537064137770775,0.001992882273924266,0.0016301226956942777,0.19607607964747337,12.94385313668303,0.29807087090545376,0.33917195764401753
1425,lbfgs_unbounded,224,1164,,1,0.003553630484156822,0.0005369456047613029,0.0072751608675227855,1.4658601881567267e-06,1,5,,0,5.125592495602975e-11,-11.989662970411445,-0.0317238049512827,-0.8768907790427966,3.6904473737983234e-05,0.002610771393717364,0.0027741343380658376,0.003553630484156822,0.0019926917407046374,0.0016300453042738037,0.19607022119539028,12.943562188393132,0.2980706510348045,0.33917174116044285
1426,lbfgs_unbounded,225,1166,,1,0.003553628966081203,0.0019183944423567403,0.02887750592125507,1.2887574024712725e-06,1,5,,0,5.079118255933816e-11,-11.989063777775923,-0.031726437605185766,-0.8768885338068729,4.2509450186443336e-05,0.0026107324922504905,0.002774075526416912,0.003553628966081203,0.0019927261066636716,0.0016300571874564942,0.19607058126140753,12.94348033429518,0.2980708057161405,0.3391719442647814
1427,lbfgs_unbounded,226,1169,,1,0.003553560325825112,0.0004592148982591593,0.00498750072682331,1.2857277256603095e-06,1,5,,0,5.0897502159505644e-11,-11.989659911955409,-0.031724935902148026,-0.8768892668405437,3.5364924087303445e-05,0.00261059335839008,0.0027739394882375034,0.003553560325825112,0.001992509201737086,0.001629968248527491,0.1960635574766629,12.94308763553726,0.298070593461421,0.33917176241785724
1428,lbfgs_unbounded,227,1170,,1,0.0035534766296837273,0.0019182475844690698,0.028873080527324874,9.56544814104034e-07,1,5,,0,5.0351800538525525e-11,-11.989210646242517,-0.03172493067853896,-0.876887739797136,3.778294119839772e-05,0.002610544915308871,0.00277386882321302,0.0035534766296837273,0.001992518983405199,0.0016299685136264826,0.19606346523646936,12.942995708114882,0.2980707701815582,0.33917196509211195
1429,lbfgs_unbounded,228,1175,,1,0.0035528000065582336,0.003485429356932337,0.08356958988393666,7.45742802582714e-06,1,5,,0,4.554328049434865e-11,-11.987333700246046,-0.03171941598623595,-0.8768751326722406,3.0600641551056066e-05,0.0026093804687332455,0.0027725017763589373,0.0035528000065582336,0.0019915913706126595,0.0016295501421527945,0.19602895848985638,12.940165449296249,0.29807154838614597,0.3391731699134109
1430,lbfgs_unbounded,229,1183,,1,0.003552785972259142,0.003485422694810489,0.08356949375729085,1.587077133010482e-07,1,5,,0,4.5445725557353815e-11,-11.987294238119356,-0.031719293578979055,-0.8768748660284238,3.0440139738226703e-05,0.002609355700081831,0.002772472886811831,0.003552785972259142,0.001991571623714019,0.0016295412235502178,0.19602822430717234,12.940105316050868,0.29807156490330056,0.3391731954703804
1431,lbfgs_unbounded,230,1195,,1,0.003552784406390364,0.0010652666942890586,0.01384366238708849,1.06605692799469e-08,1,5,,0,4.544614325274168e-11,-11.98729736110264,-0.031719329722207715,-0.876874839196253,3.041636895637727e-05,0.002609353662872769,0.0027724708381277633,0.003552784406390364,0.001991569204276469,0.0016295402315257528,0.1960281345452255,12.940099242370701,0.29807156272332785,0.3391731947439095
1432,lbfgs_unbounded,231,1206,,1,0.003552636489325389,0.0034852483155652573,0.08356348021553366,1.8047930702264946e-06,1,5,,0,4.6544920626302384e-11,-11.988280591114599,-0.03172724547285459,-0.8768726673382531,2.7709882467947713e-05,0.0026092358877190165,0.0027723939513011647,0.003552636489325389,0.001991328956184617,0.001629450262685801,0.19601923796917275,12.939605622704835,0.298070990670334,0.33917279632069225
1433,lbfgs_unbounded,232,1218,,1,0.003552633104696963,0.0034852443553286525,0.08356334346596961,4.131715373462883e-08,1,5,,0,4.6570350523820714e-11,-11.988303099786197,-0.03172742668029111,-0.8768726175874424,2.7647901884593345e-05,0.0026092331932382066,0.0027723922004422885,0.003552633104696963,0.00199132345472279,0.0016294482028053347,0.19601903426094844,12.939594319788164,0.29807097757447315,0.33917278720088817
1434,lbfgs_unbounded,233,1223,,1,0.0035526127395653136,0.0026789913447964574,0.041629440113239546,2.451005143281564e-07,1,5,,0,4.649787385047791e-11,-11.98819261348281,-0.03172776323664349,-0.8768722840603406,2.852550779796176e-05,0.002609236798080333,0.0027723926209541365,0.0035526127395653136,0.0019913404296415,0.0016294563822066472,0.19601963210996465,12.939616566086766,0.2980710188025274,0.3391728354854734
1435,lbfgs_unbounded,234,1230,,1,0.0035525345943143967,0.002679027322229406,0.04163015580179319,6.613916793426648e-07,1,5,,0,4.6220074580975855e-11,-11.987838889404888,-0.03172774527299018,-0.8768717324841407,3.0822859935442974e-05,0.002609256956761225,0.002772401327986624,0.0035525345943143967,0.0019914037586623375,0.001629484300983934,0.19602190594403657,12.939717523587614,0.29807117139472544,0.3391729869246055
1436,lbfgs_unbounded,235,1237,,1,0.0035525345819266453,0.002651960527070254,0.0475966805825677,1.0482487173597554e-10,1,5,,0,4.622002984626254e-11,-11.987838833342431,-0.031727745270143715,-0.8768717323967206,3.082322404583918e-05,0.0026092569599587274,0.00277240132937341,0.0035525345819266453,0.001991403768701994,0.0016294843054095746,0.19602190630448507,12.939717539593122,0.2980711714189102,0.3391729869486074
1437,lbfgs_unbounded,236,1239,,1,0.0035525007215065547,0.0034854197517722057,0.08357110624716102,9.272954918015828e-07,1,5,,0,4.597405381389914e-11,-11.98756238392413,-0.031729853108026146,-0.876869525373184,3.33573905883903e-05,0.0026091938676874034,0.002772326351142932,0.0035525007215065547,0.001991377091535034,0.0016294718399507192,0.19602035720862,12.939542805709756,0.29807123365888505,0.33917311634501296
1438,lbfgs_unbounded,237,1256,,1,0.003552310272871715,0.002020797459757582,0.02819455090412932,6.149513969777575e-06,1,5,,0,4.4702754852515415e-11,-11.985981430330137,-0.03174642277712921,-0.8768543081277769,4.9818937362103535e-05,0.0026087573236096852,0.002771824236440424,0.003552310272871715,0.001991148854272855,0.0016293732075204582,0.1960082978987798,12.938293349425598,0.2980714930099115,0.3391738709350794
1439,lbfgs_unbounded,238,1283,,1,0.003552308415534793,0.00202077994506883,0.02819440587669132,6.05068365727914e-08,1,5,,0,4.4690449586001956e-11,-11.985965883201395,-0.031746585860448186,-0.876854158384053,4.998091504334692e-05,0.0026087530338905892,0.0027718193079246164,0.003552308415534793,0.0019911466105260603,0.0016293722378224655,0.19600817928790204,12.938281058301639,0.2980714955574995,0.33917387835618135
1440,lbfgs_unbounded,239,1287,,1,0.0035522317255726682,0.0019168471586460646,0.028818683628018746,2.826572311621312e-07,1,5,,0,4.486049290691992e-11,-11.986180151813084,-0.031747793749342924,-0.8768541055864914,4.98260684310667e-05,0.0026087544366090554,0.002771826492309134,0.0035522317255726682,0.0019911293805304087,0.0016293657188815372,0.19600745402900685,12.938237750461745,0.29807142952319954,0.3391738254693569
1441,lbfgs_unbounded,240,1306,,1,0.0035522073768275374,0.0019168199213212896,0.028817037958119407,5.548060621789255e-07,1,5,,0,4.475799926312423e-11,-11.986051006237881,-0.03174937761869083,-0.8768527211294552,5.1307062288056645e-05,0.0026087148918152157,0.002771781435646103,0.0035522073768275374,0.001991107449003855,0.0016293563092792517,0.19600630923655382,12.938121354577131,0.29807144859307405,0.33917389038769047
1442,lbfgs_unbounded,241,1319,,1,0.0035522054209798735,0.0016599877252501782,0.02352436970295275,4.456365779059548e-08,1,5,,0,4.4749778179883435e-11,-11.98604063281956,-0.031749504835811036,-0.8768526099258417,5.142602011092431e-05,0.0026087117158211924,0.0027717778172899853,0.0035522054209798735,0.001991105687619648,0.0016293555535408363,0.19600621728912324,12.938112005577517,0.298071450124922,0.33917389560216504
1443,lbfgs_unbounded,242,1320,,1,0.0035520894051367614,0.0020207025895058617,0.028192060022135416,5.820452674792906e-07,1,5,,0,4.484369878721465e-11,-11.98613773121657,-0.03175246881200965,-0.8768510919169044,5.195572287141027e-05,0.0026086430369083044,0.0027717110190916597,0.0035520894051367614,0.001991024229354229,0.0016293253835641748,0.19600311282861302,12.93788556921579,0.2980713641061244,0.33917388523381
1444,lbfgs_unbounded,243,1321,,1,0.0035517449774330576,0.001460146851391846,0.017497803431441954,1.0431607415871213e-05,1,5,,0,4.625153804715302e-11,-11.987568319177065,-0.031804378831269714,-0.8768236760425452,6.53064409679121e-05,0.002607515575621306,0.0027706062008166707,0.0035517449774330576,0.0019897401577321106,0.0016288435796087597,0.19595260159475164,12.934087711727681,0.29807004450367275,0.33917386312064673
1445,lbfgs_unbounded,244,1323,,1,0.0035486856388158555,0.0019157404559648596,0.028705158178639917,1.3047397883884076e-05,1,5,,0,4.804068649700523e-11,-11.991873320657445,-0.03183869447691317,-0.8767932782033049,5.972145136161851e-05,0.0026053811412868107,0.0027685294128917183,0.0035486856388158555,0.0019869849623013057,0.001627775443460658,0.19585215759873276,12.926858696283652,0.29806799776600046,0.339173375716747
1446,lbfgs_unbounded,245,1331,,1,0.003544387845140715,0.0019143924485894614,0.028566323330045246,2.8953653212920334e-05,1,5,,0,5.2446350437790067e-11,-11.999832210165183,-0.03193762656951083,-0.8767216644344703,6.273084531864289e-05,0.002601104655028318,0.0027644453083245568,0.003544387845140715,0.0019816929704560317,0.0016257181468930018,0.19565433911978725,12.912463464459199,0.2980636398299981,0.33917259228817415
1447,lbfgs_unbounded,246,1338,,1,0.0035443026908496492,0.0019143666430335477,0.02856358939274803,5.706734347656105e-07,1,5,,0,5.253776226676474e-11,-11.999988999502076,-0.03193957581628503,-0.876720252738605,6.27911799604543e-05,0.00260102103564879,0.0027643664511462058,0.0035443026908496492,0.0019815904674264652,0.0016256780497856946,0.1956504850043064,12.912182731954159,0.29806355400036916,0.3391725768747014
1448,lbfgs_unbounded,247,1345,,1,0.0035443024367323825,0.001060025688825013,0.011020288028315924,1.702828905777938e-09,1,5,,0,5.25380351318056e-11,-11.999989467340148,-0.03193958163259098,-0.8767202485262432,6.279136005223252e-05,0.00260102078617692,0.002764366215939696,0.0035443024367323825,0.001981590161672588,0.0016256779301663873,0.195650473506633,12.91218189445209,0.2980635537442664,0.3391725768287109
1449,lbfgs_unbounded,248,1356,,1,0.0035441544200917855,0.001914410781795383,0.028564528835591504,8.943286106066756e-07,1,5,,0,5.2553863463797115e-11,-11.999547199514899,-0.03194456076233456,-0.8767196558911206,6.598869099510375e-05,0.0026011267431069436,0.0027644654082788823,0.0035441544200917855,0.001981757114509166,0.0016257484244471662,0.1956560779351173,12.912566830293603,0.29806360271281895,0.3391726414804019
1450,lbfgs_unbounded,249,1364,,1,0.0035441511985098806,0.001914411742096499,0.02856454932354255,1.94425903391958e-08,1,5,,0,5.255421169364959e-11,-11.999537589843177,-0.03194466909111789,-0.876719642948297,6.605821198028319e-05,0.002601129044927897,0.0027644675650398,0.0035441511985098806,0.0019817607442176115,0.001625749956589569,0.19565619973744522,12.912575196109524,0.29806360377408286,0.3391726428855015
1451,lbfgs_unbounded,250,1372,,1,0.003544151011396171,0.0012196319903540955,0.014029093148199856,1.1657071056229364e-09,1,5,,0,5.25542792783168e-11,-11.999537156494354,-0.03194467686126502,-0.8767196413245008,6.606291188973303e-05,0.0026011291286344826,0.002764467642222651,0.003544151011396171,0.0019817608993176515,0.0016257500227867992,0.1956562045989373,12.912575518063196,0.29806360379131264,0.3391726429608535
1452,lbfgs_unbounded,251,1380,,1,0.0035440789246511156,0.0017903186233683595,0.021083692315757983,6.068739292251098e-06,1,5,,0,5.3395050717377256e-11,-12.001485700493685,-0.031972531396987434,-0.8767043035769824,7.89748827924672e-05,0.002600315578399754,0.0027636851864740247,0.0035440789246511156,0.0019808781255415955,0.0016253895491997485,0.19562063164576343,12.90992638574706,0.2980628587741727,0.33917256445307065
1453,lbfgs_unbounded,252,1390,,1,0.003544076909259197,0.0017903445340033874,0.021083665149016197,1.737881927068816e-07,1,5,,0,5.3419382727710386e-11,-12.001541549390126,-0.03197332847309472,-0.8767038644159135,7.934417675270002e-05,0.0026002922883642345,0.002763662828275546,0.003544076909259197,0.0019808528874437088,0.0016253792302036289,0.19561961357417618,12.909850572877444,0.298062837420806,0.3391725621878656
1454,lbfgs_unbounded,253,1399,,1,0.003543258033138579,0.0034794695160278418,0.08342845385613402,4.631279268052146e-06,1,5,,0,5.3741163147193015e-11,-12.001728220613478,-0.03195422889783358,-0.8767139928752707,8.51522387491483e-05,0.0026002370628666178,0.0027636469423849316,0.003543258033138579,0.0019807376277226653,0.0016253281500046275,0.19561762498205507,12.909871818400926,0.2980631153640212,0.33917233969804683
1455,lbfgs_unbounded,254,1408,,1,0.003543172575403456,0.0019125684705850383,0.0284660801002182,1.413998439050791e-06,1,5,,0,5.3954777471363014e-11,-12.002207010518301,-0.03196052176233885,-0.8767105086390801,8.842284961421117e-05,0.0026000376290365433,0.0027634564992669026,0.003543172575403456,0.0019805204590137037,0.0016252392295217427,0.19560892990043938,12.909228356153625,0.29806294144589063,0.3391723157770942
1456,lbfgs_unbounded,255,1429,,1,0.00354317012806848,0.0019125589955725718,0.028465454909375604,7.234566715255903e-08,1,5,,0,5.396609552984679e-11,-12.002231980664133,-0.031960840277879696,-0.8767103322791198,8.85956067967091e-05,0.0026000272532457273,0.0027634466147979137,0.00354317012806848,0.001980509139415391,0.0016252345900145126,0.19560847753811098,12.909194960154505,0.29806293251956845,0.3391723144134402
1457,lbfgs_unbounded,256,1440,,1,0.003543169071842647,0.0014546096423859534,0.02325428339229563,2.3848718156770707e-09,1,5,,0,5.396647596445478e-11,-12.002232860780959,-0.03196084047202487,-0.8767103287187967,8.859315245885699e-05,0.0026000268235518748,0.0027634462086975676,0.003543169071842647,0.0019805085819083745,0.0016252343845598982,0.19560845927017215,12.909193692726815,0.29806293224025343,0.339172314321177
1458,lbfgs_unbounded,257,1452,,1,0.003543149321718196,0.0014546125124950888,0.023254365527780225,3.90991150136588e-08,1,5,,0,5.396449990963343e-11,-12.002229386905109,-0.031960569230122,-0.8767104078822696,8.839338979609263e-05,0.0026000269508843713,0.002763446396619193,0.003543149321718196,0.0019805068956141644,0.001625234167544368,0.19560847440154985,12.909196480422874,0.2980629342084592,0.33917231360180616
1459,lbfgs_unbounded,258,1462,,1,0.00354314906676582,0.0013419151269174453,0.018661674479520707,5.314132950596241e-10,1,5,,0,5.396447791557194e-11,-12.002229369904027,-0.0319605653255776,-0.8767104089301521,8.839065746074504e-05,0.0026000269497060448,0.0027634463963932244,0.00354314906676582,0.001980506869131278,0.0016252341628263832,0.1956084744615205,12.909196507234432,0.2980629342325185,0.3391723135915556
1460,lbfgs_unbounded,259,1471,,1,0.00354314885964028,0.0005972884434733062,0.005936553353377718,3.061900024756115e-08,1,5,,0,5.395958180065575e-11,-12.002199001268329,-0.031960784697483875,-0.876710437340176,8.841003902864684e-05,0.0026000298613135893,0.0027634491802467436,0.00354314885964028,0.0019805104479259043,0.001625235937046618,0.19560862058163977,12.909207610590375,0.298062936975491,0.33917231408331205
1461,lbfgs_unbounded,260,1473,,1,0.0035431483969163933,0.001687167012334351,0.028278629145818662,7.219952669481892e-09,1,5,,0,5.39605137855673e-11,-12.002205399593564,-0.03196073115545093,-0.8767104345110033,8.840893676765853e-05,0.0026000291770657586,0.002763448530411268,0.0035431483969163933,0.001980509607278632,0.0016252355325233477,0.1956085880406646,12.90920516304102,0.29806293660768973,0.33917231402421927
1462,lbfgs_unbounded,261,1482,,1,0.003543148188534257,0.0009445457110163139,0.009151561671148804,1.491296571525291e-09,1,5,,0,5.3960652557222544e-11,-12.002206482630045,-0.031960720634646195,-0.8767104347133206,8.840965486485067e-05,0.0026000290359369416,0.002763448397345451,0.003543148188534257,0.0019805094349641733,0.0016252354532387053,0.1956085817820482,12.909204699188265,0.2980629365934975,0.3391723140243303
1463,lbfgs_unbounded,262,1483,,1,0.0035431474275126698,0.002020225854257955,0.028091058772954678,8.942056133184932e-09,1,5,,0,5.395995061360277e-11,-12.002213364023543,-0.03196065238964039,-0.8767104285525702,8.840609664422829e-05,0.0026000281363951303,0.0027634474655476677,0.0035431474275126698,0.001980508441334239,0.0016252350043140182,0.19560854670664543,12.909201784336132,0.29806293687707724,0.3391723147897487
1464,lbfgs_unbounded,263,1490,,1,0.003543015414526822,0.001627468254767011,0.02354560474587227,1.5342162541838743e-06,1,5,,0,5.3898597022887196e-11,-12.003475957766723,-0.03194882631389558,-0.876709318200459,8.786835752302683e-05,0.002599878696622914,0.0027632941983391835,0.003543015414526822,0.001980342242583925,0.0016251573801306098,0.19560244050359818,12.908698745405449,0.29806295769315166,0.33917242314452845
1465,lbfgs_unbounded,264,1506,,1,0.0035425149818289884,0.0020196752871793817,0.028085522004797872,3.7742518229423444e-06,1,5,,0,5.3197944244895774e-11,-12.00586631936149,-0.03192151819037254,-0.8767073292420489,8.814993432109841e-05,0.0025995181971243684,0.002762906835737004,0.0035425149818289884,0.0019799764881093724,0.0016249955054313695,0.19559022703392662,12.907616485321576,0.29806328907801194,0.33917289818595736
1466,lbfgs_unbounded,265,1517,,1,0.003542492958686348,0.002019654743403159,0.028085340592261122,1.6880089782192893e-07,1,5,,0,5.316786410521437e-11,-12.0059747347122,-0.031920291411050475,-0.8767072387631246,8.81594472082848e-05,0.0025995020733204422,0.0027628895584798936,0.003542492958686348,0.0019799600660791792,0.001624988209097024,0.19558967546931197,12.907567782084113,0.2980633033788713,0.3391729190559176
1467,lbfgs_unbounded,266,1528,,1,0.0035424920997782026,0.002019653942422908,0.028085333518092365,6.5825291587598664e-09,1,5,,0,5.316669194381863e-11,-12.005978962474599,-0.031920243570801594,-0.8767072352348247,8.815981817182999e-05,0.0025995014446103543,0.0027628888848158957,0.0035424920997782026,0.00197995942574978,0.0016249879245827108,0.19558965396172034,12.907565882948239,0.298063303936548,0.3391729198697605
1468,lbfgs_unbounded,267,1534,,1,0.003542492084273151,0.0018574806056744998,0.028385391778970148,1.1882761173992822e-10,1,5,,0,5.316667062929561e-11,-12.005979038794077,-0.03192024270719045,-0.8767072351711321,8.81598248684537e-05,0.0025995014332609295,0.0027628888726549863,0.003542492084273151,0.0019799594141906105,0.001624987919446678,0.1955896535734669,12.907565848665167,0.29806330394661523,0.339172919884452
1469,lbfgs_unbounded,268,1540,,1,0.0035424853212821165,0.0020196534448045545,0.02808524501172937,1.0283613677743676e-07,1,5,,0,5.31718835283813e-11,-12.006074211867166,-0.031919416841807206,-0.8767071539179232,8.809059271311327e-05,0.0025994919405939354,0.002762879431341117,0.0035424853212821165,0.001979948263247595,0.001624982504766019,0.19558922182935695,12.907531361700595,0.2980633008047335,0.3391729235948511
1470,lbfgs_unbounded,269,1549,,1,0.003542485182285762,0.0012315686915688364,0.013353566346992786,2.111648397286938e-09,1,5,,0,5.3171990483992676e-11,-12.006076165796385,-0.0319193998836961,-0.8767071522497752,8.808917227712943e-05,0.002599491745663222,0.002762879237457156,0.003542485182285762,0.0019799480342898713,0.0016249823935917446,0.195589212965091,12.907530653594213,0.29806330074040255,0.3391729236711871
1471,lbfgs_unbounded,270,1550,,1,0.003542485112870214,0.002019653440975227,0.028085244629700377,1.5002316413356665e-09,1,5,,0,5.317190712359523e-11,-12.006074851198248,-0.03191940823063279,-0.8767071542556736,8.808960403046036e-05,0.0025994919148741554,0.002762879406076221,0.003542485112870214,0.0019799482238801428,0.0016249824855748792,0.19558922068934328,12.90753125611251,0.2980633008413949,0.3391729236460441
1472,lbfgs_unbounded,271,1552,,1,0.0035424836323475206,0.0027782957460936895,0.05684324780489685,5.8708258661345135e-09,1,5,,0,5.3171563388928556e-11,-12.00607132983925,-0.031919404339203206,-0.8767071667127877,8.808614561744379e-05,0.0025994927390506363,0.0027628802253187703,0.0035424836323475206,0.0019799490983069814,0.0016249828992553814,0.19558925805492378,12.90753404404923,0.29806330159681266,0.3391729238247187
1473,lbfgs_unbounded,272,1554,,1,0.003542473439013854,0.00347785999551592,0.08337668118667964,1.4040095632689576e-07,1,5,,0,5.3164594124079486e-11,-12.005986330633336,-0.031919342679417526,-0.876707460522823,8.800460510259691e-05,0.002599512541299711,0.002762899948732664,0.003542473439013854,0.0019799700879753208,0.001624992802958449,0.19559014948512268,12.907600739832763,0.2980633188268612,0.33917292741993327
1474,lbfgs_unbounded,273,1556,,1,0.0035424575166873905,0.002778303802532996,0.05684350290269412,6.68511475214928e-08,1,5,,0,5.316947157952956e-11,-12.006002853724295,-0.03191964824982417,-0.8767072809169092,8.801409357217585e-05,0.00259950478254183,0.0027628923111975416,0.0035424575166873905,0.0019799617128540303,0.0016249892702557248,0.19558980036288603,12.907574792009914,0.29806330909514406,0.33917292626932255
1475,lbfgs_unbounded,274,1562,,1,0.0035424563343390155,0.0027783037286659403,0.05684349721146449,4.220988782248287e-09,1,5,,0,5.316930340365012e-11,-12.006000176582594,-0.03191965290829543,-0.8767072876676121,8.801128108262702e-05,0.00259950538248491,0.0027628929085850274,0.0035424563343390155,0.0019799623501684485,0.0016249895802419472,0.19558982747881887,12.90757680794939,0.2980633095427007,0.33917292641712643
1476,lbfgs_unbounded,275,1566,,1,0.0035424563017435722,0.0010529485138571746,0.009842368922655852,1.1636653299703606e-10,1,5,,0,5.31692985227806e-11,-12.006000102777662,-0.031919653036723485,-0.876707287853719,8.801120354641287e-05,0.002599505399024476,0.0027628929250541594,0.0035424563017435722,0.0019799623677383207,0.0016249895887878185,0.19558982822636617,12.907576863525895,0.2980633095550392,0.33917292642120117
1477,lbfgs_unbounded,276,1570,,1,0.0035424557018650786,0.001052948856180884,0.009842359849813591,9.912727037674667e-09,1,5,,0,5.316856618465407e-11,-12.005999674115946,-0.03191959323256353,-0.8767073140375129,8.801139885512843e-05,0.0025995063540511115,0.0027628938573420886,0.0035424557018650786,0.0019799634094106178,0.0016249899981683313,0.19558987118305995,12.907580024523789,0.29806331096214045,0.33917292658245785
1478,lbfgs_unbounded,277,1584,,1,0.0035424556700636555,0.001052948862050831,0.009842360071546907,2.455072928834551e-10,1,5,,0,5.316856397743431e-11,-12.005999711816724,-0.031919591925732516,-0.8767073145040148,8.801191012062988e-05,0.0025995063564309387,0.002762893860253056,0.0035424556700636555,0.0019799634092333117,0.0016249899981531286,0.19558987130661357,12.90758003278509,0.2980633109923469,0.33917292658716147
1479,lbfgs_unbounded,278,1608,,1,0.0035424556700636065,0.001052948862050835,0.009842360071546426,4.032969842042499e-18,1,5,,0,5.316856321903312e-11,-12.005999711816841,-0.03191959192573249,-0.8767073145040148,8.801191012062988e-05,0.0025995063564309296,0.0027628938602530465,0.0035424556700636065,0.0019799634092333156,0.0016249899981531284,0.1955898713066136,12.9075800327851,0.2980633109923469,0.33917292658716147
1480,lbfgs_unbounded,279,1628,,1,0.0035424556700636065,0.001052948862050835,0.009842360071546426,2.1596339346157364e-19,1,5,,0,5.316856321903312e-11,-12.005999711816841,-0.03191959192573249,-0.8767073145040148,8.801191012062988e-05,0.0025995063564309296,0.0027628938602530465,0.0035424556700636065,0.0019799634092333156,0.0016249899981531284,0.1955898713066136,12.9075800327851,0.2980633109923469,0.33917292658716147
1481,lbfgs_unbounded,280,1640,,1,0.003542453992390279,0.00042266384307130996,0.004465623440451304,1.3235474795788004e-09,1,5,,0,5.316915235076502e-11,-12.006001086908556,-0.03191959171633228,-0.8767073143072946,8.800883907933093e-05,0.002599506439532399,0.002762893949266217,0.003542453992390279,0.0019799634728027826,0.0016249900070377016,0.19558987227967303,12.907580117819567,0.29806331078052534,0.3391729263568231
1482,lbfgs_unbounded,281,1653,,1,0.0035424539923902196,0.0004226638430712825,0.0044656234404495026,2.998853353125573e-16,1,5,,0,5.316915257992488e-11,-12.006001086908626,-0.03191959171633214,-0.8767073143072946,8.800883907996346e-05,0.0025995064395324015,0.0027628939492662197,0.0035424539923902196,0.0019799634728027765,0.0016249900070376933,0.19558987227967226,12.907580117819514,0.2980633107805253,0.33917292635682306
1483,lbfgs_unbounded,282,1672,,1,0.0035424539923902165,0.0004226638430712316,0.004465623440450034,6.848914166916511e-17,1,5,,0,5.316915334640374e-11,-12.006001086908594,-0.03191959171633255,-0.8767073143072946,8.800883908004252e-05,0.0025995064395323898,0.002762893949266214,0.0035424539923902165,0.0019799634728027726,0.00162499000703769,0.1955898722796719,12.907580117819483,0.2980633107805253,0.33917292635682306
1484,lbfgs_unbounded,283,1699,,1,0.0035424539923901285,0.00042266384307128926,0.00446562344045143,3.225869296479203e-18,1,5,,0,5.316915284892413e-11,-12.006001086908615,-0.031919591716332435,-0.8767073143072946,8.800883908004252e-05,0.002599506439532397,0.002762893949266216,0.0035424539923901285,0.001979963472802775,0.0016249900070376907,0.19558987227967198,12.907580117819482,0.2980633107805253,0.33917292635682306
1485,lbfgs_unbounded,284,1722,,1,0.0035424539923901285,0.00042266384307128926,0.00446562344045143,1.5999063011875526e-19,1,5,,0,5.316915284892413e-11,-12.006001086908615,-0.031919591716332435,-0.8767073143072946,8.800883908004252e-05,0.002599506439532397,0.002762893949266216,0.0035424539923901285,0.001979963472802775,0.0016249900070376907,0.19558987227967198,12.907580117819482,0.2980633107805253,0.33917292635682306
1486,lbfgs_unbounded,285,1746,,1,0.0035424539923901285,0.00042266384307128926,0.00446562344045143,1.446527278736138e-19,1,5,,0,5.316915284892413e-11,-12.006001086908615,-0.031919591716332435,-0.8767073143072946,8.800883908004252e-05,0.002599506439532397,0.002762893949266216,0.0035424539923901285,0.001979963472802775,0.0016249900070376907,0.19558987227967198,12.907580117819482,0.2980633107805253,0.33917292635682306
1487,lbfgs_unbounded,286,1774,,1,0.0035424539923901285,0.00042266384307128926,0.00446562344045143,1.446527278736138e-19,1,5,,0,5.316915284892413e-11,-12.006001086908615,-0.031919591716332435,-0.8767073143072946,8.800883908004252e-05,0.002599506439532397,0.002762893949266216,0.0035424539923901285,0.001979963472802775,0.0016249900070376907,0.19558987227967198,12.907580117819482,0.2980633107805253,0.33917292635682306
1488,lbfgs_unbounded,287,1800,,1,0.0035424539923901285,0.00042266384307128926,0.00446562344045143,1.434286002721601e-19,1,5,,0,5.316915284892413e-11,-12.006001086908615,-0.031919591716332435,-0.8767073143072946,8.800883908004252e-05,0.002599506439532397,0.002762893949266216,0.0035424539923901285,0.001979963472802775,0.0016249900070376907,0.19558987227967198,12.907580117819482,0.2980633107805253,0.33917292635682306
1489,lbfgs_unbounded,288,1830,,1,0.0035424539923901285,0.00042266384307128926,0.00446562344045143,1.7594117428360712e-19,1,5,,0,5.316915284892413e-11,-12.006001086908615,-0.031919591716332435,-0.8767073143072946,8.800883908004252e-05,0.002599506439532397,0.002762893949266216,0.0035424539923901285,0.001979963472802775,0.0016249900070376907,0.19558987227967198,12.907580117819482,0.2980633107805253,0.33917292635682306
1490,lbfgs_unbounded,289,1854,,1,0.0035424539923901285,0.00042266384307128926,0.00446562344045143,3.0665868333667475e-20,1,5,,0,5.316915284892413e-11,-12.006001086908615,-0.031919591716332435,-0.8767073143072946,8.800883908004252e-05,0.002599506439532397,0.002762893949266216,0.0035424539923901285,0.001979963472802775,0.0016249900070376907,0.19558987227967198,12.907580117819482,0.2980633107805253,0.33917292635682306
