evaluation,objective,gradient_rms,gradient_inf,forward_iterations,equilibrium_residual_rms,min_det_f,min_det_g,min_det_ainv
1,7.460385337119863e-05,7.3943113300791475e-06,1.1147839145907932e-05,2,3.795875638938036e-12,0.6518807324243668,0.4471089227610278,0.30149571425606125
2,0.01904767800911197,0.06385499217542767,0.09598020467130877,87,1.1230033948785993e-11,-8.538414182568529,-0.09381441238908021,-0.12289002169475152
3,7.460312022267087e-05,7.3904286296622485e-06,1.112925518113273e-05,2,9.235219487063517e-12,0.6518712274707109,0.44709385278706715,0.3014960748275066
4,7.227072971208035e-05,5.384444218244864e-05,7.834961236304259e-05,5,7.388539113552847e-12,0.633440339598522,0.4014821857146604,0.2971020548421288
5,0.00046655803654047025,0.0080756777249873,0.012290695039091665,27,1.1557264943565872e-14,0.526808873326368,0.0916690449178474,0.17266442689173436
6,6.569313808316043e-05,0.00018843678498899386,0.0002633856989834401,6,2.2690947119811756e-11,0.6107678941667353,0.33722339539723417,0.2838174462327257
7,6.712356810830545e-05,0.0007503883937737561,0.001163225333952135,11,3.9787152875390665e-12,0.5801544575928461,0.26908680536071405,0.2631889869896594
8,6.384272139006921e-05,0.00035553598690901575,0.0005517856456924852,10,9.531118360453884e-12,0.5976801588407579,0.30663226751937506,0.27543058001983156
9,0.006607667954365002,0.0021452639109049284,0.003262729005981623,118,2.150860798824666e-14,-0.8155254340536009,-0.2762867305314527,-1.424983632921423
10,6.383484080836946e-05,0.0003594364180942868,0.0005581165476172795,9,6.725163102731792e-13,0.5974427313067296,0.30611176522353195,0.27527634581338223
11,6.191147499265203e-05,0.0003690809201663492,0.0005765509434485623,7,2.0994507067178098e-11,0.5957126637177415,0.29977496164736217,0.2743228573266356
12,5.645026414693286e-05,0.0005133482295812337,0.000808646440968705,7,1.6492387683412037e-13,0.5907412632383402,0.2713339730296835,0.26822205925927645
13,4.36596678889795e-05,0.0003925850383432007,0.0006236645753563505,8,5.137089952502952e-16,0.6132143646058966,0.2492073696744068,0.2686655559888765
14,3.456896418391484e-05,0.000127831363493522,0.00017001493431529637,7,2.045423363965242e-15,0.6508429283933469,0.24597209084115598,0.2794391465018588
15,3.2884694234137997e-05,0.00044161965922765844,0.0006546035267852938,15,7.106553485359483e-15,0.6826421542680353,0.1881866961056678,0.2624438281598929
16,3.17106187361519e-05,8.461757204875019e-05,0.00013646757112213866,20,7.949999545012176e-15,0.6678272228717926,0.21766037330555174,0.27228625667468537
17,3.07868562348238e-05,9.532567332591979e-05,0.00014447142548017016,9,1.0770194997172868e-14,0.6846839537291253,0.20250223893106933,0.2704896887500569
18,3.0621980589138904e-05,3.0402074367238057e-05,4.349550504768385e-05,12,8.687071612277504e-11,0.691697613905601,0.2036667496974754,0.27356936069786725
19,3.060783198390653e-05,2.2636069264064997e-06,3.09125754498538e-06,15,2.4734426748612115e-15,0.6923182935212199,0.2015832378283745,0.2727227108594596
20,3.0607776980198646e-05,7.110786091209408e-07,8.669740721577602e-07,12,1.0471124862702465e-11,0.692381542952424,0.20144947938736124,0.27267706294404714
21,3.060775832914987e-05,5.313638175660694e-07,6.189999528930846e-07,14,5.591202960582923e-14,0.6923973302458634,0.2014321266647742,0.27267452864042524
22,3.060770613021866e-05,2.539865397168239e-07,4.272081102841608e-07,10,3.0037853873505253e-12,0.69246051079876,0.2013626667442662,0.2726643518305382
23,3.0607521908028195e-05,1.2506487192991315e-06,1.8552924928095832e-06,10,3.6282136816485628e-12,0.6926092393394321,0.20127223775309702,0.27268252003185595
24,3.060717480356598e-05,2.3223953989115815e-06,3.331198269584262e-06,11,4.116086820443953e-12,0.6928990313540865,0.20120612563642593,0.2727824176261094
25,3.0607000742404456e-05,1.635029096942687e-06,2.3307140025358468e-06,18,7.621270143262574e-14,0.6930103134040659,0.20128997929284456,0.2728835697825851
26,3.060693635294783e-05,2.7131676982442093e-07,3.822550731956355e-07,10,5.962949718514665e-11,0.6930115170486278,0.20141316761305264,0.27295371472656244
27,3.060680451725765e-05,6.871529808490305e-09,8.709164475072207e-09,14,6.557191615626165e-11,0.692996324101904,0.2014372408349423,0.27296064021958677
28,3.0606938592499944e-05,5.3178299821108085e-09,7.633495047816487e-09,16,3.627942391475149e-15,0.6929933704517014,0.20143895329324524,0.27296029401161864
29,3.060680440855763e-05,6.874265510323639e-09,8.711880907403017e-09,14,6.564345609828698e-11,0.6929963240244025,0.2014372408418978,0.2729606402101817
30,3.0606804299837314e-05,6.8770021865692884e-09,8.714598252523636e-09,14,6.571504989088806e-11,0.6929963239469661,0.20143724084879802,0.2729606402007841
31,3.060693848585164e-05,1.4276635085600063e-09,2.3916388222069637e-09,16,5.010369312515614e-13,0.6929948459725132,0.20143811499122283,0.2729604671356865
32,3.060680427264463e-05,6.8776867286636105e-09,8.7152779524452e-09,14,6.573296300401715e-11,0.6929963239276066,0.20143724085051734,0.2729606401984346
33,3.060680424544281e-05,6.8783715944856945e-09,8.715957963099106e-09,14,6.575088451552894e-11,0.6929963239082509,0.20143724085222997,0.2729606401960854
34,3.060693855393075e-05,1.4824097660493315e-09,2.5585418989611947e-09,16,3.792316388480543e-14,0.6929955836116004,0.20143769565444855,0.27296055367325683
35,3.0606804238657825e-05,6.87854238758611e-09,8.71612754389274e-09,14,6.575535542977482e-11,0.6929963239034167,0.20143724085266182,0.2729606401954987
36,3.060680423186987e-05,6.8787132678610044e-09,8.716297208332573e-09,14,6.57598280875045e-11,0.6929963238985812,0.201437240853092,0.2729606401949117
37,3.060693859930274e-05,2.361425485228416e-09,3.790192832817899e-09,15,5.055018257618231e-16,0.6929959524543184,0.20143748603716172,0.27296059693592695
38,3.0606804230158134e-05,6.8787563802144825e-09,8.716340023042684e-09,14,6.576095588049994e-11,0.6929963238973745,0.2014372408531943,0.2729606401947651
39,3.060680422846262e-05,6.878799058106584e-09,8.716382398488284e-09,14,6.576207307887431e-11,0.6929963238961641,0.20143724085330192,0.27296064019461846
40,3.060693847938995e-05,2.849245748090749e-09,4.4112701781597475e-09,15,1.6052021991798433e-13,0.6929961368928099,0.20143738121741273,0.27296061856573345
41,3.060680422802971e-05,6.878809976017625e-09,8.716393242813938e-09,14,6.576235855138831e-11,0.6929963238958609,0.2014372408533259,0.2729606401945818
42,3.060680422760297e-05,6.878820727194506e-09,8.7164039187901e-09,14,6.576263963522419e-11,0.6929963238955605,0.20143724085335185,0.272960640194545
43,3.060693858834124e-05,3.092803399009454e-09,4.715405237392008e-09,15,1.2488146220703528e-14,0.6929962290839914,0.2014373288225863,0.27296062938025445
44,3.060680422751059e-05,6.878823023751095e-09,8.71640619404257e-09,14,6.576270053547393e-11,0.6929963238954847,0.20143724085336343,0.272960640194536
45,3.060680422739403e-05,6.878825992459441e-09,8.716409143126689e-09,14,6.57627771776223e-11,0.6929963238954081,0.20143724085336615,0.27296064019452676
46,3.060693859604731e-05,3.2169730108787515e-09,4.8691775460262855e-09,15,5.654477446103972e-15,0.6929962751872877,0.20143730261762552,0.2729606347874193
47,3.060680422737252e-05,6.878826516380293e-09,8.716409661944534e-09,14,6.576279179627654e-11,0.6929963238953905,0.20143724085336995,0.27296064019452443
48,3.060680422736039e-05,6.878826798083502e-09,8.71640993248008e-09,14,6.576279982140201e-11,0.6929963238953701,0.2014372408533766,0.27296064019452215
49,3.060676863108603e-05,7.79945088279744e-09,9.627414917877516e-09,14,9.145170983123344e-11,0.6929963018336894,0.20143724069953917,0.27296063749097793
50,3.060676863108053e-05,7.799451013764015e-09,9.627415050095971e-09,14,9.145171416869731e-11,0.6929963018336857,0.20143724069953936,0.2729606374909775
51,3.060676863110102e-05,7.79945041729701e-09,9.627414452619259e-09,14,9.145169800254628e-11,0.6929963018336812,0.20143724069954974,0.2729606374909771
52,3.060676863108053e-05,7.799451013764015e-09,9.627415050095971e-09,14,9.145171416869731e-11,0.6929963018336857,0.20143724069953936,0.2729606374909775
53,3.0606938592759935e-05,6.351280721707497e-09,9.073629417158217e-09,14,6.1678818589387125e-16,0.6929932835929055,0.20143906825724336,0.2729603205748379
54,3.06067685469482e-05,7.801607621633329e-09,9.629532272780036e-09,14,9.15177920966325e-11,0.6929963017676577,0.2014372407074113,0.2729606374837645
55,3.0606768462785096e-05,7.803765350370066e-09,9.631650589071727e-09,14,9.15839198831365e-11,0.6929963017016625,0.20143724071524743,0.2729606374765552
56,3.0606939202297916e-05,1.866138130739683e-09,3.1099640278395985e-09,16,1.618468686194356e-11,0.6929947912382586,0.2014381807336982,0.2729604790550744
57,3.0606768441816274e-05,7.804303018419926e-09,9.632178431896515e-09,14,9.160039887598395e-11,0.6929963016852336,0.20143724071719277,0.27296063747475996
58,3.0606768420850006e-05,7.80484062162862e-09,9.632706210184168e-09,14,9.161687796222539e-11,0.6929963016688027,0.20143724071913732,0.2729606374729651
59,3.060698323218768e-05,1.2789392769183153e-09,2.105299785876537e-09,15,6.154682727501028e-11,0.6929955430055144,0.2014377410553987,0.27296055827136395
60,3.060676841669971e-05,7.804946981094351e-09,9.63281062180783e-09,14,9.162013998329394e-11,0.6929963016655392,0.20143724071953034,0.27296063747260846
61,3.060676841251252e-05,7.805054406687272e-09,9.632916092669908e-09,14,9.16234312124042e-11,0.6929963016622721,0.20143724071990807,0.27296063747225163
62,3.06068540618936e-05,3.431425806744395e-09,4.9279542526997015e-09,14,2.783886129858924e-11,0.6929959283617649,0.20143751407279967,0.27296059787364385
63,3.06067684099204e-05,7.805120823666294e-09,9.6329812860718e-09,14,9.162546890909953e-11,0.6929963016602251,0.20143724072015837,0.2729606374720279
64,3.0606768407314325e-05,7.805187623410041e-09,9.63304686279337e-09,14,9.162751740362971e-11,0.6929963016581782,0.20143724072040348,0.27296063747180443
65,3.0606938546208e-05,2.7329243867404183e-09,4.272463981317169e-09,15,9.882471962727922e-14,0.692996109669941,0.20143740079971675,0.27296061767318314
66,3.060676840697059e-05,7.805196483849126e-09,9.63305556638894e-09,14,9.162778806171368e-11,0.6929963016579206,0.2014372407204283,0.2729606374717763
67,3.06067684066508e-05,7.805204657255194e-09,9.633063587533453e-09,14,9.162803927358138e-11,0.6929963016576636,0.2014372407204622,0.27296063747174815
68,3.060693858892413e-05,3.003581581479848e-09,4.608406893938377e-09,15,1.1920976763959866e-14,0.6929962038601069,0.20143734521182766,0.2729606275725802
69,3.060676840653793e-05,7.80520762706528e-09,9.63306651826745e-09,14,9.16281280533642e-11,0.6929963016576006,0.20143724072045785,0.272960637471741
70,3.060676840647319e-05,7.80520925015365e-09,9.633068100552101e-09,14,9.16281790299055e-11,0.6929963016575335,0.20143724072047203,0.272960637471734
71,3.060693859481438e-05,3.140744160916365e-09,4.776885313115308e-09,15,6.824635689334832e-15,0.6929962509578683,0.201437317417394,0.27296063252218594
72,3.060676840646095e-05,7.805209550025812e-09,9.633068390982758e-09,14,9.162818847041763e-11,0.6929963016575188,0.201437240720477,0.2729606374717322
73,3.060676840642946e-05,7.805210381744013e-09,9.633069212347219e-09,14,9.162821301817358e-11,0.6929963016575021,0.20143724072047495,0.2729606374717305
74,3.060693859662745e-05,3.2096746744767967e-09,4.861184437409891e-09,15,5.002871328339427e-15,0.6929962745069764,0.20143730352058212,0.27296063499696527
75,3.060676840644173e-05,7.805210010729914e-09,9.633068843311905e-09,14,9.162820332193982e-11,0.6929963016574997,0.2014372407204821,0.2729606374717301
76,3.060676840642946e-05,7.805210381744013e-09,9.633069212347219e-09,14,9.162821301817358e-11,0.6929963016575021,0.20143724072047495,0.2729606374717305
77,3.060690162312806e-05,5.956590591964698e-09,8.4951674833144e-09,13,2.3194808133072167e-11,0.6929932862420828,0.2014390766694193,0.2729603207426435
78,3.0606768299116e-05,7.807961524592884e-09,9.635769937868261e-09,14,9.17125887565341e-11,0.692996301573225,0.20143724073054356,0.2729606374625304
79,3.060676819186449e-05,7.810711466632178e-09,9.638469422465707e-09,14,9.179695717735931e-11,0.6929963014890165,0.20143724074058678,0.2729606374533374
80,3.0606938642211874e-05,1.836256016952807e-09,3.0631746770711822e-09,16,1.6210914556483908e-11,0.6929947909802341,0.20143818106902828,0.27296047912736643
81,3.0606768170865863e-05,7.811249964496728e-09,9.638998043124238e-09,14,9.181348031352744e-11,0.6929963014725512,0.20143724074254027,0.27296063745153976
82,3.0606768149862164e-05,7.811788627024334e-09,9.639526827226247e-09,14,9.183000918103496e-11,0.692996301456086,0.20143724074449015,0.27296063744974214
83,3.0606965045893544e-05,1.2979327874705825e-09,2.2017779811010513e-09,15,3.696252988796919e-11,0.6929955431994624,0.20143773741586196,0.27296055829589805
84,3.0606768145325875e-05,7.811904950289804e-09,9.639641012092236e-09,14,9.183357883696096e-11,0.692996301452522,0.20143724074491598,0.27296063744935306
85,3.0606768140787385e-05,7.812021336610237e-09,9.63975525612856e-09,14,9.183715077844084e-11,0.6929963014489563,0.20143724074534114,0.272960637448964
86,3.060685421175461e-05,3.426563731591085e-09,4.922598292910526e-09,14,2.775650704416587e-11,0.6929959281091015,0.20143751423911835,0.2729605978742669
87,3.0606768138207885e-05,7.812087425193609e-09,9.639820126600834e-09,14,9.183918082406865e-11,0.6929963014469176,0.20143724074559038,0.27296063744874155
88,3.060676813558998e-05,7.812154612313892e-09,9.639886089406798e-09,14,9.184124123432622e-11,0.6929963014448846,0.20143724074582475,0.27296063744851895
89,3.0606938546474044e-05,2.7319694170497804e-09,4.271312302792487e-09,15,9.810780609603669e-14,0.6929961094281921,0.20143740096755883,0.2729606176618519
90,3.0606768135255616e-05,7.812163205029e-09,9.63989452696626e-09,14,9.184150474777001e-11,0.692996301444624,0.20143724074585267,0.272960637448491
91,3.060676813491869e-05,7.812171875356813e-09,9.639903041558286e-09,14,9.184176952780607e-11,0.6929963014443683,0.2014372407458796,0.2729606374484627
92,3.0606938588925234e-05,3.002776097393059e-09,4.607436903303255e-09,15,1.191894451864495e-14,0.6929962036283809,0.20143734536115568,0.2729606275552722
93,3.060676813486604e-05,7.812173143021233e-09,9.639904274648522e-09,14,9.184181122025825e-11,0.6929963014443029,0.20143724074589905,0.2729606374484559
94,3.0606768134754694e-05,7.812176082733269e-09,9.639907168302805e-09,14,9.184189885555327e-11,0.6929963014442413,0.20143724074589525,0.2729606374484488
95,3.060693859480444e-05,3.1400146260024027e-09,4.7760033993241805e-09,15,6.833819874601364e-15,0.6929962507311392,0.2014373175574978,0.27296063250188907
96,3.060676813475844e-05,7.812175927168058e-09,9.63990700567248e-09,14,9.184189588380048e-11,0.6929963014442234,0.20143724074590616,0.27296063744844695
97,3.0606768134754694e-05,7.812176082733269e-09,9.639907168302805e-09,14,9.184189885555327e-11,0.6929963014442413,0.20143724074589525,0.2729606374484488
98,3.0606933523506616e-05,6.071871769520992e-09,8.687226690231534e-09,13,1.5848695871707928e-11,0.6929932869162791,0.20143907597529867,0.27296032094561407
99,3.0606768048421755e-05,7.814389418744627e-09,9.642079747097191e-09,14,9.190985942306057e-11,0.6929963013763146,0.20143724075406438,0.2729606374410404
100,3.060676796208816e-05,7.816603125869834e-09,9.644252658660328e-09,14,9.197784774777769e-11,0.6929963013084268,0.20143724076220626,0.2729606374336357
101,3.060693804443138e-05,1.8067773964084093e-09,3.01674879928061e-09,16,1.610274357767537e-11,0.6929947906826298,0.2014381814628386,0.27296047921899985
102,3.060676794105927e-05,7.817142429951332e-09,9.644782032459899e-09,14,9.199441198752967e-11,0.6929963012919171,0.20143724076417427,0.27296063743183446
103,3.060676792006079e-05,7.817680900470161e-09,9.645310569553547e-09,14,9.201095372620748e-11,0.6929963012754076,0.20143724076615277,0.27296063743003357
104,3.060695265794815e-05,1.312719537009528e-09,2.2511541850186913e-09,15,2.2398222778990284e-11,0.6929955432498153,0.20143773549026345,0.27296055833186017
105,3.06067679152046e-05,7.817805486495509e-09,9.645432868968067e-09,14,9.201477961089881e-11,0.6929963012716063,0.20143724076659933,0.272960637429619
106,3.060676791038357e-05,7.817929068093807e-09,9.645554166417148e-09,14,9.20185777260911e-11,0.6929963012678056,0.20143724076705993,0.2729606374292045
107,3.0606854410048786e-05,3.4206109472111586e-09,4.9160606332553525e-09,14,2.7650845665490244e-11,0.6929959278742931,0.20143751439748928,0.2729605978823682
108,3.060676790779575e-05,7.817995447051556e-09,9.645619323471162e-09,14,9.20206168101211e-11,0.6929963012657778,0.20143724076730038,0.27296063742898324
109,3.0606767905219824e-05,7.818061517551891e-09,9.64568417009099e-09,14,9.202264613661602e-11,0.6929963012637473,0.20143724076754504,0.27296063742876187
110,3.0606938546873043e-05,2.7310269733899e-09,4.270185341719197e-09,15,9.703192120308938e-14,0.6929961092106478,0.2014374011264251,0.2729606176560239
111,3.06067679048949e-05,7.818069833929255e-09,9.645692332615466e-09,14,9.202290185720973e-11,0.6929963012634907,0.20143724076757671,0.2729606374287339
112,3.0606767904585654e-05,7.818077707782664e-09,9.645700056553057e-09,14,9.202314534505459e-11,0.6929963012632331,0.20143724076761474,0.27296063742870585
113,3.060693858893988e-05,3.002026151179112e-09,4.606540063002663e-09,15,1.1906276455166475e-14,0.6929962034254779,0.2014373454961253,0.2729606275424795
114,3.060676790448786e-05,7.818080270798365e-09,9.645702576211801e-09,14,9.202322275370266e-11,0.6929963012631677,0.20143724076761604,0.27296063742869864
115,3.060676790440944e-05,7.81808228217363e-09,9.645704546396884e-09,14,9.20232842925174e-11,0.6929963012631045,0.2014372407676247,0.2729606374286917
116,3.060693859479942e-05,3.1393618385947286e-09,4.7752179062343376e-09,15,6.837620801573096e-15,0.692996250535539,0.20143731768057183,0.27296063248561436
117,3.060676790437393e-05,7.818083218472903e-09,9.645705473715002e-09,14,9.20233124038256e-11,0.6929963012630878,0.201437240767621,0.27296063742869
118,3.060676790437196e-05,7.818083225714053e-09,9.645705473416847e-09,14,9.20233139524401e-11,0.6929963012630719,0.20143724076762998,0.27296063742868815
119,3.060693859660816e-05,3.2083799791886007e-09,4.859616155176213e-09,15,5.021383068649093e-15,0.692996274090796,0.20143730377319619,0.2729606349571585
120,3.060676790435617e-05,7.818083646080805e-09,9.645705895198597e-09,14,9.202332631636879e-11,0.6929963012630675,0.20143724076762637,0.27296063742868776
121,3.060676790435217e-05,7.8180837311277e-09,9.645705977625067e-09,14,9.202332961668779e-11,0.6929963012630628,0.20143724076762717,0.27296063742868737
122,3.060693859732982e-05,3.2429663652340084e-09,4.901824537364898e-09,15,4.285226457481344e-15,0.6929962858684481,0.201437296819561,0.27296063619292465
123,3.060676790434946e-05,7.818083825047009e-09,9.645706068183053e-09,14,9.202333165709885e-11,0.6929963012630618,0.20143724076762642,0.2729606374286872
124,3.060676790436646e-05,7.818083335493142e-09,9.645705580075235e-09,14,9.202331840696464e-11,0.6929963012630624,0.20143724076763406,0.2729606374286871
125,3.060676790434946e-05,7.818083825047009e-09,9.645706068183053e-09,14,9.202333165709885e-11,0.6929963012630618,0.20143724076762642,0.2729606374286872
126,3.060694350504836e-05,6.376911007618182e-09,9.107180577922792e-09,13,1.3195418691192215e-11,0.6929932846995743,0.2014390740425502,0.27296032111778107
127,3.0606767823087125e-05,7.820167331593585e-09,9.647751061562333e-09,14,9.208736692310108e-11,0.6929963011990594,0.2014372407753538,0.2729606374217113
128,3.0606767741823774e-05,7.822251180713741e-09,9.649796359060322e-09,14,9.21514277491841e-11,0.6929963011350851,0.20143724078305814,0.27296063741473836
129,3.0606937618788604e-05,1.7876349390073484e-09,2.9864485432155516e-09,16,1.591003561625906e-11,0.6929947903961301,0.2014381818090623,0.27296047929563366
130,3.0606767720790895e-05,7.822790593185666e-09,9.650325799321485e-09,14,9.21680117607425e-11,0.6929963011185449,0.20143724078504066,0.27296063741293564
131,3.0606767699781836e-05,7.823329364538917e-09,9.650854598060223e-09,14,9.218457878133792e-11,0.6929963011020074,0.20143724078703104,0.2729606374111331
132,3.06069469018876e-05,1.3186355965742596e-09,2.2683033026210143e-09,15,1.554704705946124e-11,0.6929955431721745,0.20143773500052684,0.2729605583607264
133,3.060676769481308e-05,7.823456773865247e-09,9.65097963885283e-09,14,9.218849682308005e-11,0.6929963010980862,0.2014372407875063,0.27296063741070564
134,3.0606767689820796e-05,7.82358481966292e-09,9.651105322875482e-09,14,9.219243428569538e-11,0.6929963010941693,0.20143724078797312,0.2729606374102785
135,3.0606854576712026e-05,3.4156422101184023e-09,4.91059878179813e-09,14,2.75648834281805e-11,0.6929959276567491,0.2014375145453217,0.2729605978873382
136,3.0606767687268326e-05,7.823650249824978e-09,9.651169535209933e-09,14,9.219444719070858e-11,0.692996301092144,0.20143724078822242,0.2729606374100582
137,3.060676768467916e-05,7.823716716718839e-09,9.651234778051444e-09,14,9.21964890137663e-11,0.692996301090125,0.20143724078845684,0.2729606374098378
138,3.0606938547188905e-05,2.730171953456333e-09,4.269159778919366e-09,15,9.617683644743086e-14,0.6929961090066211,0.20143740127270837,0.27296061764904694
139,3.0606767684347804e-05,7.823725223037435e-09,9.651243129091573e-09,14,9.21967502216811e-11,0.6929963010898664,0.20143724078848574,0.2729606374098099
140,3.06067676840229e-05,7.823733557749033e-09,9.651251308827758e-09,14,9.219700657478795e-11,0.692996301089614,0.20143724078851724,0.2729606374097817
141,3.060693858894899e-05,3.0013313040220193e-09,4.605707003659584e-09,15,1.1898408674545978e-14,0.6929962032332397,0.20143734562252177,0.27296062752952915
142,3.060676768393758e-05,7.823735751835053e-09,9.651253463516946e-09,14,9.219707373658693e-11,0.6929963010895471,0.2014372407885237,0.27296063740977483
143,3.060676768387182e-05,7.823737385100198e-09,9.651255061658053e-09,14,9.219712563794691e-11,0.6929963010894832,0.2014372407885375,0.2729606374097678
144,3.060693859479342e-05,3.138748037414533e-09,4.774478080498941e-09,15,6.8428053671540325e-15,0.6929962503491789,0.2014373177970655,0.2729606324696771
145,3.0606767683837857e-05,7.823738292381118e-09,9.651255957669833e-09,14,9.21971525049254e-11,0.6929963010894679,0.201437240788534,0.27296063740976617
146,3.060676768382483e-05,7.823738604894805e-09,9.651256263631686e-09,14,9.219716271713694e-11,0.69299630108945,0.20143724078853883,0.2729606374097644
147,3.060693859659996e-05,3.207807194465245e-09,4.85892266642563e-09,15,5.029461382738135e-15,0.6929962739073725,0.2014373038847365,0.27296063493972794
148,3.0606767683804876e-05,7.82373915089408e-09,9.651256805543037e-09,14,9.219717806973557e-11,0.6929963010894467,0.201437240788534,0.27296063740976395
149,3.0606767683808603e-05,7.823739038393317e-09,9.65125668939788e-09,14,9.21971758214361e-11,0.6929963010894421,0.20143724078853797,0.27296063740976356
150,3.0606767683804876e-05,7.82373915089408e-09,9.651256805543037e-09,14,9.219717806973557e-11,0.6929963010894467,0.201437240788534,0.27296063740976395
151,3.0606943899803965e-05,6.472814621704385e-09,9.235377145433606e-09,13,1.337799384598334e-11,0.6929932819450682,0.2014390698698966,0.2729603212826086
152,3.060676760289422e-05,7.825813774542003e-09,9.653292923778858e-09,14,9.22610008573295e-11,0.6929963010256386,0.20143724079627312,0.272960637402814
153,3.060676752197921e-05,7.82788876685361e-09,9.655329390504362e-09,14,9.232485051973355e-11,0.6929963009618564,0.20143724080398848,0.272960637395867
154,3.060693727932653e-05,1.7737983930936148e-09,2.9644655155668977e-09,16,1.565277176689555e-11,0.6929947900992702,0.20143818214538634,0.27296047936861056
155,3.0606767500954106e-05,7.828428014287364e-09,9.655858626474731e-09,14,9.234144502803435e-11,0.6929963009452956,0.20143724080598457,0.2729606373940634
156,3.060676747992299e-05,7.828967443527322e-09,9.656388040552412e-09,14,9.235804630424595e-11,0.6929963009287409,0.20143724080797631,0.27296063739225995
157,3.060694357363808e-05,1.3211241729127669e-09,2.275509478191556e-09,15,1.1068720765240897e-11,0.6929955430419893,0.20143773499245948,0.272960558387778
158,3.060676747487255e-05,7.829096946234453e-09,9.65651513029739e-09,14,9.23620328728219e-11,0.6929963009247497,0.20143724080846379,0.27296063739182524
159,3.060676746980136e-05,7.829227001208818e-09,9.656642773934153e-09,14,9.236603649820417e-11,0.6929963009207591,0.20143724080894287,0.27296063739139054
160,3.0606854736781215e-05,3.410937886127892e-09,4.905425913967433e-09,14,2.7484711789747844e-11,0.6929959274419211,0.20143751469257018,0.27296059789141985
161,3.060676746724671e-05,7.829292530819771e-09,9.656707084361796e-09,14,9.236805275917588e-11,0.6929963009187469,0.2014372408091863,0.27296063739117116
162,3.0606767464711504e-05,7.829357492625109e-09,9.656770830977204e-09,14,9.237005427681476e-11,0.6929963009167311,0.2014372408094369,0.272960637390952
163,3.0606938547482385e-05,2.7293332654423167e-09,4.268152729169786e-09,15,9.53806467578752e-14,0.6929961088042946,0.2014374014169093,0.27296061764164486
164,3.0606767464367554e-05,7.829366377530692e-09,9.656779556771813e-09,14,9.237032587970785e-11,0.6929963009164739,0.20143724080946096,0.272960637390924
165,3.060676746405124e-05,7.829374453185312e-09,9.656787479985765e-09,14,9.237057549062398e-11,0.6929963009162191,0.201437240809496,0.27296063739089604
166,3.06069385889566e-05,3.0006448773260852e-09,4.604883337925442e-09,15,1.1891755909570602e-14,0.6929962030419643,0.2014373457478226,0.2729606275163852
167,3.0606767463969754e-05,7.829376552704796e-09,9.656789537259387e-09,14,9.23706401253889e-11,0.692996300916156,0.2014372408095034,0.27296063739088905
168,3.060676746388923e-05,7.829378617518843e-09,9.656791566316648e-09,14,9.237070331674537e-11,0.6929963009160913,0.2014372408095116,0.27296063739088205
169,3.0606938594786994e-05,3.138138700559033e-09,4.773743230085999e-09,15,6.848363698346318e-15,0.6929962501634149,0.2014373179129527,0.27296063245366237
170,3.0606767463864755e-05,7.829379255354242e-09,9.656792193364974e-09,14,9.237072250223508e-11,0.6929963009160756,0.20143724080951178,0.27296063739088045
171,3.0606767463839494e-05,7.829379903548005e-09,9.656792833233991e-09,14,9.237074284696303e-11,0.6929963009160615,0.20143724080951173,0.2729606373908786
172,3.0606938596591574e-05,3.20723688366466e-09,4.8582319672188165e-09,15,5.037541405416503e-15,0.692996273724365,0.20143730399591517,0.27296063492227773
173,3.0606767463850275e-05,7.829379593673721e-09,9.656792521525867e-09,14,9.237073393263767e-11,0.692996300916055,0.2014372408095186,0.27296063739087817
174,3.0606767463839494e-05,7.829379903548005e-09,9.656792833233991e-09,14,9.237074284696303e-11,0.6929963009160615,0.20143724080951173,0.2729606373908786
175,3.060694173695016e-05,6.142161154325681e-09,8.790972116869047e-09,13,1.4813224901431464e-11,0.6929932800384474,0.2014390660852655,0.2729603214470292
176,3.0606767382102386e-05,7.8314758089214e-09,9.658849686050314e-09,14,9.243528163280781e-11,0.6929963008515068,0.2014372408173798,0.27296063738385284
177,3.0606767300312634e-05,7.833573456674826e-09,9.660908253369743e-09,14,9.249988671453088e-11,0.6929963007869866,0.20143724082520398,0.27296063737683024
178,3.060693700259173e-05,1.7638613263480403e-09,2.948629278243242e-09,16,1.533587327492794e-11,0.6929947897856196,0.20143818248304163,0.27296047944130103
179,3.060676727930162e-05,7.834112362289536e-09,9.661437114016425e-09,14,9.25164868598994e-11,0.6929963007704152,0.2014372408272121,0.27296063737502635
180,3.0606767258294996e-05,7.83465115034975e-09,9.661965855807444e-09,14,9.253308541535071e-11,0.6929963007538461,0.2014372408292206,0.2729606373732228
181,3.0606941505559453e-05,1.3216633562548883e-09,2.277730921218914e-09,15,7.802777485404232e-12,0.6929955428756818,0.20143773520129457,0.2729605584146043
182,3.060676725317061e-05,7.834782611504298e-09,9.6620948685205e-09,14,9.253713462590784e-11,0.6929963007498116,0.2014372408297056,0.27296063737278353
183,3.060676724805612e-05,7.834913802297245e-09,9.662223611592476e-09,14,9.25411757500143e-11,0.6929963007457768,0.20143724083019493,0.27296063737234444
184,3.060685489789341e-05,3.4062889092575125e-09,4.900313607555896e-09,14,2.7406337531872453e-11,0.6929959272258397,0.20143751484211794,0.27296059789530996
185,3.0606767245519414e-05,7.834978850310639e-09,9.662287442396182e-09,14,9.25431804777083e-11,0.6929963007437699,0.20143724083044037,0.27296063737212595
186,3.060676724296893e-05,7.835044280580313e-09,9.66235165798324e-09,14,9.254519609086777e-11,0.6929963007417653,0.20143724083068018,0.2729606373719079
187,3.06069385477715e-05,2.7284909229237554e-09,4.267140959481573e-09,15,9.459405909675722e-14,0.6929961086005073,0.20143740156193066,0.27296061763406765
188,3.060676724262358e-05,7.835053203301724e-09,9.662360420749144e-09,14,9.254546897315484e-11,0.6929963007415115,0.20143724083070277,0.27296063737187976
189,3.060676724231981e-05,7.835060934656945e-09,9.662368000108376e-09,14,9.254570895476263e-11,0.6929963007412513,0.20143724083074294,0.27296063737185194
190,3.060693858896386e-05,2.9999540340570994e-09,4.604054189923015e-09,15,1.1884867359942039e-14,0.6929962028491432,0.2014373458740294,0.27296062750307454
191,3.0606767242261475e-05,7.835062382705914e-09,9.662369410330142e-09,14,9.254575534738003e-11,0.6929963007411882,0.20143724083075934,0.27296063737184506
192,3.060676724216877e-05,7.835064770931429e-09,9.662371761395448e-09,14,9.254582821384056e-11,0.6929963007411237,0.20143724083076286,0.272960637371838
193,3.060693859478051e-05,3.1375246060903476e-09,4.773002557317656e-09,15,6.854046302444982e-15,0.692996249976062,0.20143731802978815,0.2729606324374849
194,3.060676724215342e-05,7.835065154950693e-09,9.662372133602054e-09,14,9.254584059431168e-11,0.6929963007411107,0.20143724083076686,0.27296063737183635
195,3.060676724211068e-05,7.835066311195999e-09,9.662373280335586e-09,14,9.254587423993893e-11,0.692996300741092,0.20143724083075948,0.27296063737183446
196,3.0606938596583096e-05,3.2066616709497328e-09,4.857535295874071e-09,15,5.04587367330521e-15,0.6929962735397422,0.20143730410806399,0.27296063490466693
197,3.060676724210036e-05,7.835066573649981e-09,9.662373540164637e-09,14,9.25458823944427e-11,0.692996300741089,0.20143724083075815,0.2729606373718341
198,3.060676724211436e-05,7.835066185701017e-09,9.662373148008711e-09,14,9.25458711609584e-11,0.6929963007410835,0.20143724083076597,0.2729606373718336
199,3.060676724210036e-05,7.835066573649981e-09,9.662373540164637e-09,14,9.25458823944427e-11,0.692996300741089,0.20143724083075815,0.2729606373718341
200,3.0606948683171874e-05,4.93108169965743e-09,7.184125830252824e-09,13,4.056118014989782e-11,0.6929932821359873,0.20143906935622077,0.27296032161280454
201,3.060676716362424e-05,7.837079054992533e-09,9.664348394553815e-09,14,9.26079086626234e-11,0.6929963006790595,0.20143724083834033,0.2729606373650875
202,3.060676708516996e-05,7.839091150057509e-09,9.66632284334296e-09,14,9.266994004611116e-11,0.6929963006170576,0.20143724084591022,0.2729606373583437
203,3.060693678034538e-05,1.7572454982688488e-09,2.938055309513552e-09,16,1.4964404776817468e-11,0.6929947894581542,0.2014381828226424,0.27296047951494423
204,3.06067670641686e-05,7.83962984485843e-09,9.666851463107024e-09,14,9.268654852514663e-11,0.6929963006004773,0.20143724084792602,0.27296063735654014
205,3.060676704318288e-05,7.840168115941345e-09,9.667379658893829e-09,14,9.270314655893728e-11,0.6929963005838977,0.20143724084994638,0.2729606373547369
206,3.060694019594496e-05,1.3208249736932008e-09,2.2767189123014918e-09,15,5.357440485672141e-12,0.6929955426854918,0.2014377355075804,0.27296055844218275
207,3.060676703803149e-05,7.840300276712739e-09,9.667509346089056e-09,14,9.270722145937433e-11,0.6929963005798337,0.2014372408504377,0.27296063735429504
208,3.060676703291142e-05,7.840431545786074e-09,9.66763814792479e-09,14,9.271127105697059e-11,0.6929963005757726,0.20143724085094103,0.27296063735385323
209,3.060685506342141e-05,3.401635525666517e-09,4.8951984167329e-09,14,2.7328196956405618e-11,0.6929959270139693,0.20143751499073193,0.27296059789985344
210,3.060676703036073e-05,7.840497026509e-09,9.667702413927249e-09,14,9.271328918872143e-11,0.6929963005737759,0.201437240851176,0.272960637353636
211,3.060676702782478e-05,7.840562071921743e-09,9.667766247956457e-09,14,9.271529471507926e-11,0.6929963005717781,0.2014372408514165,0.2729606373534186
212,3.060693854806783e-05,2.7276593024557465e-09,4.266142919506256e-09,15,9.378606649600062e-14,0.692996108401295,0.20143740170447097,0.27296061762709495
213,3.060676702750535e-05,7.84057028157853e-09,9.667774296151814e-09,14,9.271554759012003e-11,0.6929963005715224,0.20143724085144957,0.2729606373533907
214,3.060676702718472e-05,7.840578493604493e-09,9.667782353698414e-09,14,9.27158010388378e-11,0.6929963005712673,0.20143724085148235,0.27296063735336284
215,3.0606938588972295e-05,2.999276091403366e-09,4.603241124812984e-09,15,1.1877258266995346e-14,0.6929962026611965,0.20143734599747787,0.2729606274903435
216,3.060676702709803e-05,7.840580723976698e-09,9.66778454500653e-09,14,9.27158696456195e-11,0.6929963005712015,0.20143724085148793,0.27296063735335585
217,3.0606767027023546e-05,7.840582621614454e-09,9.667786404711411e-09,14,9.271592842318269e-11,0.6929963005711364,0.20143724085149808,0.2729606373533489
218,3.0606938594774546e-05,3.136924482960391e-09,4.772279102709803e-09,15,6.8591311488325565e-15,0.6929962497937322,0.20143731814372792,0.2729606324218749
219,3.0606767026992876e-05,7.840583441391264e-09,9.667787211330723e-09,14,9.271595279893523e-11,0.6929963005711205,0.2014372408514962,0.27296063735334714
220,3.0606767026978104e-05,7.840583797032516e-09,9.667787560199877e-09,14,9.271596471562589e-11,0.6929963005711041,0.20143724085150042,0.27296063735334536
221,3.060693859657486e-05,3.206100927370342e-09,4.8568563712383765e-09,15,5.053601203250545e-15,0.692996273360222,0.20143730421724662,0.27296063488761735
222,3.0606767026967153e-05,7.840584081414182e-09,9.667787843176644e-09,14,9.27159730521582e-11,0.6929963005711022,0.20143724085149853,0.27296063735334497
223,3.0606767026948336e-05,7.840584609007714e-09,9.667788364732099e-09,14,9.271598800122047e-11,0.6929963005710996,0.20143724085149406,0.2729606373533445
224,3.060693859729491e-05,3.240767024570852e-09,4.899154164083675e-09,15,4.320092873994477e-15,0.6929962851434918,0.20143729725405812,0.2729606361204828
225,3.060676702696917e-05,7.840584019173943e-09,9.66778777606453e-09,14,9.271597183925804e-11,0.6929963005710975,0.20143724085150247,0.27296063735334447
226,3.0606767026948336e-05,7.840584609007714e-09,9.667788364732099e-09,14,9.271598800122047e-11,0.6929963005710996,0.20143724085149406,0.2729606373533445
227,3.060693859424578e-05,6.398011823514094e-09,9.13877578093917e-09,14,6.672938105522487e-15,0.6929932797142974,0.20143907341786285,0.27296032177367996
228,3.0606766944049845e-05,7.842710518096445e-09,9.669874370470902e-09,14,9.278157468902869e-11,0.69299630050547,0.20143724085956172,0.27296063734621134
229,3.0606766861120284e-05,7.844837618773249e-09,9.671961530505549e-09,14,9.284721027711628e-11,0.6929963004398724,0.20143724086759338,0.2729606373390815
230,3.060693661385646e-05,1.7537031522277846e-09,2.9323708580688418e-09,16,1.456312694083753e-11,0.6929947891219106,0.20143818315725934,0.2729604795857493
231,3.060676684013308e-05,7.845376007917818e-09,9.672489813814574e-09,14,9.286382488074151e-11,0.6929963004232921,0.2014372408696142,0.2729606373372789
232,3.0606766819163666e-05,7.845913903767892e-09,9.673017609910248e-09,14,9.288042684820844e-11,0.6929963004067116,0.2014372408716402,0.2729606373354766
233,3.0606939405291753e-05,1.3189873773094347e-09,2.2734467960809374e-09,15,3.623728962793636e-12,0.6929955424694719,0.20143773584454464,0.27296055846795486
234,3.0606766814003724e-05,7.846046288051637e-09,9.673147504377826e-09,14,9.288451246767944e-11,0.6929963004026353,0.2014372408721375,0.27296063733503334
235,3.060676680884052e-05,7.846178751628346e-09,9.67327748200371e-09,14,9.288860043167645e-11,0.6929963003985574,0.20143724087263343,0.27296063733459025
236,3.0606855223407776e-05,3.3971763316250592e-09,4.8902938749265795e-09,14,2.7254932295485155e-11,0.6929959267971635,0.2014375151434515,0.2729605979031079
237,3.060676680633132e-05,7.846243101804835e-09,9.673340620191965e-09,14,9.289058742772916e-11,0.6929963003965649,0.20143724087287934,0.27296063733437387
238,3.060676680382463e-05,7.846307366238559e-09,9.67340367451718e-09,14,9.289257183964193e-11,0.6929963003945766,0.20143724087312626,0.27296063733415776
239,3.0606938548341826e-05,2.7268180969405345e-09,4.265131584854165e-09,15,9.303714436235924e-14,0.6929961081960478,0.20143740184986572,0.2729606176190917
240,3.060676680345879e-05,7.846316861845194e-09,9.67341300898289e-09,14,9.289286212659949e-11,0.6929963003943218,0.20143724087314097,0.27296063733412973
241,3.060676680315608e-05,7.846324572805311e-09,9.67342056500467e-09,14,9.289310146076492e-11,0.6929963003940648,0.20143724087318085,0.2729606373341019
242,3.0606938588978435e-05,2.998582108253214e-09,4.6024076514402e-09,15,1.1871176452941972e-14,0.6929962024664796,0.20143734612458503,0.2729606274767114
243,3.0606766803081255e-05,7.846326471707451e-09,9.673422429642671e-09,14,9.289316037505667e-11,0.692996300394,0.201437240873191,0.27296063733409504
244,3.060676680299946e-05,7.846328574499838e-09,9.673424490602581e-09,14,9.289322569618539e-11,0.6929963003939369,0.20143724087319875,0.2729606373340881
245,3.0606938594767756e-05,3.136305141976945e-09,4.771531809423524e-09,15,6.865095187627082e-15,0.6929962496042678,0.20143731826172412,0.2729606324054285
246,3.060676680297548e-05,7.846329211624106e-09,9.673425115699344e-09,14,9.289324462991806e-11,0.6929963003939216,0.20143724087319892,0.2729606373340863
247,3.060676680296821e-05,7.846329354460703e-09,9.673425250330148e-09,14,9.28932501234664e-11,0.6929963003939034,0.20143724087320583,0.27296063733408465
248,3.0606938596566285e-05,3.205519432986509e-09,4.856151960208003e-09,15,5.062133501481369e-15,0.6929962731733811,0.20143730433068613,0.2729606348697637
249,3.0606766802977666e-05,7.846329058531006e-09,9.673424956267414e-09,14,9.289324269481587e-11,0.6929963003938994,0.2014372408732123,0.2729606373340843
250,3.060676680296821e-05,7.846329354460703e-09,9.673425250330148e-09,14,9.28932501234664e-11,0.6929963003939034,0.20143724087320583,0.27296063733408465
251,3.060693860507609e-05,6.404330466862346e-09,9.14760025794983e-09,14,6.136456817963345e-14,0.6929932791744294,0.20143907414434453,0.2729603219411834
252,3.0606766720224593e-05,7.848451487253273e-09,9.675507407991496e-09,14,9.295878045259543e-11,0.6929963003283344,0.20143724088129292,0.272960637326963
253,3.0606766637444504e-05,7.850574922081564e-09,9.677590839129611e-09,14,9.302436445428758e-11,0.6929963002628,0.20143724088934076,0.27296063731984443
254,3.060693648522272e-05,1.752556677573291e-09,2.930503494274865e-09,16,1.4109170500357981e-11,0.6929947887650404,0.2014381835047148,0.2729604796598814
255,3.060676661651148e-05,7.85111188129274e-09,9.678117670420877e-09,14,9.304095306867214e-11,0.6929963002462164,0.2014372408913807,0.27296063731804343
256,3.060676659557638e-05,7.851648936205307e-09,9.678644593733802e-09,14,9.30575446319236e-11,0.6929963002296401,0.20143724089341794,0.27296063731624265
257,3.0606938900261274e-05,1.3162842953137597e-09,2.268306840264283e-09,15,2.3323837555213494e-12,0.6929955422323969,0.20143773619629082,0.27296055849540346
258,3.060676659039198e-05,7.851782001381352e-09,9.678775156530704e-09,14,9.306165379376806e-11,0.6929963002255528,0.2014372408939105,0.27296063731579867
259,3.060676658524619e-05,7.851913967097274e-09,9.678904626939707e-09,14,9.306573180346517e-11,0.6929963002214667,0.2014372408944182,0.27296063731535497
260,3.060685539327278e-05,3.3925675718987593e-09,4.8852271888964304e-09,14,2.717954007365775e-11,0.6929959265783548,0.20143751529974255,0.27296059790721455
261,3.060676658272836e-05,7.85197859802618e-09,9.678968048267358e-09,14,9.306772770781929e-11,0.6929963002194853,0.20143724089465542,0.2729606373151396
262,3.06067665802495e-05,7.852042124317566e-09,9.679030363519059e-09,14,9.306969300419914e-11,0.6929963002175041,0.20143724089490808,0.27296063731492437
263,3.060693854863299e-05,2.7259627146654106e-09,4.264104174844883e-09,15,9.224058993753161e-14,0.6929961079895832,0.20143740199699223,0.2729606176115283
264,3.060676657990887e-05,7.852050896019982e-09,9.679038979240042e-09,14,9.30699630129032e-11,0.6929963002172465,0.2014372408949331,0.2729606373148965
265,3.060676657959032e-05,7.852059066554876e-09,9.67904699290356e-09,14,9.307021542028274e-11,0.692996300216992,0.20143724089496606,0.27296063731486875
266,3.060693858898637e-05,2.997881062547123e-09,4.60156637479333e-09,15,1.1864270529781978e-14,0.6929962022712237,0.20143734625252957,0.27296062746331323
267,3.060676657951453e-05,7.852060992320666e-09,9.6790488818819e-09,14,9.307027520605606e-11,0.692996300216929,0.20143724089497617,0.2729606373148618
268,3.060676657941751e-05,7.852063538833983e-09,9.679051383217627e-09,14,9.307035234854354e-11,0.6929963002168628,0.20143724089497742,0.2729606373148548
269,3.060693859476139e-05,3.1356823595879175e-09,4.7707807718179365e-09,15,6.870594600713339e-15,0.6929962494145999,0.20143731838011256,0.2729606323891126
270,3.06067665794096e-05,7.852063695625009e-09,9.679051536035923e-09,14,9.307035827428642e-11,0.6929963002168462,0.20143724089498405,0.2729606373148531
271,3.060676657937761e-05,7.852064552095359e-09,9.679052379003112e-09,14,9.307038371106763e-11,0.6929963002168327,0.20143724089498127,0.27296063731485126
272,3.060693859655771e-05,3.2049362558906277e-09,4.8554457556903956e-09,15,5.070308373647933e-15,0.6929962729865075,0.2014373044442946,0.2729606348519892
273,3.060676657937755e-05,7.852064544342612e-09,9.679052369570553e-09,14,9.307038389726442e-11,0.6929963002168303,0.20143724089498355,0.27296063731485093
274,3.0606938597276844e-05,3.2396413460841193e-09,4.897787349571626e-09,15,4.337931177318983e-15,0.6929962847724874,0.20143729747643602,0.27296063608342186
275,3.060676657937388e-05,7.852064639858482e-09,9.679052464519559e-09,14,9.307038673783363e-11,0.6929963002168265,0.2014372408949832,0.2729606373148508
276,3.060676657937541e-05,7.852064597991684e-09,9.679052421747783e-09,14,9.307038530467239e-11,0.6929963002168261,0.2014372408949843,0.2729606373148508
277,3.060676657937388e-05,7.852064639858482e-09,9.679052464519559e-09,14,9.307038673783363e-11,0.6929963002168265,0.2014372408949832,0.2729606373148508
278,3.060693866408057e-05,6.407422142584562e-09,9.152021874126327e-09,14,4.79420157219388e-13,0.6929932786534856,0.20143907488488708,0.27296032210842636
279,3.0606766496813365e-05,7.854182248182049e-09,9.681130040017265e-09,14,9.313583819428512e-11,0.6929963001513346,0.20143724090308818,0.2729606373077424
280,3.060676641428007e-05,7.856299367004618e-09,9.68320709788975e-09,14,9.320129293404105e-11,0.6929963000858737,0.20143724091118012,0.27296063730063747
281,3.060693639641607e-05,1.7536295680237146e-09,2.932175776867215e-09,16,1.3626765205256076e-11,0.6929947883996465,0.20143818385334356,0.272960479733898
282,3.060676639335434e-05,7.856836225304862e-09,9.68373380688301e-09,14,9.321789286033454e-11,0.6929963000692989,0.20143724091321827,0.2729606372988383
283,3.060676637244764e-05,7.857372605846996e-09,9.684260029991067e-09,14,9.323447848688423e-11,0.6929963000527262,0.20143724091526205,0.2729606372970392
284,3.060693861076405e-05,1.312999320621376e-09,2.261883050568578e-09,15,1.4690058252565327e-12,0.6929955419810334,0.2014377365364626,0.2729605585228097
285,3.060676636728575e-05,7.85750504135602e-09,9.684389958583908e-09,14,9.32385734842375e-11,0.692996300048636,0.2014372409157647,0.27296063729659525
286,3.060676636214511e-05,7.857636869185292e-09,9.684519287585843e-09,14,9.324265219526887e-11,0.6929963000445452,0.20143724091627638,0.27296063729615155
287,3.060685556469956e-05,3.3880113033605728e-09,4.880218701158387e-09,14,2.7105925359893302e-11,0.6929959263598815,0.2014375154574313,0.2729605979113159
288,3.0606766359628275e-05,7.85770151753804e-09,9.684582721842605e-09,14,9.324464932304256e-11,0.6929963000425735,0.2014372409165091,0.27296063729593717
289,3.060676635715493e-05,7.857764923975935e-09,9.684644918970479e-09,14,9.324661134773151e-11,0.6929963000405988,0.2014372409167593,0.27296063729572295
290,3.060693854892198e-05,2.7251082235280174e-09,4.263077768427341e-09,15,9.144849573551526e-14,0.6929961077833424,0.20143740214397024,0.2729606176039782
291,3.060676635682031e-05,7.857773548450133e-09,9.684653384637882e-09,14,9.324687719988674e-11,0.692996300040345,0.20143724091678591,0.27296063729569514
292,3.0606766356494375e-05,7.857781906898923e-09,9.684661587792834e-09,14,9.3247135501295e-11,0.6929963000400869,0.20143724091681606,0.2729606372956674
293,3.0606938588994095e-05,2.997180594862216e-09,4.600725778483323e-09,15,1.1857485342418835e-14,0.6929962020761646,0.20143734638036012,0.2729606274499375
294,3.060676635641522e-05,7.857783931149252e-09,9.684663573319378e-09,14,9.324719836340566e-11,0.6929963000400229,0.20143724091682488,0.2729606372956605
295,3.06067663563542e-05,7.857785455480295e-09,9.684665059489506e-09,14,9.324724680638891e-11,0.692996300039961,0.20143724091684032,0.27296063729565356
296,3.0606938594754894e-05,3.1350599614203646e-09,4.7700302144325964e-09,15,6.876003331936507e-15,0.6929962492251179,0.2014373184984039,0.27296063237282414
297,3.060676635633033e-05,7.857786064946585e-09,9.68466566035435e-09,14,9.324726565465412e-11,0.6929963000399421,0.20143724091684068,0.27296063729565184
298,3.060676635629496e-05,7.857787026162977e-09,9.684666608190994e-09,14,9.32472939052692e-11,0.692996300039928,0.20143724091683682,0.2729606372956501
299,3.060693859654933e-05,3.204353411480323e-09,4.854739978294234e-09,15,5.078622871884566e-15,0.6929962727998146,0.20143730455781525,0.2729606348342444
300,3.060676635628378e-05,7.857787311059708e-09,9.684666894555893e-09,14,9.324730276728036e-11,0.6929963000399235,0.20143724091683454,0.27296063729564957
301,3.060676635630055e-05,7.857786829363838e-09,9.684666410025942e-09,14,9.324728918485792e-11,0.6929963000399196,0.20143724091684426,0.2729606372956492
302,3.060676635628378e-05,7.857787311059708e-09,9.684666894555893e-09,14,9.324730276728036e-11,0.6929963000399235,0.20143724091683454,0.27296063729564957
303,3.06069388846816e-05,6.3774426036931425e-09,9.111084176233273e-09,14,4.0048713762710245e-12,0.6929932782989434,0.20143907563858557,0.27296032227531897
304,3.0606766274027925e-05,7.85989716612795e-09,9.686736699522419e-09,14,9.331257849846789e-11,0.6929962999745689,0.20143724092496856,0.27296063728856124
305,3.06067661917318e-05,7.86200840472993e-09,9.68880785925377e-09,14,9.33779106771806e-11,0.692996299909247,0.20143724093306314,0.27296063728147607
306,3.060693634154747e-05,1.7565600116233778e-09,2.936808702258195e-09,16,1.3122965211944732e-11,0.6929947880276432,0.20143818420318427,0.2729604798077623
307,3.060676617088224e-05,7.862543269134792e-09,9.689332550844943e-09,14,9.339446688010942e-11,0.6929962998926812,0.2014372409351243,0.2729606372796791
308,3.06067661499765e-05,7.863079731209109e-09,9.689858837460142e-09,14,9.341106873086603e-11,0.6929962998761185,0.20143724093716164,0.27296063727788245
309,3.0606938462046095e-05,1.3093478115483479e-09,2.254620294687938e-09,15,9.461268471053086e-13,0.6929955417191103,0.20143773685920088,0.27296055855016316
310,3.0606766144822644e-05,7.863211951296216e-09,9.689988545201e-09,14,9.341516146054208e-11,0.6929962998720279,0.20143724093766793,0.27296063727743886
311,3.0606766139691745e-05,7.863343542095939e-09,9.690117627357206e-09,14,9.341923612599e-11,0.6929962998679374,0.20143724093818252,0.2729606372769951
312,3.0606855737581684e-05,3.3835102497678527e-09,4.875271494695537e-09,14,2.7034170661414254e-11,0.692995926141906,0.20143751561640508,0.27296059791541427
313,3.060676613720202e-05,7.86340745780012e-09,9.690180331973011e-09,14,9.342121397108204e-11,0.6929962998659691,0.20143724093842133,0.2729606372767819
314,3.060676613473494e-05,7.86347071993673e-09,9.690242389347225e-09,14,9.342317303060305e-11,0.6929962998640048,0.20143724093866885,0.27296063727656866
315,3.0606938549208544e-05,2.7242551996592123e-09,4.2620530662943e-09,15,9.066098379898779e-14,0.6929961075774762,0.20143740229069346,0.27296061759645024
316,3.0606766134406124e-05,7.863479196871179e-09,9.690250702738433e-09,14,9.342343420115535e-11,0.6929962998637482,0.20143724093869736,0.27296063727654085
317,3.060676613406216e-05,7.863488056754287e-09,9.690259408502407e-09,14,9.342370767394717e-11,0.6929962998634942,0.20143724093872042,0.27296063727651315
318,3.060693858900213e-05,2.996481165980737e-09,4.5998864330444676e-09,15,1.1850362097118429e-14,0.6929962018814542,0.2014373465079814,0.2729606274365963
319,3.0606766133994974e-05,7.863489741773198e-09,9.69026105719444e-09,14,9.342376079108174e-11,0.6929962998634313,0.2014372409387336,0.27296063727650627
320,3.060676613392653e-05,7.863491483732579e-09,9.690262758253439e-09,14,9.342381535305475e-11,0.6929962998633645,0.20143724093874604,0.27296063727649933
321,3.060693859474855e-05,3.1344384662408514e-09,4.769280757864827e-09,15,6.881369689402544e-15,0.6929962490359727,0.20143731861650824,0.2729606323565766
322,3.060676613389798e-05,7.863492239600425e-09,9.690263501636659e-09,14,9.342383810686304e-11,0.6929962998633501,0.2014372409387447,0.2729606372764976
323,3.060676613388525e-05,7.863492532154688e-09,9.690263788706289e-09,14,9.342384802246523e-11,0.6929962998633329,0.20143724093874973,0.2729606372764959
324,3.060693859654082e-05,3.203771364788416e-09,4.854035191235442e-09,15,5.086788668643644e-15,0.6929962726134473,0.20143730467115914,0.2729606348165434
325,3.06067661338572e-05,7.863493321988756e-09,9.690264572042358e-09,14,9.342387039794377e-11,0.6929962998633301,0.2014372409387414,0.27296063727649544
326,3.060676613388989e-05,7.863492384367169e-09,9.690263635535627e-09,14,9.342384457556335e-11,0.6929962998633249,0.20143724093875656,0.2729606372764951
327,3.06067661338572e-05,7.863493321988756e-09,9.690264572042358e-09,14,9.342387039794377e-11,0.6929962998633301,0.2014372409387414,0.27296063727649544
328,3.0606941017739654e-05,6.052383247872631e-09,8.669628917057966e-09,14,4.1066084606662825e-11,0.6929932794370852,0.201439077877878,0.27296032244174306
329,3.0606766052760774e-05,7.865573567760838e-09,9.692305189879825e-09,14,9.348829112728948e-11,0.6929962997988256,0.20143724094679855,0.27296063726950415
330,3.0606765971654896e-05,7.867654356279993e-09,9.694346321710437e-09,14,9.35527425834785e-11,0.6929962997343541,0.2014372409548301,0.2729606372625161
331,3.0606936315245766e-05,1.7610251979560098e-09,2.943883044617939e-09,16,1.2604190825378405e-11,0.6929947876514403,0.20143818455376902,0.2729604798814931
332,3.060676595083426e-05,7.868188522710884e-09,9.694870300032106e-09,14,9.356929166263441e-11,0.6929962997177971,0.2014372409568945,0.2729606372607217
333,3.06067659299955e-05,7.86872322206103e-09,9.69539480687523e-09,14,9.358585702097187e-11,0.6929962997012422,0.20143724095894966,0.27296063725892733
334,3.060693840428382e-05,1.3055275050533464e-09,2.246922182873052e-09,15,6.727583990949358e-13,0.6929955414509212,0.20143773716324706,0.2729605585775507
335,3.060676592484772e-05,7.868855310571326e-09,9.695524377274778e-09,14,9.358994947167072e-11,0.6929962996971568,0.2014372409594569,0.2729606372584843
336,3.060676591971211e-05,7.86898706674872e-09,9.695653612872696e-09,14,9.359403192770214e-11,0.6929962996930671,0.2014372409599681,0.2729606372580411
337,3.0606855912053605e-05,3.379066331487049e-09,4.870388082769831e-09,14,2.696426040136503e-11,0.6929959259257898,0.2014375157758051,0.2729605979196311
338,3.060676591722229e-05,7.869051011960465e-09,9.69571635464953e-09,14,9.359601145090597e-11,0.6929962996911095,0.20143724096020202,0.2729606372578289
339,3.0606765914769146e-05,7.869113942211353e-09,9.695778074403187e-09,14,9.359796148662354e-11,0.6929962996891506,0.2014372409604502,0.27296063725761666
340,3.060693854949422e-05,2.7234078599037987e-09,4.261035322787642e-09,15,8.987502918285652e-14,0.6929961073734044,0.20143740243630484,0.2729606175890825
341,3.060676591445297e-05,7.86912204421929e-09,9.695786019003026e-09,14,9.359821278739748e-11,0.6929962996888961,0.20143724096048343,0.2729606372575889
342,3.060676591414815e-05,7.869129824388665e-09,9.695793644196905e-09,14,9.359845530911127e-11,0.6929962996886383,0.2014372409605213,0.2729606372575612
343,3.0606938589010175e-05,2.995787160874804e-09,4.599053707229081e-09,15,1.184306589253569e-14,0.6929962016885478,0.20143734663452376,0.27296062742343663
344,3.060676591405735e-05,7.869132173053567e-09,9.695795954685945e-09,14,9.359852764471529e-11,0.6929962996885752,0.20143724096052534,0.2729606372575543
345,3.0606765913964465e-05,7.869134586860902e-09,9.69579832992896e-09,14,9.359860103333475e-11,0.6929962996885123,0.20143724096052845,0.2729606372575474
346,3.0606938594742345e-05,3.1338222270757396e-09,4.7685377259809765e-09,15,6.886786276696443e-15,0.6929962488486328,0.20143731873354961,0.27296063234052065
347,3.060676591394654e-05,7.869135033050153e-09,9.695798765480077e-09,14,9.359861538612523e-11,0.692996299688497,0.20143724096053153,0.27296063725754577
348,3.060676591392872e-05,7.869135503849597e-09,9.695799220167363e-09,14,9.359862965147698e-11,0.6929962996884801,0.20143724096053417,0.272960637257544
349,3.060693859653243e-05,3.203194501714419e-09,4.853336739088629e-09,15,5.095145063128586e-15,0.6929962724288917,0.201437304783448,0.27296063479903954
350,3.06067659139321e-05,7.869135389958273e-09,9.695799108331909e-09,14,9.359862712096681e-11,0.6929962996884774,0.20143724096053756,0.2729606372575435
351,3.060676591392872e-05,7.869135503849597e-09,9.695799220167363e-09,14,9.359862965147698e-11,0.6929962996884801,0.20143724096053417,0.272960637257544
352,3.060693859196143e-05,6.430149420383879e-09,9.183596293745998e-09,15,2.472131050079392e-14,0.6929932770255297,0.20143907700415942,0.27296032260632513
353,3.060676583184258e-05,7.87124129315563e-09,9.697864761427531e-09,14,9.366390151108547e-11,0.6929962996231214,0.20143724096872584,0.27296063725046515
354,3.060676574978198e-05,7.873346645958957e-09,9.699929836209714e-09,14,9.372917679563448e-11,0.692996299557799,0.20143724097690505,0.2729606372433896
355,3.060693631263722e-05,1.7666986152038171e-09,2.9528732317391643e-09,16,1.2080752581495721e-11,0.692994787272971,0.20143818490384838,0.2729604799542194
356,3.060676572900283e-05,7.873879802691773e-09,9.700452780934347e-09,14,9.374570944846582e-11,0.6929962995412545,0.20143724097897492,0.27296063724159775
357,3.0606765708218156e-05,7.874413110815017e-09,9.70097588305803e-09,14,9.37622482036199e-11,0.6929962995247158,0.20143724098104188,0.2729606372398062
358,3.0606938403163536e-05,1.301742349510335e-09,2.2392094313472815e-09,15,5.379749043905203e-13,0.6929955411776143,0.20143773745054133,0.27296055860435303
359,3.060676570306252e-05,7.874545458752492e-09,9.701105705697214e-09,14,9.376635102134858e-11,0.6929962995206325,0.20143724098154298,0.2729606372393638
360,3.060676569792629e-05,7.87467726503877e-09,9.701234991818953e-09,14,9.377043851623116e-11,0.6929962995165497,0.20143724098205207,0.27296063723892133
361,3.0606856085617046e-05,3.3747207241830193e-09,4.86561248323053e-09,14,2.689718847497065e-11,0.69299592570886,0.20143751593702308,0.27296059792347216
362,3.0606765695475935e-05,7.874740133924916e-09,9.701296656007248e-09,14,9.37723888543092e-11,0.6929962995145982,0.20143724098229646,0.27296063723871006
363,3.0606765693012465e-05,7.874803384180663e-09,9.701358698961573e-09,14,9.377434871572478e-11,0.6929962995126462,0.20143724098253532,0.27296063723849867
364,3.0606938549771794e-05,2.7225597706968866e-09,4.260016126883754e-09,15,8.910997561300607e-14,0.6929961071681018,0.20143740258239073,0.2729606175814443
365,3.060676569269869e-05,7.874811419238977e-09,9.701366577208239e-09,14,9.377459845794559e-11,0.692996299512392,0.20143724098257015,0.27296063723847114
366,3.0606765692383214e-05,7.874819508475926e-09,9.701374508120026e-09,14,9.377484956391782e-11,0.6929962995121333,0.20143724098260388,0.2729606372384435
367,3.060693858901766e-05,2.9950900814092103e-09,4.5982169586441645e-09,15,1.1836417069472316e-14,0.6929962014941655,0.20143734676182473,0.27296062741005844
368,3.060676569229104e-05,7.874821894776517e-09,9.701376856393511e-09,14,9.377492275793743e-11,0.6929962995120715,0.20143724098260718,0.2729606372384366
369,3.0606765692222915e-05,7.874823624401495e-09,9.701378543384986e-09,14,9.377497695448335e-11,0.6929962995120066,0.2014372409826196,0.27296063723842967
370,3.060693859473603e-05,3.1332017698692415e-09,4.767789429807687e-09,15,6.892303580966525e-15,0.6929962486596992,0.20143731885149121,0.27296063232427287
371,3.06067656921969e-05,7.874824280150972e-09,9.701379193337084e-09,14,9.377499795244454e-11,0.6929962995119928,0.20143724098261917,0.27296063723842795
372,3.060676569217908e-05,7.87482473883029e-09,9.701379641383632e-09,14,9.377501165126453e-11,0.6929962995119778,0.20143724098262214,0.27296063723842623
373,3.0606938596524e-05,3.2026128794825956e-09,4.852632442766845e-09,15,5.1031866892195734e-15,0.692996272242677,0.20143730489670672,0.2729606347813567
374,3.060676569216036e-05,7.874825255369262e-09,9.701380156054403e-09,14,9.3775027016366e-11,0.692996299511972,0.20143724098261742,0.2729606372384257
375,3.060676569217609e-05,7.874824799460652e-09,9.701379699551078e-09,14,9.377501437342038e-11,0.6929962995119671,0.2014372409826258,0.2729606372384254
376,3.060676569216036e-05,7.874825255369262e-09,9.701380156054403e-09,14,9.3775027016366e-11,0.692996299511972,0.20143724098261742,0.2729606372384257
377,3.060693062586901e-05,5.639487923910907e-09,8.107030955459369e-09,15,3.206180571803651e-11,0.6929932818654485,0.20143908440418304,0.2729603227723093
378,3.060676560632412e-05,7.877027298588016e-09,9.703539931695069e-09,14,9.384334945387612e-11,0.6929962994435135,0.20143724099124824,0.27296063723101643
379,3.060676552043762e-05,7.879231071688418e-09,9.705701404654236e-09,14,9.391173875606056e-11,0.6929962993750922,0.20143724099983312,0.2729606372236107
380,3.060693857105116e-05,1.944440859054438e-09,3.2302403994385366e-09,14,2.6098358683103577e-14,0.6929947861017659,0.20143818441929817,0.27296048002732065
381,3.0606765499978426e-05,7.879756031170813e-09,9.706216272614785e-09,14,9.392803341055894e-11,0.6929962993587807,0.20143724100188537,0.27296063722184494
382,3.060676547950039e-05,7.880281529092821e-09,9.706731676144102e-09,14,9.394434505619955e-11,0.6929962993424711,0.20143724100392923,0.2729606372200797
383,3.060693843482574e-05,1.2980657683204154e-09,2.231642597740101e-09,15,4.4427547819721934e-13,0.69299554089546,0.2014377377302516,0.27296055863104
384,3.060676547437078e-05,7.880413182007625e-09,9.706860804514425e-09,14,9.39484312412575e-11,0.6929962993383919,0.20143724100443774,0.272960637219638
385,3.060676546924546e-05,7.88054471720815e-09,9.706989810857793e-09,14,9.395251406013781e-11,0.6929962993343104,0.20143724100494806,0.2729606372191965
386,3.060685626154078e-05,3.370387613806175e-09,4.8608502742656864e-09,14,2.6831703381636636e-11,0.6929959254862427,0.2014375161035779,0.27296059792695315
387,3.06067654668059e-05,7.880607321998103e-09,9.707051213157054e-09,14,9.395445728990636e-11,0.6929962993323678,0.2014372410051912,0.2729606372189861
388,3.060676546437743e-05,7.880669612556213e-09,9.707112303233194e-09,14,9.395639165180079e-11,0.6929962993304246,0.20143724100543917,0.2729606372187757
389,3.060693855004635e-05,2.7216924818153527e-09,4.258973224411473e-09,15,8.83522741643546e-14,0.6929961069569234,0.20143740273218425,0.27296061757332324
390,3.0606765464027285e-05,7.880678677828337e-09,9.707121208625893e-09,14,9.39566705823796e-11,0.6929962993301708,0.20143724100545907,0.2729606372187482
391,3.0606765463728784e-05,7.880686282309367e-09,9.707128656606927e-09,14,9.395690878324762e-11,0.6929962993299149,0.20143724100549915,0.27296063721872055
392,3.060693858902458e-05,2.9943744272580215e-09,4.597357526950601e-09,15,1.1829965495174076e-14,0.6929962012938741,0.20143734689275106,0.2729606273961366
393,3.0606765463644094e-05,7.880688457976667e-09,9.70713079373204e-09,14,9.395697624082263e-11,0.6929962993298521,0.2014372410055059,0.27296063721871383
394,3.0606765463567394e-05,7.880690423330515e-09,9.707132718760102e-09,14,9.395703726872471e-11,0.6929962993297882,0.20143724100551502,0.2729606372187069
395,3.060693859472918e-05,3.1325631125162224e-09,4.767018973843035e-09,15,6.898090328951747e-15,0.6929962484648349,0.20143731897301456,0.2729606323074505
396,3.060676546353721e-05,7.880691229623878e-09,9.707133513805555e-09,14,9.395706114782212e-11,0.6929962993297718,0.20143724100551252,0.27296063721870506
397,3.0606765463528966e-05,7.880691409344082e-09,9.707133686518961e-09,14,9.395706771418854e-11,0.6929962993297578,0.2014372410055194,0.2729606372187034
398,3.060693859651518e-05,3.2020132416809676e-09,4.851906232794696e-09,15,5.111642288804735e-15,0.6929962720505277,0.20143730501352788,0.2729606347630841
399,3.0606765463529304e-05,7.880691387423158e-09,9.707133661934677e-09,14,9.395706729473423e-11,0.6929962993297506,0.201437241005522,0.272960637218703
400,3.0606765463528966e-05,7.880691409344082e-09,9.707133686518961e-09,14,9.395706771418854e-11,0.6929962993297578,0.2014372410055194,0.2729606372187034
401,3.060693823378348e-05,6.4306594446544524e-09,9.18427447315533e-09,15,4.945116612514604e-13,0.6929932760064353,0.2014390784604712,0.2729603229434587
402,3.0606765381650566e-05,7.882792040902801e-09,9.7091938460977e-09,14,9.402230662322564e-11,0.6929962992643721,0.20143724101379834,0.27296063721163183
403,3.060676529972929e-05,7.884894157407592e-09,9.711255459645763e-09,14,9.408760378626207e-11,0.6929962991990197,0.2014372410220372,0.27296063720456337
404,3.060693857055104e-05,1.947669698888097e-09,3.235229848938797e-09,14,2.6698318446748805e-14,0.6929947857339416,0.20143818484155962,0.2729604801033703
405,3.06067652792935e-05,7.885418586858069e-09,9.711769781737623e-09,14,9.410389630709543e-11,0.6929962991827207,0.2014372410240896,0.2729606372028004
406,3.060676525887664e-05,7.885942504790734e-09,9.712283587369778e-09,14,9.412017568535876e-11,0.6929962991664229,0.20143724102614813,0.27296063720103786
407,3.0606938484453146e-05,1.2945597649472193e-09,2.2243590619050978e-09,15,3.483587338630216e-13,0.6929955406124948,0.2014377380041032,0.27296055865954366
408,3.0606765253781456e-05,7.886073207613257e-09,9.71241176700899e-09,14,9.412423772413264e-11,0.6929962991623485,0.20143724102666674,0.272960637200597
409,3.060676524864813e-05,7.886205003616349e-09,9.712541032042997e-09,14,9.412833131846767e-11,0.6929962991582741,0.2014372410271713,0.2729606372001562
410,3.060685644725167e-05,3.3659589830135962e-09,4.855987173810585e-09,14,2.6765286108047825e-11,0.6929959252678077,0.2014375162702659,0.27296059793168476
411,3.060676524622999e-05,7.886267041903138e-09,9.712601870855283e-09,14,9.413025960818013e-11,0.6929962991563372,0.2014372410274179,0.27296063719994684
412,3.060676524380984e-05,7.886329142771009e-09,9.712662769136059e-09,14,9.413218947237993e-11,0.6929962991544029,0.20143724102766372,0.27296063719973757
413,3.06069385503387e-05,2.720831198419237e-09,4.257939113355138e-09,15,8.754420760723755e-14,0.6929961067507759,0.20143740287979575,0.27296061756616985
414,3.060676524348707e-05,7.886337442562163e-09,9.71267090932597e-09,14,9.413244710449424e-11,0.6929962991541485,0.2014372410276943,0.27296063719970987
415,3.06067652431334e-05,7.886346600042679e-09,9.712679905493496e-09,14,9.413272890583002e-11,0.6929962991538939,0.2014372410277136,0.27296063719968233
416,3.060693858903382e-05,2.993671202711672e-09,4.596514097349267e-09,15,1.1821934279022258e-14,0.6929962010993197,0.20143734702069016,0.2729606273830408
417,3.0606765243088946e-05,7.886347651988778e-09,9.712680921933033e-09,14,9.413276454730601e-11,0.6929962991538299,0.20143724102773525,0.2729606371996755
418,3.0606765243002894e-05,7.886349880587642e-09,9.712683108389344e-09,14,9.413283292714128e-11,0.692996299153765,0.20143724102774072,0.27296063719966857
419,3.0606938594723324e-05,3.1319400715835777e-09,4.766268003078512e-09,15,6.903205028579019e-15,0.6929962482760639,0.20143731909115076,0.2729606322913834
420,3.0606765242962745e-05,7.886350947562746e-09,9.71268416643514e-09,14,9.413286487530406e-11,0.6929962991537506,0.20143724102773472,0.27296063719966696
421,3.0606765242935125e-05,7.886351684307322e-09,9.712684892064548e-09,14,9.413288704049756e-11,0.6929962991537353,0.20143724102773364,0.2729606371996651
422,3.060693859650692e-05,3.2014308001174477e-09,4.851201218649759e-09,15,5.1199203460595425e-15,0.6929962718646471,0.20143730512676086,0.27296063474553145
423,3.0606765242951916e-05,7.886351216473606e-09,9.712684420545023e-09,14,9.413287334276616e-11,0.6929962991537315,0.20143724102774294,0.27296063719966474
424,3.0606765242935125e-05,7.886351684307322e-09,9.712684892064548e-09,14,9.413288704049756e-11,0.6929962991537353,0.20143724102773364,0.2729606371996651
425,3.060693859131952e-05,6.449991277665073e-09,9.211240114030076e-09,16,4.226941445951863e-15,0.6929932754013287,0.201439079158263,0.27296032310861934
426,3.060676516140865e-05,7.888443369432459e-09,9.714736126003112e-09,14,9.419791002353947e-11,0.6929962990885377,0.20143724103602947,0.2729606371926188
427,3.060676507983734e-05,7.890536584772457e-09,9.716788858119343e-09,14,9.426299244110699e-11,0.6929962990233725,0.20143724104428448,0.2729606371855756
428,3.0606938570055224e-05,1.9507943800719785e-09,3.2400561247652657e-09,14,2.7292279642242734e-14,0.6929947853760559,0.20143818525079007,0.2729604801764556
429,3.060676505945744e-05,7.89105958856013e-09,9.717301735457599e-09,14,9.42792564954206e-11,0.6929962990070879,0.20143724104634964,0.2729606371838155
430,3.060676503904661e-05,7.891583457631943e-09,9.71781547880234e-09,14,9.429554698567436e-11,0.6929962989908044,0.20143724104840058,0.27296063718205527
431,3.0606938535927284e-05,1.2915483805106918e-09,2.2180530288981246e-09,15,2.560207634356875e-13,0.6929955403351836,0.20143773826557296,0.27296055868659463
432,3.0606765033963315e-05,7.891713862003548e-09,9.717943355407044e-09,14,9.429960399760083e-11,0.692996298986734,0.2014372410489214,0.2729606371816154
433,3.060676502886041e-05,7.89184486582316e-09,9.718071820570898e-09,14,9.430367713329722e-11,0.6929962989826619,0.20143724104943364,0.2729606371811752
434,3.060685662704436e-05,3.361737754708642e-09,4.851351273965155e-09,14,2.6703623294841068e-11,0.6929959250518403,0.20143751643593816,0.27296059793571975
435,3.060676502645867e-05,7.891906457757505e-09,9.718132217516589e-09,14,9.430559402823626e-11,0.6929962989807342,0.20143724104968241,0.27296063718096697
436,3.060676502404729e-05,7.891968334870256e-09,9.718192897899833e-09,14,9.430751885593626e-11,0.6929962989788063,0.20143724104992755,0.2729606371807586
437,3.0606938550614056e-05,2.7199839334107216e-09,4.2569209717023375e-09,15,8.678262152701984e-14,0.692996106546256,0.2014374030255657,0.2729606175586979
438,3.0606765023707935e-05,7.891977114186275e-09,9.718201511994514e-09,14,9.430779012443827e-11,0.6929962989785533,0.20143724104995123,0.2729606371807311
439,3.0606765023393164e-05,7.89198517830584e-09,9.718209418403331e-09,14,9.430804117295364e-11,0.6929962989782986,0.20143724104998512,0.27296063718070357
440,3.060693858904189e-05,2.992975497919654e-09,4.595679150301785e-09,15,1.1814406901240871e-14,0.6929962009058022,0.20143734714759143,0.27296062736981536
441,3.060676502332019e-05,7.891987036253819e-09,9.718211237667472e-09,14,9.430809945969519e-11,0.6929962989782318,0.20143724104999572,0.2729606371806968
442,3.06067650232505e-05,7.891988789928252e-09,9.718212955640024e-09,14,9.430815531968493e-11,0.6929962989781713,0.2014372410500074,0.27296063718068986
443,3.0606938594717124e-05,3.1313213490240256e-09,4.765521932880703e-09,15,6.908450208698279e-15,0.6929962480880314,0.20143731920864863,0.27296063227528133
444,3.060676502323636e-05,7.891989134726199e-09,9.718213290035079e-09,14,9.430816608704085e-11,0.692996298978154,0.20143724105001223,0.27296063718068814
445,3.0606765023193636e-05,7.891990290937066e-09,9.71821443338048e-09,14,9.43082002133155e-11,0.6929962989781392,0.2014372410500047,0.27296063718068636
446,3.0606938596498535e-05,3.2008510638220107e-09,4.85049932513683e-09,15,5.1278683524676734e-15,0.6929962716793557,0.20143730523955503,0.27296063472799104
447,3.060676502318002e-05,7.89199065574583e-09,9.718214796533998e-09,14,9.43082112842724e-11,0.692996298978135,0.2014372410500025,0.27296063718068597
448,3.060676502316407e-05,7.8919911109707e-09,9.718215245475012e-09,14,9.430822392899309e-11,0.6929962989781321,0.20143724104999822,0.2729606371806855
449,3.060693859721457e-05,3.235695013053216e-09,4.892996896435457e-09,15,4.400141863026174e-15,0.6929962834750416,0.2014372982550589,0.2729606359543401
450,3.0606765023177075e-05,7.89199074767561e-09,9.718214883188856e-09,14,9.430821379593109e-11,0.6929962989781323,0.20143724105000374,0.27296063718068536
451,3.060676502316407e-05,7.8919911109707e-09,9.718215245475012e-09,14,9.430822392899309e-11,0.6929962989781321,0.20143724104999822,0.2729606371806855
452,3.06068987906334e-05,5.27656079296668e-09,7.56522123277533e-09,16,4.965306934048791e-11,0.6929932829617536,0.20143908333070254,0.2729603232731885
453,3.060676491759828e-05,7.894699734150344e-09,9.7208712924882e-09,14,9.439250797392472e-11,0.6929962988936067,0.2014372410607968,0.2729606371715567
454,3.0606764812e-05,7.89740980762417e-09,9.723528742648733e-09,14,9.447685765356726e-11,0.69299629880915,0.20143724107153435,0.2729606371624347
455,3.060693856955064e-05,1.9539625480715878e-09,3.2449456624874563e-09,14,2.7897466332058072e-14,0.692994784999112,0.20143818567060864,0.2729604802471675
456,3.0606764791628605e-05,7.89793273838134e-09,9.72404152324905e-09,14,9.449313454995465e-11,0.692996298792882,0.20143724107358998,0.2729606371606775
457,3.060676477128353e-05,7.898454926575085e-09,9.724553568055561e-09,14,9.450939130726286e-11,0.6929962987766172,0.20143724107565414,0.2729606371589206
458,3.060693858144702e-05,1.2889563727919538e-09,2.212593288436742e-09,15,1.8115231592552848e-13,0.6929955400297515,0.20143773854181166,0.27296055871038283
459,3.0606764766214675e-05,7.898584980737516e-09,9.724681089041953e-09,14,9.451344239129412e-11,0.692996298772553,0.2014372410761768,0.2729606371584815
460,3.060676476112834e-05,7.898715547684395e-09,9.724809116052604e-09,14,9.451750736996487e-11,0.6929962987684865,0.20143724107669211,0.27296063715804236
461,3.0606856799608385e-05,3.3576035676068933e-09,4.846801347123614e-09,14,2.6646869636763072e-11,0.6929959248006134,0.2014375166243969,0.2729605979360472
462,3.060676475868107e-05,7.898778473011106e-09,9.724870843233046e-09,14,9.451946344698706e-11,0.6929962987665697,0.20143724107691782,0.27296063715783503
463,3.060676475628685e-05,7.898839914706205e-09,9.724931088797009e-09,14,9.45213761953202e-11,0.6929962987646474,0.20143724107716332,0.27296063715762764
464,3.060693855085194e-05,2.7190302026879064e-09,4.255769407154409e-09,15,8.612195305244418e-14,0.6929961063042803,0.2014374031934489,0.27296061754729595
465,3.060676475599832e-05,7.898847236358717e-09,9.72493825334049e-09,14,9.452160684174151e-11,0.6929962987643917,0.20143724107720712,0.27296063715760027
466,3.060676475566611e-05,7.898855803378893e-09,9.724946659810454e-09,14,9.452187229661141e-11,0.6929962987641352,0.20143724107723399,0.27296063715757285
467,3.060693858904346e-05,2.9921667519266602e-09,4.594704901137369e-09,15,1.1812028563797062e-14,0.6929962006735103,0.20143734729743956,0.27296062735254917
468,3.060676475559123e-05,7.898857712669263e-09,9.724948532200501e-09,14,9.452193214830153e-11,0.6929962987640756,0.20143724107724387,0.2729606371575659
469,3.060676475551387e-05,7.898859706656986e-09,9.724950479942599e-09,14,9.452199426017218e-11,0.6929962987640138,0.20143724107725264,0.2729606371575591
470,3.060693859470749e-05,3.1305865326215e-09,4.764633761047531e-09,15,6.917136889707704e-15,0.6929962478605644,0.20143731934950349,0.27296063225508277
471,3.060676475550172e-05,7.898859999512008e-09,9.72495076706644e-09,14,9.452200359379485e-11,0.692996298763994,0.2014372410772576,0.2729606371575573
472,3.060676475546744e-05,7.898860909924527e-09,9.724951666493457e-09,14,9.452203111170656e-11,0.6929962987639817,0.2014372410772541,0.27296063715755553
473,3.060693859648767e-05,3.200153757091269e-09,4.849653959855147e-09,15,5.1383617705207e-15,0.692996271454305,0.2014373053759121,0.27296063470632637
474,3.0606764755471716e-05,7.898860779152266e-09,9.724951535061048e-09,14,9.452202807530033e-11,0.6929962987639767,0.20143724107725797,0.27296063715755525
475,3.060676475546744e-05,7.898860909924527e-09,9.724951666493457e-09,14,9.452203111170656e-11,0.6929962987639817,0.2014372410772541,0.27296063715755553
476,3.060693597516765e-05,6.387624861759722e-09,9.12083104019374e-09,15,8.902066069933809e-12,0.6929932742995427,0.20143908019082105,0.27296032347368343
477,3.060676467307097e-05,7.900975156374817e-09,9.727024700078527e-09,14,9.458789225259398e-11,0.6929962986979059,0.20143724108573935,0.27296063715042557
478,3.060676459061617e-05,7.903091363814732e-09,9.729099658122454e-09,14,9.465382442645828e-11,0.6929962986318648,0.20143724109417788,0.2729606371432987
479,3.0606938568911994e-05,1.957709142514713e-09,3.2507295656832545e-09,14,2.866232490596483e-14,0.6929947845834629,0.20143818615628176,0.27296048033784603
480,3.060676457031763e-05,7.903612366305696e-09,9.729610495453006e-09,14,9.46700592441282e-11,0.6929962986156093,0.2014372410962542,0.2729606371415442
481,3.060676455004838e-05,7.9041325331751e-09,9.730120506892554e-09,14,9.468627208236136e-11,0.6929962985993537,0.2014372410983397,0.27296063713979013
482,3.060693862330578e-05,1.2865235941614244e-09,2.2074355774813655e-09,15,1.3453247177660892e-13,0.6929955397258064,0.2014377388399006,0.2729605587461567
483,3.060676454497546e-05,7.904262743650852e-09,9.730248178718573e-09,14,9.469032988349866e-11,0.6929962985952914,0.20143724109885805,0.27296063713935187
484,3.060676453989423e-05,7.904393184869638e-09,9.730376077142847e-09,14,9.469439479880678e-11,0.6929962985912286,0.20143724109937286,0.2729606371389135
485,3.060685702980624e-05,3.352577901594501e-09,4.841294401394108e-09,14,2.657484850718725e-11,0.6929959245718392,0.2014375168095267,0.2729605979443696
486,3.060676453752913e-05,7.90445385602866e-09,9.730435552218536e-09,14,9.469628679680283e-11,0.692996298589319,0.20143724109962513,0.2729606371387073
487,3.06067645351475e-05,7.904514967179721e-09,9.730495469458976e-09,14,9.4698191545604e-11,0.6929962985874101,0.20143724109987104,0.27296063713850105
488,3.0606938551214514e-05,2.718101540258622e-09,4.25465831159098e-09,15,8.511745827642838e-14,0.6929961060910332,0.20143740334971522,0.27296061754189405
489,3.0606764534810045e-05,7.90452367390043e-09,9.730504019612833e-09,14,9.469846193283328e-11,0.6929962985871533,0.20143724109989541,0.27296063713847357
490,3.0606764534495626e-05,7.904531734442937e-09,9.73051192054643e-09,14,9.469871317422049e-11,0.6929962985868979,0.2014372410999287,0.27296063713844615
491,3.060693858905916e-05,2.9914274256595726e-09,4.593820918851127e-09,15,1.1798772747509064e-14,0.6929962004747772,0.20143734743011202,0.2729606273402847
492,3.060676453440702e-05,7.90453404576261e-09,9.730514189754472e-09,14,9.469878393519429e-11,0.6929962985868359,0.20143724109993336,0.27296063713843927
493,3.060676453435936e-05,7.904535182701534e-09,9.730515290572042e-09,14,9.46988223240844e-11,0.6929962985867703,0.20143724109995395,0.2729606371384325
494,3.0606938594703246e-05,3.129943104380824e-09,4.763859895077311e-09,15,6.920293595945506e-15,0.6929962476690729,0.20143731947042018,0.27296063223938727
495,3.0606764534300605e-05,7.904536791502234e-09,9.730516885785804e-09,14,9.46988696182996e-11,0.692996298586755,0.20143724109994063,0.2729606371384307
496,3.060676453430096e-05,7.904536726497244e-09,9.730516815177137e-09,14,9.469886884403988e-11,0.6929962985867406,0.20143724109995062,0.2729606371384291
497,3.0606764534300605e-05,7.904536791502234e-09,9.730516885785804e-09,14,9.46988696182996e-11,0.692996298586755,0.20143724109994063,0.2729606371384307
498,3.060694001312891e-05,6.42659172880071e-09,9.183201020901595e-09,15,3.9749702359994795e-12,0.6929932740193548,0.20143908198988658,0.272960323639356
499,3.0606764453958934e-05,7.906598463656958e-09,9.732538225939438e-09,14,9.476315159992764e-11,0.6929962985222559,0.2014372411082551,0.27296063713147545
500,3.060676437363688e-05,7.908659848834074e-09,9.734559256580457e-09,14,9.482744119061511e-11,0.6929962984577883,0.20143724111655487,0.2729606371245232
501,3.0606938568371465e-05,1.960843930310509e-09,3.2555655079310325e-09,14,2.93103853287175e-14,0.6929947842257107,0.2014381865660797,0.27296048041129334
502,3.060676435335618e-05,7.909180468484382e-09,9.735069699532469e-09,14,9.484367762531587e-11,0.6929962984415418,0.2014372411186286,0.27296063712277124
503,3.0606764333100444e-05,7.909700394099613e-09,9.735579447700624e-09,14,9.485989515299754e-11,0.6929962984253027,0.20143724112071068,0.2729606371210198
504,3.0606938640385935e-05,1.2850712083526181e-09,2.2043504723933023e-09,15,1.299899800249776e-13,0.6929955394564626,0.2014377391013246,0.2729605587734946
505,3.060676432804897e-05,7.909830045001438e-09,9.735706553654425e-09,14,9.486394000679947e-11,0.6929962984212404,0.20143724112123484,0.2729606371205821
506,3.060676432299528e-05,7.909959750261185e-09,9.735833712923867e-09,14,9.486798634828007e-11,0.6929962984171839,0.20143724112175845,0.27296063712014457
507,3.060685721608723e-05,3.34849612087428e-09,4.8368157083158135e-09,14,2.6519644783543068e-11,0.692995924357496,0.20143751697961634,0.272960597948654
508,3.0606764320625506e-05,7.910020545632551e-09,9.735893322223785e-09,14,9.486988420220903e-11,0.6929962984152801,0.20143724112200403,0.27296063711993923
509,3.060676431823442e-05,7.910081986667393e-09,9.73595356629697e-09,14,9.487179844893763e-11,0.6929962984133766,0.20143724112224132,0.2729606371197339
510,3.060693855148787e-05,2.7172570510733807e-09,4.253643645402453e-09,15,8.435829785803376e-14,0.692996105887959,0.20143740349477463,0.27296061753465256
511,3.06067643179374e-05,7.910089563798725e-09,9.735960984489549e-09,14,9.487203670858862e-11,0.6929962984131249,0.2014372411222814,0.2729606371197065
512,3.06067643176047e-05,7.910098146510476e-09,9.735969406084134e-09,14,9.487230306512073e-11,0.6929962984128711,0.2014372411223078,0.2729606371196792
513,3.0606938589067786e-05,2.9907351053104247e-09,4.592990224667982e-09,15,1.1791347055733846e-14,0.692996200282794,0.20143734755621526,0.27296062732728044
514,3.060676431752623e-05,7.910100160421337e-09,9.735971380334975e-09,14,9.487236565368895e-11,0.6929962984128079,0.20143724112231615,0.2729606371196723
515,3.060676431745762e-05,7.910101892178847e-09,9.735973073533508e-09,14,9.487242082928939e-11,0.6929962984127431,0.2014372411223281,0.27296063711966545
516,3.060693859469739e-05,3.1293280716913613e-09,4.76311844734836e-09,15,6.925279316457519e-15,0.6929962474826196,0.20143731958707514,0.2729606322235016
517,3.060676431742489e-05,7.910102766780505e-09,9.735973936639752e-09,14,9.487244708431784e-11,0.6929962984127286,0.20143724112232522,0.2729606371196639
518,3.0606764317405425e-05,7.910103263019581e-09,9.735974422796006e-09,14,9.487246259410561e-11,0.6929962984127106,0.20143724112232753,0.2729606371196621
519,3.0606938596471776e-05,3.1989829751085366e-09,4.848237742614012e-09,15,5.153617272504961e-15,0.6929962710827432,0.2014373056028767,0.27296063467158893
520,3.060676431741478e-05,7.910102988956595e-09,9.735974147517075e-09,14,9.48724549973307e-11,0.692996298412707,0.2014372411223334,0.2729606371196616
521,3.0606764317405425e-05,7.910103263019581e-09,9.735974422796006e-09,14,9.487246259410561e-11,0.6929962984127106,0.20143724112232753,0.2729606371196621
522,3.06069358929697e-05,6.3751605916954656e-09,9.109753290202551e-09,15,4.251927918587006e-12,0.6929932735058815,0.2014390819773076,0.2729603238018539
523,3.0606764235300536e-05,7.91221028984559e-09,9.738040088061797e-09,14,9.493821975750352e-11,0.692996298346714,0.20143724113086986,0.2729606371125502
524,3.06067641531916e-05,7.914317710792855e-09,9.740106119815028e-09,14,9.500400402623983e-11,0.6929962982807488,0.20143724113938663,0.27296063710544166
525,3.060693856782873e-05,1.963928229073482e-09,3.2603214193617676e-09,14,2.996156888511847e-14,0.6929947838715842,0.20143818696994853,0.2729604804830001
526,3.060676413298895e-05,7.914836271948692e-09,9.740614489582751e-09,14,9.502019402849934e-11,0.6929962982645173,0.20143724114148145,0.2729606371036925
527,3.060676411276611e-05,7.915355414431416e-09,9.741123436796551e-09,14,9.503640130983376e-11,0.6929962982482899,0.20143724114356779,0.27296063710194357
528,3.060693864015779e-05,1.2841508841049141e-09,2.2023994608838353e-09,15,1.3618851888890972e-13,0.6929955391905794,0.2014377393641077,0.27296055879980974
529,3.060676410771532e-05,7.915485072278958e-09,9.74125054440376e-09,14,9.504044930721992e-11,0.692996298244235,0.20143724114408937,0.2729606371015065
530,3.060676410266143e-05,7.915614814163044e-09,9.741377738042411e-09,14,9.504450035860136e-11,0.6929962982401799,0.20143724114461015,0.27296063710106955
531,3.060685739908665e-05,3.344542696584747e-09,4.832477352225426e-09,14,2.6468086839537185e-11,0.6929959241415665,0.2014375171514674,0.27296059795227395
532,3.060676410030265e-05,7.91567536458905e-09,9.74143709797583e-09,14,9.504639061416834e-11,0.6929962982382807,0.2014372411448557,0.2729606371008651
533,3.060676409794252e-05,7.915735941469628e-09,9.741496484851671e-09,14,9.504828248407252e-11,0.6929962982363883,0.20143724114510045,0.2729606371006608
534,3.060693855174909e-05,2.716411000031003e-09,4.252626180237598e-09,15,8.36323575048366e-14,0.6929961056826436,0.20143740364070598,0.27296061752692596
535,3.0606764097619105e-05,7.915744262266943e-09,9.741504646698521e-09,14,9.504854187182413e-11,0.6929962982361333,0.20143724114513006,0.27296063710063356
536,3.0606764097327516e-05,7.915751682270007e-09,9.741511908088361e-09,14,9.5048775308646e-11,0.692996298235879,0.20143724114517192,0.27296063710060625
537,3.060693858907529e-05,2.9900372836384602e-09,4.59215234826886e-09,15,1.1784393171926047e-14,0.6929962000881529,0.20143734768367974,0.2729606273138807
538,3.060676409724024e-05,7.915753942111795e-09,9.741514129320457e-09,14,9.504884547098291e-11,0.6929962982358148,0.2014372411451773,0.27296063710059937
539,3.0606764097156124e-05,7.915756130199773e-09,9.741516272625522e-09,14,9.504891303376559e-11,0.6929962982357524,0.20143724114518333,0.2729606371005925
540,3.060693859469101e-05,3.128705629927345e-09,4.762367734190273e-09,15,6.930804901306159e-15,0.6929962472933014,0.201437319705334,0.2729606322072653
541,3.060676409713712e-05,7.915756604977372e-09,9.741516740269024e-09,14,9.504892837382234e-11,0.6929962982357377,0.20143724114518535,0.27296063710059076
542,3.060676409712183e-05,7.915756987629276e-09,9.741517113099046e-09,14,9.504893999200015e-11,0.6929962982357224,0.20143724114518924,0.27296063710058904
543,3.0606938596463285e-05,3.198398732356232e-09,4.847530368621731e-09,15,5.161620344474925e-15,0.6929962708960843,0.20143730571653148,0.27296063465393433
544,3.060676409710464e-05,7.915757464615523e-09,9.741517585187777e-09,14,9.504895431584965e-11,0.6929962982357176,0.20143724114518502,0.2729606371005886
545,3.0606764097117696e-05,7.915757080309513e-09,9.741517200404426e-09,14,9.504894339115298e-11,0.692996298235712,0.20143724114519254,0.27296063710058827
546,3.060676409710464e-05,7.915757464615523e-09,9.741517585187777e-09,14,9.504895431584965e-11,0.6929962982357176,0.20143724114518502,0.2729606371005886
547,3.0606938590910774e-05,6.483414286091322e-09,9.257837559279239e-09,15,4.83490330927025e-15,0.6929932726314475,0.20143908284762235,0.27296032396692854
548,3.060676401646107e-05,7.917827045039749e-09,9.743546382321323e-09,14,9.511360443607856e-11,0.6929962981707944,0.20143724115363232,0.2729606370935974
549,3.060676393579048e-05,7.919897654863353e-09,9.745576182612929e-09,14,9.517829938686041e-11,0.6929962981059021,0.20143724116204698,0.2729606370866092
550,3.060693856726387e-05,1.9670555936726307e-09,3.2651421605529862e-09,14,3.064183400513984e-14,0.6929947835144838,0.20143818737866806,0.27296048055611993
551,3.0606763915607906e-05,7.920415755447047e-09,9.746084077472995e-09,14,9.519448911037753e-11,0.6929962980896827,0.20143724116414122,0.27296063708486273
552,3.060676389543871e-05,7.920933523771452e-09,9.746591635498552e-09,14,9.521066953493334e-11,0.692996298073467,0.201437241166239,0.27296063708311635
553,3.0606938622121336e-05,1.2837288704837824e-09,2.2015171341201005e-09,15,1.6940239684524847e-13,0.6929955389277669,0.20143773963312567,0.2729605588269557
554,3.060676389038894e-05,7.921063193871482e-09,9.746718749394133e-09,14,9.521472081744981e-11,0.6929962980694143,0.20143724116675935,0.27296063708268
555,3.06067638853725e-05,7.921191901972528e-09,9.746844908785227e-09,14,9.52187454231551e-11,0.692996298065361,0.20143724116729228,0.27296063708224366
556,3.0606857587704245e-05,3.3405725439242308e-09,4.828123299272825e-09,14,2.6417714471614525e-11,0.6929959239269278,0.2014375173248528,0.2729605979564339
557,3.060676388299423e-05,7.921253029337902e-09,9.74690484518894e-09,14,9.522065368384967e-11,0.6929962980634736,0.20143724116752576,0.2729606370820402
558,3.060676388066914e-05,7.921312646101537e-09,9.746963276936879e-09,14,9.5222518659778e-11,0.6929962980615845,0.2014372411677799,0.2729606370818367
559,3.0606938552017156e-05,2.715565354899993e-09,4.251609830581253e-09,15,8.288576222086577e-14,0.6929961054789493,0.20143740378608405,0.27296061751959383
560,3.060676388033331e-05,7.921321330429048e-09,9.746971796353605e-09,14,9.522278819655832e-11,0.6929962980613315,0.2014372411678044,0.27296063708180945
561,3.060676388004519e-05,7.921328650884142e-09,9.746978962387864e-09,14,9.522301945016455e-11,0.6929962980610785,0.2014372411678479,0.2729606370817823
562,3.060693858908367e-05,2.989342904031856e-09,4.591319059562811e-09,15,1.1776806153602359e-14,0.6929961998954581,0.2014373478102049,0.2729606273008026
563,3.060676387995483e-05,7.921330997221365e-09,9.746981267889573e-09,14,9.522309167523552e-11,0.6929962980610157,0.20143724116785147,0.27296063708177537
564,3.060676387987665e-05,7.921333010395355e-09,9.746983237993341e-09,14,9.522315480178049e-11,0.692996298060951,0.20143724116785983,0.2729606370817685
565,3.060693859468517e-05,3.1280881417796457e-09,4.761623284793397e-09,15,6.935425848482083e-15,0.6929962471060946,0.201437319822461,0.2729606321913142
566,3.0606763879846535e-05,7.92133382871799e-09,9.746984043555555e-09,14,9.522317851635162e-11,0.6929962980609345,0.2014372411678575,0.27296063708176677
567,3.060676387984887e-05,7.921333696981877e-09,9.746983904425311e-09,14,9.522317696802749e-11,0.6929962980609204,0.2014372411678685,0.2729606370817652
568,3.0606763879846535e-05,7.92133382871799e-09,9.746984043555555e-09,14,9.522317851635162e-11,0.6929962980609345,0.2014372411678575,0.27296063708176677
569,3.060693207319778e-05,6.314425526800595e-09,9.024438161868171e-09,14,8.606830621564144e-12,0.6929932730265909,0.2014390831499265,0.272960324129749
570,3.060676379624288e-05,7.923479489123422e-09,9.749087279516599e-09,14,9.529026746847222e-11,0.6929962979935482,0.20143724117665923,0.27296063707451534
571,3.060676371262428e-05,7.925625887038266e-09,9.75119122001932e-09,14,9.535739421467433e-11,0.6929962979261964,0.20143724118542977,0.2729606370672675
572,3.060693856669431e-05,1.9701511539932246e-09,3.269911696285061e-09,14,3.132796278154683e-14,0.6929947831585409,0.20143818778402237,0.27296048062785794
573,3.0606763692499055e-05,7.926142527809624e-09,9.751697634265795e-09,14,9.537355336611347e-11,0.692996297909994,0.2014372411875368,0.2729606370655236
574,3.06067636723569e-05,7.926659656388402e-09,9.752204537487449e-09,14,9.538972804299899e-11,0.6929962978937895,0.20143724118963593,0.2729606370637798
575,3.060693858727219e-05,1.2837712831922127e-09,2.201633783350523e-09,15,2.6145584246802636e-13,0.6929955386661586,0.20143773990650093,0.27296055885315595
576,3.06067636673213e-05,7.926788953570562e-09,9.752331276465919e-09,14,9.539377193241597e-11,0.6929962978897403,0.20143724119016002,0.272960637063344
577,3.0606763662308314e-05,7.926917595283913e-09,9.752457366386759e-09,14,9.539779751759872e-11,0.6929962978856904,0.20143724119069278,0.27296063706290835
578,3.060685777378475e-05,3.3367065405938636e-09,4.823882810426261e-09,14,2.6370770339626185e-11,0.692995923708648,0.20143751750138808,0.2729605979598664
579,3.060676365996954e-05,7.926977642862024e-09,9.752516225174828e-09,14,9.53996759340383e-11,0.692996297883809,0.20143724119093687,0.2729606370627059
580,3.060676365760539e-05,7.927038411481106e-09,9.752575802328151e-09,14,9.540157478447547e-11,0.6929962978819268,0.2014372411911707,0.2729606370625033
581,3.060693855227412e-05,2.714710860932545e-09,4.250581796884671e-09,15,8.21703547271834e-14,0.6929961052709804,0.2014374039336776,0.2729606175116434
582,3.060676365731002e-05,7.927045942420704e-09,9.75258317820974e-09,14,9.540181181806431e-11,0.6929962978816748,0.20143724119121123,0.27296063706247614
583,3.060676365698576e-05,7.927054288461669e-09,9.752591362960361e-09,14,9.540207234884862e-11,0.6929962978814225,0.20143724119124004,0.2729606370624487
584,3.060693858909095e-05,2.9886364413487755e-09,4.590470597962354e-09,15,1.177017405259874e-14,0.6929961996981076,0.20143734793934728,0.27296062728716064
585,3.0606763656911325e-05,7.927056172198595e-09,9.752593209383766e-09,14,9.540213235688396e-11,0.6929962978813593,0.20143724119125014,0.27296063706244206
586,3.060676365682047e-05,7.927058559008727e-09,9.752595551883875e-09,14,9.540220507940327e-11,0.6929962978812962,0.20143724119125309,0.2729606370624352
587,3.060693859467868e-05,3.1274569956997607e-09,4.76086198936132e-09,15,6.941295019822074e-15,0.6929962469140342,0.20143731994240438,0.27296063217482663
588,3.0606763656826215e-05,7.92705834241297e-09,9.752595329514009e-09,14,9.540220027643079e-11,0.6929962978812777,0.20143724119126521,0.2729606370624335
589,3.060676365682047e-05,7.927058559008727e-09,9.752595551883875e-09,14,9.540220507940327e-11,0.6929962978812962,0.20143724119125309,0.2729606370624352
590,3.0606938360313346e-05,6.489777014401464e-09,9.266789587362902e-09,14,3.8499028926705643e-13,0.6929932716035836,0.20143908427099622,0.272960324296919
591,3.0606763576388755e-05,7.929122966290687e-09,9.75461899617577e-09,14,9.546681250825114e-11,0.6929962978163889,0.20143724119976322,0.2729606370554557
592,3.0606763495964996e-05,7.931187409953316e-09,9.756642450713376e-09,14,9.553143693708556e-11,0.6929962977515157,0.20143724120825324,0.2729606370484792
593,3.0606938566095426e-05,1.973316852478679e-09,3.2747879568132375e-09,14,3.2052272901944104e-14,0.6929947827982391,0.20143818819716153,0.2729604807020475
594,3.0606763475880666e-05,7.931703017996025e-09,9.757147820900263e-09,14,9.554757926594535e-11,0.6929962977353229,0.20143724121036785,0.27296063704673806
595,3.06067634558192e-05,7.932218007361225e-09,9.757652572658232e-09,14,9.556370442111102e-11,0.6929962977191323,0.20143724121248938,0.27296063704499685
596,3.0606938534787476e-05,1.2842797755535925e-09,2.202750653862613e-09,15,4.239998669354806e-13,0.6929955384084818,0.2014377401876996,0.272960558880859
597,3.060676345077685e-05,7.932347512164066e-09,9.757779514192773e-09,14,9.556775768433025e-11,0.692996297715085,0.20143724121300963,0.27296063704456164
598,3.060676344579379e-05,7.932475336623556e-09,9.757904786896225e-09,14,9.557176362310082e-11,0.6929962977110349,0.20143724121355258,0.2729606370441264
599,3.060685796861546e-05,3.332784002449705e-09,4.81958450495386e-09,14,2.6324544598879082e-11,0.6929959234937109,0.20143751767885815,0.2729605979643268
600,3.0606763443464796e-05,7.932535144612634e-09,9.757963403934315e-09,14,9.55736359226682e-11,0.6929962977091616,0.20143724121379597,0.2729606370439248
601,3.060676344111491e-05,7.932595546232232e-09,9.758022618313591e-09,14,9.5575524801861e-11,0.6929962977072865,0.2014372412140306,0.27296063704372314
602,3.060693855254466e-05,2.7138608569520687e-09,4.249560436777721e-09,15,8.141637632028779e-14,0.6929961050670307,0.20143740407955937,0.27296061750448347
603,3.060676344080211e-05,7.932603567265259e-09,9.7580304807038e-09,14,9.557577641003144e-11,0.6929962977070345,0.20143724121406403,0.27296063704369605
604,3.060676344048391e-05,7.932611752173033e-09,9.758038505914071e-09,14,9.557603163929726e-11,0.6929962977067846,0.20143724121409512,0.2729606370436688
605,3.06069385891e-05,2.987939848971624e-09,4.589634871834296e-09,15,1.1762191992999694e-14,0.6929961995053713,0.20143734806609803,0.27296062727419085
606,3.060676344040058e-05,7.93261389201771e-09,9.75804060419764e-09,14,9.557609897082438e-11,0.6929962977067196,0.2014372412141017,0.272960637043662
607,3.060676344032817e-05,7.932615757602848e-09,9.758042428449111e-09,14,9.557615698759986e-11,0.6929962977066546,0.20143724121411186,0.2729606370436551
608,3.0606938594672935e-05,3.1268384309742365e-09,4.760116396104047e-09,15,6.946093073828068e-15,0.692996246726891,0.20143732005961767,0.27296063215895167
609,3.060676344033329e-05,7.932615542330113e-09,9.758042209223432e-09,14,9.557615317077138e-11,0.6929962977066397,0.20143724121412387,0.27296063704365336
610,3.060676344032817e-05,7.932615757602848e-09,9.758042428449111e-09,14,9.557615698759986e-11,0.6929962977066546,0.20143724121411186,0.2729606370436551
611,3.060693859401338e-05,6.502533462765791e-09,9.284492236605237e-09,14,2.2656038827880264e-14,0.6929932710448838,0.2014390849667646,0.27296032445921525
612,3.060676336018565e-05,7.934672776822313e-09,9.760058483659255e-09,14,9.564059446425787e-11,0.6929962976418905,0.20143724122264614,0.2729606370366953
613,3.060676328003721e-05,7.93673025259897e-09,9.76207496569269e-09,14,9.570505945978039e-11,0.6929962975771488,0.2014372412311552,0.2729606370297386
614,3.060693856550168e-05,1.9763978463873843e-09,3.2795317141749887e-09,14,3.277206638048261e-14,0.6929947824460009,0.20143818859971635,0.27296048077382384
615,3.0606763259978954e-05,7.937245257994917e-09,9.76257971601409e-09,14,9.572119688448752e-11,0.6929962975609685,0.20143724123327036,0.2729606370279998
616,3.060676323998856e-05,7.937758345670234e-09,9.763082558735979e-09,14,9.573728078312163e-11,0.6929962975447903,0.20143724123541135,0.2729606370262612
617,3.0606938469672374e-05,1.285147639694561e-09,2.2046342081018418e-09,15,6.383847070606693e-13,0.6929955381573737,0.20143774046750687,0.2729605589073791
618,3.060676323493933e-05,7.937888101674594e-09,9.763209741126032e-09,14,9.574134336441264e-11,0.6929962975407457,0.20143724123592738,0.27296063702582646
619,3.060676322991866e-05,7.938017017522488e-09,9.763336095212731e-09,14,9.574538311710729e-11,0.6929962975367023,0.20143724123645396,0.27296063702539153
620,3.060685815830485e-05,3.329025278867523e-09,4.815465880431483e-09,14,2.6282413545944803e-11,0.6929959232807453,0.20143751785531586,0.2729605979682194
621,3.060676322761964e-05,7.938076012407988e-09,9.763393904249152e-09,14,9.574723278430008e-11,0.6929962975348333,0.20143724123670456,0.27296063702519086
622,3.06067632252955e-05,7.938135711156089e-09,9.763452418233825e-09,14,9.574910326656238e-11,0.6929962975329667,0.20143724123694512,0.2729606370249903
623,3.060693855280207e-05,2.7130221113891604e-09,4.24855189429859e-09,15,8.069880641953557e-14,0.6929961048643812,0.20143740422396342,0.2729606174970633
624,3.060676322497693e-05,7.938143902254516e-09,9.763460448594056e-09,14,9.574935948325706e-11,0.6929962975327145,0.2014372412369759,0.2729606370249631
625,3.060676322466552e-05,7.938151894310422e-09,9.763468281277126e-09,14,9.57496099115481e-11,0.6929962975324596,0.20143724123700976,0.27296063702493595
626,3.060693858910804e-05,2.9872492875672907e-09,4.5888059321342115e-09,15,1.1754760482334492e-14,0.692996199313449,0.20143734819202513,0.27296062726111414
627,3.060676322458877e-05,7.938153855047317e-09,9.763470201832854e-09,14,9.574967186493311e-11,0.6929962975323982,0.20143724123701856,0.27296063702492934
628,3.0606763224521246e-05,7.938155568401793e-09,9.763471876139164e-09,14,9.574972622150614e-11,0.6929962975323347,0.20143724123703105,0.27296063702492235
629,3.0606938594667006e-05,3.126223224323902e-09,4.759374613980041e-09,15,6.951037106630105e-15,0.6929962465403209,0.2014373201763326,0.272960632143047
630,3.0606763224504414e-05,7.938155984847181e-09,9.763472282796294e-09,14,9.574973947954503e-11,0.6929962975323184,0.20143724123703427,0.27296063702492074
631,3.0606763224467694e-05,7.938156988925698e-09,9.763473272916823e-09,14,9.574976920759091e-11,0.6929962975323043,0.20143724123702933,0.27296063702491896
632,3.060693859643023e-05,3.1960711702068098e-09,4.844712888892391e-09,15,5.193697162165841e-15,0.692996270153961,0.20143730616884942,0.2729606345839901
633,3.060676322446263e-05,7.938157102405878e-09,9.763473387977778e-09,14,9.574977309967153e-11,0.6929962975322985,0.20143724123703033,0.2729606370249186
634,3.0606763224463655e-05,7.93815706610251e-09,9.763473348458609e-09,14,9.574977239643478e-11,0.6929962975322951,0.20143724123703283,0.27296063702491824
635,3.060676322446263e-05,7.938157102405878e-09,9.763473387977778e-09,14,9.574977309967153e-11,0.6929962975322985,0.20143724123703033,0.2729606370249186
636,3.0606938594103675e-05,6.508987183728873e-09,9.29348925994642e-09,14,3.8228065736687555e-15,0.6929932705216495,0.20143908565852803,0.2729603246210662
637,3.0606763144482176e-05,7.940210087260536e-09,9.765485346015018e-09,14,9.581414260140816e-11,0.6929962974675815,0.201437241245591,0.27296063701796897
638,3.060676306449358e-05,7.94226355452857e-09,9.767497761368734e-09,14,9.587854111623125e-11,0.6929962974028933,0.20143724125412732,0.27296063701102236
639,3.060693856489707e-05,1.979471800569821e-09,3.2842628695838386e-09,14,3.350823290649458e-14,0.6929947820945787,0.20143818900126728,0.27296048084539004
640,3.060676304449235e-05,7.942777111199619e-09,9.768001045984322e-09,14,9.589464705530089e-11,0.6929962973867263,0.20143724125625645,0.2729606370092862
641,3.0606763024508484e-05,7.943290128074972e-09,9.768503802566348e-09,14,9.591074147504063e-11,0.6929962973705606,0.20143724125839102,0.2729606370075502
642,3.0606938392881735e-05,1.2863331731108138e-09,2.2071894129288647e-09,15,8.996967081816172e-13,0.6929955379090484,0.20143774075085286,0.27296055893380616
643,3.060676301947337e-05,7.943419518407828e-09,9.768630611259018e-09,14,9.591479649730587e-11,0.692996297366516,0.2014372412589112,0.2729606370071157
644,3.0606763014490937e-05,7.94354737791585e-09,9.768755907164396e-09,14,9.591880955461628e-11,0.6929962973624743,0.20143724125945245,0.2729606370066815
645,3.0606858348937e-05,3.325324151572572e-09,4.811411793314473e-09,14,2.6242931780165205e-11,0.6929959230681347,0.20143751803300744,0.2729605979720779
646,3.0606763012185875e-05,7.943606562567594e-09,9.768813912468515e-09,14,9.592066585302906e-11,0.6929962973606114,0.2014372412596958,0.27296063700648177
647,3.060676300988407e-05,7.943665687425244e-09,9.768871850253944e-09,14,9.592252010558194e-11,0.6929962973587527,0.20143724125994,0.27296063700628187
648,3.060693855305701e-05,2.712184485757272e-09,4.2475446009558864e-09,15,7.998807161852949e-14,0.6929961046619331,0.20143740436820265,0.2729606174896384
649,3.0606763009581046e-05,7.943673434978126e-09,9.76887943912705e-09,14,9.592276399256037e-11,0.6929962973585005,0.20143724125997717,0.27296063700625484
650,3.060676300927127e-05,7.943681384844199e-09,9.768887229200975e-09,14,9.592301335097475e-11,0.6929962973582463,0.20143724126001183,0.27296063700622775
651,3.060693858911616e-05,2.9865593024387653e-09,4.587977655613491e-09,15,1.1747568061776014e-14,0.6929961991216833,0.20143734831784843,0.27296062724804754
652,3.060676300920208e-05,7.94368312765e-09,9.768888933973366e-09,14,9.592306895712659e-11,0.6929962973581816,0.20143724126002346,0.27296063700622103
653,3.060676300910121e-05,7.943685795126702e-09,9.768891554950802e-09,14,9.592315065289e-11,0.6929962973581206,0.20143724126002274,0.27296063700621415
654,3.060693859466114e-05,3.1256083690435094e-09,4.7586332482438785e-09,15,6.955962401890865e-15,0.6929962463538839,0.20143732029297357,0.27296063212715954
655,3.0606763009076356e-05,7.943686434504351e-09,9.76889218731172e-09,14,9.592317024414358e-11,0.6929962973581064,0.20143724126002274,0.27296063700621237
656,3.060676300907719e-05,7.943686363610438e-09,9.768892107921015e-09,14,9.592316993784875e-11,0.6929962973580888,0.2014372412600329,0.27296063700621087
657,3.0606763009076356e-05,7.943686434504351e-09,9.76889218731172e-09,14,9.592317024414358e-11,0.6929962973581064,0.20143724126002274,0.27296063700621237
658,3.0606938592836155e-05,6.515277860416079e-09,9.302260400335938e-09,14,5.776960087918685e-16,0.6929932700008925,0.20143908635172456,0.2729603247825825
659,3.060676292928131e-05,7.945734691346804e-09,9.770899362336865e-09,14,9.598745214327874e-11,0.6929962972934361,0.2014372412686218,0.2729606369992729
660,3.060676284945884e-05,7.947783999962717e-09,9.772907558626247e-09,14,9.605177818625641e-11,0.6929962972287996,0.2014372412771878,0.2729606369923366
661,3.060693856428151e-05,1.9825406392157803e-09,3.288984416901456e-09,14,3.425951906784305e-14,0.6929947817438217,0.2014381894020348,0.2729604809168039
662,3.060676282949389e-05,7.948296626365363e-09,9.773409903889073e-09,14,9.606787113225558e-11,0.6929962972126461,0.20143724127932208,0.2729606369906029
663,3.060676280951612e-05,7.948809639616041e-09,9.773912629977913e-09,14,9.608397502628454e-11,0.6929962971964957,0.20143724128145038,0.2729606369888694
664,3.060693830678049e-05,1.2877758602902093e-09,2.21028060255952e-09,15,1.2002130250465454e-12,0.6929955376630244,0.20143774103725884,0.27296055896017235
665,3.06067628045291e-05,7.948937657736592e-09,9.774038075936872e-09,14,9.60879953699606e-11,0.6929962971924474,0.20143724128198834,0.2729606369884354
666,3.060676279954946e-05,7.949065498501241e-09,9.774163339153555e-09,14,9.60920099362169e-11,0.6929962971884056,0.20143724128252943,0.2729606369880015
667,3.060685854064468e-05,3.3216779110856725e-09,4.80741935837822e-09,14,2.6206118123637566e-11,0.692995922855885,0.2014375182119472,0.2729605979759208
668,3.060676279725485e-05,7.949124409105363e-09,9.774221074572648e-09,14,9.609385981289554e-11,0.6929962971865521,0.20143724128277218,0.2729606369878026
669,3.060676279496715e-05,7.949183160110185e-09,9.774278641452513e-09,14,9.609570440748375e-11,0.6929962971846996,0.20143724128301804,0.2729606369876038
670,3.060693855330988e-05,2.7113478937021813e-09,4.246538473699725e-09,15,7.928178776120817e-14,0.6929961044597117,0.20143740451227518,0.2729606174822208
671,3.060676279466899e-05,7.949190758195966e-09,9.774286084852793e-09,14,9.609594480365381e-11,0.6929962971844471,0.20143724128305673,0.27296063698757683
672,3.060676279433972e-05,7.949199279609574e-09,9.774294440202625e-09,14,9.609621048164587e-11,0.6929962971841944,0.2014372412830832,0.2729606369875497
673,3.060693858912424e-05,2.9858699545079707e-09,4.587150124292028e-09,15,1.1740509933648667e-14,0.6929961989301157,0.20143734844355118,0.2729606272349998
674,3.0606762794266605e-05,7.94920114096635e-09,9.77429626185201e-09,14,9.609626917019782e-11,0.6929962971841325,0.2014372412830932,0.2729606369875428
675,3.060676279418256e-05,7.94920329518628e-09,9.774298380328846e-09,14,9.609633664858362e-11,0.6929962971840689,0.2014372412830995,0.2729606369875361
676,3.060693859465516e-05,3.124993967667791e-09,4.757892434827408e-09,15,6.961064386328765e-15,0.6929962461676317,0.20143732040951617,0.2729606321112966
677,3.060676279417387e-05,7.949203509909216e-09,9.774298580933352e-09,14,9.609634387260054e-11,0.6929962971840532,0.20143724128310594,0.27296063698753437
678,3.060676279414783e-05,7.949204186524112e-09,9.774299247202693e-09,14,9.609636471351788e-11,0.6929962971840371,0.20143724128310572,0.27296063698753287
679,3.0606938596413866e-05,3.1949179725315484e-09,4.843317034865409e-09,15,5.2094607074470835e-15,0.692996269786587,0.20143730639285867,0.27296063454942193
680,3.060676279414805e-05,7.949204179045893e-09,9.774299237011192e-09,14,9.609636440646122e-11,0.6929962971840332,0.20143724128310755,0.27296063698753226
681,3.060676279414783e-05,7.949204186524112e-09,9.774299247202693e-09,14,9.609636471351788e-11,0.6929962971840371,0.20143724128310572,0.27296063698753287
682,3.06068574799809e-05,5.417774285061405e-09,7.701863766705879e-09,13,5.1178635064596717e-11,0.692993280031139,0.2014391158883785,0.2729603249437798
683,3.0606762646256475e-05,7.953000875926555e-09,9.778019519665181e-09,14,9.621563572312603e-11,0.6929962970640737,0.20143724129909932,0.2729606369746682
684,3.060676249845684e-05,7.956796140281708e-09,9.78173833517679e-09,14,9.633491063214687e-11,0.6929962969442979,0.20143724131499968,0.2729606369618231
685,3.0606938563664604e-05,1.9857574061505903e-09,3.2939258533758696e-09,14,3.501611833444391e-14,0.6929947813362272,0.2014381898361629,0.2729604809821423
686,3.060676247853451e-05,7.957307812136556e-09,9.782239696742986e-09,14,9.635099383346759e-11,0.692996296928169,0.20143724131713267,0.27296063696009326
687,3.060676245863172e-05,7.957818951968687e-09,9.782740526236965e-09,14,9.63670630039232e-11,0.6929962969120421,0.20143724131927193,0.2729606369583638
688,3.060693821854701e-05,1.2891284235002183e-09,2.21317719847295e-09,15,1.5151559931418961e-12,0.6929955373315495,0.2014377413754304,0.2729605589775879
689,3.060676245359914e-05,7.957948305778154e-09,9.782867295817042e-09,14,9.637112602201279e-11,0.6929962969080067,0.201437241319789,0.27296063695793055
690,3.060676244865732e-05,7.958075115837362e-09,9.782991530017443e-09,14,9.637511649521339e-11,0.6929962969039627,0.20143724132034152,0.27296063695749734
691,3.06068587087609e-05,3.3180816761372037e-09,4.803451179863491e-09,14,2.6176225169052655e-11,0.6929959225419985,0.2014375184517706,0.27296059796937633
692,3.0606762446365136e-05,7.958134027382885e-09,9.783049259500529e-09,14,9.637696724382777e-11,0.6929962969021208,0.20143724132057986,0.27296063695729966
693,3.06067624441041e-05,7.958192056742624e-09,9.783106110996696e-09,14,9.637879323167698e-11,0.6929962969002742,0.20143724132083,0.2729606369571019
694,3.060693855347106e-05,2.710202510024366e-09,4.245145791994089e-09,15,7.88294767679999e-14,0.6929961041499924,0.20143740472012048,0.27296061746369743
695,3.060676244377839e-05,7.958200446369947e-09,9.783114342232484e-09,14,9.637905602123268e-11,0.6929962969000245,0.20143724132085764,0.27296063695707495
696,3.060676244345169e-05,7.9582089095434e-09,9.78312263673147e-09,14,9.637931989943238e-11,0.6929962968997749,0.2014372413208845,0.27296063695704764
697,3.060693858911494e-05,2.984854462909058e-09,4.585920988493895e-09,15,1.1746032516503879e-14,0.6929961986274276,0.2014373486352184,0.27296062721048714
698,3.0606762443389373e-05,7.958210456576079e-09,9.783124146916676e-09,14,9.637937015161906e-11,0.69299629689971,0.20143724132089888,0.27296063695704104
699,3.060676244332169e-05,7.958212161714449e-09,9.78312581588329e-09,14,9.637942467341501e-11,0.6929962968996446,0.20143724132091134,0.27296063695703426
700,3.060693859463964e-05,3.124045507148815e-09,4.756742927797047e-09,15,6.9755559065645644e-15,0.692996245868442,0.2014373205931066,0.2729606320837895
701,3.0606762443286835e-05,7.958213100917993e-09,9.783126742523782e-09,14,9.63794531955693e-11,0.6929962968996313,0.20143724132090746,0.27296063695703254
702,3.0606762443263166e-05,7.958213705717593e-09,9.783127338807871e-09,14,9.637947217402112e-11,0.6929962968996134,0.20143724132090796,0.272960636957031
703,3.060693859639848e-05,3.1940036878919625e-09,4.842207181878985e-09,15,5.224889187930416e-15,0.69299626948915,0.20143730657240982,0.2729606345204174
704,3.060676244327492e-05,7.958213370494619e-09,9.783127000130218e-09,14,9.637946246753487e-11,0.6929962968996094,0.20143724132091506,0.2729606369570305
705,3.0606762443263166e-05,7.958213705717593e-09,9.783127338807871e-09,14,9.637947217402112e-11,0.6929962968996134,0.20143724132090796,0.272960636957031
706,3.0606911474269844e-05,5.170335694769675e-09,7.457575336401127e-09,13,4.65472531949647e-11,0.6929932830066841,0.20143910987564992,0.2729603252070055
707,3.060676234945716e-05,7.960621929900569e-09,9.785486820260321e-09,14,9.64552333549785e-11,0.6929962968233367,0.20143724133116025,0.2729606369488605
708,3.060676225564393e-05,7.963030767705572e-09,9.78784688249277e-09,14,9.653103126161011e-11,0.6929962967471044,0.20143724134137447,0.27296063694069495
709,3.0606938562608476e-05,1.9906424525963376e-09,3.301439918863315e-09,14,3.6317835020532246e-14,0.6929947808097499,0.20143819046253794,0.27296048110319066
710,3.060676223581212e-05,7.963539973845697e-09,9.788345772864058e-09,14,9.654705892451308e-11,0.692996296730989,0.20143724134353655,0.27296063693896816
711,3.0606762215961244e-05,7.964049783028441e-09,9.78884525358343e-09,14,9.656310355208363e-11,0.6929962967148688,0.20143724134568952,0.27296063693724154
712,3.0606938054570806e-05,1.2922810466385143e-09,2.219836427115639e-09,15,2.1180203738045957e-12,0.6929955370032596,0.20143774181241325,0.27296055902755095
713,3.0606762210991966e-05,7.964177373636243e-09,9.788970258001054e-09,14,9.656711993227331e-11,0.6929962967108274,0.2014372413462319,0.2729606369368087
714,3.0606762206023616e-05,7.964304947385305e-09,9.789095242631989e-09,14,9.657113623266934e-11,0.6929962967067862,0.2014372413467746,0.27296063693637596
715,3.060685904598342e-05,3.3123195242539073e-09,4.79717328756785e-09,14,2.6122988170182425e-11,0.692995922276324,0.20143751870231372,0.2729605979837971
716,3.060676220375845e-05,7.96436313964528e-09,9.78915225889978e-09,14,9.657296731293125e-11,0.6929962967049549,0.20143724134701738,0.2729606369361795
717,3.06067622014798e-05,7.964421703146697e-09,9.789209647780754e-09,14,9.657480886504702e-11,0.6929962967031197,0.20143724134725438,0.272960636935983
718,3.060693855394855e-05,2.7090810426190056e-09,4.243808690232312e-09,15,7.74985488632938e-14,0.6929961039047542,0.20143740490494266,0.2729606174603484
719,3.060676220118959e-05,7.96442909659349e-09,9.789216881767385e-09,14,9.657504339177554e-11,0.6929962967028674,0.2014372413472957,0.272960636935956
720,3.060676220086973e-05,7.964437340287977e-09,9.789224963600114e-09,14,9.657530197027487e-11,0.692996296702618,0.20143724134732577,0.272960636935929
721,3.060693858914201e-05,2.983986010232511e-09,4.584886319371597e-09,15,1.1723760939099937e-14,0.6929961984023533,0.20143734878843458,0.2729606271982533
722,3.060676220078997e-05,7.964439391084959e-09,9.789226974307253e-09,14,9.65753665214916e-11,0.6929962967025528,0.2014372413473333,0.2729606369359224
723,3.060676220070953e-05,7.964441473790001e-09,9.789229012932598e-09,14,9.6575431541067e-11,0.6929962967024915,0.20143724134734034,0.2729606369359155
724,3.060693859463773e-05,3.1233051976646853e-09,4.755854972533259e-09,15,6.976058526316198e-15,0.6929962456534272,0.20143732073056822,0.2729606320671131
725,3.060676220068772e-05,7.96444204493191e-09,9.789229573221175e-09,14,9.657544911701519e-11,0.6929962967024758,0.2014372413473417,0.2729606369359139
726,3.060676220067261e-05,7.964442424263616e-09,9.789229944750155e-09,14,9.657546171955361e-11,0.6929962967024597,0.20143724134734514,0.2729606369359121
727,3.0606938596390996e-05,3.1933281659479554e-09,4.841392112946499e-09,15,5.231523491395301e-15,0.6929962692791645,0.20143730670199067,0.2729606345015197
728,3.0606762200670144e-05,7.964442474537253e-09,9.789229994081354e-09,14,9.657546339949908e-11,0.6929962967024538,0.201437241347347,0.27296063693591177
729,3.0606762200676975e-05,7.964442259198443e-09,9.78922977537067e-09,14,9.657545808096191e-11,0.6929962967024518,0.20143724134735197,0.2729606369359114
730,3.0606762200670144e-05,7.964442474537253e-09,9.789229994081354e-09,14,9.657546339949908e-11,0.6929962967024538,0.201437241347347,0.27296063693591177
731,3.060693246280247e-05,5.518677886474773e-09,7.953358616987448e-09,13,4.455019068168907e-11,0.6929932814421513,0.20143910702668835,0.27296032538902526
732,3.06067621186414e-05,7.966548452372015e-09,9.791293182107811e-09,14,9.664178230136034e-11,0.6929962966356537,0.20143724135636898,0.27296063692876193
733,3.060676203661345e-05,7.968654648666343e-09,9.793356572202448e-09,14,9.670812453133083e-11,0.6929962965688856,0.2014372413653671,0.2729606369216155
734,3.060693856186348e-05,1.9940797815170754e-09,3.306722312418006e-09,14,3.7242145054149514e-14,0.6929947804239803,0.2014381909085795,0.27296048118465965
735,3.0606762016813505e-05,7.96916311255084e-09,9.793854696530692e-09,14,9.672414248163775e-11,0.6929962965527781,0.20143724136753324,0.27296063691989136
736,3.06067619969934e-05,7.969672159972233e-09,9.794353405758903e-09,14,9.67401770355919e-11,0.692996296536671,0.20143724136968974,0.2729606369181674
737,3.0606937941237934e-05,1.2944235037574597e-09,2.22433032455731e-09,15,2.548226269709375e-12,0.6929955367437232,0.20143774213487545,0.272960559058748
738,3.0606761992043e-05,7.969799247236314e-09,9.79447790244465e-09,14,9.674418267936309e-11,0.6929962965326314,0.20143724137023947,0.272960636917735
739,3.060676198705421e-05,7.969927410829266e-09,9.794603469752937e-09,14,9.674821885933074e-11,0.6929962965285928,0.20143724137077335,0.27296063691730243
740,3.060685927218961e-05,3.3084097862984985e-09,4.792904737319342e-09,14,2.6092320251083885e-11,0.6929959220541684,0.20143751890056222,0.27296059798985883
741,3.0606761984826397e-05,7.969984585987965e-09,9.794659472183278e-09,14,9.675002172705616e-11,0.6929962965267635,0.20143724137102603,0.2729606369171071
742,3.060676198259637e-05,7.970041816562197e-09,9.794715533512901e-09,14,9.675182570953552e-11,0.6929962965249374,0.20143724137127736,0.27296063691691147
743,3.060693855424216e-05,2.7081880381549586e-09,4.242736972078637e-09,15,7.667813746815075e-14,0.692996103694394,0.20143740505697857,0.2729606174538436
744,3.060676198229117e-05,7.970049644207694e-09,9.79472319887647e-09,14,9.675207265823387e-11,0.692996296524686,0.20143724137131294,0.2729606369168845
745,3.060676198197265e-05,7.970057849486542e-09,9.794731240105829e-09,14,9.675233053290563e-11,0.692996296524434,0.20143724137134308,0.2729606369168576
746,3.0606938589154224e-05,2.983261447396826e-09,4.5840181467859085e-09,15,1.171347584053893e-14,0.6929961982045768,0.20143734891943346,0.2729606271854651
747,3.0606761981895276e-05,7.97005982609397e-09,9.794733180936138e-09,14,9.675239294709701e-11,0.6929962965243704,0.20143724137135172,0.2729606369168509
748,3.060676198181724e-05,7.970061829274494e-09,9.794735143071019e-09,14,9.675245639869304e-11,0.6929962965243079,0.20143724137135977,0.2729606369168441
749,3.060693859463273e-05,3.122666293220091e-09,4.755085639449692e-09,15,6.979922095685853e-15,0.6929962454619241,0.20143732085107705,0.2729606320511833
750,3.0606761981796194e-05,7.970062389984965e-09,9.794735688289187e-09,14,9.675247316764356e-11,0.6929962965242932,0.20143724137136132,0.27296063691684247
751,3.060676198177471e-05,7.970062923628803e-09,9.794736216891956e-09,14,9.675249015350659e-11,0.6929962965242762,0.20143724137136246,0.27296063691684075
752,3.060693859638295e-05,3.192732654879122e-09,4.8406719125443625e-09,15,5.2392635316621276e-15,0.6929962690907934,0.20143730681725217,0.2729606344840192
753,3.060676198178356e-05,7.970062669972091e-09,9.794735962673651e-09,14,9.67524836218658e-11,0.6929962965242731,0.20143724137136848,0.2729606369168404
754,3.060676198177471e-05,7.970062923628803e-09,9.794736216891956e-09,14,9.675249015350659e-11,0.6929962965242762,0.20143724137136246,0.27296063691684075
755,3.0606942347853705e-05,5.873128381935238e-09,8.439345147086101e-09,13,4.370128993985676e-11,0.692993278804376,0.20143910305253035,0.2729603255532893
756,3.060676190441179e-05,7.972049180123154e-09,9.796681978586083e-09,14,9.681509735127666e-11,0.692996296461189,0.2014372413799208,0.27296063691009315
757,3.0606761827046154e-05,7.974035757794624e-09,9.798628037080556e-09,14,9.687772769467078e-11,0.6929962963981257,0.2014372413884572,0.27296063690334826
758,3.0606938561179254e-05,1.997196499043337e-09,3.3115096483102985e-09,14,3.809522715676001e-14,0.692994780070726,0.2014381913141606,0.27296048125765676
759,3.060676180728403e-05,7.974543255411549e-09,9.799125187849459e-09,14,9.689372935190475e-11,0.6929962963820318,0.20143724139063007,0.2729606369016267
760,3.06067617875474e-05,7.975050063431829e-09,9.799621646463695e-09,14,9.690971198894914e-11,0.692996296365935,0.20143724139281133,0.27296063689990513
761,3.06069378412478e-05,1.2962973217263214e-09,2.2282384427711223e-09,15,2.93772772013014e-12,0.69299553650142,0.20143774243034998,0.27296055908611516
762,3.060676178258398e-05,7.975177547572926e-09,9.799746530616193e-09,14,9.691373096677123e-11,0.6929962963618985,0.20143724139335492,0.27296063689947314
763,3.060676177764096e-05,7.975304450127954e-09,9.79987083789182e-09,14,9.691773441929692e-11,0.6929962963578581,0.20143724139390637,0.27296063689904104
764,3.060685947569347e-05,3.304932503271523e-09,4.789107588553136e-09,14,2.6068196531013043e-11,0.6929959218446495,0.20143751908645197,0.27296059799441164
765,3.0606761775375715e-05,7.975362714794377e-09,9.799927926774053e-09,14,9.691956886484051e-11,0.6929962963560377,0.20143724139414,0.2729606368988464
766,3.060676177316425e-05,7.975419442149008e-09,9.799983488178055e-09,14,9.692135976531923e-11,0.6929962963542169,0.2014372413943943,0.27296063689865163
767,3.060693855449795e-05,2.7073541653162254e-09,4.241734744047168e-09,15,7.596415366595754e-14,0.6929961034948978,0.20143740519993986,0.27296061744698985
768,3.06067617728453e-05,7.975427666815138e-09,9.799991547079908e-09,14,9.69216185787832e-11,0.6929962963539679,0.20143724139442437,0.27296063689862476
769,3.0606761772548075e-05,7.97543525541756e-09,9.799998979529746e-09,14,9.692185884448089e-11,0.6929962963537165,0.20143724139446278,0.2729606368985979
770,3.060693858916362e-05,2.9825780093506122e-09,4.583198283375891e-09,15,1.1705010313267377e-14,0.6929961980161058,0.20143734904360652,0.27296062717290853
771,3.060676177247678e-05,7.975437080524433e-09,9.800000760873916e-09,14,9.692191665730658e-11,0.6929962963536507,0.20143724139447353,0.27296063689859124
772,3.0606761772399844e-05,7.975439055092751e-09,9.800002696391634e-09,14,9.692197889473138e-11,0.6929962963535901,0.20143724139448194,0.27296063689858446
773,3.0606938594627535e-05,3.1220594309219846e-09,4.754354330230781e-09,15,6.984204086405912e-15,0.6929962452789542,0.2014373209658794,0.27296063203577525
774,3.060676177238408e-05,7.97543944519669e-09,9.800003077732643e-09,14,9.692199148775653e-11,0.6929962963535722,0.20143724139448563,0.27296063689858274
775,3.0606761772343154e-05,7.975440566529483e-09,9.800004183130968e-09,14,9.692202505923594e-11,0.6929962963535584,0.20143724139447916,0.272960636898581
776,3.0606938596375146e-05,3.192164610104552e-09,4.839984641882974e-09,15,5.246495719381066e-15,0.6929962689105742,0.20143730692736722,0.2729606344671854
777,3.060676177233696e-05,7.975440732722952e-09,9.800004346845496e-09,14,9.692203007792692e-11,0.692996296353554,0.2014372413944791,0.2729606368985806
778,3.060676177233449e-05,7.975440782983032e-09,9.800004396556166e-09,14,9.692203181510449e-11,0.6929962963535492,0.2014372413944808,0.27296063689858024
779,3.060693859708383e-05,3.227298382956345e-09,4.882808254269176e-09,15,4.529415219400041e-15,0.6929962807264057,0.20143729990815895,0.27296063568288464
780,3.060676177234635e-05,7.975440442387891e-09,9.800004055981158e-09,14,9.692202214415433e-11,0.6929962963535504,0.20143724139448582,0.2729606368985801
781,3.060676177233449e-05,7.975440782983032e-09,9.800004396556166e-09,14,9.692203181510449e-11,0.6929962963535492,0.2014372413944808,0.27296063689858024
782,3.0606945569243555e-05,6.1252497112212704e-09,8.777508201610745e-09,13,4.85781212751701e-11,0.6929932757922119,0.2014390979240506,0.27296032571048046
783,3.060676169649738e-05,7.977387880314968e-09,9.801911659911662e-09,14,9.698346049111123e-11,0.69299629629161,0.20143724140292382,0.27296063689196015
784,3.060676162063813e-05,7.979335852674948e-09,9.803819771763778e-09,14,9.704492794900199e-11,0.6929962962296997,0.20143724141133926,0.2729606368853426
785,3.060693856051401e-05,2.0001868996404756e-09,3.316101074074193e-09,14,3.892840640061013e-14,0.6929947797301101,0.20143819170381955,0.2729604813272482
786,3.06067616009303e-05,7.979841946800402e-09,9.804315505128076e-09,14,9.706090018805798e-11,0.692996296213613,0.20143724141352481,0.27296063688362343
787,3.060676158121499e-05,7.98034827355832e-09,9.804811467557187e-09,14,9.707687975199312e-11,0.6929962961975333,0.20143724141570682,0.2729606368819043
788,3.060693774938383e-05,1.2979928991334657e-09,2.231756742761661e-09,15,3.304792257179784e-12,0.6929955362649559,0.20143774271465684,0.2729605591119102
789,3.060676157625581e-05,7.980475647157476e-09,9.804936238871345e-09,14,9.708089931379651e-11,0.6929962961934922,0.2014372414162511,0.27296063688147265
790,3.060676157129161e-05,7.9806031796454e-09,9.805061165687199e-09,14,9.708492362226778e-11,0.6929962961894568,0.20143724141679362,0.272960636881041
791,3.0606859670681014e-05,3.30165000248878e-09,4.7855235868867266e-09,14,2.604816565457837e-11,0.6929959216396263,0.20143751926847553,0.27296059799830896
792,3.060676156910188e-05,7.980659336567674e-09,9.805116158806632e-09,14,9.70866983761817e-11,0.6929962961876409,0.2014372414170521,0.2729606368808472
793,3.060676156685517e-05,7.980717087164092e-09,9.805172739956987e-09,14,9.708851963645519e-11,0.6929962961858295,0.2014372414172888,0.27296063688065336
794,3.060693855473735e-05,2.7065419652991635e-09,4.240757818990476e-09,15,7.529568881297618e-14,0.6929961032991012,0.2014374053396684,0.2729606174399395
795,3.0606761566572817e-05,7.980724290694152e-09,9.805179779844323e-09,14,9.708874834081477e-11,0.6929962961855766,0.20143724141733296,0.2729606368806265
796,3.0606761566263934e-05,7.980732216394339e-09,9.805187544032921e-09,14,9.708899931644259e-11,0.692996296185326,0.2014372414173666,0.27296063688059957
797,3.060693858917214e-05,2.981908930414968e-09,4.582395179508845e-09,15,1.1697416091186349e-14,0.692996197830696,0.20143734916545541,0.2729606271603841
798,3.060676156617903e-05,7.98073441794566e-09,9.805189703194443e-09,14,9.708906790117957e-11,0.6929962961852634,0.20143724141737182,0.2729606368805929
799,3.0606761566093254e-05,7.98073663888458e-09,9.805191884826054e-09,14,9.708913669428778e-11,0.6929962961851995,0.20143724141737715,0.27296063688058625
800,3.060693859462211e-05,3.1214632977475073e-09,4.753635683354832e-09,15,6.988818173408032e-15,0.6929962450987239,0.20143732107881016,0.2729606320205138
801,3.060676156607386e-05,7.980737143742215e-09,9.805192379954081e-09,14,9.708915269353066e-11,0.6929962961851848,0.20143724141737912,0.27296063688058453
802,3.060676156605908e-05,7.980737506351617e-09,9.805192732834783e-09,14,9.70891646116206e-11,0.6929962961851696,0.20143724141738323,0.2729606368805829
803,3.060693859636745e-05,3.1916054430152275e-09,4.8393079751254085e-09,15,5.25397471462413e-15,0.6929962687329325,0.2014373070358382,0.2729606344505556
804,3.06067615660314e-05,7.980738296548357e-09,9.80519351234904e-09,14,9.708918712753805e-11,0.692996296185167,0.2014372414173745,0.27296063688058236
805,3.060676156602783e-05,7.980738370633353e-09,9.805193586698204e-09,14,9.708919008204579e-11,0.6929962961851606,0.20143724141737562,0.2729606368805819
806,3.060693859707555e-05,3.226757828121593e-09,4.882152548148265e-09,15,4.537717484882742e-15,0.6929962805500604,0.2014373000143998,0.27296063566557055
807,3.0606761566051214e-05,7.980737702102714e-09,9.80519292308516e-09,14,9.708917095706035e-11,0.692996296185158,0.2014372414173856,0.27296063688058186
808,3.060676156602783e-05,7.980738370633353e-09,9.805193586698204e-09,14,9.708919008204579e-11,0.6929962961851606,0.20143724141737562,0.2729606368805819
809,3.0606944437068256e-05,6.225526600809432e-09,8.905307639851985e-09,13,5.545320497311054e-11,0.6929932727395436,0.20143909195056145,0.27296032586534225
810,3.0606761489876775e-05,7.982693594158764e-09,9.807108680216e-09,14,9.715092932344435e-11,0.6929962961228819,0.20143724142590205,0.27296063687392985
811,3.060676141371324e-05,7.984649416097068e-09,9.809024344051244e-09,14,9.721269989612492e-11,0.6929962960606287,0.2014372414344032,0.27296063686728056
812,3.0606938559848484e-05,2.003138194198366e-09,3.320630743736553e-09,14,3.9766450548840344e-14,0.6929947793929434,0.20143819208866037,0.27296048139564677
813,3.060676139403439e-05,7.985154822190536e-09,9.809519372711234e-09,14,9.722866305670979e-11,0.6929962960445564,0.201437241436592,0.2729606368655636
814,3.0606761374363036e-05,7.985660036115303e-09,9.810014205943783e-09,14,9.72446215457917e-11,0.6929962960284851,0.20143724143878283,0.27296063686384703
815,3.060693766399728e-05,1.2995304612754496e-09,2.234932075940565e-09,15,3.655175727368893e-12,0.692995536028595,0.20143774299489728,0.27296055913708056
816,3.060676136943066e-05,7.985786667402065e-09,9.810138235013133e-09,14,9.72486233694056e-11,0.6929962960244467,0.2014372414393371,0.2729606368634157
817,3.060676136445988e-05,7.985914423342157e-09,9.810263377449694e-09,14,9.725265638904851e-11,0.6929962960204126,0.20143724143987585,0.2729606368629845
818,3.0606859863373874e-05,3.2984589054504364e-09,4.782040331400379e-09,14,2.6031337929499916e-11,0.6929959214348451,0.20143751945085012,0.27296059800186573
819,3.060676136227078e-05,7.985970577383125e-09,9.810318370135447e-09,14,9.725443215842813e-11,0.6929962960186038,0.2014372414401309,0.27296063686279143
820,3.0606761360075013e-05,7.986026914722718e-09,9.810373545970051e-09,14,9.72562137775976e-11,0.6929962960167961,0.20143724144038325,0.2729606368625986
821,3.0606938554969635e-05,2.7057328760773713e-09,4.23978415865626e-09,15,7.46470736356329e-14,0.692996103103153,0.20143740547915762,0.2729606174326904
822,3.060676135975464e-05,7.986035195495943e-09,9.810381658892278e-09,14,9.725647375223599e-11,0.6929962960165454,0.20143724144041206,0.2729606368625716
823,3.060676135947535e-05,7.986042285859657e-09,9.810388591606229e-09,14,9.725670050268666e-11,0.6929962960162966,0.20143724144045727,0.2729606368625448
824,3.060693858917995e-05,2.981240295537053e-09,4.581592317798354e-09,15,1.1690106120060608e-14,0.6929961976448781,0.2014373492873947,0.27296062714773217
825,3.0606761359374056e-05,7.986044959513148e-09,9.810391220308606e-09,14,9.725678285954372e-11,0.6929962960162307,0.20143724144045633,0.2729606368625381
826,3.060676135928882e-05,7.986047162498278e-09,9.8103933830751e-09,14,9.725685210866806e-11,0.6929962960161687,0.20143724144046152,0.27296063686253147
827,3.0606938594616455e-05,3.1208662641737467e-09,4.752915803280227e-09,15,6.9937907248019425e-15,0.6929962449179583,0.20143732119199528,0.2729606320051604
828,3.06067613592684e-05,7.986047675050815e-09,9.810393887906737e-09,14,9.72568686213204e-11,0.6929962960161551,0.2014372414404632,0.27296063686252975
829,3.060676135924753e-05,7.986048241404183e-09,9.810394440443269e-09,14,9.725688552136345e-11,0.6929962960161384,0.20143724144046465,0.272960636862528
830,3.0606938596359724e-05,3.1910447099933688e-09,4.838629351681077e-09,15,5.261764790201529e-15,0.6929962685546919,0.20143730714464408,0.27296063443385155
831,3.0606761359250166e-05,7.986048149112587e-09,9.810394345982154e-09,14,9.725688344353661e-11,0.6929962960161347,0.2014372414404684,0.2729606368625276
832,3.060676135924753e-05,7.986048241404183e-09,9.810394440443269e-09,14,9.725688552136345e-11,0.6929962960161384,0.20143724144046465,0.272960636862528
833,3.060694069322973e-05,6.132419026717802e-09,8.77001502653076e-09,13,5.970704868021487e-11,0.69299326990842,0.2014390855726301,0.27296032602058007
834,3.060676128164894e-05,7.988040743277441e-09,9.812345916967048e-09,14,9.731985598484286e-11,0.6929962959526033,0.20143724144919306,0.27296063685574634
835,3.060676120405509e-05,7.990033338826736e-09,9.814297466837103e-09,14,9.738284485394025e-11,0.6929962958890961,0.20143724145790282,0.2729606368489674
836,3.0606938559171135e-05,2.0061003500432446e-09,3.3251754368089463e-09,14,4.062322382782526e-14,0.6929947790539281,0.201438192475063,0.2729604814641078
837,3.060676118443054e-05,7.990537358342175e-09,9.814791090777654e-09,14,9.73987784854443e-11,0.6929962958730345,0.20143724146010455,0.2729606368472531
838,3.060676116477154e-05,7.9910423260756e-09,9.815285668789012e-09,14,9.741474213708571e-11,0.692996295856976,0.2014372414622914,0.2729606368455388
839,3.060693758472536e-05,1.3009047433181442e-09,2.2377575379728745e-09,15,3.990067831222885e-12,0.6929955357888398,0.20143774327497022,0.27296055916215645
840,3.0606761159849855e-05,7.991168702486676e-09,9.815409434451444e-09,14,9.741873867427751e-11,0.69299629585294,0.2014372414628489,0.272960636845108
841,3.060676115493158e-05,7.99129497991565e-09,9.815533103131992e-09,14,9.742273262418109e-11,0.6929962958489038,0.20143724146340747,0.27296063684467703
842,3.0606860057344406e-05,3.2953026740286617e-09,4.778596428088979e-09,14,2.601738162261793e-11,0.6929959212277749,0.20143751963611906,0.2729605980052502
843,3.060676115272458e-05,7.991351674197642e-09,9.8155886329315e-09,14,9.742452477665045e-11,0.6929962958471048,0.20143724146365113,0.2729606368444849
844,3.060676115052699e-05,7.99140811263426e-09,9.815643904826418e-09,14,9.742630919345733e-11,0.6929962958453022,0.20143724146389874,0.27296063684429284
845,3.060693855519953e-05,2.704915906378662e-09,4.238800693204172e-09,15,7.400485500182144e-14,0.6929961029047347,0.2014374056201903,0.27296061742522976
846,3.06067611502063e-05,7.991416388573113e-09,9.815652017477593e-09,14,9.742657034337052e-11,0.692996295845055,0.20143724146392727,0.272960636844266
847,3.060676114991775e-05,7.991423762670336e-09,9.815659229102554e-09,14,9.742680437299158e-11,0.6929962958448032,0.2014372414639686,0.2729606368442393
848,3.0606938589187584e-05,2.9805637654363804e-09,4.580779793000476e-09,15,1.168353329752404e-14,0.6929961974565463,0.2014373494108772,0.272960627134849
849,3.0606761149834104e-05,7.991425916387396e-09,9.815661343351e-09,14,9.742687235919086e-11,0.6929962958447393,0.20143724146397474,0.27296063684423266
850,3.060676114975595e-05,7.991427943444296e-09,9.815663326031513e-09,14,9.742693571262676e-11,0.6929962958446781,0.20143724146398262,0.27296063684422595
851,3.060693859461049e-05,3.1202613703518754e-09,4.752186346773093e-09,15,6.9984898405070544e-15,0.6929962447346548,0.2014373213067231,0.27296063198956605
852,3.060676114974768e-05,7.991428119906506e-09,9.815663495682048e-09,14,9.742694251354549e-11,0.6929962958446613,0.20143724146398934,0.2729606368442243
853,3.0606761149720005e-05,7.991428846510802e-09,9.815664212068633e-09,14,9.742696517395745e-11,0.6929962958446464,0.2014372414639879,0.27296063684422256
854,3.0606938596351755e-05,3.1904761443442584e-09,4.837941200322264e-09,15,5.2693354579989066e-15,0.6929962683739016,0.20143730725499262,0.2729606344169014
855,3.0606761149705945e-05,7.991429238187746e-09,9.815664597800661e-09,14,9.742697611347371e-11,0.6929962958446435,0.20143724146398506,0.27296063684422217
856,3.0606761149716116e-05,7.991428924640716e-09,9.815664288179626e-09,14,9.742696820862773e-11,0.6929962958446361,0.2014372414639914,0.2729606368442217
857,3.0606761149705945e-05,7.991429238187746e-09,9.815664597800661e-09,14,9.742697611347371e-11,0.6929962958446435,0.20143724146398506,0.27296063684422217
858,3.060693612789645e-05,5.792929118973592e-09,8.303604817573498e-09,13,5.895175689745367e-11,0.6929932676144839,0.20143907942118852,0.2729603261779152
859,3.060676107023911e-05,7.993469801508233e-09,9.81766301298725e-09,14,9.749152294942e-11,0.6929962957794974,0.20143724147296896,0.27296063683727334
860,3.06067609908195e-05,7.99550929048199e-09,9.81966033391569e-09,14,9.755605404932716e-11,0.6929962957143831,0.20143724148194916,0.27296063683032756
861,3.0606938558474806e-05,2.00910456571707e-09,3.3297830518254704e-09,14,4.1509006776390125e-14,0.6929947787099234,0.20143819286693823,0.27296048153345404
862,3.060676097121567e-05,7.996012844765021e-09,9.82015347831362e-09,14,9.757198624435528e-11,0.6929962956983333,0.20143724148415013,0.27296063682861554
863,3.060676095162754e-05,7.996515947872277e-09,9.820646180899164e-09,14,9.758790707975198e-11,0.6929962956822845,0.2014372414863567,0.2729606368269038
864,3.0606937511861645e-05,1.302097742391125e-09,2.240199630020121e-09,15,4.3082345233397115e-12,0.6929955355437,0.20143774355694674,0.27296055918751183
865,3.060676094670728e-05,7.996642284467363e-09,9.820769904060871e-09,14,9.759190594220684e-11,0.6929962956782513,0.20143724148691347,0.2729606368264734
866,3.060676094176534e-05,7.996769272892027e-09,9.820894272078926e-09,14,9.759592337895864e-11,0.6929962956742162,0.20143724148746148,0.2729606368260429
867,3.0606860255025524e-05,3.2921475713120253e-09,4.775155492401555e-09,14,2.6006241562820446e-11,0.6929959210172094,0.20143751982573227,0.27296059800861067
868,3.060676093958074e-05,7.996825367551929e-09,9.82094920572987e-09,14,9.759769890630975e-11,0.692996295672424,0.2014372414877098,0.27296063682585175
869,3.0606760937418265e-05,7.996880840874065e-09,9.821003517889023e-09,14,9.759945696725286e-11,0.6929962956706293,0.20143724148796674,0.27296063682566035
870,3.06069385554308e-05,2.7040853252958917e-09,4.237800681119314e-09,15,7.33589468579484e-14,0.6929961027028007,0.2014374057636453,0.2729606174175938
871,3.060676093708742e-05,7.996889387300614e-09,9.821011904355458e-09,14,9.759972570949926e-11,0.6929962956703789,0.2014372414879913,0.2729606368256336
872,3.060676093677062e-05,7.996897548537447e-09,9.82101990061753e-09,14,9.759998289757311e-11,0.6929962956701281,0.2014372414880218,0.27296063682560695
873,3.060693858919513e-05,2.9798753310380516e-09,4.579952892223892e-09,15,1.1676259994289647e-14,0.6929961972648037,0.20143734953656472,0.2729606271217149
874,3.0606760936711893e-05,7.996899024296954e-09,9.821021334095433e-09,14,9.7600031070366e-11,0.6929962956700653,0.2014372414880375,0.2729606368256002
875,3.060676093661835e-05,7.996901466507145e-09,9.821023736226661e-09,14,9.760010717363578e-11,0.6929962956700022,0.20143724148803932,0.2729606368255936
876,3.0606938594604793e-05,3.1196454349274845e-09,4.75144355308846e-09,15,7.003555694604064e-15,0.6929962445479942,0.20143732142354723,0.2729606319736829
877,3.0606760936614654e-05,7.99690154199058e-09,9.82102379832434e-09,14,9.760011006953159e-11,0.692996295669987,0.20143724148804726,0.2729606368255918
878,3.0606938596343556e-05,3.189897014112566e-09,4.837240270122965e-09,15,5.2771302477420834e-15,0.6929962681897902,0.20143730736737864,0.2729606343996445
879,3.060676093660177e-05,7.996901883868615e-09,9.821024141745379e-09,14,9.760012042296592e-11,0.6929962956699837,0.2014372414880448,0.2729606368255914
880,3.060676093659543e-05,7.99690203183298e-09,9.821024288681878e-09,14,9.760012579583931e-11,0.6929962956699817,0.20143724148804465,0.272960636825591
881,3.0606938597050164e-05,3.2251045168309204e-09,4.880146967062944e-09,15,4.563088144210516e-15,0.6929962800107113,0.20143730033934196,0.2729606356126195
882,3.060676093659668e-05,7.996901992834395e-09,9.821024250111386e-09,14,9.760012445008308e-11,0.6929962956699783,0.20143724148804587,0.272960636825591
883,3.060676093659543e-05,7.99690203183298e-09,9.821024288681878e-09,14,9.760012579583931e-11,0.6929962956699817,0.20143724148804465,0.272960636825591
884,3.0606933058881316e-05,5.130259013946614e-09,7.406583128657506e-09,13,5.504310730895486e-11,0.6929932663390824,0.20143907449484488,0.27296032633795053
885,3.060676085589056e-05,7.998974468303401e-09,9.823053766667283e-09,14,9.766573954690958e-11,0.6929962956037248,0.2014372414972234,0.27296063681852867
886,3.060676077521671e-05,8.001046262213576e-09,9.82508258659618e-09,14,9.773135188419006e-11,0.6929962955375015,0.20143724150639072,0.2729606368114695
887,3.0606938557755926e-05,2.0121601124637422e-09,3.33446783449794e-09,14,4.2427759581660576e-14,0.6929947783604775,0.2014381932652778,0.2729604816040412
888,3.060676075563658e-05,8.001549272048587e-09,9.825575173551563e-09,14,9.774728007496974e-11,0.6929962955214646,0.20143724150859277,0.27296063680975996
889,3.060676073612288e-05,8.002050387025673e-09,9.82606587610936e-09,14,9.77631550845814e-11,0.6929962955054314,0.20143724151081976,0.27296063680805077
890,3.060693744630349e-05,1.3030811894093913e-09,2.242203656657683e-09,15,4.605912205892345e-12,0.6929955352932864,0.2014377438406425,0.2729605592133785
891,3.060676073120043e-05,8.002176846332947e-09,9.826189715145175e-09,14,9.776715987573085e-11,0.6929962955013952,0.20143724151137427,0.2729606368076207
892,3.060676072628888e-05,8.002302991472924e-09,9.826313238623947e-09,14,9.777115580655956e-11,0.6929962954973631,0.20143724151193296,0.27296063680719085
893,3.060686045760747e-05,3.288984278982665e-09,4.771708017511358e-09,14,2.599805753684918e-11,0.6929959208038988,0.20143752001958776,0.27296059801211764
894,3.0606760724090456e-05,8.002359498013517e-09,9.826368584976448e-09,14,9.777294487626804e-11,0.6929962954955773,0.20143724151217168,0.27296063680700033
895,3.060676072190496e-05,8.002415656762182e-09,9.826423580318495e-09,14,9.777472334006135e-11,0.6929962954937903,0.20143724151241563,0.2729606368068099
896,3.06069385556655e-05,2.7032426870961705e-09,4.236786212445318e-09,15,7.270449586486594e-14,0.6929961024982163,0.20143740590909778,0.27296061740992217
897,3.060676072162042e-05,8.002422900282314e-09,9.826430665037592e-09,14,9.777495457575173e-11,0.692996295493539,0.20143724151245848,0.27296063680678323
898,3.060676072131325e-05,8.002430809972305e-09,9.826438410361071e-09,14,9.777520444146898e-11,0.6929962954932897,0.2014372415124917,0.2729606368067564
899,3.060693858920307e-05,2.9791773460295827e-09,4.579114593013028e-09,15,1.1669236180310501e-14,0.6929961970706101,0.20143734966393162,0.2729606271084537
900,3.060676072122577e-05,8.002433079355916e-09,9.826440637800225e-09,14,9.777527557560648e-11,0.692996295493227,0.2014372415124964,0.27296063680675
901,3.0606760721154057e-05,8.002434913735452e-09,9.82644242952563e-09,14,9.777533417879734e-11,0.692996295493164,0.20143724151250664,0.2729606368067431
902,3.060693859459881e-05,3.119021259399112e-09,4.750690875735507e-09,15,7.008467543430699e-15,0.6929962443589837,0.20143732154189162,0.27296063195762704
903,3.060676072113065e-05,8.002435528276487e-09,9.826443035188068e-09,14,9.777535314189183e-11,0.6929962954931472,0.20143724151250705,0.2729606368067413
904,3.060676072111671e-05,8.00243587926762e-09,9.826443376793068e-09,14,9.777536407951608e-11,0.6929962954931326,0.201437241512511,0.2729606368067398
905,3.0606938596335336e-05,3.1893102460592012e-09,4.836530135562218e-09,15,5.2848025658343235e-15,0.6929962680033618,0.2014373074812146,0.27296063438219054
906,3.0606760721094764e-05,8.002436479255678e-09,9.826443974622146e-09,14,9.777538224754783e-11,0.6929962954931278,0.20143724151250508,0.2729606368067393
907,3.060676072110373e-05,8.002436204225672e-09,9.826443698502958e-09,14,9.777537505927675e-11,0.6929962954931268,0.20143724151251088,0.2729606368067389
908,3.0606760721094764e-05,8.002436479255678e-09,9.826443974622146e-09,14,9.777538224754783e-11,0.6929962954931278,0.20143724151250508,0.2729606368067393
909,3.060693476682502e-05,4.038131065847231e-09,5.938523262060454e-09,13,6.177298832216276e-11,0.6929932668359059,0.2014390723896512,0.2729603264998064
910,3.0606760641376645e-05,8.004483579420313e-09,9.82844848906937e-09,14,9.784025542191369e-11,0.6929962954275751,0.20143724152163373,0.2729606367997568
911,3.060676056165876e-05,8.0065309292154e-09,9.830453231605626e-09,14,9.790515100352742e-11,0.6929962953620544,0.20143724153073964,0.2729606367927773
912,3.060693855701819e-05,2.0152465120553023e-09,3.339198478434415e-09,14,4.337616185381312e-14,0.6929947780088895,0.20143819366706855,0.2729604816756217
913,3.0606760542156906e-05,8.00703182806624e-09,9.830943702089949e-09,14,9.792103032865442e-11,0.6929962953460294,0.20143724153296388,0.27296063679107024
914,3.060676052265407e-05,8.007532774145052e-09,9.831434218734178e-09,14,9.793691210696284e-11,0.6929962953300065,0.20143724153518636,0.27296063678936355
915,3.060693738940144e-05,1.303823236373513e-09,2.243707486216393e-09,15,4.877028168846476e-12,0.6929955350408032,0.2014377441228421,0.2729605592398249
916,3.060676051772313e-05,8.007659476392183e-09,9.831558294749482e-09,14,9.794092754235676e-11,0.6929962953259755,0.2014372415357366,0.272960636788934
917,3.060676051282028e-05,8.007785402272066e-09,9.831681596752856e-09,14,9.794492033687279e-11,0.6929962953219427,0.2014372415362974,0.2729606367885045
918,3.0606860664625626e-05,3.2858339168384753e-09,4.768277985536763e-09,14,2.599307724841278e-11,0.6929959205914554,0.20143752021529873,0.2729605980159976
919,3.060676051065446e-05,8.007841045332651e-09,9.831736080215953e-09,14,9.794668385005848e-11,0.6929962953201625,0.20143724153654471,0.2729606367883148
920,3.060676050849382e-05,8.007896518990248e-09,9.8317903966306e-09,14,9.794844348253738e-11,0.6929962953183844,0.20143724153679357,0.27296063678812515
921,3.060693855590415e-05,2.702399992108052e-09,4.235772089523394e-09,15,7.20385389240985e-14,0.6929961022946681,0.20143740605422453,0.27296061740251965
922,3.060676050819389e-05,8.007904223189878e-09,9.831797935521986e-09,14,9.794868831841363e-11,0.6929962953181349,0.2014372415368307,0.2729606367880987
923,3.060676050789744e-05,8.007911818603647e-09,9.831805367782089e-09,14,9.794892923283837e-11,0.6929962953178813,0.20143724153686818,0.2729606367880719
924,3.060693858921166e-05,2.978481434928006e-09,4.57827909131482e-09,15,1.166155014424151e-14,0.6929961968776814,0.20143734979070388,0.27296062709541036
925,3.060676050781655e-05,8.007913900526332e-09,9.831807410717137e-09,14,9.794899514130342e-11,0.6929962953178196,0.20143724153687484,0.2729606367880652
926,3.060676050774094e-05,8.00791585094039e-09,9.83180931891296e-09,14,9.794905676810987e-11,0.6929962953177576,0.20143724153688392,0.2729606367880587
927,3.0606938594593253e-05,3.1184002214485484e-09,4.749942176022169e-09,15,7.0130334150938505e-15,0.6929962441713498,0.20143732165950698,0.2729606319417632
928,3.0606760507713104e-05,8.007916580770297e-09,9.831810037955841e-09,14,9.794907946282642e-11,0.6929962953177428,0.2014372415368828,0.27296063678805704
929,3.060676050768231e-05,8.007917402725489e-09,9.831810850185899e-09,14,9.794910488771654e-11,0.6929962953177259,0.20143724153688,0.2729606367880554
930,3.060693859632734e-05,3.1887271592675925e-09,4.835824581511704e-09,15,5.292630925591074e-15,0.6929962678183761,0.20143730759425,0.2729606343649164
931,3.060676050767534e-05,8.007917586872943e-09,9.831811030353195e-09,14,9.794911067630936e-11,0.6929962953177234,0.2014372415368798,0.27296063678805493
932,3.060676050769718e-05,8.00791695507738e-09,9.831810401000939e-09,14,9.794909253411176e-11,0.6929962953177193,0.20143724153689108,0.2729606367880545
933,3.060676050767534e-05,8.007917586872943e-09,9.831811030353195e-09,14,9.794911067630936e-11,0.6929962953177234,0.2014372415368798,0.27296063678805493
934,3.0606938593258445e-05,6.588481016039562e-09,9.404323556168586e-09,14,2.301069232904822e-15,0.692993263953943,0.20143909441294328,0.2729603266601219
935,3.060676042986585e-05,8.009915658301173e-09,9.833767388443045e-09,14,9.801248925284235e-11,0.6929962952536278,0.20143724154585463,0.2729606367812324
936,3.060676035201644e-05,8.011915111164895e-09,9.835725096960912e-09,14,9.807592269574438e-11,0.692996295189562,0.20143724155479267,0.2729606367744127
937,3.0606938556277156e-05,2.018302618389427e-09,3.343881154014173e-09,14,4.4333771904439026e-14,0.6929947776613569,0.20143819406462782,0.27296048174659576
938,3.0606760332534026e-05,8.012415581644686e-09,9.836215124114965e-09,14,9.809180093750643e-11,0.69299629517355,0.20143724155701648,0.27296063677270826
939,3.060676031308753e-05,8.012915054431434e-09,9.836704157895884e-09,14,9.810765115544521e-11,0.6929962951575397,0.20143724155925305,0.2729606367710038
940,3.060693734288364e-05,1.304287230814654e-09,2.244639530127844e-09,15,5.112745033536572e-12,0.6929955347896914,0.20143774439836634,0.27296055926613166
941,3.060676030820444e-05,8.01304045139791e-09,9.836826925712847e-09,14,9.811163146067312e-11,0.6929962951535066,0.20143724155982073,0.27296063677057475
942,3.0606760303263366e-05,8.013167475623084e-09,9.836951318911496e-09,14,9.811565882640581e-11,0.6929962951494796,0.20143724156036538,0.2729606367701458
943,3.060686087128705e-05,3.282760987030577e-09,4.7649350146442525e-09,14,2.599151886796456e-11,0.6929959203823255,0.2014375204099272,0.27296059801997175
944,3.06067603011157e-05,8.013222623663115e-09,9.837005308574714e-09,14,9.811740968903922e-11,0.6929962951477063,0.20143724156061557,0.272960636769957
945,3.060676029898215e-05,8.01327736435444e-09,9.837058896513921e-09,14,9.811914903422131e-11,0.6929962951459326,0.20143724156087092,0.2729606367697682
946,3.060693855614019e-05,2.7015688098565827e-09,4.234771941154323e-09,15,7.138068200892275e-14,0.6929961020943162,0.20143740619724224,0.2729606173953282
947,3.060676029866387e-05,8.013285592987714e-09,9.837066957557074e-09,14,9.811940826373663e-11,0.6929962951456832,0.20143724156090018,0.2729606367697416
948,3.0606760298378615e-05,8.013292850683554e-09,9.837074058837358e-09,14,9.811964100450551e-11,0.6929962951454304,0.2014372415609423,0.272960636769715
949,3.060693858922047e-05,2.9777957519358062e-09,4.57745598814608e-09,15,1.1653567615619357e-14,0.6929961966878849,0.20143734991551965,0.2729606270826361
950,3.0606760298303046e-05,8.013294821464233e-09,9.837075981534386e-09,14,9.811970228181076e-11,0.6929962951453683,0.20143724156095094,0.2729606367697084
951,3.060676029821321e-05,8.013297143454268e-09,9.837078266192309e-09,14,9.811977570374681e-11,0.6929962951453066,0.2014372415609544,0.2729606367697017
952,3.060693859458774e-05,3.1177887767920424e-09,4.749205129178256e-09,15,7.017544493128128e-15,0.6929962439868205,0.2014373217752414,0.27296063192619746
953,3.0606760298189076e-05,8.013297768802964e-09,9.837078883265975e-09,14,9.81197951883801e-11,0.69299629514529,0.20143724156095474,0.27296063676970006
954,3.06067602981769e-05,8.013298064326654e-09,9.83707916773352e-09,14,9.811980498745573e-11,0.6929962951452743,0.20143724156095952,0.2729606367696984
955,3.0606938596319486e-05,3.188153359750914e-09,4.835130323329944e-09,15,5.3002640612346935e-15,0.6929962676364757,0.20143730770544227,0.27296063434795514
956,3.060676029818061e-05,8.013297953003505e-09,9.837079055030704e-09,14,9.811980246099463e-11,0.6929962951452707,0.2014372415609634,0.27296063676969795
957,3.06067602981769e-05,8.013298064326654e-09,9.83707916773352e-09,14,9.811980498745573e-11,0.6929962951452743,0.20143724156095952,0.2729606367696984
958,3.060693859410029e-05,6.594631653962159e-09,9.412899760043256e-09,14,8.486566983785469e-15,0.6929932634475283,0.2014390950889529,0.2729603268175116
959,3.060676022050721e-05,8.015292684255884e-09,9.839032017101195e-09,14,9.818312916171131e-11,0.692996295081229,0.20143724156995593,0.27296063676288557
960,3.0606760142837636e-05,8.017287542997347e-09,9.840985084176666e-09,14,9.824647415982506e-11,0.6929962950172084,0.20143724157893111,0.27296063675607546
961,3.060693855554025e-05,2.0213080554137525e-09,3.3484844749395726e-09,14,4.529123083723309e-14,0.6929947773186294,0.20143819445585862,0.27296048181612076
962,3.060676012340569e-05,8.01778671197698e-09,9.841473797575842e-09,14,9.826232538882813e-11,0.6929962950012075,0.20143724158116744,0.2729606367543735
963,3.060676010398467e-05,8.018285581076087e-09,9.84196221238574e-09,14,9.827816949481478e-11,0.6929962949852095,0.20143724158340554,0.27296063675267135
964,3.060693730702694e-05,1.3044638030414563e-09,2.2449832349558975e-09,15,5.310101262700493e-12,0.6929955345387507,0.2014377446667633,0.2729605592917275
965,3.0606760099115456e-05,8.018410598105907e-09,9.842084603523763e-09,14,9.828214224771731e-11,0.6929962949811798,0.20143724158397674,0.27296063675224297
966,3.060676009421643e-05,8.018536478935834e-09,9.842207847495215e-09,14,9.828613898132934e-11,0.692996294977152,0.20143724158453624,0.2729606367518145
967,3.060686107474271e-05,3.2797868987021083e-09,4.76170093765692e-09,14,2.5993319016305574e-11,0.6929959201743353,0.2014375206039788,0.27296059802360395
968,3.0606760092055124e-05,8.01859204418684e-09,9.842262254928635e-09,14,9.828790235623374e-11,0.6929962949753865,0.20143724158477694,0.27296063675162646
969,3.0606760089918114e-05,8.018646915078332e-09,9.842315975032087e-09,14,9.828964592775567e-11,0.6929962949736205,0.20143724158502718,0.27296063675143845
970,3.060693855636843e-05,2.7007441774447737e-09,4.2337792198953936e-09,15,7.074375246440694e-14,0.692996101894693,0.20143740633941054,0.27296061738797933
971,3.060676008959942e-05,8.018655137891167e-09,9.842324032416057e-09,14,9.828990629623248e-11,0.6929962949733687,0.20143724158505577,0.2729606367514119
972,3.060676008931938e-05,8.018662267077032e-09,9.842331002399458e-09,14,9.829013428494959e-11,0.6929962949731183,0.20143724158510032,0.2729606367513855
973,3.060693858922875e-05,2.9771134497546356e-09,4.5766366684363465e-09,15,1.1646181757288194e-14,0.6929961964985292,0.2014373500398794,0.2729606270697969
974,3.0606760089232126e-05,8.018664546785335e-09,9.842333236831716e-09,14,9.829020569794288e-11,0.6929962949730566,0.2014372415851042,0.27296063675137877
975,3.060676008917242e-05,8.018666016240002e-09,9.842334671881711e-09,14,9.82902544592683e-11,0.6929962949729946,0.2014372415851195,0.27296063675137217
976,3.060693859458227e-05,3.1171791501091563e-09,4.7484701222878355e-09,15,7.022225736458504e-15,0.6929962438025807,0.20143732189071564,0.27296063191061315
977,3.060676008916131e-05,8.018666297864934e-09,9.842334938812286e-09,14,9.829026344337273e-11,0.6929962949729778,0.20143724158512502,0.27296063675137044
978,3.0606760089109123e-05,8.01866771645012e-09,9.842336347272223e-09,14,9.82903061446629e-11,0.6929962949729628,0.20143724158511409,0.27296063675136867
979,3.06069385963116e-05,3.1875805739441056e-09,4.834437224675303e-09,15,5.307637558902079e-15,0.692996267454796,0.2014373078164713,0.2729606343309981
980,3.060676008911788e-05,8.018667469249159e-09,9.842336094626012e-09,14,9.829029917972157e-11,0.6929962949729589,0.2014372415851197,0.2729606367513684
981,3.0606760089109123e-05,8.01866771645012e-09,9.842336347272223e-09,14,9.82903061446629e-11,0.6929962949729628,0.20143724158511409,0.27296063675136867
982,3.06069385971089e-05,6.600775377646013e-09,9.421468499023339e-09,14,2.6504064454122482e-14,0.6929932629423119,0.20143909576509977,0.2729603269746014
983,3.060676001161117e-05,8.020657980078696e-09,9.844284790632004e-09,14,9.835354783872192e-11,0.6929962949089636,0.20143724159414392,0.2729606367445655
984,3.060675993410091e-05,8.022648824874347e-09,9.846233792626955e-09,14,9.841682108655407e-11,0.6929962948449933,0.20143724160314866,0.2729606367377652
985,3.0606938554795675e-05,2.024308885740319e-09,3.3530792042674867e-09,14,4.626435609977246e-14,0.6929947769764929,0.20143819484639047,0.2729604818855093
986,3.0606759914724725e-05,8.023146522185921e-09,9.846721026822002e-09,14,9.843264124946869e-11,0.6929962948290017,0.20143724160539814,0.2729606367360656
987,3.060675989534033e-05,8.02364448822482e-09,9.84720852556238e-09,14,9.844846980738961e-11,0.6929962948130154,0.20143724160764287,0.2729606367343659
988,3.060693728088858e-05,1.3043680787180575e-09,2.244769779427688e-09,15,5.47258571921278e-12,0.6929955342860983,0.20143774493121058,0.27296055931726876
989,3.060675989046158e-05,8.023769813113672e-09,9.84733121266049e-09,14,9.845245401017802e-11,0.6929962948089899,0.2014372416082084,0.272960636733938
990,3.060675988558241e-05,8.02389514281447e-09,9.847453908676165e-09,14,9.845643824722993e-11,0.692996294804966,0.20143724160877408,0.27296063673351006
991,3.060686127898531e-05,3.2768624780145544e-09,4.7585231544250515e-09,14,2.5998453616118503e-11,0.6929959199666647,0.20143752079913246,0.2729605980272223
992,3.0606759883431784e-05,8.023950435947728e-09,9.847508046197453e-09,14,9.845819474886768e-11,0.6929962948032033,0.20143724160901486,0.2729606367333228
993,3.060675988130528e-05,8.024005032226392e-09,9.847561492214597e-09,14,9.845993123782358e-11,0.6929962948014435,0.20143724160926524,0.27296063673313586
994,3.0606938556595125e-05,2.699920434779836e-09,4.232787495235101e-09,15,7.011302775781477e-14,0.6929961016952699,0.20143740648143466,0.27296061738063715
995,3.060675988101416e-05,8.024012499109519e-09,9.847568793665707e-09,14,9.846016882939326e-11,0.6929962948011941,0.20143724160930498,0.2729606367331092
996,3.060675988071234e-05,8.02402023529943e-09,9.847576369880753e-09,14,9.846041537386526e-11,0.6929962948009436,0.2014372416093405,0.2729606367330828
997,3.060693858923698e-05,2.9764317104116913e-09,4.575818001660266e-09,15,1.163864501520423e-14,0.6929961963093413,0.20143735016413555,0.2729606270569745
998,3.060675988063135e-05,8.024022327672398e-09,9.847578423305458e-09,14,9.846048161072389e-11,0.6929962948008832,0.2014372416093469,0.27296063673307597
999,3.060675988055773e-05,8.024024210572457e-09,9.84758026338628e-09,14,9.84605418831985e-11,0.6929962948008198,0.20143724160935675,0.27296063673306953
1000,3.0606938594576645e-05,3.1165698864178868e-09,4.747735560950298e-09,15,7.026807447141455e-15,0.6929962436184997,0.20143732200610562,0.27296063189505065
1001,3.060675988055167e-05,8.024024345531933e-09,9.847580388936891e-09,14,9.846054646607822e-11,0.692996294800803,0.20143724160936383,0.27296063673306786
1002,3.060675988052616e-05,8.02402500759713e-09,9.84758103926846e-09,14,9.846056742146159e-11,0.6929962948007861,0.20143724160936327,0.27296063673306603
1003,3.060693859630367e-05,3.1870080835314283e-09,4.8337444966822796e-09,15,5.315374302136422e-15,0.6929962672732695,0.20143730792742717,0.2729606343140655
1004,3.060675988050117e-05,8.024025705503364e-09,9.84758173299522e-09,14,9.846058809668963e-11,0.6929962948007827,0.20143724160935617,0.27296063673306575
1005,3.060675988051594e-05,8.024025284562065e-09,9.847581310291897e-09,14,9.846057529663532e-11,0.6929962948007803,0.2014372416093645,0.2729606367330653
1006,3.060675988050117e-05,8.024025705503364e-09,9.84758173299522e-09,14,9.846058809668963e-11,0.6929962948007827,0.20143724160935617,0.27296063673306575
1007,3.060693860594825e-05,6.606869561926716e-09,9.429974886674894e-09,14,7.323071657068046e-14,0.6929932624387709,0.20143909644366328,0.27296032713136803
1008,3.060675980319137e-05,8.026011119158125e-09,9.849525287063988e-09,14,9.852373365927151e-11,0.6929962947368353,0.20143724161842588,0.2729606367262726
1009,3.0606759725860535e-05,8.027997378979587e-09,9.851469657726729e-09,14,9.858691811575989e-11,0.6929962946729109,0.20143724162746665,0.27296063671948223
1010,3.0606938554043496e-05,2.027304697726994e-09,3.3576647245989882e-09,14,4.7252792789080476e-14,0.692994776634985,0.20143819523617565,0.2729604819547496
1011,3.060675970651296e-05,8.028494391338309e-09,9.85195619285532e-09,14,9.860272976656645e-11,0.6929962946569366,0.20143724162971915,0.2729606367177847
1012,3.060675968718149e-05,8.028990966507276e-09,9.852442290237285e-09,14,9.861852933964659e-11,0.6929962946409574,0.20143724163197657,0.27296063671608756
1013,3.060693726426646e-05,1.3040046688469559e-09,2.2440082854239835e-09,15,5.599910695382431e-12,0.6929955340317576,0.20143774519166935,0.27296055934274943
1014,3.0606759682306893e-05,8.029116209839235e-09,9.852564893580778e-09,14,9.862251364184551e-11,0.6929962946369359,0.20143724163254204,0.2729606367156603
1015,3.06067596774333e-05,8.029241418692839e-09,9.852687462175592e-09,14,9.862649722555001e-11,0.6929962946329145,0.2014372416331082,0.2729606367152329
1016,3.0606861483948195e-05,3.2739877189964586e-09,4.755401666331005e-09,14,2.600695908249933e-11,0.6929959197593205,0.20143752099535794,0.2729605980308237
1017,3.060675967531668e-05,8.029295780969524e-09,9.852740673300334e-09,14,9.862822704732213e-11,0.6929962946311584,0.20143724163335797,0.27296063671504656
1018,3.060675967317066e-05,8.029350966826737e-09,9.852794708581358e-09,14,9.862998124915106e-11,0.692996294629405,0.20143724163359622,0.27296063671486015
1019,3.060693855681979e-05,2.699097652552941e-09,4.23179684913913e-09,15,6.948730541080169e-14,0.6929961014960498,0.2014374066233088,0.27296061737330013
1020,3.060675967288075e-05,8.029358370647998e-09,9.852801951214501e-09,14,9.863021807064573e-11,0.6929962946291562,0.20143724163363688,0.27296063671483367
1021,3.0606759672569606e-05,8.02936639747389e-09,9.85280981124657e-09,14,9.863047248638719e-11,0.6929962946289077,0.20143724163366847,0.2729606367148072
1022,3.060693858924521e-05,2.9757505118845695e-09,4.574999969576138e-09,15,1.1631155619110553e-14,0.6929961961203301,0.20143735028828508,0.2729606270441681
1023,3.060675967250134e-05,8.029368132074809e-09,9.852811505583516e-09,14,9.86305283929885e-11,0.6929962946288434,0.20143724163367996,0.27296063671480064
1024,3.060675967241722e-05,8.029370305876702e-09,9.852813640865484e-09,14,9.863059687196822e-11,0.6929962946287836,0.2014372416336856,0.272960636714794
1025,3.0606938594571244e-05,3.1159609934049514e-09,4.7470014539476805e-09,15,7.0317548291859546e-15,0.6929962434345781,0.2014373221214111,0.27296063187950975
1026,3.060675967241163e-05,8.029370419415794e-09,9.852813743458115e-09,14,9.863060182167887e-11,0.6929962946287661,0.20143724163369314,0.27296063671479237
1027,3.060675967239506e-05,8.029370846426749e-09,9.852814157460714e-09,14,9.863061533007734e-11,0.6929962946287515,0.20143724163369614,0.2729606367147907
1028,3.060693859629579e-05,3.186435878455514e-09,4.833052130433311e-09,15,5.3225270584304775e-15,0.69299626709189,0.2014373080383086,0.2729606342971573
1029,3.060675967237763e-05,8.029371323574718e-09,9.852814632910472e-09,14,9.863062932592346e-11,0.6929962946287463,0.20143724163369167,0.2729606367147902
1030,3.060675967238451e-05,8.02937111745033e-09,9.852814424472604e-09,14,9.863062421214281e-11,0.6929962946287415,0.20143724163369645,0.2729606367147899
1031,3.060675967237763e-05,8.029371323574718e-09,9.852814632910472e-09,14,9.863062932592346e-11,0.6929962946287463,0.20143724163369167,0.2729606367147902
1032,3.060693862888277e-05,6.612745123468309e-09,9.438194353123507e-09,14,1.871778241802359e-13,0.6929932619381716,0.20143909712970462,0.27296032728779035
1033,3.060675959522935e-05,8.031352674671085e-09,9.854754079072735e-09,14,9.869370069322696e-11,0.6929962945648506,0.2014372416427874,0.27296063670800746
1034,3.060675951805101e-05,8.033335131575946e-09,9.8566946015496e-09,14,9.875681811194809e-11,0.6929962945009849,0.2014372416518503,0.2729606367012274
1035,3.060693855328436e-05,2.0302951327953236e-09,3.3622405021271375e-09,14,4.8255931066894056e-14,0.6929947762941365,0.20143819562517035,0.27296048202383194
1036,3.060675949880037e-05,8.033829509659012e-09,9.857178497946944e-09,14,9.877256473372517e-11,0.6929962944850145,0.20143724165413301,0.2729606366995325
1037,3.0606759479479786e-05,8.034325919979005e-09,9.857664413481099e-09,14,9.878836953359535e-11,0.6929962944690538,0.20143724165638627,0.27296063669783754
1038,3.0606937256815614e-05,1.3033827604897312e-09,2.2427162246459534e-09,15,5.692388011411038e-12,0.6929955337758097,0.2014377454481556,0.2729605593681652
1039,3.060675947461987e-05,8.034450760657982e-09,9.857786613365858e-09,14,9.879234584582053e-11,0.6929962944650333,0.20143724165695606,0.27296063669741083
1040,3.060675946975449e-05,8.03457576896105e-09,9.857908978943815e-09,14,9.879632606948842e-11,0.6929962944610137,0.20143724165752352,0.27296063669698406
1041,3.0606861689599785e-05,3.271162359129543e-09,4.752336191482217e-09,14,2.6018869265974673e-11,0.6929959195523181,0.2014375211926223,0.2729605980344073
1042,3.060675946763958e-05,8.034630113468044e-09,9.8579621715287e-09,14,9.879805668176067e-11,0.6929962944592644,0.20143724165777022,0.27296063669679854
1043,3.06067594655161e-05,8.034684690030812e-09,9.858015598816251e-09,14,9.879979380364093e-11,0.6929962944575192,0.20143724165801363,0.272960636696613
1044,3.060693855704276e-05,2.6982758752368034e-09,4.230807337389682e-09,15,6.886770514684206e-14,0.6929961012970527,0.20143740676501964,0.2729606173659682
1045,3.060675946524015e-05,8.034691712631475e-09,9.858022461219692e-09,14,9.88000194868502e-11,0.6929962944572685,0.20143724165805887,0.2729606366965865
1046,3.0606759464920936e-05,8.034699948934112e-09,9.858030533945123e-09,14,9.880028053525404e-11,0.6929962944570182,0.20143724165808694,0.27296063669656
1047,3.060693858925359e-05,2.9750699421113536e-09,4.5741826696537365e-09,15,1.1623550389283498e-14,0.6929961959315076,0.2014373504123172,0.2729606270313786
1048,3.0606759464855274e-05,8.034701614033046e-09,9.858032159245494e-09,14,9.880033411806814e-11,0.6929962944569571,0.2014372416580999,0.27296063669655346
1049,3.060675946478618e-05,8.034703372999399e-09,9.858033876432e-09,14,9.880039107070077e-11,0.6929962944568929,0.20143724165811125,0.27296063669654685
1050,3.0606938594565694e-05,3.1153525531162793e-09,4.746267890265877e-09,15,7.03586488549251e-15,0.6929962432508305,0.20143732223662178,0.2729606318639914
1051,3.060675946473422e-05,8.034704791309795e-09,9.858035282615113e-09,14,9.88004335037188e-11,0.6929962944568797,0.20143724165809998,0.2729606366965452
1052,3.060675946473403e-05,8.034704746129364e-09,9.858035229624732e-09,14,9.88004335613217e-11,0.6929962944568632,0.20143724165810992,0.27296063669654347
1053,3.060693859628794e-05,3.1858640078578097e-09,4.83236018751108e-09,15,5.3303046702960396e-15,0.6929962669106777,0.2014373081491069,0.2729606342802746
1054,3.060675946472293e-05,8.034705057989906e-09,9.858035535478165e-09,14,9.880044291119884e-11,0.6929962944568603,0.20143724165810772,0.272960636696543
1055,3.060675946472814e-05,8.03470489464112e-09,9.858035371113115e-09,14,9.88004386101954e-11,0.6929962944568562,0.20143724165811255,0.27296063669654264
1056,3.060675946472293e-05,8.034705057989906e-09,9.858035535478165e-09,14,9.880044291119884e-11,0.6929962944568603,0.20143724165810772,0.272960636696543
1057,3.060693868350332e-05,6.617863853938922e-09,9.445402874500974e-09,14,4.570297727064642e-13,0.692993261443851,0.2014390978339089,0.2729603274438825
1058,3.060675938774865e-05,8.036682019477302e-09,9.859970556848731e-09,14,9.886342911070137e-11,0.692996294393029,0.20143724166722773,0.2729606366897719
1059,3.0606759310798155e-05,8.038658565455403e-09,9.861905138900577e-09,14,9.892641666642924e-11,0.6929962943292254,0.20143724167633648,0.27296063668300347
1060,3.060693855251831e-05,2.033280355780749e-09,3.366806807739847e-09,14,4.92736852074653e-14,0.6929947759539481,0.2014381960133931,0.2729604820927647
1061,3.060675929155538e-05,8.039152868135048e-09,9.862388939427345e-09,14,9.894217145052988e-11,0.6929962943132698,0.20143724167861424,0.2729606366813107
1062,3.060675927226854e-05,8.039648413678212e-09,9.862873982937692e-09,14,9.895796346008505e-11,0.6929962942973202,0.201437241680873,0.27296063667961834
1063,3.060693725807258e-05,1.3025153132620496e-09,2.2409179049334097e-09,15,5.7508749405763155e-12,0.6929955335183341,0.20143774570076609,0.2729605593935217
1064,3.060675926740854e-05,8.03977329993608e-09,9.86299622125742e-09,14,9.896194286641755e-11,0.6929962942933033,0.20143724168143995,0.2729606366791921
1065,3.0606759262594296e-05,8.039896869230165e-09,9.863117152327482e-09,14,9.896588504101563e-11,0.6929962942892854,0.2014372416820254,0.272960636678766
1066,3.060686189592554e-05,3.268385886396408e-09,4.749326187343918e-09,14,2.6034214783884463e-11,0.6929959193456751,0.2014375213909035,0.27296059803797634
1067,3.0606759260498445e-05,8.039950706332485e-09,9.86316984195098e-09,14,9.896760140296044e-11,0.692996294287545,0.2014372416822758,0.2729606366785812
1068,3.0606759258391454e-05,8.04000485155171e-09,9.86322284000289e-09,14,9.896932648198587e-11,0.6929962942857997,0.201437241682522,0.27296063667839654
1069,3.060693855726391e-05,2.6974551711833452e-09,4.229819043063748e-09,15,6.825283185361717e-14,0.6929961010982949,0.2014374069065574,0.27296061735864446
1070,3.0606759258067494e-05,8.040013236621703e-09,9.863231058960089e-09,14,9.896959198992696e-11,0.6929962942855531,0.20143724168254834,0.27296063667837006
1071,3.060675925777503e-05,8.040020721767216e-09,9.863238379818418e-09,14,9.896983143090116e-11,0.6929962942853047,0.20143724168258695,0.27296063667834364
1072,3.060693858926181e-05,2.974390052749695e-09,4.573366170956741e-09,15,1.161619952582653e-14,0.6929961957428957,0.2014373505362205,0.27296062701860857
1073,3.06067592576903e-05,8.040022936246042e-09,9.863240550824848e-09,14,9.896990111851818e-11,0.6929962942852417,0.20143724168259214,0.27296063667833703
1074,3.060675925760504e-05,8.04002515275431e-09,9.863242724704414e-09,14,9.896997064530012e-11,0.6929962942851795,0.20143724168259655,0.27296063667833026
1075,3.060693859456029e-05,3.1147446048591403e-09,4.745534926771291e-09,15,7.040627046183539e-15,0.6929962430672799,0.2014373223517247,0.2729606318484981
1076,3.0606759257598434e-05,8.040025280642623e-09,9.863242846731369e-09,14,9.896997617853278e-11,0.6929962942851644,0.20143724168260377,0.27296063667832876
1077,3.0606759257586854e-05,8.040025571164511e-09,9.863243126021848e-09,14,9.89699855052599e-11,0.6929962942851485,0.20143724168260882,0.27296063667832704
1078,3.060693859628026e-05,3.1852925590778343e-09,4.831668767282717e-09,15,5.337688469202201e-15,0.6929962667296556,0.20143730825980816,0.27296063426341977
1079,3.060675925756837e-05,8.040026083454124e-09,9.863243634621087e-09,14,9.897000020862306e-11,0.6929962942851444,0.20143724168260416,0.27296063667832665
1080,3.0606759257569784e-05,8.040026020611004e-09,9.863243570436319e-09,14,9.896999948966542e-11,0.6929962942851386,0.20143724168260743,0.27296063667832643
1081,3.060675925756837e-05,8.040026083454124e-09,9.863243634621087e-09,14,9.897000020862306e-11,0.6929962942851444,0.20143724168260416,0.27296063667832665
1082,3.0606938711459155e-05,6.623544568311895e-09,9.453354094966435e-09,14,5.568934093820097e-13,0.6929932609459042,0.201439098513114,0.2729603275996196
1083,3.060675918078052e-05,8.041998262087137e-09,9.865173835954056e-09,14,9.90328913108649e-11,0.69299629422137,0.2014372416917592,0.27296063667156595
1084,3.060675910399228e-05,8.043970733079015e-09,9.867104298362907e-09,14,9.909580333690924e-11,0.6929962941576235,0.20143724170089303,0.2729606366648079
1085,3.0606938551745875e-05,2.0362599923895014e-09,3.3713630830187885e-09,14,5.030564813052836e-14,0.6929947756144392,0.20143819640079894,0.27296048216153423
1086,3.0606759084791746e-05,8.044463949331799e-09,9.867587000430243e-09,14,9.91115372446246e-11,0.6929962941416824,0.2014372417031797,0.27296063666311776
1087,3.060675906556431e-05,8.044957938351576e-09,9.868070477485292e-09,14,9.912729482967821e-11,0.6929962941257397,0.2014372417054538,0.2729606366614275
1088,3.06069372674814e-05,1.3014184057158457e-09,2.2386433428842837e-09,15,5.776653202250319e-12,0.6929955332594347,0.20143774594962138,0.27296055941881076
1089,3.060675906072637e-05,8.045082217168408e-09,9.868192108678907e-09,14,9.913126003434397e-11,0.6929962941217266,0.20143724170602798,0.272960636661002
1090,3.060675905587199e-05,8.045206984821582e-09,9.868314226841928e-09,14,9.913523845206228e-11,0.6929962941177132,0.20143724170659544,0.2729606366605765
1091,3.060686210286502e-05,3.265658112661395e-09,4.746371442876157e-09,14,2.605302140843184e-11,0.6929959191393771,0.20143752159018113,0.272960598041526
1092,3.060675905381577e-05,8.045259717766215e-09,9.868365819740718e-09,14,9.913692409402342e-11,0.6929962941159751,0.20143724170685742,0.27296063666039255
1093,3.060675905171693e-05,8.045313638563884e-09,9.868418598106164e-09,14,9.913864420352847e-11,0.6929962941142418,0.20143724170710234,0.27296063666020864
1094,3.060693855748339e-05,2.6966355287623956e-09,4.228831946293324e-09,15,6.76438912439792e-14,0.6929961008997644,0.2014374070479271,0.2729606173513253
1095,3.0606759051429666e-05,8.045321006958986e-09,9.868425800542511e-09,14,9.913887941367672e-11,0.6929962941139891,0.20143724170714314,0.2729606366601823
1096,3.060675905110226e-05,8.04532949079914e-09,9.868434117376061e-09,14,9.913914800304853e-11,0.6929962941137439,0.20143724170716765,0.2729606366601557
1097,3.0606938589270105e-05,2.973710810758899e-09,4.572550425048418e-09,15,1.1608780578216183e-14,0.6929961955544788,0.20143735066000332,0.27296062700585505
1098,3.0606759051018605e-05,8.045331658307478e-09,9.86843624273758e-09,14,9.913921657970638e-11,0.6929962941136798,0.20143724170717342,0.2729606366601491
1099,3.060675905094741e-05,8.04533347211418e-09,9.86843801454077e-09,14,9.913927500610226e-11,0.6929962941136185,0.20143724170718402,0.27296063666014253
1100,3.060693859455482e-05,3.1141371189600315e-09,4.744802519120054e-09,15,7.0446979372360545e-15,0.6929962428839053,0.20143732246673035,0.2729606318330274
1101,3.060675905094207e-05,8.045333565891747e-09,9.868438103960344e-09,14,9.913927916372934e-11,0.6929962941136036,0.2014372417071912,0.27296063666014087
1102,3.0606759050909405e-05,8.045334455316065e-09,9.868438977312299e-09,14,9.913930625482852e-11,0.6929962941135882,0.20143724170718813,0.27296063666013926
1103,3.060693859627221e-05,3.1847214776356557e-09,4.830977802581897e-09,15,5.345378703755035e-15,0.6929962665488015,0.20143730837042406,0.2729606342465906
1104,3.060675905089075e-05,8.045334976206195e-09,9.868439493500953e-09,14,9.91393215659322e-11,0.6929962941135843,0.2014372417071833,0.27296063666013876
1105,3.0606759050908877e-05,8.045334457427918e-09,9.868438972731545e-09,14,9.91393066330332e-11,0.6929962941135809,0.20143724170719243,0.27296063666013837
1106,3.060675905089075e-05,8.045334976206195e-09,9.868439493500953e-09,14,9.91393215659322e-11,0.6929962941135843,0.2014372417071833,0.27296063666013876
1107,3.060693534586014e-05,6.5352298071109706e-09,9.332181782819183e-09,14,6.507603646128578e-12,0.6929932607818785,0.2014390996466157,0.2729603277550207
1108,3.0606758972821526e-05,8.047340072826922e-09,9.870401764368666e-09,14,9.920331935867557e-11,0.6929962940486393,0.2014372417165528,0.27296063665325865
1109,3.06067588947121e-05,8.04934660351806e-09,9.872365436865843e-09,14,9.926737201731893e-11,0.6929962939837235,0.20143724172588504,0.2729606366463813
1110,3.060693855096745e-05,2.0392377651282994e-09,3.375914894691596e-09,14,5.135112394099239e-14,0.6929947752743157,0.2014381967881839,0.27296048223002006
1111,3.060675887553887e-05,8.049839156457584e-09,9.872847464776268e-09,14,9.92830984616565e-11,0.6929962939677927,0.20143724172817448,0.27296063664469344
1112,3.060675885638807e-05,8.050331093088179e-09,9.873328880329307e-09,14,9.929880722452733e-11,0.6929962939518609,0.20143724173047073,0.2729606366430056
1113,3.060693728439479e-05,1.300107330402627e-09,2.2359206591521675e-09,15,5.771407355749642e-12,0.6929955329973014,0.2014377461960515,0.27296055944384234
1114,3.060675885158284e-05,8.050454481892696e-09,9.873449622883716e-09,14,9.930274907570601e-11,0.692996293947851,0.20143724173105543,0.27296063664258075
1115,3.06067588467396e-05,8.050578966671926e-09,9.873571450534765e-09,14,9.930672231882427e-11,0.6929962939438414,0.20143724173162456,0.27296063664215586
1116,3.060686230984266e-05,3.2629755708075543e-09,4.743467362308554e-09,14,2.6075250062126482e-11,0.6929959189311555,0.20143752179170982,0.27296059804483136
1117,3.0606758844649815e-05,8.050632677622932e-09,9.873624020543658e-09,14,9.930843633322814e-11,0.6929962939421117,0.2014372417318694,0.2729606366419727
1118,3.060675884257329e-05,8.050686008130879e-09,9.873676209943378e-09,14,9.931014009184739e-11,0.6929962939403825,0.20143724173211916,0.27296063664178954
1119,3.060693855769927e-05,2.695809971474301e-09,4.22783732616271e-09,15,6.704511917087298e-14,0.6929961006990665,0.20143740719055617,0.27296061734376836
1120,3.0606758842264136e-05,8.050693994745011e-09,9.873684025983945e-09,14,9.931039353990194e-11,0.692996293940133,0.20143724173215108,0.27296063664176307
1121,3.060675884196991e-05,8.050701521037323e-09,9.873691392947971e-09,14,9.931063498281929e-11,0.6929962939398872,0.2014372417321891,0.27296063664173686
1122,3.060693858927802e-05,2.973024895141196e-09,4.57172642925603e-09,15,1.1601682994634637e-14,0.6929961953637837,0.20143735078513775,0.2729606269928672
1123,3.060675884190845e-05,8.05070306365468e-09,9.8736928941343e-09,14,9.931068549659296e-11,0.6929962939398208,0.20143724173220323,0.2729606366417302
1124,3.060675884182236e-05,8.050705311270624e-09,9.873695100838086e-09,14,9.931075594403053e-11,0.6929962939397586,0.20143724173220776,0.27296063664172365
1125,3.060693859454929e-05,3.113522594783096e-09,4.744061506373014e-09,15,7.049493515455359e-15,0.6929962426981989,0.20143732258313377,0.272960631817324
1126,3.060675884178969e-05,8.050706184696389e-09,9.873695962345132e-09,14,9.931078298370599e-11,0.6929962939397462,0.2014372417322044,0.272960636641722
1127,3.060675884177983e-05,8.050706414056528e-09,9.873696184606578e-09,14,9.931079105802632e-11,0.6929962939397302,0.20143724173220987,0.2729606366417203
1128,3.060693859626447e-05,3.184143176693795e-09,4.830278054488227e-09,15,5.352675548911471e-15,0.6929962663655894,0.20143730848246014,0.27296063422952926
1129,3.0606758841767335e-05,8.050706767938373e-09,9.87369653260837e-09,14,9.931080131297841e-11,0.6929962939397256,0.20143724173220712,0.2729606366417197
1130,3.060675884176681e-05,8.050706755970655e-09,9.87369652011294e-09,14,9.931080174452977e-11,0.6929962939397212,0.20143724173220964,0.2729606366417194
1131,3.060693859696523e-05,3.2195365719439874e-09,4.873394384628761e-09,15,4.646729216891885e-15,0.6929962781993062,0.2014373014321688,0.27296063543562615
1132,3.060675884175573e-05,8.050707060699186e-09,9.873696822496926e-09,14,9.931081049672492e-11,0.6929962939397228,0.20143724173220606,0.2729606366417195
1133,3.0606758841754284e-05,8.050707118385409e-09,9.873696876923875e-09,14,9.931081214610454e-11,0.692996293939718,0.20143724173220584,0.27296063664171927
1134,3.060693859728282e-05,3.2372529888689943e-09,4.8949541757718935e-09,15,4.326257889412955e-15,0.6929962841161695,0.2014372979070318,0.27296063603867315
1135,3.0606758841767274e-05,8.050706739228488e-09,9.873696502386235e-09,14,9.931080106270946e-11,0.6929962939397201,0.20143724173221134,0.27296063664171927
1136,3.0606758841754284e-05,8.050707118385409e-09,9.873696876923875e-09,14,9.931081214610454e-11,0.692996293939718,0.20143724173220584,0.27296063664171927
1137,3.0606938370671434e-05,6.6289585991415604e-09,9.460742406174928e-09,15,3.0127467268911577e-13,0.6929932599711464,0.20143909978723507,0.2729603279122903
1138,3.060675876515856e-05,8.052674439025484e-09,9.875622046854032e-09,14,9.937365907456366e-11,0.692996293875918,0.20143724174144745,0.27296063663496467
1139,3.06067586885493e-05,8.054642408561195e-09,9.877547840634118e-09,14,9.943653835324641e-11,0.69299629381214,0.2014372417506624,0.27296063662821274
1140,3.060693855017112e-05,2.0422460350431605e-09,3.3805120990362293e-09,14,5.242636097205791e-14,0.6929947749324188,0.20143819717885708,0.2729604822995692
1141,3.06067586694233e-05,8.055133750697145e-09,9.878028644778446e-09,14,9.945224004546088e-11,0.6929962937962194,0.2014372417529622,0.27296063662652725
1142,3.060675865030909e-05,8.055624764381607e-09,9.878509127429725e-09,14,9.946793314431296e-11,0.6929962937803,0.20143724175526548,0.2729606366248417
1143,3.060693730858459e-05,1.2985881150082134e-09,2.2327571168074146e-09,15,5.736338214465074e-12,0.6929955327338222,0.20143774644039597,0.2729605594695345
1144,3.060675864547171e-05,8.055749110249012e-09,9.878630815218694e-09,14,9.947190470034266e-11,0.6929962937762946,0.20143724175583455,0.27296063662441755
1145,3.0606758640627476e-05,8.055873647435095e-09,9.878752696835906e-09,14,9.94758822994027e-11,0.6929962937722884,0.20143724175640138,0.2729606366239933
1146,3.06068625214729e-05,3.260308291891042e-09,4.740584016592504e-09,14,2.6101509288796185e-11,0.6929959187245949,0.2014375219947229,0.27296059804859624
1147,3.060675863859468e-05,8.055925764907485e-09,9.878803679355978e-09,14,9.947755170175004e-11,0.6929962937705636,0.20143724175666478,0.2729606366238109
1148,3.0606758636515734e-05,8.055979199200285e-09,9.87885597199885e-09,14,9.947925830005094e-11,0.6929962937688421,0.20143724175691016,0.2729606366236285
1149,3.060693855791979e-05,2.694986796786903e-09,4.226846109396925e-09,15,6.643442891530415e-14,0.6929961005002564,0.20143740733235754,0.27296061733657045
1150,3.060675863620657e-05,8.055987174436971e-09,9.878863778579753e-09,14,9.947951226286775e-11,0.692996293768592,0.20143724175694153,0.2729606366236021
1151,3.0606758635920426e-05,8.055994495220007e-09,9.878870937376962e-09,14,9.947974730028385e-11,0.6929962937683439,0.20143724175698294,0.27296063662357595
1152,3.0606938589286694e-05,2.9723436722536078e-09,4.570908452926998e-09,15,1.1593987668163219e-14,0.6929961951752382,0.20143735090915157,0.2729606269801877
1153,3.060675863582056e-05,8.055997126932953e-09,9.878873524960972e-09,14,9.947982921768672e-11,0.6929962937682804,0.20143724175698172,0.2729606366235694
1154,3.060675863576714e-05,8.055998432940953e-09,9.87887479426356e-09,14,9.947987331054734e-11,0.6929962937682212,0.20143724175699954,0.27296063662356274
1155,3.060693859454406e-05,3.1129139170991945e-09,4.743327782500339e-09,15,7.053892047766031e-15,0.6929962425147739,0.20143732269826925,0.27296063180190383
1156,3.060675863574748e-05,8.055998946327407e-09,9.87887529573417e-09,14,9.947988932879435e-11,0.692996293768204,0.20143724175700084,0.272960636623561
1157,3.060675863571517e-05,8.055999826040363e-09,9.878876161306975e-09,14,9.947991593506849e-11,0.6929962937681898,0.20143724175699765,0.27296063662355935
1158,3.060693859625669e-05,3.1835713078800195e-09,4.8295862284429905e-09,15,5.360250709131218e-15,0.6929962661847204,0.20143730859315512,0.27296063421273875
1159,3.060675863574228e-05,8.05599902429438e-09,9.878875364852059e-09,14,9.947989397951514e-11,0.6929962937681844,0.2014372417570108,0.27296063662355896
1160,3.060675863571517e-05,8.055999826040363e-09,9.878876161306975e-09,14,9.947991593506849e-11,0.6929962937681898,0.20143724175699765,0.27296063662355935
1161,3.060693859330407e-05,6.643325655516177e-09,9.480795741469324e-09,14,1.3092976182809408e-15,0.6929932594282114,0.20143910045010913,0.27296032806725173
1162,3.060675855940808e-05,8.057959694350354e-09,9.880793889517365e-09,14,9.9542582260406e-11,0.6929962937045089,0.20143724176627237,0.27296063661682246
1163,3.0606758483029095e-05,8.05992185170557e-09,9.88271387628351e-09,14,9.960532902164409e-11,0.6929962936408591,0.2014372417754978,0.2729606366100884
1164,3.0606938549379326e-05,2.0452141472284957e-09,3.385046362354774e-09,14,5.3501594214187685e-14,0.6929947745944192,0.2014381975644753,0.2729604823679863
1165,3.060675846395697e-05,8.060411786858499e-09,9.883193265571109e-09,14,9.962100013201364e-11,0.6929962936249479,0.20143724177781108,0.2729606366084051
1166,3.060675844486726e-05,8.060902224742217e-09,9.88367315532643e-09,14,9.96366872131339e-11,0.6929962936090417,0.20143724178011596,0.27296063660672193
1167,3.0606937338648646e-05,1.2969139952564741e-09,2.2292598883674134e-09,15,5.67456542613099e-12,0.6929955324710145,0.20143774667943945,0.27296055949468284
1168,3.0606758440052933e-05,8.061025938618724e-09,9.883794214332348e-09,14,9.964064362171768e-11,0.6929962936050363,0.20143724178069197,0.27296063660629843
1169,3.0606758435261986e-05,8.061149000575949e-09,9.883914622058022e-09,14,9.964458098969747e-11,0.6929962936010335,0.20143724178127703,0.27296063660587483
1170,3.060686273055374e-05,3.257719576220776e-09,4.737787542846575e-09,14,2.6130951974507733e-11,0.6929959185191102,0.20143752219719277,0.272960598052111
1171,3.06067584331747e-05,8.061202701530438e-09,9.883967181495944e-09,14,9.96462960951004e-11,0.6929962935993182,0.2014372417815148,0.27296063660569314
1172,3.06067584311135e-05,8.061255652041965e-09,9.884018993674623e-09,14,9.964799012676022e-11,0.6929962935976003,0.20143724178176384,0.2729606366055117
1173,3.060693855813427e-05,2.6941693224565443e-09,4.225861408144096e-09,15,6.584017732279847e-14,0.6929961003022097,0.20143740747338126,0.2729606173292693
1174,3.0606758430825465e-05,8.061263031109485e-09,9.884026209826128e-09,14,9.96482269182398e-11,0.6929962935973523,0.20143724178180317,0.27296063660548514
1175,3.0606758430520215e-05,8.061270903626443e-09,9.884033912459147e-09,14,9.96484780214885e-11,0.6929962935971044,0.20143724178183658,0.27296063660545894
1176,3.0606938589295e-05,2.97166566458705e-09,4.570094137243972e-09,15,1.1586273841330813e-14,0.6929961949872321,0.2014373510326938,0.2729606269674786
1177,3.060675843044139e-05,8.061272936551008e-09,9.884035906035891e-09,14,9.964854240251887e-11,0.6929962935970423,0.20143724178184394,0.27296063660545233
1178,3.0606758430378936e-05,8.061274518049329e-09,9.884037443651413e-09,14,9.96485937089629e-11,0.6929962935969789,0.2014372417818576,0.2729606366054457
1179,3.060693859453865e-05,3.112307228194803e-09,4.7425963462942484e-09,15,7.058276309392916e-15,0.6929962423317712,0.20143732281308657,0.27296063178649077
1180,3.060675843035483e-05,8.061275149151709e-09,9.884038065197413e-09,14,9.964861417574304e-11,0.6929962935969654,0.20143724178185782,0.2729606366054441
1181,3.060675843035454e-05,8.06127511202831e-09,9.884038019444081e-09,14,9.964861403097886e-11,0.6929962935969478,0.20143724178186695,0.27296063660544245
1182,3.0606938596248925e-05,3.1830007802387157e-09,4.828895984682405e-09,15,5.36723178249104e-15,0.6929962660042253,0.20143730870360788,0.27296063419597383
1183,3.060675843032423e-05,8.061275954611045e-09,9.884038858020252e-09,14,9.964863887392976e-11,0.6929962935969443,0.2014372417818579,0.27296063660544206
1184,3.0606758430349974e-05,8.061275203253695e-09,9.884038109405757e-09,14,9.964861811734777e-11,0.6929962935969403,0.20143724178187009,0.2729606366054417
1185,3.060675843032423e-05,8.061275954611045e-09,9.884038858020252e-09,14,9.964863887392976e-11,0.6929962935969443,0.2014372417818579,0.27296063660544206
1186,3.060694021836328e-05,6.5787285899197885e-09,9.393616603483017e-09,14,9.993740154180527e-12,0.6929932593333424,0.2014391020863846,0.2729603282217455
1187,3.060675835482092e-05,8.063215317487965e-09,9.885936410637675e-09,14,9.97107008518997e-11,0.6929962935338791,0.20143724179106562,0.2729606365987746
1188,3.0606758279330634e-05,8.065154576064615e-09,9.887833831632954e-09,14,9.977277215435807e-11,0.6929962934708422,0.20143724180025951,0.27296063659210984
1189,3.0606938548582695e-05,2.0481731005054956e-09,3.3895652552101696e-09,14,5.4589562682838833e-14,0.6929947742578622,0.20143819794869283,0.2729604824362427
1190,3.06067582602845e-05,8.06564388283796e-09,9.888312581620741e-09,14,9.978843637007342e-11,0.6929962934549426,0.20143724180257522,0.27296063659042885
1191,3.060675824123001e-05,8.066133463224131e-09,9.888791600734612e-09,14,9.980410851916367e-11,0.6929962934390482,0.2014372418048861,0.27296063658874803
1192,3.060693737412114e-05,1.2950938672929224e-09,2.2254429197078682e-09,15,5.588205701956962e-12,0.6929955322082627,0.20143774691491542,0.27296055951982395
1193,3.060675823643686e-05,8.066256607761704e-09,9.888912085926531e-09,14,9.980805049420668e-11,0.6929962934350463,0.2014372418054683,0.27296063658832515
1194,3.060675823164955e-05,8.066379602067628e-09,9.889032423938005e-09,14,9.981198833010138e-11,0.6929962934310471,0.20143724180605257,0.2729606365879022
1195,3.060686294024655e-05,3.255180651097533e-09,4.735047865627763e-09,14,2.6163969462101428e-11,0.6929959183150294,0.20143752239994633,0.27296059805569506
1196,3.060675822960543e-05,8.066432085617412e-09,9.889083776686014e-09,14,9.98136693554849e-11,0.6929962934293371,0.20143724180630362,0.2729606365877214
1197,3.060675822754764e-05,8.066484985629944e-09,9.889135535250896e-09,14,9.981536240238486e-11,0.6929962934276254,0.20143724180654932,0.27296063658754055
1198,3.060693855834752e-05,2.693356281851158e-09,4.2248820996857676e-09,15,6.525056793647047e-14,0.6929961001054966,0.2014374076135603,0.27296061732207577
1199,3.060675822725339e-05,8.066492532176622e-09,9.88914291877611e-09,14,9.981560446585912e-11,0.6929962934273765,0.20143724180658684,0.2729606365875143
1200,3.0606758226941246e-05,8.066500600511098e-09,9.889150816213155e-09,14,9.98158610724963e-11,0.6929962934271287,0.2014372418066173,0.272960636587488
1201,3.060693858930361e-05,2.9709917133415e-09,4.5692847625141905e-09,15,1.1578759062563906e-14,0.6929961948005475,0.20143735115543282,0.27296062695489637
1202,3.060675822688694e-05,8.06650192401493e-09,9.889152104895858e-09,14,9.981590568643622e-11,0.6929962934270657,0.20143724180663425,0.2729606365874815
1203,3.060675822680671e-05,8.06650399696315e-09,9.88915413980781e-09,14,9.981597194193297e-11,0.6929962934270041,0.201437241806641,0.2729606365874749
1204,3.060693859453343e-05,3.111704437836325e-09,4.741869667594396e-09,15,7.062566193085908e-15,0.6929962421500938,0.2014373229271205,0.2729606317712143
1205,3.0606758226813995e-05,8.066503745260904e-09,9.889153876671943e-09,14,9.981596563933219e-11,0.6929962934269885,0.20143724180665318,0.2729606365874732
1206,3.060675822680671e-05,8.06650399696315e-09,9.88915413980781e-09,14,9.981597194193297e-11,0.6929962934270041,0.201437241806641,0.2729606365874749
1207,3.060693859445084e-05,6.655400907058873e-09,9.497629541068819e-09,17,3.75947015282869e-15,0.6929932584391157,0.2014391017688013,0.2729603283748507
1208,3.060675815079881e-05,8.068456351615555e-09,9.89106425735263e-09,14,9.987850367566051e-11,0.6929962933634138,0.20143724181597064,0.27296063658075664
1209,3.060675807478451e-05,8.070409099217681e-09,9.892974753500849e-09,14,9.994106167020022e-11,0.6929962932998533,0.2014372418252776,0.27296063657404107
1210,3.0606938547786504e-05,2.0511097836915373e-09,3.3940485954500263e-09,14,5.5682536631452894e-14,0.69299477392306,0.20143819833022306,0.27296048250375937
1211,3.060675805576412e-05,8.07089782310006e-09,9.893452902108796e-09,14,9.99567183684027e-11,0.6929962932839661,0.20143724182759537,0.2729606365723622
1212,3.060675803675045e-05,8.071386340857487e-09,9.893930848973824e-09,14,9.997237071922054e-11,0.6929962932680811,0.20143724182991493,0.27296063657068376
1213,3.060693741395416e-05,1.2931585843763963e-09,2.2213671819137307e-09,15,5.4806174896704305e-12,0.6929955319447706,0.20143774714721244,0.2729605595445497
1214,3.0606758031972056e-05,8.071509100571135e-09,9.894050949816073e-09,14,9.997630468704717e-11,0.692996293264082,0.20143724183050016,0.2729606365702616
1215,3.060675802719569e-05,8.071631806484953e-09,9.894170998155831e-09,14,9.998023669544889e-11,0.6929962932600878,0.20143724183108622,0.2729606365698394
1216,3.060686314847897e-05,3.2527016456308095e-09,4.732374695674141e-09,14,2.6200206397814686e-11,0.6929959181105568,0.20143752260339867,0.2729605980590265
1217,3.0606758025155325e-05,8.071684236636444e-09,9.894222293170074e-09,14,9.99819166227594e-11,0.6929962932583829,0.2014372418313351,0.2729606365696593
1218,3.060675802314184e-05,8.071735886267498e-09,9.894272812898449e-09,14,9.998357429358895e-11,0.6929962932566776,0.20143724183159434,0.2729606365694791
1219,3.060693855855621e-05,2.6925433527382637e-09,4.223902547607211e-09,15,6.467421566573762e-14,0.6929960999081203,0.20143740775394695,0.2729606173147108
1220,3.06067580228353e-05,8.071743791573703e-09,9.894280550686724e-09,14,9.998382666162718e-11,0.6929962932564302,0.20143724183162687,0.2729606365694529
1221,3.060675802254088e-05,8.07175134291618e-09,9.89428793968716e-09,14,9.998406911347375e-11,0.6929962932561815,0.20143724183166398,0.2729606365694266
1222,3.060693858931163e-05,2.970316209863355e-09,4.568473298662348e-09,15,1.157139756795771e-14,0.6929961946130312,0.20143735127858636,0.27296062694218315
1223,3.0606758022438165e-05,8.071754071733088e-09,9.894290618967568e-09,14,9.998415358477124e-11,0.6929962932561191,0.20143724183166206,0.27296063656942005
1224,3.0606758022369095e-05,8.071755824975462e-09,9.894292333389358e-09,14,9.998421078785309e-11,0.6929962932560574,0.2014372418316731,0.2729606365694136
1225,3.060693859452813e-05,3.1110992359915982e-09,4.741139967494139e-09,15,7.067103931588594e-15,0.6929962419674939,0.2014373230416728,0.272960631755827
1226,3.060675802235806e-05,8.071756083362466e-09,9.894292585032683e-09,14,9.998421958510826e-11,0.6929962932560404,0.20143724183167816,0.27296063656941194
1227,3.060675802234126e-05,8.071756506166552e-09,9.894292997002403e-09,14,9.998423358427407e-11,0.6929962932560283,0.20143724183168102,0.27296063656941033
1228,3.0606938596233556e-05,3.181864546739995e-09,4.8275213612042085e-09,15,5.382154285006062e-15,0.6929962656449021,0.2014373089235374,0.2729606341626258
1229,3.0606758022329345e-05,8.071756840501257e-09,9.894293327033545e-09,14,9.998424340876093e-11,0.6929962932560245,0.20143724183167888,0.27296063656940994
1230,3.060675802232658e-05,8.071756903560633e-09,9.89429338975464e-09,14,9.998424546644036e-11,0.6929962932560201,0.20143724183167985,0.2729606365694094
1231,3.060693859693193e-05,3.2173308741218687e-09,4.870720019233823e-09,15,4.679426061955929e-15,0.6929962774836306,0.20143730186451556,0.2729606353660194
1232,3.0606758022326364e-05,8.071756923267684e-09,9.894293405285836e-09,14,9.998424575441666e-11,0.6929962932560183,0.20143724183168057,0.2729606365694093
1233,3.06069385972488e-05,3.235083897455396e-09,4.8923209562017674e-09,15,4.360164882980881e-15,0.6929962834029982,0.2014372983350118,0.27296063596771475
1234,3.0606758022323775e-05,8.071756987944466e-09,9.894293470825858e-09,14,9.998424768207796e-11,0.6929962932560206,0.2014372418316797,0.2729606365694092
1235,3.0606758022317216e-05,8.071757159933063e-09,9.894293642590587e-09,14,9.998425331421175e-11,0.6929962932560185,0.20143724183167735,0.2729606365694094
1236,3.060693859739981e-05,3.2439652604955315e-09,4.903121795076307e-09,15,4.208584297985638e-15,0.6929962863626835,0.20143729657026202,0.27296063626856215
1237,3.0606758022322074e-05,8.071757033554571e-09,9.894293517473656e-09,14,9.99842492686224e-11,0.6929962932560191,0.2014372418316794,0.2729606365694092
1238,3.0606758022317216e-05,8.071757159933063e-09,9.894293642590587e-09,14,9.998425331421175e-11,0.6929962932560185,0.20143724183167735,0.2729606365694094
1239,3.060693859221434e-05,6.6612798591951266e-09,9.505835967492642e-09,14,7.40351292445576e-15,0.69299325794537,0.20143910242952967,0.2729603285287075
1240,3.060693859754309e-05,3.2526514096132594e-09,4.9136817260441584e-09,15,4.065173229669825e-15,0.6929962892563196,0.2014372948449029,0.27296063656270003
1241,3.0606758022317216e-05,8.071757159933063e-09,9.894293642590587e-09,14,9.998425331421175e-11,0.6929962932560185,0.20143724183167735,0.2729606365694094
1242,3.0606938597544614e-05,3.252750618655373e-09,4.913802304504569e-09,15,4.0635134928240185e-15,0.6929962892893422,0.20143729482520775,0.27296063656605474
1243,3.0606758022317216e-05,8.071757159933063e-09,9.894293642590587e-09,14,9.998425331421175e-11,0.6929962932560185,0.20143724183167735,0.2729606365694094
1244,3.0606758003368004e-05,8.072243856638996e-09,9.894769775070384e-09,14,9.9999854670228e-11,0.692996293240131,0.20143724183402334,0.2729606365677321
1245,3.060693859754495e-05,3.2527754078700964e-09,4.913832435567145e-09,15,4.062915288910644e-15,0.6929962892975984,0.2014372948202845,0.27296063656689346
1246,3.0606758003368004e-05,8.072243856638996e-09,9.894769775070384e-09,14,9.9999854670228e-11,0.692996293240131,0.20143724183402334,0.2729606365677321
1247,3.060693859754531e-05,3.2527878022570095e-09,4.913847502345265e-09,15,4.062686214919182e-15,0.6929962893017287,0.2014372948178223,0.27296063656731273
1248,3.0606758003368004e-05,8.072243856638996e-09,9.894769775070384e-09,14,9.9999854670228e-11,0.692996293240131,0.20143724183402334,0.2729606365677321
1249,3.060693859754531e-05,3.252794009040173e-09,4.913855043947157e-09,15,4.0626770924388334e-15,0.6929962893037923,0.20143729481659142,0.2729606365675224
1250,3.0606758003368004e-05,8.072243856638996e-09,9.894769775070384e-09,14,9.9999854670228e-11,0.692996293240131,0.20143724183402334,0.2729606365677321
1251,3.060693859754533e-05,3.2527971005474224e-09,4.913858804854758e-09,15,4.062853081488155e-15,0.6929962893048225,0.20143729481597614,0.27296063656762726
1252,3.0606758003368004e-05,8.072243856638996e-09,9.894769775070384e-09,14,9.9999854670228e-11,0.692996293240131,0.20143724183402334,0.2729606365677321
1253,3.060693859313984e-05,6.661894489469988e-09,9.506691382840573e-09,14,1.8782063342087793e-15,0.692993257899221,0.20143910249075794,0.2729603285429633
1254,3.0606938597542195e-05,3.2526018257911295e-09,4.913621458877467e-09,15,4.0657551227445766e-15,0.6929962892398136,0.20143729485474787,0.2729606365610238
1255,3.0606758003368004e-05,8.072243856638996e-09,9.894769775070384e-09,14,9.9999854670228e-11,0.692996293240131,0.20143724183402334,0.2729606365677321
1256,3.0606938597543815e-05,3.2527010217987073e-09,4.913742023487195e-09,15,4.0642843545844145e-15,0.6929962892728337,0.20143729483505476,0.27296063656437797
1257,3.0606758003368004e-05,8.072243856638996e-09,9.894769775070384e-09,14,9.9999854670228e-11,0.692996293240131,0.20143724183402334,0.2729606365677321
1258,3.0606938597544614e-05,3.252750610849787e-09,4.9138022971862046e-09,15,4.063464638719501e-15,0.6929962892893453,0.20143729482520734,0.272960636566055
1259,3.0606758003368004e-05,8.072243856638996e-09,9.894769775070384e-09,14,9.9999854670228e-11,0.692996293240131,0.20143724183402334,0.2729606365677321
1260,3.0606938597544994e-05,3.25277540354701e-09,4.9138324314471765e-09,15,4.062696330053905e-15,0.692996289297601,0.20143729482028402,0.2729606365668937
1261,3.0606758003368004e-05,8.072243856638996e-09,9.894769775070384e-09,14,9.9999854670228e-11,0.692996293240131,0.20143724183402334,0.2729606365677321
1262,3.0606938597545204e-05,3.252787804847433e-09,4.913847503836043e-09,15,4.0627034609881955e-15,0.6929962893017286,0.2014372948178223,0.27296063656731284
1263,3.0606758003368004e-05,8.072243856638996e-09,9.894769775070384e-09,14,9.9999854670228e-11,0.692996293240131,0.20143724183402334,0.2729606365677321
1264,3.0606938597545285e-05,3.252794007064163e-09,4.9138550413992815e-09,15,4.06273667420661e-15,0.6929962893037924,0.2014372948165915,0.2729606365675225
1265,3.0606758003368004e-05,8.072243856638996e-09,9.894769775070384e-09,14,9.9999854670228e-11,0.692996293240131,0.20143724183402334,0.2729606365677321
1266,3.060693859754541e-05,3.2527971050574324e-09,4.913858808432625e-09,15,4.062600849978709e-15,0.6929962893048258,0.201437294815976,0.27296063656762726
1267,3.0606758003368004e-05,8.072243856638996e-09,9.894769775070384e-09,14,9.9999854670228e-11,0.692996293240131,0.20143724183402334,0.2729606365677321
1268,3.0606938597545394e-05,3.252798655276316e-09,4.913860691149697e-09,15,4.062647781408484e-15,0.6929962893053391,0.20143729481566872,0.2729606365676798
1269,3.0606758003368004e-05,8.072243856638996e-09,9.894769775070384e-09,14,9.9999854670228e-11,0.692996293240131,0.20143724183402334,0.2729606365677321
1270,3.0606938597545285e-05,3.252799426978394e-09,4.913861630312724e-09,15,4.0627639271691946e-15,0.6929962893055979,0.20143729481551423,0.27296063656770586
1271,3.0606758003368004e-05,8.072243856638996e-09,9.894769775070384e-09,14,9.9999854670228e-11,0.692996293240131,0.20143724183402334,0.2729606365677321
1272,3.060675800322607e-05,8.072247466234357e-09,9.894773307211327e-09,14,9.999997127017564e-11,0.6929962932400097,0.2014372418340445,0.27296063656771896
1273,3.0606938597545434e-05,3.25279962308754e-09,4.913861867780105e-09,15,4.062525743752879e-15,0.6929962893056628,0.20143729481547604,0.27296063656771247
1274,3.060675800322607e-05,8.072247466234357e-09,9.894773307211327e-09,14,9.999997127017564e-11,0.6929962932400097,0.2014372418340445,0.27296063656771896
1275,3.0606938597545346e-05,3.2527997266151377e-09,4.91386199249046e-09,15,4.0625198748001875e-15,0.6929962893056945,0.20143729481545675,0.2729606365677158
1276,3.060675800322607e-05,8.072247466234357e-09,9.894773307211327e-09,14,9.999997127017564e-11,0.6929962932400097,0.2014372418340445,0.27296063656771896
1277,3.060675800320318e-05,8.072248081134001e-09,9.89477390796775e-09,14,9.999999027492642e-11,0.6929962932399917,0.20143724183404507,0.2729606365677174
1278,3.060693859315035e-05,6.661899656689096e-09,9.506698566709958e-09,14,1.8811818822587667e-15,0.6929932578988205,0.20143910249129388,0.2729603285430882
1279,3.06069385975422e-05,3.2526013783607924e-09,4.913620916478225e-09,15,4.0659893288351464e-15,0.692996289239668,0.20143729485483494,0.2729606365610092
1280,3.060675800320318e-05,8.072248081134001e-09,9.89477390796775e-09,14,9.999999027492642e-11,0.6929962932399917,0.20143724183404507,0.2729606365677174
1281,3.060693859754383e-05,3.252700590669582e-09,4.913741496754675e-09,15,4.064189186309546e-15,0.6929962892726895,0.20143729483514106,0.27296063656436326
1282,3.060675800320318e-05,8.072248081134001e-09,9.89477390796775e-09,14,9.999999027492642e-11,0.6929962932399917,0.20143724183404507,0.2729606365677174
1283,3.060693859754463e-05,3.2527501674109694e-09,4.913801758961141e-09,15,4.063386503033053e-15,0.6929962892891994,0.20143729482529416,0.27296063656604025
1284,3.060675800320318e-05,8.072248081134001e-09,9.89477390796775e-09,14,9.999999027492642e-11,0.6929962932399917,0.20143724183404507,0.2729606365677174
1285,3.060693859754495e-05,3.252774975562958e-09,4.913831908021473e-09,15,4.062813973325797e-15,0.6929962892974546,0.2014372948203706,0.2729606365668789
1286,3.060675800320318e-05,8.072248081134001e-09,9.89477390796775e-09,14,9.999999027492642e-11,0.6929962932399917,0.20143724183404507,0.2729606365677174
1287,3.0606938597545116e-05,3.2527873746192486e-09,4.913846980301919e-09,15,4.062806928011598e-15,0.6929962893015831,0.20143729481790876,0.2729606365672981
1288,3.060675800320318e-05,8.072248081134001e-09,9.89477390796775e-09,14,9.999999027492642e-11,0.6929962932399917,0.20143724183404507,0.2729606365677174
1289,3.060693859754535e-05,3.252793567958818e-09,4.913854508269968e-09,15,4.062836999625833e-15,0.6929962893036477,0.20143729481667783,0.2729606365675078
1290,3.060675800320318e-05,8.072248081134001e-09,9.89477390796775e-09,14,9.999999027492642e-11,0.6929962932399917,0.20143724183404507,0.2729606365677174
1291,3.060693859754537e-05,3.2527966730866944e-09,4.913858280453272e-09,15,4.062537172854011e-15,0.6929962893046773,0.20143729481606246,0.27296063656761266
1292,3.060675800320318e-05,8.072248081134001e-09,9.89477390796775e-09,14,9.999999027492642e-11,0.6929962932399917,0.20143724183404507,0.2729606365677174
1293,3.060693859754534e-05,3.2527982243588432e-09,4.913860166341636e-09,15,4.0626528484594794e-15,0.6929962893051951,0.2014372948157551,0.27296063656766506
1294,3.060675800320318e-05,8.072248081134001e-09,9.89477390796775e-09,14,9.999999027492642e-11,0.6929962932399917,0.20143724183404507,0.2729606365677174
1295,3.060693859754536e-05,3.2527990010447956e-09,4.913861110383572e-09,15,4.062362770561521e-15,0.6929962893054542,0.2014372948156009,0.2729606365676912
1296,3.060675800320318e-05,8.072248081134001e-09,9.89477390796775e-09,14,9.999999027492642e-11,0.6929962932399917,0.20143724183404507,0.2729606365677174
1297,3.060693859754556e-05,3.2527993875512507e-09,4.913861582445198e-09,15,4.062437820545226e-15,0.6929962893055827,0.2014372948155239,0.27296063656770425
1298,3.060675800320318e-05,8.072248081134001e-09,9.89477390796775e-09,14,9.999999027492642e-11,0.6929962932399917,0.20143724183404507,0.2729606365677174
1299,3.060693859754531e-05,3.2527995766593914e-09,4.9138618111305415e-09,15,4.0627700550490746e-15,0.6929962893056465,0.20143729481548542,0.27296063656771086
1300,3.060675800320318e-05,8.072248081134001e-09,9.89477390796775e-09,14,9.999999027492642e-11,0.6929962932399917,0.20143724183404507,0.2729606365677174
1301,3.060693859754533e-05,3.252799672604304e-09,4.913861927573855e-09,15,4.062495414341331e-15,0.6929962893056786,0.20143729481546652,0.2729606365677141
1302,3.060675800320318e-05,8.072248081134001e-09,9.89477390796775e-09,14,9.999999027492642e-11,0.6929962932399917,0.20143724183404507,0.2729606365677174
1303,3.0606938597545346e-05,3.2527997266151377e-09,4.91386199249046e-09,15,4.0625198748001875e-15,0.6929962893056945,0.20143729481545675,0.2729606365677158
1304,3.060675800320318e-05,8.072248081134001e-09,9.89477390796775e-09,14,9.999999027492642e-11,0.6929962932399917,0.20143724183404507,0.2729606365677174
1305,3.0606938597545414e-05,3.2527997567652117e-09,4.913862026940984e-09,15,4.062715212059943e-15,0.692996289305702,0.20143729481545203,0.27296063656771663
1306,3.060675800320318e-05,8.072248081134001e-09,9.89477390796775e-09,14,9.999999027492642e-11,0.6929962932399917,0.20143724183404507,0.2729606365677174
1307,3.060675800319747e-05,8.072248235537817e-09,9.894774058942903e-09,14,9.999999506160405e-11,0.6929962932399868,0.2014372418340449,0.272960636567717
1308,3.060675800320693e-05,8.0722479519363e-09,9.894773777321389e-09,14,9.999998725483203e-11,0.6929962932399873,0.20143724183404982,0.2729606365677168
1309,3.060675800319747e-05,8.072248235537817e-09,9.894774058942903e-09,14,9.999999506160405e-11,0.6929962932399868,0.2014372418340449,0.272960636567717
1310,3.0606758003199e-05,8.07224818665859e-09,9.894774009150918e-09,14,9.999999364920861e-11,0.6929962932399885,0.20143724183404652,0.27296063656771696
1311,3.060693839263766e-05,2.519947533913826e-09,4.1363373604096434e-09,14,1.70889633684884e-13,0.6929962987457036,0.20143733166297098,0.2729606581259058
1312,3.060675800343367e-05,8.072241365551263e-09,9.894767239663604e-09,14,9.999980040286348e-11,0.6929962932399869,0.2014372418341429,0.2729606365677214
1313,3.060675800320318e-05,8.072248081134001e-09,9.89477390796775e-09,14,9.999999027492642e-11,0.6929962932399917,0.20143724183404507,0.2729606365677174
1314,3.0606758003307994e-05,8.072245030792524e-09,9.894770880414499e-09,14,9.999990379837978e-11,0.6929962932399909,0.20143724183408981,0.2729606365677193
1315,3.060675800320318e-05,8.072248081134001e-09,9.89477390796775e-09,14,9.999999027492642e-11,0.6929962932399917,0.20143724183404507,0.2729606365677174
1316,3.060675800324817e-05,8.072246764466214e-09,9.894772599200203e-09,14,9.999995348852454e-11,0.6929962932399909,0.20143724183406403,0.27296063656771835
1317,3.060675800320318e-05,8.072248081134001e-09,9.89477390796775e-09,14,9.999999027492642e-11,0.6929962932399917,0.20143724183404507,0.2729606365677174
1318,3.060675800322041e-05,8.07224757374419e-09,9.894773402621118e-09,14,9.999997632379935e-11,0.6929962932399917,0.20143724183405273,0.2729606365677179
1319,3.060675800320318e-05,8.072248081134001e-09,9.89477390796775e-09,14,9.999999027492642e-11,0.6929962932399917,0.20143724183404507,0.2729606365677174
1320,3.060675800321395e-05,8.072247752673727e-09,9.894773583384725e-09,14,9.999998120376157e-11,0.6929962932399916,0.20143724183404954,0.2729606365677177
1321,3.060675800320318e-05,8.072248081134001e-09,9.89477390796775e-09,14,9.999999027492642e-11,0.6929962932399917,0.20143724183404507,0.2729606365677174
1322,3.060675800320382e-05,8.072248055000413e-09,9.89477388040191e-09,14,9.999998974760258e-11,0.692996293239992,0.20143724183404516,0.2729606365677174
1323,3.060675800320318e-05,8.072248081134001e-09,9.89477390796775e-09,14,9.999999027492642e-11,0.6929962932399917,0.20143724183404507,0.2729606365677174
1324,3.060675800320382e-05,8.072248055000413e-09,9.89477388040191e-09,14,9.999998974760258e-11,0.692996293239992,0.20143724183404516,0.2729606365677174
1325,3.060675800320318e-05,8.072248081134001e-09,9.89477390796775e-09,14,9.999999027492642e-11,0.6929962932399917,0.20143724183404507,0.2729606365677174
