step,objective,mae,rmse,linf,grad_norm,learning_rate,worst_point_index,worst_point_ties,bump_highpass_rms,bump_laplacian_rms,bump_peak_to_valley,control_0,control_1,control_2,control_3,control_4,control_5,control_6,control_7,control_8,control_9,control_10,control_11,control_12,control_13,control_14,control_15,control_16,control_17,control_18,control_19,control_20,control_21,control_22,control_23,control_24
0,0.013489176650069538,0.009257309147691838,0.013489176650069538,0.035,0.003705737274817112,0.06,840,1,0.0,0.0,0.0,0.0,0.0,0.0,0.0,0.0,0.0,0.0,0.0,0.0,0.0,0.0,0.0,0.0,0.0,0.0,0.0,0.0,0.0,0.0,0.0,0.0,0.0,0.0,0.0,0.0
1,0.012711144412767389,0.008359770680912065,0.012711144412767389,0.032620816925175725,0.0036386125679330693,0.059999410786555685,880,4,0.0005629884351435026,0.13956830937015272,0.0023899523085025333,0.059987455838839104,0.05999711051407423,0.05999795848774548,0.059997110514074234,0.059987455838839104,0.05999711051407422,0.05999933464326591,0.059999529919960874,0.059999334643265914,0.05999711051407422,0.05999795848774547,0.059999529919960874,0.059999667885092915,0.059999529919960874,0.05999795848774549,0.05999711051407422,0.05999933464326591,0.059999529919960874,0.05999933464326591,0.05999711051407423,0.059987455838839104,0.05999711051407423,0.05999795848774547,0.05999711051407422,0.059987455838839104
2,0.011998924604680827,0.007787250757717245,0.011998924604680827,0.031173051741744093,0.0035640921657455844,0.05999764316948391,756,4,0.0010484103570733946,0.2644680937857919,0.004500757961384589,0.07501828189508813,0.11826477378989551,0.11925319917723431,0.11826477378989551,0.07501828189508811,0.11826477378989547,0.11993344474711776,0.1199915585838508,0.11993344474711776,0.11826477378989547,0.11925319917723429,0.11999155858385081,0.12002226756058143,0.11999155858385081,0.1192531991772343,0.1182647737898955,0.11993344474711776,0.11999155858385083,0.11993344474711776,0.11826477378989549,0.07501828189508819,0.1182647737898955,0.11925319917723427,0.11826477378989547,0.07501828189508816
3,0.011348387419243069,0.007376277733826769,0.011348387419243069,0.030102420027500125,0.0034817859886456222,0.05999469721856714,756,4,0.001520018504598642,0.38175829706185904,0.006698551970678169,0.05714147159289894,0.1716491774916173,0.17663849105470789,0.17164917749161726,0.057141471592898896,0.17164917749161723,0.179726311696055,0.17995678236373716,0.17972631169605496,0.17164917749161723,0.17663849105470786,0.1799567823637372,0.18007547896817544,0.1799567823637372,0.17663849105470786,0.17164917749161726,0.17972631169605496,0.17995678236373722,0.17972631169605496,0.17164917749161723,0.05714147159289901,0.17164917749161723,0.1766384910547078,0.1716491774916172,0.05714147159289895
4,0.010762342673752524,0.007031244509415759,0.010762342673752524,0.02934919506621761,0.0033924674265632684,0.0599905730501065,755,8,0.0019759952135745937,0.49186759502373706,0.008680703079807207,0.028637024336970403,0.21441126241719666,0.23012283341310666,0.2144112624171966,0.02863702433697037,0.21441126241719657,0.2392707276985031,0.23986315154696564,0.23927072769850305,0.21441126241719657,0.23012283341310663,0.23986315154696566,0.2401606812682199,0.23986315154696566,0.2301228334131066,0.2144112624171966,0.23927072769850308,0.23986315154696572,0.23927072769850308,0.21441126241719657,0.02863702433697045,0.2144112624171966,0.23012283341310655,0.21441126241719655,0.028637024336970393
5,0.010225953332116629,0.006744597525118774,0.010225953332116629,0.02876783373933783,0.0032960636584099656,0.05998527082691709,960,4,0.002370006419045187,0.5890047098716817,0.010584119521665169,0.0029404976846454448,0.24027994581421064,0.2764825853367048,0.24027994581421058,0.002940497684645431,0.24027994581421058,0.29842019440229767,0.2996616917824093,0.2984201944022976,0.24027994581421058,0.2764825853367048,0.2996616917824093,0.30027036503893995,0.2996616917824093,0.27648258533670467,0.24027994581421058,0.2984201944022976,0.29966169178240937,0.2984201944022976,0.24027994581421055,0.0029404976846454413,0.24027994581421058,0.27648258533670467,0.24027994581421053,0.002940497684645396
6,0.009713578712238017,0.006412861637058674,0.009713578712238017,0.028262282437661882,0.003189634426341768,0.05997879075832159,720,4,0.0026702299768488675,0.6707060714094718,0.012794728819195342,0.0,0.2477851792819381,0.31181515036343677,0.24778517928193805,0.0,0.24778517928193808,0.356987766504927,0.35928759778433117,0.3569877665049269,0.24778517928193805,0.3118151503634368,0.35928759778433117,0.36038989129133864,0.35928759778433117,0.31181515036343666,0.24778517928193808,0.3569877665049269,0.35928759778433117,0.3569877665049269,0.24778517928193802,0.0,0.24778517928193805,0.3118151503634367,0.247785179281938,0.0
7,0.00921498554676679,0.006032768525011693,0.00921498554676679,0.02775776539570033,0.0030685523300661276,0.05997113310014203,720,4,0.002917970770834629,0.7399859655355057,0.015077417883999461,0.0027889334338952955,0.24026204955439698,0.3333053146752178,0.24026204955439692,0.0027889334338953163,0.24026204955439695,0.4147460131819302,0.41866513523999577,0.41474601318193016,0.24026204955439692,0.3333053146752179,0.41866513523999577,0.42050251394954796,0.41866513523999577,0.33330531467521773,0.24026204955439698,0.41474601318193016,0.41866513523999577,0.41474601318193016,0.2402620495543969,0.0027889334338952365,0.24026204955439692,0.3333053146752179,0.24026204955439687,0.0027889334338952443
8,0.008732172499075633,0.00565088720893245,0.008732172499075633,0.027254724854239416,0.0029286880122521832,0.059962298154689626,720,4,0.0031429361451277503,0.8016267502272698,0.01736500914637045,0.014880417197234205,0.22212282050457335,0.3407388340575949,0.2221228205045733,0.014880417197234222,0.22212282050457335,0.4714163443780596,0.4777072190751921,0.47141634437805957,0.22212282050457333,0.3407388340575951,0.47770721907519204,0.48059032590728795,0.47770721907519204,0.34073883405759486,0.22212282050457338,0.47141634437805957,0.47770721907519204,0.47141634437805957,0.2221228205045733,0.014880417197234114,0.22212282050457333,0.34073883405759514,0.22212282050457327,0.01488041719723411
9,0.008277324439228531,0.005296517346126376,0.008277324439228531,0.02675369549328547,0.0027678724937013734,0.05995228627075291,720,4,0.003376945199351136,0.8599242976549206,0.01963341275504072,0.030242595859366506,0.19712570467061097,0.3360429380784396,0.1971257046706109,0.030242595859366513,0.19712570467061097,0.5266495671028237,0.5363100640181356,0.5266495671028236,0.19712570467061094,0.33604293807843977,0.5363100640181355,0.5406317558433195,0.5363100640181355,0.33604293807843955,0.19712570467061102,0.5266495671028236,0.5363100640181355,0.5266495671028236,0.19712570467061094,0.030242595859366422,0.19712570467061097,0.3360429380784399,0.1971257046706109,0.030242595859366395
10,0.007864965151740646,0.004962887510019094,0.007864965151740646,0.026255375470550187,0.00258710204054911,0.0599410978435839,960,4,0.0036363951874489515,0.9176618738544009,0.02185741487117846,0.04202684894689568,0.16852472379527217,0.32191521252679467,0.1685247237952721,0.042026848946895665,0.1685247237952722,0.580001079410265,0.5943427311828215,0.5800010794102649,0.16852472379527217,0.32191521252679484,0.5943427311828214,0.6005954023999012,0.5943427311828214,0.3219152125267946,0.16852472379527225,0.5800010794102649,0.5943427311828214,0.5800010794102649,0.16852472379527217,0.04202684894689563,0.1685247237952722,0.321915212526795,0.16852472379527214,0.04202684894689559
11,0.007507043918568422,0.00467534102787589,0.007507043918568422,0.025760710378699425,0.002391479602066652,0.05992873331488256,720,4,0.003921123020592716,0.9761362098971875,0.024005930687655812,0.04537879911452187,0.13962147793025675,0.3010153892386827,0.13962147793025673,0.04537879911452183,0.1396214779302568,0.6309079433788061,0.6516346069534448,0.630907943378806,0.13962147793025675,0.3010153892386829,0.6516346069534446,0.6604323789578175,0.6516346069534446,0.30101538923868265,0.13962147793025687,0.630907943378806,0.6516346069534446,0.630907943378806,0.13962147793025678,0.04537879911452188,0.1396214779302568,0.30101538923868315,0.13962147793025675,0.045378799114521834
12,0.0072106666550899486,0.004478652614433418,0.0072106666550899486,0.025270969783856678,0.002190480764520366,0.05991519317277932,720,4,0.004220390962233635,1.0357135848889463,0.026037810864484093,0.040751406042115634,0.11410602455202042,0.27581192811319805,0.1141060245520204,0.040751406042115586,0.11410602455202049,0.6786776124623277,0.7079635776885834,0.6786776124623276,0.1141060245520204,0.2758119281131982,0.7079635776885832,0.7200688667584683,0.7079635776885832,0.275811928113198,0.11410602455202051,0.6786776124623276,0.7079635776885832,0.6786776124623276,0.11410602455202044,0.0407514060421157,0.11410602455202047,0.27581192811319855,0.11410602455202043,0.040751406042115655
13,0.0069753077708777644,0.004332729149007834,0.0069753077708777644,0.02478779727627405,0.0019951420364028843,0.05990047795181578,960,4,0.004519280973322356,1.0959992194209984,0.027905008133980856,0.03245721575892316,0.09562548765956672,0.24870348612380597,0.09562548765956673,0.03245721575892312,0.0956254876595668,0.722500596111704,0.7630475224677781,0.7225005961117039,0.09562548765956669,0.24870348612380613,0.7630475224677779,0.779400231196295,0.7630475224677779,0.24870348612380588,0.0956254876595668,0.7225005961117039,0.7630475224677779,0.7225005961117039,0.09562548765956674,0.03245721575892322,0.09562548765956676,0.24870348612380647,0.09562548765956673,0.0324572157589232
14,0.006792750192344719,0.004209535276907939,0.006792750192344719,0.024313207509476572,0.0018135292113700494,0.05988458823292369,720,4,0.004803490193399569,1.1559391738910874,0.0295612408664706,0.02613728823272747,0.08651006903887562,0.22213721538616873,0.08651006903887566,0.026137288232727464,0.08651006903887569,0.7614993492963124,0.8165426624659324,0.7614993492963122,0.08651006903887556,0.2221372153861689,0.8165426624659322,0.8382889833650125,0.8165426624659322,0.22213721538616865,0.08651006903887566,0.7614993492963122,0.8165426624659322,0.7614993492963122,0.08651006903887562,0.02613728823272749,0.08651006903887562,0.2221372153861692,0.0865100690388756,0.02613728823272749
15,0.006652408807806717,0.004110845865237148,0.006652408807806717,0.023849519464345718,0.0016503015648725466,0.05986752464340193,720,4,0.005063174923842306,1.2142228625238904,0.031131526958347932,0.025701170130861564,0.08693647098741342,0.19854944519434833,0.08693647098741347,0.025701170130861584,0.08693647098741347,0.79481612543354,0.8680503266225175,0.7948161254335399,0.08693647098741333,0.1985494451943485,0.8680503266225172,0.8965676063576622,0.8680503266225172,0.19854944519434825,0.0869364709874134,0.7948161254335399,0.8680503266225172,0.79481612543354,0.08693647098741338,0.025701170130861522,0.08693647098741336,0.19854944519434875,0.08693647098741338,0.025701170130861532
16,0.006546421074868701,0.00403696460182314,0.006546421074868701,0.023399250471471924,0.0015103894327514172,0.0598492878568918,960,4,0.005293765692408025,1.2696567084656383,0.0329715840556347,0.030753400100643567,0.09539556425002058,0.18005726628274799,0.09539556425002063,0.030753400100643605,0.09539556425002062,0.8217255888622373,0.9171299088944797,0.8217255888622373,0.09539556425002048,0.18005726628274815,0.9171299088944794,0.9540437815338224,0.9171299088944794,0.1800572662827479,0.09539556425002052,0.8217255888622373,0.9171299088944794,0.8217255888622375,0.09539556425002049,0.03075340010064348,0.09539556425002048,0.18005726628274832,0.09539556425002049,0.030753400100643487
17,0.006481355624197809,0.0040130655880393894,0.006481355624197809,0.02302038031217646,0.0014164025993029764,0.05982987859335041,720,4,0.005490017630120189,1.3195061819861882,0.034689145177562664,0.037460621105430685,0.10956200322830746,0.16803178295017124,0.1095620032283075,0.03746062110543072,0.10956200322830748,0.8417428819108271,0.9633160543844306,0.8417428819108271,0.10956200322830734,0.16803178295017138,0.9633160543844304,1.0,0.9633160543844304,0.16803178295017113,0.10956200322830738,0.8417428819108271,0.9633160543844304,0.8417428819108272,0.10956200322830734,0.0374606211054306,0.10956200322830732,0.16803178295017143,0.10956200322830734,0.037460621105430594
18,0.006486282286964856,0.004028988950895653,0.006486282286964856,0.02291297534680248,0.0014222261239591105,0.05980929761902224,960,4,0.005622138829105947,1.3532674888916676,0.03601119754599884,0.040959312383043706,0.12676436748131065,0.16284026455580367,0.1267643674813107,0.040959312383043706,0.12676436748131065,0.8547031750177075,1.0,0.8547031750177075,0.12676436748131054,0.16284026455580378,1.0,1.0,1.0,0.16284026455580353,0.12676436748131056,0.8547031750177077,1.0,0.8547031750177078,0.1267643674813105,0.04095931238304368,0.12676436748131048,0.1628402645558037,0.1267643674813105,0.04095931238304364
19,0.006495057180797169,0.004045835378656202,0.006495057180797169,0.022910682834049366,0.0014381895647084405,0.059787545746408925,960,4,0.005631039433826568,1.3599018077631662,0.035988866229370205,0.038607152053997805,0.1441763150120547,0.1639352459522201,0.14417631501205472,0.03860715205399777,0.14417631501205466,0.8608194179614345,1.0,0.8608194179614346,0.14417631501205458,0.16393524595222014,1.0,1.0,1.0,0.16393524595221992,0.1441763150120546,0.8608194179614347,1.0,0.8608194179614348,0.14417631501205452,0.03860715205399787,0.14417631501205452,0.16393524595221995,0.14417631501205452,0.03860715205399781
20,0.006495439118653152,0.004062166477927053,0.006495439118653152,0.022910752084900936,0.0014416371679813235,0.05976462383423716,720,4,0.005623654317704843,1.3632035375884208,0.03596772970030379,0.031586579757742136,0.15911241866876943,0.17032063814977258,0.15911241866876946,0.03158657975774209,0.1591124186687694,0.8606342914927888,1.0,0.8606342914927889,0.15911241866876932,0.17032063814977258,1.0,1.0,1.0,0.17032063814977239,0.15911241866876938,0.860634291492789,1.0,0.8606342914927891,0.1591124186687693,0.031586579757742254,0.15911241866876927,0.1703206381497723,0.15911241866876927,0.031586579757742206
21,0.006487020112477649,0.004071088967129385,0.006487020112477649,0.022912928173983296,0.0014314002982836168,0.05974053278742476,720,4,0.005602025697471308,1.36301010704309,0.035950695259849334,0.02371470075624519,0.16942573296505636,0.18063866640894172,0.16942573296505636,0.023714700756245148,0.16942573296505634,0.8548280072502044,1.0,0.8548280072502045,0.16942573296505625,0.18063866640894166,1.0,1.0,1.0,0.1806386664089415,0.16942573296505634,0.8548280072502046,1.0,0.8548280072502047,0.16942573296505622,0.02371470075624529,0.1694257329650562,0.18063866640894133,0.1694257329650562,0.023714700756245263
22,0.006469515464102032,0.004072379892081334,0.006469515464102032,0.0229169256710777,0.0014064888262239827,0.05971527355704503,960,4,0.005567364704003626,1.3593213789157967,0.0359401966682747,0.019311062623187818,0.17392509752842197,0.19335756199876275,0.17392509752842195,0.019311062623187804,0.17392509752842195,0.844162159938637,1.0,0.8441621599386371,0.17392509752842186,0.19335756199876267,1.0,1.0,1.0,0.19335756199876253,0.17392509752842197,0.8441621599386372,1.0,0.8441621599386373,0.17392509752842186,0.01931106262318783,0.17392509752842183,0.1933575619987623,0.1739250975284218,0.019311062623187828
23,0.006444338315872593,0.004069543687871033,0.006444338315872593,0.022922443876251065,0.0013680900077888678,0.05968884714028912,960,4,0.005521815502741673,1.3523902654158804,0.03593793524317922,0.02052983246139933,0.17251422332858962,0.20689612585729125,0.17251422332858957,0.020529832461399347,0.1725142233285896,0.8294390742492407,1.0,0.8294390742492408,0.1725142233285895,0.20689612585729117,1.0,1.0,1.0,0.20689612585729103,0.17251422332858965,0.8294390742492409,1.0,0.829439074249241,0.17251422332858954,0.02052983246139925,0.1725142233285895,0.20689612585729078,0.17251422332858946,0.02052983246139926
24,0.00641550737559215,0.004061596653096949,0.00641550737559215,0.02292917621327775,0.0013212112440550094,0.05966125458042672,720,4,0.005469564094602005,1.3427504440984053,0.03594483993676606,0.026172085478759856,0.1660180256746806,0.21973576231145975,0.16601802567468052,0.02617208547875989,0.16601802567468057,0.8114767412340639,1.0,0.811476741234064,0.1660180256746805,0.21973576231145966,1.0,1.0,1.0,0.21973576231145953,0.16601802567468063,0.8114767412340641,1.0,0.8114767412340642,0.16601802567468052,0.026172085478759738,0.16601802567468052,0.21973576231145933,0.16601802567468044,0.026172085478759745
25,0.006388002359060555,0.004051624739391099,0.006388002359060555,0.022936815227659016,0.0012733892408437835,0.05963249696676485,960,4,0.005415405221900373,1.331092357787938,0.03596105512917404,0.03279689026944392,0.15590260699791433,0.23055142634552944,0.15590260699791425,0.03279689026944395,0.1559026069979143,0.7910954821830324,1.0,0.7910954821830325,0.15590260699791422,0.2305514263455294,1.0,1.0,1.0,0.23055142634552922,0.15590260699791436,0.7910954821830326,1.0,0.7910954821830327,0.15590260699791425,0.03279689026944383,0.15590260699791428,0.2305514263455291,0.1559026069979142,0.032796890269443824
26,0.006365449237068695,0.004038372899669928,0.006365449237068695,0.022945055680816756,0.0012317463267865368,0.05960257543460484,720,4,0.005362590138462391,1.3181201960182738,0.035985877060340926,0.03674328350273087,0.1440362894887268,0.23835240363731844,0.1440362894887267,0.036743283502730865,0.14403628948872677,0.7691096911886036,1.0,0.7691096911886037,0.14403628948872668,0.2383524036373184,1.0,1.0,1.0,0.23835240363731824,0.14403628948872682,0.7691096911886038,1.0,0.769109691188604,0.1440362894887267,0.03674328350273086,0.14403628948872677,0.23835240363731824,0.14403628948872668,0.03674328350273083
27,0.006349395477462476,0.004021942276366029,0.006349395477462476,0.022953597968194437,0.001201073124089536,0.05957149116519758,960,4,0.005312170302224114,1.304536459463634,0.03601773296446037,0.036377575486404204,0.13247649016793556,0.24258878499843473,0.1324764901679355,0.03637757548640417,0.13247649016793553,0.7463187143659449,1.0,0.746318714365945,0.13247649016793545,0.24258878499843473,1.0,1.0,1.0,0.24258878499843456,0.13247649016793558,0.7463187143659451,1.0,0.7463187143659452,0.13247649016793547,0.036377575486404266,0.13247649016793553,0.24258878499843467,0.13247649016793547,0.036377575486404225
28,0.006339658403723584,0.004008518581505858,0.006339658403723584,0.022962153028069303,0.0011828843851038459,0.05953924538569677,720,4,0.005263933836720465,1.2910604338223604,0.03605433863121785,0.032931305256071096,0.12319398811809948,0.24318194045401892,0.12319398811809947,0.03293130525607106,0.12319398811809948,0.7234937549591219,1.0,0.723493754959122,0.12319398811809938,0.24318194045401897,1.0,1.0,1.0,0.2431819404540188,0.1231939881180995,0.7234937549591222,1.0,0.7234937549591223,0.12319398811809942,0.032931305256071186,0.12319398811809947,0.24318194045401903,0.12319398811809942,0.03293130525607115
29,0.006334645427943939,0.00399771039652491,0.006334645427943939,0.022970448960551674,0.001174892110450128,0.05950583936911058,720,4,0.00521753222268142,1.2783612060237992,0.03609305407482681,0.02936489250644085,0.11771613927137442,0.2404750978512834,0.11771613927137445,0.029364892506440837,0.11771613927137445,0.7013602190884003,1.0,0.7013602190884004,0.11771613927137435,0.2404750978512835,1.0,1.0,1.0,0.24047509785128332,0.11771613927137445,0.7013602190884005,1.0,0.7013602190884006,0.11771613927137438,0.029364892506440907,0.1177161392713744,0.24047509785128365,0.11771613927137439,0.029364892506440893
30,0.006332301933078057,0.003988616916610606,0.006332301933078057,0.02297823880595258,0.00117281843037719,0.05947127443425135,960,4,0.0051732717307449464,1.2669808187317813,0.036131297315136736,0.028322390968376337,0.11681483935997791,0.2351341082012685,0.11681483935997797,0.02832239096837634,0.11681483935997795,0.680576969435748,1.0,0.6805769694357481,0.11681483935997786,0.23513410820126865,1.0,1.0,1.0,0.23513410820126845,0.11681483935997793,0.6805769694357482,1.0,0.6805769694357483,0.11681483935997788,0.02832239096837631,0.11681483935997788,0.23513410820126887,0.11681483935997788,0.028322390968376313
31,0.006331584134291971,0.0039808537102419056,0.006331584134291971,0.022985308330685676,0.0011739135145084712,0.05943555194568351,960,4,0.005132543725811485,1.2573159163490033,0.03616684342727189,0.03034722298631068,0.12039818624044817,0.22803298539157782,0.12039818624044825,0.030347222986310686,0.12039818624044824,0.6617155571908833,1.0,0.6617155571908834,0.12039818624044812,0.22803298539157799,1.0,1.0,1.0,0.2280329853915778,0.12039818624044818,0.6617155571908835,1.0,0.6617155571908836,0.12039818624044815,0.030347222986310585,0.12039818624044814,0.22803298539157826,0.12039818624044815,0.030347222986310596
32,0.00633274156128831,0.003979201972531985,0.00633274156128831,0.022991482677799477,0.0011780396062245643,0.059398673313669756,720,4,0.00509746216965813,1.2496045714396773,0.03619796205678029,0.03367968569538915,0.12762386148818114,0.2201425467691842,0.12762386148818122,0.03367968569538916,0.1276238614881812,0.6452424807588532,1.0,0.6452424807588532,0.12762386148818108,0.22014254676918438,1.0,1.0,1.0,0.22014254676918418,0.12762386148818114,0.6452424807588533,1.0,0.6452424807588534,0.1276238614881811,0.03367968569538905,0.12762386148818108,0.22014254676918465,0.12762386148818108,0.03367968569538905
33,0.006336159336414166,0.0039871942215308955,0.006336159336414166,0.022996631121975,0.0011855879459908526,0.05936063999411533,720,4,0.005069878412999228,1.2438893904539325,0.03622346050962966,0.03561383496846748,0.1371265777349014,0.21242492676312197,0.13712657773490144,0.03561383496846747,0.13712657773490144,0.6315065003985805,1.0,0.6315065003985805,0.13712657773490133,0.21242492676312213,1.0,1.0,1.0,0.21242492676312194,0.1371265777349014,0.6315065003985806,1.0,0.6315065003985806,0.13712657773490133,0.035613834968467435,0.1371265777349013,0.21242492676312238,0.1371265777349013,0.03561383496846741
34,0.006341459608664292,0.003996416475861411,0.006341459608664292,0.0230006693636821,0.0011957219166413976,0.05932145348851057,960,4,0.005050615337401274,1.240028396601358,0.03624268955217845,0.034450953598995214,0.14727194217046813,0.20573426990898996,0.14727194217046816,0.03445095359899519,0.14727194217046816,0.620732517947815,1.0,0.6207325179478149,0.14727194217046807,0.2057342699089901,1.0,1.0,1.0,0.2057342699089899,0.14727194217046813,0.620732517947815,1.0,0.620732517947815,0.14727194217046805,0.03445095359899525,0.14727194217046802,0.2057342699089903,0.14727194217046802,0.0344509535989952
35,0.00634751492314637,0.00400738273563755,0.00634751492314637,0.02300355904159164,0.0012064550520345357,0.0592811153438716,720,4,0.005039188776316287,1.2377598219568007,0.03625550915321826,0.030693972573856323,0.1564184000833696,0.20073101534325274,0.1564184000833696,0.030693972573856296,0.1564184000833696,0.6130228777597818,1.0,0.6130228777597817,0.15641840008336955,0.20073101534325286,1.0,1.0,1.0,0.20073101534325266,0.1564184000833696,0.6130228777597818,1.0,0.6130228777597818,0.15641840008336952,0.030693972573856403,0.15641840008336946,0.20073101534325297,0.15641840008336946,0.030693972573856355
36,0.006352663385316914,0.004016258358695367,0.006352663385316914,0.02300530467611875,0.0012151484172582305,0.05923962715267932,720,4,0.005033873066681694,1.2367580811074854,0.03626219574236805,0.02661776289884928,0.16318196402770774,0.1978224637396399,0.1631819640277077,0.026617762898849248,0.1631819640277077,0.6083655205398197,1.0,0.6083655205398196,0.16318196402770765,0.19782246373964,1.0,1.0,1.0,0.1978224637396398,0.1631819640277077,0.6083655205398197,1.0,0.6083655205398197,0.16318196402770763,0.026617762898849342,0.1631819640277076,0.19782246373964,0.16318196402770757,0.02661776289884931
37,0.006355168160085229,0.004021348226946339,0.006355168160085229,0.02300594873456032,0.001219208012842658,0.059196990552816464,960,4,0.00503243605699057,1.2366965123694318,0.0362633070204126,0.02469112429048774,0.16666111052579263,0.1971392392026524,0.1666611105257926,0.024691124290487726,0.16666111052579263,0.6066471480486634,1.0,0.6066471480486633,0.16666111052579255,0.19713923920265244,1.0,1.0,1.0,0.19713923920265225,0.16666111052579263,0.6066471480486634,1.0,0.6066471480486634,0.16666111052579255,0.024691124290487736,0.16666111052579252,0.19713923920265233,0.1666611105257925,0.02469112429048773
38,0.00635417421204472,0.004022429742550032,0.00635417421204472,0.02300556574367061,0.0012174140636182493,0.059153207227503,720,4,0.005033480945521827,1.2373374179145125,0.036259551393766055,0.025880357301373332,0.1665595766118642,0.19854803246321218,0.16655957661186419,0.02588035730137334,0.1665595766118642,0.6076689291453695,1.0,0.6076689291453694,0.16655957661186413,0.1985480324632122,1.0,1.0,1.0,0.198548032463212,0.1665595766118642,0.6076689291453695,1.0,0.6076689291453695,0.16655957661186416,0.025880357301373263,0.16655957661186413,0.198548032463212,0.1665595766118641,0.025880357301373273
39,0.00635024239682033,0.0040193175984123315,0.00635024239682033,0.02300425635803268,0.0012106396552818298,0.05910827890522964,720,4,0.005037140324816868,1.2385828398542225,0.03625169722678326,0.02909226979938484,0.163183141461349,0.20169258708431548,0.16318314146134896,0.02909226979938485,0.163183141461349,0.6111623241685897,1.0,0.6111623241685896,0.1631831414613489,0.2016925870843155,1.0,1.0,1.0,0.2016925870843153,0.163183141461349,0.6111623241685896,1.0,0.6111623241685896,0.16318314146134894,0.02909226979938474,0.1631831414613489,0.20169258708431526,0.16318314146134888,0.02909226979938475
40,0.006344792241252286,0.004012622189860792,0.006344792241252286,0.023002141936230958,0.0012010531051319588,0.059062207359689624,720,4,0.005044397712547081,1.2404389154234792,0.03624052271115273,0.03207817588990704,0.1573386037039295,0.20605249953331006,0.15733860370392944,0.03207817588990704,0.1573386037039295,0.6168035549406371,1.0,0.616803554940637,0.1573386037039294,0.2060524995333101,1.0,1.0,1.0,0.2060524995333099,0.1573386037039295,0.616803554940637,1.0,0.616803554940637,0.15733860370392944,0.03207817588990697,0.1573386037039294,0.2060524995333098,0.15733860370392938,0.03207817588990696
41,0.006339255295526553,0.004001633385240995,0.006339255295526553,0.022999359691053115,0.0011909456292089188,0.05901499440970867,960,4,0.005055951631068007,1.2429554985352778,0.036226791459307954,0.03304847907613019,0.15017553409196382,0.2110117974454418,0.15017553409196377,0.03304847907613016,0.15017553409196382,0.6242265435333016,1.0,0.6242265435333015,0.15017553409196374,0.21101179744544182,1.0,1.0,1.0,0.21101179744544163,0.15017553409196382,0.6242265435333014,1.0,0.6242265435333014,0.15017553409196377,0.03304847907613019,0.15017553409196377,0.21101179744544157,0.1501755340919637,0.03304847907613016
42,0.006334638494781314,0.003991196319923296,0.006334638494781314,0.022996058240289156,0.0011820723335771869,0.0589666419191732,960,4,0.005071637344538371,1.2461878181887411,0.03621124762319999,0.03188322649824804,0.14299084204794174,0.21593173627483028,0.14299084204794169,0.031883226498248,0.14299084204794174,0.6330347824861057,1.0,0.6330347824861056,0.14299084204794169,0.21593173627483028,1.0,1.0,1.0,0.2159317362748301,0.14299084204794174,0.6330347824861055,1.0,0.6330347824861055,0.14299084204794169,0.031883226498248096,0.1429908420479417,0.2159317362748301,0.14299084204794166,0.03188322649824805
43,0.006331278308699134,0.003982963041284779,0.006331278308699134,0.02299239335030531,0.0011751152100852088,0.05891715179695677,960,4,0.005090434310634231,1.2501481790127866,0.036194632203557765,0.030030250040309174,0.1370041568160922,0.22022259950875256,0.13700415681609215,0.03003025004030915,0.1370041568160922,0.6428126910366283,1.0,0.6428126910366282,0.13700415681609215,0.22022259950875256,1.0,1.0,1.0,0.22022259950875236,0.1370041568160922,0.6428126910366281,1.0,0.6428126910366281,0.13700415681609215,0.03003025004030924,0.13700415681609218,0.22022259950875242,0.13700415681609213,0.0300302500403092
44,0.0063288519082284325,0.003979740967910026,0.0063288519082284325,0.02298852363515505,0.0011696012508134906,0.058866525996844644,720,4,0.005110809012648195,1.2547528504883028,0.036177710875474695,0.029266407945993993,0.133132750786834,0.2234081718099417,0.13313275078683398,0.029266407945994,0.133132750786834,0.6531370902217856,1.0,0.6531370902217855,0.13313275078683398,0.22340817180994174,1.0,1.0,1.0,0.22340817180994155,0.133132750786834,0.6531370902217853,1.0,0.6531370902217853,0.13313275078683395,0.029266407945994007,0.13313275078683398,0.22340817180994166,0.13313275078683395,0.029266407945994
45,0.006326912423346656,0.003982823456548363,0.006326912423346656,0.022984606010262247,0.0011648803557570001,0.058814766517456735,960,4,0.005131288172796425,1.2598108655583717,0.03616128523454415,0.03029509823246611,0.13182496861903167,0.22517567127908084,0.13182496861903167,0.030295098232466136,0.13182496861903167,0.6635893326449593,1.0,0.6635893326449592,0.13182496861903165,0.22517567127908086,1.0,1.0,1.0,0.22517567127908067,0.13182496861903167,0.6635893326449591,1.0,0.6635893326449591,0.13182496861903162,0.030295098232466056,0.13182496861903165,0.22517567127908086,0.13182496861903165,0.030295098232466074
46,0.006325389371450662,0.003988450038240922,0.006325389371450662,0.022980790827431118,0.0011610506415507642,0.05876187540216865,720,4,0.005150890151467554,1.2650520517714026,0.036146161617269176,0.032259454590311626,0.1330061793012778,0.22540495155756135,0.13300617930127784,0.032259454590311654,0.13300617930127784,0.673768281963938,1.0,0.6737682819639379,0.13300617930127778,0.2254049515575614,1.0,1.0,1.0,0.2254049515575612,0.13300617930127784,0.6737682819639378,1.0,0.6737682819639378,0.13300617930127778,0.03225945459031155,0.13300617930127778,0.22540495155756146,0.1330061793012778,0.03225945459031156
47,0.006324503268026765,0.003993772579146037,0.006324503268026765,0.022977216750540944,0.0011587130565017944,0.058707854739031076,720,4,0.0051691302768001775,1.2701661208632675,0.03613307830625796,0.03350142314542972,0.13614502990649968,0.22417371777513587,0.13614502990649976,0.03350142314542972,0.13614502990649974,0.683303983756317,1.0,0.6833039837563168,0.13614502990649965,0.22417371777513595,1.0,1.0,1.0,0.22417371777513576,0.13614502990649974,0.6833039837563167,1.0,0.6833039837563167,0.13614502990649968,0.03350142314542967,0.13614502990649968,0.22417371777513606,0.1361450299064997,0.03350142314542966
48,0.006324467145481712,0.003998028686221922,0.006324467145481712,0.022974005600102397,0.0011583069854619876,0.058652706660687275,960,4,0.0051857889053330206,1.2748523354163097,0.036122615921855145,0.03291829634398809,0.14040394633211506,0.22173893801705755,0.14040394633211514,0.03291829634398805,0.14040394633211511,0.6918714193542793,1.0,0.6918714193542792,0.140403946332115,0.22173893801705763,1.0,1.0,1.0,0.22173893801705744,0.14040394633211511,0.6918714193542791,1.0,0.6918714193542792,0.14040394633211506,0.032918296343988095,0.14040394633211506,0.2217389380170578,0.1404039463321151,0.032918296343988046
49,0.00632532172737911,0.004000880735696212,0.00632532172737911,0.022971257593293902,0.0011598042003937027,0.05859643334428896,720,4,0.005200632146716276,1.278863984410132,0.0361151189220362,0.030834563872605584,0.14482645482757026,0.21849753165433555,0.14482645482757034,0.030834563872605532,0.14482645482757034,0.6992032048209342,1.0,0.6992032048209341,0.1448264548275702,0.21849753165433564,1.0,1.0,1.0,0.21849753165433544,0.14482645482757034,0.699203204820934,1.0,0.6992032048209341,0.14482645482757026,0.030834563872605626,0.14482645482757026,0.2184975316543358,0.14482645482757028,0.03083456387260557
50,0.0063267873845828295,0.004002968062145762,0.0063267873845828295,0.022969047499687395,0.001162543094000052,0.05853903701141031,960,4,0.005213170951699823,1.2820184114729487,0.03611064724174889,0.028708358107530085,0.14852311225896256,0.2149313236453127,0.14852311225896261,0.028708358107530047,0.14852311225896261,0.7050998473791871,1.0,0.705099847379187,0.1485231122589625,0.21493132364531278,1.0,1.0,1.0,0.2149313236453126,0.14852311225896261,0.705099847379187,1.0,0.7050998473791871,0.14852311225896253,0.028708358107530113,0.14852311225896253,0.21493132364531292,0.14852311225896253,0.028708358107530082
51,0.0063282874974639365,0.004005142082961385,0.0063282874974639365,0.02296742217707108,0.0011653619598156794,0.058480519927960266,720,4,0.0052227319911027515,1.284192371225552,0.03610896920796389,0.027969493376145578,0.1508275682121131,0.21154243627588384,0.15082756821211313,0.027969493376145575,0.15082756821211313,0.7094363203433688,1.0,0.7094363203433687,0.15082756821211302,0.21154243627588393,1.0,1.0,1.0,0.21154243627588376,0.15082756821211313,0.7094363203433687,1.0,0.7094363203433688,0.15082756821211304,0.02796949337614556,0.15082756821211302,0.21154243627588404,0.15082756821211302,0.027969493376145564
52,0.006329292644853804,0.004005847527832615,0.006329292644853804,0.02296639977795277,0.00116723575317376,0.05842088440409308,720,4,0.0052288685289791845,1.2853335570872129,0.03610960041323959,0.02892900211414078,0.15140070725930002,0.2087864993474518,0.15140070725930002,0.028929002114140803,0.15140070725930002,0.712164181263168,1.0,0.7121641812631679,0.15140070725929994,0.2087864993474519,1.0,1.0,1.0,0.20878649934745172,0.15140070725930002,0.7121641812631679,1.0,0.712164181263168,0.15140070725929994,0.028929002114140727,0.1514007072592999,0.20878649934745194,0.15140070725929988,0.02892900211414074
53,0.006329589933090579,0.004004774989073616,0.006329589933090579,0.022965970669712246,0.0011677427672307375,0.058360132794117135,960,4,0.005231607052453812,1.2854752229781041,0.03611188421706073,0.03063424850588856,0.15026959480482638,0.20701218890024914,0.15026959480482635,0.030634248505888587,0.15026959480482635,0.7133091185008067,1.0,0.7133091185008066,0.1502695948048263,0.20701218890024925,1.0,1.0,1.0,0.20701218890024908,0.15026959480482635,0.7133091185008066,1.0,0.7133091185008067,0.15026959480482627,0.030634248505888514,0.15026959480482627,0.20701218890024922,0.1502695948048262,0.03063424850588851
54,0.006329241496051878,0.0040014812322800965,0.006329241496051878,0.022966099906711605,0.0011669971338326064,0.05829826749640197,720,4,0.005231274763482925,1.2847366347056348,0.03611510020155202,0.03172218110916483,0.14779871072618048,0.20641572267411157,0.14779871072618042,0.03172218110916483,0.14779871072618045,0.7129643573819691,1.0,0.712964357381969,0.1477987107261804,0.20641572267411168,1.0,1.0,1.0,0.2064157226741115,0.14779871072618045,0.712964357381969,1.0,0.7129643573819691,0.14779871072618037,0.031722181109164825,0.14779871072618037,0.2064157226741116,0.14779871072618028,0.03172218110916479
55,0.006328471848968172,0.0039964932073604355,0.006328471848968172,0.022966730977643245,0.0011654573399731685,0.0582352909532836,960,4,0.005228228906658084,1.2833137835559738,0.03611858205146743,0.031527597865166616,0.14460013160745833,0.20701730217569034,0.14460013160745824,0.03152759786516658,0.14460013160745827,0.7112806639176559,1.0,0.7112806639176559,0.14460013160745824,0.20701730217569042,1.0,1.0,1.0,0.20701730217569025,0.14460013160745827,0.7112806639176559,1.0,0.711280663917656,0.1446001316074582,0.031527597865166644,0.14460013160745822,0.20701730217569028,0.1446001316074581,0.031527597865166596
56,0.006327552309676328,0.003991149908609775,0.006327552309676328,0.022967790468072305,0.0011636847523441081,0.05817120565096811,720,4,0.005222751583128967,1.281450588929421,0.03612182631773629,0.03053662745819656,0.14139706582169737,0.2086630989475733,0.14139706582169728,0.030536627458196523,0.1413970658216973,0.708453906430256,1.0,0.7084539064302561,0.14139706582169728,0.20866309894757334,1.0,1.0,1.0,0.20866309894757318,0.1413970658216973,0.7084539064302561,1.0,0.7084539064302562,0.14139706582169723,0.030536627458196602,0.14139706582169725,0.20866309894757318,0.14139706582169717,0.030536627458196557
57,0.006326639889035402,0.003988051821385449,0.006326639889035402,0.02296919321738037,0.0011620015861635925,0.05810601411943351,720,4,0.00521509134836851,1.2793836501941616,0.03612457398123552,0.029854577873303364,0.13886523066163234,0.21105231287483764,0.13886523066163228,0.029854577873303347,0.1388652306616323,0.7047112975260174,1.0,0.7047112975260175,0.13886523066163226,0.21105231287483767,1.0,1.0,1.0,0.2110523128748375,0.13886523066163228,0.7047112975260175,1.0,0.7047112975260176,0.13886523066163223,0.029854577873303378,0.13886523066163226,0.2110523128748375,0.13886523066163217,0.029854577873303367
58,0.006325761705808859,0.0039877218583222445,0.006325761705808859,0.022970847530310923,0.0011604570406122865,0.058039718932329835,960,4,0.00520560033854278,1.2772897034849706,0.03612684568588638,0.03019895653983931,0.1374881053900243,0.21378530580243882,0.1374881053900243,0.030198956539839318,0.1374881053900243,0.7002974895584656,1.0,0.7002974895584657,0.13748810539002423,0.21378530580243885,1.0,1.0,1.0,0.21378530580243865,0.13748810539002426,0.7002974895584657,1.0,0.7002974895584658,0.1374881053900242,0.030198956539839276,0.13748810539002423,0.21378530580243868,0.13748810539002418,0.03019895653983929
59,0.006324948189412424,0.003989814107849206,0.006324948189412424,0.022972660034116077,0.0011591023662316886,0.057972322706877556,720,4,0.00519484720866436,1.2752639132431312,0.036128914981217834,0.03129363431790362,0.1374646154788208,0.21642609225020795,0.13746461547882083,0.031293634317903635,0.13746461547882083,0.6954616146172113,1.0,0.6954616146172115,0.13746461547882075,0.21642609225020798,1.0,1.0,1.0,0.21642609225020776,0.1374646154788208,0.6954616146172115,1.0,0.6954616146172116,0.13746461547882075,0.03129363431790356,0.13746461547882077,0.2164260922502078,0.13746461547882075,0.03129363431790358
60,0.006324273202090024,0.003992809505823246,0.006324273202090024,0.022974539884473226,0.0011580749349424386,0.057903828103764265,960,4,0.005183564764414226,1.2733298409104412,0.036131218543146416,0.03215993576684117,0.1386921319945464,0.21857028086752525,0.13869213199454644,0.03215993576684116,0.13869213199454647,0.6904460610430387,1.0,0.6904460610430389,0.13869213199454636,0.2185702808675253,1.0,1.0,1.0,0.21857028086752506,0.13869213199454644,0.6904460610430389,1.0,0.690446061043039,0.13869213199454639,0.03215993576684112,0.13869213199454639,0.21857028086752517,0.13869213199454639,0.03215993576684111
61,0.006323810434790392,0.0039951453151497165,0.006323810434790392,0.02297640219362774,0.0011574971234361655,0.0578342378270396,720,4,0.005172494995434369,1.271472812270151,0.03613422362148861,0.032004330463074,0.14082056868524778,0.2199079642229661,0.1408205686852478,0.03200433046307397,0.14082056868524784,0.6854773244758804,1.0,0.6854773244758805,0.14082056868524773,0.21990796422296616,1.0,1.0,1.0,0.2199079642229659,0.1408205686852478,0.6854773244758805,1.0,0.6854773244758806,0.14082056868524775,0.032004330463074,0.14082056868524775,0.21990796422296607,0.14082056868524778,0.03200433046307396
62,0.006323616352071449,0.003996518501771242,0.006323616352071449,0.0229781706949045,0.0011574369522216097,0.05776355462400853,720,4,0.005162249936795301,1.2696773495143248,0.036138287759481635,0.030907467856182,0.14335240214781086,0.22027087945195953,0.14335240214781092,0.030907467856181963,0.14335240214781095,0.6807588963139071,1.0,0.6807588963139072,0.1433524021478108,0.2202708794519596,1.0,1.0,1.0,0.22027087945195936,0.14335240214781092,0.6807588963139072,1.0,0.6807588963139073,0.14335240214781084,0.030907467856182032,0.14335240214781084,0.22027087945195956,0.1433524021478109,0.03090746785618198
63,0.0063236843918996,0.003997516762884711,0.0063236843918996,0.0229797797283833,0.0011578467277468404,0.05769178128512289,960,4,0.005153217367894889,1.2679434488774342,0.03614354602905574,0.029723820475936275,0.14575823373019783,0.2196554237309045,0.1457582337301979,0.029723820475936257,0.1457582337301979,0.6764659639409016,1.0,0.6764659639409017,0.14575823373019775,0.21965542373090458,1.0,1.0,1.0,0.21965542373090433,0.1457582337301979,0.6764659639409017,1.0,0.6764659639409019,0.14575823373019778,0.029723820475936306,0.14575823373019778,0.21965542373090458,0.14575823373019783,0.029723820475936268
64,0.0063239142884275144,0.003998289656462541,0.0063239142884275144,0.022981175644921567,0.001158527151587558,0.05761892064387119,720,4,0.0051455825510774164,1.2662846817608953,0.036149849673102565,0.02932200250262849,0.1475838408420888,0.21821764024591492,0.14758384084208884,0.029322002502628494,0.14758384084208884,0.6727416638132834,1.0,0.6727416638132835,0.14758384084208873,0.218217640245915,1.0,1.0,1.0,0.21821764024591478,0.14758384084208884,0.6727416638132835,1.0,0.6727416638132836,0.14758384084208873,0.029322002502628484,0.14758384084208873,0.21821764024591503,0.14758384084208875,0.029322002502628473
65,0.0063241854225573515,0.003998531024430538,0.0063241854225573515,0.022982317708576023,0.0011592559286179986,0.057544975576666796,960,4,0.005139471683573782,1.2647287136192011,0.03615676560198841,0.029858561975306258,0.14853302474842084,0.216241631527575,0.14853302474842084,0.029858561975306272,0.14853302474842084,0.6696946739445065,1.0,0.6696946739445065,0.14853302474842073,0.21624163152757508,1.0,1.0,1.0,0.2162416315275749,0.14853302474842084,0.6696946739445065,1.0,0.6696946739445067,0.14853302474842073,0.029858561975306213,0.14853302474842073,0.21624163152757514,0.14853302474842073,0.029858561975306223
66,0.006324422661048228,0.003997824590355572,0.006324422661048228,0.022983178564834394,0.0011598929915317075,0.05746994900273435,720,4,0.005135029232556174,1.2633239774012226,0.03616363464051149,0.030716279878759353,0.1485156754083754,0.21408742799772887,0.1485156754083754,0.030716279878759353,0.1485156754083754,0.6673979658474729,1.0,0.6673979658474729,0.14851567540837532,0.21408742799772895,1.0,1.0,1.0,0.21408742799772879,0.1485156754083754,0.6673979658474729,1.0,0.667397965847473,0.14851567540837532,0.0307162798787593,0.14851567540837532,0.21408742799772904,0.14851567540837526,0.030716279878759304
67,0.006324587467606986,0.003995537964906338,0.006324587467606986,0.022983744335785216,0.001160361283850478,0.057393843883994516,960,4,0.00513234282595971,1.2621456486658431,0.03616967842979425,0.031114241780216496,0.14765325384696776,0.21212743210410198,0.14765325384696776,0.031114241780216483,0.14765325384696776,0.6658885526295512,1.0,0.6658885526295512,0.1476532538469677,0.21212743210410206,1.0,1.0,1.0,0.21212743210410193,0.14765325384696776,0.6658885526295512,1.0,0.6658885526295513,0.14765325384696767,0.031114241780216472,0.14765325384696767,0.21212743210410218,0.1476532538469676,0.031114241780216458
68,0.006324670134132723,0.003992003195780292,0.006324670134132723,0.02298401438074138,0.001160635219141823,0.05731666322494708,960,4,0.0051313525026939096,1.2612939440587085,0.03617413779111262,0.030804825902783356,0.1462387348621515,0.2106822896971994,0.1462387348621515,0.03080482590278334,0.1462387348621515,0.6651681301577581,1.0,0.6651681301577581,0.14623873486215147,0.2106822896971995,1.0,1.0,1.0,0.21068228969719938,0.1462387348621515,0.6651681301577581,1.0,0.6651681301577582,0.14623873486215141,0.03080482590278338,0.14623873486215141,0.21068228969719957,0.14623873486215133,0.03080482590278334
69,0.006324674952883881,0.003988478746668085,0.006324674952883881,0.022984000716924073,0.0011607088291288859,0.0572384100725523,720,4,0.005131847579285305,1.2608736992298932,0.03617641787162904,0.03023222391654941,0.1446577314599308,0.2099673684411354,0.1446577314599308,0.03023222391654939,0.1446577314599308,0.6652046252500131,1.0,0.665204625250013,0.1446577314599308,0.20996736844113548,1.0,1.0,1.0,0.20996736844113537,0.1446577314599308,0.665204625250013,1.0,0.6652046252500131,0.14465773145993074,0.03023222391654944,0.14465773145993072,0.2099673684411355,0.14465773145993066,0.0302322239165494
70,0.006324589864342329,0.00398638410166279,0.006324589864342329,0.022983727044725115,0.0011605392237302545,0.057159087516110645,720,4,0.005133543807042893,1.2609573715020996,0.03617620997878784,0.03005121102927019,0.14328988481344637,0.2100594263789646,0.14328988481344637,0.030051211029270178,0.14328988481344637,0.6659347984076829,1.0,0.6659347984076828,0.14328988481344637,0.2100594263789647,1.0,1.0,1.0,0.21005942637896458,0.14328988481344637,0.6659347984076828,1.0,0.6659347984076829,0.14328988481344634,0.030051211029270188,0.1432898848134463,0.21005942637896466,0.14328988481344626,0.030051211029270178
71,0.00632440698167595,0.00398642979822852,0.00632440698167595,0.02298322729978626,0.0011600997432217681,0.057078698687140814,720,4,0.005136191347144091,1.2615534026143183,0.036173561113070844,0.030490791757882017,0.1424181609823964,0.21088930990626487,0.1424181609823964,0.030490791757882007,0.1424181609823964,0.6672681080787354,1.0,0.6672681080787352,0.14241816098239637,0.21088930990626495,1.0,1.0,1.0,0.2108893099062648,0.1424181609823964,0.6672681080787352,1.0,0.6672681080787353,0.14241816098239637,0.030490791757881972,0.14241816098239632,0.21088930990626487,0.14241816098239632,0.030490791757881983
72,0.006324157595651944,0.003988124779167881,0.006324157595651944,0.022982543690690208,0.001159460870978466,0.05699724675925614,720,4,0.005139622172213407,1.2625972039228497,0.03616887271629773,0.03115846089758745,0.1421717898755501,0.21226134726341955,0.1421717898755501,0.031158460897587437,0.1421717898755501,0.6690919460965102,1.0,0.6690919460965099,0.14217178987555004,0.21226134726341964,1.0,1.0,1.0,0.21226134726341947,0.1421717898755501,0.66909194609651,1.0,0.66909194609651,0.14217178987555007,0.031158460897587392,0.14217178987555001,0.21226134726341953,0.14217178987555004,0.031158460897587406
73,0.006323898187119978,0.003990281524127263,0.006323898187119978,0.022981724266743206,0.0011587608070471466,0.05691473494803926,720,4,0.00514370299603456,1.2639666369243154,0.03616282808840071,0.03143850483493721,0.1425153458286782,0.2138949232742005,0.1425153458286782,0.03143850483493719,0.1425153458286782,0.6712781256369552,1.0,0.6712781256369549,0.1425153458286781,0.2138949232742006,1.0,1.0,1.0,0.21389492327420037,0.1425153458286782,0.671278125636955,1.0,0.671278125636955,0.14251534582867814,0.03143850483493718,0.1425153458286781,0.21389492327420045,0.14251534582867817,0.03143850483493717
74,0.006323686449446196,0.0039923878716401915,0.006323686449446196,0.02298082015683901,0.001158142523611494,0.05683116651091519,720,4,0.005148267184945834,1.2655126887454569,0.036156266433027454,0.031078722044204563,0.14327928268605747,0.21547974425197158,0.14327928268605747,0.031078722044204556,0.14327928268605747,0.6736902458566805,1.0,0.6736902458566801,0.14327928268605736,0.21547974425197164,1.0,1.0,1.0,0.2154797442519714,0.14327928268605747,0.6736902458566802,1.0,0.6736902458566802,0.14327928268605739,0.031078722044204588,0.1432792826860574,0.2154797442519715,0.14327928268605744,0.031078722044204546
75,0.006323561464352212,0.003994191068156368,0.006323561464352212,0.02297988268903176,0.0011577042803939113,0.05674654474702274,960,4,0.005153084121785595,1.2670872685842016,0.03615003323004033,0.030407739235737107,0.14421598345300524,0.21673406971083883,0.14421598345300526,0.03040773923573711,0.14421598345300526,0.6761913744379836,1.0,0.6761913744379833,0.14421598345300513,0.2167340697108389,1.0,1.0,1.0,0.2167340697108386,0.14421598345300526,0.6761913744379834,1.0,0.6761913744379834,0.14421598345300515,0.030407739235737148,0.1442159834530052,0.21673406971083875,0.1442159834530052,0.0304077392357371
76,0.006323519337857924,0.003995853298092284,0.006323519337857924,0.02297896061882565,0.001157453389878116,0.05666087299708426,960,4,0.005157882499519163,1.2685576383668802,0.036144838561282755,0.030002177571049633,0.14506400483697257,0.21745491015258653,0.1450640048369726,0.030002177571049636,0.1450640048369726,0.6786514402512499,1.0,0.6786514402512496,0.14506400483697246,0.21745491015258658,1.0,1.0,1.0,0.2174549101525863,0.1450640048369726,0.6786514402512497,1.0,0.6786514402512497,0.1450640048369725,0.03000217757104964,0.14506400483697254,0.2174549101525865,0.14506400483697252,0.030002177571049612
77,0.0063235253952557266,0.003997327477385212,0.0063235253952557266,0.022978097672020324,0.0011573300793936668,0.05657415464327375,960,4,0.005162424758246109,1.2698146400499997,0.036141149335936984,0.030148196438595135,0.14560767036018823,0.21755097986026933,0.14560767036018826,0.030148196438595128,0.14560767036018826,0.6809537873872646,1.0,0.6809537873872643,0.14560767036018815,0.2175509798602694,1.0,1.0,1.0,0.21755097986026914,0.14560767036018826,0.6809537873872644,1.0,0.6809537873872644,0.14560767036018815,0.030148196438595096,0.1456076703601882,0.21755097986026936,0.14560767036018815,0.0301481964385951
78,0.006323550584091423,0.003998139508168079,0.006323550584091423,0.02297733056938816,0.0011572760046553424,0.05648639310908332,720,4,0.005166560314840964,1.2707830730838627,0.036139132394993154,0.030612954916001682,0.14572307289851463,0.217052849421956,0.14572307289851466,0.03061295491600167,0.14572307289851463,0.6830004445381346,1.0,0.6830004445381342,0.14572307289851458,0.21705284942195605,1.0,1.0,1.0,0.21705284942195582,0.14572307289851463,0.6830004445381344,1.0,0.6830004445381344,0.14572307289851455,0.030612954916001637,0.14572307289851458,0.21705284942195607,0.14572307289851452,0.03061295491600164
79,0.006323582363061711,0.003997754491887775,0.006323582363061711,0.0229766876558761,0.0011572600452902399,0.056397591859188065,720,4,0.005170192634472435,1.2714330420387014,0.036138656078212816,0.03091632686997013,0.1454025635994508,0.21609947257561593,0.14540256359945083,0.030916326869970118,0.1454025635994508,0.6847157824905544,1.0,0.6847157824905542,0.14540256359945078,0.216099472575616,1.0,1.0,1.0,0.2160994725756158,0.1454025635994508,0.6847157824905543,1.0,0.6847157824905543,0.14540256359945075,0.030916326869970107,0.14540256359945075,0.21609947257561607,0.1454025635994507,0.0309163268699701
80,0.006323621011479003,0.003996141630934506,0.006323621011479003,0.02297618820186892,0.001157278532293836,0.05630775439930929,720,4,0.005173210522732666,1.2717855858335592,0.03613934824356515,0.030807197306952878,0.14475099837521704,0.21490490705705032,0.14475099837521707,0.030807197306952864,0.14475099837521704,0.6860483794881255,1.0,0.6860483794881254,0.14475099837521704,0.2149049070570504,1.0,1.0,1.0,0.21490490705705023,0.14475099837521704,0.6860483794881254,1.0,0.6860483794881255,0.144750998375217,0.030807197306952888,0.144750998375217,0.21490490705705048,0.14475099837521693,0.030807197306952864
81,0.006323670513946084,0.003993959662825678,0.006323670513946084,0.0229758423705074,0.001157338557169812,0.05621688427607608,720,4,0.005175465369249859,1.2719037559185233,0.03614069821479689,0.030475981156728348,0.1439525236846433,0.21371265846256435,0.14395252368464337,0.030475981156728338,0.1439525236846433,0.6869711102597671,1.0,0.686971110259767,0.14395252368464334,0.21371265846256446,1.0,1.0,1.0,0.2137126584625643,0.14395252368464334,0.686971110259767,1.0,0.6869711102597671,0.14395252368464329,0.03047598115672838,0.14395252368464326,0.21371265846256451,0.14395252368464323,0.030475981156728334
82,0.0063237203388984585,0.003992155931594618,0.0063237203388984585,0.022975651760579873,0.0011574190060106436,0.056124985076885306,960,4,0.005176814138666046,1.2718677889893053,0.036142179886428705,0.03032150224845063,0.14321639316387175,0.21274711887791306,0.1432163931638718,0.030321502248450618,0.14321639316387175,0.6874796997230974,1.0,0.6874796997230973,0.14321639316387177,0.21274711887791317,1.0,1.0,1.0,0.212747118877913,0.1432163931638718,0.6874796997230973,1.0,0.6874796997230974,0.14321639316387172,0.030321502248450632,0.1432163931638717,0.2127471188779132,0.14321639316387166,0.030321502248450604
83,0.006323747258530004,0.003991335035874704,0.006323747258530004,0.02297561036736693,0.0011574722959418404,0.05603206042975999,720,4,0.005177193836291573,1.2717469558189927,0.03614336711440504,0.030533525269469747,0.14271896178106167,0.21217177561496606,0.14271896178106172,0.03053352526946973,0.1427189617810617,0.6875901614020751,1.0,0.6875901614020751,0.14271896178106167,0.21217177561496617,1.0,1.0,1.0,0.212171775614966,0.14271896178106172,0.6875901614020751,1.0,0.6875901614020752,0.14271896178106164,0.03053352526946971,0.1427189617810616,0.21217177561496617,0.14271896178106158,0.03053352526946971
84,0.006323735793130155,0.003991453127198419,0.006323735793130155,0.022975705782247204,0.0011574657056282434,0.05593811400320609,720,4,0.005176661349331677,1.2715826761487972,0.03614401460528205,0.030912660496168944,0.14256047868631053,0.21206212375704023,0.14256047868631055,0.03091266049616892,0.14256047868631055,0.6873355981929283,1.0,0.6873355981929284,0.1425604786863105,0.21206212375704034,1.0,1.0,1.0,0.21206212375704017,0.14256047868631058,0.6873355981929284,1.0,0.6873355981929286,0.1425604786863105,0.030912660496168892,0.14256047868631047,0.2120621237570403,0.14256047868631044,0.030912660496168906
85,0.00632368710487874,0.003992057170974116,0.00632368710487874,0.02297592048190459,0.0011573998642474986,0.05584314950606768,720,4,0.005175364059151026,1.271387906235615,0.036144088244796056,0.031088333214596163,0.14274807012831114,0.212397798850328,0.14274807012831117,0.03108833321459615,0.1427480701283112,0.6867627631725953,1.0,0.6867627631725955,0.1427480701283111,0.2123977988503281,1.0,1.0,1.0,0.21239779885032795,0.1427480701283112,0.6867627631725955,1.0,0.6867627631725957,0.14274807012831112,0.03108833321459614,0.1427480701283111,0.21239779885032803,0.14274807012831106,0.03108833321459613
86,0.006323618371565212,0.003992770769213247,0.006323618371565212,0.02297623311693265,0.0011573059309962952,0.055747170687380485,960,4,0.005173479270766211,1.2711576672034695,0.036143743702737825,0.03089383959985469,0.14320510537008888,0.2130741780423361,0.14320510537008888,0.030893839599854683,0.14320510537008893,0.6859286211059904,1.0,0.6859286211059906,0.1432051053700888,0.2130741780423362,1.0,1.0,1.0,0.21307417804233603,0.1432051053700889,0.6859286211059906,1.0,0.6859286211059907,0.14320510537008882,0.0308938395998547,0.14320510537008882,0.21307417804233608,0.1432051053700888,0.030893839599854665
87,0.006323554386221142,0.003993540991657232,0.006323554386221142,0.022976619762365535,0.0011572288634148617,0.055650181336223924,720,4,0.005171172951713014,1.2708797791829942,0.03614326479272327,0.03051857673222059,0.14379894680620203,0.2139296861300963,0.14379894680620203,0.030518576732220585,0.1437989468062021,0.6848970108306436,1.0,0.6848970108306438,0.14379894680620192,0.21392968613009639,1.0,1.0,1.0,0.21392968613009622,0.14379894680620203,0.6848970108306438,1.0,0.6848970108306439,0.14379894680620195,0.03051857673222061,0.14379894680620198,0.21392968613009625,0.14379894680620195,0.030518576732220568
88,0.00632351015218385,0.003994459663974472,0.00632351015218385,0.02297705511954943,0.001157195921510226,0.05555218528157152,720,4,0.005168597149733263,1.2705396641673103,0.03614297969595941,0.03030234556861262,0.14437718467431887,0.2147821816006586,0.14437718467431887,0.030302345568612617,0.14437718467431893,0.6837354370816191,1.0,0.6837354370816193,0.14437718467431876,0.21478218160065868,1.0,1.0,1.0,0.2147821816006585,0.14437718467431887,0.6837354370816193,1.0,0.6837354370816194,0.14437718467431876,0.030302345568612624,0.14437718467431881,0.21478218160065854,0.1443771846743188,0.0303023455686126
89,0.006323485600586961,0.00399542463030399,0.006323485600586961,0.022977513664418275,0.001157206706822723,0.0554531863921397,720,4,0.005165914632207107,1.2701234586339587,0.036143174381235134,0.030399250531552912,0.14480451535051106,0.21546651024080024,0.14480451535051106,0.03039925053155291,0.1448045153505111,0.6825120052658478,1.0,0.682512005265848,0.14480451535051095,0.2154665102408003,1.0,1.0,1.0,0.21546651024080013,0.14480451535051103,0.682512005265848,1.0,0.6825120052658481,0.14480451535051095,0.030399250531552888,0.144804515350511,0.21546651024080019,0.14480451535051098,0.03039925053155289
90,0.006323474033860256,0.003996049111891108,0.006323474033860256,0.022977970736797106,0.001157247488507581,0.05535318857623511,960,4,0.005163307188432578,1.269625099776397,0.03614402094792856,0.030651507737223038,0.14499408691678092,0.21586564775725028,0.14499408691678092,0.03065150773722302,0.14499408691678092,0.6812925138423036,1.0,0.6812925138423038,0.1449940869167808,0.2158656477572503,1.0,1.0,1.0,0.21586564775725015,0.1449940869167809,0.6812925138423038,1.0,0.6812925138423039,0.1449940869167808,0.030651507737223,0.14499408691678087,0.21586564775725023,0.14499408691678084,0.030651507737223013
91,0.006323468789497861,0.003995938603802677,0.006323468789497861,0.022978403566078658,0.001157303615949334,0.05525219578160031,960,4,0.005160941502292067,1.2690564881149362,0.03614553540918291,0.03078008675660541,0.14492692756852768,0.21592964551250132,0.14492692756852768,0.030780086756605388,0.14492692756852765,0.6801377169805671,1.0,0.6801377169805672,0.14492692756852757,0.21592964551250135,1.0,1.0,1.0,0.21592964551250116,0.14492692756852765,0.6801377169805672,1.0,0.6801377169805674,0.14492692756852757,0.030780086756605384,0.1449269275685276,0.2159296455125013,0.1449269275685276,0.03078008675660538
92,0.00632346824847995,0.003995055690627158,0.00632346824847995,0.022978792223066105,0.0011573697689071503,0.055150211995257895,720,4,0.00515892494910589,1.2684541328279642,0.036147573787252654,0.030675421908968544,0.14465349393819454,0.21567947211368227,0.14465349393819454,0.030675421908968534,0.14465349393819452,0.6791007848879139,1.0,0.679100784887914,0.14465349393819446,0.2156794721136823,1.0,1.0,1.0,0.21567947211368207,0.14465349393819454,0.679100784887914,1.0,0.6791007848879141,0.14465349393819446,0.030675421908968548,0.14465349393819446,0.21567947211368227,0.14465349393819446,0.03067542190896852
93,0.00632347534948119,0.0039937986073349495,0.00632347534948119,0.022979120466923582,0.0011574484086413408,0.05504724124335312,720,4,0.005157294537852207,1.2678749614515819,0.036149866620186905,0.030488569976063667,0.14427545695886482,0.21519618871453383,0.14427545695886482,0.03048856997606366,0.1442754569588648,0.6782250446745218,1.0,0.6782250446745219,0.14427545695886476,0.21519618871453386,1.0,1.0,1.0,0.2151961887145336,0.14427545695886482,0.6782250446745219,1.0,0.678225044674522,0.14427545695886476,0.03048856997606368,0.14427545695886473,0.21519618871453386,0.14427545695886473,0.030488569976063636
94,0.006323489942438998,0.003992711196916486,0.006323489942438998,0.022979376425996303,0.0011575341887213049,0.05494328759099497,720,4,0.005156045864417755,1.2673810712636768,0.03615208185453383,0.030448178860416186,0.14391306952687002,0.21459894092827222,0.14391306952687002,0.030448178860416182,0.14391306952687,0.6775421649718867,1.0,0.6775421649718868,0.14391306952687,0.21459894092827225,1.0,1.0,1.0,0.214598940928272,0.14391306952687002,0.6775421649718868,1.0,0.6775421649718869,0.14391306952686997,0.030448178860416186,0.14391306952686994,0.21459894092827228,0.1439130695268699,0.03044817886041615
95,0.0063235067075035935,0.003992104589044976,0.0063235067075035935,0.022979553032462047,0.001157610864968129,0.05483835514209563,720,4,0.005155174115189648,1.2670221691108112,0.03615389858707203,0.030612646662520282,0.14366952239054645,0.21401731195194112,0.14366952239054642,0.03061264666252027,0.14366952239054642,0.677070997548249,1.0,0.6770709975482491,0.14366952239054642,0.21401731195194115,1.0,1.0,1.0,0.21401731195194093,0.14366952239054645,0.6770709975482491,1.0,0.6770709975482492,0.1436695223905464,0.030612646662520265,0.14366952239054634,0.2140173119519412,0.1436695223905463,0.03061264666252025
96,0.006323518845974732,0.003991934468523996,0.006323518845974732,0.022979648142404736,0.0011576608142748392,0.05473244803920852,960,4,0.00515468874313946,1.2668250879234362,0.03615507261962753,0.030817017752470373,0.14360429593434537,0.21356426579958476,0.14360429593434534,0.030817017752470362,0.1436042959343454,0.6768172581093551,1.0,0.6768172581093551,0.14360429593434534,0.2135642657995848,1.0,1.0,1.0,0.2135642657995846,0.1436042959343454,0.6768172581093551,1.0,0.6768172581093552,0.14360429593434534,0.03081701775247035,0.14360429593434526,0.21356426579958485,0.14360429593434523,0.03081701775247035
97,0.006323521197670315,0.003991998167140558,0.006323521197670315,0.022979664314927036,0.0011576725139831382,0.05462557046336472,720,4,0.005154594116923328,1.2667932215504616,0.03615547952205393,0.03085534237183439,0.1437223567223807,0.21331518776535763,0.14372235672238068,0.030855342371834394,0.14372235672238076,0.67677411642436,1.0,0.6767741164243599,0.14372235672238065,0.21331518776535768,1.0,1.0,1.0,0.21331518776535752,0.14372235672238073,0.67677411642436,1.0,0.67677411642436,0.14372235672238068,0.030855342371834387,0.1437223567223806,0.2133151877653577,0.14372235672238057,0.030855342371834373
98,0.006323513692301759,0.003992200235723432,0.006323513692301759,0.022979608276633604,0.0011576468433178424,0.05451772663390791,720,4,0.005154865264644413,1.2669117583584586,0.036155128822703664,0.030694223830371275,0.1439790404243083,0.21329670559300148,0.1439790404243083,0.030694223830371282,0.1439790404243084,0.6769236254055787,1.0,0.6769236254055785,0.14397904042430826,0.21329670559300157,1.0,1.0,1.0,0.21329670559300143,0.14397904042430834,0.6769236254055786,1.0,0.6769236254055786,0.14397904042430829,0.030694223830371285,0.14397904042430823,0.21329670559300157,0.1439790404243082,0.030694223830371258
99,0.006323500810529035,0.003992605238731285,0.006323500810529035,0.022979490138589305,0.0011575955286241132,0.054408920808327814,960,4,0.005155445369131612,1.2671524247862644,0.0361541502913241,0.03049573696362656,0.14429604091617268,0.2134865704838881,0.1442960409161727,0.030495736963626553,0.14429604091617276,0.6772388101129395,1.0,0.6772388101129392,0.14429604091617262,0.2134865704838882,1.0,1.0,1.0,0.21348657048388806,0.1442960409161727,0.6772388101129393,1.0,0.6772388101129393,0.14429604091617265,0.030495736963626556,0.14429604091617265,0.21348657048388817,0.1442960409161726,0.03049573696362654
100,0.0063234869375901545,0.003993257418563937,0.0063234869375901545,0.022979322452615615,0.0011575317628083365,0.05429915728209214,720,4,0.005156267138153356,1.2674761724135137,0.03615275820745778,0.030440270474507845,0.14458325872821426,0.21382346974927802,0.14458325872821431,0.03044027047450782,0.14458325872821434,0.6776861850224636,1.0,0.6776861850224632,0.1445832587282142,0.21382346974927813,1.0,1.0,1.0,0.21382346974927796,0.1445832587282143,0.6776861850224634,1.0,0.6776861850224634,0.14458325872821423,0.030440270474507817,0.14458325872821426,0.21382346974927804,0.1445832587282142,0.03044027047450782
101,0.006323474648431693,0.003994003277599026,0.006323474648431693,0.022979119198782767,0.001157465530795659,0.05418844038847695,720,4,0.005157276922898713,1.2678374100894618,0.036151202488748306,0.03054650223698713,0.14476210646672552,0.21422372131737488,0.14476210646672558,0.030546502236987107,0.14476210646672558,0.6782284546265553,1.0,0.678228454626555,0.14476210646672547,0.214223721317375,1.0,1.0,1.0,0.21422372131737483,0.14476210646672555,0.6782284546265551,1.0,0.6782284546265551,0.14476210646672547,0.0305465022369871,0.14476210646672552,0.2142237213173749,0.1447621064667255,0.030546502236987093
102,0.0063234648946766695,0.003994536649304911,0.0063234648946766695,0.022978894795067928,0.0011574026587831598,0.05407677449839563,720,4,0.005158434914595555,1.268192269521324,0.03614971750500384,0.03067307622123614,0.14478579346782755,0.214600689570139,0.1447857934678276,0.030673076221236124,0.14478579346782755,0.6788271548379949,1.0,0.6788271548379946,0.14478579346782747,0.2146006895701391,1.0,1.0,1.0,0.21460068957013895,0.14478579346782755,0.6788271548379947,1.0,0.6788271548379947,0.14478579346782747,0.03067307622123612,0.14478579346782752,0.21460068957013903,0.14478579346782752,0.030673076221236096
103,0.006323457558242005,0.003994632812027582,0.006323457558242005,0.022978663213152586,0.0011573458723216925,0.05396416402022631,720,4,0.005159692430377624,1.2685085272702668,0.036148479936444905,0.030683551965039805,0.1446513487937058,0.2148826126846608,0.14465134879370586,0.030683551965039805,0.14465134879370578,0.6794450113509708,1.0,0.6794450113509705,0.14465134879370573,0.21488261268466088,1.0,1.0,1.0,0.21488261268466072,0.1446513487937058,0.6794450113509706,1.0,0.6794450113509706,0.14465134879370573,0.0306835519650398,0.14465134879370578,0.21488261268466083,0.14465134879370578,0.03068355196503977
104,0.006323453144155672,0.003994331858416438,0.006323453144155672,0.022978437264159005,0.0011572985523785214,0.05385061339963784,720,4,0.005160974679254997,1.2687715457399737,0.03614758480216355,0.030588349819817583,0.1443990395526946,0.21502531200066216,0.14439903955269462,0.03058834981981759,0.14439903955269454,0.6800478449004421,1.0,0.6800478449004418,0.1443990395526945,0.21502531200066222,1.0,1.0,1.0,0.21502531200066202,0.1443990395526946,0.6800478449004419,1.0,0.6800478449004419,0.1443990395526945,0.030588349819817583,0.14439903955269454,0.2150253120006622,0.14439903955269454,0.030588349819817562
105,0.006323452371879396,0.003993887979867948,0.006323452371879396,0.0229782280828041,0.0011572639475325316,0.05373612711941431,720,4,0.005162189290277109,1.2689823119336572,0.03614704342401488,0.030517411863316253,0.14409876658136866,0.21501773399082466,0.1440987665813687,0.030517411863316246,0.1440987665813686,0.6806059475100972,1.0,0.680605947510097,0.1440987665813686,0.21501773399082472,1.0,1.0,1.0,0.2150177339908245,0.14409876658136866,0.680605947510097,1.0,0.6806059475100971,0.14409876658136858,0.030517411863316243,0.1440987665813686,0.2150177339908247,0.14409876658136858,0.030517411863316236
106,0.0063234547172994655,0.0039935462789821245,0.0063234547172994655,0.02297804479868197,0.001157242082299872,0.053620709699278034,720,4,0.005163253802196877,1.2691496053557993,0.036146800440416044,0.03056750486887952,0.14382828269400022,0.21488005380782546,0.14382828269400022,0.0305675048688795,0.14382828269400016,0.6810949598056572,1.0,0.6810949598056569,0.1438282826940002,0.2148800538078255,1.0,1.0,1.0,0.21488005380782527,0.14382828269400022,0.6810949598056569,1.0,0.681094959805657,0.14382828269400014,0.030567504868879505,0.14382828269400014,0.2148800538078255,0.1438282826940001,0.03056750486887949
107,0.006323458764540943,0.003993374227458192,0.006323458764540943,0.022977894356535022,0.0011572304882396809,0.05350436569571112,720,4,0.0051641171172766565,1.269282273533104,0.03614676207031452,0.030696916611492528,0.14365120840473738,0.21465568638793986,0.14365120840473736,0.030696916611492504,0.14365120840473733,0.6814963510244978,1.0,0.6814963510244976,0.14365120840473736,0.2146556863879399,1.0,1.0,1.0,0.21465568638793966,0.14365120840473738,0.6814963510244976,1.0,0.6814963510244977,0.1436512084047373,0.030696916611492514,0.14365120840473727,0.2146556863879399,0.14365120840473725,0.03069691661149249
108,0.0063234627283018496,0.0039932947219664325,0.0063234627283018496,0.022977781443312063,0.0011572255054265528,0.05338709970177562,960,4,0.005164757585863413,1.269385811166341,0.0361468265591722,0.030776354060244523,0.14360180120610808,0.2143996454098883,0.14360180120610808,0.030776354060244506,0.14360180120610808,0.6817976141638546,1.0,0.6817976141638545,0.14360180120610805,0.21439964540988835,1.0,1.0,1.0,0.21439964540988812,0.1436018012061081,0.6817976141638544,1.0,0.6817976141638545,0.14360180120610802,0.030776354060244517,0.143601801206108,0.21439964540988835,0.14360180120610797,0.030776354060244492
109,0.006323465218459482,0.003993245649083232,0.006323465218459482,0.02297770849333678,0.0011572237939924462,0.05326891634693218,960,4,0.005165166585100025,1.2694628067393492,0.036146909609571384,0.03073040329463479,0.14367950238627272,0.21416610176913753,0.14367950238627275,0.030730403294634792,0.14367950238627275,0.6819922526530291,1.0,0.6819922526530291,0.1436795023862727,0.2141661017691376,1.0,1.0,1.0,0.21416610176913742,0.14367950238627275,0.681992252653029,1.0,0.6819922526530291,0.1436795023862727,0.030730403294634792,0.14367950238627267,0.2141661017691376,0.1436795023862726,0.030730403294634775
110,0.00632346607960971,0.0039932717533937645,0.00632346607960971,0.022977675759815935,0.0011572240183851702,0.053149820296857275,720,4,0.005165338588208203,1.2695138487161977,0.03614696057526688,0.030612566117276408,0.14385251949792138,0.2139977585971116,0.14385251949792138,0.030612566117276415,0.1438525194979214,0.6820795898763642,1.0,0.6820795898763642,0.14385251949792133,0.2139977585971117,1.0,1.0,1.0,0.21399775859711154,0.14385251949792138,0.6820795898763641,1.0,0.6820795898763642,0.14385251949792133,0.030612566117276408,0.14385251949792133,0.21399775859711168,0.14385251949792127,0.0306125661172764
111,0.00632346565122832,0.003993454230884598,0.00632346565122832,0.022977681450849344,0.0011572258733699482,0.05302981625325906,720,4,0.005165277007429924,1.26953684180675,0.036146967718383945,0.030539579027324324,0.14406805252196683,0.21391893745325827,0.14406805252196683,0.03053957902732432,0.1440680525219669,0.6820644064142306,1.0,0.6820644064142306,0.14406805252196675,0.2139189374532584,1.0,1.0,1.0,0.21391893745325824,0.14406805252196683,0.6820644064142305,1.0,0.6820644064142306,0.14406805252196678,0.030539579027324317,0.14406805252196678,0.21391893745325835,0.14406805252196675,0.030539579027324303
112,0.006323464090018369,0.003993775346579154,0.006323464090018369,0.02297772193110187,0.0011572290455329896,0.05290890895369169,720,4,0.0051650068507863205,1.2695263614607362,0.03614695282896434,0.03056606562321436,0.14426665262989738,0.21393326737100002,0.14426665262989735,0.030566065623214338,0.14426665262989743,0.6819564019037465,1.0,0.6819564019037465,0.14426665262989727,0.21393326737100016,1.0,1.0,1.0,0.213933267371,0.14426665262989738,0.6819564019037464,1.0,0.6819564019037465,0.1442666526298973,0.030566065623214345,0.14426665262989732,0.21393326737100007,0.1442666526298973,0.030566065623214317
113,0.00632346153493285,0.003994084372963587,0.00632346153493285,0.022977791991662413,0.0011572333375763923,0.052787103171368324,960,4,0.005164576584720433,1.2694756881115432,0.036146957616223246,0.030637101687776617,0.1443978968789969,0.21402580826388407,0.14439789687899687,0.030637101687776596,0.14439789687899693,0.6817694748174222,1.0,0.6817694748174222,0.14439789687899676,0.2140258082638842,1.0,1.0,1.0,0.214025808263884,0.1443978968789969,0.6817694748174222,1.0,0.6817694748174223,0.1443978968789968,0.030637101687776603,0.14439789687899685,0.21402580826388412,0.14439789687899682,0.030637101687776568
114,0.006323458170180295,0.003994211332464863,0.006323458170180295,0.022977885191724154,0.0011572386399777371,0.05266440371497268,720,4,0.005164042925813918,1.2693814909952,0.03614702640475939,0.030661312893565173,0.14443357796837308,0.21416854535238047,0.14443357796837306,0.030661312893565176,0.14443357796837308,0.6815208105379692,1.0,0.6815208105379693,0.14443357796837294,0.21416854535238058,1.0,1.0,1.0,0.2141685453523804,0.14443357796837308,0.6815208105379693,1.0,0.6815208105379694,0.14443357796837297,0.030661312893565173,0.14443357796837303,0.2141685453523805,0.144433577968373,0.030661312893565152
115,0.006323454604543313,0.003994109782225618,0.006323454604543313,0.022977994271672172,0.0011572457128952091,0.052540815428469195,720,4,0.0051634520800964805,1.2692480508931756,0.03614719067426153,0.030614565230099467,0.1443742794851817,0.21432764562206666,0.14437427948518167,0.030614565230099477,0.14437427948518167,0.6812297789289893,1.0,0.6812297789289894,0.14437427948518156,0.21432764562206674,1.0,1.0,1.0,0.21432764562206655,0.14437427948518167,0.6812297789289894,1.0,0.6812297789289895,0.14437427948518158,0.03061456523009946,0.14437427948518164,0.2143276456220667,0.1443742794851816,0.03061456523009947
116,0.0063234518402697955,0.003993881897517366,0.0063234518402697955,0.02297811162353587,0.0011572560863275182,0.05241634319091182,960,4,0.005162834207096418,1.269087653647585,0.03614745985757153,0.030559638451881102,0.14424698567653954,0.21447075847074468,0.14424698567653954,0.0305596384518811,0.1442469856765395,0.6809166789479736,1.0,0.6809166789479737,0.14424698567653943,0.21447075847074473,1.0,1.0,1.0,0.21447075847074454,0.1442469856765395,0.6809166789479737,1.0,0.6809166789479738,0.14424698567653943,0.030559638451881078,0.14424698567653949,0.21447075847074468,0.14424698567653946,0.0305596384518811
117,0.006323450480135044,0.003993669817021742,0.006323450480135044,0.022978229785169883,0.0011572703433069043,0.05229099191625135,720,4,0.005162213008018717,1.2689168939904232,0.03614781993300298,0.030568256647275728,0.1440948763023898,0.21457292788033155,0.14409487630238982,0.03056825664727571,0.14409487630238976,0.680601420078213,1.0,0.6806014200782131,0.1440948763023897,0.21457292788033158,1.0,1.0,1.0,0.2145729278803314,0.14409487630238976,0.6806014200782131,1.0,0.6806014200782132,0.1440948763023897,0.030568256647275704,0.14409487630238973,0.21457292788033155,0.1440948763023897,0.030568256647275697
118,0.006323450462053453,0.003993535112827938,0.006323450462053453,0.022978341909756,0.001157287523372113,0.05216476655314147,720,4,0.00516161719114324,1.2687518973682397,0.03614823837351631,0.03063904804692548,0.14396351704502583,0.21462021510321633,0.14396351704502586,0.030639048046925445,0.1439635170450258,0.6803022697169758,1.0,0.6803022697169758,0.14396351704502577,0.21462021510321638,1.0,1.0,1.0,0.2146202151032162,0.1439635170450258,0.6803022697169758,1.0,0.6803022697169759,0.14396351704502577,0.030639048046925462,0.14396351704502577,0.21462021510321636,0.14396351704502572,0.030639048046925424
119,0.006323451226528701,0.0039934455379460766,0.006323451226528701,0.022978442161441535,0.001157305570968283,0.0520376720847434,960,4,0.005161080365835867,1.268605528548843,0.036148672503876655,0.030701700518896723,0.14388833326918166,0.21461073064767663,0.1438883332691817,0.0307017005188967,0.14388833326918166,0.6800347977035829,1.0,0.6800347977035829,0.14388833326918166,0.21461073064767672,1.0,1.0,1.0,0.21461073064767652,0.14388833326918166,0.6800347977035829,1.0,0.680034797703583,0.14388833326918163,0.03070170051889672,0.1438883332691816,0.2146107306476767,0.14388833326918155,0.03070170051889667
120,0.006323452069816565,0.003993360416964553,0.006323452069816565,0.022978526001117945,0.0011573221275720505,0.05190971352852911,960,4,0.005160630573983751,1.2684870571452058,0.036149078491786474,0.030696311997084325,0.1438865907219354,0.21455330379360155,0.14388659072193546,0.030696311997084325,0.14388659072193544,0.6798111139846588,1.0,0.6798111139846588,0.1438865907219354,0.21455330379360163,1.0,1.0,1.0,0.21455330379360144,0.14388659072193544,0.6798111139846588,1.0,0.6798111139846589,0.14388659072193538,0.030696311997084332,0.14388659072193533,0.21455330379360163,0.1438865907219353,0.030696311997084304
121,0.006323452699569131,0.00399330229244205,0.006323452699569131,0.022978590345437703,0.0011573356500333446,0.05178089593608332,960,4,0.005160282040218758,1.2684024653571593,0.03614941909655284,0.030635869704030008,0.1439548244533218,0.2144644027037127,0.14395482445332186,0.03063586970403001,0.14395482445332186,0.6796394444816689,1.0,0.6796394444816689,0.1439548244533218,0.21446440270371278,1.0,1.0,1.0,0.21446440270371261,0.14395482445332183,0.6796394444816689,1.0,0.679639444481669,0.14395482445332178,0.03063586970403,0.14395482445332172,0.2144644027037128,0.1439548244533217,0.030635869704029997
122,0.006323453195788387,0.003993332587969599,0.006323453195788387,0.02297863359906768,0.0011573455137922793,0.051651224392904,720,4,0.00516003753759548,1.2683538457156849,0.036149668969543775,0.03058565364050355,0.14407129474769706,0.21436412994927306,0.1440712947476971,0.03058565364050355,0.14407129474769712,0.6795240451428955,1.0,0.6795240451428955,0.14407129474769703,0.21436412994927315,1.0,1.0,1.0,0.21436412994927298,0.1440712947476971,0.6795240451428955,1.0,0.6795240451428957,0.144071294747697,0.03058565364050354,0.14407129474769698,0.21436412994927317,0.14407129474769695,0.030585653640503533
123,0.006323453624110362,0.003993467288613311,0.006323453624110362,0.022978655572737813,0.0011573514657890328,0.05152070401820164,960,4,0.005159897583073165,1.2683385281948707,0.03614981669547479,0.030589198695645158,0.14420262077822305,0.21427215079815226,0.14420262077822305,0.03058919869564514,0.14420262077822307,0.6794654206538823,1.0,0.6794654206538823,0.14420262077822296,0.21427215079815234,1.0,1.0,1.0,0.21427215079815218,0.14420262077822307,0.6794654206538823,1.0,0.6794654206538823,0.14420262077822296,0.030589198695645144,0.14420262077822296,0.21427215079815237,0.14420262077822293,0.030589198695645126
124,0.006323453904029145,0.003993636474975917,0.006323453904029145,0.022978657310087542,0.0011573533592330312,0.051389339964697155,960,4,0.00515986547675344,1.2683497467360603,0.0361498634296219,0.030625804323582088,0.1443132541391212,0.21420428031319544,0.14431325413912116,0.03062580432358207,0.1443132541391212,0.6794607864257094,1.0,0.6794607864257094,0.14431325413912108,0.2142042803131955,1.0,1.0,1.0,0.21420428031319533,0.1443132541391212,0.6794607864257094,1.0,0.6794607864257094,0.14431325413912108,0.030625804323582084,0.1443132541391211,0.21420428031319552,0.14431325413912108,0.03062580432358205
125,0.006323453794636143,0.003993737501862142,0.006323453794636143,0.022978640855300922,0.001157350998461942,0.05125713741841842,720,4,0.005159942359583102,1.2683793670969856,0.03614981909524008,0.030642355316873836,0.14437544702493688,0.2141702089424594,0.14437544702493685,0.03064235531687384,0.14437544702493685,0.679504688517867,1.0,0.679504688517867,0.14437544702493674,0.21417020894245947,1.0,1.0,1.0,0.21417020894245928,0.14437544702493688,0.679504688517867,1.0,0.679504688517867,0.14437544702493676,0.03064235531687384,0.14437544702493682,0.21417020894245944,0.1443754470249368,0.030642355316873805
126,0.00632345314251153,0.003993724629415697,0.00632345314251153,0.022978608997505423,0.001157344538187248,0.05112410159849563,960,4,0.0051601184529575985,1.2684210579009623,0.03614969803249442,0.03061701154935314,0.14437662285393393,0.21417256209966531,0.1443766228539339,0.03061701154935315,0.1443766228539339,0.6795896855397292,1.0,0.6795896855397291,0.1443766228539338,0.2141725620996654,1.0,1.0,1.0,0.2141725620996652,0.14437662285393393,0.6795896855397292,1.0,0.6795896855397292,0.14437662285393382,0.030617011549353132,0.14437662285393388,0.21417256209966534,0.14437662285393388,0.030617011549353118
127,0.006323452130030448,0.003993640304467299,0.006323452130030448,0.022978565022876526,0.001157334924193959,0.050990237756955145,720,4,0.005160370915907879,1.2684716549964163,0.036149515931537035,0.030581365923303867,0.14432168077323393,0.21420724161505808,0.14432168077323393,0.030581365923303867,0.14432168077323393,0.6797070100042338,1.0,0.6797070100042337,0.14432168077323382,0.21420724161505814,1.0,1.0,1.0,0.21420724161505794,0.14432168077323393,0.6797070100042338,1.0,0.6797070100042338,0.14432168077323385,0.030581365923303846,0.1443216807732339,0.21420724161505808,0.1443216807732339,0.03058136592330385
128,0.006323451117250151,0.003993561536322239,0.006323451117250151,0.022978512492356017,0.001157323535670473,0.05085555117851221,720,4,0.005160671101239398,1.2685300763766447,0.036149288774735916,0.03058029291897099,0.14422981071338783,0.21426482336681163,0.14422981071338783,0.030580292918970967,0.14422981071338783,0.6798471613669942,1.0,0.6798471613669941,0.14422981071338775,0.21426482336681169,1.0,1.0,1.0,0.2142648233668115,0.1442298107133878,0.6798471613669941,1.0,0.6798471613669942,0.14422981071338775,0.030580292918970964,0.1442298107133878,0.21426482336681163,0.14422981071338778,0.030580292918970964
129,0.006323450413877386,0.003993526035967974,0.006323450413877386,0.022978455048534924,0.0011573117034462588,0.05072004718036233,960,4,0.005160994011420314,1.2685952697050935,0.036149033187049,0.030619623107636135,0.14412760701895874,0.21433268075870404,0.14412760701895877,0.030619623107636107,0.14412760701895877,0.6800004212687215,1.0,0.6800004212687215,0.14412760701895871,0.2143326807587041,1.0,1.0,1.0,0.2143326807587039,0.14412760701895874,0.6800004212687214,1.0,0.6800004212687215,0.1441276070189587,0.03061962310763612,0.14412760701895871,0.21433268075870404,0.1441276070189587,0.030619623107636097
130,0.006323450123458455,0.00399351570584733,0.006323450123458455,0.022978396246683404,0.0011573004099052935,0.05058373111197134,960,4,0.0051613212141261335,1.2686650758581677,0.036148766990425005,0.030661027388164962,0.1440412511323588,0.21439744615240555,0.14404125113235886,0.030661027388164952,0.14404125113235883,0.6801573043520746,1.0,0.6801573043520746,0.1440412511323588,0.2143974461524056,1.0,1.0,1.0,0.2143974461524054,0.1440412511323588,0.6801573043520744,1.0,0.6801573043520746,0.14404125113235877,0.030661027388164973,0.14404125113235874,0.21439744615240555,0.14404125113235874,0.030661027388164928
131,0.0063234501095367854,0.003993503139374146,0.0063234501095367854,0.02297833940409077,0.001157290185882633,0.05044660835486419,960,4,0.005161636685591627,1.2687364693086693,0.03614850907821465,0.030666132176226716,0.1439900228299081,0.21444740307253593,0.14399002282990814,0.030666132176226723,0.1439900228299081,0.6803089602149932,1.0,0.6803089602149932,0.14399002282990808,0.21444740307253599,1.0,1.0,1.0,0.2144474030725358,0.1439900228299081,0.6803089602149931,1.0,0.6803089602149932,0.14399002282990808,0.030666132176226737,0.14399002282990803,0.21444740307253593,0.14399002282990803,0.030666132176226688
132,0.006323450200532356,0.003993497292255745,0.006323450200532356,0.022978287465324466,0.0011572813891447002,0.05030868432241256,720,4,0.005161922812907622,1.2688061567916247,0.036148278395010114,0.03063718461441419,0.14398229305947405,0.21447443043953549,0.14398229305947405,0.030637184614414198,0.14398229305947405,0.6804475328806514,1.0,0.6804475328806514,0.143982293059474,0.21447443043953554,1.0,1.0,1.0,0.21447443043953535,0.14398229305947405,0.6804475328806513,1.0,0.6804475328806514,0.143982293059474,0.030637184614414194,0.14398229305947394,0.21447443043953549,0.14398229305947394,0.03063718461441417
133,0.00632345032297477,0.003993533803558198,0.00632345032297477,0.022978242884383285,0.0011572743720505703,0.050169964459621075,720,4,0.00516216230221833,1.268870527701203,0.0361480922000702,0.03060996227802538,0.14401440523263412,0.21447520509659376,0.14401440523263412,0.030609962278025364,0.14401440523263412,0.6805664751871732,1.0,0.6805664751871732,0.14401440523263406,0.21447520509659382,1.0,1.0,1.0,0.21447520509659362,0.14401440523263412,0.6805664751871731,1.0,0.6805664751871732,0.14401440523263406,0.03060996227802535,0.144014405232634,0.2144752050965938,0.144014405232634,0.030609962278025354
134,0.006323450472798729,0.00399362536839554,0.006323450472798729,0.02297820752685389,0.001157269410490765,0.050030454242912394,960,4,0.005162344130948731,1.2689252244837301,0.03614796384785005,0.030611301965465836,0.14407254801561672,0.21445150053153317,0.14407254801561672,0.03061130196546581,0.14407254801561672,0.6806608098062822,1.0,0.6806608098062822,0.14407254801561664,0.2144515005315332,1.0,1.0,1.0,0.21445150053153303,0.14407254801561672,0.6806608098062821,1.0,0.6806608098062822,0.14407254801561664,0.0306113019654658,0.1440725480156166,0.2144515005315332,0.1440725480156166,0.030611301965465805
135,0.006323450664887555,0.003993733928129654,0.006323450664887555,0.022978182597535715,0.0011572666093004579,0.049890159179910985,960,4,0.005162466793384577,1.2689654227235692,0.036147900413048606,0.030631461165191408,0.14413728368706305,0.21440957149594247,0.14413728368706305,0.030631461165191394,0.14413728368706305,0.6807273223138411,1.0,0.6807273223138411,0.14413728368706297,0.2144095714959425,1.0,1.0,1.0,0.21440957149594234,0.14413728368706305,0.6807273223138411,1.0,0.6807273223138413,0.14413728368706297,0.0306314611651914,0.14413728368706297,0.2144095714959425,0.14413728368706297,0.030631461165191384
136,0.006323450850895118,0.003993798797575926,0.006323450850895118,0.022978168602005827,0.00115726575929081,0.04974908480922573,720,4,0.005162535051881894,1.268987253167732,0.03614790081729511,0.030640204450018076,0.1441895390906329,0.21435876015422925,0.1441895390906329,0.030640204450018083,0.1441895390906329,0.6807646637179906,1.0,0.6807646637179906,0.1441895390906328,0.21435876015422928,1.0,1.0,1.0,0.2143587601542291,0.1441895390906329,0.6807646637179906,1.0,0.6807646637179907,0.1441895390906328,0.030640204450018096,0.14418953909063284,0.21435876015422928,0.1441895390906328,0.03064020445001805
137,0.006323450934476866,0.003993790016972274,0.006323450934476866,0.022978165351828395,0.0011572664185731563,0.04960723670023121,720,4,0.0051625536941158545,1.268989485991065,0.036147955377854604,0.030624105458271284,0.14421609935495006,0.21430958416069967,0.14421609935495006,0.030624105458271288,0.14421609935495006,0.68077333656489,1.0,0.68077333656489,0.14421609935494994,0.2143095841606997,1.0,1.0,1.0,0.21430958416069953,0.14421609935495006,0.68077333656489,1.0,0.6807733365648901,0.14421609935494994,0.03062410545827129,0.14421609935495003,0.2143095841606997,0.14421609935494997,0.030624105458271253
138,0.006323450868970126,0.003993729769685874,0.006323450868970126,0.022978172019567346,0.0011572681685830366,0.0494646204528479,720,4,0.005162524752191488,1.2689741325165813,0.03614804743753708,0.030601072590796457,0.1442127371588602,0.21427165965832737,0.1442127371588602,0.030601072590796443,0.1442127371588602,0.6807555481987942,1.0,0.6807555481987942,0.1442127371588601,0.21427165965832742,1.0,1.0,1.0,0.21427165965832726,0.1442127371588602,0.6807555481987942,1.0,0.6807555481987944,0.1442127371588601,0.03060107259079643,0.14421273715886018,0.21427165965832742,0.1442127371588601,0.030601072590796426
139,0.006323450677028545,0.0039936631671000115,0.006323450677028545,0.022978187241485794,0.0011572706982912685,0.04932124169732103,720,4,0.005162450276357881,1.2689455272343666,0.03614815691287901,0.030597775194351806,0.14418419462889048,0.2142518545690395,0.14418419462889048,0.03059777519435179,0.14418419462889048,0.6807149368186158,1.0,0.6807149368186158,0.1441841946288904,0.21425185456903958,1.0,1.0,1.0,0.21425185456903942,0.14418419462889048,0.6807149368186158,1.0,0.680714936818616,0.14418419462889037,0.030597775194351765,0.14418419462889046,0.21425185456903956,0.14418419462889037,0.03059777519435178
140,0.006323450433486156,0.003993615046126455,0.006323450433486156,0.02297820925661228,0.0011572737999131003,0.04917710609399837,720,4,0.0051623365860406735,1.268908732684993,0.036148264724781914,0.03061863397379961,0.14414159127228507,0.2142530367222787,0.14414159127228507,0.030618633973799606,0.14414159127228507,0.6806562005148088,1.0,0.6806562005148087,0.14414159127228499,0.21425303672227877,1.0,1.0,1.0,0.2142530367222786,0.14414159127228507,0.6806562005148088,1.0,0.6806562005148089,0.14414159127228496,0.030618633973799596,0.14414159127228504,0.21425303672227872,0.14414159127228496,0.03061863397379959
141,0.006323450218151285,0.003993579135069514,0.006323450218151285,0.022978236065161424,0.0011572773169849346,0.04903221933310675,720,4,0.005162194780846747,1.2688684091776805,0.03614835673899881,0.03064201159221616,0.14409858236323378,0.2142736671174631,0.1440985823632338,0.030642011592216165,0.14409858236323378,0.6805846746539841,1.0,0.680584674653984,0.14409858236323372,0.2142736671174632,1.0,1.0,1.0,0.214273667117463,0.14409858236323378,0.6805846746539841,1.0,0.6805846746539842,0.1440985823632337,0.03064201159221617,0.14409858236323375,0.21427366711746312,0.1440985823632337,0.030642011592216148
142,0.006323450061080428,0.003993544022515875,0.006323450061080428,0.022978265588645436,0.0011572810713919722,0.0488865871345274,960,4,0.005162037084128722,1.268828481311633,0.03614842617111062,0.03064563206066444,0.144067507616204,0.2143083096288046,0.14406750761620402,0.03064563206066444,0.144067507616204,0.6805059047225911,1.0,0.680505904722591,0.14406750761620396,0.2143083096288047,1.0,1.0,1.0,0.2143083096288045,0.144067507616204,0.6805059047225911,1.0,0.6805059047225912,0.14406750761620393,0.030645632060664455,0.14406750761620393,0.21430830962880462,0.1440675076162039,0.03064563206066442
143,0.006323449961754829,0.003993518806808536,0.006323449961754829,0.02297829581664214,0.001157284897291406,0.04874021524757015,960,4,0.0051618733081843305,1.2687920612605537,0.036148474035808356,0.03063039394287691,0.14405632338671784,0.2143489297929372,0.14405632338671787,0.030630393942876893,0.14405632338671784,0.6804252547372986,1.0,0.6804252547372985,0.1440563233867178,0.21434892979293732,1.0,1.0,1.0,0.2143489297929371,0.14405632338671784,0.6804252547372986,1.0,0.6804252547372986,0.1440563233867178,0.030630393942876907,0.14405632338671776,0.21434892979293724,0.14405632338671776,0.03063039394287688
144,0.0063234499150850365,0.003993526518454663,0.0063234499150850365,0.022978324928707515,0.0011572886717351044,0.04859310945074647,960,4,0.0051617109940479845,1.2687610971185497,0.03614850772415525,0.030616376880158943,0.14406682686023536,0.21438668829817947,0.14406682686023536,0.03061637688015891,0.14406682686023536,0.6803475819406937,1.0,0.6803475819406936,0.14406682686023534,0.21438668829817958,1.0,1.0,1.0,0.21438668829817936,0.14406682686023536,0.6803475819406937,1.0,0.6803475819406937,0.14406682686023534,0.030616376880158915,0.14406682686023525,0.2143866882981795,0.14406682686023525,0.030616376880158905
145,0.006323449914942895,0.0039935747230806905,0.006323449914942895,0.02297835138371227,0.001157292303566676,0.04844527555154134,720,4,0.005161558163852964,1.2687359460797663,0.0361485380883547,0.030618332359853735,0.14409457302444373,0.21441383654002613,0.14409457302444373,0.030618332359853714,0.14409457302444376,0.680276998389056,1.0,0.6802769983890559,0.1440945730244437,0.21441383654002621,1.0,1.0,1.0,0.21441383654002602,0.14409457302444376,0.680276998389056,1.0,0.680276998389056,0.1440945730244437,0.03061833235985371,0.14409457302444362,0.2144138365400262,0.14409457302444362,0.03061833235985371
146,0.006323449958183228,0.003993639724671631,0.006323449958183228,0.02297837397368364,0.0011572957163779563,0.04829671938618396,960,4,0.00516142466582235,1.2687155198831341,0.03614857567785025,0.0306300842911206,0.14413059875599532,0.21442530823554007,0.14413059875599532,0.030630084291120598,0.14413059875599538,0.680216727231818,1.0,0.6802167272318179,0.1441305987559953,0.21442530823554015,1.0,1.0,1.0,0.21442530823553996,0.14413059875599535,0.680216727231818,1.0,0.680216727231818,0.1441305987559953,0.030630084291120595,0.1441305987559952,0.21442530823554015,0.14413059875599524,0.030630084291120584
147,0.006323450026828012,0.003993683836483899,0.006323450026828012,0.02297839184495673,0.001157298787683355,0.04814744681941738,720,4,0.005161319949368727,1.268698227740197,0.036148627079115495,0.030634307828754665,0.14416445526339053,0.2144196724161869,0.14416445526339053,0.030634307828754682,0.14416445526339058,0.6801690462165766,1.0,0.6801690462165765,0.14416445526339047,0.21441967241618695,1.0,1.0,1.0,0.21441967241618676,0.14416445526339056,0.6801690462165766,1.0,0.6801690462165766,0.14416445526339047,0.030634307828754682,0.14416445526339045,0.21441967241618698,0.14416445526339045,0.030634307828754644
148,0.0063234500893496505,0.00399368697419605,0.0063234500893496505,0.02297840449416035,0.0011573013412551356,0.04799746374426693,960,4,0.005161249391486816,1.2686831471424949,0.0361486924589261,0.030623996992909932,0.14418745611076692,0.21439925677034652,0.14418745611076692,0.030623996992909935,0.14418745611076694,0.6801352983610398,1.0,0.6801352983610398,0.14418745611076683,0.21439925677034655,1.0,1.0,1.0,0.21439925677034638,0.14418745611076692,0.6801352983610398,1.0,0.6801352983610398,0.14418745611076683,0.030623996992909935,0.14418745611076686,0.2143992567703466,0.14418745611076683,0.030623996992909904
149,0.006323450124578848,0.003993659160937103,0.006323450124578848,0.02297841174802513,0.001157303204123971,0.04784677608180761,960,4,0.005161212919187837,1.268670588812268,0.03614876512991612,0.030610107902131374,0.1441949710635435,0.21436943945995143,0.1441949710635435,0.030610107902131353,0.1441949710635435,0.6801159458242284,1.0,0.6801159458242284,0.1441949710635434,0.21436943945995143,1.0,1.0,1.0,0.2143694394599513,0.14419497106354348,0.6801159458242284,1.0,0.6801159458242284,0.1441949710635434,0.03061010790213135,0.14419497106354345,0.2143694394599515,0.14419497106354343,0.030610107902131346
150,0.006323450126231731,0.00399362387164224,0.006323450126231731,0.022978413733894427,0.0011573042365755951,0.04769538978093031,960,4,0.005161207034472138,1.2686617737286097,0.03614883326303636,0.030607926676196617,0.14418713791732415,0.2143372992938963,0.14418713791732418,0.03060792667619659,0.14418713791732415,0.6801106486203528,1.0,0.6801106486203528,0.14418713791732404,0.2143372992938963,1.0,1.0,1.0,0.21433729929389617,0.14418713791732413,0.6801106486203528,1.0,0.6801106486203528,0.14418713791732404,0.030607926676196582,0.14418713791732413,0.21433729929389633,0.1441871379173241,0.030607926676196585
151,0.006323450102514564,0.003993594069500733,0.006323450102514564,0.02297841084418406,0.001157304356429866,0.04754331081810698,720,4,0.005161227772987663,1.268658088075031,0.036148883118994043,0.030619471016545035,0.14416811160644186,0.2143099583596381,0.14416811160644188,0.030619471016545035,0.14416811160644183,0.6801183595025266,1.0,0.6801183595025266,0.14416811160644175,0.2143099583596381,1.0,1.0,1.0,0.21430995835963793,0.14416811160644183,0.6801183595025266,1.0,0.6801183595025266,0.14416811160644175,0.030619471016545025,0.1441681116064418,0.2143099583596381,0.1441681116064418,0.03061947101654501
152,0.006323450066375801,0.003993567111957825,0.006323450066375801,0.022978403695402577,0.0011573035509482472,0.04739054519715467,720,4,0.005161271609014844,1.2686605488037852,0.03614890275519326,0.030632150096936272,0.1441444160285176,0.21429300899891007,0.14414441602851763,0.030632150096936286,0.14414441602851757,0.6801374333658757,1.0,0.6801374333658757,0.1441444160285175,0.21429300899891007,1.0,1.0,1.0,0.21429300899890988,0.14414441602851757,0.6801374333658757,1.0,0.6801374333658757,0.14414441602851752,0.03063215009693629,0.14414441602851755,0.21429300899891005,0.14414441602851755,0.030632150096936244
153,0.006323450021806816,0.003993539704212519,0.006323450021806816,0.0229783930816415,0.0011573018764718624,0.04723709894899852,960,4,0.005161334144765434,1.2686696493132472,0.03614888519829355,0.030633752667937802,0.1441229794125355,0.21428937669456768,0.14412297941253552,0.03063375266793781,0.1441229794125355,0.6801657513937428,1.0,0.6801657513937428,0.14412297941253543,0.2142893766945677,1.0,1.0,1.0,0.2142893766945675,0.1441229794125355,0.6801657513937428,1.0,0.6801657513937428,0.14412297941253546,0.030633752667937813,0.14412297941253546,0.21428937669456766,0.14412297941253543,0.030633752667937775
154,0.006323449971152232,0.003993521030373569,0.006323449971152232,0.022978379922843253,0.0011572994788393034,0.04708297813143367,960,4,0.005161409030281096,1.2686852865411526,0.03614883036840544,0.030625498091208632,0.14410928008928184,0.214298849715309,0.14410928008928187,0.030625498091208618,0.14410928008928187,0.6802008591144296,1.0,0.6802008591144296,0.1441092800892818,0.21429884971530905,1.0,1.0,1.0,0.2142988497153088,0.14410928008928187,0.6802008591144296,1.0,0.6802008591144296,0.14410928008928184,0.030625498091208615,0.1441092800892818,0.21429884971530896,0.14410928008928175,0.030625498091208604
155,0.006323449921613254,0.003993526904119359,0.006323449921613254,0.022978365208601775,0.0011572965932818361,0.04692818882888608,960,4,0.005161488994320105,1.2687065217442546,0.03614874537267013,0.030618837297479003,0.14410597090756633,0.21431834121892773,0.14410597090756636,0.030618837297478965,0.14410597090756638,0.6802401163480352,1.0,0.6802401163480352,0.14410597090756633,0.21431834121892782,1.0,1.0,1.0,0.21431834121892757,0.14410597090756638,0.6802401163480352,1.0,0.6802401163480352,0.14410597090756633,0.030618837297478965,0.14410597090756627,0.21431834121892773,0.14410597090756622,0.030618837297478968
156,0.006323449883745897,0.003993562033256488,0.006323449883745897,0.022978349938743273,0.0011572935146738003,0.046772737152172394,720,4,0.005161568160142771,1.268731354701911,0.03614864310078411,0.030621326451052637,0.14411235240095088,0.21434278020524186,0.14411235240095088,0.030621326451052602,0.14411235240095094,0.6802808557144009,1.0,0.6802808557144009,0.14411235240095088,0.21434278020524197,1.0,1.0,1.0,0.21434278020524175,0.14411235240095094,0.6802808557144009,1.0,0.6802808557144009,0.14411235240095085,0.03062132645105261,0.1441123524009508,0.2143427802052419,0.14411235240095074,0.030621326451052602
157,0.006323449868142246,0.0039936116666279995,0.006323449868142246,0.02297833506312319,0.0011572905514287994,0.04661662923825863,960,4,0.005161643256601439,1.2687569074067724,0.036148539420761794,0.03062858741705487,0.1441249043504318,0.21436639043123704,0.14412490435043177,0.03062858741705487,0.14412490435043182,0.6803205432086723,1.0,0.6803205432086723,0.14412490435043177,0.21436639043123717,1.0,1.0,1.0,0.21436639043123698,0.14412490435043185,0.6803205432086723,1.0,0.6803205432086723,0.14412490435043174,0.030628587417054872,0.14412490435043168,0.2143663904312371,0.14412490435043165,0.03062858741705485
158,0.006323449875016867,0.003993652562160893,0.006323449875016867,0.022978321424948038,0.0011572879611137386,0.046459871250017916,960,4,0.005161712602501984,1.26878012231495,0.03614844967307331,0.03063074682425004,0.14413869525937578,0.2143840398633822,0.14413869525937575,0.030630746824250068,0.1441386952593758,0.6803569293608612,1.0,0.6803569293608612,0.14413869525937575,0.21438403986338236,1.0,1.0,1.0,0.21438403986338217,0.1441386952593758,0.6803569293608612,1.0,0.6803569293608612,0.1441386952593757,0.030630746824250057,0.14413869525937567,0.21438403986338228,0.14413869525937567,0.030630746824250023
159,0.0063234498935989805,0.003993671292989362,0.0063234498935989805,0.022978309713328787,0.0011572859137148257,0.046302469375987226,960,4,0.005161774211270458,1.2687986060186507,0.03614838541586201,0.030624544961878202,0.1441490986474884,0.21439234447572206,0.14414909864748837,0.030624544961878216,0.14414909864748843,0.6803881757703195,1.0,0.6803881757703195,0.14414909864748834,0.2143923444757222,1.0,1.0,1.0,0.21439234447572203,0.1441490986474884,0.6803881757703195,1.0,0.6803881757703195,0.14414909864748832,0.0306245449618782,0.14414909864748832,0.21439234447572214,0.14414909864748834,0.030624544961878174
160,0.006323449911957335,0.003993670957440067,0.006323449911957335,0.022978300430379607,0.001157284492002318,0.046144429830123034,720,4,0.005161825141519357,1.2688111147211045,0.036148352294130104,0.030616771376305064,0.14415315532751297,0.21439028809164196,0.14415315532751297,0.03061677137630504,0.144153155327513,0.6804129428524053,1.0,0.6804129428524053,0.1441531553275129,0.21439028809164207,1.0,1.0,1.0,0.21439028809164193,0.14415315532751297,0.6804129428524053,1.0,0.6804129428524053,0.1441531553275129,0.030616771376305033,0.1441531553275129,0.21439028809164204,0.14415315532751297,0.03061677137630503
161,0.006323449922798943,0.003993661756298678,0.006323449922798943,0.022978293875847888,0.0011572837005496305,0.045985758851556,960,4,0.005161862604695799,1.2688175106016477,0.03614834949659817,0.030615901071027404,0.1441501881807002,0.2143792520166943,0.14415018818070022,0.030615901071027362,0.14415018818070022,0.6804304308384461,1.0,0.6804304308384461,0.14415018818070013,0.21437925201669436,1.0,1.0,1.0,0.21437925201669422,0.1441501881807002,0.6804304308384461,1.0,0.6804304308384462,0.14415018818070013,0.030615901071027372,0.14415018818070016,0.21437925201669436,0.14415018818070022,0.030615901071027365
162,0.006323449926531168,0.003993648513782306,0.006323449926531168,0.022978290149193267,0.001157283482956221,0.04582646270434467,720,4,0.005161885370310754,1.268818436053107,0.036148370743503126,0.030622460463430045,0.14414166348168583,0.21436249644362085,0.14414166348168586,0.03062246046343003,0.14414166348168583,0.6804403742471149,1.0,0.6804403742471149,0.14414166348168575,0.21436249644362085,1.0,1.0,1.0,0.2143624964436207,0.14414166348168583,0.6804403742471149,1.0,0.680440374247115,0.14414166348168578,0.03062246046343004,0.1441416634816858,0.21436249644362088,0.14414166348168583,0.030622460463430017
163,0.006323449927201213,0.003993629200316442,0.006323449927201213,0.022978289166639625,0.001157283737179818,0.045666547677228164,720,4,0.005161893888434816,1.2688150302807741,0.036148406363495665,0.03062909787681172,0.1441305259323176,0.2143442602925506,0.14413052593231762,0.030629097876811742,0.14413052593231757,0.6804429964257718,1.0,0.6804429964257718,0.1441305259323175,0.21434426029255058,1.0,1.0,1.0,0.21434426029255044,0.1441305259323176,0.6804429964257718,1.0,0.6804429964257719,0.14413052593231754,0.03062909787681174,0.14413052593231754,0.21434426029255063,0.14413052593231754,0.0306290978768117
164,0.00632344992551574,0.003993603751683678,0.00632344992551574,0.022978290689504167,0.0011572843310313876,0.045506020083377965,960,4,0.0051618892129702745,1.2688087550066331,0.036148445858540414,0.030629366696335793,0.14412025660582195,0.21432871917877885,0.14412025660582195,0.03062936669633581,0.14412025660582192,0.6804389340116747,1.0,0.6804389340116745,0.14412025660582187,0.21432871917877883,1.0,1.0,1.0,0.21432871917877866,0.14412025660582195,0.6804389340116745,1.0,0.6804389340116748,0.14412025660582187,0.030629366696335793,0.14412025660582187,0.21432871917877885,0.14412025660582184,0.03062936669633577
165,0.006323449919588487,0.00399358042657413,0.006323449919588487,0.022978294359638177,0.0011572851301547057,0.04534488626014858,960,4,0.005161872168205454,1.2688011680267552,0.036148480353761864,0.030624557421784188,0.1441138610042072,0.2143190519070708,0.1441138610042072,0.03062455742178417,0.14411386100420717,0.6804291424165066,1.0,0.6804291424165064,0.14411386100420712,0.21431905190707076,1.0,1.0,1.0,0.21431905190707057,0.1441138610042072,0.6804291424165064,1.0,0.6804291424165068,0.14411386100420712,0.03062455742178416,0.14411386100420712,0.21431905190707076,0.14411386100420706,0.030624557421784153
166,0.006323449907949534,0.003993571007162626,0.006323449907949534,0.02297829973763386,0.001157286024106648,0.04518315256882745,960,4,0.00516184373448505,1.2687935548204297,0.03614850439961586,0.03062118993639829,0.14411301391658424,0.21431681899854343,0.14411301391658424,0.03062118993639825,0.1441130139165842,0.6804147939190328,1.0,0.6804147939190325,0.14411301391658415,0.21431681899854343,1.0,1.0,1.0,0.21431681899854324,0.14411301391658424,0.6804147939190325,1.0,0.6804147939190328,0.14411301391658415,0.03062118993639825,0.14411301391658415,0.2143168189985434,0.14411301391658407,0.030621189936398254
167,0.006323449892171388,0.003993580070278994,0.006323449892171388,0.02297830633968928,0.001157286943027164,0.04502082539438379,720,4,0.005161806072161785,1.2687865803065455,0.03614851673788855,0.030623006581905098,0.14411762116235408,0.214321767650836,0.1441176211623541,0.030623006581905074,0.1441176211623541,0.6803971793198055,1.0,0.6803971793198051,0.14411762116235402,0.21432176765083605,1.0,1.0,1.0,0.21432176765083583,0.1441176211623541,0.6803971793198051,1.0,0.6803971793198055,0.14411762116235402,0.03062300658190508,0.14411762116235402,0.214321767650836,0.14411762116235394,0.03062300658190507
168,0.006323449877566158,0.003993600490346578,0.006323449877566158,0.022978313670069014,0.0011572878594932367,0.04485791114521649,720,4,0.005161762832750066,1.2687802207276089,0.0361485199014983,0.0306270571453903,0.14412597114956838,0.21433206875283933,0.14412597114956843,0.0306270571453903,0.14412597114956843,0.6803776213263237,1.0,0.6803776213263235,0.14412597114956835,0.21433206875283944,1.0,1.0,1.0,0.2143320687528392,0.14412597114956843,0.6803776213263235,1.0,0.6803776213263237,0.14412597114956832,0.030627057145390303,0.14412597114956835,0.21433206875283936,0.14412597114956827,0.03062705714539028
169,0.0063234498687451185,0.0039936199436611634,0.0063234498687451185,0.022978321247853522,0.0011572887705633519,0.04469441625290116,720,4,0.005161718235593381,1.2687740423898168,0.036148518856016,0.0306278421217157,0.1441354156977492,0.21434488964042686,0.1441354156977493,0.030627842121715713,0.1441354156977493,0.6803574031595175,1.0,0.6803574031595174,0.1441354156977492,0.21434488964042703,1.0,1.0,1.0,0.21434488964042678,0.1441354156977493,0.6803574031595174,1.0,0.6803574031595175,0.14413541569774918,0.0306278421217157,0.1441354156977492,0.21434488964042692,0.14413541569774915,0.030627842121715678
170,0.006323449866651869,0.0039936310030789,0.006323449866651869,0.022978328628352758,0.001157289677710164,0.044530347171936185,720,4,0.005161675757828593,1.2687676166358601,0.036148519170815435,0.030623981604091334,0.1441432839419489,0.21435713610203982,0.14414328394194895,0.030623981604091324,0.14414328394194895,0.6803377113881757,1.0,0.6803377113881756,0.14414328394194886,0.21435713610204002,1.0,1.0,1.0,0.2143571361020398,0.14414328394194895,0.6803377113881756,1.0,0.6803377113881757,0.14414328394194884,0.030623981604091306,0.1441432839419489,0.21435713610203994,0.14414328394194884,0.0306239816040913
171,0.006323449869189468,0.003993634459622488,0.006323449869189468,0.022978335420333354,0.0011572905741558137,0.04436571037948797,960,4,0.005161637613155487,1.2687607901436921,0.03614852529246399,0.030619587367890076,0.14414766795463987,0.21436617440343933,0.1441476679546399,0.030619587367890038,0.1441476679546399,0.6803195899348635,1.0,0.6803195899348634,0.14414766795463982,0.21436617440343952,1.0,1.0,1.0,0.21436617440343933,0.1441476679546399,0.6803195899348634,1.0,0.6803195899348635,0.1441476679546398,0.03061958736789003,0.14414766795463985,0.21436617440343947,0.14414766795463982,0.030619587367890038
172,0.006323449872947835,0.003993634098530078,0.006323449872947835,0.022978341299927284,0.0011572914381051663,0.04420051237513517,720,4,0.00516160522763305,1.2687537151425683,0.03614853936368728,0.030619269423159214,0.14414785045424724,0.21437036987475344,0.14414785045424724,0.03061926942315918,0.14414785045424722,0.6803039029453363,1.0,0.6803039029453362,0.14414785045424716,0.2143703698747536,1.0,1.0,1.0,0.21437036987475344,0.14414785045424722,0.6803039029453363,1.0,0.6803039029453363,0.14414785045424713,0.030619269423159193,0.1441478504542472,0.21437036987475358,0.14414785045424716,0.030619269423159172
173,0.006323449876017134,0.003993630517368058,0.006323449876017134,0.022978346021344114,0.0011572922338341513,0.04403475968061213,720,4,0.005161579867223658,1.268746760765206,0.03614856079430314,0.030622985770975015,0.14414434124815909,0.2143693401770067,0.14414434124815909,0.030622985770975008,0.14414434124815903,0.6802913061995466,1.0,0.6802913061995465,0.14414434124815897,0.21436934017700682,1.0,1.0,1.0,0.21436934017700668,0.14414434124815903,0.6802913061995466,1.0,0.6802913061995466,0.14414434124815897,0.030622985770975032,0.144144341248159,0.21436934017700682,0.144144341248159,0.030622985770974984
174,0.006323449878411581,0.003993621267968872,0.006323449878411581,0.02297834942398684,0.0011572929152241487,0.043868458839551414,720,4,0.005161562597905318,1.268740452071047,0.03614858657303084,0.030626515866017143,0.14413860687680427,0.21436389865011432,0.14413860687680427,0.03062651586601716,0.14413860687680422,0.680282228131065,1.0,0.680282228131065,0.14413860687680416,0.21436389865011438,1.0,1.0,1.0,0.21436389865011424,0.14413860687680422,0.6802822281310651,1.0,0.680282228131065,0.1441386068768042,0.030626515866017168,0.14413860687680416,0.2143638986501144,0.1441386068768042,0.030626515866017126
175,0.006323449880339155,0.00399360616237386,0.006323449880339155,0.0229783514354734,0.0011572934308697255,0.04370161641722547,720,4,0.005161553704904043,1.2687354401241795,0.03614861216226755,0.030626473673598168,0.1441325962337996,0.21435573616921072,0.1441325962337996,0.03062647367359817,0.14413259623379954,0.6802768617809808,1.0,0.6802768617809808,0.14413259623379948,0.21435573616921078,1.0,1.0,1.0,0.2143557361692106,0.14413259623379954,0.6802768617809809,1.0,0.6802768617809808,0.1441325962337995,0.030626473673598158,0.14413259623379948,0.21435573616921078,0.14413259623379948,0.030626473673598144
176,0.006323449881574872,0.003993590478123445,0.006323449881574872,0.022978352070148693,0.001157293733920569,0.04353423900028747,720,4,0.005161552381291963,1.2687324004339313,0.036148632720990746,0.030623828736721957,0.14412816400106604,0.21434694342759184,0.14412816400106604,0.030623828736721936,0.14412816400106604,0.6802751687894826,1.0,0.6802751687894826,0.14412816400106596,0.2143469434275919,1.0,1.0,1.0,0.21434694342759172,0.144128164001066,0.6802751687894827,1.0,0.6802751687894826,0.14412816400106598,0.030623828736721922,0.14412816400106593,0.21434694342759186,0.14412816400106593,0.03062382873672192
177,0.006323449881350556,0.0039935817249951155,0.006323449881350556,0.022978351422740705,0.0011572937928584412,0.04336633319651121,720,4,0.005161557162542886,1.2687318203914093,0.036148644336057134,0.030622207256059946,0.14412652985503988,0.2143395002981799,0.1441265298550399,0.030622207256059922,0.14412652985503993,0.6802768963436043,1.0,0.6802768963436043,0.14412652985503985,0.21433950029817997,1.0,1.0,1.0,0.2143395002981798,0.1441265298550399,0.6802768963436044,1.0,0.6802768963436043,0.14412652985503985,0.030622207256059922,0.1441265298550398,0.2143395002981799,0.1441265298550398,0.030622207256059904
178,0.006323449879116367,0.003993583390751435,0.006323449879116367,0.02297834965701081,0.0011572936012361845,0.04319790563453035,720,4,0.005161566714222402,1.2687337846957036,0.036148644938506946,0.030623460897919296,0.14412794486674174,0.21433485207008166,0.14412794486674177,0.03062346089791929,0.14412794486674183,0.6802816074757148,1.0,0.6802816074757148,0.14412794486674174,0.21433485207008174,1.0,1.0,1.0,0.21433485207008154,0.1441279448667418,0.6802816074757149,1.0,0.6802816074757148,0.14412794486674171,0.0306234608979193,0.1441279448667417,0.21433485207008166,0.14412794486674166,0.030623460897919272
179,0.006323449875489044,0.003993592428463216,0.006323449875489044,0.022978346989821274,0.00115729318253881,0.04302896296357663,960,4,0.005161580206393779,1.2687379163291395,0.036148634678249,0.0306257619225935,0.14413168979805155,0.2143336580862586,0.1441316897980516,0.030625761922593506,0.14413168979805166,0.680288723579906,1.0,0.680288723579906,0.14413168979805158,0.21433365808625868,1.0,1.0,1.0,0.21433365808625846,0.14413168979805166,0.680288723579906,1.0,0.680288723579906,0.14413168979805155,0.030625761922593513,0.14413168979805155,0.21433365808625857,0.1441316897980515,0.030625761922593493
180,0.006323449871648812,0.003993602797752661,0.006323449871648812,0.022978343671933976,0.0011572925860409693,0.04285951185321742,720,4,0.005161597008129746,1.2687435167779313,0.03614861571157052,0.030626085287277005,0.1441363944957032,0.21433574751761278,0.14413639449570328,0.030626085287277005,0.1441363944957033,0.6802975756393458,1.0,0.6802975756393458,0.14413639449570323,0.2143357475176129,1.0,1.0,1.0,0.21433574751761264,0.1441363944957033,0.6802975756393458,1.0,0.6802975756393458,0.1441363944957032,0.030626085287276998,0.14413639449570323,0.21433574751761278,0.14413639449570317,0.03062608528727699
181,0.006323449868595194,0.003993610789365551,0.006323449868595194,0.02297833996762367,0.0011572918777405402,0.042689558993092416,720,4,0.0051616161764200755,1.2687497954045146,0.03614859154010619,0.030623826054596317,0.14414052855447348,0.2143402644497064,0.14414052855447357,0.030623826054596293,0.14414052855447357,0.6803074586086111,1.0,0.6803074586086111,0.14414052855447348,0.21434026444970655,1.0,1.0,1.0,0.2143402644497063,0.14414052855447357,0.6803074586086111,1.0,0.6803074586086111,0.14414052855447346,0.030623826054596275,0.1441405285544735,0.21434026444970644,0.14414052855447346,0.030623826054596282
182,0.006323449866792362,0.003993616604699054,0.006323449866792362,0.022978336135384803,0.0011572911297435212,0.04251911109264954,720,4,0.005161636356194195,1.268756040841503,0.03614856614210178,0.03062136317690068,0.14414286686829797,0.2143459437494934,0.14414286686829803,0.030621363176900653,0.144142866868298,0.680317682874338,1.0,0.680317682874338,0.14414286686829791,0.21434594374949353,1.0,1.0,1.0,0.21434594374949328,0.144142866868298,0.680317682874338,1.0,0.680317682874338,0.14414286686829791,0.03062136317690065,0.14414286686829797,0.21434594374949345,0.14414286686829791,0.030621363176900635
183,0.00632344986603349,0.0039936215018316484,0.00632344986603349,0.02297833241156811,0.0011572904098365296,0.042348174880880024,720,4,0.005161656167118947,1.2687616851374954,0.03614854313387397,0.030621220496574415,0.14414279349748355,0.21435143840675538,0.14414279349748357,0.030621220496574408,0.14414279349748352,0.6803276178992284,1.0,0.6803276178992284,0.14414279349748346,0.2143514384067555,1.0,1.0,1.0,0.21435143840675527,0.14414279349748352,0.6803276178992282,1.0,0.6803276178992284,0.14414279349748346,0.03062122049657442,0.1441427934974835,0.21435143840675547,0.14414279349748346,0.030621220496574383
184,0.006323449866012429,0.003993624717544716,0.006323449866012429,0.02297832899802972,0.0011572897739497352,0.042176757106052835,720,4,0.005161674604546828,1.2687663198863282,0.03614852513354365,0.030623307522601142,0.14414040350488516,0.21435561941533915,0.14414040350488513,0.030623307522601156,0.1441404035048851,0.6803367251635912,1.0,0.6803367251635912,0.14414040350488505,0.21435561941533923,1.0,1.0,1.0,0.21435561941533904,0.1441404035048851,0.6803367251635911,1.0,0.6803367251635912,0.14414040350488505,0.030623307522601166,0.14414040350488505,0.21435561941533923,0.14414040350488505,0.030623307522601128
185,0.006323449866576832,0.0039936239312953125,0.006323449866576832,0.0229783260541859,0.0011572892610839556,0.04200486453544821,720,4,0.005161691030695158,1.2687697288454283,0.03614851342428442,0.030625283236526146,0.14413642234100016,0.21435778678882544,0.1441364223410001,0.030625283236526153,0.1441364223410001,0.6803445793574407,1.0,0.6803445793574407,0.14413642234100005,0.2143577867888255,1.0,1.0,1.0,0.21435778678882533,0.1441364223410001,0.6803445793574406,1.0,0.6803445793574407,0.14413642234100005,0.03062528323652615,0.14413642234100002,0.21435778678882553,0.14413642234100005,0.030625283236526135
186,0.006323449867511998,0.003993618403769137,0.006323449867511998,0.022978323693361818,0.0011572888909672015,0.0418325039550905,720,4,0.005161704852727622,1.2687719228475731,0.03614850794891856,0.030625317588431566,0.1441319778214114,0.21435775846325011,0.14413197782141135,0.030625317588431553,0.14413197782141135,0.6803508781215187,1.0,0.6803508781215187,0.1441319778214113,0.21435775846325017,1.0,1.0,1.0,0.21435775846325003,0.14413197782141135,0.6803508781215186,1.0,0.6803508781215187,0.1441319778214113,0.030625317588431542,0.14413197782141127,0.2143577584632502,0.1441319778214113,0.030625317588431542
187,0.006323449868543871,0.003993610780687256,0.006323449868543871,0.02297832198291019,0.0011572886653676193,0.04165968216948029,960,4,0.0051617153375409655,1.2687731115013396,0.0361485076003603,0.03062396128743732,0.14412827212049092,0.21435583533426136,0.14412827212049087,0.03062396128743729,0.1441282721204909,0.6803554417353219,1.0,0.6803554417353219,0.1441282721204908,0.21435583533426142,1.0,1.0,1.0,0.21435583533426128,0.1441282721204909,0.6803554417353218,1.0,0.6803554417353219,0.1441282721204908,0.03062396128743729,0.14412827212049079,0.21435583533426142,0.1441282721204908,0.030623961287437277
188,0.006323449869305147,0.003993605290760473,0.006323449869305147,0.02297832094720364,0.0011572885718516047,0.04148640600132577,960,4,0.005161721817277303,1.2687735882724622,0.03614851070132907,0.0306231809575663,0.14412623503536942,0.21435266835849648,0.14412623503536942,0.030623180957566273,0.14412623503536945,0.6803582051413957,1.0,0.6803582051413957,0.14412623503536934,0.21435266835849653,1.0,1.0,1.0,0.2143526683584964,0.14412623503536945,0.6803582051413956,1.0,0.6803582051413957,0.14412623503536934,0.030623180957566283,0.14412623503536934,0.21435266835849653,0.14412623503536934,0.03062318095756626
189,0.006323449869498096,0.003993604264202498,0.006323449869498096,0.022978320572396575,0.0011572885893315428,0.04131268229127334,720,4,0.0051617240695139305,1.2687735908898699,0.036148515519015864,0.03062395731499557,0.1441262683350914,0.2143490715760702,0.14412626833509143,0.030623957314995575,0.14412626833509146,0.6803592052492949,1.0,0.6803592052492949,0.14412626833509135,0.21434907157607025,1.0,1.0,1.0,0.2143490715760701,0.14412626833509146,0.6803592052492948,1.0,0.680359205249295,0.14412626833509135,0.03062395731499558,0.14412626833509137,0.21434907157607025,0.14412626833509135,0.030623957314995554
190,0.006323449869156629,0.003993606639995916,0.006323449869156629,0.022978320811967875,0.0011572886937938338,0.04113851789763764,960,4,0.005161722461770102,1.2687732281942339,0.03614852066810219,0.030625270934122567,0.14412817037037162,0.21434582991460202,0.14412817037037168,0.030625270934122588,0.14412817037037168,0.6803585661547262,1.0,0.6803585661547262,0.14412817037037157,0.21434582991460208,1.0,1.0,1.0,0.2143458299146019,0.14412817037037168,0.6803585661547261,1.0,0.6803585661547265,0.14412817037037157,0.030625270934122574,0.14412817037037162,0.21434582991460208,0.14412817037037157,0.03062527093412256
191,0.006323449868498671,0.003993609720556442,0.006323449868498671,0.02297832159246725,0.0011572888620950304,0.040963919696130696,720,4,0.005161717720966085,1.2687725055064956,0.03614852531895135,0.030625451413395552,0.14413125579272446,0.21434354342760864,0.14413125579272454,0.030625451413395555,0.1441312557927245,0.6803564838118987,1.0,0.6803564838118987,0.14413125579272443,0.2143435434276087,1.0,1.0,1.0,0.2143435434276085,0.1441312557927245,0.6803564838118986,1.0,0.680356483811899,0.14413125579272443,0.030625451413395538,0.14413125579272448,0.21434354342760867,0.1441312557927244,0.030625451413395528
192,0.006323449867744508,0.003993611923002365,0.006323449867744508,0.022978322819350475,0.0011572890741028074,0.040788894579590534,960,4,0.005161710583128584,1.2687713988953901,0.0361485292093392,0.030624142873055604,0.14413460381534993,0.2143425342933051,0.14413460381535004,0.030624142873055576,0.14413460381534998,0.6803532104654832,1.0,0.6803532104654832,0.14413460381534993,0.21434253429330516,1.0,1.0,1.0,0.21434253429330496,0.14413460381534998,0.6803532104654831,1.0,0.6803532104654835,0.14413460381534993,0.030624142873055572,0.14413460381534998,0.21434253429330513,0.14413460381534987,0.03062414287305556
193,0.006323449867029744,0.003993613591646108,0.006323449867029744,0.02297832438303684,0.0011572893135206824,0.04061344945770908,720,4,0.005161701655849155,1.2687699071689178,0.03614853251414207,0.03062263894649666,0.14413733290687614,0.21434282490545453,0.14413733290687625,0.030622638946496614,0.1441373329068762,0.6803490384870873,1.0,0.6803490384870873,0.14413733290687614,0.21434282490545456,1.0,1.0,1.0,0.21434282490545437,0.1441373329068762,0.6803490384870872,1.0,0.6803490384870875,0.14413733290687614,0.03062263894649663,0.14413733290687616,0.21434282490545456,0.14413733290687605,0.030622638946496614
194,0.00632344986635847,0.00399361547519368,0.00632344986635847,0.022978326165287652,0.0011572895675531893,0.04043759125675934,720,4,0.0051616915416332915,1.2687680589664228,0.036148535642882146,0.030622370251851404,0.1441388204959449,0.21434417935207348,0.14413882049594498,0.030622370251851383,0.14413882049594492,0.6803442833536272,1.0,0.6803442833536271,0.1441388204959449,0.2143441793520735,1.0,1.0,1.0,0.21434417935207328,0.14413882049594492,0.6803442833536271,1.0,0.6803442833536273,0.14413882049594487,0.030622370251851404,0.1441388204959449,0.2143441793520735,0.14413882049594479,0.030622370251851376
195,0.006323449865762752,0.003993617075722883,0.006323449865762752,0.02297832804582388,0.0011572898261444104,0.04026132691932195,720,4,0.005161680978192156,1.2687659068192574,0.036148539026232475,0.030623379580156408,0.14413882948980053,0.2143461892565172,0.14413882948980053,0.030623379580156422,0.14413882948980053,0.6803392659872683,1.0,0.6803392659872682,0.1441388294898005,0.21434618925651722,1.0,1.0,1.0,0.214346189256517,0.14413882948980053,0.6803392659872683,1.0,0.6803392659872685,0.14413882948980047,0.030623379580156426,0.14413882948980047,0.21434618925651722,0.1441388294898004,0.030623379580156405
196,0.006323449865363285,0.003993616896464152,0.006323449865363285,0.022978329908942573,0.0011572900808114919,0.04008466340401115,720,4,0.005161670770904543,1.2687635412516154,0.03614854294096129,0.030624441947137968,0.14413753275472746,0.21434837944154583,0.1441375327547274,0.03062444194713799,0.14413753275472743,0.6803342950989798,1.0,0.6803342950989797,0.14413753275472738,0.2143483794415459,1.0,1.0,1.0,0.21434837944154567,0.14413753275472743,0.6803342950989798,1.0,0.6803342950989799,0.14413753275472735,0.030624441947137964,0.14413753275472735,0.21434837944154586,0.1441375327547273,0.030624441947137957
197,0.0063234498652529995,0.003993614191195797,0.0063234498652529995,0.02297833164980515,0.0011572903234191123,0.03990760768520004,960,4,0.005161661564009846,1.2687611151639888,0.036148547412158616,0.030624518685539046,0.14413543764104986,0.21435030917459025,0.14413543764104977,0.030624518685539046,0.1441354376410498,0.6803296504088141,1.0,0.680329650408814,0.14413543764104975,0.2143503091745903,1.0,1.0,1.0,0.2143503091745901,0.1441354376410498,0.6803296504088141,1.0,0.6803296504088141,0.14413543764104972,0.030624518685539025,0.14413543764104972,0.21435030917459028,0.1441354376410497,0.03062451868553901
198,0.006323449865433319,0.0039936100898346205,0.006323449865433319,0.02297833318000362,0.0011572905455718362,0.0397301667527452,960,4,0.005161653690371146,1.2687588397490397,0.03614855221188885,0.03062382326145166,0.14413322539551787,0.21435164997413378,0.1441332253955178,0.030623823261451633,0.14413322539551784,0.6803255677942502,1.0,0.6803255677942501,0.14413322539551776,0.21435164997413386,1.0,1.0,1.0,0.21435164997413367,0.14413322539551784,0.6803255677942504,1.0,0.6803255677942502,0.14413322539551776,0.030623823261451643,0.14413322539551773,0.21435164997413383,0.14413322539551776,0.030623823261451612
199,0.006323449865772385,0.003993606786973663,0.006323449865772385,0.022978334431938884,0.0011572907386456074,0.03955234761171084,960,4,0.005161647247452607,1.2687569339096274,0.0361485569414743,0.03062339560332664,0.14413154629837574,0.2143522292668101,0.14413154629837568,0.03062339560332662,0.14413154629837574,0.6803222276095726,1.0,0.6803222276095725,0.14413154629837563,0.2143522292668102,1.0,1.0,1.0,0.21435222926681002,0.14413154629837574,0.6803222276095727,1.0,0.6803222276095726,0.14413154629837566,0.030623395603326636,0.1441315462983756,0.21435222926681016,0.14413154629837568,0.030623395603326598
200,0.00632344986607224,0.00399360568700827,0.00632344986607224,0.022978335361537688,0.0011572908945269782,0.039374157282092176,720,4,0.00516164229892254,1.2687555553574223,0.036148561154601924,0.03062382759296462,0.14413083526592355,0.21435203809299913,0.14413083526592352,0.03062382759296462,0.14413083526592355,0.6803197474386722,1.0,0.6803197474386721,0.14413083526592343,0.21435203809299921,1.0,1.0,1.0,0.21435203809299905,0.14413083526592355,0.6803197474386723,1.0,0.6803197474386722,0.14413083526592346,0.030623827592964625,0.1441308352659234,0.2143520380929992,0.14413083526592352,0.030623827592964597
201,0.006323449866221922,0.003993606450841467,0.006323449866221922,0.022978335948984765,0.0011572910067317234,0.0391956027985383,960,4,0.0051616389829126814,1.2687547612215537,0.03614856446977349,0.030624630451049996,0.14413120939377125,0.21435120826797419,0.14413120939377125,0.030624630451050003,0.14413120939377125,0.6803181801434963,1.0,0.6803181801434962,0.14413120939377116,0.21435120826797427,1.0,1.0,1.0,0.2143512082679741,0.14413120939377125,0.6803181801434963,1.0,0.6803181801434962,0.1441312093937712,0.03062463045104999,0.14413120939377116,0.21435120826797424,0.14413120939377122,0.030624630451049975
202,0.006323449866222649,0.0039936077627222115,0.006323449866222649,0.02297833619745138,0.0011572910711909197,0.039016691210074485,720,4,0.0051616374339269865,1.2687545191017375,0.036148566638083565,0.030624867768788994,0.14413247330071255,0.2143499686820891,0.14413247330071258,0.03062486776878899,0.14413247330071255,0.6803175172576509,1.0,0.6803175172576508,0.14413247330071247,0.2143499686820892,1.0,1.0,1.0,0.21434996868208903,0.14413247330071252,0.6803175172576509,1.0,0.6803175172576508,0.1441324733007125,0.030624867768788977,0.1441324733007125,0.21434996868208916,0.1441324733007125,0.03062486776878897
203,0.006323449866138431,0.003993608773987609,0.006323449866138431,0.02297833613013786,0.0011572910866513694,0.03883742957982391,720,4,0.005161637634101006,1.2687547468928984,0.036148567561004624,0.030624231412747446,0.14413421272789165,0.2143485918149882,0.1441342127278917,0.03062423141274743,0.14413421272789165,0.6803176968777711,1.0,0.6803176968777711,0.1441342127278916,0.21434859181498828,1.0,1.0,1.0,0.2143485918149881,0.14413421272789162,0.6803176968777711,1.0,0.680317696877771,0.1441342127278916,0.03062423141274744,0.14413421272789162,0.21434859181498825,0.14413421272789156,0.03062423141274741
204,0.006323449866033102,0.0039936096512901715,0.006323449866033102,0.02297833578616872,0.001157291054786272,0.03865782498472878,720,4,0.005161639368776195,1.268755344948144,0.03614856727271366,0.030623343293944005,0.14413593048542306,0.21434734084150273,0.1441359304854231,0.030623343293943988,0.14413593048542306,0.6803186146156618,1.0,0.6803186146156618,0.14413593048542303,0.2143473408415028,1.0,1.0,1.0,0.21434734084150261,0.14413593048542303,0.6803186146156618,1.0,0.6803186146156617,0.144135930485423,0.030623343293944002,0.14413593048542306,0.21434734084150278,0.14413593048542295,0.03062334329394397
205,0.0063234498659096566,0.003993610855605191,0.0063234498659096566,0.022978335215928507,0.0011572909800336576,0.03847788451527099,960,4,0.005161642327000498,1.2687562063469986,0.03614856590487721,0.030623031202726036,0.14413718069431905,0.2143464257360996,0.1441371806943191,0.03062303120272603,0.14413718069431908,0.6803201360423988,1.0,0.6803201360423989,0.14413718069431905,0.21434642573609972,1.0,1.0,1.0,0.2143464257360995,0.14413718069431905,0.6803201360423988,1.0,0.6803201360423988,0.144137180694319,0.030623031202726032,0.14413718069431905,0.21434642573609966,0.14413718069431894,0.03062303120272601
206,0.0063234498657452,0.003993612203415262,0.0063234498657452,0.022978334476356256,0.0011572908693266702,0.038297615275192154,720,4,0.005161646227872809,1.268757219971153,0.03614856364634976,0.030623457652790217,0.14413767340461794,0.21434597405240585,0.14413767340461797,0.030623457652790217,0.14413767340461797,0.6803221092425765,1.0,0.6803221092425766,0.14413767340461794,0.21434597405240594,1.0,1.0,1.0,0.2143459740524057,0.14413767340461797,0.6803221092425765,1.0,0.6803221092425765,0.1441376734046179,0.030623457652790207,0.14413767340461792,0.21434597405240588,0.14413767340461783,0.0306234576527902
207,0.006323449865548446,0.003993612855277657,0.006323449865548446,0.02297833362660896,0.0011572907316372224,0.038117024381213206,960,4,0.0051616508430186924,1.2687582847123091,0.036148560706635455,0.03062404267518439,0.14413733415076677,0.2143460189388099,0.1441373341507668,0.030624042675184388,0.14413733415076682,0.6803243763841288,1.0,0.6803243763841289,0.14413733415076677,0.21434601893880995,1.0,1.0,1.0,0.21434601893880975,0.14413733415076682,0.6803243763841288,1.0,0.6803243763841288,0.1441373341507667,0.03062404267518438,0.14413733415076674,0.2143460189388099,0.14413733415076668,0.030624042675184374
208,0.006323449865360969,0.003993612203215647,0.006323449865360969,0.02297833272439169,0.0011572905772839815,0.03793611896275341,720,4,0.0051616559171832515,1.2687593320599864,0.03614855729205506,0.030624170232764817,0.14413630826906051,0.21434650392172608,0.14413630826906051,0.030624170232764817,0.14413630826906057,0.6803267835092783,1.0,0.6803267835092784,0.1441363082690605,0.2143465039217261,1.0,1.0,1.0,0.21434650392172594,0.14413630826906057,0.6803267835092783,1.0,0.6803267835092783,0.14413630826906046,0.03062417023276481,0.14413630826906046,0.21434650392172605,0.14413630826906043,0.030624170232764796
209,0.006323449865239321,0.003993610607553947,0.006323449865239321,0.022978331823118637,0.0011572904171508096,0.03775490616164895,720,4,0.005161661103656259,1.2687603365834752,0.03614855360109917,0.030623836915536728,0.14413490732450768,0.21434730156381462,0.14413490732450765,0.030623836915536724,0.1441349073245077,0.6803291881090057,1.0,0.6803291881090058,0.14413490732450762,0.21434730156381465,1.0,1.0,1.0,0.21434730156381449,0.14413490732450773,0.6803291881090057,1.0,0.6803291881090058,0.14413490732450762,0.030623836915536728,0.1441349073245076,0.21434730156381462,0.1441349073245076,0.0306238369155367
210,0.006323449865212978,0.003993609157467989,0.006323449865212978,0.022978330969908395,0.0011572902618595387,0.0375733931318709,720,4,0.005161666006315245,1.268761300795868,0.03614854983638526,0.030623562853307095,0.14413351125816937,0.21434824158402946,0.1441335112581693,0.03062356285330709,0.14413351125816937,0.6803314644716995,1.0,0.6803314644716996,0.14413351125816926,0.21434824158402951,1.0,1.0,1.0,0.21434824158402935,0.1441335112581694,0.6803314644716995,1.0,0.6803314644716996,0.1441335112581693,0.03062356285330709,0.14413351125816926,0.2143482415840295,0.14413351125816926,0.030623562853307064
211,0.006323449865258739,0.003993608729380432,0.006323449865258739,0.02297833020427377,0.0011572901210112473,0.037391587039242904,720,4,0.005161670296943498,1.2687622244757126,0.0361485462198074,0.030623750045447564,0.14413245781741063,0.21434914334666288,0.14413245781741058,0.030623750045447557,0.1441324578174106,0.6803335071788956,1.0,0.6803335071788956,0.1441324578174105,0.21434914334666297,1.0,1.0,1.0,0.21434914334666277,0.14413245781741066,0.6803335071788956,1.0,0.6803335071788957,0.14413245781741058,0.030623750045447554,0.14413245781741052,0.21434914334666294,0.14413245781741052,0.03062375004544753
212,0.00632344986533094,0.0039936093284486315,0.00632344986533094,0.02297832955730422,0.001157290002588155,0.03720949506115818,720,4,0.005161673797003705,1.2687630827305239,0.03614854299416752,0.03062423988609436,0.1441319564152679,0.21434984753366965,0.1441319564152679,0.030624239886094355,0.14413195641526788,0.6803352332864112,1.0,0.6803352332864111,0.1441319564152678,0.21434984753366973,1.0,1.0,1.0,0.21434984753366954,0.14413195641526794,0.6803352332864112,1.0,0.6803352332864113,0.14413195641526785,0.030624239886094345,0.14413195641526783,0.21434984753366973,0.1441319564152678,0.03062423988609433
213,0.006323449865391852,0.003993610309471148,0.006323449865391852,0.02297832905118031,0.0011572899124374589,0.037027124386296226,720,4,0.0051616764569175,1.268763827654952,0.036148540402629145,0.030624523416153925,0.14413205081192,0.2143502421677215,0.14413205081192001,0.03062452341615391,0.14413205081191996,0.680336583619313,1.0,0.6803365836193129,0.1441320508119199,0.21435024216772158,1.0,1.0,1.0,0.2143502421677214,0.14413205081192,0.680336583619313,1.0,0.6803365836193132,0.14413205081191993,0.030624523416153904,0.1441320508119199,0.21435024216772158,0.14413205081191988,0.030624523416153904
214,0.006323449865425629,0.003993611115841745,0.006323449865425629,0.02297832869895919,0.0011572898538753033,0.036844482214339024,720,4,0.005161678273587174,1.2687644067889452,0.036148538650904484,0.03062431252471803,0.14413263256574022,0.21435027903727552,0.14413263256574027,0.030624312524718002,0.14413263256574022,0.6803375233436436,1.0,0.6803375233436435,0.14413263256574016,0.21435027903727563,1.0,1.0,1.0,0.2143502790372754,0.14413263256574022,0.6803375233436436,1.0,0.6803375233436437,0.14413263256574016,0.03062431252471801,0.14413263256574016,0.2143502790372756,0.14413263256574013,0.030624312524718006
215,0.006323449865439308,0.003993611713985194,0.006323449865439308,0.022978328504654717,0.0011572898275137517,0.03666157575568679,960,4,0.005161679238834547,1.2687647801278135,0.03614853786634151,0.030623828739970625,0.14413348990544406,0.214349978114632,0.14413348990544414,0.030623828739970608,0.14413348990544408,0.6803380417519063,1.0,0.6803380417519062,0.14413348990544403,0.21434997811463213,1.0,1.0,1.0,0.2143499781146319,0.14413348990544406,0.6803380417519063,1.0,0.6803380417519064,0.144133489905444,0.030623828739970622,0.14413348990544403,0.21434997811463208,0.144133489905444,0.03062382873997058
216,0.006323449865440849,0.00399361235077794,0.006323449865440849,0.022978328463663558,0.0011572898313472223,0.036478412231173325,960,4,0.005161679361127337,1.2687649252223,0.03614853806813105,0.0306235335913623,0.14413437213929137,0.2143494196484562,0.14413437213929145,0.030623533591362294,0.1441343721392914,0.6803381511259042,1.0,0.6803381511259041,0.14413437213929137,0.2143494196484563,1.0,1.0,1.0,0.21434941964845608,0.14413437213929137,0.6803381511259042,1.0,0.6803381511259043,0.14413437213929128,0.030623533591362304,0.14413437213929134,0.21434941964845625,0.1441343721392913,0.03062353359136225
217,0.00632344986542842,0.003993613033062847,0.00632344986542842,0.022978328563568764,0.0011572898611447067,0.03629499887178095,720,4,0.0051616787165624615,1.2687648352315488,0.03614853915678504,0.03062364054287362,0.14413505381341166,0.21434872584428027,0.14413505381341174,0.030623640542873625,0.1441350538134117,0.6803378845926287,1.0,0.6803378845926286,0.14413505381341168,0.21434872584428036,1.0,1.0,1.0,0.21434872584428014,0.14413505381341168,0.6803378845926287,1.0,0.6803378845926288,0.14413505381341157,0.03062364054287362,0.14413505381341166,0.2143487258442803,0.1441350538134116,0.030623640542873597
218,0.0063234498653990815,0.003993613371075475,0.0063234498653990815,0.022978328785319524,0.00115728991109839,0.03611134291835504,960,4,0.005161677457831508,1.2687645203072533,0.0361485409249993,0.030623938098607122,0.14413538707561063,0.21434803589256812,0.1441353870756107,0.030623938098607122,0.1441353870756107,0.6803372929769934,1.0,0.6803372929769934,0.14413538707561066,0.21434803589256818,1.0,1.0,1.0,0.21434803589256798,0.14413538707561066,0.6803372929769934,1.0,0.6803372929769935,0.14413538707561055,0.030623938098607112,0.14413538707561063,0.21434803589256812,0.14413538707561058,0.03062393809860712
219,0.006323449865353755,0.003993612953121606,0.006323449865353755,0.022978329104755578,0.0011572899746005293,0.03592745162131817,960,4,0.0051616757630060335,1.268764014299751,0.03614854308873006,0.030624069027156083,0.14413533198897183,0.21434747917490607,0.14413533198897183,0.030624069027156066,0.14413533198897185,0.6803364407351455,1.0,0.6803364407351455,0.1441353319889718,0.21434747917490612,1.0,1.0,1.0,0.21434747917490593,0.14413533198897183,0.6803364407351455,1.0,0.6803364407351457,0.14413533198897174,0.030624069027156062,0.1441353319889718,0.21434747917490607,0.14413533198897174,0.03062406902715608
220,0.006323449865301525,0.0039936118150153705,0.006323449865301525,0.02297832949440902,0.0011572900450511265,0.035743332240383875,720,4,0.005161673773623563,1.2687633780595262,0.036148545334774386,0.03062392094732727,0.14413495682609753,0.2143471516345067,0.14413495682609748,0.03062392094732725,0.14413495682609753,0.68033540114807,1.0,0.68033540114807,0.14413495682609745,0.21434715163450674,1.0,1.0,1.0,0.21434715163450657,0.14413495682609753,0.68033540114807,1.0,0.6803354011480701,0.14413495682609745,0.030623920947327257,0.14413495682609748,0.2143471516345067,0.14413495682609742,0.030623920947327243
221,0.006323449865256941,0.003993610487876054,0.006323449865256941,0.022978329925464468,0.0011572901165706518,0.035558992044270044,960,4,0.0051616715804174715,1.2687626904169944,0.03614854737685175,0.030623710225626675,0.14413440795702775,0.21434709957974868,0.14413440795702767,0.03062371022562667,0.14413440795702773,0.6803342510926541,1.0,0.6803342510926541,0.14413440795702764,0.21434709957974868,1.0,1.0,1.0,0.2143470995797485,0.14413440795702775,0.6803342510926541,1.0,0.6803342510926542,0.14413440795702767,0.030623710225626672,0.14413440795702767,0.21434709957974868,0.14413440795702762,0.03062371022562663
222,0.006323449865228501,0.003993609580764621,0.006323449865228501,0.02297833036970596,0.0011572901845087532,0.03537443831041199,720,4,0.005161669261908691,1.268762028471772,0.036148549007292696,0.030623709736938776,0.14413385996129394,0.21434731372395419,0.14413385996129388,0.030623709736938783,0.14413385996129394,0.680333065847977,1.0,0.680333065847977,0.14413385996129383,0.21434731372395419,1.0,1.0,1.0,0.21434731372395402,0.14413385996129396,0.680333065847977,1.0,0.6803330658479771,0.14413385996129388,0.03062370973693878,0.14413385996129385,0.2143473137239542,0.14413385996129383,0.030623709736938738
223,0.006323449865216596,0.00399360933006255,0.006323449865216596,0.02297833080125747,0.0011572902457064546,0.0351896783246751,720,4,0.005161666927699544,1.2687614486831404,0.036148550130103776,0.030623946330185184,0.14413346401986413,0.21434773425343825,0.1441334640198641,0.0306239463301852,0.14413346401986413,0.6803319144520854,1.0,0.6803319144520854,0.14413346401986402,0.21434773425343825,1.0,1.0,1.0,0.2143477342534381,0.14413346401986415,0.6803319144520854,1.0,0.6803319144520855,0.14413346401986407,0.030623946330185187,0.14413346401986402,0.21434773425343828,0.14413346401986402,0.03062394633018517
224,0.006323449865217328,0.003993609535824384,0.006323449865217328,0.02297833119795444,0.0011572902984781184,0.03500471938106728,960,4,0.005161664719562101,1.26876097945186,0.036148550766117754,0.030624187316564334,0.1441333111828199,0.21434826550106365,0.1441333111828199,0.03062418731656433,0.1441333111828199,0.6803308560425071,1.0,0.6803308560425072,0.1441333111828198,0.21434826550106367,1.0,1.0,1.0,0.2143482655010635,0.1441333111828199,0.6803308560425071,1.0,0.6803308560425072,0.14413331118281986,0.030624187316564317,0.1441333111828198,0.2143482655010637,0.1441333111828198,0.030624187316564327
225,0.0063234498652249786,0.003993609874865153,0.0063234498652249786,0.022978331542256487,0.0011572903423389084,0.03481956878145089,720,4,0.0051616627716480415,1.2687606260326842,0.03614855103027677,0.030624199909760553,0.14413341830267656,0.2143487968649727,0.1441334183026766,0.030624199909760532,0.14413341830267656,0.6803299374207051,1.0,0.6803299374207052,0.14413341830267648,0.21434879686497277,1.0,1.0,1.0,0.21434879686497257,0.14413341830267656,0.6803299374207051,1.0,0.6803299374207052,0.1441334183026765,0.030624199909760532,0.14413341830267648,0.21434879686497277,0.14413341830267648,0.03062419990976054
226,0.006323449865236067,0.003993610218295236,0.006323449865236067,0.022978331821691414,0.0011572903775827488,0.034634233835254595,720,4,0.005161661171703648,1.2687603799898042,0.03614855108974706,0.03062398788287663,0.1441337348474638,0.21434922543543136,0.14413373484746386,0.03062398788287661,0.1441337348474638,0.6803291918665716,1.0,0.6803291918665716,0.14413373484746375,0.21434922543543145,1.0,1.0,1.0,0.21434922543543125,0.1441337348474638,0.6803291918665716,1.0,0.6803291918665716,0.14413373484746375,0.03062398788287662,0.14413373484746375,0.21434922543543145,0.14413373484746375,0.03062398788287659
227,0.006323449865248779,0.003993610643290793,0.006323449865248779,0.022978332028879667,0.0011572904048226475,0.034448721859184725,720,4,0.005161659958146738,1.268760225603158,0.03614855111549879,0.030623765849991637,0.1441341638565269,0.21434947566433937,0.14413416385652697,0.030623765849991623,0.1441341638565269,0.6803286390723438,1.0,0.6803286390723436,0.14413416385652686,0.21434947566433948,1.0,1.0,1.0,0.21434947566433926,0.1441341638565269,0.6803286390723438,1.0,0.6803286390723438,0.14413416385652683,0.030623765849991637,0.14413416385652686,0.21434947566433946,0.14413416385652686,0.030623765849991578
228,0.006323449865259731,0.003993611194059431,0.006323449865259731,0.02297833216121888,0.001157290424603882,0.034263040176936446,720,4,0.0051616591468481125,1.2687601424444537,0.036148551239006316,0.030623725781166407,0.1441345901247146,0.2143495123070618,0.1441345901247147,0.030623725781166407,0.1441345901247146,0.6803282859835433,1.0,0.6803282859835431,0.1441345901247146,0.21434951230706192,1.0,1.0,1.0,0.2143495123070617,0.1441345901247146,0.6803282859835433,1.0,0.6803282859835433,0.14413459012471455,0.030623725781166414,0.1441345901247146,0.21434951230706187,0.14413459012471458,0.03062372578116636
229,0.006323449865265493,0.003993611702650938,0.006323449865265493,0.022978332220321553,0.001157290437173936,0.034077196118904626,720,4,0.00516165875270293,1.2687601084653002,0.03614855152243532,0.030623854366636404,0.1441349098052338,0.2143493444895192,0.14413490980523389,0.030623854366636408,0.1441349098052338,0.6803281282987687,1.0,0.6803281282987684,0.1441349098052338,0.2143493444895193,1.0,1.0,1.0,0.21434934448951912,0.14413490980523383,0.6803281282987687,1.0,0.6803281282987687,0.14413490980523375,0.030623854366636404,0.1441349098052338,0.21434934448951926,0.14413490980523375,0.03062385436663639
230,0.006323449865264286,0.0039936118794795345,0.006323449865264286,0.022978332211304763,0.001157290442432788,0.03389119702189447,960,4,0.005161658782270892,1.268760106299906,0.03614855194735164,0.03062397775784972,0.14413505551629524,0.21434902068542058,0.1441350555162953,0.03062397775784971,0.14413505551629527,0.6803281523647257,1.0,0.6803281523647254,0.14413505551629524,0.2143490206854207,1.0,1.0,1.0,0.2143490206854205,0.14413505551629527,0.6803281523647257,1.0,0.6803281523647257,0.14413505551629519,0.030623977757849696,0.14413505551629524,0.2143490206854206,0.14413505551629516,0.030623977757849714
231,0.006323449865256532,0.003993611573904822,0.006323449865256532,0.02297833214202675,0.0011572904400541117,0.03370505022883185,720,4,0.005161659208383267,1.268760129938797,0.036148552423763095,0.030623960162316912,0.1441350106966513,0.2143486162212844,0.1441350106966513,0.03062396016231688,0.14413501069665133,0.6803283372131965,1.0,0.6803283372131964,0.14413501069665127,0.21434861622128448,1.0,1.0,1.0,0.21434861622128432,0.14413501069665133,0.6803283372131965,1.0,0.6803283372131965,0.14413501069665122,0.030623960162316877,0.14413501069665127,0.2143486162212844,0.1441350106966512,0.030623960162316895
232,0.006323449865245439,0.003993610928919384,0.006323449865245439,0.022978332022345012,0.0011572904297337315,0.03351876308847341,720,4,0.0051616599573205135,1.2687601862234827,0.036148552817261134,0.030623837490442687,0.1441348089603985,0.21434821632639842,0.14413480896039849,0.03062383749044266,0.14413480896039854,0.6803286565411164,1.0,0.6803286565411163,0.14413480896039846,0.21434821632639847,1.0,1.0,1.0,0.2143482163263983,0.14413480896039854,0.6803286565411164,1.0,0.6803286565411164,0.14413480896039843,0.030623837490442663,0.14413480896039846,0.21434821632639842,0.1441348089603984,0.03062383749044265
233,0.0063234498652345655,0.003993610276500887,0.0063234498652345655,0.022978331863435036,0.0011572904114832397,0.033332342955116494,720,4,0.005161660925389406,1.268760288885477,0.036148552987308735,0.030623759615110602,0.14413451917751852,0.21434789846577673,0.14413451917751846,0.03062375961511059,0.14413451917751854,0.6803290805288609,1.0,0.6803290805288608,0.14413451917751846,0.2143478984657768,1.0,1.0,1.0,0.21434789846577662,0.14413451917751854,0.6803290805288609,1.0,0.6803290805288609,0.14413451917751843,0.030623759615110595,0.14413451917751843,0.21434789846577673,0.1441345191775184,0.030623759615110553
234,0.006323449865225481,0.003993609885831974,0.006323449865225481,0.022978331677173322,0.0011572903858858268,0.03314579718830875,720,4,0.005161662011946335,1.2687604487465693,0.03614855282622909,0.03062382245657784,0.14413422240829776,0.21434771760599344,0.14413422240829768,0.030623822456577854,0.14413422240829776,0.6803295774871008,1.0,0.6803295774871008,0.14413422240829768,0.2143477176059935,1.0,1.0,1.0,0.21434771760599333,0.14413422240829776,0.6803295774871008,1.0,0.6803295774871008,0.14413422240829768,0.030623822456577854,0.14413422240829765,0.21434771760599344,0.14413422240829765,0.030623822456577816
235,0.006323449865218393,0.0039936098047153035,0.006323449865218393,0.022978331475568714,0.001157290354242253,0.032959133152557635,960,4,0.005161663141589879,1.2687606663940179,0.036148552288337986,0.030623971950839046,0.14413398919009887,0.21434769720035401,0.1441339891900988,0.03062397195083906,0.14413398919009887,0.6803301153745444,1.0,0.6803301153745444,0.1441339891900988,0.21434769720035407,1.0,1.0,1.0,0.2143476972003539,0.14413398919009887,0.6803301153745444,1.0,0.6803301153745444,0.1441339891900988,0.030623971950839053,0.14413398919009873,0.21434769720035404,0.14413398919009876,0.03062397195083904
236,0.006323449865212977,0.003993609915210053,0.006323449865212977,0.022978331270228622,0.0011572903185571777,0.03277235821703967,720,4,0.005161664261698047,1.268760930922358,0.03614855140229915,0.030624068736169484,0.14413386381444782,0.21434782726483087,0.1441338638144478,0.03062406873616948,0.14413386381444782,0.6803306632222922,1.0,0.6803306632222922,0.14413386381444773,0.21434782726483093,1.0,1.0,1.0,0.21434782726483073,0.14413386381444782,0.6803306632222922,1.0,0.6803306632222922,0.14413386381444776,0.030624068736169466,0.14413386381444768,0.2143478272648309,0.14413386381444773,0.03062406873616947
237,0.006323449865209202,0.003993610105859397,0.006323449865209202,0.022978331071862496,0.00115729028136557,0.03258547975530949,720,4,0.00516166532610049,1.26876122332838,0.036148550265307236,0.030624031968213377,0.14413385805907664,0.21434806931416725,0.14413385805907666,0.030624031968213356,0.14413385805907664,0.6803311924584879,1.0,0.6803311924584879,0.14413385805907655,0.2143480693141673,1.0,1.0,1.0,0.2143480693141671,0.14413385805907664,0.6803311924584878,1.0,0.6803311924584879,0.1441338580590766,0.030624031968213353,0.14413385805907653,0.2143480693141673,0.14413385805907658,0.03062403196821334
238,0.006323449865207897,0.003993610371057043,0.006323449865207897,0.02297833088983981,0.0011572902454388447,0.03239850514500878,720,4,0.005161666286066601,1.2687615206376361,0.03614854902250943,0.030623911568154097,0.1441339533598519,0.21434836652739578,0.14413395335985196,0.03062391156815407,0.1441339533598519,0.6803316780872785,1.0,0.6803316780872785,0.14413395335985182,0.21434836652739583,1.0,1.0,1.0,0.21434836652739564,0.1441339533598519,0.6803316780872783,1.0,0.6803316780872785,0.14413395335985188,0.030623911568154083,0.14413395335985182,0.21434836652739586,0.14413395335985185,0.030623911568154045
239,0.006323449865209496,0.003993610754539401,0.006323449865209496,0.022978330731825654,0.0011572902134312914,0.032211441767575004,720,4,0.005161667097937355,1.2687617984557051,0.036148547837681275,0.03062382608342807,0.14413410908488122,0.21434865660434047,0.14413410908488128,0.030623826083428052,0.14413410908488122,0.6803320996605215,1.0,0.6803320996605215,0.14413410908488114,0.21434865660434052,1.0,1.0,1.0,0.21434865660434033,0.14413410908488122,0.6803320996605214,1.0,0.6803320996605215,0.14413410908488117,0.030623826083428073,0.14413410908488114,0.21434865660434055,0.14413410908488114,0.030623826083428025
240,0.006323449865213114,0.003993611226153212,0.006323449865213114,0.02297833060351538,0.0011572901875391165,0.03202429700794999,720,4,0.005161667737488499,1.2687620327997284,0.03614854686178311,0.03062384222784475,0.14413427462355577,0.21434888448766237,0.14413427462355582,0.030623842227844745,0.14413427462355577,0.6803324419852432,1.0,0.6803324419852432,0.1441342746235557,0.21434888448766243,1.0,1.0,1.0,0.21434888448766223,0.14413427462355577,0.6803324419852431,1.0,0.6803324419852432,0.1441342746235557,0.03062384222784476,0.1441342746235557,0.21434888448766246,0.14413427462355569,0.030623842227844724
241,0.0063234498652170994,0.003993611640020243,0.0063234498652170994,0.022978330508485766,0.0011572901692355338,0.03183707825428841,960,4,0.005161668204535996,1.2687622031865642,0.03614854620559785,0.030623919677156566,0.1441344029059013,0.21434901243339316,0.14413440290590135,0.030623919677156566,0.1441344029059013,0.6803326955202952,1.0,0.6803326955202952,0.14413440290590124,0.21434901243339324,1.0,1.0,1.0,0.21434901243339305,0.1441344029059013,0.6803326955202951,1.0,0.6803326955202952,0.14413440290590124,0.030623919677156556,0.14413440290590127,0.21434901243339324,0.1441344029059012,0.030623919677156552
242,0.006323449865219761,0.003993611824173357,0.006323449865219761,0.022978330448175814,0.0011572901591250118,0.0316497928976661,720,4,0.0051616685122990134,1.26876229712991,0.03614854592167219,0.030623966061563843,0.1441344623064487,0.21434902568566558,0.14413446230644875,0.030623966061563836,0.14413446230644872,0.6803328564271584,1.0,0.6803328564271584,0.14413446230644864,0.21434902568566566,1.0,1.0,1.0,0.21434902568566547,0.14413446230644872,0.6803328564271582,1.0,0.6803328564271584,0.14413446230644864,0.030623966061563812,0.1441344623064487,0.21434902568566563,0.1441344623064486,0.030623966061563822
243,0.006323449865220249,0.003993611712757592,0.006323449865220249,0.02297833042200276,0.0011572901569385625,0.03146244833178824,960,4,0.005161668671614143,1.2687623137293158,0.03614854599899492,0.030623934818475206,0.14413444364134478,0.2143489330563591,0.14413444364134484,0.03062393481847519,0.14413444364134484,0.6803329262604966,1.0,0.6803329262604966,0.14413444364134476,0.2143489330563592,1.0,1.0,1.0,0.214348933056359,0.14413444364134484,0.6803329262604965,1.0,0.6803329262604966,0.14413444364134473,0.03062393481847518,0.1441344436413448,0.21434893305635916,0.1441344436413447,0.03062393481847517
244,0.006323449865219017,0.0039936113936637745,0.006323449865219017,0.02297833042760447,0.0011572901616627113,0.031275051952697516,960,4,0.0051616686843621706,1.2687622637026923,0.036148546371012856,0.030623865697265055,0.14413436020542664,0.21434876280358853,0.14413436020542666,0.030623865697265034,0.1441343602054267,0.6803329113214562,1.0,0.6803329113214562,0.1441343602054266,0.21434876280358858,1.0,1.0,1.0,0.2143487628035884,0.1441343602054267,0.6803329113214561,1.0,0.6803329113214562,0.14413436020542658,0.03062386569726504,0.14413436020542666,0.21434876280358856,0.14413436020542655,0.030623865697265013
245,0.006323449865217047,0.0039936110332180275,0.006323449865217047,0.02297833046118191,0.0011572901717668356,0.0310876111584821,720,4,0.00516166855049297,1.2687621654407992,0.03614854693426018,0.03062383573252041,0.14413424132763178,0.2143485551183849,0.14413424132763175,0.030623835732520404,0.1441342413276318,0.6803328217443038,1.0,0.6803328217443038,0.14413424132763172,0.21434855511838496,1.0,1.0,1.0,0.21434855511838477,0.1441342413276318,0.6803328217443037,1.0,0.6803328217443038,0.1441342413276317,0.030623835732520418,0.14413424132763175,0.21434855511838494,0.14413424132763167,0.030623835732520383
246,0.006323449865215035,0.003993610755619525,0.006323449865215035,0.02297833051790072,0.001157290185479556,0.030900133348983595,960,4,0.0051616682800002065,1.2687620393188714,0.036148547572310535,0.030623878899735908,0.14413412231415643,0.2143483530835688,0.14413412231415637,0.030623878899735914,0.14413412231415643,0.680332670425425,1.0,0.6803326704254249,0.14413412231415634,0.21434835308356887,1.0,1.0,1.0,0.21434835308356867,0.14413412231415643,0.6803326704254249,1.0,0.680332670425425,0.14413412231415632,0.030623878899735918,0.14413412231415634,0.21434835308356884,0.14413412231415632,0.030623878899735894
247,0.006323449865213224,0.0039936105847976165,0.006323449865213224,0.022978330592306584,0.0011572902010590217,0.03071262592550491,960,4,0.005161667897824596,1.2687619032193154,0.036148548179016714,0.030623955776536985,0.1441340344795968,0.21434819407196465,0.14413403447959675,0.03062395577653699,0.14413403447959677,0.6803324719154791,1.0,0.680332471915479,0.14413403447959672,0.21434819407196468,1.0,1.0,1.0,0.2143481940719645,0.14413403447959677,0.6803324719154791,1.0,0.6803324719154792,0.1441340344795967,0.030623955776536975,0.1441340344795967,0.21434819407196468,0.1441340344795967,0.030623955776536975
248,0.006323449865211468,0.003993610483240002,0.006323449865211468,0.022978330678715544,0.0011572902170095744,0.03052509629051805,720,4,0.005161667437861651,1.2687617706499077,0.03614854867617371,0.030623996892662656,0.144133998018513,0.21434810322955467,0.14413399801851298,0.030623996892662656,0.14413399801851298,0.6803322413783136,1.0,0.6803322413783135,0.14413399801851293,0.2143481032295547,1.0,1.0,1.0,0.21434810322955453,0.14413399801851298,0.6803322413783136,1.0,0.6803322413783137,0.14413399801851293,0.030623996892662635,0.1441339980185129,0.2143481032295547,0.1441339980185129,0.03062399689266264
249,0.006323449865209636,0.003993610428705545,0.006323449865209636,0.022978330771552882,0.0011572902322165653,0.03033755184737191,720,4,0.005161666932754828,1.2687616507102761,0.03614854902297071,0.03062397036476729,0.1441340187430912,0.21434809006978595,0.1441340187430912,0.030623970364767276,0.1441340187430912,0.6803319936870106,1.0,0.6803319936870106,0.14413401874309115,0.21434809006978597,1.0,1.0,1.0,0.2143480900697858,0.1441340187430912,0.6803319936870107,1.0,0.6803319936870107,0.14413401874309115,0.03062397036476727,0.1441340187430911,0.21434809006978597,0.14413401874309112,0.030623970364767262
250,0.006323449865207989,0.003993610446009615,0.006323449865207989,0.022978330865626485,0.0011572902459907211,0.030149999999999972,720,4,0.005161666408821301,1.2687615483801329,0.03614854921680768,0.030623907239388664,0.1441340884086233,0.21434814846373895,0.14413408840862332,0.030623907239388647,0.14413408840862332,0.6803317426944909,1.0,0.6803317426944909,0.14413408840862324,0.214348148463739,1.0,1.0,1.0,0.2143481484637388,0.1441340884086233,0.680331742694491,1.0,0.680331742694491,0.14413408840862324,0.030623907239388664,0.1441340884086232,0.21434814846373898,0.14413408840862324,0.03062390723938863
251,0.006323449865206933,0.0039936105692208144,0.006323449865206933,0.022978330956329923,0.0011572902580305206,0.029962448152628038,720,4,0.005161665888940534,1.2687614644970333,0.036148549286656506,0.030623865756871017,0.14413418789052504,0.21434825961576276,0.14413418789052507,0.030623865756871003,0.14413418789052507,0.6803315006916061,1.0,0.6803315006916061,0.14413418789052498,0.21434825961576284,1.0,1.0,1.0,0.21434825961576262,0.14413418789052504,0.6803315006916062,1.0,0.6803315006916062,0.14413418789052498,0.030623865756871028,0.14413418789052496,0.2143482596157628,0.14413418789052498,0.030623865756870983
252,0.0063234498652066885,0.003993610782905706,0.0063234498652066885,0.022978331039777,0.001157290268325308,0.029774903709481895,720,4,0.005161665398015377,1.26876139606343,0.03614854928117448,0.030623875166708663,0.1441342924283811,0.2143483970910875,0.14413429242838116,0.03062387516670866,0.14413429242838113,0.6803312780479058,1.0,0.6803312780479058,0.14413429242838105,0.21434839709108758,1.0,1.0,1.0,0.21434839709108736,0.14413429242838113,0.6803312780479059,1.0,0.6803312780479059,0.14413429242838105,0.030623875166708673,0.14413429242838105,0.2143483970910875,0.14413429242838105,0.030623875166708635
253,0.006323449865207179,0.003993611007799174,0.006323449865207179,0.02297833111287537,0.0011572902770288311,0.029587374074495035,960,4,0.005161664963728371,1.2687613377501188,0.036148549254449804,0.030623913633236816,0.14413437793004535,0.21434853268294393,0.1441343779300454,0.030623913633236816,0.14413437793004538,0.6803310830149698,1.0,0.6803310830149698,0.1441343779300453,0.21434853268294402,1.0,1.0,1.0,0.2143485326829438,0.14413437793004538,0.6803310830149699,1.0,0.6803310830149699,0.1441343779300453,0.030623913633236806,0.14413437793004533,0.21434853268294393,0.1441343779300453,0.030623913633236795
254,0.00632344986520803,0.003993611147723248,0.00632344986520803,0.022978331173351497,0.0011572902843342344,0.029399866651016352,720,4,0.005161664610742995,1.2687612844784844,0.03614854925256579,0.03062393617302582,0.1441344268829079,0.2143486418931151,0.14413442688290795,0.030623936173025817,0.14413442688290792,0.6803309216596274,1.0,0.6803309216596274,0.14413442688290787,0.21434864189311517,1.0,1.0,1.0,0.21434864189311495,0.14413442688290795,0.6803309216596275,1.0,0.6803309216596275,0.14413442688290787,0.030623936173025793,0.1441344268829079,0.21434864189311512,0.14413442688290784,0.030623936173025803
255,0.0063234498652087945,0.0039936111544877605,0.0063234498652087945,0.02297833121974098,0.0011572902903775385,0.029212388841517847,720,4,0.005161664353215065,1.2687612338466971,0.03614854930385836,0.030623920227419138,0.14413443223737088,0.21434870802582856,0.14413443223737094,0.030623920227419124,0.1441344322373709,0.6803307978895325,1.0,0.6803307978895325,0.14413443223737088,0.21434870802582864,1.0,1.0,1.0,0.21434870802582842,0.14413443223737094,0.6803307978895327,1.0,0.6803307978895327,0.14413443223737085,0.030623920227419114,0.14413443223737088,0.21434870802582862,0.14413443223737082,0.030623920227419117
256,0.006323449865209241,0.003993611053565169,0.006323449865209241,0.022978331251355982,0.0011572902951862165,0.029024948047302428,960,4,0.005161664192017279,1.268761187053663,0.036148549414668676,0.030623884395086398,0.14413439815517487,0.21434872429172186,0.1441343981551749,0.030623884395086374,0.1441343981551749,0.6803307135400314,1.0,0.6803307135400314,0.14413439815517487,0.21434872429172191,1.0,1.0,1.0,0.21434872429172172,0.14413439815517493,0.6803307135400314,1.0,0.6803307135400314,0.14413439815517484,0.03062388439508639,0.14413439815517487,0.21434872429172191,0.14413439815517481,0.03062388439508637
257,0.006323449865209363,0.003993610913125705,0.006323449865209363,0.022978331268235765,0.0011572902986760104,0.028837551668211715,720,4,0.005161664118593131,1.2687611479757863,0.03614854957081777,0.03062386633148427,0.14413433764151742,0.214348693786367,0.1441343376415174,0.030623866331484246,0.14413433764151742,0.6803306685061185,1.0,0.6803306685061185,0.1441343376415174,0.21434869378636703,1.0,1.0,1.0,0.21434869378636684,0.14413433764151745,0.6803306685061185,1.0,0.6803306685061185,0.14413433764151737,0.030623866331484274,0.14413433764151737,0.21434869378636706,0.14413433764151734,0.030623866331484232
258,0.00632344986520925,0.003993610789783033,0.00632344986520925,0.022978331271080926,0.0011572903006880151,0.028650207102333857,720,4,0.005161664121644639,1.268761121247481,0.0361485497435441,0.030623885193511037,0.1441342681844671,0.2143486276390642,0.14413426818446703,0.030623885193511023,0.14413426818446706,0.6803306609180636,1.0,0.6803306609180636,0.14413426818446703,0.2143486276390642,1.0,1.0,1.0,0.21434862763906404,0.1441342681844671,0.6803306609180636,1.0,0.6803306609180636,0.144134268184467,0.030623885193511034,0.14413426818446698,0.21434862763906423,0.14413426818446698,0.030623885193510992
259,0.0063234498652090165,0.003993610698999046,0.0063234498652090165,0.02297833126116922,0.0011572903010499758,0.028462921745711547,960,4,0.005161664191209292,1.2687611105925551,0.03614854989778797,0.030623925050139833,0.14413420699732574,0.21434854193607208,0.14413420699732568,0.030623925050139843,0.1441342069973257,0.680330687366086,1.0,0.680330687366086,0.14413420699732565,0.21434854193607208,1.0,1.0,1.0,0.21434854193607192,0.14413420699732574,0.680330687366086,1.0,0.680330687366086,0.14413420699732565,0.03062392505013982,0.1441342069973256,0.21434854193607208,0.14413420699732563,0.030623925050139795
260,0.006323449865208703,0.00399361062848663,0.006323449865208703,0.022978331240252177,0.0011572902996432515,0.02827570299204998,720,4,0.005161664317998287,1.2687611180723972,0.03614855000063957,0.030623952085083072,0.14413416717276833,0.2143484541639395,0.14413416717276828,0.03062395208508309,0.1441341671727683,0.6803307431763556,1.0,0.6803307431763556,0.14413416717276822,0.2143484541639395,1.0,1.0,1.0,0.21434845416393933,0.14413416717276833,0.6803307431763556,1.0,0.6803307431763556,0.14413416717276825,0.030623952085083055,0.1441341671727682,0.2143484541639395,0.14413416717276822,0.030623952085083048
261,0.006323449865208296,0.003993610571952848,0.006323449865208296,0.022978331210434893,0.001157290296459157,0.02808855823242497,720,4,0.005161664490469793,1.2687611440338367,0.03614855002824874,0.030623946190473112,0.1441341553875137,0.21434837989466857,0.14413415538751367,0.030623946190473112,0.1441341553875137,0.6803308227318919,1.0,0.6803308227318918,0.1441341553875136,0.2143483798946686,1.0,1.0,1.0,0.21434837989466843,0.14413415538751367,0.6803308227318918,1.0,0.6803308227318919,0.14413415538751362,0.030623946190473098,0.14413415538751356,0.21434837989466857,0.1441341553875136,0.030623946190473098
262,0.006323449865207822,0.003993610546429363,0.006323449865207822,0.022978331174044426,0.001157290291633116,0.027901494854991184,960,4,0.005161664693701787,1.2687611871564612,0.036148549970150365,0.03062391694706063,0.14413417123325645,0.21434833028046946,0.14413417123325645,0.030623916947060608,0.14413417123325648,0.6803309198236932,1.0,0.680330919823693,0.14413417123325636,0.2143483302804695,1.0,1.0,1.0,0.21434833028046935,0.14413417123325642,0.680330919823693,1.0,0.6803309198236932,0.14413417123325636,0.03062391694706062,0.14413417123325636,0.21434833028046946,0.14413417123325634,0.030623916947060615
263,0.006323449865207356,0.003993610577846523,0.006323449865207356,0.0229783311334941,0.0011572902854507473,0.027714520244690476,960,4,0.0051616649117422276,1.2687612443200507,0.03614854983055826,0.030623891664046055,0.14413420800245422,0.21434831069347288,0.14413420800245424,0.03062389166404603,0.14413420800245427,0.6803310280128709,1.0,0.6803310280128707,0.14413420800245416,0.21434831069347296,1.0,1.0,1.0,0.21434831069347277,0.14413420800245422,0.6803310280128707,1.0,0.6803310280128709,0.14413420800245413,0.030623891664046055,0.1441342080024542,0.2143483106934729,0.1441342080024541,0.03062389166404603
264,0.006323449865206979,0.003993610671959097,0.006323449865206979,0.022978331091151397,0.001157290278325763,0.027527641782960296,720,4,0.005161665131490685,1.2687613105670872,0.03614854962670424,0.030623889529850366,0.14413425468676413,0.21434832058868497,0.1441342546867642,0.030623889529850352,0.1441342546867642,0.680331140983068,1.0,0.6803311409830678,0.1441342546867641,0.21434832058868505,1.0,1.0,1.0,0.21434832058868486,0.14413425468676416,0.6803311409830678,1.0,0.680331140983068,0.14413425468676405,0.03062388952985037,0.14413425468676413,0.214348320588685,0.14413425468676402,0.030623889529850335
265,0.006323449865206751,0.003993610800349967,0.006323449865206751,0.022978331049217437,0.0011572902707552206,0.027340866847442327,960,4,0.0051616653447648896,1.2687613796154835,0.036148549384805814,0.03062390637321031,0.1441342988154421,0.2143483544349066,0.14413429881544215,0.030623906373210306,0.14413429881544215,0.6803312528619879,1.0,0.6803312528619877,0.14413429881544207,0.2143483544349067,1.0,1.0,1.0,0.2143483544349065,0.14413429881544212,0.6803312528619877,1.0,0.6803312528619879,0.144134298815442,0.030623906373210306,0.1441342988154421,0.21434835443490666,0.144134298815442,0.03062390637321028
266,0.006323449865206679,0.003993610915179187,0.006323449865206679,0.02297833100962584,0.001157290263261454,0.027154202811691217,960,4,0.005161665547017955,1.2687614450148823,0.036148549134694785,0.030623921964968746,0.14413432951954538,0.2143484033866751,0.1441343295195454,0.030623921964968742,0.1441343295195454,0.6803313584910979,1.0,0.6803313584910977,0.14413432951954533,0.2143484033866752,1.0,1.0,1.0,0.214348403386675,0.1441343295195454,0.6803313584910977,1.0,0.6803313584910979,0.1441343295195453,0.03062392196496873,0.14413432951954536,0.21434840338667516,0.1441343295195453,0.030623921964968718
267,0.0063234498652067145,0.003993610979527954,0.0063234498652067145,0.022978330973967898,0.001157290256332321,0.02696765704488347,720,4,0.005161665734187573,1.2687615015031897,0.03614854890437907,0.03062392042105709,0.14413434003492898,0.21434845728457064,0.144134340034929,0.030623920421057084,0.144134340034929,0.6803314536251862,1.0,0.680331453625186,0.14413434003492892,0.21434845728457072,1.0,1.0,1.0,0.21434845728457053,0.144134340034929,0.680331453625186,1.0,0.6803314536251862,0.14413434003492892,0.03062392042105707,0.14413434003492895,0.2143484572845707,0.14413434003492892,0.030623920421057067
268,0.006323449865206803,0.003993610987686961,0.006323449865206803,0.022978330943448408,0.0011572902503704109,0.026781236911526552,720,4,0.0051616659005649206,1.2687615459116017,0.036148548715704165,0.030623904051809238,0.14413432896703515,0.21434850657667698,0.14413432896703515,0.030623904051809224,0.14413432896703515,0.6803315350501943,1.0,0.6803315350501941,0.1441343289670351,0.21434850657667703,1.0,1.0,1.0,0.21434850657667687,0.14413432896703518,0.6803315350501941,1.0,0.6803315350501943,0.1441343289670351,0.030623904051809227,0.1441343289670351,0.21434850657667703,0.1441343289670351,0.03062390405180921
269,0.006323449865206911,0.003993610960750123,0.006323449865206911,0.022978330918872553,0.0011572902456587278,0.026594949771168126,720,4,0.005161666039338081,1.2687615772586132,0.036148548581844284,0.030623889331939755,0.14413430005793723,0.21434854383587795,0.14413430005793723,0.030623889331939737,0.14413430005793723,0.6803316006180612,1.0,0.6803316006180611,0.14413430005793718,0.214348543835878,1.0,1.0,1.0,0.21434854383587784,0.14413430005793726,0.6803316006180611,1.0,0.6803316006180613,0.14413430005793718,0.030623889331939755,0.14413430005793718,0.21434854383587804,0.14413430005793718,0.03062388933193972
270,0.0063234498652070155,0.003993610924909603,0.0063234498652070155,0.0229783309006604,0.001157290242345945,0.026408802978105505,720,4,0.005161666144993691,1.2687615961938516,0.036148548506776304,0.030623890736078744,0.14413426071482607,0.21434856467636432,0.14413426071482605,0.030623890736078737,0.14413426071482605,0.6803316492081127,1.0,0.6803316492081126,0.144134260714826,0.21434856467636434,1.0,1.0,1.0,0.21434856467636418,0.14413426071482607,0.6803316492081126,1.0,0.6803316492081128,0.144134260714826,0.030623890736078747,0.144134260714826,0.2143485646763644,0.144134260714826,0.030623890736078713
271,0.006323449865207101,0.003993610892629555,0.006323449865207101,0.022978330888882466,0.0011572902404503593,0.026222803881095352,720,4,0.005161666215326351,1.2687616042715568,0.036148548486407237,0.030623907999152655,0.14413421990486056,0.21434856801352434,0.14413421990486053,0.030623907999152662,0.14413421990486053,0.6803316806321404,1.0,0.6803316806321403,0.14413421990486047,0.21434856801352434,1.0,1.0,1.0,0.21434856801352417,0.14413421990486056,0.6803316806321403,1.0,0.6803316806321406,0.14413421990486047,0.030623907999152652,0.14413421990486047,0.21434856801352442,0.14413421990486047,0.030623907999152628
272,0.006323449865207158,0.003993610860912348,0.006323449865207158,0.02297833088330905,0.001157290239878805,0.02603695982306354,720,4,0.005161666251473116,1.2687616034468365,0.03614854851077873,0.030623927446590836,0.144134186057809,0.21434855573472672,0.14413418605780898,0.030623927446590846,0.14413418605780898,0.6803316955028655,1.0,0.6803316955028654,0.14413418605780892,0.21434855573472672,1.0,1.0,1.0,0.21434855573472655,0.144134186057809,0.6803316955028654,1.0,0.6803316955028655,0.14413418605780892,0.030623927446590822,0.14413418605780892,0.2143485557347268,0.14413418605780892,0.03062392744659081
273,0.006323449865207165,0.003993610823999144,0.006323449865207165,0.022978330883466513,0.0011572902404551474,0.025851278140815254,960,4,0.005161666256281945,1.268761595851579,0.03614854856674601,0.03062393463333015,0.14413416542002527,0.2143485319359222,0.14413416542002525,0.03062393463333015,0.14413416542002525,0.6803316950837441,1.0,0.680331695083744,0.1441341654200252,0.2143485319359222,1.0,1.0,1.0,0.21434853193592204,0.14413416542002525,0.680331695083744,1.0,0.6803316950837441,0.1441341654200252,0.030623934633330133,0.14413416542002516,0.21434853193592227,0.14413416542002516,0.030623934633330126
274,0.006323449865207116,0.003993610785986581,0.006323449865207116,0.022978330888695275,0.0011572902419530213,0.02566576616474538,720,4,0.005161666232653129,1.2687615836486588,0.03614854864061625,0.030623926244643024,0.14413416105774918,0.21434850192363744,0.14413416105774918,0.03062392624464301,0.14413416105774918,0.680331681134342,1.0,0.6803316811343418,0.14413416105774912,0.21434850192363747,1.0,1.0,1.0,0.21434850192363727,0.14413416105774915,0.6803316811343418,1.0,0.680331681134342,0.1441341610577491,0.03062392624464301,0.14413416105774907,0.2143485019236375,0.14413416105774907,0.030623926244642996
275,0.006323449865207026,0.003993610761277601,0.006323449865207026,0.022978330898205522,0.0011572902441275793,0.02548043121854909,720,4,0.00516166618322018,1.268761568779583,0.036148548720341844,0.030623911364920032,0.14413417255103866,0.21434847118557593,0.1441341725510387,0.030623911364920008,0.1441341725510387,0.6803316557617323,1.0,0.6803316557617323,0.14413417255103864,0.21434847118557598,1.0,1.0,1.0,0.2143484711855758,0.14413417255103866,0.6803316557617323,1.0,0.6803316557617323,0.1441341725510386,0.03062391136492003,0.14413417255103858,0.21434847118557598,0.14413417255103855,0.03062391136492
276,0.0063234498652069175,0.003993610763314293,0.0063234498652069175,0.02297833091112794,0.001157290246742133,0.025295280618932704,720,4,0.005161666111332295,1.2687615526360856,0.03614854879697645,0.030623902416378853,0.14413419635529967,0.21434844450275,0.1441341963552997,0.030623902416378836,0.1441341963552997,0.6803316212851278,1.0,0.6803316212851278,0.14413419635529964,0.2143484445027501,1.0,1.0,1.0,0.2143484445027499,0.14413419635529967,0.6803316212851278,1.0,0.6803316212851278,0.14413419635529962,0.030623902416378856,0.14413419635529962,0.21434844450275006,0.14413419635529956,0.030623902416378825
277,0.006323449865206816,0.00399361079254643,0.006323449865206816,0.02297833092655798,0.0011572902495870572,0.025110321675324874,720,4,0.005161666022122982,1.2687615358626472,0.036148548865246724,0.030623904633665155,0.1441342267525602,0.21434842532226292,0.14413422675256024,0.03062390463366515,0.14413422675256024,0.6803315801178353,1.0,0.6803315801178353,0.14413422675256019,0.214348425322263,1.0,1.0,1.0,0.2143484253222628,0.14413422675256024,0.6803315801178353,1.0,0.6803315801178353,0.14413422675256016,0.030623904633665152,0.14413422675256019,0.21434842532226295,0.14413422675256013,0.03062390463366513
278,0.006323449865206738,0.003993610834407769,0.006323449865206738,0.02297833094359329,0.0011572902524900647,0.024925561689587993,720,4,0.0051616659224696035,1.2687615184652978,0.03614854892328146,0.030623912953564283,0.144134257210007,0.2143484154451738,0.14413425721000703,0.030623912953564286,0.144134257210007,0.6803315346673608,1.0,0.6803315346673608,0.14413425721000694,0.21434841544517388,1.0,1.0,1.0,0.2143484154451737,0.14413425721000703,0.6803315346673608,1.0,0.6803315346673608,0.14413425721000692,0.03062391295356427,0.14413425721000697,0.2143484154451738,0.14413425721000692,0.03062391295356426
279,0.006323449865206685,0.0039936108687386816,0.006323449865206685,0.022978330961365107,0.0011572902553186714,0.02474100795572993,960,4,0.00516166581969418,1.268761500197956,0.03614854897172921,0.030623917856735933,0.1441342818385345,0.2143484150215444,0.14413428183853452,0.03062391785673594,0.1441342818385345,0.6803314872516221,1.0,0.6803314872516221,0.14413428183853444,0.21434841502154448,1.0,1.0,1.0,0.21434841502154428,0.14413428183853452,0.6803314872516221,1.0,0.6803314872516221,0.1441342818385344,0.03062391785673591,0.14413428183853447,0.21434841502154436,0.1441342818385344,0.0306239178567359
280,0.006323449865206651,0.003993610882567896,0.006323449865206651,0.022978330979064942,0.001157290257977029,0.0245566677596161,720,4,0.005161665719922144,1.2687614810043424,0.036148549012612115,0.030623914110201874,0.14413429658842522,0.21434842279600388,0.14413429658842522,0.03062391411020187,0.14413429658842522,0.6803314400277687,1.0,0.6803314400277687,0.14413429658842514,0.21434842279600397,1.0,1.0,1.0,0.21434842279600377,0.14413429658842525,0.6803314400277687,1.0,0.6803314400277687,0.14413429658842514,0.030623914110201853,0.14413429658842516,0.21434842279600386,0.14413429658842514,0.030623914110201843
281,0.006323449865206629,0.003993610876331112,0.006323449865206629,0.022978330995967633,0.0011572902603996214,0.02437254837868181,960,4,0.005161665627218817,1.2687614612694234,0.03614854904825682,0.030623904800479676,0.14413429989636561,0.21434843651854477,0.14413429989636561,0.03062390480047966,0.14413429989636561,0.6803313949306421,1.0,0.6803313949306421,0.14413429989636553,0.21434843651854485,1.0,1.0,1.0,0.21434843651854465,0.14413429989636564,0.6803313949306421,1.0,0.6803313949306421,0.14413429989636553,0.030623904800479666,0.14413429989636556,0.21434843651854474,0.14413429989636556,0.030623904800479648
282,0.006323449865206618,0.003993610859943809,0.006323449865206618,0.02297833101145112,0.001157290262544028,0.024188657081644936,960,4,0.0051616655439094,1.268761441784344,0.036148549080529,0.030623897934288175,0.14413429268571332,0.21434845342752368,0.14413429268571332,0.030623897934288154,0.14413429268571332,0.6803313536199768,1.0,0.6803313536199768,0.14413429268571323,0.21434845342752376,1.0,1.0,1.0,0.21434845342752357,0.14413429268571332,0.6803313536199768,1.0,0.6803313536199768,0.14413429268571323,0.030623897934288175,0.14413429268571323,0.21434845342752365,0.14413429268571326,0.030623897934288147
283,0.006323449865206621,0.003993610843438231,0.006323449865206621,0.02297833102501242,0.0011572902643843387,0.02400500112821902,720,4,0.005161665471555127,1.2687614235203057,0.03614854911044504,0.03062389931635475,0.14413427782666213,0.2143484707209371,0.14413427782666213,0.03062389931635473,0.14413427782666213,0.6803313174377931,1.0,0.6803313174377931,0.14413427782666205,0.21434847072093716,1.0,1.0,1.0,0.21434847072093696,0.1441342778266621,0.6803313174377931,1.0,0.6803313174377931,0.14413427782666205,0.030623899316354748,0.14413427782666202,0.21434847072093707,0.14413427782666205,0.030623899316354723
284,0.006323449865206638,0.003993610830230384,0.006323449865206638,0.022978331036278735,0.0011572902659059568,0.023821587768826653,960,4,0.005161665411679026,1.2687614073941003,0.036148549138113086,0.03062390795686965,0.14413425928884588,0.21434848595164124,0.14413425928884588,0.030623907956869638,0.1441342592888459,0.6803312873787941,1.0,0.6803312873787941,0.14413425928884582,0.21434848595164127,1.0,1.0,1.0,0.21434848595164108,0.14413425928884585,0.6803312873787941,1.0,0.6803312873787941,0.14413425928884582,0.030623907956869638,0.14413425928884577,0.21434848595164124,0.1441342592888458,0.03062390795686963
285,0.006323449865206664,0.003993610817587236,0.006323449865206664,0.022978331045012623,0.0011572902671020849,0.02363842424431319,960,4,0.005161665365724322,1.2687613941484635,0.03614854916290401,0.030623917415989365,0.14413424123107796,0.21434849730620525,0.144134241231078,0.030623917415989372,0.144134241231078,0.6803312640764572,1.0,0.6803312640764572,0.14413424123107793,0.21434849730620528,1.0,1.0,1.0,0.2143484973062051,0.14413424123107796,0.6803312640764572,1.0,0.6803312640764572,0.14413424123107793,0.030623917415989348,0.14413424123107788,0.2143484973062053,0.14413424123107788,0.030623917415989358
286,0.00632344986520669,0.003993610802345224,0.00632344986520669,0.022978331051110835,0.001157290267971844,0.02345551778566095,720,4,0.005161665334457862,1.2687613843408014,0.03614854918375204,0.03062392130488238,0.1441342272071989,0.21434850375103098,0.14413422720719893,0.030623921304882392,0.14413422720719893,0.680331247806261,1.0,0.680331247806261,0.14413422720719887,0.214348503751031,1.0,1.0,1.0,0.21434850375103082,0.1441342272071989,0.680331247806261,1.0,0.680331247806261,0.14413422720719887,0.03062392130488236,0.14413422720719882,0.21434850375103107,0.14413422720719882,0.03062392130488236
287,0.006323449865206708,0.003993610786024273,0.006323449865206708,0.022978331054596724,0.0011572902685197198,0.023272875613703756,720,4,0.005161665317468167,1.2687613783497471,0.03614854919950243,0.03062391809827532,0.14413421958816808,0.2143485050503617,0.1441342195881681,0.03062391809827531,0.1441342195881681,0.6803312385058914,1.0,0.6803312385058914,0.14413421958816805,0.21434850505036174,1.0,1.0,1.0,0.21434850505036154,0.1441342195881681,0.6803312385058914,1.0,0.6803312385058914,0.14413421958816805,0.030623918098275305,0.14413421958816802,0.21434850505036182,0.144134219588168,0.03062391809827528
288,0.00632344986520671,0.003993610774880938,0.00632344986520671,0.02297833105560688,0.001157290268755914,0.0230905049388418,960,4,0.005161665313250437,1.268761376327616,0.03614854920923388,0.030623911595234452,0.14413421924999734,0.2143485016769886,0.14413421924999736,0.030623911595234428,0.14413421924999736,0.6803312358108892,1.0,0.6803312358108892,0.1441342192499973,0.21434850167698863,1.0,1.0,1.0,0.21434850167698846,0.14413421924999736,0.6803312358108892,1.0,0.6803312358108892,0.14413421924999728,0.030623911595234452,0.1441342192499973,0.2143485016769887,0.14413421924999725,0.03062391159523441
289,0.006323449865206701,0.003993610775236358,0.006323449865206701,0.022978331054372962,0.0011572902686970447,0.02290841296075707,720,4,0.005161665319833795,1.2687613781119824,0.03614854921248915,0.030623907254402595,0.14413422555173203,0.21434849464666275,0.14413422555173205,0.030623907254402567,0.14413422555173205,0.6803312391031658,1.0,0.6803312391031658,0.144134225551732,0.21434849464666278,1.0,1.0,1.0,0.2143484946466626,0.14413422555173208,0.6803312391031658,1.0,0.6803312391031658,0.14413422555173197,0.030623907254402595,0.14413422555173203,0.21434849464666286,0.14413422555173194,0.03062390725440256
290,0.006323449865206682,0.003993610788301241,0.006323449865206682,0.022978331051199972,0.0011572902683666128,0.022726606868129072,720,4,0.005161665335470864,1.2687613831766988,0.03614854920936534,0.030623907796423763,0.14413423659901625,0.21434848531103817,0.14413423659901628,0.030623907796423745,0.14413423659901628,0.6803312475689384,1.0,0.6803312475689383,0.14413423659901622,0.2143484853110382,1.0,1.0,1.0,0.21434848531103803,0.1441342365990163,0.6803312475689384,1.0,0.6803312475689384,0.1441342365990162,0.030623907796423752,0.14413423659901625,0.21434848531103826,0.14413423659901617,0.03062390779642374
291,0.006323449865206664,0.003993610808754455,0.006323449865206664,0.022978331046442618,0.001157290267794924,0.02254509383835103,720,4,0.0051616653589068055,1.2687613906939976,0.03614854920045449,0.03062391155561186,0.14413424973889452,0.214348475142081,0.14413424973889452,0.030623911555611862,0.14413424973889452,0.6803312602618294,1.0,0.6803312602618293,0.14413424973889447,0.21434847514208105,1.0,1.0,1.0,0.21434847514208089,0.14413424973889455,0.6803312602618294,1.0,0.6803312602618294,0.14413424973889444,0.03062391155561184,0.1441342497388945,0.21434847514208105,0.1441342497388944,0.03062391155561185
292,0.006323449865206648,0.003993610828007491,0.006323449865206648,0.02297833104048152,0.0011572902670183864,0.02236388103724656,720,4,0.005161665389118674,1.2687613997065004,0.03614854918667396,0.030623914456996523,0.14413426217274408,0.21434846553497475,0.14413426217274408,0.030623914456996533,0.14413426217274408,0.6803312761663218,1.0,0.6803312761663217,0.14413426217274403,0.21434846553497483,1.0,1.0,1.0,0.21434846553497464,0.1441342621727441,0.6803312761663218,1.0,0.6803312761663218,0.144134262172744,0.03062391445699651,0.14413426217274405,0.21434846553497477,0.14413426217274397,0.030623914456996512
293,0.006323449865206635,0.003993610839429242,0.006323449865206635,0.022978331033701085,0.0011572902660782964,0.022182975618786776,720,4,0.005161665424827071,1.2687614093331077,0.03614854916906042,0.03062391359218788,0.14413427153915667,0.21434845764878258,0.14413427153915667,0.030623913592187888,0.14413427153915667,0.6803312942567864,1.0,0.6803312942567863,0.14413427153915662,0.2143484576487827,1.0,1.0,1.0,0.21434845764878246,0.1441342715391567,0.6803312942567864,1.0,0.6803312942567865,0.1441342715391566,0.03062391359218787,0.14413427153915662,0.21434845764878258,0.14413427153915656,0.030623913592187857
294,0.0063234498652066234,0.003993610841658458,0.0063234498652066234,0.02297833102647054,0.0011572902650193984,0.022002384724807818,720,4,0.0051616654642115435,1.2687614189132843,0.03614854914860266,0.030623909429688487,0.14413427633239606,0.2143484522963293,0.14413427633239606,0.030623909429688484,0.14413427633239606,0.6803313135481284,1.0,0.6803313135481283,0.144134276332396,0.21434845229632943,1.0,1.0,1.0,0.2143484522963292,0.1441342763323961,0.6803313135481284,1.0,0.6803313135481285,0.14413427633239598,0.030623909429688484,0.14413427633239598,0.2143484522963293,0.14413427633239595,0.030623909429688453
295,0.006323449865206614,0.00399361083801515,0.006323449865206614,0.022978331019128988,0.0011572902638883682,0.021822115484728982,720,4,0.005161665505050708,1.2687614280393653,0.03614854912615918,0.0306239051446855,0.14413427608192994,0.2143484498879348,0.14413427608192994,0.030623905144685475,0.14413427608192994,0.6803313331355814,1.0,0.6803313331355813,0.14413427608192989,0.21434844988793494,1.0,1.0,1.0,0.21434844988793472,0.14413427608192997,0.6803313331355813,1.0,0.6803313331355815,0.14413427608192986,0.030623905144685493,0.14413427608192986,0.21434844988793478,0.14413427608192983,0.03062390514468545
296,0.006323449865206606,0.003993610833096977,0.006323449865206606,0.022978331011974884,0.0011572902627322906,0.021642175015271194,960,4,0.005161665545163935,1.268761436496907,0.03614854910246203,0.030623903941675135,0.14413427129544032,0.21434845042793962,0.14413427129544032,0.030623903941675107,0.14413427129544032,0.6803313522228865,1.0,0.6803313522228865,0.14413427129544026,0.21434845042793976,1.0,1.0,1.0,0.21434845042793954,0.14413427129544032,0.6803313522228864,1.0,0.6803313522228868,0.14413427129544024,0.030623903941675128,0.14413427129544024,0.2143484504279396,0.1441342712954402,0.030623903941675093
297,0.006323449865206601,0.003993610829461554,0.006323449865206601,0.022978331005259534,0.0011572902615970939,0.021462570420176068,720,4,0.0051616655828285885,1.2687614441770585,0.03614854907817649,0.030623906636944812,0.14413426322683281,0.2143484535581983,0.14413426322683281,0.0306239066369448,0.14413426322683281,0.6803313701395314,1.0,0.6803313701395314,0.14413426322683276,0.21434845355819843,1.0,1.0,1.0,0.2143484535581982,0.1441342632268328,0.6803313701395313,1.0,0.6803313701395316,0.14413426322683273,0.030623906636944802,0.14413426322683273,0.2143484535581983,0.1441342632268327,0.030623906636944784
298,0.006323449865206598,0.003993610826712722,0.006323449865206598,0.022978330999184178,0.0011572902605259568,0.021283308789925487,720,4,0.005161665616912758,1.2687614510179581,0.0361485490539748,0.030623911272502195,0.14413425355325774,0.21434845863876434,0.14413425355325774,0.03062391127250219,0.14413425355325774,0.6803313863486031,1.0,0.6803313863486031,0.14413425355325768,0.21434845863876445,1.0,1.0,1.0,0.21434845863876423,0.1441342535532577,0.680331386348603,1.0,0.6803313863486034,0.14413425355325765,0.030623911272502184,0.14413425355325765,0.21434845863876434,0.14413425355325762,0.030623911272502177
299,0.006323449865206601,0.003993610823136551,0.006323449865206601,0.022978330993899863,0.0011572902595576022,0.02110439720146168,720,4,0.0051616656467076295,1.268761456990066,0.03614854903059144,0.030623914794498417,0.14413424403577368,0.21434846485305417,0.1441342440357737,0.030623914794498417,0.14413424403577368,0.6803314004471435,1.0,0.6803314004471435,0.14413424403577363,0.21434846485305425,1.0,1.0,1.0,0.21434846485305403,0.14413424403577366,0.6803314004471434,1.0,0.6803314004471437,0.1441342440357736,0.030623914794498407,0.14413424403577363,0.2143484648530542,0.1441342440357736,0.030623914794498403
300,0.006323449865206605,0.003993610818116942,0.006323449865206605,0.02297833098950939,0.0011572902587247097,0.020925842717907803,720,4,0.0051616656716590315,1.2687614621007925,0.036148549008844295,0.030623915312169108,0.14413423621606372,0.21434847132323884,0.14413423621606375,0.030623915312169098,0.14413423621606372,0.6803314121608671,1.0,0.6803314121608671,0.14413423621606367,0.2143484713232389,1.0,1.0,1.0,0.2143484713232387,0.1441342362160637,0.680331412160867,1.0,0.6803314121608673,0.14413423621606364,0.030623915312169098,0.14413423621606367,0.2143484713232389,0.14413423621606364,0.030623915312169084
301,0.0063234498652066096,0.003993610813262431,0.0063234498652066096,0.0229783309860708,0.001157290258052473,0.020747652388289135,960,4,0.0051616656912316025,1.2687614663850422,0.036148548989617675,0.03062391323485562,0.1441342311834917,0.2143484772217369,0.14413423118349172,0.030623913234855603,0.1441342311834917,0.680331421334948,1.0,0.680331421334948,0.14413423118349164,0.2143484772217369,1.0,1.0,1.0,0.21434847722173672,0.1441342311834917,0.6803314213349478,1.0,0.6803314213349482,0.14413423118349164,0.03062391323485561,0.14413423118349164,0.21434847722173694,0.14413423118349164,0.030623913234855582
302,0.006323449865206614,0.003993610811458693,0.006323449865206614,0.022978330983601716,0.0011572902575575311,0.020569833247254785,960,4,0.005161665704995575,1.2687614698704999,0.03614854897380908,0.030623910629895966,0.14413422943707493,0.21434848186640673,0.14413422943707493,0.030623910629895952,0.14413422943707493,0.6803314279223672,1.0,0.6803314279223672,0.14413422943707488,0.2143484818664067,1.0,1.0,1.0,0.21434848186640654,0.14413422943707493,0.6803314279223671,1.0,0.6803314279223674,0.14413422943707488,0.03062391062989596,0.14413422943707488,0.21434848186640681,0.14413422943707488,0.03062391062989592
303,0.006323449865206615,0.003993610814744193,0.006323449865206615,0.02297833098208419,0.0011572902572472767,0.020392392314799956,960,4,0.005161665712837705,1.2687614725364842,0.036148548962243454,0.03062390950957633,0.14413423085879348,0.2143484847899877,0.1441342308587935,0.030623909509576327,0.1441342308587935,0.6803314319710467,1.0,0.6803314319710466,0.14413423085879346,0.21434848478998764,1.0,1.0,1.0,0.2143484847899875,0.14413423085879354,0.6803314319710466,1.0,0.6803314319710468,0.14413423085879346,0.030623909509576327,0.14413423085879346,0.21434848478998778,0.14413423085879346,0.030623909509576292
304,0.006323449865206616,0.003993610822703668,0.006323449865206616,0.022978330981469633,0.0011572902571196962,0.020215336595988835,720,4,0.005161665715108565,1.2687614742976783,0.03614854895556461,0.03062391041439689,0.14413423479974014,0.214348485778005,0.14413423479974016,0.030623910414396896,0.1441342347997402,0.680331433610616,1.0,0.6803314336106159,0.1441342347997401,0.21434848577800494,1.0,1.0,1.0,0.2143484857780048,0.14413423479974022,0.6803314336106159,1.0,0.6803314336106161,0.1441342347997401,0.030623910414396882,0.1441342347997401,0.21434848577800508,0.1441342347997401,0.030623910414396865
305,0.006323449865206614,0.003993610832535357,0.006323449865206614,0.022978330981683785,0.0011572902571637207,0.020038673080678037,720,4,0.0051616657125788945,1.2687614750304423,0.03614854895412169,0.0306239122509864,0.14413424025809332,0.21434848487327823,0.14413424025809332,0.0306239122509864,0.14413424025809338,0.6803314330392235,1.0,0.6803314330392234,0.14413424025809327,0.2143484848732782,1.0,1.0,1.0,0.21434848487327804,0.1441342402580934,0.6803314330392234,1.0,0.6803314330392236,0.14413424025809327,0.030623912250986388,0.14413424025809327,0.21434848487327832,0.14413424025809327,0.030623912250986388
306,0.006323449865206612,0.003993610840646447,0.006323449865206612,0.02297833098263162,0.001157290257360222,0.01986240874324065,960,4,0.005161665706223369,1.2687614746318154,0.03614854895787746,0.03062391331859359,0.14413424610584968,0.2143484823490115,0.14413424610584968,0.030623913318593585,0.14413424610584974,0.6803314305104122,1.0,0.6803314305104121,0.14413424610584963,0.2143484823490115,1.0,1.0,1.0,0.21434848234901133,0.14413424610584977,0.6803314305104121,1.0,0.6803314305104123,0.14413424610584963,0.030623913318593574,0.14413424610584963,0.21434848234901158,0.14413424610584963,0.030623913318593574
307,0.00632344986520661,0.003993610844593698,0.00632344986520661,0.0229783309842023,0.0011572902576835046,0.019686550542290904,720,4,0.005161665696966337,1.2687614730805843,0.03614854896636524,0.030623912632800777,0.14413425131063354,0.21434847865591547,0.14413425131063354,0.030623912632800766,0.1441342513106336,0.6803314263198746,1.0,0.6803314263198745,0.14413425131063348,0.2143484786559155,1.0,1.0,1.0,0.2143484786559153,0.14413425131063362,0.6803314263198745,1.0,0.6803314263198748,0.14413425131063348,0.03062391263280076,0.14413425131063348,0.21434847865591553,0.14413425131063345,0.03062391263280075
308,0.006323449865206608,0.003993610844098639,0.006323449865206608,0.02297833098627427,0.0011572902581033439,0.019511105420409458,960,4,0.005161665685533481,1.2687614704697234,0.03614854897871212,0.030623910575074208,0.14413425510549788,0.2143484743516059,0.14413425510549788,0.030623910575074194,0.1441342551054979,0.6803314207919348,1.0,0.6803314207919346,0.14413425510549782,0.21434847435160595,1.0,1.0,1.0,0.21434847435160576,0.14413425510549793,0.6803314207919346,1.0,0.6803314207919348,0.14413425510549782,0.030623910575074197,0.14413425510549782,0.21434847435160595,0.14413425510549777,0.03062391057507417
309,0.006323449865206605,0.003993610840650695,0.006323449865206605,0.022978330988720364,0.001157290258587367,0.019336080303869303,960,4,0.005161665672465071,1.268761466997923,0.036148548993729115,0.0306239085030356,0.1441342570801644,0.21434847002228985,0.1441342570801644,0.030623908503035587,0.1441342570801644,0.6803314142658272,1.0,0.6803314142658271,0.14413425708016434,0.21434847002228993,1.0,1.0,1.0,0.2143484700222897,0.14413425708016442,0.6803314142658271,1.0,0.6803314142658272,0.14413425708016434,0.030623908503035598,0.14413425708016434,0.21434847002228988,0.14413425708016425,0.030623908503035563
310,0.006323449865206603,0.003993610836202479,0.006323449865206603,0.022978330991412936,0.0011572902591034432,0.019161482102362355,720,4,0.005161665658235035,1.2687614629307484,0.036148549010051545,0.030623907725130718,0.14413425719173828,0.21434846620718803,0.14413425719173828,0.030623907725130704,0.14413425719173825,0.6803314070821221,1.0,0.680331407082122,0.14413425719173822,0.21434846620718812,1.0,1.0,1.0,0.2143484662071879,0.14413425719173828,0.680331407082122,1.0,0.6803314070821221,0.14413425719173822,0.030623907725130715,0.14413425719173822,0.21434846620718803,0.1441342571917381,0.030623907725130687
311,0.006323449865206601,0.003993610831959457,0.006323449865206601,0.022978330994228656,0.001157290259621951,0.018987317708726654,720,4,0.005161665643363821,1.2687614585543794,0.03614854902630199,0.03062390862282361,0.14413425571147034,0.21434846333513666,0.14413425571147037,0.0306239086228236,0.14413425571147032,0.6803313995698487,1.0,0.6803313995698486,0.14413425571147032,0.21434846333513674,1.0,1.0,1.0,0.21434846333513652,0.14413425571147034,0.6803313995698486,1.0,0.6803313995698486,0.1441342557114703,0.030623908622823603,0.1441342557114703,0.21434846333513663,0.14413425571147018,0.030623908622823593
312,0.006323449865206599,0.003993610828017911,0.006323449865206599,0.02297833099705285,0.0011572902601175868,0.01881359399867423,960,4,0.005161665628440645,1.2687614541413335,0.03614854904124643,0.03062391049512625,0.14413425313178724,0.21434846168052687,0.14413425313178727,0.030623910495126246,0.1441342531317872,0.6803313920349305,1.0,0.6803313920349304,0.1441342531317872,0.21434846168052696,1.0,1.0,1.0,0.21434846168052674,0.1441342531317872,0.6803313920349304,1.0,0.6803313920349303,0.14413425313178715,0.030623910495126246,0.14413425313178718,0.21434846168052685,0.14413425313178707,0.030623910495126243
313,0.006323449865206598,0.003993610823900022,0.006323449865206598,0.022978330999783157,0.00115729026057061,0.018640317830519705,720,4,0.00516166561404956,1.2687614499338205,0.036148549053920245,0.03062391213520743,0.14413425005629987,0.21434846134259736,0.1441342500562999,0.030623912135207425,0.14413425005629985,0.6803313847504748,1.0,0.6803313847504747,0.14413425005629985,0.21434846134259744,1.0,1.0,1.0,0.21434846134259722,0.14413425005629985,0.6803313847504748,1.0,0.6803313847504746,0.1441342500562998,0.030623912135207425,0.14413425005629982,0.21434846134259736,0.14413425005629973,0.030623912135207414
314,0.006323449865206597,0.003993610819419337,0.006323449865206597,0.022978331002332306,0.0011572902609674077,0.018467496044909503,720,4,0.005161665600662657,1.2687614461375203,0.036148549063709755,0.03062391266062416,0.14413424709021921,0.21434846224866025,0.14413424709021924,0.030623912660624145,0.1441342470902192,0.680331377949307,1.0,0.6803313779493069,0.1441342470902192,0.21434846224866033,1.0,1.0,1.0,0.2143484622486601,0.1441342470902192,0.680331377949307,1.0,0.6803313779493068,0.14413424709021913,0.03062391266062415,0.14413424709021916,0.21434846224866028,0.1441342470902191,0.030623912660624128
315,0.006323449865206597,0.003993610815178787,0.006323449865206597,0.022978331004630002,0.0011572902613004598,0.018295135464551783,960,4,0.005161665588578335,1.2687614429149008,0.03614854907038402,0.030623912020003453,0.14413424474423325,0.21434846417866338,0.14413424474423328,0.030623912020003433,0.14413424474423323,0.6803313718189817,1.0,0.6803313718189816,0.1441342447442332,0.21434846417866343,1.0,1.0,1.0,0.21434846417866324,0.14413424474423323,0.6803313718189817,1.0,0.6803313718189815,0.14413424474423317,0.030623912020003443,0.1441342447442332,0.2143484641786634,0.14413424474423317,0.030623912020003412
316,0.006323449865206598,0.003993610812364773,0.006323449865206598,0.022978331006623824,0.001157290261567728,0.018123242893947157,720,4,0.005161665577942023,1.2687614403730971,0.036148549074077364,0.030623910894213784,0.14413424336268765,0.21434846680599365,0.14413424336268768,0.030623910894213763,0.14413424336268765,0.6803313664993518,1.0,0.6803313664993517,0.14413424336268757,0.2143484668059937,1.0,1.0,1.0,0.2143484668059935,0.14413424336268763,0.6803313664993518,1.0,0.6803313664993516,0.14413424336268757,0.030623910894213773,0.1441342433626876,0.21434846680599368,0.1441342433626876,0.030623910894213742
317,0.006323449865206599,0.003993610812035465,0.006323449865206599,0.022978331008279222,0.0011572902617716446,0.017951825119119972,720,4,0.005161665568826736,1.2687614385506736,0.03614854907522859,0.030623910144275252,0.14413424308502837,0.21434846974784902,0.1441342430850284,0.03062391014427524,0.1441342430850284,0.6803313620826267,1.0,0.6803313620826266,0.14413424308502829,0.21434846974784907,1.0,1.0,1.0,0.2143484697478489,0.14413424308502834,0.6803313620826267,1.0,0.6803313620826265,0.14413424308502829,0.030623910144275242,0.1441342430850283,0.21434846974784907,0.14413424308502834,0.030623910144275217
318,0.006323449865206599,0.003993610814429063,0.006323449865206599,0.022978331009578627,0.001157290261917819,0.017780888907350457,960,4,0.005161665561314126,1.268761437412796,0.036148549074486364,0.030623910227530606,0.1441342438454319,0.21434847261792953,0.14413424384543191,0.0306239102275306,0.14413424384543194,0.6803313586157058,1.0,0.6803313586157057,0.1441342438454318,0.21434847261792958,1.0,1.0,1.0,0.21434847261792944,0.1441342438454319,0.6803313586157058,1.0,0.6803313586157056,0.14413424384543183,0.030623910227530596,0.14413424384543186,0.2143484726179296,0.1441342438454319,0.03062391022753058
319,0.006323449865206599,0.003993610818754151,0.006323449865206599,0.022978331010519847,0.0011572902620137005,0.017610441006907573,720,4,0.005161665555523832,1.268761436861966,0.0361485490725953,0.030623910960492058,0.1441342454086966,0.21434847507457994,0.14413424540869665,0.030623910960492058,0.14413424540869668,0.6803313561044114,1.0,0.6803313561044113,0.14413424540869654,0.21434847507458,1.0,1.0,1.0,0.21434847507457985,0.14413424540869665,0.6803313561044114,1.0,0.6803313561044112,0.14413424540869657,0.030623910960492048,0.1441342454086966,0.21434847507458002,0.14413424540869663,0.030623910960492037
320,0.006323449865206599,0.0039936108235683505,0.006323449865206599,0.022978331011114003,0.0011572902620672978,0.01744048814678257,960,4,0.005161665551578795,1.2687614367635969,0.036148549070279645,0.030623911728694244,0.14413424743265457,0.21434847685872613,0.14413424743265463,0.03062391172869424,0.14413424743265466,0.6803313545191182,1.0,0.6803313545191181,0.14413424743265452,0.21434847685872618,1.0,1.0,1.0,0.21434847685872602,0.14413424743265466,0.6803313545191182,1.0,0.6803313545191181,0.14413424743265457,0.03062391172869423,0.14413424743265457,0.21434847685872618,0.1441342474326546,0.03062391172869422
321,0.0063234498652066,0.0039936108274736875,0.0063234498652066,0.022978331011383066,0.0011572902620861291,0.017271037036423374,720,4,0.005161665549536583,1.2687614369779538,0.036148549068142716,0.030623911945212755,0.14413424954175377,0.21434847781777755,0.14413424954175383,0.03062391194521275,0.14413424954175386,0.6803313538012026,1.0,0.6803313538012025,0.14413424954175372,0.2143484778177776,1.0,1.0,1.0,0.21434847781777744,0.14413424954175386,0.6803313538012026,1.0,0.6803313538012025,0.14413424954175377,0.030623911945212745,0.14413424954175375,0.2143484778177776,0.14413424954175377,0.030623911945212728
322,0.006323449865206599,0.003993610829698946,0.006323449865206599,0.022978331011357364,0.0011572902620765168,0.01710209436546965,720,4,0.005161665549334491,1.2687614373871707,0.03614854906659657,0.030623911432120985,0.1441342513954549,0.21434847791384504,0.14413425139545497,0.03062391143212097,0.144134251395455,0.6803313538697481,1.0,0.680331353869748,0.14413425139545488,0.2143484779138451,1.0,1.0,1.0,0.21434847791384493,0.14413425139545502,0.6803313538697481,1.0,0.680331353869748,0.14413425139545494,0.030623911432120975,0.14413425139545488,0.21434847791384506,0.14413425139545488,0.030623911432120954
323,0.006323449865206599,0.003993610830265749,0.006323449865206599,0.022978331011073154,0.0011572902620432726,0.016933666803488786,720,4,0.005161665550781959,1.2687614379093775,0.03614854906582993,0.03062391049542823,0.1441342527388808,0.21434847721682904,0.14413425273888084,0.030623910495428213,0.14413425273888086,0.6803313546280334,1.0,0.6803313546280334,0.14413425273888078,0.2143484772168291,1.0,1.0,1.0,0.21434847721682893,0.1441342527388809,0.6803313546280334,1.0,0.6803313546280334,0.1441342527388808,0.03062391049542822,0.14413425273888075,0.21434847721682904,0.14413425273888072,0.030623910495428203
324,0.006323449865206599,0.003993610829724274,0.006323449865206599,0.022978331010570386,0.0011572902619896843,0.016765760999712533,960,4,0.005161665553601447,1.2687614384988173,0.036148549065814925,0.0306239096881585,0.14413425342977276,0.21434847588485484,0.14413425342977276,0.030623909688158483,0.1441342534297728,0.6803313559694679,1.0,0.6803313559694679,0.14413425342977274,0.2143484758848549,1.0,1.0,1.0,0.2143484758848547,0.14413425342977282,0.6803313559694679,1.0,0.6803313559694679,0.14413425342977274,0.030623909688158486,0.14413425342977268,0.21434847588485484,0.14413425342977265,0.030623909688158476
325,0.006323449865206599,0.003993610828694664,0.006323449865206599,0.022978331009890756,0.0011572902619178239,0.016598383582774517,720,4,0.005161665557490844,1.268761439136838,0.036148549066345834,0.03062390944926197,0.1441342534423762,0.21434847413591226,0.1441342534423762,0.030623909449261952,0.1441342534423762,0.6803313577827835,1.0,0.6803313577827835,0.14413425344237618,0.21434847413591232,1.0,1.0,1.0,0.21434847413591213,0.14413425344237624,0.6803313577827835,1.0,0.6803313577827836,0.14413425344237618,0.030623909449261952,0.14413425344237613,0.21434847413591226,0.1441342534423761,0.03062390944926194
326,0.006323449865206598,0.003993610827517575,0.006323449865206598,0.022978331009076085,0.0011572902618289932,0.01643154116044858,960,4,0.005161665562173001,1.2687614398208038,0.03614854906709888,0.03062390985473706,0.14413425285319653,0.21434847221525483,0.14413425285319653,0.030623909854737046,0.14413425285319653,0.6803313599564133,1.0,0.6803313599564133,0.1441342528531965,0.21434847221525488,1.0,1.0,1.0,0.2143484722152547,0.14413425285319653,0.6803313599564133,1.0,0.6803313599564134,0.14413425285319648,0.030623909854737046,0.14413425285319645,0.21434847221525483,0.14413425285319642,0.03062390985473703
327,0.006323449865206598,0.00399361082619293,0.006323449865206598,0.02297833100816695,0.001157290261724288,0.016265240319387857,720,4,0.005161665567411931,1.2687614405559544,0.036148549067701215,0.03062391061532216,0.14413425181502332,0.21434847036311058,0.14413425181502332,0.030623910615322155,0.1441342518150233,0.6803313623820624,1.0,0.6803313623820624,0.14413425181502326,0.21434847036311064,1.0,1.0,1.0,0.21434847036311044,0.1441342518150233,0.6803313623820624,1.0,0.6803313623820625,0.14413425181502323,0.03062391061532215,0.14413425181502323,0.21434847036311058,0.14413425181502318,0.030623910615322127
328,0.006323449865206598,0.003993610824577646,0.006323449865206598,0.022978331007201667,0.0011572902616050454,0.016099487624864822,960,4,0.005161665572998694,1.2687614413512254,0.036148549067797686,0.030623911288144578,0.1441342505250452,0.21434846878665334,0.1441342505250452,0.03062391128814458,0.14413425052504517,0.6803313649575258,1.0,0.6803313649575258,0.14413425052504514,0.21434846878665342,1.0,1.0,1.0,0.21434846878665323,0.14413425052504517,0.6803313649575258,1.0,0.6803313649575259,0.1441342505250451,0.030623911288144578,0.1441342505250451,0.21434846878665337,0.14413425052504505,0.03062391128814455
329,0.006323449865206597,0.003993610822659663,0.006323449865206597,0.022978331006215446,0.0011572902614732576,0.015934289620512004,720,4,0.005161665578727261,1.2687614422168658,0.036148549067107294,0.030623911547996017,0.14413424919165863,0.2143484676391522,0.14413424919165863,0.03062391154799602,0.1441342491916586,0.6803313675888248,1.0,0.6803313675888248,0.14413424919165857,0.21434846763915227,1.0,1.0,1.0,0.21434846763915208,0.1441342491916586,0.6803313675888248,1.0,0.680331367588825,0.14413424919165851,0.030623911547996013,0.14413424919165854,0.21434846763915222,0.1441342491916585,0.030623911547995993
330,0.006323449865206597,0.003993610820708889,0.006323449865206597,0.022978331005239855,0.0011572902613317866,0.015769652828063797,720,4,0.005161665584382599,1.2687614431610668,0.03614854906546329,0.0306239113521099,0.14413424800370825,0.21434846700796137,0.14413424800370825,0.030623911352109897,0.14413424800370822,0.6803313701917526,1.0,0.6803313701917526,0.1441342480037082,0.21434846700796148,1.0,1.0,1.0,0.21434846700796129,0.14413424800370822,0.6803313701917526,1.0,0.6803313701917527,0.14413424800370814,0.03062391135210989,0.14413424800370817,0.21434846700796142,0.1441342480037081,0.030623911352109883
331,0.006323449865206598,0.003993610819212325,0.006323449865206598,0.022978331004302396,0.0011572902611843962,0.015605583747098827,720,4,0.0051616655897513955,1.2687614441845725,0.03614854906283392,0.030623910919380815,0.14413424710553327,0.21434846691172527,0.14413424710553327,0.0306239109193808,0.14413424710553324,0.680331372692921,1.0,0.680331372692921,0.14413424710553321,0.21434846691172538,1.0,1.0,1.0,0.21434846691172518,0.14413424710553324,0.680331372692921,1.0,0.6803313726929211,0.14413424710553316,0.030623910919380798,0.14413424710553321,0.21434846691172532,0.14413424710553316,0.030623910919380798
332,0.006323449865206597,0.003993610818646991,0.006323449865206597,0.02297833100342628,0.0011572902610356304,0.01544208885478348,960,4,0.005161665594649466,1.2687614452747202,0.03614854905932277,0.030623910563979045,0.14413424658081755,0.21434846730601198,0.14413424658081755,0.030623910563979024,0.14413424658081755,0.6803313750304025,1.0,0.6803313750304025,0.1441342465808175,0.2143484673060121,1.0,1.0,1.0,0.2143484673060119,0.14413424658081755,0.6803313750304025,1.0,0.6803313750304026,0.14413424658081744,0.030623910563979027,0.1441342465808175,0.21434846730601204,0.14413424658081747,0.030623910563979024
333,0.0063234498652065966,0.003993610819237707,0.0063234498652065966,0.02297833100263031,0.0011572902608905419,0.01527917460561619,960,4,0.005161665598949487,1.2687614464018027,0.03614854905515052,0.030623910500344555,0.14413424644725106,0.21434846809567437,0.14413424644725106,0.03062391050034454,0.14413424644725106,0.680331377154046,1.0,0.680331377154046,0.144134246447251,0.21434846809567448,1.0,1.0,1.0,0.2143484680956743,0.1441342464472511,0.680331377154046,1.0,0.6803313771540461,0.14413424644725095,0.030623910500344544,0.144134246447251,0.21434846809567443,0.144134246447251,0.03062391050034453
334,0.0063234498652065966,0.00399361082084126,0.0063234498652065966,0.022978331001928847,0.001157290260754311,0.015116847431172531,720,4,0.005161665602593397,1.2687614475201385,0.03614854905062186,0.030623910734519012,0.14413424666223354,0.21434846915164188,0.14413424666223357,0.030623910734519,0.14413424666223357,0.6803313790255198,1.0,0.6803313790255198,0.14413424666223348,0.214348469151642,1.0,1.0,1.0,0.2143484691516418,0.1441342466622336,0.6803313790255198,1.0,0.6803313790255199,0.14413424666223346,0.030623910734519002,0.14413424666223348,0.21434846915164193,0.1441342466622335,0.030623910734518978
335,0.006323449865206597,0.003993610823012367,0.006323449865206597,0.02297833100133191,0.0011572902606318174,0.014955113739851407,720,4,0.005161665605583463,1.2687614485742205,0.03614854904608321,0.03062391109005919,0.14413424713770087,0.21434847032960316,0.1441342471377009,0.03062391109005918,0.1441342471377009,0.6803313806181096,1.0,0.6803313806181096,0.14413424713770082,0.21434847032960325,1.0,1.0,1.0,0.21434847032960305,0.14413424713770093,0.6803313806181096,1.0,0.6803313806181097,0.1441342471377008,0.03062391109005918,0.14413424713770082,0.21434847032960322,0.14413424713770084,0.030623911090059148
336,0.006323449865206597,0.003993610825201215,0.006323449865206597,0.02297833100084533,0.0011572902605272654,0.01479397991662202,720,4,0.0051616656079578604,1.2687614495080557,0.036148549041878204,0.030623911333777218,0.14413424776037773,0.21434847148813657,0.14413424776037775,0.030623911333777214,0.14413424776037775,0.6803313819162753,1.0,0.6803313819162753,0.14413424776037767,0.21434847148813663,1.0,1.0,1.0,0.21434847148813643,0.14413424776037778,0.6803313819162753,1.0,0.6803313819162754,0.14413424776037764,0.03062391133377721,0.14413424776037767,0.21434847148813663,0.1441342477603777,0.03062391133377718
337,0.006323449865206597,0.003993610826969283,0.006323449865206597,0.022978331000470996,0.0011572902604438209,0.01463345232277182,720,4,0.005161665609763732,1.2687614502745508,0.036148549038307165,0.030623911316353662,0.14413424841300676,0.2143484725042311,0.1441342484130068,0.03062391131635366,0.1441342484130068,0.6803313829149625,1.0,0.6803313829149625,0.1441342484130067,0.21434847250423117,1.0,1.0,1.0,0.21434847250423097,0.14413424841300682,0.6803313829149625,1.0,0.6803313829149626,0.14413424841300668,0.030623911316353652,0.1441342484130067,0.21434847250423117,0.1441342484130067,0.030623911316353628
338,0.006323449865206597,0.00399361082811719,0.006323449865206597,0.022978331000207228,0.0011572902603834122,0.014473537295655309,720,4,0.005161665611039801,1.2687614508420941,0.036148549035596216,0.03062391104774328,0.14413424899258104,0.21434847328473042,0.14413424899258107,0.030623911047743275,0.14413424899258107,0.6803313836186713,1.0,0.6803313836186713,0.14413424899258098,0.21434847328473047,1.0,1.0,1.0,0.21434847328473028,0.14413424899258107,0.6803313836186713,1.0,0.6803313836186714,0.14413424899258095,0.030623911047743268,0.14413424899258098,0.21434847328473047,0.14413424899258095,0.030623911047743254
339,0.006323449865206597,0.003993610828680469,0.006323449865206597,0.022978331000049187,0.0011572902603466213,0.014314241148443985,720,4,0.005161665611813703,1.2687614511969783,0.03614854903387852,0.030623910675273203,0.14413424942300906,0.21434847377292232,0.1441342494230091,0.030623910675273203,0.1441342494230091,0.6803313840403038,1.0,0.6803313840403038,0.144134249423009,0.21434847377292238,1.0,1.0,1.0,0.2143484737729222,0.14413424942300906,0.6803313840403038,1.0,0.6803313840403039,0.144134249423009,0.030623910675273196,0.144134249423009,0.21434847377292238,0.14413424942300895,0.030623910675273192
340,0.006323449865206597,0.003993610828823604,0.006323449865206597,0.022978330999989388,0.001157290260332725,0.014155570169876947,720,4,0.005161665612110746,1.2687614513420904,0.036148549033188926,0.030623910390018345,0.14413424966135702,0.21434847395018342,0.14413424966135704,0.030623910390018348,0.14413424966135704,0.6803313841998332,1.0,0.6803313841998332,0.14413424966135696,0.21434847395018347,1.0,1.0,1.0,0.2143484739501833,0.14413424966135702,0.6803313841998332,1.0,0.6803313841998333,0.144134249661357,0.03062391039001834,0.14413424966135696,0.21434847395018347,0.1441342496613569,0.030623910390018338
341,0.006323449865206597,0.003993610828708222,0.006323449865206597,0.022978331000018243,0.0011572902603398316,0.013997530624012749,720,4,0.005161665611965704,1.2687614512934637,0.03614854903347036,0.030623910321664425,0.14413424969823904,0.21434847383318062,0.1441342496982391,0.030623910321664418,0.14413424969823907,0.6803313841228542,1.0,0.6803313841228541,0.144134249698239,0.2143484738331807,1.0,1.0,1.0,0.2143484738331805,0.14413424969823904,0.6803313841228541,1.0,0.6803313841228542,0.14413424969823904,0.030623910321664418,0.14413424969823901,0.21434847383318067,0.14413424969823893,0.030623910321664408
342,0.006323449865206597,0.003993610828409022,0.006323449865206597,0.02297833100012461,0.0011572902603651245,0.013840128749982061,960,4,0.005161665611429477,1.2687614510764527,0.0361485490345895,0.0306239104790305,0.14413424955372883,0.21434847346757216,0.1441342495537289,0.030623910479030476,0.14413424955372886,0.6803313838390841,1.0,0.6803313838390839,0.14413424955372878,0.21434847346757224,1.0,1.0,1.0,0.21434847346757205,0.14413424955372883,0.6803313838390839,1.0,0.680331383839084,0.14413424955372883,0.030623910479030486,0.1441342495537288,0.21434847346757221,0.14413424955372872,0.03062391047903047
343,0.006323449865206597,0.003993610827910857,0.006323449865206597,0.022978331000296358,0.001157290260405146,0.01368337076174135,960,4,0.005161665610566897,1.2687614507226108,0.03614854903635854,0.03062391076072312,0.14413424927035084,0.2143484729194073,0.1441342492703509,0.030623910760723093,0.1441342492703509,0.6803313833808818,1.0,0.6803313833808816,0.14413424927035082,0.2143484729194074,1.0,1.0,1.0,0.2143484729194072,0.14413424927035087,0.6803313833808816,1.0,0.6803313833808817,0.14413424927035087,0.030623910760723103,0.14413424927035084,0.21434847291940734,0.14413424927035076,0.03062391076072308
344,0.006323449865206597,0.003993610827170394,0.006323449865206597,0.02297833100052089,0.0011572902604561107,0.013527262847827579,720,4,0.0051616656094475785,1.2687614502673998,0.03614854903855969,0.03062391102023184,0.14413424890452134,0.21434847226550155,0.1441342489045214,0.030623911020231816,0.1441342489045214,0.6803313827818462,1.0,0.680331382781846,0.1441342489045213,0.2143484722655016,1.0,1.0,1.0,0.2143484722655014,0.14413424890452137,0.680331382781846,1.0,0.6803313827818461,0.14413424890452134,0.03062391102023183,0.14413424890452134,0.21434847226550155,0.14413424890452126,0.0306239110202318
345,0.006323449865206597,0.003993610826193676,0.006323449865206597,0.02297833100078563,0.0011572902605141882,0.013371811171113891,720,4,0.005161665608135272,1.2687614497481994,0.036148549040969605,0.030623911144279804,0.14413424851753673,0.21434847158398357,0.14413424851753678,0.030623911144279786,0.14413424851753678,0.6803313820755423,1.0,0.6803313820755421,0.1441342485175367,0.2143484715839836,1.0,1.0,1.0,0.2143484715839834,0.14413424851753676,0.6803313820755421,1.0,0.6803313820755422,0.1441342485175367,0.030623911144279793,0.14413424851753673,0.21434847158398354,0.14413424851753665,0.03062391114427977
346,0.006323449865206597,0.003993610825080173,0.006323449865206597,0.02297833100107842,0.0011572902605757804,0.013217021868566318,720,4,0.005161665606681261,1.2687614492020125,0.03614854904338116,0.030623911103000133,0.14413424816703058,0.21434847094601028,0.1441342481670306,0.03062391110300013,0.1441342481670306,0.6803313812943939,1.0,0.6803313812943936,0.14413424816703055,0.21434847094601028,1.0,1.0,1.0,0.2143484709460101,0.1441342481670306,0.6803313812943936,1.0,0.6803313812943937,0.14413424816703052,0.030623911103000126,0.14413424816703055,0.21434847094601026,0.1441342481670305,0.030623911103000112
347,0.0063234498652065966,0.003993610824009463,0.0063234498652065966,0.02297833100138788,0.0011572902606377259,0.013062901051001453,720,4,0.005161665605124465,1.2687614486626768,0.03614854904562078,0.030623910951277575,0.1441342478997462,0.2143484704093686,0.1441342478997462,0.030623910951277578,0.1441342478997462,0.6803313804687697,1.0,0.6803313804687695,0.14413424789974616,0.2143484704093686,1.0,1.0,1.0,0.2143484704093684,0.14413424789974622,0.6803313804687695,1.0,0.6803313804687696,0.1441342478997461,0.030623910951277568,0.14413424789974613,0.21434847040936858,0.1441342478997461,0.030623910951277564
348,0.006323449865206597,0.0039936108231805965,0.006323449865206597,0.022978331001703663,0.0011572902606974216,0.012909454802845312,720,4,0.005161665603497114,1.2687614481579683,0.03614854904755997,0.030623910788251437,0.14413424774639427,0.21434847001437038,0.14413424774639427,0.030623910788251444,0.14413424774639425,0.6803313796262793,1.0,0.6803313796262791,0.14413424774639425,0.21434847001437038,1.0,1.0,1.0,0.21434847001437018,0.1441342477463943,0.6803313796262791,1.0,0.6803313796262792,0.14413424774639416,0.030623910788251434,0.1441342477463942,0.21434847001437035,0.1441342477463942,0.03062391078825143
349,0.0063234498652065966,0.00399361082273798,0.0063234498652065966,0.02297833100201663,0.001157290260752929,0.012756689181893002,960,4,0.005161665601832189,1.2687614477073295,0.036148549049120626,0.0306239107015055,0.14413424771916153,0.21434846978213856,0.14413424771916153,0.0306239107015055,0.1441342477191615,0.6803313787912807,1.0,0.6803313787912805,0.1441342477191615,0.2143484697821386,1.0,1.0,1.0,0.2143484697821384,0.14413424771916156,0.6803313787912805,1.0,0.6803313787912806,0.14413424771916142,0.030623910701505497,0.14413424771916145,0.21434846978213856,0.14413424771916147,0.030623910701505486
350,0.0063234498652065966,0.003993610822720785,0.0063234498652065966,0.022978331002318986,0.0011572902608029435,0.012604610219069674,960,4,0.005161665600168461,1.2687614473209199,0.03614854905027429,0.030623910725639417,0.14413424781206452,0.21434846971511096,0.14413424781206452,0.03062391072563941,0.14413424781206452,0.6803313779845923,1.0,0.6803313779845921,0.1441342478120645,0.21434846971511098,1.0,1.0,1.0,0.2143484697151108,0.14413424781206458,0.6803313779845921,1.0,0.6803313779845922,0.14413424781206444,0.030623910725639414,0.14413424781206444,0.21434846971511098,0.1441342478120645,0.03062391072563939
351,0.006323449865206597,0.003993610823057337,0.006323449865206597,0.02297833100260429,0.0011572902608467626,0.012453223918192376,720,4,0.0051616655985507005,1.2687614470002748,0.03614854905103619,0.030623910833059556,0.1441342480038685,0.21434846979937638,0.1441342480038685,0.030623910833059546,0.1441342480038685,0.6803313772233893,1.0,0.6803313772233892,0.14413424800386848,0.2143484697993764,1.0,1.0,1.0,0.21434846979937622,0.14413424800386856,0.6803313772233892,1.0,0.6803313772233893,0.14413424800386845,0.03062391083305955,0.14413424800386843,0.2143484697993764,0.14413424800386848,0.030623910833059518
352,0.006323449865206597,0.003993610823602319,0.006323449865206597,0.022978331002867454,0.0011572902608842047,0.012302536255733068,720,4,0.00516166559702531,1.2687614467403252,0.03614854905145562,0.030623910956364638,0.14413424826284998,0.21434847000832238,0.14413424826284998,0.030623910956364624,0.14413424826285,0.6803313765212539,1.0,0.6803313765212539,0.14413424826284996,0.21434847000832244,1.0,1.0,1.0,0.21434847000832224,0.14413424826285004,0.6803313765212539,1.0,0.680331376521254,0.14413424826284996,0.030623910956364627,0.1441342482628499,0.21434847000832244,0.14413424826284996,0.030623910956364592
353,0.006323449865206597,0.003993610824195507,0.006323449865206597,0.02297833100310467,0.0011572902609154698,0.012152553180582604,720,4,0.005161665595633726,1.2687614465321186,0.03614854905160432,0.03062391102668968,0.14413424855241244,0.21434847030701623,0.14413424855241247,0.030623911026689665,0.1441342485524125,0.680331375888345,1.0,0.680331375888345,0.14413424855241241,0.21434847030701631,1.0,1.0,1.0,0.21434847030701612,0.1441342485524125,0.680331375888345,1.0,0.6803313758883451,0.14413424855241244,0.030623911026689665,0.1441342485524124,0.2143484703070163,0.14413424855241241,0.030623911026689633
354,0.0063234498652065966,0.003993610824714566,0.0063234498652065966,0.02297833100331332,0.0011572902609410427,0.01200328061381602,720,4,0.005161665594406672,1.2687614463654648,0.03614854905156442,0.030623911007349243,0.14413424883654033,0.21434847065675652,0.14413424883654036,0.030623911007349233,0.14413424883654039,0.6803313753316532,1.0,0.6803313753316532,0.1441342488365403,0.2143484706567566,1.0,1.0,1.0,0.2143484706567564,0.14413424883654039,0.6803313753316532,1.0,0.6803313753316533,0.14413424883654033,0.030623911007349233,0.1441342488365403,0.21434847065675658,0.1441342488365403,0.030623911007349208
355,0.006323449865206597,0.003993610825101623,0.006323449865206597,0.022978331003491854,0.0011572902609615497,0.011854724448458654,960,4,0.0051616655933615,1.268761446230913,0.036148549051417775,0.030623910907674766,0.14413424908427946,0.2143484710193079,0.1441342490842795,0.03062391090767476,0.14413424908427952,0.6803313748553074,1.0,0.6803313748553074,0.14413424908427944,0.21434847101930798,1.0,1.0,1.0,0.2143484710193078,0.14413424908427952,0.6803313748553074,1.0,0.6803313748553075,0.14413424908427946,0.030623910907674756,0.14413424908427944,0.21434847101930796,0.14413424908427944,0.03062391090767474
356,0.006323449865206597,0.003993610825358392,0.006323449865206597,0.022978331003639673,0.0011572902609776736,0.01170689054925351,720,4,0.005161665592503198,1.2687614461208148,0.03614854905123716,0.030623910773582192,0.144134249272772,0.21434847136044569,0.14413424927277202,0.03062391077358219,0.14413424927277205,0.6803313744609083,1.0,0.6803313744609084,0.14413424927277196,0.21434847136044577,1.0,1.0,1.0,0.21434847136044557,0.14413424927277205,0.6803313744609084,1.0,0.6803313744609085,0.144134249272772,0.030623910773582178,0.14413424927277196,0.21434847136044574,0.14413424927277194,0.03062391077358217
357,0.006323449865206597,0.003993610825519157,0.006323449865206597,0.022978331003757,0.0011572902609900736,0.011559784752429842,720,4,0.0051616655918279835,1.2687614460295893,0.036148549051080295,0.030623910662657947,0.14413424938873098,0.21434847165257137,0.144134249388731,0.03062391066265795,0.14413424938873104,0.6803313741478697,1.0,0.6803313741478698,0.14413424938873096,0.21434847165257145,1.0,1.0,1.0,0.21434847165257126,0.14413424938873104,0.6803313741478698,1.0,0.6803313741478699,0.14413424938873098,0.030623910662657933,0.14413424938873096,0.21434847165257143,0.14413424938873093,0.030623910662657926
358,0.006323449865206597,0.003993610825618661,0.006323449865206597,0.022978331003844745,0.0011572902609993216,0.01141341286547259,720,4,0.005161665591327545,1.2687614459535153,0.03614854905098652,0.030623910617330753,0.1441342494285173,0.21434847187629488,0.14413424942851732,0.030623910617330757,0.14413424942851735,0.6803313739137531,1.0,0.6803313739137533,0.14413424942851724,0.214348471876295,1.0,1.0,1.0,0.2143484718762948,0.14413424942851732,0.6803313739137533,1.0,0.6803313739137533,0.14413424942851727,0.03062391061733074,0.14413424942851727,0.21434847187629494,0.1441342494285172,0.03062391061733073
359,0.006323449865206597,0.003993610825670519,0.006323449865206597,0.022978331003904402,0.0011572902610058763,0.011267780666893233,960,4,0.0051616655909921625,1.2687614458903853,0.03614854905097613,0.030623910648370715,0.1441342493971332,0.2143484720210004,0.14413424939713324,0.03062391064837072,0.14413424939713324,0.6803313737545901,1.0,0.6803313737545903,0.14413424939713312,0.21434847202100052,1.0,1.0,1.0,0.21434847202100032,0.1441342493971332,0.6803313737545903,1.0,0.6803313737545903,0.14413424939713315,0.03062391064837071,0.14413424939713318,0.21434847202100046,0.1441342493971331,0.030623910648370688
360,0.006323449865206597,0.003993610825663856,0.006323449865206597,0.02297833100393791,0.0011572902610100747,0.011122893906001609,720,4,0.005161665590811799,1.2687614458392462,0.03614854905105172,0.030623910734403043,0.14413424930648394,0.21434847208450872,0.14413424930648397,0.030623910734403043,0.14413424930648397,0.6803313736651854,1.0,0.6803313736651856,0.14413424930648386,0.21434847208450883,1.0,1.0,1.0,0.21434847208450863,0.14413424930648394,0.6803313736651856,1.0,0.6803313736651856,0.14413424930648386,0.030623910734403043,0.1441342493064839,0.21434847208450877,0.14413424930648383,0.030623910734403015
361,0.006323449865206597,0.003993610825575932,0.006323449865206597,0.022978331003947576,0.0011572902610121427,0.010978758302678963,720,4,0.005161665590775403,1.2687614458002563,0.03614854905120109,0.030623910835194106,0.14413424917322196,0.21434847207201743,0.14413424917322198,0.0306239108351941,0.14413424917322196,0.6803313736393991,1.0,0.6803313736393993,0.14413424917322187,0.21434847207201754,1.0,1.0,1.0,0.21434847207201735,0.14413424917322196,0.6803313736393993,1.0,0.6803313736393993,0.14413424917322185,0.03062391083519411,0.14413424917322193,0.2143484720720175,0.14413424917322185,0.030623910835194078
362,0.0063234498652065966,0.003993610825391606,0.0063234498652065966,0.022978331003935953,0.0011572902610122292,0.010835379547152081,720,4,0.0051616655908694135,1.2687614457745664,0.036148549051401274,0.030623910910888716,0.14413424901643104,0.2143484719945372,0.14413424901643107,0.030623910910888702,0.14413424901643104,0.6803313736704064,1.0,0.6803313736704066,0.14413424901643096,0.2143484719945373,1.0,1.0,1.0,0.2143484719945371,0.14413424901643104,0.6803313736704066,1.0,0.6803313736704066,0.14413424901643093,0.030623910910888716,0.14413424901643102,0.21434847199453724,0.14413424901643093,0.030623910910888688
363,0.006323449865206597,0.003993610825118821,0.006323449865206597,0.022978331003905776,0.001157290261010408,0.010692763299768763,960,4,0.005161665591076667,1.268761445764085,0.036148549051623,0.030623910938137537,0.14413424885536158,0.21434847186705214,0.1441342488553616,0.03062391093813752,0.14413424885536155,0.6803313737509338,1.0,0.680331373750934,0.1441342488553615,0.21434847186705225,1.0,1.0,1.0,0.21434847186705205,0.14413424885536155,0.680331373750934,1.0,0.680331373750934,0.14413424885536144,0.03062391093813753,0.14413424885536152,0.2143484718670522,0.14413424885536144,0.03062391093813751
364,0.006323449865206597,0.003993610824792859,0.006323449865206597,0.022978331003859848,0.0011572902610067347,0.010550915190774252,720,4,0.00516166559137651,1.2687614457710625,0.03614854905183502,0.030623910916886272,0.14413424870740144,0.21434847170661955,0.14413424870740144,0.03062391091688626,0.1441342487074014,0.6803313738734726,1.0,0.6803313738734729,0.14413424870740135,0.21434847170661964,1.0,1.0,1.0,0.21434847170661944,0.14413424870740138,0.6803313738734729,1.0,0.6803313738734729,0.1441342487074013,0.030623910916886262,0.14413424870740135,0.21434847170661958,0.14413424870740127,0.030623910916886248
365,0.006323449865206597,0.003993610824468064,0.006323449865206597,0.022978331003801006,0.001157290261001268,0.010409840820088985,720,4,0.005161665591746228,1.2687614457975123,0.03614854905200808,0.03062391086655001,0.14413424858644897,0.21434847153059133,0.14413424858644897,0.030623910866550003,0.14413424858644894,0.6803313740304708,1.0,0.680331374030471,0.14413424858644888,0.21434847153059142,1.0,1.0,1.0,0.21434847153059122,0.1441342485864489,0.680331374030471,1.0,0.680331374030471,0.14413424858644883,0.030623910866549996,0.14413424858644888,0.21434847153059136,0.1441342485864488,0.03062391086654999
366,0.0063234498652065966,0.003993610824201519,0.0063234498652065966,0.022978331003732033,0.001157290260994092,0.010269545757087589,960,4,0.005161665592163323,1.2687614458446057,0.03614854905211807,0.030623910814896835,0.14413424850182396,0.21434847135509788,0.14413424850182396,0.030623910814896828,0.14413424850182394,0.6803313742145026,1.0,0.6803313742145027,0.14413424850182388,0.21434847135509796,1.0,1.0,1.0,0.21434847135509777,0.1441342485018239,0.6803313742145027,1.0,0.6803313742145027,0.14413424850182383,0.03062391081489682,0.14413424850182385,0.2143484713550979,0.1441342485018238,0.030623910814896817
367,0.006323449865206597,0.003993610824035931,0.006323449865206597,0.022978331003655605,0.0011572902609853256,0.010130035540378906,960,4,0.005161665592607771,1.268761445912192,0.0361485490521481,0.030623910785372428,0.14413424845779832,0.2143484711938851,0.14413424845779832,0.03062391078537242,0.1441342484577983,0.6803313744184186,1.0,0.6803313744184186,0.14413424845779824,0.21434847119388517,1.0,1.0,1.0,0.21434847119388498,0.14413424845779826,0.6803313744184186,1.0,0.6803313744184187,0.1441342484577982,0.030623910785372417,0.1441342484577982,0.21434847119388512,0.14413424845779818,0.03062391078537241
368,0.006323449865206597,0.003993610823988411,0.006323449865206597,0.02297833100357425,0.001157290260975162,0.009991315677587417,720,4,0.005161665593063563,1.2687614459985819,0.03614854905208956,0.03062391078823594,0.14413424845375186,0.21434847105754745,0.14413424845375186,0.030623910788235932,0.14413424845375186,0.6803313746354748,1.0,0.6803313746354748,0.14413424845375178,0.21434847105754753,1.0,1.0,1.0,0.21434847105754734,0.14413424845375183,0.6803313746354748,1.0,0.6803313746354749,0.14413424845375178,0.030623910788235936,0.14413424845375175,0.21434847105754748,0.14413424845375175,0.030623910788235918
369,0.006323449865206597,0.0039936108240486694,0.006323449865206597,0.022978331003490306,0.0011572902609638242,0.009853391645135783,720,4,0.005161665593519096,1.2687614461006376,0.03614854905194206,0.03062391081841634,0.14413424848487374,0.21434847095315573,0.14413424848487374,0.030623910818416335,0.14413424848487377,0.6803313748594411,1.0,0.6803313748594411,0.1441342484848737,0.21434847095315582,1.0,1.0,1.0,0.21434847095315562,0.14413424848487374,0.6803313748594411,1.0,0.6803313748594412,0.1441342484848737,0.030623910818416342,0.14413424848487366,0.21434847095315576,0.14413424848487366,0.030623910818416315
370,0.006323449865206597,0.003993610824186015,0.006323449865206597,0.022978331003405884,0.001157290260951596,0.009716268888028649,960,4,0.0051616655939665185,1.268761446214136,0.03614854905171268,0.03062391085982354,0.1441342485432579,0.21434847088424253,0.1441342485432579,0.030623910859823536,0.14413424854325793,0.6803313750846882,1.0,0.6803313750846881,0.14413424854325785,0.21434847088424258,1.0,1.0,1.0,0.2143484708842424,0.1441342485432579,0.6803313750846881,1.0,0.6803313750846882,0.14413424854325785,0.030623910859823543,0.14413424854325782,0.21434847088424255,0.14413424854325782,0.030623910859823508
371,0.006323449865206597,0.003993610824361423,0.006323449865206597,0.02297833100332284,0.0011572902609387852,0.009579952819637642,720,4,0.005161665594400446,1.2687614463342833,0.03614854905141447,0.030623910893356407,0.14413424861919924,0.21434847085108313,0.14413424861919924,0.030623910893356403,0.14413424861919927,0.6803313753062518,1.0,0.6803313753062517,0.14413424861919918,0.2143484708510832,1.0,1.0,1.0,0.214348470851083,0.14413424861919924,0.6803313753062517,1.0,0.6803313753062518,0.14413424861919918,0.030623910893356407,0.14413424861919916,0.21434847085108316,0.14413424861919916,0.030623910893356372
372,0.006323449865206597,0.003993610824539716,0.006323449865206597,0.022978331003242772,0.0011572902609257227,0.009444448821487773,960,4,0.005161665594816595,1.268761446456254,0.03614854905106456,0.030623910904889154,0.1441342487024944,0.2143484708511952,0.1441342487024944,0.03062391090488915,0.14413424870249442,0.6803313755198733,1.0,0.6803313755198732,0.14413424870249433,0.21434847085119527,1.0,1.0,1.0,0.21434847085119507,0.14413424870249442,0.6803313755198732,1.0,0.6803313755198733,0.14413424870249433,0.03062391090488915,0.1441342487024943,0.21434847085119524,0.1441342487024943,0.03062391090488912
373,0.006323449865206597,0.003993610824697749,0.006323449865206597,0.022978331003167006,0.0011572902609127387,0.009309762243044842,960,4,0.005161665595210846,1.2687614465756298,0.03614854905068236,0.030623910890168388,0.144134248783583,0.21434847087997516,0.14413424878358302,0.03062391089016838,0.14413424878358305,0.680331375722018,1.0,0.6803313757220179,0.14413424878358297,0.21434847087997522,1.0,1.0,1.0,0.21434847087997502,0.14413424878358305,0.6803313757220179,1.0,0.680331375722018,0.14413424878358297,0.030623910890168377,0.14413424878358294,0.2143484708799752,0.14413424878358294,0.030623910890168353
374,0.006323449865206597,0.003993610824826704,0.006323449865206597,0.022978331003096597,0.0011572902609001522,0.009175898401504342,960,4,0.005161665595578917,1.268761446688687,0.03614854905028773,0.030623910855256595,0.1441342488544208,0.21434847093139398,0.14413424885442083,0.030623910855256585,0.14413424885442086,0.6803313759098706,1.0,0.6803313759098705,0.14413424885442078,0.21434847093139403,1.0,1.0,1.0,0.21434847093139384,0.14413424885442086,0.6803313759098705,1.0,0.6803313759098706,0.14413424885442078,0.030623910855256578,0.14413424885442075,0.214348470931394,0.14413424885442075,0.030623910855256564
375,0.006323449865206597,0.003993610824929049,0.006323449865206597,0.022978331003032336,0.0011572902608882423,0.009042862581581554,720,4,0.005161665595916608,1.2687614467925121,0.03614854904989938,0.030623910813064655,0.14413424890903714,0.21434847099868456,0.14413424890903717,0.03062391081306464,0.1441342489090372,0.6803313760813119,1.0,0.6803313760813118,0.14413424890903712,0.21434847099868462,1.0,1.0,1.0,0.21434847099868443,0.14413424890903723,0.6803313760813118,1.0,0.6803313760813119,0.14413424890903714,0.030623910813064634,0.14413424890903712,0.2143484709986846,0.1441342489090371,0.030623910813064627
376,0.006323449865206597,0.003993610825012496,0.006323449865206597,0.022978331002974778,0.001157290260877254,0.00891066003530283,960,4,0.005161665596220369,1.2687614468849981,0.036148549049533726,0.03062391077787164,0.14413424894378382,0.21434847107496688,0.14413424894378385,0.030623910777871622,0.14413424894378385,0.680331376234878,1.0,0.6803313762348779,0.1441342489437838,0.21434847107496693,1.0,1.0,1.0,0.21434847107496674,0.1441342489437839,0.6803313762348779,1.0,0.680331376234878,0.14413424894378382,0.03062391077787162,0.1441342489437838,0.2143484710749669,0.14413424894378377,0.030623910777871615
377,0.0063234498652065966,0.0039936108250838475,0.0063234498652065966,0.022978331002924242,0.001157290260867388,0.008779295981798335,960,4,0.0051616655964878706,1.2687614469647681,0.03614854904920407,0.030623910760138765,0.14413424895731813,0.21434847115377256,0.14413424895731816,0.03062391076013875,0.14413424895731816,0.6803313763697066,1.0,0.6803313763697065,0.1441342489573181,0.21434847115377262,1.0,1.0,1.0,0.21434847115377242,0.14413424895731822,0.6803313763697065,1.0,0.6803313763697066,0.14413424895731813,0.030623910760138748,0.14413424895731813,0.21434847115377262,0.1441342489573181,0.030623910760138744
378,0.0063234498652065966,0.003993610825145079,0.0063234498652065966,0.02297833100288085,0.001157290260858774,0.008648775607095975,960,4,0.005161665596718307,1.2687614470310875,0.03614854904892009,0.030623910763419974,0.14413424895038188,0.21434847122944686,0.1441342489503819,0.030623910763419967,0.1441342489503819,0.6803313764854729,1.0,0.6803313764854728,0.14413424895038185,0.21434847122944692,1.0,1.0,1.0,0.21434847122944672,0.14413424895038196,0.6803313764854728,1.0,0.6803313764854729,0.14413424895038188,0.03062391076341996,0.14413424895038188,0.21434847122944692,0.14413424895038185,0.030623910763419953
379,0.006323449865206597,0.00399361082519264,0.006323449865206597,0.02297833100284455,0.001157290260851501,0.00851910406391666,720,4,0.005161665596912348,1.2687614470837885,0.03614854904868777,0.030623910784114285,0.14413424892543958,0.21434847129741919,0.1441342489254396,0.03062391078411428,0.1441342489254396,0.6803313765823201,1.0,0.68033137658232,0.14413424892543955,0.21434847129741924,1.0,1.0,1.0,0.21434847129741905,0.14413424892543966,0.68033137658232,1.0,0.6803313765823201,0.14413424892543958,0.03062391078411427,0.14413424892543958,0.21434847129741924,0.14413424892543955,0.030623910784114257
380,0.0063234498652065966,0.003993610825219601,0.0063234498652065966,0.022978331002815138,0.001157290260845605,0.00839028647147086,960,4,0.005161665597071761,1.268761447123217,0.036148549048509546,0.030623910813680304,0.1441342488862337,0.2143484713543462,0.14413424888623372,0.0306239108136803,0.1441342488862337,0.6803313766607867,1.0,0.6803313766607866,0.14413424888623363,0.21434847135434626,1.0,1.0,1.0,0.21434847135434607,0.14413424888623375,0.6803313766607866,1.0,0.6803313766607867,0.14413424888623366,0.030623910813680287,0.14413424888623366,0.21434847135434626,0.14413424888623363,0.030623910813680273
381,0.006323449865206597,0.003993610825219301,0.006323449865206597,0.022978331002792295,0.0011572902608410678,0.008262327915256587,960,4,0.005161665597198888,1.2687614471501834,0.03614854904838466,0.03062391084215076,0.1441342488373038,0.21434847139814053,0.14413424883730383,0.030623910842150756,0.1441342488373038,0.6803313767217333,1.0,0.6803313767217332,0.14413424883730375,0.2143484713981406,1.0,1.0,1.0,0.2143484713981404,0.14413424883730383,0.6803313767217332,1.0,0.6803313767217333,0.14413424883730375,0.030623910842150742,0.14413424883730377,0.2143484713981406,0.14413424883730375,0.03062391084215073
382,0.0063234498652065966,0.003993610825188804,0.0063234498652065966,0.0229783310027756,0.0011572902608378323,0.00813523344685851,960,4,0.005161665597296124,1.2687614471659026,0.03614854904830978,0.030623910861549242,0.1441342487835091,0.21434847142790397,0.14413424878350914,0.030623910861549235,0.1441342487835091,0.6803313767662724,1.0,0.6803313767662723,0.14413424878350906,0.21434847142790403,1.0,1.0,1.0,0.21434847142790384,0.1441342487835091,0.6803313767662723,1.0,0.6803313767662724,0.14413424878350903,0.030623910861549225,0.14413424878350908,0.21434847142790403,0.14413424878350903,0.03062391086154921
383,0.006323449865206597,0.003993610825130881,0.006323449865206597,0.02297833100276457,0.001157290260835812,0.008009008083748638,960,4,0.005161665597365596,1.2687614471719013,0.03614854904827958,0.03062391086809517,0.14413424872958616,0.2143484714437885,0.1441342487295862,0.030623910868095156,0.14413424872958616,0.6803313767957022,1.0,0.6803313767957021,0.1441342487295861,0.21434847144378855,1.0,1.0,1.0,0.21434847144378835,0.14413424872958616,0.6803313767957021,1.0,0.6803313767957022,0.14413424872958608,0.030623910868095156,0.14413424872958613,0.21434847144378855,0.14413424872958608,0.030623910868095138
384,0.0063234498652065966,0.003993610825053899,0.0063234498652065966,0.02297833100275867,0.0011572902608348887,0.007883656809088164,960,4,0.0051616655974090694,1.2687614471698978,0.036148549048287404,0.030623910862686413,0.14413424867976976,0.21434847144680852,0.1441342486797698,0.030623910862686392,0.14413424867976976,0.6803313768114458,1.0,0.6803313768114457,0.1441342486797697,0.21434847144680858,1.0,1.0,1.0,0.21434847144680838,0.14413424867976976,0.6803313768114457,1.0,0.6803313768114458,0.14413424867976968,0.030623910862686402,0.14413424867976973,0.21434847144680858,0.14413424867976968,0.03062391086268638
385,0.006323449865206597,0.0039936108249698935,0.006323449865206597,0.02297833100275734,0.0011572902608349255,0.007759184571530781,960,4,0.00516166559742807,1.2687614471616588,0.03614854904832597,0.0306239108498059,0.1441342486374994,0.2143484714386277,0.14413424863749943,0.030623910849805876,0.1441342486374994,0.6803313768149979,1.0,0.6803313768149978,0.14413424863749935,0.21434847143862776,1.0,1.0,1.0,0.21434847143862756,0.1441342486374994,0.6803313768149978,1.0,0.6803313768149979,0.14413424863749932,0.03062391084980589,0.14413424863749938,0.21434847143862776,0.14413424863749932,0.03062391084980587
386,0.006323449865206597,0.0039936108248915985,0.006323449865206597,0.022978331002760005,0.0011572902608357892,0.007635596285027299,720,4,0.005161665597424136,1.2687614471488626,0.036148549048387914,0.030623910835481046,0.14413424860522703,0.21434847142134017,0.14413424860522706,0.030623910835481025,0.14413424860522703,0.6803313768078779,1.0,0.6803313768078778,0.14413424860522697,0.21434847142134023,1.0,1.0,1.0,0.21434847142134003,0.14413424860522703,0.6803313768078778,1.0,0.6803313768078779,0.14413424860522694,0.03062391083548104,0.144134248605227,0.2143484714213402,0.14413424860522694,0.03062391083548102
387,0.006323449865206597,0.0039936108248294876,0.006323449865206597,0.02297833100276611,0.0011572902608373307,0.007512896828631651,720,4,0.0051616655973990835,1.2687614471329811,0.036148549048466205,0.030623910825110817,0.14413424858433263,0.2143484713972629,0.14413424858433266,0.030623910825110803,0.14413424858433263,0.6803313767915921,1.0,0.680331376791592,0.14413424858433257,0.21434847139726296,1.0,1.0,1.0,0.21434847139726276,0.14413424858433263,0.680331376791592,1.0,0.6803313767915921,0.14413424858433255,0.03062391082511081,0.1441342485843326,0.2143484713972629,0.14413424858433255,0.030623910825110793
388,0.0063234498652065966,0.003993610824789705,0.0063234498652065966,0.022978331002775104,0.001157290260839411,0.007391091046308286,720,4,0.005161665597355168,1.268761447115207,0.03614854904855456,0.030623910821865136,0.1441342485751443,0.21434847136875168,0.14413424857514434,0.03062391082186513,0.1441342485751443,0.6803313767676019,1.0,0.6803313767676019,0.14413424857514426,0.21434847136875174,1.0,1.0,1.0,0.21434847136875154,0.1441342485751443,0.6803313767676019,1.0,0.6803313767676019,0.14413424857514423,0.030623910821865125,0.14413424857514429,0.21434847136875165,0.14413424857514423,0.03062391082186511
389,0.0063234498652065966,0.0039936108247733415,0.0063234498652065966,0.022978331002786463,0.0011572902608419002,0.007270183746740902,960,4,0.0051616655972951215,1.268761447096428,0.03614854904864763,0.030623910826050916,0.1441342485770484,0.21434847133804863,0.14413424857704843,0.030623910826050912,0.1441342485770484,0.6803313767373007,1.0,0.6803313767373007,0.14413424857704835,0.21434847133804869,1.0,1.0,1.0,0.21434847133804852,0.1441342485770484,0.6803313767373007,1.0,0.6803313767373007,0.14413424857704832,0.030623910826050902,0.14413424857704837,0.2143484713380486,0.14413424857704832,0.030623910826050888
390,0.006323449865206597,0.0039936108247770755,0.006323449865206597,0.022978331002799696,0.0011572902608446773,0.007150179703142693,960,4,0.005161665597222034,1.268761447077244,0.036148549048741124,0.03062391083546691,0.14413424858866755,0.21434847130716553,0.14413424858866755,0.030623910835466908,0.14413424858866755,0.6803313767019952,1.0,0.6803313767019952,0.1441342485886675,0.2143484713071656,1.0,1.0,1.0,0.21434847130716544,0.14413424858866755,0.6803313767019952,1.0,0.6803313767019952,0.14413424858866747,0.030623910835466898,0.1441342485886675,0.2143484713071655,0.14413424858866744,0.03062391083546688
391,0.006323449865206597,0.0039936108247947515,0.006323449865206597,0.02297833100281435,0.0011572902608476365,0.007031083653067797,720,4,0.005161665597139143,1.2687614470580204,0.03614854904883177,0.03062391084646406,0.14413424860807966,0.21434847127780346,0.14413424860807966,0.030623910846464056,0.14413424860807966,0.680331376662894,1.0,0.680331376662894,0.1441342486080796,0.21434847127780354,1.0,1.0,1.0,0.21434847127780338,0.14413424860807966,0.680331376662894,1.0,0.680331376662894,0.14413424860807958,0.030623910846464045,0.14413424860807958,0.21434847127780343,0.14413424860807955,0.030623910846464028
392,0.006323449865206597,0.003993610824819358,0.006323449865206597,0.022978331002830015,0.0011572902608506885,0.006912900298224352,720,4,0.005161665597049589,1.2687614470389532,0.0361485490489173,0.03062391085526885,0.14413424863305008,0.21434847125130682,0.14413424863305008,0.030623910855268846,0.1441342486330501,0.6803313766211,1.0,0.6803313766211,0.14413424863305002,0.21434847125130693,1.0,1.0,1.0,0.21434847125130677,0.1441342486330501,0.6803313766211,1.0,0.6803313766211,0.14413424863305002,0.030623910855268836,0.14413424863305,0.21434847125130682,0.14413424863304997,0.03062391085526882
393,0.006323449865206597,0.003993610824844761,0.006323449865206597,0.022978331002846318,0.0011572902608537538,0.006795634304288843,720,4,0.005161665596956199,1.2687614470201367,0.03614854904899627,0.03062391085913211,0.14413424866125232,0.21434847122864795,0.14413424866125232,0.030623910859132106,0.14413424866125235,0.6803313765776066,1.0,0.6803313765776066,0.14413424866125227,0.21434847122864806,1.0,1.0,1.0,0.2143484712286479,0.14413424866125235,0.6803313765776066,1.0,0.6803313765776066,0.1441342486612523,0.0306239108591321,0.14413424866125224,0.21434847122864797,0.1441342486612522,0.030623910859132086
394,0.006323449865206597,0.003993610824866835,0.006323449865206597,0.022978331002862926,0.0011572902608567711,0.0066792903007219335,960,4,0.005161665596861352,1.2687614470016182,0.036148549049067995,0.030623910856998785,0.14413424869045854,0.21434847121043676,0.14413424869045854,0.030623910856998778,0.14413424869045857,0.6803313765332968,1.0,0.6803313765332968,0.1441342486904585,0.21434847121043688,1.0,1.0,1.0,0.2143484712104367,0.14413424869045857,0.6803313765332968,1.0,0.6803313765332968,0.14413424869045852,0.030623910856998778,0.14413424869045846,0.2143484712104368,0.14413424869045843,0.030623910856998764
395,0.0063234498652065966,0.003993610824883805,0.0063234498652065966,0.02297833100287955,0.001157290260859688,0.00656387288058564,720,4,0.005161665596766936,1.2687614469834354,0.03614854904913228,0.03062391084958959,0.14413424871868816,0.21434847119695008,0.14413424871868816,0.03062391084958958,0.14413424871868818,0.6803313764889451,1.0,0.6803313764889451,0.1441342487186881,0.21434847119695016,1.0,1.0,1.0,0.21434847119695,0.14413424871868818,0.6803313764889451,1.0,0.6803313764889451,0.14413424871868813,0.030623910849589583,0.14413424871868807,0.2143484711969501,0.14413424871868805,0.03062391084958957
396,0.006323449865206597,0.003993610824895893,0.006323449865206597,0.022978331002895938,0.0011572902608624725,0.006449386600362113,720,4,0.005161665596674388,1.268761446965633,0.03614854904918939,0.030623910838973277,0.14413424874430994,0.2143484711881746,0.14413424874430994,0.030623910838973263,0.14413424874430997,0.6803313764452207,1.0,0.6803313764452207,0.14413424874430988,0.21434847118817466,1.0,1.0,1.0,0.2143484711881745,0.14413424874430997,0.6803313764452207,1.0,0.6803313764452207,0.1441342487443099,0.03062391083897327,0.14413424874430986,0.21434847118817463,0.14413424874430983,0.030623910838973253
397,0.006323449865206597,0.0039936108249045334,0.006323449865206597,0.022978331002911877,0.0011572902608650948,0.006335835979773659,720,4,0.005161665596584782,1.2687614469482689,0.03614854904923983,0.030623910827836068,0.14413424876609898,0.21434847118385839,0.14413424876609898,0.03062391082783605,0.144134248766099,0.6803313764026911,1.0,0.6803313764026911,0.14413424876609893,0.2143484711838584,1.0,1.0,1.0,0.21434847118385825,0.144134248766099,0.6803313764026911,1.0,0.6803313764026911,0.14413424876609895,0.03062391082783606,0.1441342487660989,0.2143484711838584,0.14413424876609887,0.03062391082783604
398,0.0063234498652065966,0.003993610824911466,0.0063234498652065966,0.02297833100292719,0.0011572902608675396,0.006223225501604328,720,4,0.005161665596498946,1.2687614469314095,0.03614854904928426,0.030623910818699526,0.1441342487832536,0.2143484711835659,0.1441342487832536,0.030623910818699508,0.14413424878325362,0.6803313763618289,1.0,0.6803313763618289,0.14413424878325354,0.21434847118356593,1.0,1.0,1.0,0.21434847118356576,0.14413424878325362,0.6803313763618289,1.0,0.6803313763618289,0.14413424878325357,0.03062391081869952,0.1441342487832535,0.21434847118356593,0.14413424878325348,0.030623910818699498
399,0.006323449865206597,0.003993610824917976,0.006323449865206597,0.022978331002941742,0.0011572902608697928,0.00611155961152301,960,4,0.005161665596417559,1.2687614469151227,0.03614854904932342,0.03062391081330471,0.1441342487953798,0.2143484711867328,0.14413424879537984,0.030623910813304695,0.14413424879537987,0.6803313763230169,1.0,0.6803313763230169,0.14413424879537978,0.21434847118673284,1.0,1.0,1.0,0.21434847118673264,0.14413424879537987,0.6803313763230169,1.0,0.6803313763230169,0.14413424879537978,0.030623910813304702,0.14413424879537975,0.21434847118673284,0.14413424879537973,0.03062391081330468
400,0.0063234498652065966,0.003993610824924481,0.0063234498652065966,0.022978331002955404,0.0011572902608718552,0.00600084271790782,720,4,0.005161665596341205,1.2687614468994735,0.036148549049358006,0.03062391081229483,0.14413424880245182,0.21434847119271733,0.14413424880245185,0.03062391081229482,0.14413424880245188,0.6803313762865547,1.0,0.6803313762865547,0.1441342488024518,0.21434847119271738,1.0,1.0,1.0,0.21434847119271716,0.14413424880245188,0.6803313762865547,1.0,0.6803313762865547,0.1441342488024518,0.030623910812294822,0.1441342488024518,0.21434847119271738,0.14413424880245176,0.0306239108122948
401,0.006323449865206597,0.003993610824930485,0.006323449865206597,0.02297833100296811,0.0011572902608737196,0.005891079191672144,960,4,0.005161665596270403,1.2687614468845236,0.036148549049388704,0.030623910815225207,0.14413424880475587,0.21434847120084613,0.1441342488047559,0.030623910815225204,0.14413424880475592,0.6803313762526659,1.0,0.6803313762526659,0.14413424880475584,0.21434847120084619,1.0,1.0,1.0,0.21434847120084596,0.14413424880475592,0.6803313762526659,1.0,0.6803313762526659,0.1441342488047558,0.0306239108152252,0.14413424880475584,0.21434847120084619,0.1441342488047558,0.03062391081522518
402,0.0063234498652065966,0.003993610824934848,0.0063234498652065966,0.022978331002979788,0.001157290260875399,0.005782273366092058,720,4,0.005161665596205585,1.2687614468703319,0.03614854904941606,0.030623910820839317,0.14413424880282458,0.21434847121045306,0.1441342488028246,0.03062391082083932,0.14413424880282463,0.680331376221505,1.0,0.680331376221505,0.14413424880282455,0.2143484712104531,1.0,1.0,1.0,0.2143484712104529,0.14413424880282463,0.680331376221505,1.0,0.680331376221505,0.14413424880282452,0.03062391082083931,0.14413424880282458,0.2143484712104531,0.14413424880282455,0.030623910820839293
403,0.0063234498652065966,0.0039936108249362294,0.0063234498652065966,0.02297833100299041,0.0011572902608768954,0.005674429536635252,960,4,0.005161665596147069,1.2687614468569592,0.03614854904944054,0.0306239108274941,0.1441342487973675,0.21434847122091025,0.14413424879736753,0.03062391082749411,0.14413424879736755,0.6803313761931641,1.0,0.6803313761931641,0.14413424879736747,0.21434847122091033,1.0,1.0,1.0,0.2143484712209101,0.14413424879736755,0.6803313761931641,1.0,0.6803313761931641,0.14413424879736744,0.030623910827494095,0.1441342487973675,0.21434847122091033,0.14413424879736747,0.03062391082749408
404,0.006323449865206597,0.003993610824933546,0.006323449865206597,0.02297833100299996,0.0011572902608782203,0.005567551960791439,720,4,0.005161665596095025,1.2687614468444721,0.036148549049462506,0.030623910833603177,0.14413424878920192,0.21434847123165143,0.14413424878920195,0.030623910833603184,0.14413424878920197,0.6803313761676802,1.0,0.6803313761676802,0.1441342487892019,0.21434847123165152,1.0,1.0,1.0,0.2143484712316513,0.14413424878920197,0.6803313761676802,1.0,0.6803313761676802,0.14413424878920186,0.03062391083360317,0.14413424878920192,0.21434847123165152,0.1441342487892019,0.030623910833603156
405,0.0063234498652065966,0.003993610824926331,0.0063234498652065966,0.022978331003008445,0.0011572902608793804,0.005461644857904332,720,4,0.005161665596049449,1.2687614468329407,0.036148549049482205,0.030623910837988058,0.14413424877918823,0.21434847124218762,0.14413424877918826,0.030623910837988058,0.14413424877918826,0.6803313761450422,1.0,0.6803313761450422,0.1441342487791882,0.2143484712421877,1.0,1.0,1.0,0.21434847124218748,0.14413424877918826,0.6803313761450422,1.0,0.6803313761450422,0.14413424877918818,0.030623910837988048,0.14413424877918823,0.2143484712421877,0.14413424877918818,0.030623910837988037
406,0.006323449865206597,0.003993610824914882,0.006323449865206597,0.022978331003015884,0.0011572902608803861,0.005356712409004994,720,4,0.005161665596010166,1.268761446822439,0.03614854904949984,0.030623910840071506,0.14413424876817213,0.21434847125211615,0.14413424876817216,0.0306239108400715,0.14413424876817216,0.6803313761251972,1.0,0.6803313761251972,0.1441342487681721,0.21434847125211626,1.0,1.0,1.0,0.21434847125211604,0.14413424876817216,0.6803313761251972,1.0,0.6803313761251972,0.14413424876817207,0.030623910840071492,0.14413424876817213,0.21434847125211623,0.14413424876817207,0.030623910840071482
407,0.0063234498652065966,0.003993610824900223,0.0063234498652065966,0.02297833100302231,0.001157290260881245,0.005252758756646834,960,4,0.005161665595976848,1.2687614468130386,0.03614854904951552,0.030623910839897912,0.1441342487569363,0.21434847126112386,0.14413424875693634,0.030623910839897902,0.14413424875693634,0.6803313761080573,1.0,0.6803313761080573,0.14413424875693628,0.21434847126112397,1.0,1.0,1.0,0.21434847126112375,0.14413424875693634,0.6803313761080573,1.0,0.6803313761080573,0.14413424875693626,0.0306239108398979,0.1441342487569363,0.21434847126112394,0.14413424875693626,0.030623910839897888
408,0.0063234498652065966,0.003993610824883891,0.0063234498652065966,0.022978331003027763,0.001157290260881976,0.005149788004742071,720,4,0.005161665595949052,1.2687614468047994,0.03614854904952931,0.03062391083800929,0.14413424874616296,0.2143484712689853,0.14413424874616296,0.030623910838009274,0.14413424874616296,0.6803313760935052,1.0,0.6803313760935052,0.1441342487461629,0.2143484712689854,1.0,1.0,1.0,0.21434847126898518,0.14413424874616296,0.6803313760935052,1.0,0.6803313760935052,0.14413424874616287,0.030623910838009277,0.14413424874616293,0.21434847126898537,0.14413424874616287,0.030623910838009263
409,0.006323449865206597,0.003993610824867638,0.006323449865206597,0.0229783310030323,0.0011572902608825814,0.005047804218399653,960,4,0.005161665595926268,1.2687614467977626,0.036148549049541276,0.03062391083523298,0.1441342487364078,0.2143484712755573,0.1441342487364078,0.030623910835232956,0.1441342487364078,0.6803313760814009,1.0,0.6803313760814009,0.14413424873640773,0.21434847127555742,1.0,1.0,1.0,0.2143484712755572,0.1441342487364078,0.6803313760814009,1.0,0.6803313760814009,0.1441342487364077,0.030623910835232963,0.14413424873640776,0.2143484712755574,0.1441342487364077,0.03062391083523295
410,0.006323449865206597,0.003993610824853103,0.006323449865206597,0.02297833100303598,0.0011572902608830795,0.0049468114237648485,720,4,0.005161665595907969,1.2687614467919455,0.036148549049551455,0.030623910832445922,0.14413424872808595,0.21434847128077095,0.14413424872808595,0.030623910832445894,0.14413424872808595,0.6803313760715862,1.0,0.6803313760715862,0.1441342487280859,0.21434847128077103,1.0,1.0,1.0,0.21434847128077084,0.14413424872808595,0.6803313760715862,1.0,0.6803313760715862,0.14413424872808586,0.030623910832445905,0.1441342487280859,0.214348471280771,0.14413424872808586,0.030623910832445887
411,0.0063234498652065966,0.003993610824841559,0.0063234498652065966,0.022978331003038862,0.0011572902608834718,0.004846813607860264,720,4,0.005161665595893646,1.2687614467873345,0.036148549049559914,0.030623910830372237,0.14413424872146866,0.21434847128462142,0.14413424872146866,0.030623910830372213,0.14413424872146866,0.6803313760638904,1.0,0.6803313760638904,0.1441342487214686,0.2143484712846215,1.0,1.0,1.0,0.2143484712846213,0.14413424872146866,0.6803313760638904,1.0,0.6803313760638904,0.14413424872146857,0.030623910830372223,0.1441342487214686,0.21434847128462148,0.14413424872146857,0.030623910830372202
412,0.006323449865206597,0.003993610824833751,0.006323449865206597,0.02297833100304102,0.0011572902608837736,0.004747814718428451,960,4,0.005161665595882841,1.268761446783885,0.03614854904956673,0.030623910829451803,0.14413424871668962,0.2143484712871574,0.14413424871668962,0.030623910829451786,0.14413424871668962,0.6803313760581344,1.0,0.6803313760581344,0.14413424871668956,0.21434847128715748,1.0,1.0,1.0,0.21434847128715728,0.14413424871668962,0.6803313760581344,1.0,0.6803313760581344,0.14413424871668953,0.030623910829451793,0.14413424871668956,0.21434847128715742,0.14413424871668953,0.03062391082945177
413,0.0063234498652065966,0.003993610824829852,0.0063234498652065966,0.02297833100304252,0.0011572902608839944,0.004649818663776035,960,4,0.005161665595875152,1.2687614467815256,0.03614854904957197,0.030623910829794147,0.14413424871375893,0.21434847128846973,0.14413424871375893,0.030623910829794137,0.14413424871375893,0.6803313760541352,1.0,0.6803313760541352,0.14413424871375888,0.21434847128846982,1.0,1.0,1.0,0.21434847128846962,0.14413424871375893,0.6803313760541352,1.0,0.6803313760541352,0.14413424871375885,0.03062391082979414,0.14413424871375885,0.21434847128846973,0.14413424871375885,0.030623910829794113
414,0.006323449865206597,0.003993610824829532,0.006323449865206597,0.022978331003043428,0.0011572902608841364,0.004552829312619484,960,4,0.005161665595870242,1.2687614467801596,0.036148549049575734,0.030623910831210695,0.1441342487125826,0.2143484712886808,0.1441342487125826,0.03062391083121069,0.1441342487125826,0.6803313760517091,1.0,0.6803313760517091,0.14413424871258254,0.21434847128868087,1.0,1.0,1.0,0.21434847128868068,0.1441342487125826,0.6803313760517091,1.0,0.6803313760517091,0.1441342487125825,0.030623910831210688,0.1441342487125825,0.2143484712886808,0.1441342487125825,0.030623910831210664
415,0.0063234498652065966,0.003993610824832085,0.0063234498652065966,0.022978331003043816,0.0011572902608842138,0.004456850493932284,960,4,0.005161665595867822,1.2687614467796748,0.03614854904957816,0.030623910833303247,0.14413424871298516,0.21434847128793427,0.14413424871298516,0.030623910833303247,0.14413424871298516,0.6803313760506754,1.0,0.6803313760506754,0.1441342487129851,0.21434847128793436,1.0,1.0,1.0,0.21434847128793416,0.14413424871298516,0.6803313760506754,1.0,0.6803313760506754,0.14413424871298508,0.030623910833303236,0.14413424871298508,0.21434847128793427,0.14413424871298508,0.030623910833303215
416,0.006323449865206597,0.003993610824836617,0.006323449865206597,0.022978331003043747,0.0011572902608842335,0.004361885996793859,960,4,0.005161665595867639,1.2687614467799486,0.03614854904957937,0.030623910835579405,0.14413424871473354,0.2143484712863862,0.14413424871473354,0.03062391083557941,0.14413424871473354,0.6803313760508585,1.0,0.6803313760508585,0.1441342487147335,0.2143484712863863,1.0,1.0,1.0,0.2143484712863861,0.14413424871473354,0.6803313760508585,1.0,0.6803313760508585,0.14413424871473346,0.030623910835579395,0.14413424871473346,0.2143484712863862,0.14413424871473346,0.030623910835579377
417,0.006323449865206597,0.003993610824842207,0.006323449865206597,0.022978331003043286,0.0011572902608842019,0.004267939570239971,720,4,0.00516166559586946,1.2687614467808566,0.0361485490495795,0.030623910837566323,0.14413424871755995,0.21434847128419696,0.14413424871755995,0.030623910837566326,0.14413424871755995,0.6803313760520904,1.0,0.6803313760520904,0.1441342487175599,0.21434847128419704,1.0,1.0,1.0,0.21434847128419685,0.14413424871755995,0.6803313760520904,1.0,0.6803313760520904,0.14413424871755987,0.030623910837566312,0.14413424871755984,0.21434847128419696,0.14413424871755987,0.0306239108375663
418,0.0063234498652065966,0.003993610824848047,0.0063234498652065966,0.02297833100304249,0.0011572902608841256,0.004175014923114656,960,4,0.005161665595873056,1.2687614467822779,0.03614854904957869,0.03062391083890042,0.1441342487211827,0.21434847128152465,0.1441342487211827,0.03062391083890042,0.1441342487211827,0.6803313760542123,1.0,0.6803313760542123,0.14413424872118263,0.21434847128152473,1.0,1.0,1.0,0.21434847128152454,0.1441342487211827,0.6803313760542123,1.0,0.6803313760542123,0.1441342487211826,0.030623910838900408,0.14413424872118258,0.21434847128152465,0.1441342487211826,0.030623910838900394
419,0.006323449865206597,0.003993610824853538,0.006323449865206597,0.022978331003041415,0.0011572902608840085,0.004083115723923882,720,4,0.005161665595878203,1.2687614467841015,0.0361485490495771,0.030623910839380233,0.1441342487253239,0.21434847127851978,0.1441342487253239,0.03062391083938023,0.1441342487253239,0.680331376057076,1.0,0.680331376057076,0.14413424872532385,0.21434847127851986,1.0,1.0,1.0,0.21434847127851966,0.1441342487253239,0.680331376057076,1.0,0.680331376057076,0.14413424872532382,0.030623910839380226,0.1441342487253238,0.21434847127851978,0.14413424872532382,0.030623910839380212
420,0.0063234498652065966,0.003993610824858314,0.0063234498652065966,0.022978331003040114,0.00115729026088386,0.003992245600690671,720,4,0.0051616655958846664,1.2687614467862263,0.03614854904957483,0.030623910838979473,0.14413424872972358,0.21434847127532117,0.14413424872972358,0.030623910838979466,0.14413424872972358,0.6803313760605446,1.0,0.6803313760605445,0.14413424872972352,0.21434847127532125,1.0,1.0,1.0,0.21434847127532106,0.14413424872972358,0.6803313760605446,1.0,0.6803313760605446,0.14413424872972352,0.03062391083897947,0.14413424872972347,0.21434847127532117,0.1441342487297235,0.030623910838979453
421,0.006323449865206597,0.003993610824862241,0.006323449865206597,0.022978331003038636,0.0011572902608836821,0.0039024081408118986,720,4,0.005161665595892215,1.2687614467885646,0.036148549049572,0.030623910837825535,0.14413424873414987,0.21434847127205298,0.14413424873414987,0.030623910837825525,0.14413424873414987,0.6803313760644929,1.0,0.6803313760644928,0.1441342487341498,0.21434847127205306,1.0,1.0,1.0,0.21434847127205287,0.14413424873414987,0.6803313760644929,1.0,0.6803313760644929,0.14413424873414982,0.030623910837825532,0.14413424873414976,0.21434847127205298,0.14413424873414976,0.03062391083782551
422,0.0063234498652065966,0.003993610824865358,0.0063234498652065966,0.02297833100303702,0.0011572902608834846,0.00381360689091664,720,4,0.005161665595900616,1.2687614467910424,0.03614854904956871,0.03062391083615421,0.1441342487384057,0.2143484712688229,0.1441342487384057,0.0306239108361542,0.1441342487384057,0.680331376068808,1.0,0.6803313760688079,0.1441342487384056,0.21434847126882298,1.0,1.0,1.0,0.21434847126882278,0.1441342487384057,0.680331376068808,1.0,0.680331376068808,0.14413424873840563,0.030623910836154206,0.14413424873840558,0.2143484712688229,0.14413424873840558,0.03062391083615418
423,0.006323449865206597,0.003993610824867822,0.006323449865206597,0.022978331003035302,0.0011572902608832684,0.003725845356726213,960,4,0.005161665595909653,1.2687614467935973,0.036148549049565076,0.030623910834253403,0.1441342487423323,0.21434847126572112,0.1441342487423323,0.030623910834253393,0.1441342487423323,0.6803313760733891,1.0,0.680331376073389,0.14413424874233222,0.2143484712657212,1.0,1.0,1.0,0.214348471265721,0.1441342487423323,0.6803313760733891,1.0,0.6803313760733891,0.14413424874233224,0.0306239108342534,0.14413424874233222,0.21434847126572115,0.1441342487423322,0.030623910834253375
424,0.006323449865206597,0.0039936108248698355,0.006323449865206597,0.02297833100303352,0.0011572902608830364,0.003639127002915696,960,4,0.005161665595919123,1.2687614467961785,0.03614854904956117,0.030623910832407973,0.14413424874581013,0.2143484712628203,0.14413424874581013,0.03062391083240796,0.14413424874581013,0.680331376078147,1.0,0.6803313760781469,0.14413424874581005,0.2143484712628204,1.0,1.0,1.0,0.2143484712628202,0.14413424874581013,0.680331376078147,1.0,0.680331376078147,0.14413424874581007,0.030623910832407966,0.14413424874581005,0.21434847126282033,0.14413424874581002,0.030623910832407942
425,0.006323449865206597,0.003993610824871589,0.006323449865206597,0.022978331003031698,0.0011572902608827965,0.0035534552529772204,720,4,0.005161665595928847,1.2687614467987445,0.036148549049557055,0.03062391083085495,0.14413424874875738,0.21434847126017592,0.14413424874875738,0.030623910830854934,0.14413424874875738,0.6803313760830038,1.0,0.6803313760830036,0.1441342487487573,0.214348471260176,1.0,1.0,1.0,0.2143484712601758,0.14413424874875738,0.6803313760830038,1.0,0.6803313760830038,0.14413424874875733,0.03062391083085494,0.1441342487487573,0.21434847126017595,0.14413424874875727,0.030623910830854917
426,0.006323449865206597,0.003993610824873224,0.006323449865206597,0.022978331003029866,0.0011572902608825457,0.0034688334890847754,720,4,0.005161665595938671,1.2687614468012625,0.03614854904955279,0.030623910829754714,0.14413424875112724,0.21434847125782733,0.14413424875112724,0.030623910829754696,0.14413424875112724,0.6803313760878923,1.0,0.6803313760878922,0.14413424875112715,0.2143484712578274,1.0,1.0,1.0,0.21434847125782722,0.14413424875112724,0.6803313760878923,1.0,0.6803313760878923,0.14413424875112718,0.0306239108297547,0.14413424875112715,0.21434847125782736,0.14413424875112713,0.03062391082975468
427,0.0063234498652065966,0.003993610824874811,0.0063234498652065966,0.022978331003028044,0.0011572902608822935,0.003385265051960708,960,4,0.005161665595948471,1.268761446803706,0.0361485490495484,0.03062391082917963,0.14413424875290384,0.21434847125579917,0.14413424875290384,0.030623910829179615,0.14413424875290384,0.6803313760927554,1.0,0.6803313760927553,0.14413424875290376,0.21434847125579923,1.0,1.0,1.0,0.21434847125579903,0.14413424875290384,0.6803313760927554,1.0,0.6803313760927554,0.1441342487529038,0.030623910829179615,0.14413424875290376,0.2143484712557992,0.14413424875290373,0.030623910829179594
428,0.0063234498652065966,0.003993610824876349,0.0063234498652065966,0.022978331003026247,0.0011572902608820398,0.0033027532407438223,720,4,0.005161665595958147,1.2687614468060553,0.036148549049543954,0.03062391082911851,0.1441342487540977,0.21434847125410292,0.1441342487540977,0.0306239108291185,0.1441342487540977,0.6803313760975451,1.0,0.680331376097545,0.1441342487540976,0.21434847125410297,1.0,1.0,1.0,0.21434847125410278,0.1441342487540977,0.6803313760975451,1.0,0.6803313760975451,0.14413424875409764,0.030623910829118497,0.1441342487540976,0.21434847125410295,0.14413424875409758,0.03062391082911848
429,0.006323449865206597,0.003993610824877783,0.006323449865206597,0.022978331003024495,0.0011572902608817815,0.003221301312859144,720,4,0.005161665595967623,1.2687614468082955,0.03614854904953947,0.030623910829492933,0.14413424875474076,0.21434847125273876,0.14413424875474076,0.030623910829492926,0.14413424875474076,0.680331376102222,1.0,0.6803313761022219,0.14413424875474068,0.21434847125273881,1.0,1.0,1.0,0.21434847125273862,0.14413424875474076,0.680331376102222,1.0,0.680331376102222,0.1441342487547407,0.03062391082949292,0.14413424875474068,0.2143484712527388,0.14413424875474065,0.030623910829492906
430,0.0063234498652065966,0.0039936108248790235,0.0063234498652065966,0.022978331003022795,0.001157290260881531,0.003140912483889321,720,4,0.00516166559597684,1.268761446810417,0.036148549049534975,0.03062391083018042,0.1441342487548815,0.21434847125169737,0.1441342487548815,0.030623910830180415,0.1441342487548815,0.6803313761067543,1.0,0.6803313761067542,0.14413424875488146,0.21434847125169743,1.0,1.0,1.0,0.21434847125169723,0.1441342487548815,0.6803313761067543,1.0,0.6803313761067543,0.14413424875488146,0.030623910830180408,0.14413424875488143,0.2143484712516974,0.1441342487548814,0.030623910830180394
431,0.0063234498652065966,0.003993610824879969,0.0063234498652065966,0.02297833100302116,0.001157290260881285,0.0030615899274476564,960,4,0.005161665595985756,1.2687614468124133,0.03614854904953049,0.030623910831039554,0.1441342487545802,0.21434847125096176,0.1441342487545802,0.03062391083103955,0.1441342487545802,0.680331376111117,1.0,0.6803313761111169,0.14413424875458017,0.21434847125096182,1.0,1.0,1.0,0.21434847125096163,0.1441342487545802,0.680331376111117,1.0,0.680331376111117,0.14413424875458014,0.030623910831039543,0.1441342487545801,0.21434847125096182,0.14413424875458009,0.03062391083103953
432,0.006323449865206597,0.0039936108248805335,0.006323449865206597,0.022978331003019596,0.001157290260881045,0.0029833367750528783,720,4,0.005161665595994339,1.2687614468142827,0.03614854904952604,0.030623910831932836,0.1441342487539045,0.21434847125050913,0.1441342487539045,0.030623910831932832,0.1441342487539045,0.6803313761152913,1.0,0.6803313761152912,0.14413424875390446,0.21434847125050918,1.0,1.0,1.0,0.214348471250509,0.1441342487539045,0.6803313761152913,1.0,0.6803313761152913,0.14413424875390443,0.030623910831932825,0.1441342487539044,0.21434847125050918,0.14413424875390438,0.03062391083193281
433,0.0063234498652065966,0.003993610824880662,0.0063234498652065966,0.022978331003018108,0.0011572902608808094,0.0029061561160054414,720,4,0.0051616655960025635,1.2687614468160267,0.03614854904952163,0.03062391083274441,0.14413424875292552,0.2143484712503123,0.14413424875292552,0.030623910832744405,0.14413424875292552,0.6803313761192633,1.0,0.6803313761192632,0.1441342487529255,0.21434847125031237,1.0,1.0,1.0,0.21434847125031217,0.14413424875292552,0.6803313761192633,1.0,0.6803313761192633,0.14413424875292546,0.030623910832744402,0.14413424875292544,0.2143484712503124,0.1441342487529254,0.030623910832744385
434,0.006323449865206597,0.003993610824880338,0.006323449865206597,0.0229783310030167,0.001157290260880585,0.0028300509972656106,960,4,0.00516166559601041,1.2687614468176482,0.03614854904951728,0.030623910833391207,0.1441342487517146,0.2143484712503415,0.1441342487517146,0.030623910833391204,0.1441342487517146,0.6803313761230243,1.0,0.6803313761230242,0.14413424875171457,0.21434847125034157,1.0,1.0,1.0,0.21434847125034137,0.1441342487517146,0.6803313761230243,1.0,0.6803313761230243,0.14413424875171454,0.0306239108333912,0.14413424875171452,0.2143484712503416,0.1441342487517145,0.030623910833391183
435,0.006323449865206597,0.00399361082487959,0.006323449865206597,0.02297833100301537,0.0011572902608803664,0.002755024423333162,720,4,0.005161665596017864,1.268761446819154,0.03614854904951301,0.030623910833827355,0.1441342487503404,0.2143484712505654,0.1441342487503404,0.030623910833827348,0.1441342487503404,0.6803313761265692,1.0,0.6803313761265691,0.14413424875034037,0.21434847125056544,1.0,1.0,1.0,0.21434847125056525,0.1441342487503404,0.6803313761265692,1.0,0.6803313761265692,0.14413424875034034,0.030623910833827348,0.1441342487503403,0.21434847125056547,0.14413424875034028,0.03062391083382733
436,0.006323449865206597,0.003993610824878478,0.006323449865206597,0.02297833100301412,0.0011572902608801617,0.0026810793561287747,720,4,0.005161665596024909,1.268761446820551,0.036148549049508816,0.030623910834042683,0.14413424874886668,0.21434847125095235,0.14413424874886668,0.030623910834042672,0.14413424874886668,0.6803313761298964,1.0,0.6803313761298962,0.14413424874886666,0.2143484712509524,1.0,1.0,1.0,0.21434847125095222,0.14413424874886668,0.6803313761298964,1.0,0.6803313761298964,0.14413424874886663,0.030623910834042672,0.1441342487488666,0.21434847125095244,0.14413424874886657,0.030623910834042655
437,0.006323449865206597,0.0039936108248770944,0.006323449865206597,0.022978331003012956,0.0011572902608799657,0.0026082187148770697,720,4,0.0051616655960315385,1.268761446821847,0.03614854904950472,0.03062391083405686,0.14413424874735084,0.21434847125147144,0.14413424874735084,0.03062391083405685,0.14413424874735084,0.6803313761330068,1.0,0.6803313761330066,0.1441342487473508,0.2143484712514715,1.0,1.0,1.0,0.2143484712514713,0.14413424874735084,0.6803313761330068,1.0,0.6803313761330068,0.14413424874735078,0.03062391083405685,0.14413424874735076,0.2143484712514715,0.14413424874735073,0.03062391083405683
438,0.006323449865206597,0.0039936108248755505,0.006323449865206597,0.02297833100301187,0.0011572902608797786,0.0025364453759914233,720,4,0.005161665596037744,1.2687614468230513,0.03614854904950073,0.0306239108339109,0.14413424874584269,0.21434847125209303,0.14413424874584269,0.030623910833910886,0.14413424874584269,0.6803313761359039,1.0,0.6803313761359039,0.14413424874584266,0.21434847125209308,1.0,1.0,1.0,0.2143484712520929,0.14413424874584269,0.6803313761359039,1.0,0.6803313761359039,0.14413424874584263,0.03062391083391089,0.1441342487458426,0.21434847125209308,0.14413424874584257,0.030623910833910868
439,0.006323449865206597,0.003993610824873956,0.006323449865206597,0.022978331003010864,0.0011572902608796044,0.0024657621729603603,960,4,0.005161665596043521,1.2687614468241712,0.03614854904949687,0.03062391083365773,0.14413424874438394,0.21434847125278952,0.14413424874438394,0.030623910833657713,0.14413424874438394,0.6803313761385931,1.0,0.6803313761385931,0.1441342487443839,0.21434847125278958,1.0,1.0,1.0,0.21434847125278939,0.14413424874438394,0.6803313761385931,1.0,0.6803313761385931,0.14413424874438388,0.03062391083365772,0.14413424874438385,0.21434847125278958,0.14413424874438382,0.030623910833657696
440,0.0063234498652065966,0.0039936108248724185,0.0063234498652065966,0.02297833100300993,0.0011572902608794396,0.002396171896235693,720,4,0.005161665596048873,1.2687614468252149,0.03614854904949313,0.03062391083335329,0.14413424874300804,0.2143484712535357,0.14413424874300804,0.030623910833353273,0.14413424874300804,0.680331376141081,1.0,0.680331376141081,0.144134248743008,0.21434847125353576,1.0,1.0,1.0,0.21434847125353557,0.14413424874300804,0.680331376141081,1.0,0.680331376141081,0.14413424874300798,0.03062391083335328,0.14413424874300798,0.21434847125353576,0.14413424874300795,0.030623910833353255
441,0.0063234498652065966,0.003993610824871024,0.0063234498652065966,0.02297833100300907,0.0011572902608792887,0.0023276772931224024,720,4,0.005161665596053805,1.2687614468261894,0.036148549049489546,0.030623910833049144,0.14413424874174038,0.21434847125430903,0.14413424874174038,0.030623910833049127,0.14413424874174038,0.6803313761433756,1.0,0.6803313761433756,0.14413424874174036,0.2143484712543091,1.0,1.0,1.0,0.2143484712543089,0.14413424874174038,0.6803313761433756,1.0,0.6803313761433756,0.14413424874174033,0.030623910833049134,0.14413424874174033,0.2143484712543091,0.1441342487417403,0.03062391083304911
442,0.006323449865206597,0.003993610824869843,0.006323449865206597,0.02297833100300828,0.0011572902608791447,0.0022602810676701306,720,4,0.005161665596058324,1.268761446827101,0.0361485490494861,0.030623910832787215,0.1441342487405988,0.2143484712550898,0.1441342487405988,0.030623910832787198,0.1441342487405988,0.6803313761454854,1.0,0.6803313761454854,0.14413424874059877,0.21434847125508985,1.0,1.0,1.0,0.21434847125508966,0.1441342487405988,0.6803313761454854,1.0,0.6803313761454854,0.14413424874059874,0.030623910832787204,0.14413424874059874,0.21434847125508985,0.1441342487405987,0.03062391083278718
443,0.006323449865206597,0.003993610824868921,0.006323449865206597,0.022978331003007557,0.0011572902608790142,0.00219398588056646,960,4,0.005161665596062448,1.268761446827954,0.03614854904948282,0.03062391083259679,0.1441342487395942,0.21434847125586118,0.1441342487395942,0.030623910832596773,0.1441342487395942,0.68033137614742,1.0,0.68033137614742,0.14413424873959418,0.21434847125586123,1.0,1.0,1.0,0.21434847125586104,0.1441342487395942,0.68033137614742,1.0,0.68033137614742,0.14413424873959416,0.03062391083259678,0.14413424873959416,0.2143484712558612,0.14413424873959413,0.030623910832596756
444,0.0063234498652065966,0.003993610824868276,0.0063234498652065966,0.02297833100300689,0.0011572902608788925,0.002128794349031859,720,4,0.005161665596066192,1.2687614468287531,0.036148549049479714,0.030623910832493658,0.1441342487387315,0.21434847125660914,0.1441342487387315,0.03062391083249364,0.1441342487387315,0.6803313761491888,1.0,0.6803313761491888,0.14413424873873149,0.2143484712566092,1.0,1.0,1.0,0.214348471256609,0.1441342487387315,0.6803313761491888,1.0,0.6803313761491888,0.14413424873873146,0.030623910832493648,0.14413424873873146,0.21434847125660916,0.14413424873873143,0.030623910832493627
445,0.006323449865206597,0.0039936108248679065,0.006323449865206597,0.022978331003006287,0.0011572902608787826,0.0020647090467163735,720,4,0.005161665596069578,1.268761446829501,0.03614854904947677,0.030623910832480977,0.1441342487380105,0.21434847125732243,0.1441342487380105,0.03062391083248096,0.14413424873801053,0.6803313761508017,1.0,0.6803313761508017,0.14413424873801048,0.21434847125732248,1.0,1.0,1.0,0.2143484712573223,0.14413424873801053,0.6803313761508017,1.0,0.6803313761508017,0.14413424873801045,0.030623910832480967,0.14413424873801045,0.21434847125732245,0.14413424873801045,0.030623910832480946
446,0.006323449865206597,0.003993610824867793,0.006323449865206597,0.02297833100300574,0.00115729026087868,0.002001732503597994,960,4,0.005161665596072628,1.2687614468302013,0.036148549049474024,0.030623910832551386,0.14413424873742683,0.21434847125799228,0.14413424873742683,0.03062391083255137,0.14413424873742686,0.6803313761522687,1.0,0.6803313761522687,0.1441342487374268,0.21434847125799233,1.0,1.0,1.0,0.21434847125799214,0.14413424873742686,0.6803313761522687,1.0,0.6803313761522687,0.14413424873742678,0.030623910832551376,0.14413424873742678,0.2143484712579923,0.14413424873742678,0.030623910832551355
447,0.006323449865206597,0.003993610824867904,0.006323449865206597,0.02297833100300524,0.0011572902608785864,0.0019398672058828297,720,4,0.005161665596075368,1.2687614468308546,0.03614854904947146,0.030623910832689824,0.14413424873697284,0.21434847125861228,0.14413424873697284,0.030623910832689807,0.14413424873697286,0.6803313761535994,1.0,0.6803313761535994,0.1441342487369728,0.21434847125861234,1.0,1.0,1.0,0.21434847125861214,0.14413424873697286,0.6803313761535994,1.0,0.6803313761535994,0.14413424873697278,0.03062391083268981,0.14413424873697278,0.2143484712586123,0.14413424873697278,0.030623910832689793
448,0.0063234498652065966,0.003993610824868199,0.0063234498652065966,0.02297833100300479,0.001157290260878502,0.0018791155959068848,720,4,0.005161665596077821,1.2687614468314634,0.03614854904946906,0.030623910832876577,0.1441342487366385,0.21434847125917816,0.1441342487366385,0.030623910832876564,0.14413424873663852,0.6803313761548035,1.0,0.6803313761548035,0.14413424873663847,0.21434847125917822,1.0,1.0,1.0,0.21434847125917803,0.14413424873663852,0.6803313761548035,1.0,0.6803313761548035,0.14413424873663844,0.030623910832876567,0.14413424873663844,0.21434847125917816,0.14413424873663844,0.03062391083287655
449,0.006323449865206597,0.003993610824868634,0.006323449865206597,0.02297833100300438,0.0011572902608784263,0.0018194800720397033,720,4,0.005161665596080012,1.2687614468320292,0.03614854904946686,0.030623910833090184,0.14413424873641217,0.21434847125968742,0.14413424873641217,0.030623910833090174,0.1441342487364122,0.6803313761558903,1.0,0.6803313761558903,0.14413424873641212,0.21434847125968748,1.0,1.0,1.0,0.21434847125968728,0.1441342487364122,0.6803313761558903,1.0,0.6803313761558903,0.1441342487364121,0.030623910833090177,0.1441342487364121,0.21434847125968742,0.14413424873641212,0.03062391083309016
450,0.0063234498652065966,0.003993610824869166,0.0063234498652065966,0.02297833100300401,0.0011572902608783556,0.0017609629885896674,720,4,0.005161665596081966,1.268761446832553,0.03614854904946483,0.030623910833309884,0.14413424873628128,0.2143484712601392,0.14413424873628128,0.030623910833309877,0.1441342487362813,0.6803313761568689,1.0,0.6803313761568689,0.14413424873628122,0.21434847126013926,1.0,1.0,1.0,0.21434847126013906,0.1441342487362813,0.6803313761568689,1.0,0.6803313761568689,0.1441342487362812,0.030623910833309877,0.1441342487362812,0.2143484712601392,0.14413424873628122,0.03062391083330986
451,0.0063234498652065966,0.003993610824869751,0.0063234498652065966,0.022978331003003685,0.0011572902608782954,0.0017035666557110205,720,4,0.005161665596083705,1.2687614468330357,0.036148549049462984,0.030623910833517475,0.14413424873623293,0.214348471260534,0.14413424873623293,0.03062391083351747,0.14413424873623296,0.6803313761577477,1.0,0.6803313761577477,0.14413424873623287,0.21434847126053405,1.0,1.0,1.0,0.21434847126053386,0.14413424873623296,0.6803313761577477,1.0,0.6803313761577477,0.14413424873623285,0.030623910833517468,0.14413424873623285,0.214348471260534,0.14413424873623287,0.03062391083351745
452,0.0063234498652065966,0.00399361082487036,0.0063234498652065966,0.022978331003003387,0.0011572902608782392,0.001647293339312708,720,4,0.005161665596085252,1.2687614468334794,0.036148549049461305,0.030623910833698535,0.1441342487362543,0.21434847126087336,0.1441342487362543,0.030623910833698535,0.14413424873625433,0.6803313761585352,1.0,0.6803313761585352,0.14413424873625424,0.21434847126087342,1.0,1.0,1.0,0.21434847126087322,0.14413424873625433,0.6803313761585352,1.0,0.6803313761585352,0.14413424873625422,0.030623910833698528,0.14413424873625422,0.21434847126087336,0.14413424873625424,0.03062391083369851
453,0.006323449865206597,0.003993610824870961,0.006323449865206597,0.022978331003003123,0.0011572902608781922,0.0015921452609689083,720,4,0.005161665596086625,1.268761446833885,0.0361485490494598,0.030623910833843013,0.1441342487363331,0.21434847126115972,0.14413424873633313,0.030623910833843013,0.14413424873633313,0.680331376159239,1.0,0.680331376159239,0.14413424873633304,0.21434847126115977,1.0,1.0,1.0,0.21434847126115958,0.14413424873633313,0.680331376159239,1.0,0.680331376159239,0.14413424873633301,0.030623910833843006,0.14413424873633304,0.21434847126115972,0.14413424873633304,0.03062391083384299
454,0.0063234498652065966,0.0039936108248715355,0.0063234498652065966,0.022978331003002887,0.0011572902608781481,0.0015381245978313314,720,4,0.0051616655960878425,1.2687614468342543,0.03614854904945844,0.030623910833945285,0.1441342487364578,0.2143484712613962,0.14413424873645783,0.030623910833945285,0.14413424873645783,0.6803313761598665,1.0,0.6803313761598665,0.14413424873645775,0.21434847126139625,1.0,1.0,1.0,0.21434847126139606,0.14413424873645783,0.6803313761598665,1.0,0.6803313761598665,0.14413424873645772,0.030623910833945278,0.14413424873645775,0.2143484712613962,0.14413424873645775,0.03062391083394526
455,0.0063234498652065966,0.003993610824872067,0.0063234498652065966,0.02297833100300268,0.0011572902608781104,0.0014852334825432496,720,4,0.005161665596088921,1.268761446834589,0.036148549049457246,0.030623910834003797,0.14413424873661784,0.21434847126158638,0.14413424873661787,0.030623910834003797,0.14413424873661787,0.6803313761604245,1.0,0.6803313761604245,0.1441342487366178,0.21434847126158646,1.0,1.0,1.0,0.21434847126158627,0.14413424873661787,0.6803313761604245,1.0,0.6803313761604245,0.14413424873661776,0.03062391083400379,0.1441342487366178,0.2143484712615864,0.1441342487366178,0.030623910834003773
456,0.0063234498652065966,0.003993610824872549,0.0063234498652065966,0.022978331003002495,0.0011572902608780766,0.0014334740031553383,960,4,0.0051616655960898756,1.2687614468348911,0.03614854904945618,0.03062391083402042,0.1441342487368037,0.21434847126173417,0.14413424873680372,0.03062391083402042,0.14413424873680372,0.6803313761609195,1.0,0.6803313761609195,0.14413424873680364,0.21434847126173426,1.0,1.0,1.0,0.21434847126173406,0.14413424873680372,0.6803313761609195,1.0,0.6803313761609195,0.1441342487368036,0.030623910834020412,0.14413424873680364,0.2143484712617342,0.14413424873680364,0.030623910834020395
457,0.006323449865206597,0.003993610824872975,0.006323449865206597,0.022978331003002332,0.0011572902608780473,0.0013828482030432102,720,4,0.005161665596090718,1.2687614468351622,0.03614854904945525,0.030623910833999655,0.144134248737007,0.21434847126184367,0.14413424873700703,0.03062391083399965,0.14413424873700703,0.6803313761613575,1.0,0.6803313761613575,0.14413424873700695,0.21434847126184375,1.0,1.0,1.0,0.21434847126184356,0.14413424873700703,0.6803313761613575,1.0,0.6803313761613575,0.14413424873700695,0.030623910833999648,0.14413424873700695,0.2143484712618437,0.14413424873700695,0.03062391083399963
458,0.0063234498652065966,0.0039936108248733474,0.0063234498652065966,0.022978331003002186,0.0011572902608780224,0.0013333580808267747,720,4,0.00516166559609146,1.2687614468354047,0.03614854904945444,0.03062391083394778,0.14413424873722058,0.21434847126191894,0.1441342487372206,0.030623910833947776,0.1441342487372206,0.6803313761617441,1.0,0.6803313761617441,0.14413424873722053,0.21434847126191903,1.0,1.0,1.0,0.21434847126191883,0.1441342487372206,0.6803313761617441,1.0,0.6803313761617441,0.14413424873722053,0.030623910833947773,0.14413424873722053,0.21434847126191897,0.14413424873722053,0.030623910833947755
459,0.0063234498652065966,0.003993610824873671,0.0063234498652065966,0.022978331003002058,0.0011572902608780005,0.0012850055902913155,720,4,0.005161665596092113,1.2687614468356203,0.036148549049453756,0.030623910833872045,0.1441342487374383,0.2143484712619641,0.14413424873743833,0.03062391083387204,0.14413424873743833,0.6803313761620843,1.0,0.6803313761620843,0.14413424873743824,0.21434847126196419,1.0,1.0,1.0,0.214348471261964,0.14413424873743833,0.6803313761620843,1.0,0.6803313761620843,0.14413424873743824,0.030623910833872038,0.14413424873743824,0.21434847126196413,0.14413424873743824,0.03062391083387202
460,0.006323449865206597,0.003993610824873949,0.006323449865206597,0.022978331003001947,0.0011572902608779827,0.0012377926403103626,960,4,0.005161665596092686,1.2687614468358113,0.03614854904945316,0.03062391083377996,0.1441342487376551,0.2143484712619831,0.14413424873765512,0.030623910833779956,0.14413424873765512,0.6803313761623829,1.0,0.6803313761623829,0.14413424873765504,0.21434847126198317,1.0,1.0,1.0,0.21434847126198298,0.14413424873765512,0.6803313761623829,1.0,0.6803313761623829,0.14413424873765504,0.030623910833779952,0.14413424873765504,0.21434847126198311,0.14413424873765504,0.030623910833779935
461,0.0063234498652065966,0.003993610824874187,0.0063234498652065966,0.022978331003001846,0.0011572902608779662,0.0011917210947703422,720,4,0.005161665596093187,1.2687614468359794,0.03614854904945266,0.030623910833678717,0.14413424873786693,0.21434847126197967,0.14413424873786695,0.03062391083367871,0.14413424873786695,0.6803313761626443,1.0,0.6803313761626443,0.14413424873786687,0.21434847126197976,1.0,1.0,1.0,0.21434847126197956,0.14413424873786695,0.6803313761626443,1.0,0.6803313761626443,0.14413424873786687,0.030623910833678707,0.14413424873786687,0.2143484712619797,0.14413424873786687,0.03062391083367869
462,0.006323449865206597,0.003993610824874393,0.006323449865206597,0.022978331003001763,0.0011572902608779528,0.0011467927724969822,720,4,0.005161665596093625,1.2687614468361268,0.03614854904945225,0.03062391083357477,0.1441342487380706,0.21434847126195736,0.14413424873807062,0.030623910833574762,0.14413424873807062,0.6803313761628723,1.0,0.6803313761628723,0.14413424873807054,0.21434847126195744,1.0,1.0,1.0,0.21434847126195725,0.14413424873807062,0.6803313761628723,1.0,0.6803313761628723,0.14413424873807054,0.03062391083357476,0.14413424873807054,0.21434847126195739,0.14413424873807054,0.03062391083357474
463,0.006323449865206597,0.0039936108248745696,0.006323449865206597,0.022978331003001687,0.0011572902608779397,0.0011030094471835238,720,4,0.005161665596094005,1.2687614468362556,0.0361485490494519,0.03062391083347356,0.14413424873826372,0.21434847126191942,0.14413424873826375,0.03062391083347355,0.14413424873826375,0.6803313761630706,1.0,0.6803313761630706,0.14413424873826367,0.2143484712619195,1.0,1.0,1.0,0.2143484712619193,0.14413424873826375,0.6803313761630706,1.0,0.6803313761630706,0.14413424873826367,0.03062391083347355,0.14413424873826367,0.21434847126191944,0.14413424873826367,0.030623910833473534
464,0.006323449865206597,0.003993610824874725,0.006323449865206597,0.022978331003001624,0.0011572902608779309,0.0010603728473206698,720,4,0.005161665596094334,1.2687614468363673,0.03614854904945163,0.03062391083337938,0.1441342487384446,0.21434847126186882,0.14413424873844463,0.030623910833379366,0.14413424873844463,0.6803313761632426,1.0,0.6803313761632426,0.14413424873844455,0.2143484712618689,1.0,1.0,1.0,0.2143484712618687,0.14413424873844463,0.6803313761632426,1.0,0.6803313761632426,0.14413424873844455,0.03062391083337937,0.14413424873844455,0.21434847126186884,0.14413424873844455,0.030623910833379352
465,0.0063234498652065966,0.003993610824874863,0.0063234498652065966,0.02297833100300157,0.0011572902608779228,0.0010188846561283928,720,4,0.005161665596094618,1.2687614468364632,0.03614854904945142,0.030623910833295326,0.1441342487386121,0.21434847126180825,0.14413424873861214,0.030623910833295312,0.14413424873861214,0.6803313761633911,1.0,0.6803313761633911,0.14413424873861205,0.2143484712618083,1.0,1.0,1.0,0.21434847126180814,0.14413424873861214,0.6803313761633911,1.0,0.6803313761633911,0.14413424873861205,0.030623910833295315,0.14413424873861205,0.21434847126180828,0.14413424873861205,0.030623910833295298
466,0.0063234498652065966,0.003993610824874985,0.0063234498652065966,0.02297833100300152,0.0011572902608779168,0.000978546511489425,720,4,0.005161665596094861,1.2687614468365453,0.03614854904945126,0.030623910833223376,0.14413424873876565,0.2143484712617401,0.14413424873876568,0.030623910833223363,0.14413424873876568,0.6803313761635189,1.0,0.6803313761635189,0.1441342487387656,0.21434847126174014,1.0,1.0,1.0,0.21434847126173998,0.14413424873876568,0.6803313761635189,1.0,0.6803313761635189,0.1441342487387656,0.030623910833223366,0.1441342487387656,0.21434847126174011,0.1441342487387656,0.03062391083322335
467,0.006323449865206597,0.003993610824875096,0.006323449865206597,0.02297833100300148,0.001157290260877912,0.0009393600058846593,720,4,0.0051616655960950684,1.2687614468366155,0.03614854904945114,0.03062391083316451,0.14413424873890504,0.21434847126166645,0.14413424873890507,0.030623910833164496,0.14413424873890507,0.6803313761636285,1.0,0.6803313761636285,0.14413424873890499,0.2143484712616665,1.0,1.0,1.0,0.21434847126166634,0.14413424873890507,0.6803313761636285,1.0,0.6803313761636285,0.14413424873890499,0.0306239108331645,0.14413424873890499,0.21434847126166648,0.14413424873890499,0.030623910833164483
468,0.0063234498652065966,0.0039936108248751975,0.0063234498652065966,0.022978331003001444,0.0011572902608779074,0.0009013266863302316,720,4,0.005161665596095246,1.2687614468366746,0.03614854904945105,0.03062391083311886,0.14413424873903039,0.21434847126158915,0.1441342487390304,0.030623910833118845,0.1441342487390304,0.680331376163722,1.0,0.680331376163722,0.14413424873903033,0.2143484712615892,1.0,1.0,1.0,0.21434847126158904,0.1441342487390304,0.680331376163722,1.0,0.680331376163722,0.14413424873903033,0.03062391083311885,0.14413424873903033,0.21434847126158918,0.14413424873903033,0.03062391083311883
469,0.006323449865206597,0.00399361082487529,0.006323449865206597,0.022978331003001416,0.001157290260877904,0.0008644480543164813,720,4,0.005161665596095396,1.268761446836724,0.036148549049451,0.030623910833085882,0.1441342487391421,0.21434847126150974,0.14413424873914213,0.03062391083308587,0.14413424873914213,0.6803313761638013,1.0,0.6803313761638013,0.14413424873914205,0.2143484712615098,1.0,1.0,1.0,0.21434847126150963,0.14413424873914213,0.6803313761638013,1.0,0.6803313761638013,0.14413424873914205,0.030623910833085872,0.14413424873914205,0.21434847126150977,0.14413424873914205,0.030623910833085854
470,0.0063234498652065966,0.0039936108248753745,0.0063234498652065966,0.02297833100300139,0.001157290260877902,0.0008287255657486422,720,4,0.00516166559609552,1.268761446836765,0.03614854904945098,0.03062391083306454,0.14413424873924077,0.21434847126142959,0.1441342487392408,0.030623910833064528,0.1441342487392408,0.6803313761638683,1.0,0.6803313761638683,0.14413424873924072,0.21434847126142964,1.0,1.0,1.0,0.21434847126142947,0.1441342487392408,0.6803313761638683,1.0,0.6803313761638683,0.14413424873924072,0.03062391083306453,0.14413424873924072,0.2143484712614296,0.14413424873924072,0.030623910833064514
471,0.006323449865206597,0.003993610824875451,0.006323449865206597,0.022978331003001368,0.0011572902608778994,0.0007941606308894081,720,4,0.005161665596095625,1.2687614468367983,0.03614854904945098,0.03062391083305347,0.14413424873932715,0.21434847126134973,0.14413424873932715,0.03062391083305346,0.14413424873932715,0.6803313761639245,1.0,0.6803313761639245,0.1441342487393271,0.2143484712613498,1.0,1.0,1.0,0.21434847126134962,0.14413424873932715,0.6803313761639245,1.0,0.6803313761639245,0.14413424873932706,0.03062391083305346,0.14413424873932706,0.21434847126134976,0.14413424873932706,0.030623910833053443
472,0.0063234498652065966,0.003993610824875521,0.0063234498652065966,0.022978331003001354,0.0011572902608778988,0.0007607546143032212,960,4,0.005161665596095712,1.2687614468368251,0.036148549049451,0.030623910833051122,0.14413424873940203,0.21434847126127113,0.14413424873940203,0.03062391083305111,0.14413424873940203,0.6803313761639713,1.0,0.6803313761639713,0.14413424873940198,0.21434847126127118,1.0,1.0,1.0,0.21434847126127102,0.14413424873940203,0.6803313761639713,1.0,0.6803313761639713,0.14413424873940195,0.03062391083305111,0.14413424873940195,0.21434847126127116,0.14413424873940195,0.030623910833051094
473,0.006323449865206597,0.003993610824875584,0.006323449865206597,0.022978331003001336,0.0011572902608778977,0.0007285088348024086,720,4,0.005161665596095783,1.2687614468368462,0.036148549049451036,0.030623910833055875,0.14413424873946634,0.21434847126119447,0.14413424873946634,0.030623910833055868,0.14413424873946634,0.6803313761640101,1.0,0.6803313761640101,0.1441342487394663,0.21434847126119452,1.0,1.0,1.0,0.21434847126119436,0.14413424873946634,0.6803313761640101,1.0,0.6803313761640101,0.14413424873946626,0.030623910833055868,0.14413424873946626,0.2143484712611945,0.14413424873946626,0.030623910833055847
474,0.006323449865206597,0.003993610824875638,0.006323449865206597,0.022978331003001326,0.001157290260877897,0.0006974245653951394,720,4,0.005161665596095841,1.2687614468368624,0.036148549049451084,0.030623910833066148,0.14413424873952102,0.2143484712611203,0.14413424873952102,0.03062391083306614,0.14413424873952102,0.6803313761640417,1.0,0.6803313761640417,0.14413424873952096,0.21434847126112036,1.0,1.0,1.0,0.2143484712611202,0.14413424873952102,0.6803313761640417,1.0,0.6803313761640417,0.14413424873952094,0.03062391083306614,0.14413424873952094,0.21434847126112033,0.14413424873952094,0.03062391083306612
475,0.006323449865206597,0.003993610824875687,0.006323449865206597,0.022978331003001316,0.0011572902608778966,0.0006675030332351413,960,4,0.005161665596095888,1.2687614468368744,0.03614854904945114,0.03062391083308046,0.14413424873956696,0.21434847126104908,0.14413424873956696,0.030623910833080453,0.14413424873956696,0.6803313761640672,1.0,0.6803313761640672,0.1441342487395669,0.21434847126104914,1.0,1.0,1.0,0.21434847126104897,0.14413424873956696,0.6803313761640672,1.0,0.6803313761640672,0.14413424873956687,0.030623910833080453,0.14413424873956687,0.2143484712610491,0.14413424873956687,0.030623910833080432
476,0.0063234498652065966,0.003993610824875726,0.0063234498652065966,0.022978331003001305,0.0011572902608778972,0.000638745419573269,720,4,0.0051616655960959245,1.2687614468368826,0.0361485490494512,0.03062391083309747,0.14413424873960506,0.21434847126098108,0.14413424873960506,0.030623910833097463,0.14413424873960506,0.6803313761640876,1.0,0.6803313761640876,0.144134248739605,0.21434847126098114,1.0,1.0,1.0,0.21434847126098097,0.14413424873960506,0.6803313761640876,1.0,0.6803313761640876,0.14413424873960498,0.030623910833097463,0.14413424873960498,0.2143484712609811,0.14413424873960498,0.030623910833097442
477,0.0063234498652065966,0.00399361082487576,0.0063234498652065966,0.022978331003001302,0.0011572902608778977,0.00061115285971087,720,4,0.005161665596095953,1.2687614468368882,0.03614854904945127,0.03062391083311603,0.1441342487396362,0.2143484712609165,0.1441342487396362,0.03062391083311602,0.1441342487396362,0.6803313761641034,1.0,0.6803313761641034,0.14413424873963615,0.21434847126091655,1.0,1.0,1.0,0.21434847126091638,0.1441342487396362,0.6803313761641034,1.0,0.6803313761641034,0.14413424873963612,0.03062391083311602,0.14413424873963612,0.21434847126091652,0.14413424873963612,0.030623910833116
478,0.006323449865206597,0.003993610824875785,0.006323449865206597,0.0229783310030013,0.0011572902608778981,0.0005847264429549624,720,4,0.005161665596095976,1.2687614468368906,0.03614854904945135,0.030623910833135166,0.1441342487396612,0.21434847126085543,0.1441342487396612,0.03062391083313516,0.1441342487396612,0.6803313761641155,1.0,0.6803313761641155,0.14413424873966116,0.2143484712608555,1.0,1.0,1.0,0.21434847126085532,0.1441342487396612,0.6803313761641155,1.0,0.6803313761641155,0.14413424873966113,0.03062391083313516,0.14413424873966113,0.21434847126085546,0.14413424873966113,0.030623910833135138
479,0.006323449865206597,0.003993610824875805,0.006323449865206597,0.02297833100300129,0.0011572902608778988,0.0005594672125752286,720,4,0.005161665596095992,1.2687614468368913,0.03614854904945142,0.030623910833154105,0.14413424873968084,0.21434847126079792,0.14413424873968084,0.0306239108331541,0.14413424873968084,0.6803313761641244,1.0,0.6803313761641244,0.14413424873968078,0.21434847126079798,1.0,1.0,1.0,0.2143484712607978,0.14413424873968084,0.6803313761641244,1.0,0.6803313761641244,0.14413424873968075,0.0306239108331541,0.14413424873968075,0.21434847126079795,0.14413424873968075,0.030623910833154078
480,0.0063234498652065966,0.003993610824875817,0.0063234498652065966,0.02297833100300129,0.0011572902608778994,0.000535376165762839,720,4,0.005161665596096004,1.26876144683689,0.0361485490494515,0.030623910833172244,0.14413424873969577,0.21434847126074397,0.14413424873969577,0.030623910833172237,0.14413424873969577,0.6803313761641305,1.0,0.6803313761641305,0.14413424873969571,0.21434847126074402,1.0,1.0,1.0,0.21434847126074386,0.14413424873969577,0.6803313761641305,1.0,0.6803313761641305,0.1441342487396957,0.030623910833172237,0.1441342487396957,0.214348471260744,0.1441342487396957,0.030623910833172216
481,0.006323449865206597,0.003993610824875824,0.006323449865206597,0.02297833100300129,0.0011572902608778998,0.0005124542535910647,720,4,0.005161665596096011,1.2687614468368873,0.03614854904945156,0.030623910833189147,0.14413424873970668,0.21434847126069348,0.14413424873970668,0.03062391083318914,0.14413424873970668,0.6803313761641343,1.0,0.6803313761641343,0.14413424873970662,0.21434847126069353,1.0,1.0,1.0,0.21434847126069337,0.14413424873970668,0.6803313761641343,1.0,0.6803313761641343,0.1441342487397066,0.03062391083318914,0.1441342487397066,0.2143484712606935,0.1441342487397066,0.03062391083318912
482,0.006323449865206597,0.0039936108248758255,0.006323449865206597,0.02297833100300129,0.0011572902608779007,0.0004907023809777497,720,4,0.005161665596096016,1.2687614468368833,0.03614854904945164,0.030623910833204517,0.14413424873971414,0.21434847126064638,0.14413424873971414,0.03062391083320451,0.14413424873971414,0.6803313761641362,1.0,0.6803313761641362,0.1441342487397141,0.21434847126064643,1.0,1.0,1.0,0.21434847126064627,0.14413424873971414,0.6803313761641362,1.0,0.6803313761641362,0.14413424873971406,0.03062391083320451,0.14413424873971406,0.2143484712606464,0.14413424873971406,0.03062391083320449
483,0.006323449865206597,0.003993610824875822,0.006323449865206597,0.02297833100300129,0.0011572902608779016,0.0004701214066495824,720,4,0.005161665596096017,1.2687614468368784,0.03614854904945171,0.030623910833218176,0.14413424873971867,0.2143484712606025,0.14413424873971867,0.03062391083321817,0.14413424873971867,0.6803313761641364,1.0,0.6803313761641364,0.1441342487397186,0.21434847126060255,1.0,1.0,1.0,0.21434847126060239,0.14413424873971867,0.6803313761641364,1.0,0.6803313761641364,0.14413424873971858,0.03062391083321817,0.14413424873971858,0.21434847126060252,0.14413424873971858,0.030623910833218148
484,0.006323449865206597,0.003993610824875815,0.006323449865206597,0.02297833100300129,0.0011572902608779025,0.00045071214310819004,720,4,0.005161665596096017,1.2687614468368729,0.03614854904945179,0.030623910833230045,0.14413424873972072,0.2143484712605617,0.14413424873972072,0.030623910833230038,0.14413424873972072,0.6803313761641353,1.0,0.6803313761641353,0.14413424873972067,0.21434847126056175,1.0,1.0,1.0,0.21434847126056158,0.14413424873972072,0.6803313761641353,1.0,0.6803313761641353,0.14413424873972064,0.030623910833230038,0.14413424873972064,0.21434847126056172,0.14413424873972064,0.030623910833230017
485,0.0063234498652065966,0.003993610824875804,0.0063234498652065966,0.02297833100300129,0.0011572902608779035,0.0004324753565980623,720,4,0.005161665596096014,1.2687614468368666,0.03614854904945185,0.030623910833240123,0.14413424873972072,0.21434847126052378,0.14413424873972072,0.030623910833240117,0.14413424873972072,0.6803313761641331,1.0,0.6803313761641331,0.14413424873972067,0.21434847126052387,1.0,1.0,1.0,0.21434847126052367,0.14413424873972072,0.6803313761641331,1.0,0.6803313761641331,0.14413424873972064,0.030623910833240117,0.14413424873972064,0.21434847126052384,0.14413424873972064,0.030623910833240096
486,0.0063234498652065966,0.00399361082487579,0.0063234498652065966,0.02297833100300129,0.001157290260877905,0.0004154117670763009,720,4,0.00516166559609601,1.2687614468368598,0.03614854904945192,0.03062391083324847,0.14413424873971903,0.21434847126048862,0.14413424873971903,0.030623910833248464,0.14413424873971903,0.68033137616413,1.0,0.68033137616413,0.14413424873971897,0.2143484712604887,1.0,1.0,1.0,0.2143484712604885,0.14413424873971903,0.68033137616413,1.0,0.68033137616413,0.14413424873971895,0.030623910833248464,0.14413424873971895,0.21434847126048867,0.14413424873971895,0.030623910833248443
487,0.006323449865206597,0.003993610824875773,0.006323449865206597,0.02297833100300129,0.001157290260877906,0.00039952204818420855,720,4,0.005161665596096005,1.2687614468368527,0.03614854904945198,0.030623910833255184,0.14413424873971595,0.214348471260456,0.14413424873971595,0.030623910833255177,0.14413424873971595,0.6803313761641262,1.0,0.6803313761641262,0.1441342487397159,0.21434847126045609,1.0,1.0,1.0,0.2143484712604559,0.14413424873971595,0.6803313761641262,1.0,0.6803313761641262,0.14413424873971586,0.030623910833255177,0.14413424873971586,0.21434847126045606,0.14413424873971586,0.030623910833255157
488,0.0063234498652065966,0.003993610824875753,0.0063234498652065966,0.022978331003001295,0.0011572902608779068,0.0003848068272206742,720,4,0.005161665596095998,1.2687614468368456,0.03614854904945204,0.03062391083326039,0.14413424873971173,0.21434847126042575,0.14413424873971173,0.03062391083326038,0.14413424873971173,0.6803313761641218,1.0,0.6803313761641218,0.14413424873971167,0.21434847126042583,1.0,1.0,1.0,0.21434847126042564,0.14413424873971173,0.6803313761641218,1.0,0.6803313761641218,0.14413424873971165,0.03062391083326038,0.14413424873971165,0.2143484712604258,0.14413424873971165,0.03062391083326036
489,0.006323449865206597,0.003993610824875731,0.006323449865206597,0.0229783310030013,0.0011572902608779077,0.00037126668511742707,720,4,0.005161665596095992,1.2687614468368382,0.0361485490494521,0.03062391083326423,0.1441342487397066,0.21434847126039766,0.1441342487397066,0.030623910833264222,0.1441342487397066,0.6803313761641169,1.0,0.6803313761641169,0.14413424873970654,0.21434847126039774,1.0,1.0,1.0,0.21434847126039755,0.1441342487397066,0.6803313761641169,1.0,0.6803313761641169,0.1441342487397065,0.030623910833264222,0.1441342487397065,0.21434847126039772,0.1441342487397065,0.0306239108332642
490,0.006323449865206597,0.003993610824875708,0.006323449865206597,0.0229783310030013,0.0011572902608779085,0.000358902156416094,720,4,0.005161665596095985,1.268761446836831,0.03614854904945215,0.030623910833266856,0.14413424873970074,0.2143484712603716,0.14413424873970074,0.03062391083326685,0.14413424873970074,0.6803313761641117,1.0,0.6803313761641117,0.14413424873970068,0.21434847126037168,1.0,1.0,1.0,0.2143484712603715,0.14413424873970074,0.6803313761641117,1.0,0.6803313761641117,0.14413424873970065,0.03062391083326685,0.14413424873970065,0.21434847126037165,0.14413424873970065,0.030623910833266828
491,0.0063234498652065966,0.003993610824875685,0.0063234498652065966,0.0229783310030013,0.0011572902608779096,0.00034771372924709564,720,4,0.005161665596095977,1.2687614468368233,0.03614854904945221,0.030623910833268417,0.14413424873969433,0.21434847126034737,0.14413424873969433,0.03062391083326841,0.14413424873969433,0.6803313761641061,1.0,0.6803313761641061,0.14413424873969427,0.21434847126034745,1.0,1.0,1.0,0.21434847126034726,0.14413424873969433,0.6803313761641061,1.0,0.6803313761641061,0.14413424873969424,0.03062391083326841,0.14413424873969424,0.21434847126034742,0.14413424873969424,0.03062391083326839
492,0.006323449865206597,0.003993610824875661,0.006323449865206597,0.022978331003001305,0.00115729026087791,0.00033770184531037864,960,4,0.005161665596095969,1.268761446836816,0.036148549049452264,0.030623910833269062,0.1441342487396875,0.2143484712603248,0.1441342487396875,0.03062391083326905,0.1441342487396875,0.6803313761641003,1.0,0.6803313761641003,0.14413424873968744,0.21434847126032489,1.0,1.0,1.0,0.2143484712603247,0.1441342487396875,0.6803313761641003,1.0,0.6803313761641003,0.14413424873968742,0.03062391083326905,0.14413424873968742,0.21434847126032486,0.14413424873968742,0.030623910833269034
493,0.0063234498652065966,0.0039936108248756355,0.0063234498652065966,0.022978331003001305,0.0011572902608779111,0.00032886689985797755,720,4,0.00516166559609596,1.2687614468368087,0.03614854904945232,0.030623910833268923,0.14413424873968034,0.21434847126030376,0.14413424873968034,0.030623910833268913,0.14413424873968034,0.6803313761640943,1.0,0.6803313761640943,0.14413424873968028,0.21434847126030385,1.0,1.0,1.0,0.21434847126030365,0.14413424873968034,0.6803313761640943,1.0,0.6803313761640943,0.14413424873968025,0.030623910833268913,0.14413424873968025,0.21434847126030382,0.14413424873968025,0.030623910833268896
494,0.006323449865206597,0.00399361082487561,0.006323449865206597,0.022978331003001305,0.0011572902608779118,0.0003212092416784123,720,4,0.0051616655960959506,1.2687614468368014,0.03614854904945236,0.03062391083326813,0.14413424873967293,0.21434847126028408,0.14413424873967293,0.03062391083326812,0.14413424873967293,0.6803313761640882,1.0,0.6803313761640882,0.14413424873967287,0.21434847126028417,1.0,1.0,1.0,0.21434847126028397,0.14413424873967293,0.6803313761640882,1.0,0.6803313761640882,0.14413424873967284,0.03062391083326812,0.14413424873967284,0.21434847126028414,0.14413424873967284,0.0306239108332681
495,0.006323449865206597,0.003993610824875584,0.006323449865206597,0.022978331003001312,0.0011572902608779124,0.00031472917308291175,960,4,0.005161665596095942,1.268761446836794,0.0361485490494524,0.030623910833266793,0.14413424873966535,0.21434847126026566,0.14413424873966535,0.030623910833266783,0.14413424873966535,0.680331376164082,1.0,0.680331376164082,0.1441342487396653,0.21434847126026574,1.0,1.0,1.0,0.21434847126026554,0.14413424873966535,0.680331376164082,1.0,0.680331376164082,0.14413424873966527,0.030623910833266783,0.14413424873966527,0.2143484712602657,0.14413424873966527,0.030623910833266765
496,0.006323449865206597,0.003993610824875559,0.006323449865206597,0.022978331003001312,0.0011572902608779133,0.0003094269498934968,720,4,0.005161665596095932,1.2687614468367867,0.03614854904945245,0.030623910833265017,0.14413424873965766,0.21434847126024834,0.14413424873965766,0.030623910833265006,0.14413424873965766,0.6803313761640757,1.0,0.6803313761640757,0.1441342487396576,0.21434847126024842,1.0,1.0,1.0,0.21434847126024822,0.14413424873965766,0.6803313761640757,1.0,0.6803313761640757,0.14413424873965758,0.030623910833265006,0.14413424873965758,0.2143484712602484,0.14413424873965758,0.03062391083326499
497,0.0063234498652065966,0.003993610824875533,0.0063234498652065966,0.022978331003001312,0.0011572902608779144,0.00030530278143285237,720,4,0.005161665596095923,1.2687614468367798,0.03614854904945249,0.03062391083326289,0.1441342487396499,0.21434847126023202,0.1441342487396499,0.03062391083326288,0.1441342487396499,0.6803313761640692,1.0,0.6803313761640692,0.14413424873964983,0.2143484712602321,1.0,1.0,1.0,0.2143484712602319,0.1441342487396499,0.6803313761640692,1.0,0.6803313761640692,0.1441342487396498,0.03062391083326288,0.1441342487396498,0.21434847126023207,0.14413424873964978,0.030623910833262862
498,0.006323449865206597,0.003993610824875508,0.006323449865206597,0.02297833100300132,0.0011572902608779148,0.00030235683051608905,960,4,0.005161665596095913,1.2687614468367727,0.03614854904945253,0.030623910833260496,0.14413424873964203,0.21434847126021658,0.14413424873964203,0.030623910833260486,0.14413424873964203,0.6803313761640627,1.0,0.6803313761640627,0.14413424873964198,0.21434847126021667,1.0,1.0,1.0,0.21434847126021647,0.14413424873964203,0.6803313761640627,1.0,0.6803313761640627,0.14413424873964195,0.030623910833260486,0.14413424873964195,0.21434847126021664,0.14413424873964192,0.03062391083326047
499,0.006323449865206597,0.003993610824875483,0.006323449865206597,0.02297833100300132,0.0011572902608779157,0.0003005892134443071,720,4,0.005161665596095903,1.2687614468367656,0.03614854904945257,0.0306239108332579,0.14413424873963415,0.21434847126020193,0.14413424873963415,0.03062391083325789,0.14413424873963415,0.680331376164056,1.0,0.680331376164056,0.1441342487396341,0.214348471260202,1.0,1.0,1.0,0.21434847126020182,0.14413424873963415,0.680331376164056,1.0,0.680331376164056,0.14413424873963407,0.03062391083325789,0.14413424873963407,0.21434847126020198,0.14413424873963404,0.030623910833257873
500,0.006323449865206597,0.003993610824875457,0.006323449865206597,0.022978331003001323,0.0011572902608779161,0.0003,960,4,0.005161665596095892,1.2687614468367587,0.03614854904945261,0.030623910833255167,0.14413424873962624,0.21434847126018797,0.14413424873962624,0.030623910833255157,0.14413424873962624,0.6803313761640493,1.0,0.6803313761640493,0.1441342487396262,0.21434847126018805,1.0,1.0,1.0,0.21434847126018786,0.14413424873962624,0.6803313761640493,1.0,0.6803313761640493,0.14413424873962616,0.030623910833255157,0.14413424873962616,0.21434847126018802,0.14413424873962613,0.03062391083325514
